npi,first_name,minit,last_name,address1,city,state,zip,specialty,degree,can_share,can_contact,bzs_hcp_priority,neurexa_target
0000321165,HCP00001,,Prescriber1165,1265 Main St,Atlanta,GA,30322,IM,MD,Y,Y,,Y
0001521989,HCP00002,,Prescriber1989,2089 Main St,Salina,KS,67401,CHN,MD,Y,Y,,Y
0001737045,HCP00003,,Prescriber7045,7145 Main St,Tallahassee,FL,32308,FM,MD,Y,Y,,Y
0002133887,HCP00004,,Prescriber3887,3987 Main St,Henrico,VA,23233,PD,NP,Y,Y,,Y
0002199372,Ruben,H,Garcia,2141 Kirkwood Blvd,Southlake,TX,76092,P,DO,Y,Y,A,
0003207926,HCP00005,,Prescriber7926,8026 Main St,Huntsville,AL,35801,N,MD,Y,Y,,Y
0003257224,HCP00006,,Prescriber7224,7324 Main St,Houston,TX,77030,EM,MD,Y,Y,,Y
0004288386,Amanda,J,Hammond,3101 S Austin Ave,Tulsa,OK,74136,P,MD,Y,Y,A,
0006351692,HCP00007,,Prescriber1692,1792 Main St,Houston,TX,77030,DEN,DDS,Y,Y,,Y
0006446625,HCP00008,,Prescriber6625,6725 Main St,Norfolk,VA,23507,P,MD,Y,Y,,Y
0006930215,HCP00009,,Prescriber0215,315 Main St,Chicago,IL,60612,PER,DDS,Y,Y,,Y
0007721492,HCP00010,,Prescriber1492,1592 Main St,Houston,TX,77030,DEN,DDS,Y,Y,,Y
0009357987,HCP00011,,Prescriber7987,8087 Main St,Houston,TX,77030,FM,NP,Y,Y,,Y
0010118688,HCP00012,,Prescriber8688,8788 Main St,Houston,TX,77030,TS,MD,Y,Y,,Y
0010283468,HCP00013,,Prescriber3468,3568 Main St,Houston,TX,77030,FM,NP,Y,Y,,Y
0010863175,HCP00014,,Prescriber3175,3275 Main St,Orlando,FL,32835,IM,MD,Y,Y,,Y
0011157287,HCP00015,,Prescriber7287,7387 Main St,Houston,TX,77030,HOS,MD,Y,Y,,Y
0011435266,HCP00016,,Prescriber5266,5366 Main St,New York,NY,10016,DEN,DMD,Y,Y,,Y
0011496447,Derrick,K,Williams,12065 Old Meridian St Ste 100,Carmel,IN,46032,PD,MD,Y,Y,C,
0012270174,HCP00017,,Prescriber0174,274 Main St,Atlanta,GA,30319,IM,MD,Y,Y,,Y
0012487791,HCP00018,,Prescriber7791,7891 Main St,Follansbee,WV,26037,FM,DO,Y,Y,,Y
0012987774,HCP00019,,Prescriber7774,7874 Main St,Evansville,IN,47712,FM,MD,Y,Y,,Y
0014370537,HCP00020,,Prescriber0537,637 Main St,Charlotte,NC,28211,P,NP,Y,Y,,Y
0014459073,HCP00021,,Prescriber9073,173 Main St,Morehead City,NC,28557,GP,PA,Y,Y,,Y
0014880712,HCP00022,,Prescriber0712,812 Main St,Houston,TX,77030,P,MD,Y,Y,,Y
0015365018,Michael,,Jones,5408 NW 88th St Ste 140,Davenport,IA,52804,P,NP,Y,Y,A,
0016229632,HCP00023,,Prescriber9632,732 Main St,Houston,TX,77030,PD,NP,Y,Y,,Y
0016305798,HCP00024,,Prescriber5798,5898 Main St,Houston,TX,77030,PM,MD,Y,Y,,Y
0017070996,HCP00025,,Prescriber0996,1096 Main St,Kannapolis,NC,28081,FM,MD,Y,Y,,Y
0017210673,HCP00026,,Prescriber0673,773 Main St,Seaford,NY,11783,PD,DO,Y,Y,,Y
0017844437,HCP00027,,Prescriber4437,4537 Main St,New York,NY,10282,P,MD,Y,Y,,Y
0018400106,HCP00028,,Prescriber0106,206 Main St,Spring,TX,77382,FM,DO,Y,Y,,Y
0018755749,Tony,M,Crane,4775 Knightsbridge Blvd Ste 207,Columbus,OH,43214,PD,MD,Y,Y,C,
0018882333,HCP00029,,Prescriber2333,2433 Main St,Pensacola,FL,32504,IM,MD,Y,Y,,Y
0018942361,HCP00030,,Prescriber2361,2461 Main St,Charleston,SC,29425,PD,NP,Y,Y,,Y
0019378473,HCP00031,,Prescriber8473,8573 Main St,Chicago,IL,60612,GP,NP,Y,Y,,Y
0020095478,HCP00032,,Prescriber5478,5578 Main St,Waukee,IA,50263,PD,MD,Y,Y,,Y
0020771562,HCP00033,,Prescriber1562,1662 Main St,Fishers,IN,46038,IM,MD,Y,Y,,Y
0021015839,HCP00034,,Prescriber5839,5939 Main St,Seaford,NY,11783,PD,NP,Y,Y,,Y
0021166901,HCP00035,,Prescriber6901,7001 Main St,Pittsburgh,PA,15241,FM,NP,Y,Y,,Y
0021361238,HCP00036,,Prescriber1238,1338 Main St,Houston,TX,77030,FM,RN,Y,Y,,Y
0021646406,Tyler,T,Washington,1464 5th Ave,Bay Shore,NY,11706,PD,NP,Y,Y,,Y
0021776817,HCP00037,,Prescriber6817,6917 Main St,Vernon Hills,IL,60061,P,MD,Y,Y,,Y
0021930023,Zachary,B,Johnson,261 James St Ste 1G,Morristown,NJ,07960,PD,DO,Y,Y,,Y
0023753004,HCP00038,,Prescriber3004,3104 Main St,Indianapolis,IN,46202,FM,NP,Y,Y,,Y
0025254691,HCP00039,,Prescriber4691,4791 Main St,Phoenix,AZ,85016,GP,PA,Y,Y,,Y
0025683972,HCP00040,,Prescriber3972,4072 Main St,Lawrence,KS,66044,FM,MD,Y,Y,,Y
0026237458,Antonio,J,Glover,1140 Brampton Ave,Statesboro,GA,30458,FM,MD,Y,Y,C,
0026886069,HCP00041,,Prescriber6069,6169 Main St,Charleston,SC,29406,PD,MD,Y,Y,,Y
0027007991,HCP00042,,Prescriber7991,8091 Main St,Saint Louis,MO,63110,FM,DO,Y,Y,,Y
0028059347,HCP00043,,Prescriber9347,447 Main St,Muncie,IN,47305,PD,NP,Y,Y,,Y
0028248759,Richard,,Walker,1000 Montauk Hwy,West Islip,NY,11795,PD,MD,Y,Y,,Y
0029301279,HCP00044,,Prescriber1279,1379 Main St,Chicago,IL,60612,IM,DO,Y,Y,,Y
0029311023,Pamela,J,Watson,11050 Crabapple Rd Ste 104B,Roswell,GA,30075,IM,MD,Y,Y,A,
0029621866,HCP00045,,Prescriber1866,1966 Main St,Myrtle Beach,SC,29579,GP,NP,Y,Y,,Y
0029889585,Rebecca,S,Anderson,1845 Lockeway Dr Ste 404,Alpharetta,GA,30004,FM,MD,Y,Y,C,
0029939389,HCP00046,,Prescriber9389,489 Main St,Saint Louis,MO,63110,DR,MD,Y,Y,,Y
0030228475,HCP00047,,Prescriber8475,8575 Main St,New Orleans,LA,70115,PD,MD,Y,Y,,Y
0030264908,HCP00048,,Prescriber4908,5008 Main St,Houston,TX,77030,FM,MD,Y,Y,,Y
0030504381,HCP00049,,Prescriber4381,4481 Main St,Terre Haute,IN,47807,GP,MD,Y,Y,,Y
0031487111,HCP00050,,Prescriber7111,7211 Main St,New York,NY,10016,FM,NP,Y,Y,,Y
0032042431,HCP00051,,Prescriber2431,2531 Main St,Raleigh,NC,27607,P,PA,Y,Y,,Y
0032272578,HCP00052,,Prescriber2578,2678 Main St,Atlanta,GA,30322,CD,DO,Y,Y,,Y
0032707057,HCP00053,,Prescriber7057,7157 Main St,Phoenix,AZ,85016,PM,MD,Y,Y,,Y
0032936531,HCP00054,,Prescriber6531,6631 Main St,Atlanta,GA,30322,GP,PA,Y,Y,,Y
0033122336,HCP00055,,Prescriber2336,2436 Main St,Bristol,PA,19007,P,NP,Y,Y,,Y
0033254204,Margaret,N,Harper,1528 Walnut St Ste 950,Philadelphia,PA,19102,GP,PA,Y,Y,B,
0033844593,Stanley,J,Heath,1952 McDowell Rd Ste 305,Naperville,IL,60563,P,PA,Y,Y,B,
0035057171,HCP00056,,Prescriber7171,7271 Main St,Buford,GA,30518,FM,DO,Y,Y,,Y
0035129621,Christopher,,Wilson,652 E Sandy Lake Rd,Coppell,TX,75019,PD,MD,Y,Y,A,Y
0035600713,HCP00057,,Prescriber0713,813 Main St,Rockwall,TX,75087,PD,MD,Y,Y,,Y
0036249846,HCP00058,,Prescriber9846,946 Main St,Atlanta,GA,30322,AN,MD,Y,Y,,Y
0036648486,HCP00059,,Prescriber8486,8586 Main St,Cincinnati,OH,45247,PD,MD,Y,Y,,Y
0036716107,HCP00060,,Prescriber6107,6207 Main St,Houston,TX,77030,OBG,NP,Y,Y,,Y
0036923484,Thomas,,Stephens,505 W 168th St,New York,NY,10032,PD,MD,Y,Y,,
0036924883,HCP00061,,Prescriber4883,4983 Main St,State College,PA,16803,IM,MD,Y,Y,,Y
0037911054,HCP00062,,Prescriber1054,1154 Main St,Kent,OH,44240,PD,MD,Y,Y,,Y
0038546903,HCP00063,,Prescriber6903,7003 Main St,Houston,TX,77030,POD,DPM,Y,Y,,Y
0038585577,HCP00064,,Prescriber5577,5677 Main St,Covington,LA,70433,PD,MD,Y,Y,,Y
0038875121,HCP00065,,Prescriber5121,5221 Main St,Saint Louis,MO,63109,PD,MD,Y,Y,,Y
0039233027,HCP00066,,Prescriber3027,3127 Main St,Houston,TX,77030,APM,MD,Y,Y,,Y
0040260098,HCP00067,,Prescriber0098,198 Main St,Houston,TX,77030,P,PA,Y,Y,,Y
0041680308,HCP00068,,Prescriber0308,408 Main St,New York,NY,10016,GP,PVN,Y,Y,,Y
0042252855,HCP00069,,Prescriber2855,2955 Main St,Houston,TX,77030,IM,MD,Y,Y,,Y
0042293523,HCP00070,,Prescriber3523,3623 Main St,Charleston,SC,29425,RHU,MD,Y,Y,,Y
0042422898,HCP00071,,Prescriber2898,2998 Main St,Chapel Hill,NC,27514,P,MD,Y,Y,,Y
0043182979,HCP00072,,Prescriber2979,3079 Main St,Phoenix,AZ,85016,CD,MD,Y,Y,,Y
0044115950,HCP00073,,Prescriber5950,6050 Main St,Canton,OH,44718,P,NP,Y,Y,,Y
0044307700,HCP00074,,Prescriber7700,7800 Main St,Saint Augustine,FL,32095,FM,MD,Y,Y,,Y
0044956895,HCP00075,,Prescriber6895,6995 Main St,Round Rock,TX,78664,P,MD,Y,Y,,Y
0046127161,Theresa,C,Hill,131 Kercheval Ave Ste 390,Grosse Pointe Farms,MI,48236,P,PA,Y,Y,A,
0046170293,HCP00076,,Prescriber0293,393 Main St,Lebanon,TN,37087,PD,NP,Y,Y,,Y
0046204435,HCP00077,,Prescriber4435,4535 Main St,Houston,TX,77030,EM,NP,Y,Y,,Y
0046523921,Casey,A,Cortez,1204 NW 69th Ter Ste F,Gainesville,FL,32601,CHP,MD,Y,Y,B,
0046543708,John,W,Foster,811 Ira E Woods Ave,Grapevine,TX,76051,PD,MD,Y,Y,A,Y
0047022551,HCP00078,,Prescriber2551,2651 Main St,Hamilton,OH,45011,ADL,MD,Y,Y,,Y
0047309909,HCP00079,,Prescriber9909,1009 Main St,San Francisco,CA,94105,GP,PA,Y,Y,,Y
0047645305,HCP00080,,Prescriber5305,5405 Main St,Lexington,KY,40503,PD,DO,Y,Y,,Y
0047772479,HCP00081,,Prescriber2479,2579 Main St,Raleigh,NC,27606,P,PA,Y,Y,,Y
0048976049,Anthony,V,Williams,13611 Skinner Rd,Cypress,TX,77429,PD,MD,Y,Y,,Y
0049058719,HCP00082,,Prescriber8719,8819 Main St,Mammoth Spring,AR,72554,P,NP,Y,Y,,Y
0049167308,Darren,S,Hanna,370 Minorca Ave Fl 2,Coral Gables,FL,33134,GP,NP,Y,Y,,Y
0049721033,HCP00083,,Prescriber1033,1133 Main St,Hattiesburg,MS,39401,PD,MD,Y,Y,,Y
0050150391,George,D,Kane,1616 Evans Rd Ste 203,Cary,NC,27518,P,NP,Y,Y,B,
0050224659,Ann,A,Hill,210 Ark Rd Ste 109,Mount Laurel,NJ,08054,AI,MD,Y,Y,,Y
0050955796,Melody,L,Walls,234 E 149th St,Bronx,NY,10451,PD,MD,Y,Y,,
0050978812,HCP00084,,Prescriber8812,8912 Main St,Chantilly,VA,20152,DEN,DDS,Y,Y,,Y
0051158044,HCP00085,,Prescriber8044,8144 Main St,Chicago,IL,60612,FM,NP,Y,Y,,Y
0051799798,HCP00086,,Prescriber9798,898 Main St,Houston,TX,77030,PD,MD,Y,Y,,Y
0052248127,HCP00087,,Prescriber8127,8227 Main St,Durham,NC,27704,P,NP,Y,Y,,Y
0052521978,Charlene,M,Carrillo,136 Coburn Ln,Somerset,NJ,08873,P,NP,Y,Y,C,
0052595507,HCP00088,,Prescriber5507,5607 Main St,Houston,TX,77030,PD,MD,Y,Y,,Y
0052674228,HCP00089,,Prescriber4228,4328 Main St,Mesa,AZ,85206,PMD,NP,Y,Y,,Y
0053019564,HCP00090,,Prescriber9564,664 Main St,Atlanta,GA,30322,FM,MD,Y,Y,,Y
0053024658,HCP00091,,Prescriber4658,4758 Main St,Pittsburg,KS,66762,P,NP,Y,Y,,Y
0053169032,HCP00092,,Prescriber9032,132 Main St,Owensboro,KY,42301,P,MD,Y,Y,,Y
0054664814,HCP00093,,Prescriber4814,4914 Main St,Dallas,TX,75390,CHP,MD,Y,Y,,Y
0055073715,HCP00094,,Prescriber3715,3815 Main St,Houston,TX,77030,P,MD,Y,Y,,Y
0056540774,HCP00095,,Prescriber0774,874 Main St,Miami,FL,33136,DEN,DMD,Y,Y,,Y
0056627340,HCP00096,,Prescriber7340,7440 Main St,Ponte Vedra,FL,32081,PD,MD,Y,Y,,Y
0057130090,HCP00097,,Prescriber0090,190 Main St,Houston,TX,77030,GE,DO,Y,Y,,Y
0057523380,Thomas,M,Carpenter,1100 Northmeadow Pkwy Ste 108,Roswell,GA,30076,PD,MD,Y,Y,C,
0057605286,HCP00098,,Prescriber5286,5386 Main St,Houston,TX,77030,IM,MD,Y,Y,,Y
0057887056,HCP00099,,Prescriber7056,7156 Main St,New City,NY,10956,IM,MD,Y,Y,,Y
0058645142,HCP00100,,Prescriber5142,5242 Main St,Houston,TX,77030,GP,PA,Y,Y,,Y
0061637428,Ronald,,Morales,8823 San Jose Blvd Ste 301,Jacksonville,FL,32217,CHP,MD,Y,Y,A,
0061879622,Jessica,K,Huff,1 Neperan Rd Ste 206,Tarrytown,NY,10591,CHP,MD,Y,Y,B,
0062020043,HCP00101,,Prescriber0043,143 Main St,Ridgeland,MS,39157,IM,MD,Y,Y,,Y
0062484603,HCP00102,,Prescriber4603,4703 Main St,Due West,SC,29639,FM,NP,Y,Y,,Y
0063942575,HCP00103,,Prescriber2575,2675 Main St,Houston,TX,77030,GP,NP,Y,Y,,Y
0064123442,HCP00104,,Prescriber3442,3542 Main St,Evans,GA,30809,FM,MD,Y,Y,,Y
0064304645,HCP00105,,Prescriber4645,4745 Main St,Houston,TX,77030,AC,NP,Y,Y,,Y
0064431822,HCP00106,,Prescriber1822,1922 Main St,Columbus,OH,43210,P,MD,Y,Y,,Y
0064994646,HCP00107,,Prescriber4646,4746 Main St,Macon,GA,31210,PD,MD,Y,Y,,Y
0066159865,HCP00108,,Prescriber9865,965 Main St,Miami,FL,33136,P,NP,Y,Y,,Y
0066264292,HCP00109,,Prescriber4292,4392 Main St,Houston,TX,77030,CHN,MD,Y,Y,,Y
0066268339,HCP00110,,Prescriber8339,8439 Main St,Annapolis,MD,21401,FM,NP,Y,Y,,Y
0066455152,HCP00111,,Prescriber5152,5252 Main St,Durham,NC,27705,AN,NP,Y,Y,,Y
0066541324,HCP00112,,Prescriber1324,1424 Main St,Prince George,VA,23875,FM,NP,Y,Y,,Y
0066759783,Michael,A,Barron,2 Wheeler St,Savannah,GA,31405,PD,MD,N,N,B,
0066780501,HCP00113,,Prescriber0501,601 Main St,Houston,TX,77030,FM,NP,Y,Y,,Y
0067047100,HCP00114,,Prescriber7100,7200 Main St,Hickory,NC,28601,PD,MD,Y,Y,,Y
0067379354,HCP00115,,Prescriber9354,454 Main St,Houston,TX,77030,FM,MD,Y,Y,,Y
0067425059,HCP00116,,Prescriber5059,5159 Main St,Ames,IA,50010,IM,MD,Y,Y,,Y
0067558128,HCP00117,,Prescriber8128,8228 Main St,Cleveland,OH,44195,GER,NP,Y,Y,,Y
0067621269,HCP00118,,Prescriber1269,1369 Main St,Houston,TX,77030,P,MD,Y,Y,,Y
0067644691,HCP00119,,Prescriber4691,4791 Main St,Phoenix,AZ,85018,PD,MD,Y,Y,,Y
0067658936,HCP00120,,Prescriber8936,9036 Main St,Houston,TX,77030,PS,MD,Y,Y,,Y
0068138743,HCP00121,,Prescriber8743,8843 Main St,Los Angeles,CA,90095,A,MD,Y,Y,,Y
0068529876,HCP00122,,Prescriber9876,976 Main St,Saint Louis,MO,63117,FM,NP,Y,Y,,Y
0069072576,HCP00123,,Prescriber2576,2676 Main St,Houston,TX,77030,HOS,DO,Y,Y,,Y
0069453101,HCP00124,,Prescriber3101,3201 Main St,Bradenton,FL,34202,HOS,DO,Y,Y,,Y
0069857724,HCP00125,,Prescriber7724,7824 Main St,Henrico,VA,23233,PD,NP,Y,Y,,Y
0070061827,Daisy,E,Myers,303 E 83rd St Apt 23D,New York,NY,10028,CHP,MD,Y,Y,C,
0070493251,HCP00126,,Prescriber3251,3351 Main St,Buffalo Grove,IL,60089,IM,MD,Y,Y,,Y
0071370001,HCP00127,,Prescriber0001,101 Main St,New York,NY,10065,P,DO,Y,Y,,Y
0071783644,HCP00128,,Prescriber3644,3744 Main St,Jackson,MS,39216,OBG,MD,Y,Y,,Y
0072261416,HCP00129,,Prescriber1416,1516 Main St,Loxahatchee,FL,33470,GER,NP,Y,Y,,Y
0072292136,HCP00130,,Prescriber2136,2236 Main St,Phoenix,AZ,85016,GS,PA,Y,Y,,Y
0072548739,Sheri,B,Peterson,702 W Alto Rd,Indianapolis,IN,46268,P,NP,Y,Y,A,
0072650504,HCP00131,,Prescriber0504,604 Main St,Houston,TX,77030,NPM,MD,Y,Y,,Y
0073603442,HCP00132,,Prescriber3442,3542 Main St,Houston,TX,77030,FM,NP,Y,Y,,Y
0074172601,HCP00133,,Prescriber2601,2701 Main St,Houston,TX,77030,GP,PA,Y,Y,,Y
0074278714,HCP00134,,Prescriber8714,8814 Main St,Baldwin City,KS,66006,FM,MD,Y,Y,,Y
0074294307,HCP00135,,Prescriber4307,4407 Main St,Clifton Park,NY,12065,PD,PA,Y,Y,,Y
0074819710,HCP00136,,Prescriber9710,810 Main St,Erie,PA,16505,FM,NP,Y,Y,,Y
0075429770,HCP00137,,Prescriber9770,870 Main St,Durham,NC,27705,D,MD,Y,Y,,Y
0076373270,Samuel,A,Miller,32 Franklin St,Tenafly,NJ,07670,PD,MD,Y,N,,Y
0076457976,Kara,S,Molina,900 Technology Way Ste 320,Libertyville,IL,60048,P,MD,Y,Y,C,
0076465629,HCP00138,,Prescriber5629,5729 Main St,Clearfield,UT,84015,GP,NP,Y,Y,,Y
0076920675,HCP00139,,Prescriber0675,775 Main St,Richmond,VA,23298,CHN,NP,Y,Y,,Y
0077042754,HCP00140,,Prescriber2754,2854 Main St,Chicago,IL,60611,CHP,MD,Y,Y,,Y
0078365305,HCP00141,,Prescriber5305,5405 Main St,Houston,TX,77030,FM,MD,Y,Y,,Y
0079197416,HCP00142,,Prescriber7416,7516 Main St,Knoxville,TN,37919,FM,NP,Y,Y,,Y
0079729260,HCP00143,,Prescriber9260,360 Main St,Greer,SC,29650,PD,MD,Y,Y,,Y
0080390630,HCP00144,,Prescriber0630,730 Main St,Richmond,VA,23298,IM,MD,Y,Y,,Y
0080908926,HCP00145,,Prescriber8926,9026 Main St,Goldsboro,NC,27534,FM,NP,Y,Y,,Y
0081000583,HCP00146,,Prescriber0583,683 Main St,Franklin,TN,37067,P,MD,Y,Y,,Y
0084529167,HCP00147,,Prescriber9167,267 Main St,Houston,TX,77030,P,MD,Y,Y,,Y
0084810722,HCP00148,,Prescriber0722,822 Main St,El Paso,TX,79925,FM,MD,Y,Y,,Y
0085537900,HCP00149,,Prescriber7900,8000 Main St,Tyler,TX,75708,P,MD,Y,Y,,Y
0087528299,HCP00150,,Prescriber8299,8399 Main St,Houston,TX,77079,P,MD,Y,Y,,Y
0087532633,HCP00151,,Prescriber2633,2733 Main St,Atlanta,GA,30322,GP,MD,Y,Y,,Y
0089265946,HCP00152,,Prescriber5946,6046 Main St,Overland Park,KS,66223,PD,MD,Y,Y,,Y
0089476616,Kathleen,I,Freeman MD,4600 Green Bay Rd,Waukegan,IL,60085,PM,PA,Y,Y,C,
0090518281,HCP00153,,Prescriber8281,8381 Main St,Houston,TX,77030,PD,APRN,Y,Y,,Y
0090760648,HCP00154,,Prescriber0648,748 Main St,Houston,TX,77030,P,APRN,Y,Y,,Y
0091459535,HCP00155,,Prescriber9535,635 Main St,Cleveland,OH,44195,DEN,DDS,Y,Y,,Y
0091867542,HCP00156,,Prescriber7542,7642 Main St,New Orleans,LA,70123,PD,MD,Y,Y,,Y
0092705312,HCP00157,,Prescriber5312,5412 Main St,Knoxville,TN,37918,FM,NP,Y,Y,,Y
0092829027,HCP00158,,Prescriber9027,127 Main St,Houston,TX,77030,OBG,MD,Y,Y,,Y
0092926975,HCP00159,,Prescriber6975,7075 Main St,Destrehan,LA,70047,PD,MD,Y,Y,,Y
0093753102,HCP00160,,Prescriber3102,3202 Main St,Houston,TX,77030,GER,NP,Y,Y,,Y
0094915851,HCP00161,,Prescriber5851,5951 Main St,Towson,MD,21286,P,NP,Y,Y,,Y
0094948180,HCP00162,,Prescriber8180,8280 Main St,Houston,TX,77030,PD,MD,Y,Y,,Y
0095419087,HCP00163,,Prescriber9087,187 Main St,Houston,TX,77030,PMD,MD,Y,Y,,Y
0095525041,HCP00164,,Prescriber5041,5141 Main St,Houston,TX,77030,CD,MD,Y,Y,,Y
0095662265,HCP00165,,Prescriber2265,2365 Main St,Houston,TX,77030,FM,NP,Y,Y,,Y
0096921423,HCP00166,,Prescriber1423,1523 Main St,Louisville,KY,40202,IM,HBP,Y,Y,,Y
0097337126,HCP00167,,Prescriber7126,7226 Main St,Shelby,NC,28150,P,NP,Y,Y,,Y
0097501306,HCP00168,,Prescriber1306,1406 Main St,Houston,TX,77030,DEN,DDS,Y,Y,,Y
0097523005,HCP00169,,Prescriber3005,3105 Main St,Rock Hill,SC,29732,P,MD,Y,Y,,Y
0098368369,HCP00170,,Prescriber8369,8469 Main St,Phoenix,AZ,85016,EM,DO,Y,Y,,Y
0098699290,HCP00171,,Prescriber9290,390 Main St,Union,MO,63084,IM,MD,Y,Y,,Y
0099203878,HCP00172,,Prescriber3878,3978 Main St,Chandler,AZ,85224,P,NP,Y,Y,,Y
0100833626,Laurie,M,Gonzalez,4905 S 107th Ave Ste 200,Omaha,NE,68130,P,NP,Y,Y,B,
0100992956,HCP00173,,Prescriber2956,3056 Main St,Durham,NC,27705,P,MD,Y,Y,,Y
0101279090,HCP00174,,Prescriber9090,190 Main St,Louisville,KY,40202,FM,MD,Y,Y,,Y
0102637020,Carlos,,White,1100 Southfield Dr Ste 1205,Plainfield,IN,46168,P,NP,Y,Y,A,
0102966238,HCP00175,,Prescriber6238,6338 Main St,Ravenna,OH,44266,P,APRN,Y,Y,,Y
0103708015,HCP00176,,Prescriber8015,8115 Main St,Richmond,VA,23298,FM,NP,Y,Y,,Y
0103710361,HCP00177,,Prescriber0361,461 Main St,Houston,TX,77030,PD,MD,Y,Y,,Y
0103977188,HCP00178,,Prescriber7188,7288 Main St,Trenton,MI,48183,IM,DO,Y,Y,,Y
0104708035,HCP00179,,Prescriber8035,8135 Main St,Phoenix,AZ,85016,PD,MD,Y,Y,,Y
0105386863,Sarah,D,Bell,18676 US Highway 17 Ste 2,Hampstead,NC,28443,P,NP,Y,Y,A,
0105778864,Jose,B,Good,7714 Conner Rd Ste 101,Powell,TN,37849,PD,NP,Y,Y,B,
0106078980,HCP00180,,Prescriber8980,9080 Main St,Miami,FL,33136,FM,DO,Y,Y,,Y
0106385973,HCP00181,,Prescriber5973,6073 Main St,Augusta,GA,30912,PD,MD,Y,Y,,Y
0106422632,HCP00182,,Prescriber2632,2732 Main St,Prince Frederick,MD,20678,IM,MD,Y,Y,,Y
0106582307,HCP00183,,Prescriber2307,2407 Main St,San Antonio,TX,78249,CHN,MD,Y,Y,,Y
0106962220,HCP00184,,Prescriber2220,2320 Main St,Atlanta,GA,30322,HEM,NP,Y,Y,,Y
0107539637,HCP00185,,Prescriber9637,737 Main St,Houston,TX,77030,PTH,MD,Y,Y,,Y
0107610757,HCP00186,,Prescriber0757,857 Main St,Chicago,IL,60612,FM,NP,Y,Y,,Y
0107847653,HCP00187,,Prescriber7653,7753 Main St,Houston,TX,77030,PD,NP,Y,Y,,Y
0107935728,HCP00188,,Prescriber5728,5828 Main St,Phoenix,AZ,85016,N,MD,Y,Y,,Y
0108254545,Christine,R,Holloway,142 Milestone Way,Greenville,SC,29615,FM,NP,Y,Y,A,
0108471083,HCP00189,,Prescriber1083,1183 Main St,Patchogue,NY,11772,N,NP,Y,Y,,Y
0108855396,HCP00190,,Prescriber5396,5496 Main St,Wichita,KS,67212,FM,MD,Y,Y,,Y
0109094919,HCP00191,,Prescriber4919,5019 Main St,Houston,TX,77030,PD,MD,Y,Y,,Y
0109732186,HCP00192,,Prescriber2186,2286 Main St,Billings,MT,59101,P,NP,Y,Y,,Y
0110155362,HCP00193,,Prescriber5362,5462 Main St,Cypress,TX,77433,P,NP,Y,Y,,Y
0111820247,HCP00194,,Prescriber0247,347 Main St,Raleigh,NC,27617,P,PA,Y,Y,,Y
0112117668,Eric,M,Bray,251 Najoles Rd Ste E,Millersville,MD,21108,PD,MD,Y,Y,B,Y
0112219397,HCP00195,,Prescriber9397,497 Main St,Birmingham,AL,35233,DR,MD,Y,Y,,Y
0112443607,HCP00196,,Prescriber3607,3707 Main St,Mooresville,NC,28117,GP,NP,Y,Y,,Y
0112470064,HCP00197,,Prescriber0064,164 Main St,Blackshear,GA,31516,FM,MD,Y,Y,,Y
0112473801,HCP00198,,Prescriber3801,3901 Main St,Houston,TX,77030,NS,MD,Y,Y,,Y
0114194755,HCP00199,,Prescriber4755,4855 Main St,Houston,TX,77030,P,NP,Y,Y,,Y
0115411588,HCP00200,,Prescriber1588,1688 Main St,Philadelphia,PA,19107,ORS,MD,Y,Y,,Y
0115541420,Daniel,E,Smith,22 Court St,Freehold,NJ,07728,P,NP,Y,Y,C,
0116001899,HCP00201,,Prescriber1899,1999 Main St,Kenner,LA,70065,PD,MD,Y,Y,,Y
0116078815,HCP00202,,Prescriber8815,8915 Main St,Syracuse,NY,13212,PD,MD,Y,Y,,Y
0116265190,John,E,Lee,2630 E 7th St Ste 101,Charlotte,NC,28204,PD,MD,Y,Y,,Y
0116449449,HCP00203,,Prescriber9449,549 Main St,Portage,MI,49024,PD,MD,Y,Y,,Y
0116647183,HCP00204,,Prescriber7183,7283 Main St,Miami,FL,33136,DR,MD,Y,Y,,Y
0117128641,HCP00205,,Prescriber8641,8741 Main St,Houston,TX,77030,FM,PA,Y,Y,,Y
0117256928,HCP00206,,Prescriber6928,7028 Main St,Huntersville,NC,28078,FM,MD,Y,Y,,Y
0118549746,HCP00207,,Prescriber9746,846 Main St,Louisville,KY,40202,FM,NP,Y,Y,,Y
0119118729,HCP00208,,Prescriber8729,8829 Main St,Williamston,SC,29697,PD,PA,Y,Y,,Y
0119408734,HCP00209,,Prescriber8734,8834 Main St,Phoenix,AZ,85016,GE,DO,Y,Y,,Y
0119819097,HCP00210,,Prescriber9097,197 Main St,Lafayette,LA,70508,FM,MD,Y,Y,,Y
0120711188,HCP00211,,Prescriber1188,1288 Main St,Nashville,TN,37212,P,NP,Y,Y,,Y
0120785750,Rebecca,A,Harris,900 E Southlake Blvd Ste 300,Southlake,TX,76092,A,MD,Y,Y,,Y
0121336135,HCP00212,,Prescriber6135,6235 Main St,Houston,TX,77030,HOS,MD,Y,Y,,Y
0121509506,HCP00213,,Prescriber9506,606 Main St,Atlanta,GA,30324,CHP,MD,Y,Y,,Y
0122305983,HCP00214,,Prescriber5983,6083 Main St,Omaha,NE,68124,P,MD,Y,Y,,Y
0122822814,HCP00215,,Prescriber2814,2914 Main St,Houston,TX,77030,GS,PA,Y,Y,,Y
0123860839,HCP00216,,Prescriber0839,939 Main St,O Fallon,MO,63366,FM,MD,Y,Y,,Y
0124392348,HCP00217,,Prescriber2348,2448 Main St,Newark,OH,43055,GER,MD,Y,Y,,Y
0124856563,HCP00218,,Prescriber6563,6663 Main St,Chicago,IL,60612,FM,NP,Y,Y,,Y
0125451946,HCP00219,,Prescriber1946,2046 Main St,Chicago,IL,60611,P,PA,Y,Y,,Y
0125751305,HCP00220,,Prescriber1305,1405 Main St,Crofton,MD,21114,PD,NP,Y,Y,,Y
0125831966,HCP00221,,Prescriber1966,2066 Main St,Cumming,GA,30040,PD,MD,Y,Y,,Y
0126072758,HCP00222,,Prescriber2758,2858 Main St,Suwanee,GA,30024,PD,MD,Y,Y,,Y
0126093797,Dr.,L,Sonya Jackson,4500 Fort Jackson Blvd Ste 270,Columbia,SC,29206,P,DO,Y,Y,B,
0126487994,HCP00223,,Prescriber7994,8094 Main St,Houston,TX,77030,OBG,NP,Y,Y,,Y
0126775139,HCP00224,,Prescriber5139,5239 Main St,Chicago,IL,60612,GP,MD,Y,Y,,Y
0127299216,HCP00225,,Prescriber9216,316 Main St,Phoenix,AZ,85016,PD,MD,Y,Y,,Y
0127505545,HCP00226,,Prescriber5545,5645 Main St,Houston,TX,77030,GP,PA,Y,Y,,Y
0127861816,HCP00227,,Prescriber1816,1916 Main St,Olathe,KS,66061,P,NP,Y,Y,,Y
0127896747,HCP00228,,Prescriber6747,6847 Main St,Chapel Hill,NC,27514,P,NP,Y,Y,,Y
0127937370,HCP00229,,Prescriber7370,7470 Main St,Houston,TX,77030,DBP,MD,Y,Y,,Y
0129592954,Mary,M,Hernandez,358 San Lorenzo Ave Ste 3230,Coral Gables,FL,33146,PD,MD,Y,Y,,Y
0129674444,HCP00230,,Prescriber4444,4544 Main St,Houston,TX,77054,P,MD,Y,Y,,Y
0130172091,HCP00231,,Prescriber2091,2191 Main St,Hoffman Estates,IL,60169,P,NP,Y,Y,,Y
0130708478,Kathryn,B,Young,2210 Jackson St,Anderson,IN,46016,P,NP,Y,Y,B,
0130875967,HCP00232,,Prescriber5967,6067 Main St,Houston,TX,77030,CD,MD,Y,Y,,Y
0131598410,Thomas,C,Waters,3945 San Jose Park Dr,Jacksonville,FL,32217,PD,MD,Y,Y,C,
0131964411,Sharon,M,Osborne,1504 Spring Hill Ave,Mobile,AL,36604,PD,MD,Y,Y,,Y
0132161762,Daniel,M,Dickerson,6331 Carmel Rd Ste 102,Charlotte,NC,28226,HOS,PA,Y,Y,,Y
0132189109,HCP00233,,Prescriber9109,209 Main St,Honolulu,HI,96814,GP,MD,Y,Y,,Y
0132620508,HCP00234,,Prescriber0508,608 Main St,Durham,NC,27705,GP,MD,Y,Y,,Y
0133527007,HCP00235,,Prescriber7007,7107 Main St,Houston,TX,77030,PD,MD,Y,Y,,Y
0133910175,Steven,A,Wright,3271 Clear Vista Ct NE,Grand Rapids,MI,49525,A,PA,Y,Y,,Y
0135438346,HCP00236,,Prescriber8346,8446 Main St,Miami,FL,33136,GYN,MD,Y,Y,,Y
0136985431,HCP00237,,Prescriber5431,5531 Main St,Westfield,IN,46074,FM,MD,Y,Y,,Y
0137133295,HCP00238,,Prescriber3295,3395 Main St,Houston,TX,77030,OSS,MD,Y,Y,,Y
0137479231,HCP00239,,Prescriber9231,331 Main St,Houston,TX,77030,PD,MD,Y,Y,,Y
0137625543,Morgan,J,Taylor,4043 S Route 59,Naperville,IL,60564,PD,MD,Y,Y,B,
0139102338,HCP00240,,Prescriber2338,2438 Main St,Louisville,KY,40216,FM,NP,Y,Y,,Y
0139716471,HCP00241,,Prescriber6471,6571 Main St,Houston,TX,77030,PMD,MD,Y,Y,,Y
0139891995,HCP00242,,Prescriber1995,2095 Main St,Carrollton,TX,75010,PD,MD,Y,Y,,Y
0140265386,HCP00243,,Prescriber5386,5486 Main St,Chicago,IL,60612,PTH,MD,Y,Y,,Y
0140785219,HCP00244,,Prescriber5219,5319 Main St,Houston,TX,77030,FSM,DO,Y,Y,,Y
0142339634,HCP00245,,Prescriber9634,734 Main St,Houston,TX,77030,FM,MD,Y,Y,,Y
0142465725,HCP00246,,Prescriber5725,5825 Main St,Houston,TX,77030,PD,MD,Y,Y,,Y
0142873772,HCP00247,,Prescriber3772,3872 Main St,Jenkintown,PA,19046,P,NP,Y,Y,,Y
0144181947,HCP00248,,Prescriber1947,2047 Main St,Sebastopol,MS,39359,PD,NP,Y,Y,,Y
0145211733,HCP00249,,Prescriber1733,1833 Main St,Mount Washington,KY,40047,PD,MD,Y,Y,,Y
0145886301,HCP00250,,Prescriber6301,6401 Main St,Baltimore,MD,21287,GP,OT,Y,Y,,Y
0146370930,HCP00251,,Prescriber0930,1030 Main St,Houston,TX,77098,P,MD,Y,Y,,Y
0146812983,HCP00252,,Prescriber2983,3083 Main St,Ganado,AZ,86505,FM,NP,Y,Y,,Y
0146899257,HCP00253,,Prescriber9257,357 Main St,Coppell,TX,75019,P,MD,Y,Y,,Y
0147004406,HCP00254,,Prescriber4406,4506 Main St,Beachwood,OH,44122,CHP,MD,Y,Y,,Y
0147106207,HCP00255,,Prescriber6207,6307 Main St,Omaha,NE,68198,AN,APRN,Y,Y,,Y
0147707702,Joshua,,Morris,10745 165th St,Orland Park,IL,60467,P,DO,Y,Y,B,
0149376839,HCP00256,,Prescriber6839,6939 Main St,Houston,TX,77030,PHM,PHAR,Y,Y,,Y
0149559173,Gabriella,S,Escobar,8029 Corporate Center Dr Ste 200,Charlotte,NC,28226,P,MD,Y,Y,A,
0150225016,Rachel,A,Anderson,2304 Delaney Ave,Wilmington,NC,28403,PD,MD,Y,Y,,Y
0151845220,HCP00257,,Prescriber5220,5320 Main St,Houston,TX,77030,DR,MD,Y,Y,,Y
0153374747,HCP00258,,Prescriber4747,4847 Main St,Philadelphia,PA,19104,FM,MD,Y,Y,,Y
0154011630,HCP00259,,Prescriber1630,1730 Main St,Pickerington,OH,43147,PD,MD,Y,Y,,Y
0154883359,HCP00260,,Prescriber3359,3459 Main St,Houston,TX,77030,HOS,NP,Y,Y,,Y
0155529841,HCP00261,,Prescriber9841,941 Main St,Houston,TX,77030,HOS,MD,Y,Y,,Y
0155996512,HCP00262,,Prescriber6512,6612 Main St,Houston,TX,77030,PD,MD,Y,Y,,Y
0156759404,HCP00263,,Prescriber9404,504 Main St,Houston,TX,77030,CRS,MD,Y,Y,,Y
0156975033,Ryan,H,Leon,615 S New Ballas Rd,Saint Louis,MO,63141,IM,DO,Y,Y,B,
0157187187,HCP00264,,Prescriber7187,7287 Main St,Chicago,IL,60625,P,MD,Y,Y,,Y
0157583058,HCP00265,,Prescriber3058,3158 Main St,Phoenix,AZ,85016,PD,MD,Y,Y,,Y
0157636813,HCP00266,,Prescriber6813,6913 Main St,Houston,TX,77030,FM,DO,Y,Y,,Y
0158375965,Holly,H,Adams,762 59th St Ste 7,Brooklyn,NY,11220,PD,MD,Y,Y,,Y
0158775479,HCP00267,,Prescriber5479,5579 Main St,Monroe,LA,71202,EM,MD,Y,Y,,Y
0159418310,HCP00268,,Prescriber8310,8410 Main St,Bronx,NY,10451,PD,MD,Y,Y,,Y
0159823649,HCP00269,,Prescriber3649,3749 Main St,Topeka,KS,66609,P,NP,Y,Y,,Y
0159869473,HCP00270,,Prescriber9473,573 Main St,Overland Park,KS,66213,IM,MD,Y,Y,,Y
0160133785,HCP00271,,Prescriber3785,3885 Main St,Houston,TX,77030,GP,RN,Y,Y,,Y
0160555039,HCP00272,,Prescriber5039,5139 Main St,Flower Mound,TX,75028,CHP,MD,Y,Y,,Y
0161421192,HCP00273,,Prescriber1192,1292 Main St,Columbus,GA,31909,PD,MD,Y,Y,,Y
0161876328,HCP00274,,Prescriber6328,6428 Main St,New Hyde Park,NY,11042,ADL,MD,Y,Y,,Y
0162061278,Crystal,C,Henderson,2363 N California Ave,Chicago,IL,60647,GP,PA,Y,Y,B,
0162491187,HCP00275,,Prescriber1187,1287 Main St,Houston,TX,77030,OBG,NP,Y,Y,,Y
0162989483,HCP00276,,Prescriber9483,583 Main St,Jamaica,NY,11435,GP,NP,Y,Y,,Y
0163334875,HCP00277,,Prescriber4875,4975 Main St,Houston,TX,77030,DEN,DDS,Y,Y,,Y
0163382330,HCP00278,,Prescriber2330,2430 Main St,Charleston,SC,29425,PG,MD,Y,Y,,Y
0164288163,HCP00279,,Prescriber8163,8263 Main St,Reading,PA,19606,PD,MD,Y,Y,,Y
0164352856,HCP00280,,Prescriber2856,2956 Main St,Houston,TX,77030,PD,RN,Y,Y,,Y
0165032158,HCP00281,,Prescriber2158,2258 Main St,Strongsville,OH,44136,PD,NP,Y,Y,,Y
0165675085,HCP00282,,Prescriber5085,5185 Main St,Independence,MO,64057,P,MD,Y,Y,,Y
0165957890,HCP00283,,Prescriber7890,7990 Main St,Houston,TX,77030,GE,MD,Y,Y,,Y
0166380274,HCP00284,,Prescriber0274,374 Main St,Smithtown,NY,11787,P,NP,Y,Y,,Y
0166456993,HCP00285,,Prescriber6993,7093 Main St,Frisco,TX,75034,PD,MD,Y,Y,,Y
0166507084,HCP00286,,Prescriber7084,7184 Main St,Houston,TX,77030,EM,NP,Y,Y,,Y
0166766235,HCP00287,,Prescriber6235,6335 Main St,Houston,TX,77030,EM,MD,Y,Y,,Y
0167574946,HCP00288,,Prescriber4946,5046 Main St,Houston,TX,77030,PN,MD,Y,Y,,Y
0167793680,HCP00289,,Prescriber3680,3780 Main St,Fairfax,VA,22030,P,NP,Y,Y,,Y
0167832466,HCP00290,,Prescriber2466,2566 Main St,Kissimmee,FL,34747,PD,MD,Y,Y,,Y
0168300202,HCP00291,,Prescriber0202,302 Main St,York,NE,68467,FM,MD,Y,Y,,Y
0168515224,HCP00292,,Prescriber5224,5324 Main St,Akron,OH,44308,PD,MD,Y,Y,,Y
0168878360,HCP00293,,Prescriber8360,8460 Main St,Houston,TX,77030,GP,PA,Y,Y,,Y
0168917057,Jerry,F,Collins,1455 Farr Rd,Norton Shores,MI,49444,PD,MD,Y,Y,,Y
0169445450,HCP00294,,Prescriber5450,5550 Main St,Atlanta,GA,30312,FM,MD,Y,Y,,Y
0169517673,HCP00295,,Prescriber7673,7773 Main St,Houston,TX,77030,AI,PA,Y,Y,,Y
0170209933,HCP00296,,Prescriber9933,1033 Main St,Houston,TX,77030,OBG,MD,Y,Y,,Y
0170703247,HCP00297,,Prescriber3247,3347 Main St,Houston,TX,77030,P,NP,Y,Y,,Y
0170706980,HCP00298,,Prescriber6980,7080 Main St,Houston,TX,77030,OBS,DO,Y,Y,,Y
0171273215,HCP00299,,Prescriber3215,3315 Main St,Tripler Army Medical Center,HI,96859,P,DO,Y,Y,,Y
0172442044,HCP00300,,Prescriber2044,2144 Main St,Houston,TX,77030,PD,MD,Y,Y,,Y
0172620598,HCP00301,,Prescriber0598,698 Main St,Houston,TX,77030,PD,RN,Y,Y,,Y
0172945500,HCP00302,,Prescriber5500,5600 Main St,Cleveland,OH,44195,FM,NP,Y,Y,,Y
0173235727,HCP00303,,Prescriber5727,5827 Main St,Pittsburgh,PA,15238,P,NP,Y,Y,,Y
0173259249,HCP00304,,Prescriber9249,349 Main St,Houston,TX,77030,HOS,MD,Y,Y,,Y
0173622416,HCP00305,,Prescriber2416,2516 Main St,Houston,TX,77030,PER,DDS,Y,Y,,Y
0175389685,HCP00306,,Prescriber9685,785 Main St,Indianapolis,IN,46202,FM,NP,Y,Y,,Y
0175863742,HCP00307,,Prescriber3742,3842 Main St,Carlisle,PA,17013,PD,MD,Y,Y,,Y
0176000221,HCP00308,,Prescriber0221,321 Main St,Houston,TX,77030,IM,PA,Y,Y,,Y
0177309655,Stephen,H,Cisneros,2525 Desales Ave,Chattanooga,TN,37404,GP,PA,Y,Y,C,
0177847073,Caitlin,N,Cooke,3261 24th Ave NW Ste 101,Norman,OK,73071,PD,NP,Y,Y,C,
0178006376,Karen,F,Lawrence,9600 Children’S Dr Bldg D,West Chester,OH,45069,PD,MD,Y,Y,C,
0178058693,Jordan,J,Townsend,2000 Sonoma Park Dr,Edmond,OK,73013,P,PA,Y,Y,A,
0178085543,HCP00309,,Prescriber5543,5643 Main St,Houston,TX,77030,N,MD,Y,Y,,Y
0178667001,HCP00310,,Prescriber7001,7101 Main St,Houston,TX,77030,PEM,MD,Y,Y,,Y
0179970575,HCP00311,,Prescriber0575,675 Main St,Houston,TX,77030,FM,MD,Y,Y,,Y
0180512531,HCP00312,,Prescriber2531,2631 Main St,Atlanta,GA,30322,P,MD,Y,Y,,Y
0180984657,HCP00313,,Prescriber4657,4757 Main St,Catonsville,MD,21228,P,NP,Y,Y,,Y
0181271927,HCP00314,,Prescriber1927,2027 Main St,New York,NY,10155,P,MD,Y,Y,,Y
0181512473,HCP00315,,Prescriber2473,2573 Main St,Chambersburg,PA,17202,FM,NP,Y,Y,,Y
0181779955,Aaron,T,Knox,7257 Hawkins View Dr,Fort Worth,TX,76107,P,MD,Y,Y,A,
0183031551,HCP00316,,Prescriber1551,1651 Main St,Houston,TX,77030,FM,MD,Y,Y,,Y
0183339706,Christian,,Lopez,231 N Carrollton Ave,New Orleans,LA,70119,FM,NP,Y,Y,,
0184032331,HCP00317,,Prescriber2331,2431 Main St,Houston,TX,77030,ORS,MD,Y,Y,,Y
0184174661,Jessica,L,Carroll,470 Wyoming Ave,Wilkes Barre,PA,18702,CHP,NP,Y,Y,B,
0184224345,HCP00318,,Prescriber4345,4445 Main St,Dallas,TX,75231,IM,MD,Y,Y,,Y
0184640286,HCP00319,,Prescriber0286,386 Main St,Houston,TX,77030,PER,DDS,Y,Y,,Y
0184798256,Reginald,J,Wallace,600 Arthur St,Knoxville,TN,37921,P,NP,Y,Y,A,
0185330910,HCP00320,,Prescriber0910,1010 Main St,Forsyth,GA,31029,PD,MD,Y,Y,,Y
0185406027,HCP00321,,Prescriber6027,6127 Main St,Columbus,OH,43221,FM,MD,Y,Y,,Y
0185667534,HCP00322,,Prescriber7534,7634 Main St,Cleveland,OH,44120,P,NP,Y,Y,,Y
0186067510,HCP00323,,Prescriber7510,7610 Main St,Saint Petersburg,FL,33701,P,MD,Y,Y,,Y
0187214427,HCP00324,,Prescriber4427,4527 Main St,Clinton,MS,39056,PD,MD,Y,Y,,Y
0188773771,HCP00325,,Prescriber3771,3871 Main St,Houston,TX,77030,PEM,MD,Y,Y,,Y
0190794691,HCP00326,,Prescriber4691,4791 Main St,Houston,TX,77030,RHU,MD,Y,Y,,Y
0190881179,HCP00327,,Prescriber1179,1279 Main St,Durham,NC,27705,EM,MD,Y,Y,,Y
0190950439,HCP00328,,Prescriber0439,539 Main St,Cary,NC,27519,GP,PA,Y,Y,,Y
0191432888,Matthew,T,Jackson,295 Governor St,Providence,RI,02906,DBP,MD,Y,Y,C,
0191865008,Anthony,S,Moss,116 Hill Pond Ln,Statesboro,GA,30458,P,MD,Y,Y,B,
0192155609,Brian,M,Wright,3780 Medina Rd Ste 310,Medina,OH,44256,FM,NP,Y,Y,,Y
0192245392,HCP00329,,Prescriber5392,5492 Main St,Houston,TX,77030,TS,MD,Y,Y,,Y
0192422834,HCP00330,,Prescriber2834,2934 Main St,Rockford,MI,49341,PD,PA,Y,Y,,Y
0192667004,HCP00331,,Prescriber7004,7104 Main St,Chicago,IL,60637,GP,MD,Y,Y,,Y
0192876880,HCP00332,,Prescriber6880,6980 Main St,Saint Petersburg,FL,33710,P,NP,Y,Y,,Y
0193607277,HCP00333,,Prescriber7277,7377 Main St,Omaha,NE,68124,P,MD,Y,Y,,Y
0193819773,HCP00334,,Prescriber9773,873 Main St,Durham,NC,27705,PD,MD,Y,Y,,Y
0193925886,HCP00335,,Prescriber5886,5986 Main St,Greensboro,NC,27403,P,MD,Y,Y,,Y
0194092442,HCP00336,,Prescriber2442,2542 Main St,Houston,TX,77030,DR,MD,Y,Y,,Y
0194414470,HCP00337,,Prescriber4470,4570 Main St,Davidson,NC,28036,PD,MD,Y,Y,,Y
0194881533,HCP00338,,Prescriber1533,1633 Main St,Martinsburg,WV,25403,FM,DO,Y,Y,,Y
0195001555,HCP00339,,Prescriber1555,1655 Main St,Grapevine,TX,76051,PD,MD,Y,Y,,Y
0197078300,HCP00340,,Prescriber8300,8400 Main St,Vancouver,WA,98684,P,NP,Y,Y,,Y
0197254430,HCP00341,,Prescriber4430,4530 Main St,Chapel Hill,NC,27514,IM,MD,Y,Y,,Y
0198477356,Diana,M,Greene,2723 Horse Pen Creek Rd Ste 105,Greensboro,NC,27408,P,NP,Y,Y,A,
0199848254,HCP00342,,Prescriber8254,8354 Main St,Houston,TX,77030,DR,MD,Y,Y,,Y
0201129735,HCP00343,,Prescriber9735,835 Main St,Waconia,MN,55387,P,NP,Y,Y,,Y
0201143454,HCP00344,,Prescriber3454,3554 Main St,Portland,OR,97223,PD,DO,Y,Y,,Y
0201589864,Nicholas,A,Taylor,1 University Plz Ste 618,ORADELL,NJ,07649,P,MD,Y,Y,A,
0202521559,HCP00345,,Prescriber1559,1659 Main St,Philadelphia,PA,19104,GP,PA,Y,Y,,Y
0202750900,Kyle,A,Jones,920 Frostwood Dr,Houston,TX,77024,PD,MD,Y,Y,,Y
0202986581,HCP00346,,Prescriber6581,6681 Main St,Little Rock,AR,72205,P,MD,Y,Y,,Y
0203056085,HCP00347,,Prescriber6085,6185 Main St,Raleigh,NC,27607,P,PA,Y,Y,,Y
0203059783,HCP00348,,Prescriber9783,883 Main St,Greenville,SC,29605,IM,MD,Y,Y,,Y
0203121188,HCP00349,,Prescriber1188,1288 Main St,Houston,TX,77030,DR,MD,Y,Y,,Y
0203431885,HCP00350,,Prescriber1885,1985 Main St,Franklin,TN,37067,PD,MD,Y,Y,,Y
0203895246,HCP00351,,Prescriber5246,5346 Main St,Cleveland,OH,44106,PD,MD,Y,Y,,Y
0204030233,HCP00352,,Prescriber0233,333 Main St,Liberty Hill,TX,78642,FM,MD,Y,Y,,Y
0204408379,HCP00353,,Prescriber8379,8479 Main St,Houston,TX,77030,GE,MD,Y,Y,,Y
0206417657,HCP00354,,Prescriber7657,7757 Main St,Saint Joseph,MO,64506,PD,MD,Y,Y,,Y
0207265893,HCP00355,,Prescriber5893,5993 Main St,Orlando,FL,32835,FM,MD,Y,Y,,Y
0207671888,HCP00356,,Prescriber1888,1988 Main St,Houston,TX,77030,PD,MD,Y,Y,,Y
0207843757,HCP00357,,Prescriber3757,3857 Main St,Saint Peters,MO,63376,FM,MD,Y,Y,,Y
0208056068,HCP00358,,Prescriber6068,6168 Main St,Houston,TX,77030,ORS,MD,Y,Y,,Y
0208108868,HCP00359,,Prescriber8868,8968 Main St,Houston,TX,77030,PD,MD,Y,Y,,Y
0208612756,HCP00360,,Prescriber2756,2856 Main St,Houston,TX,77030,PD,MD,Y,Y,,Y
0209607429,HCP00361,,Prescriber7429,7529 Main St,Houston,TX,77030,FM,MD,Y,Y,,Y
0210116169,HCP00362,,Prescriber6169,6269 Main St,Bethesda,MD,20814,P,MD,Y,Y,,Y
0210598815,Ian,J,Alexander,5150 Cascade Rd SE Ste B,Grand Rapids,MI,49546,PD,MD,Y,Y,A,
0211594489,HCP00363,,Prescriber4489,4589 Main St,Evanston,IL,60201,P,MD,Y,Y,,Y
0212069006,HCP00364,,Prescriber9006,106 Main St,Houston,TX,77030,PDA,MD,Y,Y,,Y
0212310788,HCP00365,,Prescriber0788,888 Main St,Houston,TX,77030,NS,MD,Y,Y,,Y
0212613194,HCP00366,,Prescriber3194,3294 Main St,Houston,TX,77030,PD,MD,Y,Y,,Y
0212708129,HCP00367,,Prescriber8129,8229 Main St,Houston,TX,77030,FM,PA,Y,Y,,Y
0213765897,HCP00368,,Prescriber5897,5997 Main St,Atlanta,GA,30322,OBG,MD,Y,Y,,Y
0214263334,HCP00369,,Prescriber3334,3434 Main St,Houston,TX,77030,PD,MD,Y,Y,,Y
0215173356,Thomas,H,Rivera,8229 Pacific Beach Dr,Fort Myers,FL,33966,P,NP,Y,Y,B,
0215947568,HCP00370,,Prescriber7568,7668 Main St,Philadelphia,PA,19107,PD,NP,Y,Y,,Y
0216011982,HCP00371,,Prescriber1982,2082 Main St,Bensalem,PA,19020,FM,NP,Y,Y,,Y
0216168056,HCP00372,,Prescriber8056,8156 Main St,Houston,TX,77030,PD,MD,Y,Y,,Y
0216744017,HCP00373,,Prescriber4017,4117 Main St,Jacksonville,FL,32207,P,NP,Y,Y,,Y
0217177586,HCP00374,,Prescriber7586,7686 Main St,Orlando,FL,32806,FM,MD,Y,Y,,Y
0217234023,HCP00375,,Prescriber4023,4123 Main St,Phoenix,AZ,85016,FM,NP,Y,Y,,Y
0217943554,HCP00376,,Prescriber3554,3654 Main St,Springfield,OH,45504,FM,PA,Y,Y,,Y
0218584387,Kimberly,A,Nguyen,5155 Calhoun Memorial Hwy,Easley,SC,29640,A,PA,Y,Y,,Y
0219704478,HCP00377,,Prescriber4478,4578 Main St,Miami,FL,33136,VS,MD,Y,Y,,Y
0220205097,HCP00378,,Prescriber5097,5197 Main St,Houston,TX,77030,P,NP,Y,Y,,Y
0221186929,HCP00379,,Prescriber6929,7029 Main St,Chicago,IL,60614,IM,PA,Y,Y,,Y
0221211117,Daniel,C,Parks,12970 Highway 9 N,Milton,GA,30004,FM,DO,Y,Y,C,
0221832285,HCP00380,,Prescriber2285,2385 Main St,Houston,TX,77054,CHP,MD,Y,Y,,Y
0221852481,HCP00381,,Prescriber2481,2581 Main St,Houston,TX,77030,PDE,MD,Y,Y,,Y
0221925420,HCP00382,,Prescriber5420,5520 Main St,Houston,TX,77030,PM,MD,Y,Y,,Y
0221985840,HCP00383,,Prescriber5840,5940 Main St,Houston,TX,77030,FM,NP,Y,Y,,Y
0222262262,HCP00384,,Prescriber2262,2362 Main St,Baton Rouge,LA,70808,P,MD,Y,Y,,Y
0222733884,HCP00385,,Prescriber3884,3984 Main St,Lake Dallas,TX,75065,FM,DO,Y,Y,,Y
0223975953,Lisa,H,Green,993F Johnson Ferry Rd NE Ste 210,Atlanta,GA,30342,FM,MD,Y,Y,B,
0224640283,HCP00386,,Prescriber0283,383 Main St,Houston,TX,77030,U,MD,Y,Y,,Y
0225052772,HCP00387,,Prescriber2772,2872 Main St,Houston,TX,77030,GP,RN,Y,Y,,Y
0225227291,Anthony,H,Franklin,9106 N Meridian St Ste 100,Indianapolis,IN,46260,P,MD,Y,Y,C,
0225454535,HCP00388,,Prescriber4535,4635 Main St,Glen Burnie,MD,21061,P,NP,Y,Y,,Y
0225551379,HCP00389,,Prescriber1379,1479 Main St,Houston,TX,77030,GP,PA,Y,Y,,Y
0226091172,HCP00390,,Prescriber1172,1272 Main St,Deland,FL,32720,PD,MD,Y,Y,,Y
0227410614,HCP00391,,Prescriber0614,714 Main St,Saint Louis,MO,63110,VS,MD,Y,Y,,Y
0227730314,HCP00392,,Prescriber0314,414 Main St,Allentown,PA,18106,P,PA,Y,Y,,Y
0228080852,HCP00393,,Prescriber0852,952 Main St,Houston,TX,77030,GP,NP,Y,Y,,Y
0228902375,HCP00394,,Prescriber2375,2475 Main St,Houston,TX,77030,APM,NP,Y,Y,,Y
0229023348,HCP00395,,Prescriber3348,3448 Main St,Columbus,OH,43215,PD,MD,Y,Y,,Y
0229397667,HCP00396,,Prescriber7667,7767 Main St,Duluth,GA,30096,PD,MD,Y,Y,,Y
0229637779,Gerald,A,Williams,4300 Marsh Landing Blvd Ste 203,Jacksonville Beach,FL,32250,P,NP,Y,Y,B,
0229775120,Jennifer,K,Patel,84 Hospital Ave,Danbury,CT,06810,P,PA,Y,Y,B,
0229912530,HCP00397,,Prescriber2530,2630 Main St,Houston,TX,77030,PD,MD,Y,Y,,Y
0230275939,HCP00398,,Prescriber5939,6039 Main St,Rockford,MI,49341,PD,MD,Y,Y,,Y
0232786430,HCP00399,,Prescriber6430,6530 Main St,Lees Summit,MO,64063,FM,DO,Y,Y,,Y
0233027669,Mr.,S,Chad Evans,888 Tara Blvd Ste F,Baton Rouge,LA,70806,PD,MD,Y,Y,,
0233437212,HCP00400,,Prescriber7212,7312 Main St,Norfolk,VA,23505,AI,MD,Y,Y,,Y
0233673745,HCP00401,,Prescriber3745,3845 Main St,Houston,TX,77030,GP,PA,Y,Y,,Y
0234080257,HCP00402,,Prescriber0257,357 Main St,Summersville,WV,26651,PD,MD,Y,Y,,Y
0234654941,HCP00403,,Prescriber4941,5041 Main St,Dallas,TX,75248,PD,MD,Y,Y,,Y
0235323901,HCP00404,,Prescriber3901,4001 Main St,Miami,FL,33136,GP,RN,Y,Y,,Y
0235558124,HCP00405,,Prescriber8124,8224 Main St,Smyrna,GA,30082,P,MD,Y,Y,,Y
0236006209,HCP00406,,Prescriber6209,6309 Main St,Madison,TN,37115,FM,MD,Y,Y,,Y
0236788926,HCP00407,,Prescriber8926,9026 Main St,Durham,NC,27705,GP,NP,Y,Y,,Y
0237485824,Brittney,D,Sullivan,169 Del Norte Ave,Denham Springs,LA,70726,PD,MD,N,Y,,
0237949917,HCP00408,,Prescriber9917,1017 Main St,Durham,NC,27705,FM,PA,Y,Y,,Y
0238509432,HCP00409,,Prescriber9432,532 Main St,Baton Rouge,LA,70808,PD,MD,Y,Y,,Y
0238538884,HCP00410,,Prescriber8884,8984 Main St,Evansville,IN,47712,FM,NP,Y,Y,,Y
0238889929,Michelle,M,Swanson,1938 Soule Rd,Clearwater,FL,33759,P,NP,Y,Y,C,
0238981392,HCP00411,,Prescriber1392,1492 Main St,Houston,TX,77030,OBG,DO,Y,Y,,Y
0239896373,HCP00412,,Prescriber6373,6473 Main St,Houston,TX,77030,PD,MD,Y,Y,,Y
0240130147,HCP00413,,Prescriber0147,247 Main St,Grosse Pointe,MI,48236,N,DO,Y,Y,,Y
0240379396,HCP00414,,Prescriber9396,496 Main St,Spring,TX,77382,FM,DO,Y,Y,,Y
0240420921,HCP00415,,Prescriber0921,1021 Main St,Conroe,TX,77384,PD,MD,Y,Y,,Y
0240593193,Melissa,,Neal,5301 Veterans Memorial Pkwy Ste 104,Saint Peters,MO,63376,PD,MD,Y,Y,C,
0240710740,HCP00416,,Prescriber0740,840 Main St,Arlington Heights,IL,60005,P,PA,Y,Y,,Y
0240720251,HCP00417,,Prescriber0251,351 Main St,Columbia,SC,29209,P,MD,Y,Y,,Y
0240738302,HCP00418,,Prescriber8302,8402 Main St,Miami,FL,33136,CD,PA,Y,Y,,Y
0241277956,John,,Barnes,10175 Fortune Pkwy Unit 1106,Jacksonville,FL,32256,P,MD,Y,Y,A,
0241308282,HCP00419,,Prescriber8282,8382 Main St,Houston,TX,77030,PD,NP,Y,Y,,Y
0241562755,HCP00420,,Prescriber2755,2855 Main St,Miami,FL,33136,IM,MD,Y,Y,,Y
0242100125,HCP00421,,Prescriber0125,225 Main St,Houston,TX,77030,IM,MD,Y,Y,,Y
0242616711,HCP00422,,Prescriber6711,6811 Main St,Houston,TX,77030,IM,MD,Y,Y,,Y
0243650264,HCP00423,,Prescriber0264,364 Main St,Camp Hill,PA,17011,FM,MD,Y,Y,,Y
0244197197,HCP00424,,Prescriber7197,7297 Main St,Staten Island,NY,10305,PD,NP,Y,Y,,Y
0244343525,HCP00425,,Prescriber3525,3625 Main St,Ozark,MO,65721,FM,MD,Y,Y,,Y
0245458726,Timothy,D,Camacho,547 Saw Mill River Rd Ste 1F,Ardsley,NY,10502,CHP,MD,Y,Y,C,
0245505798,HCP00426,,Prescriber5798,5898 Main St,Morganton,NC,28655,P,MD,Y,Y,,Y
0245879308,HCP00427,,Prescriber9308,408 Main St,Winston-Salem,NC,27103,P,NP,Y,Y,,Y
0246071363,HCP00428,,Prescriber1363,1463 Main St,Hattiesburg,MS,39402,FM,DO,Y,Y,,Y
0246674480,HCP00429,,Prescriber4480,4580 Main St,Houston,TX,77030,EM,MD,Y,Y,,Y
0246698919,HCP00430,,Prescriber8919,9019 Main St,Mount Pleasant,SC,29464,FM,MD,Y,Y,,Y
0246847150,HCP00431,,Prescriber7150,7250 Main St,Huntersville,NC,28078,PD,DO,Y,Y,,Y
0246857268,HCP00432,,Prescriber7268,7368 Main St,Brandon,FL,33511,P,NP,Y,Y,,Y
0247274585,HCP00433,,Prescriber4585,4685 Main St,Houston,TX,77030,PD,MD,Y,Y,,Y
0247855850,Craig,S,Pratt,2944 Breckenridge Ln,Louisville,KY,40220,AI,MD,Y,Y,,Y
0248120107,HCP00434,,Prescriber0107,207 Main St,Houston,TX,77030,GP,PA,Y,Y,,Y
0248234191,Justin,P,Warner,777 S New Ballas Rd Ste 107-W,Saint Louis,MO,63141,PD,MD,Y,Y,A,
0248520213,Isaac,L,Barry,615 S New Ballas Rd,Saint Louis,MO,63141,FM,DO,Y,Y,A,
0249006808,HCP00435,,Prescriber6808,6908 Main St,Houston,TX,77030,IM,MD,Y,Y,,Y
0249365291,HCP00436,,Prescriber5291,5391 Main St,Palm Springs,CA,92262,FM,MD,Y,Y,,Y
0250020506,HCP00437,,Prescriber0506,606 Main St,Lake Charles,LA,70601,PD,MD,Y,Y,,Y
0251429208,HCP00438,,Prescriber9208,308 Main St,Houston,TX,77030,PD,MD,Y,Y,,Y
0251486092,HCP00439,,Prescriber6092,6192 Main St,Waynesville,NC,28786,FM,NP,Y,Y,,Y
0251514416,HCP00440,,Prescriber4416,4516 Main St,Jackson,MS,39209,P,NP,Y,Y,,Y
0251565951,HCP00441,,Prescriber5951,6051 Main St,Jenison,MI,49428,END,NP,Y,Y,,Y
0251684392,HCP00442,,Prescriber4392,4492 Main St,Lawrenceville,GA,30044,P,MD,Y,Y,,Y
0252932918,HCP00443,,Prescriber2918,3018 Main St,Gainesville,VA,20155,P,PA,Y,Y,,Y
0253882931,HCP00444,,Prescriber2931,3031 Main St,Morehead City,NC,28557,OBG,NP,Y,Y,,Y
0254548536,Daniel,H,White DDS,2080 Newnan Crossing Blvd E Ste 300,Newnan,GA,30265,OTO,MD,Y,Y,,Y
0254550828,John,P,Rodriguez,900 Lanidex Plz Fl 3 Ste 300,Parsippany,NJ,07054,AI,MD,Y,Y,,Y
0254990170,HCP00445,,Prescriber0170,270 Main St,New York,NY,10016,P,MD,Y,Y,,Y
0255276538,HCP00446,,Prescriber6538,6638 Main St,Charlotte,NC,28202,IM,MD,Y,Y,,Y
0255462879,HCP00447,,Prescriber2879,2979 Main St,Houston,TX,77030,RHU,MD,Y,Y,,Y
0255595832,HCP00448,,Prescriber5832,5932 Main St,Houston,TX,77030,PEM,DO,Y,Y,,Y
0255699855,HCP00449,,Prescriber9855,955 Main St,Exton,PA,19341,GP,MD,Y,Y,,Y
0256300956,HCP00450,,Prescriber0956,1056 Main St,Greenville,SC,29607,IM,MD,Y,Y,,Y
0257525127,HCP00451,,Prescriber5127,5227 Main St,Greenville,NC,27834,PD,DO-S,Y,Y,,Y
0257734041,HCP00452,,Prescriber4041,4141 Main St,Cornelius,NC,28031,FM,DO,Y,Y,,Y
0257770349,HCP00453,,Prescriber0349,449 Main St,Saint Louis,MO,63110,FM,NP,Y,Y,,Y
0257791148,HCP00454,,Prescriber1148,1248 Main St,New Orleans,LA,70112,FM,NP,Y,Y,,Y
0258727714,HCP00455,,Prescriber7714,7814 Main St,Iowa City,IA,52242,ADU,NP,Y,Y,,Y
0259195701,HCP00456,,Prescriber5701,5801 Main St,Houston,TX,77030,OTO,RN,Y,Y,,Y
0260199592,HCP00457,,Prescriber9592,692 Main St,Scottsdale,AZ,85260,N,MD,Y,Y,,Y
0261173628,HCP00458,,Prescriber3628,3728 Main St,Houston,TX,77030,OTO,MD,Y,Y,,Y
0261501962,HCP00459,,Prescriber1962,2062 Main St,Birmingham,AL,35244,P,MD,Y,Y,,Y
0261551207,Jennifer,F,Morton,465 Minutemen Cswy Unit 485,Cocoa Beach,FL,32931,CHP,MD,Y,Y,B,
0261931375,Elizabeth,J,Blackwell,1239 Windham Pkwy,Romeoville,IL,60446,P,MD,Y,Y,C,
0262068711,Maria,,Daniels,560 W Brown Rd,Mesa,AZ,85201,P,NP,Y,Y,C,
0262384002,HCP00460,,Prescriber4002,4102 Main St,Phoenix,AZ,85016,EM,MD,Y,Y,,Y
0262453519,HCP00461,,Prescriber3519,3619 Main St,Flint,MI,48504,FM,MD,Y,Y,,Y
0263304197,HCP00462,,Prescriber4197,4297 Main St,Durham,NC,27705,AN,APRN,Y,Y,,Y
0263308000,Christopher,M,Hendrix,203 Fort Wade Rd Unit 260,Belle Chasse,LA,70037,P,MD,Y,Y,A,
0263417476,HCP00463,,Prescriber7476,7576 Main St,Atlanta,GA,30322,GP,PA,Y,Y,,Y
0263850566,HCP00464,,Prescriber0566,666 Main St,Atlanta,GA,30322,FM,PA,Y,Y,,Y
0264390118,HCP00465,,Prescriber0118,218 Main St,Oakland,CA,94607,CHP,NP,Y,Y,,Y
0264412539,HCP00466,,Prescriber2539,2639 Main St,Knoxville,TN,37918,PD,MD,Y,Y,,Y
0265071908,HCP00467,,Prescriber1908,2008 Main St,Fort Lauderdale,FL,33311,FM,NP,Y,Y,,Y
0265859655,HCP00468,,Prescriber9655,755 Main St,Iowa City,IA,52242,PD,MD,Y,Y,,Y
0265942892,HCP00469,,Prescriber2892,2992 Main St,Springfield,IL,62703,P,MD,Y,Y,,Y
0265955036,HCP00470,,Prescriber5036,5136 Main St,Chicago,IL,60612,OBG,MD,Y,Y,,Y
0266394258,HCP00471,,Prescriber4258,4358 Main St,Houston,TX,77030,GP,PA,Y,Y,,Y
0266925672,HCP00472,,Prescriber5672,5772 Main St,Leawood,KS,66206,P,MD,Y,Y,,Y
0269602133,Marc,L,Lane,7345 Courage Way,Chattanooga,TN,37421,P,MD,Y,Y,B,
0269890297,HCP00473,,Prescriber0297,397 Main St,Newark,DE,19713,EM,RN,Y,Y,,Y
0270135762,HCP00474,,Prescriber5762,5862 Main St,Durham,NC,27705,D,MD,Y,Y,,Y
0270603336,HCP00475,,Prescriber3336,3436 Main St,Houston,TX,77030,PD,MD,Y,Y,,Y
0271389434,HCP00476,,Prescriber9434,534 Main St,Anniston,AL,36207,PD,MD,Y,Y,,Y
0272032850,Maria,E,Franklin,566 E Robinson Ave,Barberton,OH,44203,PD,MD,Y,Y,,Y
0272166426,Michael,R,Hoffman,3411 Graystone Pl SE,Conover,NC,28613,PD,NP,Y,Y,,Y
0272249298,Denise,L,Gutierrez,916 Main Ave Ste 1A,Passaic,NJ,07055,IM,NP,Y,Y,A,
0272654744,Mary,B,Braun,2501 N Glebe Rd Ste 303,Arlington,VA,22207,P,PA,Y,Y,C,
0273338946,HCP00477,,Prescriber8946,9046 Main St,Valencia,CA,91355,PD,MD,Y,Y,,Y
0274220033,Willie,J,Jackson,120 Suburban Rd Ste 203,Knoxville,TN,37923,DBP,MD,Y,Y,B,
0274951241,HCP00478,,Prescriber1241,1341 Main St,New York,NY,10003,N,MD,Y,Y,,Y
0275401010,HCP00479,,Prescriber1010,1110 Main St,West Chester,OH,45069,PD,MD,Y,Y,,Y
0275529111,HCP00480,,Prescriber9111,211 Main St,Midlothian,VA,23113,FM,DO,Y,Y,,Y
0275697834,HCP00481,,Prescriber7834,7934 Main St,Richmond,VA,23230,P,NP,Y,Y,,Y
0276596093,Brittany,S,Hines,1601 Brigham Dr Ste 200,Perrysburg,OH,43551,PD,DO,Y,Y,A,Y
0276922461,HCP00482,,Prescriber2461,2561 Main St,Miami,FL,33136,FM,MD,Y,Y,,Y
0277262811,HCP00483,,Prescriber2811,2911 Main St,Tampa,FL,33625,PD,MD,Y,Y,,Y
0279219334,Edward,,Eaton,10745 165th St,Orland Park,IL,60467,P,PA,Y,Y,C,
0279621474,HCP00484,,Prescriber1474,1574 Main St,Palo Alto,CA,94304,PD,MD,Y,Y,,Y
0280545246,HCP00485,,Prescriber5246,5346 Main St,Shreveport,LA,71104,PD,MD,Y,Y,,Y
0280983559,HCP00486,,Prescriber3559,3659 Main St,Houston,TX,77030,CD,MD,Y,Y,,Y
0281891098,HCP00487,,Prescriber1098,1198 Main St,Melbourne,FL,32901,PD,MD,Y,Y,,Y
0281917685,HCP00488,,Prescriber7685,7785 Main St,Louisville,KY,40202,VS,MD,Y,Y,,Y
0282595005,HCP00489,,Prescriber5005,5105 Main St,Cleveland,OH,44195,GP,RN,Y,Y,,Y
0283850365,HCP00490,,Prescriber0365,465 Main St,Houston,TX,77030,OBG,MD,Y,Y,,Y
0283895041,HCP00491,,Prescriber5041,5141 Main St,Austin,TX,78723,FM,MD,Y,Y,,Y
0284172681,HCP00492,,Prescriber2681,2781 Main St,Houston,TX,77030,PD,MD,Y,Y,,Y
0284225492,HCP00493,,Prescriber5492,5592 Main St,Houston,TX,77030,CHP,MD,Y,Y,,Y
0284360373,HCP00494,,Prescriber0373,473 Main St,Stevensville,MD,21666,PD,MD,Y,Y,,Y
0284944591,HCP00495,,Prescriber4591,4691 Main St,Chicago,IL,60612,DEN,DDS,Y,Y,,Y
0285077691,Jennifer,B,Smith,24 2nd Ave NE Ste 201,Hickory,NC,28601,P,MD,Y,Y,A,
0285234092,HCP00496,,Prescriber4092,4192 Main St,Houston,TX,77030,OSG,DDS,Y,Y,,Y
0286866948,HCP00497,,Prescriber6948,7048 Main St,Lafayette,LA,70508,IM,MD,Y,Y,,Y
0287636022,HCP00498,,Prescriber6022,6122 Main St,Valparaiso,IN,46383,IM,MD,Y,Y,,Y
0287663518,Christine,M,Mclean,8244 E US Hwy 36 Ste 210,Avon,IN,46123,PD,MD,Y,Y,B,
0287734030,David,M,Monroe,424 Old Cherokee Rd,Lakeland,FL,33813,PD,MD,Y,Y,A,
0288005154,HCP00499,,Prescriber5154,5254 Main St,Lake Charles,LA,70601,PD,MD,Y,Y,,Y
0288029657,HCP00500,,Prescriber9657,757 Main St,Middle Island,NY,11953,FM,MD,Y,Y,,Y
0288063204,HCP00501,,Prescriber3204,3304 Main St,Draper,UT,84020,GS,PA,Y,Y,,Y
0288634245,HCP00502,,Prescriber4245,4345 Main St,Plain City,OH,43064,FM,DO,Y,Y,,Y
0288749917,HCP00503,,Prescriber9917,1017 Main St,Lexington,NC,27292,PD,MD,Y,Y,,Y
0288923734,HCP00504,,Prescriber3734,3834 Main St,Baton Rouge,LA,70808,FM,NP,Y,Y,,Y
0288949060,HCP00505,,Prescriber9060,160 Main St,Marietta,GA,30068,P,MD,Y,Y,,Y
0289042779,Ronald,R,Williamson,825 N Main St Ste 140,Springboro,OH,45066,P,PA,Y,Y,A,
0289485390,HCP00506,,Prescriber5390,5490 Main St,Baltimore,MD,21287,GER,NP,Y,Y,,Y
0290343379,Eric,M,Perry,888 Tara Blvd Ste F,Baton Rouge,LA,70806,PD,NP,Y,Y,,
0290404629,HCP00507,,Prescriber4629,4729 Main St,Houston,TX,77030,PD,MD,Y,Y,,Y
0291497594,HCP00508,,Prescriber7594,7694 Main St,Elkhorn,NE,68022,PD,PA,Y,Y,,Y
0292679222,Brittany,E,Richardson,1405 Foulk Rd Ste 101,Wilmington,DE,19803,PD,MD,Y,Y,,Y
0292761498,HCP00509,,Prescriber1498,1598 Main St,Houston,TX,77030,PUD,MD,Y,Y,,Y
0292907746,HCP00510,,Prescriber7746,7846 Main St,Concord,NC,28025,P,NP,Y,Y,,Y
0293096764,HCP00511,,Prescriber6764,6864 Main St,Houston,TX,77030,ORS,MD,Y,Y,,Y
0293285394,HCP00512,,Prescriber5394,5494 Main St,Frisco,TX,75036,PD,MD,Y,Y,,Y
0294423487,HCP00513,,Prescriber3487,3587 Main St,Omaha,NE,68144,P,NP,Y,Y,,Y
0294969441,HCP00514,,Prescriber9441,541 Main St,Houston,TX,77030,ED,DDS,Y,Y,,Y
0295338053,Colleen,B,Graves,4712 N Armenia Ave Ste 102,Tampa,FL,33603,PD,DO,Y,Y,C,
0295546857,HCP00515,,Prescriber6857,6957 Main St,Hillsboro,OR,97124,DBP,MD,Y,Y,,Y
0297048120,HCP00516,,Prescriber8120,8220 Main St,Houston,TX,77030,PD,MD,Y,Y,,Y
0297363853,HCP00517,,Prescriber3853,3953 Main St,Houston,TX,77030,PD,MD,Y,Y,,Y
0297540302,HCP00518,,Prescriber0302,402 Main St,Statesboro,GA,30458,PD,MD,Y,Y,,Y
0298465649,John,V,Moore,8950 N Kendall Dr Ste 403W,Miami,FL,33176,P,MD,Y,Y,B,
0299483354,HCP00519,,Prescriber3354,3454 Main St,Ankeny,IA,50023,PD,MD,Y,Y,,Y
0299635775,HCP00520,,Prescriber5775,5875 Main St,Commerce Township,MI,48382,PD,MD,Y,Y,,Y
0301081833,HCP00521,,Prescriber1833,1933 Main St,Houston,TX,77030,D,MD,Y,Y,,Y
0301245041,HCP00522,,Prescriber5041,5141 Main St,Houston,TX,77030,EM,MD,Y,Y,,Y
0301293840,HCP00523,,Prescriber3840,3940 Main St,Santa Fe,NM,87508,P,MD,Y,Y,,Y
0302745589,Caroline,M,Gordon,16 Pocono Rd Ste 110,Denville,NJ,07834,ADU,NP,Y,Y,A,
0303194562,HCP00524,,Prescriber4562,4662 Main St,Bolivar,TN,38008,P,NP,Y,Y,,Y
0303343738,HCP00525,,Prescriber3738,3838 Main St,Austin,TX,78731,FM,MD,Y,Y,,Y
0303443294,HCP00526,,Prescriber3294,3394 Main St,Brooklyn,NY,11220,P,MD,Y,Y,,Y
0303886278,Kristen,E,James,200 Arthur Dr,Thomasville,NC,27360,PD,NP,Y,Y,,Y
0303922088,HCP00527,,Prescriber2088,2188 Main St,Phoenix,AZ,85016,PD,MD,Y,Y,,Y
0304379399,HCP00528,,Prescriber9399,499 Main St,Reading,PA,19610,GP,PA,Y,Y,,Y
0304557461,Lisa,R,Smith,777 Beachway Dr Ste 210,Indianapolis,IN,46224,PD,MD,Y,Y,,Y
0304576892,HCP00529,,Prescriber6892,6992 Main St,Houston,TX,77030,NPM,NP,Y,Y,,Y
0305050177,HCP00530,,Prescriber0177,277 Main St,Myrtle Beach,SC,29579,GP,NP,Y,Y,,Y
0305740274,HCP00531,,Prescriber0274,374 Main St,Houston,TX,77030,PUD,MD,Y,Y,,Y
0306206173,HCP00532,,Prescriber6173,6273 Main St,Brentwood,TN,37027,GP,PA,Y,Y,,Y
0307057206,HCP00533,,Prescriber7206,7306 Main St,Cameron,WI,54822,GS,MD,Y,Y,,Y
0307177255,HCP00534,,Prescriber7255,7355 Main St,Houston,TX,77030,PD,NP,Y,Y,,Y
0307846833,Erica,M,Rodriguez,260 Grayson Rd Ste 100,Virginia Beach,VA,23456,P,PA,Y,Y,B,
0307890980,HCP00535,,Prescriber0980,1080 Main St,Houston,TX,77030,AN,MD,Y,Y,,Y
0308204277,HCP00536,,Prescriber4277,4377 Main St,Houston,TX,77030,PD,PVN,Y,Y,,Y
0309018665,HCP00537,,Prescriber8665,8765 Main St,Houston,TX,77030,GP,NP,Y,Y,,Y
0309121532,Brandon,A,Ramirez,140 N State Rt 17 Ste 250,Paramus,NJ,07652,P,MD,Y,Y,A,
0310116147,HCP00538,,Prescriber6147,6247 Main St,Charleston,SC,29407,PD,MD,Y,Y,,Y
0310583968,HCP00539,,Prescriber3968,4068 Main St,Houston,TX,77030,P,NP,Y,Y,,Y
0311310336,Steven,L,Lawrence,2201 Dayton Blvd Ste 100,Chattanooga,TN,37405,P,DO,Y,Y,B,
0311538162,Michael,A,Finley,2949 S Union St,Opelousas,LA,70570,FM,NP,Y,Y,,Y
0311705120,HCP00540,,Prescriber5120,5220 Main St,Houston,TX,77030,PD,MD,Y,Y,,Y
0311758870,HCP00541,,Prescriber8870,8970 Main St,Bessemer,AL,35022,PD,MD,Y,Y,,Y
0312100003,HCP00542,,Prescriber0003,103 Main St,Baker,LA,70714,FM,NP,Y,Y,,Y
0312875231,HCP00543,,Prescriber5231,5331 Main St,San Francisco,CA,94158,PD,RN,Y,Y,,Y
0313273684,HCP00544,,Prescriber3684,3784 Main St,Cincinnati,OH,45255,PD,MD,Y,Y,,Y
0313437242,HCP00545,,Prescriber7242,7342 Main St,Nashville,TN,37232,FM,MD,Y,Y,,Y
0313530162,HCP00546,,Prescriber0162,262 Main St,Greenville,SC,29615,DBP,MD,Y,Y,,Y
0313958442,HCP00547,,Prescriber8442,8542 Main St,Houston,TX,77030,FM,MD,Y,Y,,Y
0314833195,Sandra,J,Cantu,8045 Providence Rd Ste 300,Charlotte,NC,28211,IM,MD,Y,Y,B,
0314915337,Nicole,L,Morales,2270 Ashley Crossing Dr Ste 165,Charleston,SC,29407,IM,MD,Y,Y,C,
0315040906,HCP00548,,Prescriber0906,1006 Main St,Houston,TX,77030,EM,MD,Y,Y,,Y
0315437367,HCP00549,,Prescriber7367,7467 Main St,Houston,TX,77018,IM,MD,Y,Y,,Y
0315872085,HCP00550,,Prescriber2085,2185 Main St,Louisville,KY,40218,P,NP,Y,Y,,Y
0316167895,HCP00551,,Prescriber7895,7995 Main St,Farmville,NC,27828,PD,MD,Y,Y,,Y
0316297159,HCP00552,,Prescriber7159,7259 Main St,Houston,TX,77030,PD,MD,Y,Y,,Y
0316352290,HCP00553,,Prescriber2290,2390 Main St,Houston,TX,77030,AN,APRN,Y,Y,,Y
0316646369,HCP00554,,Prescriber6369,6469 Main St,Brooklyn,NY,11217,P,NP,Y,Y,,Y
0317477713,HCP00555,,Prescriber7713,7813 Main St,Wilkes Barre,PA,18702,P,NP,Y,Y,,Y
0318938426,HCP00556,,Prescriber8426,8526 Main St,Atlanta,GA,30322,GP,NP,Y,Y,,Y
0320217029,Eduardo,K,Reynolds,7940 Williams Pond Ln Ste 250,Charlotte,NC,28204,P,PA,Y,Y,A,
0320262312,HCP00557,,Prescriber2312,2412 Main St,Saint Louis,MO,63122,FM,DO,Y,Y,,Y
0320655867,HCP00558,,Prescriber5867,5967 Main St,Salt Lake City,UT,84107,FM,MD,Y,Y,,Y
0320815530,HCP00559,,Prescriber5530,5630 Main St,Houston,TX,77030,EM,PA,Y,Y,,Y
0321247640,Johnny,M,Bailey,34121 N US Highway 45 Ste 210,Arlington Heights,IL,60005,GP,NP,Y,Y,C,
0321495635,HCP00560,,Prescriber5635,5735 Main St,Charlotte,NC,28204,FM,MD,Y,Y,,Y
0321816204,HCP00561,,Prescriber6204,6304 Main St,Houston,TX,77030,PD,MD,Y,Y,,Y
0322533943,HCP00562,,Prescriber3943,4043 Main St,Houston,TX,77030,P,MD,Y,Y,,Y
0323437123,HCP00563,,Prescriber7123,7223 Main St,Raleigh,NC,27609,PD,MD,Y,Y,,Y
0324378475,HCP00564,,Prescriber8475,8575 Main St,Ardmore,PA,19003,PD,MD,Y,Y,,Y
0324714137,HCP00565,,Prescriber4137,4237 Main St,Vero Beach,FL,32960,PD,MD,Y,Y,,Y
0324924480,HCP00566,,Prescriber4480,4580 Main St,Leawood,KS,66206,PD,MD,Y,Y,,Y
0325057244,HCP00567,,Prescriber7244,7344 Main St,Northbrook,IL,60062,P,NP,Y,Y,,Y
0325467963,James,R,Daniels,950 Battery Ave SE Ste 1216,Atlanta,GA,30339,FM,MD,Y,Y,B,
0326313111,HCP00568,,Prescriber3111,3211 Main St,Charleston,SC,29425,ORS,MD,Y,Y,,Y
0326389322,HCP00569,,Prescriber9322,422 Main St,Parkville,MD,21234,P,NP,Y,Y,,Y
0326792010,HCP00570,,Prescriber2010,2110 Main St,Flower Mound,TX,75028,PD,NP,Y,Y,,Y
0327315354,HCP00571,,Prescriber5354,5454 Main St,Kennesaw,GA,30144,PD,MD,Y,Y,,Y
0327668538,HCP00572,,Prescriber8538,8638 Main St,Baton Rouge,LA,70806,P,NP,Y,Y,,Y
0327702523,Sarah,D,Blair,Psychiatry Clinic Anna Blank Bldg,Des Moines,IA,50316,P,NP,Y,Y,B,
0327990292,HCP00573,,Prescriber0292,392 Main St,Charlotte,NC,28204,P,NP,Y,Y,,Y
0328227924,HCP00574,,Prescriber7924,8024 Main St,Lakewood,OH,44107,PD,NP,Y,Y,,Y
0328420040,HCP00575,,Prescriber0040,140 Main St,Spring,TX,77386,PD,MD,Y,Y,,Y
0328466894,HCP00576,,Prescriber6894,6994 Main St,Hattiesburg,MS,39402,FM,MD,Y,Y,,Y
0329836098,HCP00577,,Prescriber6098,6198 Main St,Houston,TX,77030,PD,MD,Y,Y,,Y
0329964522,HCP00578,,Prescriber4522,4622 Main St,Belleville,IL,62226,FM,NP,Y,Y,,Y
0330379480,HCP00579,,Prescriber9480,580 Main St,Houston,TX,77030,PDO,MD,Y,Y,,Y
0331523083,HCP00580,,Prescriber3083,3183 Main St,Houston,TX,77030,FM,NP,Y,Y,,Y
0331713808,HCP00581,,Prescriber3808,3908 Main St,Houston,TX,77030,GP,NP,Y,Y,,Y
0332262999,Gene,A,Marsh,12801 Shops Pkwy Ste 400,Bee Cave,TX,78738,FM,PA,Y,Y,,Y
0332488299,April,,Sanchez,262 Chapman Rd Ste 100,Newark,DE,19702,P,MD,Y,Y,B,
0332697041,HCP00582,,Prescriber7041,7141 Main St,Beaumont,TX,77701,P,MD,Y,Y,,Y
0332823303,HCP00583,,Prescriber3303,3403 Main St,Cedar Rapids,IA,52403,PD,MD,Y,Y,,Y
0333430267,HCP00584,,Prescriber0267,367 Main St,Leland,NC,28451,IM,DO,Y,Y,,Y
0334007932,HCP00585,,Prescriber7932,8032 Main St,Hilliard,OH,43026,PD,MD,Y,Y,,Y
0334787745,Lisa,G,Lewis,12058 San Jose Blvd Ste 1003,Orange Park,FL,32073,P,NP,Y,Y,A,
0334807610,HCP00586,,Prescriber7610,7710 Main St,Lexington,KY,40503,CHP,MD,Y,Y,,Y
0335380622,Monique,E,Powers,6526 Lansdowne Ave,Saint Louis,MO,63109,PD,MD,Y,Y,B,
0335509737,HCP00587,,Prescriber9737,837 Main St,Overland Park,KS,66221,FM,MD,Y,Y,,Y
0336557813,HCP00588,,Prescriber7813,7913 Main St,Norristown,PA,19401,ADM,MD,Y,Y,,Y
0336713058,Pamela,,Lam,380 E 35th St Apt 15,Hialeah,FL,33013,FM,NP,Y,Y,,Y
0337179443,HCP00589,,Prescriber9443,543 Main St,Charleston,SC,29425,HOS,MD,Y,Y,,Y
0337380933,HCP00590,,Prescriber0933,1033 Main St,Houston,TX,77030,DEN,DDS,Y,Y,,Y
0337914109,Richard,D,Johnson,1738 Owen Dr Ste 107,Fayetteville,NC,28304,PD,PA,Y,Y,,Y
0338444293,HCP00591,,Prescriber4293,4393 Main St,Houston,TX,77030,GE,MD,Y,Y,,Y
0338449092,HCP00592,,Prescriber9092,192 Main St,Houston,TX,77030,PD,MD,Y,Y,,Y
0338702277,HCP00593,,Prescriber2277,2377 Main St,Houston,TX,77030,AN,MD,Y,Y,,Y
0338765453,HCP00594,,Prescriber5453,5553 Main St,Westlake,OH,44145,PD,MD,Y,Y,,Y
0339691326,HCP00595,,Prescriber1326,1426 Main St,Tallahassee,FL,32303,P,DO,Y,Y,,Y
0340015981,HCP00596,,Prescriber5981,6081 Main St,Houston,TX,77030,PD,MD,Y,Y,,Y
0341479540,HCP00597,,Prescriber9540,640 Main St,Houston,TX,77030,P,MD,Y,Y,,Y
0341830967,HCP00598,,Prescriber0967,1067 Main St,Catonsville,MD,21228,GP,NP,Y,Y,,Y
0341910325,HCP00599,,Prescriber0325,425 Main St,Houston,TX,77030,PM,MD,Y,Y,,Y
0342022460,HCP00600,,Prescriber2460,2560 Main St,South Bend,IN,46601,HOS,MD,Y,Y,,Y
0343531394,HCP00601,,Prescriber1394,1494 Main St,Saint Petersburg,FL,33710,PD,MD,Y,Y,,Y
0343788252,HCP00602,,Prescriber8252,8352 Main St,Houston,TX,77065,PD,MD,Y,Y,,Y
0343996571,James,C,Reese,1120 N Palafox St,Birmingham,AL,35233,GP,DO,Y,Y,A,
0345399733,HCP00603,,Prescriber9733,833 Main St,Nashville,TN,37211,PD,NP,Y,Y,,Y
0345732393,HCP00604,,Prescriber2393,2493 Main St,Houston,TX,77030,HOS,MD,Y,Y,,Y
0345982602,HCP00605,,Prescriber2602,2702 Main St,Charlotte,NC,28269,PD,DO,Y,Y,,Y
0346443631,HCP00606,,Prescriber3631,3731 Main St,Ocala,FL,34471,P,MD,Y,Y,,Y
0346633442,Debra,A,Howard,225 Main St,Marietta,OH,45750,P,NP,Y,Y,A,
0346997391,Kevin,T,Preston,5610 W River Park Dr Ste A,Sugar Land,TX,77479,PD,MD,Y,Y,,Y
0347765183,HCP00607,,Prescriber5183,5283 Main St,Cornelius,NC,28031,FM,DO,Y,Y,,Y
0348943909,HCP00608,,Prescriber3909,4009 Main St,Denison,TX,75020,FM,DO,Y,Y,,Y
0349539440,Lindsey,M,Allen,2000 Sonoma Park Dr,Edmond,OK,73013,P,MD,Y,Y,A,
0349662374,HCP00609,,Prescriber2374,2474 Main St,Windsor,CO,80550,P,NP,Y,Y,,Y
0350157827,HCP00610,,Prescriber7827,7927 Main St,Houston,TX,77030,FM,NP,Y,Y,,Y
0350296093,HCP00611,,Prescriber6093,6193 Main St,La Grange,IL,60525,FM,DO,Y,Y,,Y
0350467338,HCP00612,,Prescriber7338,7438 Main St,Durham,NC,27705,OBG,MD,Y,Y,,Y
0350560463,HCP00613,,Prescriber0463,563 Main St,Houston,TX,77030,PD,MD,Y,Y,,Y
0350988106,HCP00614,,Prescriber8106,8206 Main St,Naperville,IL,60563,P,NP,Y,Y,,Y
0351096127,Michael,,Schultz,506 Lakeside Park,Phila,PA,19124,P,NP,Y,Y,C,
0351434929,HCP00615,,Prescriber4929,5029 Main St,Federal Way,WA,98003,ADU,NP,Y,Y,,Y
0352609221,HCP00616,,Prescriber9221,321 Main St,Houston,TX,77030,ID,MD,Y,Y,,Y
0353011448,HCP00617,,Prescriber1448,1548 Main St,Orlando,FL,32832,FM,MD,Y,Y,,Y
0353111560,HCP00618,,Prescriber1560,1660 Main St,Huntersville,NC,28078,PD,MD,Y,Y,,Y
0353489560,HCP00619,,Prescriber9560,660 Main St,Noblesville,IN,46060,PD,MD,Y,Y,,Y
0355382125,HCP00620,,Prescriber2125,2225 Main St,Harrisburg,NC,28075,FM,DO,Y,Y,,Y
0355573844,Chad,J,Wagner,755 Fallbrook Blvd Ste 100,Lincoln,NE,68521,FM,MD,Y,Y,C,
0355593975,Christina,G,Garrett,14810 Old Saint Augustine Rd Ste 106,Jacksonville,FL,32258,PD,MD,Y,Y,C,
0356305249,HCP00621,,Prescriber5249,5349 Main St,Lafayette,LA,70508,PSC,PSY,Y,Y,,Y
0356324969,HCP00622,,Prescriber4969,5069 Main St,Pompano Beach,FL,33073,FM,PA,Y,Y,,Y
0356333749,HCP00623,,Prescriber3749,3849 Main St,Indianapolis,IN,46202,DEN,DDS,Y,Y,,Y
0356525894,HCP00624,,Prescriber5894,5994 Main St,Houston,TX,77030,PTH,MD,Y,Y,,Y
0357452680,HCP00625,,Prescriber2680,2780 Main St,Columbus,OH,43205,PD,MD,Y,Y,,Y
0357896334,HCP00626,,Prescriber6334,6434 Main St,Mckinney,TX,75070,P,MD,Y,Y,,Y
0358115182,HCP00627,,Prescriber5182,5282 Main St,Houston,TX,77030,PD,MD,Y,Y,,Y
0358159188,HCP00628,,Prescriber9188,288 Main St,Lombard,IL,60148,P,PA,Y,Y,,Y
0359594947,HCP00629,,Prescriber4947,5047 Main St,Durham,NC,27705,GS,MD,Y,Y,,Y
0359940691,HCP00630,,Prescriber0691,791 Main St,Louisville,KY,40202,ORT,DMD,Y,Y,,Y
0360278966,HCP00631,,Prescriber8966,9066 Main St,Knoxville,TN,37917,P,NP,Y,Y,,Y
0362655805,HCP00632,,Prescriber5805,5905 Main St,Houston,TX,77030,GP,NP,Y,Y,,Y
0363236001,HCP00633,,Prescriber6001,6101 Main St,Houston,TX,77030,MFM,MD,Y,Y,,Y
0363285687,Angela,F,Holland,17-10 Fair Lawn Ave,Fair Lawn,NJ,07410,PD,MD,Y,Y,,Y
0363322331,Robert,J,Hanson,6920 Parkdale Pl Ste 109,Indianapolis,IN,46254,ADL,MD,Y,Y,B,
0363412692,HCP00634,,Prescriber2692,2792 Main St,Arlington,TX,76011,P,NP,Y,Y,,Y
0365116416,HCP00635,,Prescriber6416,6516 Main St,Houston,TX,77030,PD,MD,Y,Y,,Y
0365447939,HCP00636,,Prescriber7939,8039 Main St,Houston,TX,77030,PD,NP,Y,Y,,Y
0366176950,HCP00637,,Prescriber6950,7050 Main St,Temple,TX,76508,PD,MD,Y,Y,,Y
0366665070,HCP00638,,Prescriber5070,5170 Main St,Belleville,IL,62220,FM,DO,Y,Y,,Y
0366684575,HCP00639,,Prescriber4575,4675 Main St,Pompano Beach,FL,33071,P,MD,Y,Y,,Y
0366831676,HCP00640,,Prescriber1676,1776 Main St,Charleston,SC,29425,P,MD,Y,Y,,Y
0366934338,HCP00641,,Prescriber4338,4438 Main St,Houston,TX,77030,DEN,DDS,Y,Y,,Y
0367099713,HCP00642,,Prescriber9713,813 Main St,New York,NY,10016,EM,PA,Y,Y,,Y
0367771852,Brian,A,Sandoval,10131 Forest Hill Blvd Ste 140,Wellington,FL,33414,PD,MD,Y,Y,,Y
0368439688,HCP00643,,Prescriber9688,788 Main St,Houston,TX,77030,HOS,MD,Y,Y,,Y
0368973487,HCP00644,,Prescriber3487,3587 Main St,Houston,TX,77030,FM,MD,Y,Y,,Y
0369258162,HCP00645,,Prescriber8162,8262 Main St,Baltimore,MD,21287,FM,NP,Y,Y,,Y
0369369861,HCP00646,,Prescriber9861,961 Main St,Durham,NC,27705,P,MD,Y,Y,,Y
0369398921,HCP00647,,Prescriber8921,9021 Main St,Houston,TX,77030,GP,PA,Y,Y,,Y
0370496505,Mitchell,S,Cruz,6220 Old Dobbin Ln,Columbia,MD,21045,PD,MD,Y,Y,B,Y
0370776295,HCP00648,,Prescriber6295,6395 Main St,Miami,FL,33136,FM,MD,Y,Y,,Y
0370906418,Belinda,M,Brewer,7550 Goodwin Rd,Chattanooga,TN,37421,PD,MD,Y,Y,C,
0371491787,HCP00649,,Prescriber1787,1887 Main St,Dallas,TX,75390,CHN,MD,Y,Y,,Y
0371876099,Cindy,H,Ellison,2121 Park St,Jacksonville,FL,32204,ADL,MD,Y,Y,C,
0372021039,HCP00650,,Prescriber1039,1139 Main St,Orlando,FL,32808,IM,MD,Y,Y,,Y
0372067230,HCP00651,,Prescriber7230,7330 Main St,Houston,TX,77030,PTH,MD,Y,Y,,Y
0373139562,HCP00652,,Prescriber9562,662 Main St,Littleton,CO,80122,FM,NP,Y,Y,,Y
0373369135,HCP00653,,Prescriber9135,235 Main St,Bossier City,LA,71111,PD,MD,Y,Y,,Y
0373397488,HCP00654,,Prescriber7488,7588 Main St,Jackson,MS,39216,ORS,NP,Y,Y,,Y
0373808395,HCP00655,,Prescriber8395,8495 Main St,Houston,TX,77030,PD,RN,Y,Y,,Y
0374230837,HCP00656,,Prescriber0837,937 Main St,Alpharetta,GA,30005,P,MD,Y,Y,,Y
0374370385,Ryan,R,Phillips,2843 Alt 19,Palm Harbor,FL,34683,P,NP,Y,Y,B,
0374416707,Mason,K,Thompson,77 Schanck Rd Ste B-11,Freehold,NJ,07728,N,MD,Y,Y,C,
0374489599,HCP00657,,Prescriber9599,699 Main St,Smyrna,GA,30082,PD,MD,Y,Y,,Y
0374641541,Jon,M,Perkins,8900 State Line Rd Ste 380,Leawood,KS,66206,P,DO,Y,Y,C,
0375341286,Jacqueline,F,Montoya,114 Lee St,Shelby,NC,28150,AI,NP,Y,Y,,Y
0376790107,HCP00658,,Prescriber0107,207 Main St,Durham,NC,27705,DEN,DDS,Y,Y,,Y
0376874221,Ryan,K,Williams,2316 South St,Lafayette,IN,47904,P,NP,Y,Y,A,
0377493923,HCP00659,,Prescriber3923,4023 Main St,Hattiesburg,MS,39401,FM,MD,Y,Y,,Y
0377864301,HCP00660,,Prescriber4301,4401 Main St,Matthews,NC,28104,PD,MD,Y,Y,,Y
0379198571,HCP00661,,Prescriber8571,8671 Main St,Houston,TX,77030,PMD,MD,Y,Y,,Y
0380402755,HCP00662,,Prescriber2755,2855 Main St,Houston,TX,77030,P,MD,Y,Y,,Y
0382582606,HCP00663,,Prescriber2606,2706 Main St,Cleveland,OH,44195,HO,RN,Y,Y,,Y
0383068170,Megan,A,Short,1701 48th St Ste 120,West Des Moines,IA,50266,P,NP,Y,Y,B,
0383551898,HCP00664,,Prescriber1898,1998 Main St,Augusta,GA,30904,PD,DO,Y,Y,,Y
0383692882,HCP00665,,Prescriber2882,2982 Main St,Ames,IA,50010,FM,MD,Y,Y,,Y
0383827464,HCP00666,,Prescriber7464,7564 Main St,Fishersville,VA,22939,GP,PA,Y,Y,,Y
0384033537,Ashley,,Mclean,5404 W Elm St Ste Q,Mchenry,IL,60050,P,RN,Y,Y,B,
0384207478,HCP00667,,Prescriber7478,7578 Main St,Houston,TX,77030,P,NP,Y,Y,,Y
0385013969,HCP00668,,Prescriber3969,4069 Main St,Houston,TX,77030,AC,NP,Y,Y,,Y
0385680566,Karen,C,Howell,6730 Roosevelt Ave Ste 201,Middletown,OH,45005,P,NP,Y,Y,B,
0387296321,HCP00669,,Prescriber6321,6421 Main St,Towson,MD,21204,FM,NP,Y,Y,,Y
0387322174,Emily,R,Rubio,1130 Situs Ct Ste 190,Raleigh,NC,27606,P,NP,Y,Y,A,
0387531031,HCP00670,,Prescriber1031,1131 Main St,Houston,TX,77030,OBG,DO,Y,Y,,Y
0388091940,HCP00671,,Prescriber1940,2040 Main St,Charlotte,NC,28208,FM,MD,Y,Y,,Y
0389133530,HCP00672,,Prescriber3530,3630 Main St,Chandler,AZ,85249,GP,PA,Y,Y,,Y
0389165938,Becky,,Boyer,2140 Smith St,Jacksonville,FL,32207,PD,MD,Y,Y,C,
0389281693,HCP00673,,Prescriber1693,1793 Main St,Houston,TX,77030,FM,MD,Y,Y,,Y
0389678822,HCP00674,,Prescriber8822,8922 Main St,Conroe,TX,77304,FM,MD,Y,Y,,Y
0389994310,HCP00675,,Prescriber4310,4410 Main St,Houston,TX,77030,PHM,PHAR,Y,Y,,Y
0390024478,HCP00676,,Prescriber4478,4578 Main St,Chicago,IL,60614,P,PA,Y,Y,,Y
0392427811,HCP00677,,Prescriber7811,7911 Main St,Houston,TX,77030,DEN,DDS,Y,Y,,Y
0392715603,HCP00678,,Prescriber5603,5703 Main St,Nashville,TN,37221,PD,MD,Y,Y,,Y
0392872978,HCP00679,,Prescriber2978,3078 Main St,Houston,TX,77030,FM,DO,Y,Y,,Y
0393483240,HCP00680,,Prescriber3240,3340 Main St,Minneapolis,MN,55443,CHP,DO,Y,Y,,Y
0394445037,HCP00681,,Prescriber5037,5137 Main St,Spring,TX,77382,PD,MD,Y,Y,,Y
0394523420,HCP00682,,Prescriber3420,3520 Main St,Houston,TX,77030,PD,MD,Y,Y,,Y
0394933854,HCP00683,,Prescriber3854,3954 Main St,Birmingham,AL,35210,P,MD,Y,Y,,Y
0395325264,HCP00684,,Prescriber5264,5364 Main St,Houston,TX,77030,ORS,MD,Y,Y,,Y
0396140933,HCP00685,,Prescriber0933,1033 Main St,Houston,TX,77030,FM,MD,Y,Y,,Y
0396143086,HCP00686,,Prescriber3086,3186 Main St,Miami,FL,33136,POD,DPM,Y,Y,,Y
0397280960,HCP00687,,Prescriber0960,1060 Main St,Durham,NC,27705,FM,NP,Y,Y,,Y
0397724574,HCP00688,,Prescriber4574,4674 Main St,Englewood,CO,80111,P,MD,Y,Y,,Y
0398189958,HCP00689,,Prescriber9958,1058 Main St,Flowood,MS,39232,PD,MD,Y,Y,,Y
0398295719,HCP00690,,Prescriber5719,5819 Main St,Missouri City,TX,77459,FM,MD,Y,Y,,Y
0399147476,HCP00691,,Prescriber7476,7576 Main St,Durham,NC,27705,DEN,DDS,Y,Y,,Y
0400177951,HCP00692,,Prescriber7951,8051 Main St,San Diego,CA,92122,GP,NP,Y,Y,,Y
0400567939,Victor,A,Munoz,4210 Lincoln Rd,Hattiesburg,MS,39402,PD,MD,N,Y,,Y
0401007873,HCP00693,,Prescriber7873,7973 Main St,Saint Petersburg,FL,33701,PMM,MD,Y,Y,,Y
0401215250,HCP00694,,Prescriber5250,5350 Main St,Lubbock,TX,79404,P,MD,Y,Y,,Y
0402092151,HCP00695,,Prescriber2151,2251 Main St,Kennesaw,GA,30144,PD,MD,Y,Y,,Y
0402220914,Amber,M,Carrillo,223 Miller Rd,Avon Lake,OH,44012,P,MD,Y,Y,A,
0402411903,Heidi,A,Nicholson,2301 W I 35 Frontage Rd,Edmond,OK,73013,FM,MD,Y,Y,C,
0402824388,HCP00696,,Prescriber4388,4488 Main St,Avon,IN,46123,PD,MD,Y,Y,,Y
0403503214,HCP00697,,Prescriber3214,3314 Main St,Fairhope,AL,36532,FM,MD,Y,Y,,Y
0403792322,HCP00698,,Prescriber2322,2422 Main St,Naperville,IL,60563,P,NP,Y,Y,,Y
0403836626,Dr.,P,David Adams,620 Summit Crossing Pl Ste 202,Gastonia,NC,28054,AI,MD,Y,Y,,Y
0404537700,HCP00699,,Prescriber7700,7800 Main St,Plano,TX,75093,IM,MD,Y,Y,,Y
0404946805,HCP00700,,Prescriber6805,6905 Main St,Houston,TX,77030,FOP,MD,Y,Y,,Y
0404959612,HCP00701,,Prescriber9612,712 Main St,Houston,TX,77030,GER,NP,Y,Y,,Y
0405893815,HCP00702,,Prescriber3815,3915 Main St,Phoenix,AZ,85018,PD,MD,Y,Y,,Y
0406658203,HCP00703,,Prescriber8203,8303 Main St,Houston,TX,77030,PD,DO,Y,Y,,Y
0407385178,HCP00704,,Prescriber5178,5278 Main St,Natchez,MS,39120,PD,NP,Y,Y,,Y
0407750629,Emily,L,Lindsey,7400 W 129th St Ste 200,Overland Park,KS,66213,PD,MD,Y,Y,A,
0407876786,HCP00705,,Prescriber6786,6886 Main St,Houston,TX,77030,GS,MD,Y,Y,,Y
0407899015,HCP00706,,Prescriber9015,115 Main St,Ames,IA,50010,IM,MD,Y,Y,,Y
0407965534,HCP00707,,Prescriber5534,5634 Main St,Decatur,GA,30030,P,MD,Y,Y,,Y
0408778783,HCP00708,,Prescriber8783,8883 Main St,Myrtle Beach,SC,29588,FM,MD,Y,Y,,Y
0409521041,Evan,A,Ayala,308 S Jefferson St,Pensacola,FL,32502,P,NP,Y,Y,B,
0409751893,HCP00709,,Prescriber1893,1993 Main St,Greenville,NC,27834,P,MD,Y,Y,,Y
0410178060,HCP00710,,Prescriber8060,8160 Main St,Dalton,GA,30720,PD,MD,Y,Y,,Y
0410765881,Donna,M,Lee,130 W Exchange St,Akron,OH,44302,AI,DO,Y,Y,,Y
0411868393,HCP00711,,Prescriber8393,8493 Main St,Grand Rapids,MI,49546,P,NP,Y,Y,,Y
0412012562,HCP00712,,Prescriber2562,2662 Main St,Houston,TX,77030,AN,MD,Y,Y,,Y
0412129189,HCP00713,,Prescriber9189,289 Main St,Houston,TX,77030,IM,DO,Y,Y,,Y
0412184811,HCP00714,,Prescriber4811,4911 Main St,Houston,TX,77030,OBG,MD,Y,Y,,Y
0412410985,HCP00715,,Prescriber0985,1085 Main St,Houston,TX,77030,PTH,MD,Y,Y,,Y
0412889884,HCP00716,,Prescriber9884,984 Main St,Houston,TX,77030,FM,MD,Y,Y,,Y
0412929967,HCP00717,,Prescriber9967,1067 Main St,Cleveland,OH,44195,PD,RN,Y,Y,,Y
0413393747,HCP00718,,Prescriber3747,3847 Main St,Houston,TX,77030,FM,MD,Y,Y,,Y
0413549437,HCP00719,,Prescriber9437,537 Main St,Houston,TX,77030,OM,MD,Y,Y,,Y
0413949865,Kristina,R,Smith,700 Childrens Dr,Columbus,OH,43205,P,NP,Y,Y,C,
0414070066,HCP00720,,Prescriber0066,166 Main St,Fort Lauderdale,FL,33309,P,PA,Y,Y,,Y
0414406984,HCP00721,,Prescriber6984,7084 Main St,Miami,FL,33136,EM,MD,Y,Y,,Y
0414434422,HCP00722,,Prescriber4422,4522 Main St,Tampa,FL,33610,FM,NP,Y,Y,,Y
0414474716,HCP00723,,Prescriber4716,4816 Main St,Brookhaven,MS,39601,PD,MD,Y,Y,,Y
0414818650,William,G,Butler,5404 W Elm St Ste Q,Mchenry,IL,60050,N,DO,Y,Y,A,
0415379568,HCP00724,,Prescriber9568,668 Main St,Houston,TX,77030,N,NP,Y,Y,,Y
0416330880,Rebekah,C,Mitchell,2079 Charlie Hall Blvd,Charleston,SC,29414,P,NP,Y,Y,B,
0416532780,HCP00725,,Prescriber2780,2880 Main St,Oklahoma City,OK,73104,PD,DO,Y,Y,,Y
0416638003,HCP00726,,Prescriber8003,8103 Main St,Houston,TX,77030,GS,MD,Y,Y,,Y
0417121333,HCP00727,,Prescriber1333,1433 Main St,Cincinnati,OH,45229,PD,MD,Y,Y,,Y
0417959441,HCP00728,,Prescriber9441,541 Main St,Houston,TX,77030,PD,NP,Y,Y,,Y
0418205216,HCP00729,,Prescriber5216,5316 Main St,Nashville,TN,37203,PD,MD,Y,Y,,Y
0419061185,HCP00730,,Prescriber1185,1285 Main St,Houston,TX,77030,DEN,DDS,Y,Y,,Y
0419188276,HCP00731,,Prescriber8276,8376 Main St,Coldwater,MI,49036,PD,MD,Y,Y,,Y
0419392191,HCP00732,,Prescriber2191,2291 Main St,Southaven,MS,38672,P,MD,Y,Y,,Y
0420010866,HCP00733,,Prescriber0866,966 Main St,Nashville,TN,37203,FM,APRN,Y,Y,,Y
0420073877,HCP00734,,Prescriber3877,3977 Main St,Cleveland,OH,44106,FM,NP,Y,Y,,Y
0420180919,HCP00735,,Prescriber0919,1019 Main St,Houston,TX,77030,PD,MD,Y,Y,,Y
0420423947,HCP00736,,Prescriber3947,4047 Main St,Houston,TX,77030,FM,DO,Y,Y,,Y
0420424326,Jennifer,L,Ferguson,35054 US Highway 19 N,Tarpon Springs,FL,34689,P,NP,Y,Y,A,
0421106121,HCP00737,,Prescriber6121,6221 Main St,Greensboro,NC,27405,PD,PA,Y,Y,,Y
0421990127,Elizabeth,A,Aguirre,3100 SW 62nd Ave,Miami,FL,33155,PD,MD,Y,Y,,Y
0422740828,Ashley,,Smith,115 Route 130,Bordentown,NJ,08505,P,DO,Y,Y,C,
0423343928,Rodney,A,Dunn,18018 Burke St,Elkhorn,NE,68022,PD,MD,Y,Y,C,
0423697080,HCP00738,,Prescriber7080,7180 Main St,Philadelphia,PA,19104,DEN,DDS,Y,Y,,Y
0423737691,Nicole,M,Andrews,121 Marble Mill Rd NW Ste 101,Marietta,GA,30060,PD,MD,Y,Y,C,
0423953833,HCP00739,,Prescriber3833,3933 Main St,Houston,TX,77030,FM,MD,Y,Y,,Y
0425407686,Erika,M,Taylor,1 Sugar Creek Center Blvd Ste 955,Sugar Land,TX,77478,P,MD,Y,Y,A,
0425437033,HCP00740,,Prescriber7033,7133 Main St,Houston,TX,77030,GP,NP,Y,Y,,Y
0426117480,Derek,L,Carroll,800 N Carriage Pkwy,Wichita,KS,67208,FM,MD,Y,Y,B,
0426378618,HCP00741,,Prescriber8618,8718 Main St,Laguna Hills,CA,92653,P,NP,Y,Y,,Y
0426593689,HCP00742,,Prescriber3689,3789 Main St,Houston,TX,77030,DEN,DDS,Y,Y,,Y
0426805324,HCP00743,,Prescriber5324,5424 Main St,Morrow,GA,30260,FM,MD,Y,Y,,Y
0426892666,HCP00744,,Prescriber2666,2766 Main St,Phoenix,AZ,85016,DR,MD,Y,Y,,Y
0427318596,HCP00745,,Prescriber8596,8696 Main St,Houston,TX,77030,FM,MD,Y,Y,,Y
0429972458,HCP00746,,Prescriber2458,2558 Main St,Houston,TX,77030,PDE,MD,Y,Y,,Y
0430191132,HCP00747,,Prescriber1132,1232 Main St,Fort Lauderdale,FL,33309,P,MD,Y,Y,,Y
0430217601,HCP00748,,Prescriber7601,7701 Main St,Houston,TX,77030,GS,PA,Y,Y,,Y
0430305340,HCP00749,,Prescriber5340,5440 Main St,Houston,TX,77030,P,NP,Y,Y,,Y
0430552481,HCP00750,,Prescriber2481,2581 Main St,Louisville,KY,40220,FM,MD,Y,Y,,Y
0430599473,HCP00751,,Prescriber9473,573 Main St,Atlanta,GA,30322,ID,MD,Y,Y,,Y
0430909357,HCP00752,,Prescriber9357,457 Main St,Houston,TX,77030,N,MD,Y,Y,,Y
0431363827,HCP00753,,Prescriber3827,3927 Main St,Scottsdale,AZ,85254,PD,MD,Y,Y,,Y
0432103913,HCP00754,,Prescriber3913,4013 Main St,Hutchinson,KS,67502,PD,MD,Y,Y,,Y
0432603645,HCP00755,,Prescriber3645,3745 Main St,Raleigh,NC,27609,PD,MD,Y,Y,,Y
0433084287,HCP00756,,Prescriber4287,4387 Main St,East Palestine,OH,44413,FM,NP,Y,Y,,Y
0433543331,HCP00757,,Prescriber3331,3431 Main St,La Grange,KY,40031,PD,MD,Y,Y,,Y
0434016792,HCP00758,,Prescriber6792,6892 Main St,Miami,FL,33136,DBP,MD,Y,Y,,Y
0434154510,HCP00759,,Prescriber4510,4610 Main St,Houston,TX,77030,FM,MD,Y,Y,,Y
0434423520,Susan,A,Williams,3500 Old Washington Rd Ste 101,Waldorf,MD,20602,PD,MD,Y,Y,,Y
0434957400,HCP00760,,Prescriber7400,7500 Main St,Durham,NC,27705,FM,MD,Y,Y,,Y
0435297615,HCP00761,,Prescriber7615,7715 Main St,Houston,TX,77030,IM,HBP,Y,Y,,Y
0435564879,HCP00762,,Prescriber4879,4979 Main St,Medford,OR,97501,FSM,MD,Y,Y,,Y
0435869620,HCP00763,,Prescriber9620,720 Main St,Humble,TX,77346,PD,MD,Y,Y,,Y
0436738269,HCP00764,,Prescriber8269,8369 Main St,Houston,TX,77030,DEN,DDS,Y,Y,,Y
0438430816,HCP00765,,Prescriber0816,916 Main St,O Fallon,IL,62269,FM,DO,Y,Y,,Y
0438746682,HCP00766,,Prescriber6682,6782 Main St,Houston,TX,77030,ADU,NP,Y,Y,,Y
0438980308,HCP00767,,Prescriber0308,408 Main St,Omaha,NE,68198,IM,MD,Y,Y,,Y
0439788069,HCP00768,,Prescriber8069,8169 Main St,Destin,FL,32541,IM,MD,Y,Y,,Y
0440951156,HCP00769,,Prescriber1156,1256 Main St,Auburn,AL,36832,FM,MD,Y,Y,,Y
0442154231,HCP00770,,Prescriber4231,4331 Main St,Houston,TX,77030,PMD,MD,Y,Y,,Y
0442623341,Susan,F,Sanchez,6801 South Blvd Ste D,Charlotte,NC,28217,PD,MD,Y,Y,,Y
0442688965,HCP00771,,Prescriber8965,9065 Main St,Saint Petersburg,FL,33701,CHP,MD,Y,Y,,Y
0442997401,HCP00772,,Prescriber7401,7501 Main St,Berkley,MI,48072,P,PA,Y,Y,,Y
0444376234,HCP00773,,Prescriber6234,6334 Main St,Houston,TX,77030,AN,MD,Y,Y,,Y
0445028832,HCP00774,,Prescriber8832,8932 Main St,Houston,TX,77030,AN,MD,Y,Y,,Y
0445098866,HCP00775,,Prescriber8866,8966 Main St,Cleveland,OH,44195,GP,PA,Y,Y,,Y
0446082233,HCP00776,,Prescriber2233,2333 Main St,Houston,TX,77030,FM,NP,Y,Y,,Y
0446219722,HCP00777,,Prescriber9722,822 Main St,Houston,TX,77030,FM,NP,Y,Y,,Y
0446761277,Adam,S,Fuller,21 E 93rd St,New York,NY,10128,P,MD,Y,Y,C,
0446935379,HCP00778,,Prescriber5379,5479 Main St,Houston,TX,77030,UCM,MD,Y,Y,,Y
0448169407,HCP00779,,Prescriber9407,507 Main St,Austin,TX,78746,FM,DO,Y,Y,,Y
0448489469,HCP00780,,Prescriber9469,569 Main St,Cleveland,OH,44195,EM,NP,Y,Y,,Y
0448672951,HCP00781,,Prescriber2951,3051 Main St,Willoughby,OH,44094,P,DO,Y,Y,,Y
0448914491,HCP00782,,Prescriber4491,4591 Main St,Miami,FL,33136,CHP,MD,Y,Y,,Y
0449409224,Adam,S,Smith,9436 59th Ave,Elmhurst,NY,11373,PD,MD,Y,Y,,Y
0449574586,HCP00783,,Prescriber4586,4686 Main St,Houston,TX,77030,PD,MD,Y,Y,,Y
0449747424,HCP00784,,Prescriber7424,7524 Main St,Houston,TX,77030,CCP,DO,Y,Y,,Y
0450847147,Michael,J,Dunn,1914 Glen Meade Rd,Wilmington,NC,28403,PD,MD,Y,Y,B,
0451124615,HCP00785,,Prescriber4615,4715 Main St,Orlando,FL,32819,FM,DO,Y,Y,,Y
0451149704,HCP00786,,Prescriber9704,804 Main St,Houston,TX,77030,DS,MD,Y,Y,,Y
0451330902,HCP00787,,Prescriber0902,1002 Main St,Rockmart,GA,30153,FM,DO,Y,Y,,Y
0451678481,HCP00788,,Prescriber8481,8581 Main St,Houston,TX,77030,OS,PA,Y,Y,,Y
0451739821,HCP00789,,Prescriber9821,921 Main St,Lenexa,KS,66219,FM,MD,Y,Y,,Y
0452207734,HCP00790,,Prescriber7734,7834 Main St,Houston,TX,77030,GE,NP,Y,Y,,Y
0452904614,HCP00791,,Prescriber4614,4714 Main St,Kenansville,NC,28349,PD,NP,Y,Y,,Y
0453911949,HCP00792,,Prescriber1949,2049 Main St,Baton Rouge,LA,70808,P,MD,Y,Y,,Y
0454031753,HCP00793,,Prescriber1753,1853 Main St,Houston,TX,77030,GP,MD,Y,Y,,Y
0454082072,HCP00794,,Prescriber2072,2172 Main St,Cary,NC,27511,PD,MD,Y,Y,,Y
0454082306,Jennifer,R,Gonzalez,2741 W Thomas St,Hammond,LA,70401,GP,NP,Y,Y,,
0454517998,HCP00795,,Prescriber7998,8098 Main St,Waterloo,IA,50702,FM,MD,Y,Y,,Y
0455137735,Jackie,I,Golden,33215 7 Mile Rd,Livonia,MI,48152,PD,DO,Y,Y,A,Y
0455160379,HCP00796,,Prescriber0379,479 Main St,Wilmington,NC,28401,P,NP,Y,Y,,Y
0455844360,HCP00797,,Prescriber4360,4460 Main St,Northbrook,IL,60062,P,MD,Y,Y,,Y
0456700809,HCP00798,,Prescriber0809,909 Main St,Kaufman,TX,75142,FM,DO,Y,Y,,Y
0457248348,Thomas,N,Anderson,602 E Academy St Ste 205,Fuquay Varina,NC,27526,P,NP,Y,Y,B,
0458735033,HCP00799,,Prescriber5033,5133 Main St,Ankeny,IA,50023,FM,DO,Y,Y,,Y
0459054012,HCP00800,,Prescriber4012,4112 Main St,Mansfield,TX,76063,PD,MD,Y,Y,,Y
0460337712,HCP00801,,Prescriber7712,7812 Main St,Kansas City,KS,66160,PD,NP,Y,Y,,Y
0461134043,HCP00802,,Prescriber4043,4143 Main St,Houston,TX,77030,EM,MD,Y,Y,,Y
0461257073,Brooke,F,White,1465 S Grand Blvd,Chesterfield,MO,63017,PD,MD,Y,Y,C,
0461521602,HCP00803,,Prescriber1602,1702 Main St,Sugar Land,TX,77478,CHP,MD,Y,Y,,Y
0462152300,HCP00804,,Prescriber2300,2400 Main St,Galveston,TX,77555,P,MD,Y,Y,,Y
0462239334,HCP00805,,Prescriber9334,434 Main St,Houston,TX,77030,FM,MD,Y,Y,,Y
0463096636,HCP00806,,Prescriber6636,6736 Main St,Phoenix,AZ,85016,OBG,MD,Y,Y,,Y
0463503483,HCP00807,,Prescriber3483,3583 Main St,Mandeville,LA,70471,P,MD,Y,Y,,Y
0463890298,HCP00808,,Prescriber0298,398 Main St,Houston,TX,77030,OBG,NP,Y,Y,,Y
0463910530,Jared,A,Holt,3400 W Tecumseh Rd Ste 305,Norman,OK,73072,PD,MD,Y,Y,C,
0465640601,HCP00809,,Prescriber0601,701 Main St,Reston,VA,20191,P,PA,Y,Y,,Y
0466183683,HCP00810,,Prescriber3683,3783 Main St,Columbus,OH,43205,PD,DO,Y,Y,,Y
0466436253,HCP00811,,Prescriber6253,6353 Main St,Miami,FL,33136,PS,MD,Y,Y,,Y
0466732934,HCP00812,,Prescriber2934,3034 Main St,Chicago,IL,60612,OMF,DDS,Y,Y,,Y
0467028916,HCP00813,,Prescriber8916,9016 Main St,Houston,TX,77030,AC,NP,Y,Y,,Y
0467165016,HCP00814,,Prescriber5016,5116 Main St,Chicago,IL,60611,P,MD,Y,Y,,Y
0467762229,HCP00815,,Prescriber2229,2329 Main St,New York,NY,10016,GS,MD-S,Y,Y,,Y
0467997360,Lisa,E,Mays,9795 E 116th St,Fishers,IN,46037,PD,MD,Y,Y,C,
0468982930,Stephen,K,Warren,7612 Picardy Ave Ste C,Baton Rouge,LA,70808,FM,NP,Y,Y,,
0469068706,HCP00816,,Prescriber8706,8806 Main St,Birmingham,AL,35233,P,MD,Y,Y,,Y
0469271302,HCP00817,,Prescriber1302,1402 Main St,Houston,TX,77030,NPM,MD,Y,Y,,Y
0469501141,HCP00818,,Prescriber1141,1241 Main St,Houston,TX,77030,FM,NP,Y,Y,,Y
0469644857,HCP00819,,Prescriber4857,4957 Main St,Columbus,OH,43215,IM,MD,Y,Y,,Y
0469723953,HCP00820,,Prescriber3953,4053 Main St,San Antonio,TX,78229,PD,MD,Y,Y,,Y
0470117044,HCP00821,,Prescriber7044,7144 Main St,Scottsdale,AZ,85260,P,NP,Y,Y,,Y
0470243981,HCP00822,,Prescriber3981,4081 Main St,Houston,TX,77030,DEN,DDS,Y,Y,,Y
0470284505,HCP00823,,Prescriber4505,4605 Main St,Houston,TX,77030,EM,MD,Y,Y,,Y
0471017756,HCP00824,,Prescriber7756,7856 Main St,Charlotte,NC,28273,FM,MD,Y,Y,,Y
0471560636,HCP00825,,Prescriber0636,736 Main St,Brooklyn,NY,11229,PD,NP,Y,Y,,Y
0472079976,HCP00826,,Prescriber9976,1076 Main St,Houston,TX,77030,PD,MD,Y,Y,,Y
0473813844,HCP00827,,Prescriber3844,3944 Main St,Picayune,MS,39466,PD,NP,Y,Y,,Y
0474256316,HCP00828,,Prescriber6316,6416 Main St,Houston,TX,77030,ICE,MD,Y,Y,,Y
0474424145,HCP00829,,Prescriber4145,4245 Main St,Houston,TX,77030,P,NP,Y,Y,,Y
0474821105,HCP00830,,Prescriber1105,1205 Main St,Houston,TX,77030,GP,NP,Y,Y,,Y
0475237118,HCP00831,,Prescriber7118,7218 Main St,Cleveland,OH,44195,GP,NP,Y,Y,,Y
0475576226,HCP00832,,Prescriber6226,6326 Main St,Houston,TX,77030,PD,PVN,Y,Y,,Y
0475858151,Andrea,J,Murphy,3417 Gaston Ave Ste 815,Dallas,TX,75246,P,MD,Y,Y,A,
0475871180,HCP00833,,Prescriber1180,1280 Main St,Houston,TX,77030,PD,MD,Y,Y,,Y
0476204644,HCP00834,,Prescriber4644,4744 Main St,Houston,TX,77030,P,MD,Y,Y,,Y
0476327620,HCP00835,,Prescriber7620,7720 Main St,Savannah,GA,31411,OBG,MD,Y,Y,,Y
0476667148,Adam,R,Ali,913B Bowman Rd,Mt Pleasant,SC,29464,P,MD,Y,Y,A,
0477524107,Jerry,O,Fischer,6805 5th Ave,Brooklyn,NY,11220,PD,MD,Y,Y,,Y
0477668576,Michelle,E,Banks,9263 Medical Plaza Dr Ste A,North Charleston,SC,29406,P,MD,Y,Y,A,
0477687523,HCP00836,,Prescriber7523,7623 Main St,Chicago,IL,60612,TS,MD,Y,Y,,Y
0477752067,HCP00837,,Prescriber2067,2167 Main St,Chattanooga,TN,37415,FM,MD,Y,Y,,Y
0478238534,HCP00838,,Prescriber8534,8634 Main St,Saint Louis,MO,63110,FM,MD,Y,Y,,Y
0478268003,HCP00839,,Prescriber8003,8103 Main St,Elizabeth,LA,70638,FM,NP,Y,Y,,Y
0478370469,HCP00840,,Prescriber0469,569 Main St,Houston,TX,77030,AN,MD,Y,Y,,Y
0478809081,HCP00841,,Prescriber9081,181 Main St,Kingwood,TX,77339,PD,MD,Y,Y,,Y
0479275396,HCP00842,,Prescriber5396,5496 Main St,Springboro,OH,45066,PD,MD,Y,Y,,Y
0479726746,Phillip,G,Mcbride,105 Collier Rd NW Ste 5020,Atlanta,GA,30309,IM,MD,Y,Y,,Y
0480138254,HCP00843,,Prescriber8254,8354 Main St,Parkesburg,PA,19365,IM,PA,Y,Y,,Y
0480238544,HCP00844,,Prescriber8544,8644 Main St,Omaha,NE,68114,CHP,MD,Y,Y,,Y
0480869183,HCP00845,,Prescriber9183,283 Main St,Pensacola,FL,32504,PD,MD,Y,Y,,Y
0481236207,HCP00846,,Prescriber6207,6307 Main St,Charleston,SC,29425,FM,MD,Y,Y,,Y
0481648991,HCP00847,,Prescriber8991,9091 Main St,Houston,TX,77030,AN,APRN,Y,Y,,Y
0482870243,HCP00848,,Prescriber0243,343 Main St,Miami,FL,33136,GE,MD,Y,Y,,Y
0483298678,HCP00849,,Prescriber8678,8778 Main St,Houston,TX,77030,PD,MD,Y,Y,,Y
0483789531,HCP00850,,Prescriber9531,631 Main St,Houston,TX,77030,PD,NP,Y,Y,,Y
0484196558,HCP00851,,Prescriber6558,6658 Main St,Houston,TX,77030,CCM,NP,Y,Y,,Y
0484266783,Kelly,P,Allison,4132 Keaton Crossing Blvd Ste 201,O Fallon,MO,63368,P,MD,Y,Y,A,
0484510519,HCP00852,,Prescriber0519,619 Main St,Houston,TX,77030,EM,DO,Y,Y,,Y
0484526746,Brian,I,Lambert,1715 E 95th St,Chicago,IL,60617,P,MD,Y,Y,B,
0485066155,HCP00853,,Prescriber6155,6255 Main St,Houston,TX,77030,CD,MD,Y,Y,,Y
0486701094,HCP00854,,Prescriber1094,1194 Main St,York,PA,17404,FM,PA,Y,Y,,Y
0486745347,HCP00855,,Prescriber5347,5447 Main St,Mckinney,TX,75070,FM,MD,Y,Y,,Y
0486748175,Emily,,Kane,2800 Marcus Ave Ste 202,New Hyde Park,NY,11042,PD,MD,Y,Y,,Y
0487899117,Michele,R,Smith,645 N Michigan Ave Ste 430,Chicago,IL,60611,CHP,MD,Y,Y,C,
0488075491,Mark,B,Holder,6820 Parkdale Pl Ste 115,Indianapolis,IN,46254,P,DO,Y,Y,C,
0488349734,HCP00856,,Prescriber9734,834 Main St,New Orleans,LA,70112,FM,NP,Y,Y,,Y
0488707492,HCP00857,,Prescriber7492,7592 Main St,Tulsa,OK,74136,FM,MD,Y,Y,,Y
0489091669,HCP00858,,Prescriber1669,1769 Main St,Chicago,IL,60612,GP,PA,Y,Y,,Y
0489170568,HCP00859,,Prescriber0568,668 Main St,Gainesville,FL,32607,P,MD,Y,Y,,Y
0489318948,HCP00860,,Prescriber8948,9048 Main St,Wichita,KS,67206,P,NP,Y,Y,,Y
0489468730,HCP00861,,Prescriber8730,8830 Main St,Duluth,GA,30096,PD,MD,Y,Y,,Y
0489583126,HCP00862,,Prescriber3126,3226 Main St,Houston,TX,77030,GP,NP,Y,Y,,Y
0489864646,HCP00863,,Prescriber4646,4746 Main St,Midlothian,VA,23113,FM,PA,Y,Y,,Y
0489968338,HCP00864,,Prescriber8338,8438 Main St,Houston,TX,77030,OPH,MD,Y,Y,,Y
0490246930,HCP00865,,Prescriber6930,7030 Main St,Atlanta,GA,30322,FM,MD,Y,Y,,Y
0490955947,HCP00866,,Prescriber5947,6047 Main St,Kansas City,KS,66160,END,NP,Y,Y,,Y
0491209040,HCP00867,,Prescriber9040,140 Main St,Houston,TX,77030,OBG,NP,Y,Y,,Y
0491649904,HCP00868,,Prescriber9904,1004 Main St,Fuquay Varina,NC,27526,PD,MD,Y,Y,,Y
0492223786,HCP00869,,Prescriber3786,3886 Main St,Miami,FL,33136,AC,NP,Y,Y,,Y
0493430914,HCP00870,,Prescriber0914,1014 Main St,Houston,TX,77030,PD,MD,Y,Y,,Y
0493869501,Brandon,P,Rodriguez,1861 Sh-276,Rockwall,TX,75032,PD,MD,Y,Y,,Y
0494750078,HCP00871,,Prescriber0078,178 Main St,Ventura,CA,93004,P,NP,Y,Y,,Y
0495167917,Michael,A,Doyle,354 Paseo Reyes Dr,Saint Augustine,FL,32095,P,DO,Y,N,A,
0496775016,David,T,Fuller,1063 Tommy Dotson Rd,Port Gibson,MS,39150,P,PA,Y,Y,B,
0497286729,John,A,Avila,2001 W 86th St,Indianapolis,IN,46260,PD,MD,Y,Y,A,
0497452420,HCP00872,,Prescriber2420,2520 Main St,Dallas,TX,75219,FM,MD,Y,Y,,Y
0497824077,HCP00873,,Prescriber4077,4177 Main St,Houston,TX,77030,IM,MD,Y,Y,,Y
0497938518,Justin,J,Myers,3328 Jenkins Rd Ste 200,Chattanooga,TN,37421,PD,MD,Y,Y,A,
0498285091,HCP00874,,Prescriber5091,5191 Main St,Houston,TX,77030,GP,NP,Y,Y,,Y
0498482235,HCP00875,,Prescriber2235,2335 Main St,Glen Cove,NY,11542,PD,NP,Y,Y,,Y
0498994634,HCP00876,,Prescriber4634,4734 Main St,Durham,NC,27705,NDP,MD,Y,Y,,Y
0500422706,HCP00877,,Prescriber2706,2806 Main St,Bluffton,IN,46714,PD,MD,Y,Y,,Y
0501022234,HCP00878,,Prescriber2234,2334 Main St,Kansas City,KS,66160,FM,MD,Y,Y,,Y
0502217002,HCP00879,,Prescriber7002,7102 Main St,Omaha,NE,68198,ID,MD,Y,Y,,Y
0502764470,HCP00880,,Prescriber4470,4570 Main St,Houston,TX,77030,CD,MD,Y,Y,,Y
0502791162,HCP00881,,Prescriber1162,1262 Main St,Houston,TX,77030,EM,PA,Y,Y,,Y
0503144425,HCP00882,,Prescriber4425,4525 Main St,Chicago,IL,60611,P,PA,Y,Y,,Y
0503526787,HCP00883,,Prescriber6787,6887 Main St,Houston,TX,77004,FM,MD,Y,Y,,Y
0504444576,HCP00884,,Prescriber4576,4676 Main St,Rockville,MD,20852,PD,MD,Y,Y,,Y
0504755549,HCP00885,,Prescriber5549,5649 Main St,Charlotte,NC,28287,IM,MD,Y,Y,,Y
0506120196,HCP00886,,Prescriber0196,296 Main St,San Antonio,TX,78258,FM,MD,Y,Y,,Y
0506424629,HCP00887,,Prescriber4629,4729 Main St,Raleigh,NC,27607,P,NP,Y,Y,,Y
0506721648,HCP00888,,Prescriber1648,1748 Main St,Houston,TX,77030,SW,SW,Y,Y,,Y
0507062540,HCP00889,,Prescriber2540,2640 Main St,Kennesaw,GA,30144,PD,MD,Y,Y,,Y
0507152879,HCP00890,,Prescriber2879,2979 Main St,Miami,FL,33136,EM,MD,Y,Y,,Y
0507495756,Alison,S,Lewis,2076 Ingleside Ave,Macon,GA,31204,AI,MD,Y,Y,,Y
0507722123,HCP00891,,Prescriber2123,2223 Main St,Houston,TX,77030,PD,MD,Y,Y,,Y
0507776947,HCP00892,,Prescriber6947,7047 Main St,Frederick,MD,21703,FM,MD,Y,Y,,Y
0507979529,Melissa,D,Cunningham,3328 Jenkins Rd Ste 200,Chattanooga,TN,37403,PD,MD,Y,Y,B,
0508258657,HCP00893,,Prescriber8657,8757 Main St,Houston,TX,77030,GP,RN,Y,Y,,Y
0508319089,Sarah,L,Sweeney,703 Pro Med Ln,Carmel,IN,46032,FM,MD,Y,Y,B,
0508404013,HCP00894,,Prescriber4013,4113 Main St,Tappan,NY,10983,PED,DDS,Y,Y,,Y
0508457188,HCP00895,,Prescriber7188,7288 Main St,Macon,GA,31201,PD,MD,Y,Y,,Y
0509308571,Diane,K,Floyd,6950 Hillsdale Ct,Indianapolis,IN,46250,CHP,NP,Y,Y,C,
0509316999,HCP00896,,Prescriber6999,7099 Main St,Houston,TX,77030,PD,MD,Y,Y,,Y
0509514600,HCP00897,,Prescriber4600,4700 Main St,Houston,TX,77030,IM,MD,Y,Y,,Y
0509919178,HCP00898,,Prescriber9178,278 Main St,Houston,TX,77030,PD,MD,Y,Y,,Y
0510190388,HCP00899,,Prescriber0388,488 Main St,Houston,TX,77030,IM,NP,Y,Y,,Y
0512117765,HCP00900,,Prescriber7765,7865 Main St,Phoenix,AZ,85016,FM,NP,Y,Y,,Y
0512167988,HCP00901,,Prescriber7988,8088 Main St,Houston,TX,77030,EM,MD,Y,Y,,Y
0512436931,HCP00902,,Prescriber6931,7031 Main St,Atlanta,GA,30303,GP,MD,Y,Y,,Y
0512710244,Nicole,K,Carr,871 Lowcountry Blvd Ste 200,Mount Pleasant,SC,29464,P,NP,Y,Y,B,
0512934186,Gary,M,Koch,820 Wall St,Norman,OK,73069,P,NP,Y,Y,B,
0513253344,HCP00903,,Prescriber3344,3444 Main St,Houston,TX,77030,IM,MD,Y,Y,,Y
0513604914,HCP00904,,Prescriber4914,5014 Main St,Houston,TX,77030,FM,NP,Y,Y,,Y
0513708706,HCP00905,,Prescriber8706,8806 Main St,Indianapolis,IN,46202,IM,MD,Y,Y,,Y
0513910155,HCP00906,,Prescriber0155,255 Main St,Webster,TX,77598,PD,MD,Y,Y,,Y
0515300672,HCP00907,,Prescriber0672,772 Main St,Houston,TX,77030,GER,NP,Y,Y,,Y
0515629204,HCP00908,,Prescriber9204,304 Main St,Pearland,TX,77584,P,MD,Y,Y,,Y
0515935018,HCP00909,,Prescriber5018,5118 Main St,Eugene,OR,97404,FM,PA,Y,Y,,Y
0516346354,HCP00910,,Prescriber6354,6454 Main St,Jacksonville,FL,32204,FM,DO,Y,Y,,Y
0516504302,Anthony,D,Jones,103 Medical Heights Dr,Morganton,NC,28655,PD,NP,Y,Y,,Y
0516722543,HCP00911,,Prescriber2543,2643 Main St,Houston,TX,77030,EM,DO,Y,Y,,Y
0516816718,HCP00912,,Prescriber6718,6818 Main St,Miami,FL,33136,IM,MD,Y,Y,,Y
0517800143,HCP00913,,Prescriber0143,243 Main St,Ketchikan,AK,99950,HOS,MD,Y,Y,,Y
0517995201,Megan,O,Anderson,10950 W 86th St,Merriam,KS,66204,FM,MD,Y,Y,A,
0518844330,HCP00914,,Prescriber4330,4430 Main St,Columbus,GA,31904,P,MD,Y,Y,,Y
0519025416,HCP00915,,Prescriber5416,5516 Main St,Charleston,SC,29425,ON,MD,Y,Y,,Y
0519170026,Casey,,Mckinney,217 Railroad Ave,Donaldsonville,LA,70346,FM,MD,Y,Y,,
0519953801,HCP00916,,Prescriber3801,3901 Main St,Houston,TX,77030,P,NP,Y,Y,,Y
0521545779,HCP00917,,Prescriber5779,5879 Main St,Houston,TX,77030,DIA,PA,Y,Y,,Y
0521690542,HCP00918,,Prescriber0542,642 Main St,Sterling Heights,MI,48310,PD,MD,Y,Y,,Y
0521869397,HCP00919,,Prescriber9397,497 Main St,Santa Monica,CA,90401,R,MD,Y,Y,,Y
0522445456,HCP00920,,Prescriber5456,5556 Main St,Houston,TX,77030,FM,MD,Y,Y,,Y
0522783723,HCP00921,,Prescriber3723,3823 Main St,Houston,TX,77030,DR,MD,Y,Y,,Y
0523467255,Christopher,P,Grant,115 W Clay St,Sylacauga,AL,35150,FM,NP,Y,Y,,Y
0523834636,HCP00922,,Prescriber4636,4736 Main St,Houston,TX,77030,FM,NP,Y,Y,,Y
0524083543,HCP00923,,Prescriber3543,3643 Main St,Houston,TX,77030,P,NP,Y,Y,,Y
0527055104,HCP00924,,Prescriber5104,5204 Main St,Houston,TX,77030,MID,APRN,Y,Y,,Y
0527800682,HCP00925,,Prescriber0682,782 Main St,Houston,TX,77030,PD,PVN,Y,Y,,Y
0527886425,HCP00926,,Prescriber6425,6525 Main St,Charleston,SC,29425,P,MD,Y,Y,,Y
0528077906,HCP00927,,Prescriber7906,8006 Main St,Houston,TX,77030,GP,PA,Y,Y,,Y
0529211789,HCP00928,,Prescriber1789,1889 Main St,Raleigh,NC,27617,P,PA,Y,Y,,Y
0529359569,HCP00929,,Prescriber9569,669 Main St,Durham,NC,27705,CLP,MD,Y,Y,,Y
0530260693,HCP00930,,Prescriber0693,793 Main St,Greensboro,NC,27412,P,NP,Y,Y,,Y
0530997187,HCP00931,,Prescriber7187,7287 Main St,Nederland,TX,77627,IM,MD,Y,Y,,Y
0532268573,HCP00932,,Prescriber8573,8673 Main St,Philadelphia,PA,19104,FM,DO,Y,Y,,Y
0532449713,HCP00933,,Prescriber9713,813 Main St,West Valley City,UT,84119,GP,NP,Y,Y,,Y
0532629496,Michael,G,Hicks II,1508 S Broad St Ste 300,Scottsboro,AL,35768,FM,NP,Y,Y,,Y
0532924308,HCP00934,,Prescriber4308,4408 Main St,Miami,FL,33136,PUD,MD,Y,Y,,Y
0533351892,HCP00935,,Prescriber1892,1992 Main St,Opelika,AL,36801,P,MD,Y,Y,,Y
0535406120,HCP00936,,Prescriber6120,6220 Main St,North Augusta,SC,29841,FM,MD,Y,Y,,Y
0535903099,HCP00937,,Prescriber3099,3199 Main St,Houston,TX,77030,GS,MD,Y,Y,,Y
0536182174,HCP00938,,Prescriber2174,2274 Main St,Houston,TX,77030,EM,MD,Y,Y,,Y
0536254685,HCP00939,,Prescriber4685,4785 Main St,Little Rock,AR,72205,FM,MD,Y,Y,,Y
0536763803,HCP00940,,Prescriber3803,3903 Main St,Hickory,NC,28601,P,MD,Y,Y,,Y
0536816291,Anthony,,Martin,44095 Pipeline Plz Ste 240,Ashburn,VA,20147,P,MD,Y,Y,B,
0537213073,HCP00941,,Prescriber3073,3173 Main St,Fruita,CO,81521,PD,MD,Y,Y,,Y
0537743989,HCP00942,,Prescriber3989,4089 Main St,Houston,TX,77030,EM,MD,Y,Y,,Y
0537935106,Antonio,D,Martinez,3945 San Jose Park Dr,Jacksonville,FL,32217,PD,MD,Y,Y,B,
0538409408,HCP00943,,Prescriber9408,508 Main St,Houston,TX,77030,PD,MD,Y,Y,,Y
0538495184,HCP00944,,Prescriber5184,5284 Main St,Shawano,WI,54166,FM,MD,Y,Y,,Y
0539125875,HCP00945,,Prescriber5875,5975 Main St,Winterville,NC,28590,PD,MD,Y,Y,,Y
0539187093,HCP00946,,Prescriber7093,7193 Main St,Raleigh,NC,27609,P,PA,Y,Y,,Y
0539338131,HCP00947,,Prescriber8131,8231 Main St,Miami,FL,33175,PD,MD,Y,Y,,Y
0539564735,HCP00948,,Prescriber4735,4835 Main St,Houston,TX,77030,GP,PA,Y,Y,,Y
0540672185,HCP00949,,Prescriber2185,2285 Main St,Charleston,SC,29414,P,NP,Y,Y,,Y
0541196010,HCP00950,,Prescriber6010,6110 Main St,Phoenix,AZ,85016,AN,MD,Y,Y,,Y
0541694182,HCP00951,,Prescriber4182,4282 Main St,Houston,TX,77030,EM,DO,Y,Y,,Y
0542638296,HCP00952,,Prescriber8296,8396 Main St,Jacksonville,FL,32217,P,MD,Y,Y,,Y
0542917302,HCP00953,,Prescriber7302,7402 Main St,Houston,TX,77030,P,MD,Y,Y,,Y
0543013595,HCP00954,,Prescriber3595,3695 Main St,Chicago,IL,60612,OSM,MD,Y,Y,,Y
0543390945,HCP00955,,Prescriber0945,1045 Main St,Atlanta,GA,30322,ADU,NP,Y,Y,,Y
0543802539,HCP00956,,Prescriber2539,2639 Main St,Birmingham,AL,35233,PD,MD,Y,Y,,Y
0544602296,Andrea,K,Clay,10 3rd Ave NE Ste 500,Hickory,NC,28601,GP,PA,Y,Y,A,
0544816238,HCP00957,,Prescriber6238,6338 Main St,Houston,TX,77030,PD,MD,Y,Y,,Y
0544938779,Deanna,K,Jones,2760 Washington Dr Ste 110,Norman,OK,73069,P,MD,Y,Y,A,
0545323593,HCP00958,,Prescriber3593,3693 Main St,Glen Head,NY,11545,P,MD,Y,Y,,Y
0545841866,HCP00959,,Prescriber1866,1966 Main St,Chicago,IL,60642,P,PA,Y,Y,,Y
0545952778,HCP00960,,Prescriber2778,2878 Main St,Mooresville,NC,28117,P,NP,Y,Y,,Y
0546236125,HCP00961,,Prescriber6125,6225 Main St,Cumming,GA,30041,FM,DO,Y,Y,,Y
0546278311,HCP00962,,Prescriber8311,8411 Main St,Greenville,NC,27858,P,MD,Y,Y,,Y
0547528027,HCP00963,,Prescriber8027,8127 Main St,Phoenix,AZ,85016,P,NP,Y,Y,,Y
0547903077,HCP00964,,Prescriber3077,3177 Main St,Raleigh,NC,27603,MHC,NP,Y,Y,,Y
0548052541,Mary,R,Cooper,106 W Myrtle Ave,Foley,AL,36535,PD,MD,Y,Y,,Y
0548082212,HCP00965,,Prescriber2212,2312 Main St,Leesburg,VA,20176,P,NP,Y,Y,,Y
0548585116,HCP00966,,Prescriber5116,5216 Main St,Glen Burnie,MD,21061,P,MD,Y,Y,,Y
0548746142,HCP00967,,Prescriber6142,6242 Main St,Philadelphia,PA,19104,OBG,DO,Y,Y,,Y
0549017068,HCP00968,,Prescriber7068,7168 Main St,Scranton,PA,18504,PD,MD,Y,Y,,Y
0550640722,HCP00969,,Prescriber0722,822 Main St,Nashville,TN,37212,P,DO,Y,Y,,Y
0550666785,HCP00970,,Prescriber6785,6885 Main St,Palmetto,FL,34221,PD,MD,Y,Y,,Y
0550914211,HCP00971,,Prescriber4211,4311 Main St,Houston,TX,77030,DR,MD,Y,Y,,Y
0551745023,HCP00972,,Prescriber5023,5123 Main St,Winter Haven,FL,33880,PD,MD,Y,Y,,Y
0552025473,HCP00973,,Prescriber5473,5573 Main St,Orlando,FL,32819,P,NP,Y,Y,,Y
0553311830,HCP00974,,Prescriber1830,1930 Main St,Miami,FL,33136,FM,MD,Y,Y,,Y
0553617673,HCP00975,,Prescriber7673,7773 Main St,Los Altos,CA,94022,DBP,MD,Y,Y,,Y
0553767928,HCP00976,,Prescriber7928,8028 Main St,Anniston,AL,36201,FM,MD,Y,Y,,Y
0554001085,HCP00977,,Prescriber1085,1185 Main St,Baton Rouge,LA,70808,CHN,NP,Y,Y,,Y
0554503435,Robert,B,Wilson,16 Windermere Blvd,Charleston,SC,29407,FM,MD,Y,Y,C,
0554654412,HCP00978,,Prescriber4412,4512 Main St,Houston,TX,77030,FM,MD,Y,Y,,Y
0554771598,HCP00979,,Prescriber1598,1698 Main St,Houston,TX,77030,POD,DPM,Y,Y,,Y
0555610300,HCP00980,,Prescriber0300,400 Main St,Indianapolis,IN,46220,GP,NP,Y,Y,,Y
0556136931,HCP00981,,Prescriber6931,7031 Main St,Oklahoma City,OK,73104,GP,DO,Y,Y,,Y
0557899388,Timothy,P,Huerta,1433 Fairfield Dr,Austin,TX,78758,P,MD,Y,Y,A,
0559000097,HCP00982,,Prescriber0097,197 Main St,Omaha,NE,68198,VIR,MD,Y,Y,,Y
0559617017,HCP00983,,Prescriber7017,7117 Main St,Atlanta,GA,30322,PD,MD,Y,Y,,Y
0560303406,Tamara,A,Harris,1200 Altmore Ave Ste 200,Sandy Springs,GA,30342,P,DO,Y,Y,C,
0560413359,Anthony,L,Hill,7305 Jarnigan Rd Ste 125,Chattanooga,TN,37421,PD,MD,Y,Y,C,
0562075619,Darrell,A,Franco,7111 E 21st St N Ste A,Wichita,KS,67206,FM,MD,N,Y,B,
0562993001,HCP00984,,Prescriber3001,3101 Main St,Houston,TX,77030,ADU,NP,Y,Y,,Y
0563049948,HCP00985,,Prescriber9948,1048 Main St,Houston,TX,77030,PD,RN,Y,Y,,Y
0563289025,HCP00986,,Prescriber9025,125 Main St,Houston,TX,77030,FM,NP,Y,Y,,Y
0564333530,HCP00987,,Prescriber3530,3630 Main St,Elgin,IL,60123,P,NP,Y,Y,,Y
0564525698,HCP00988,,Prescriber5698,5798 Main St,Denver,CO,80228,P,NP,Y,Y,,Y
0564577942,HCP00989,,Prescriber7942,8042 Main St,Miami,FL,33136,GP,NP,Y,Y,,Y
0564602759,Erin,E,Phillips,1815 Meredith Ln,Philadelphia,PA,19131,P,NP,Y,Y,B,
0565301949,HCP00990,,Prescriber1949,2049 Main St,Conroe,TX,77304,FM,MD,Y,Y,,Y
0566823532,Calvin,I,Hicks,11709 Old Ballas Rd Ste 103,Saint Louis,MO,63141,CHP,MD,Y,Y,A,
0567361921,HCP00991,,Prescriber1921,2021 Main St,Wichita,KS,67226,P,NP,Y,Y,,Y
0567648556,HCP00992,,Prescriber8556,8656 Main St,Grosse Pointe,MI,48236,P,MD,Y,Y,,Y
0567832241,HCP00993,,Prescriber2241,2341 Main St,Plainfield,IL,60544,P,NP,Y,Y,,Y
0567858486,HCP00994,,Prescriber8486,8586 Main St,Philadelphia,PA,19104,N,MD,Y,Y,,Y
0567876837,Shannon,E,Lloyd,1144 Cypress Glen Cir,Kissimmee,FL,34741,PD,MD,Y,Y,,Y
0568771602,Matthew,A,Rivera,710 Johnnie Dodds Blvd Ste 200,Mount Pleasant,SC,29464,P,NP,Y,Y,A,
0568943598,Kaitlin,A,Jones,7400 W 129th St Ste 200,Overland Park,KS,66213,PD,MD,Y,Y,B,
0569245939,HCP00995,,Prescriber5939,6039 Main St,Houston,TX,77030,P,MD,Y,Y,,Y
0569822425,HCP00996,,Prescriber2425,2525 Main St,Houston,TX,77030,FM,NP,Y,Y,,Y
0570182788,HCP00997,,Prescriber2788,2888 Main St,Houston,TX,77030,FM,NP,Y,Y,,Y
0570576564,Leslie,J,Moore,5470 Martha Berry Hwy NE,Armuchee,GA,30105,FM,MD,Y,Y,C,
0570838723,HCP00998,,Prescriber8723,8823 Main St,Houston,TX,77030,FM,PA,Y,Y,,Y
0571026367,Taylor,B,Galloway,4600 Fairmont Pkwy Ste 107,Pasadena,TX,77504,AI,MD,N,N,A,Y
0571095560,HCP00999,,Prescriber5560,5660 Main St,Johnson City,TN,37604,PD,MD,Y,Y,,Y
0571740716,HCP01000,,Prescriber0716,816 Main St,Houston,TX,77030,PD,MD,Y,Y,,Y
0572234113,HCP01001,,Prescriber4113,4213 Main St,Houston,TX,77030,FM,NP,Y,Y,,Y
0572345420,HCP01002,,Prescriber5420,5520 Main St,Austin,TX,78731,FM,MD,Y,Y,,Y
0572362954,HCP01003,,Prescriber2954,3054 Main St,Houston,TX,77030,AC,NP,Y,Y,,Y
0573171959,HCP01004,,Prescriber1959,2059 Main St,Miami,FL,33180,P,NP,Y,Y,,Y
0573259998,HCP01005,,Prescriber9998,1098 Main St,Houston,TX,77030,D,MD,Y,Y,,Y
0573597366,HCP01006,,Prescriber7366,7466 Main St,Houston,TX,77030,OBG,MD,Y,Y,,Y
0574595582,HCP01007,,Prescriber5582,5682 Main St,Belmont,NC,28012,PD,MD,Y,Y,,Y
0574730961,HCP01008,,Prescriber0961,1061 Main St,Cary,NC,27518,P,PA,Y,Y,,Y
0576178342,HCP01009,,Prescriber8342,8442 Main St,Livonia,MI,48152,FM,PA,Y,Y,,Y
0577272835,HCP01010,,Prescriber2835,2935 Main St,Houston,TX,77030,PER,DMD,Y,Y,,Y
0577710350,HCP01011,,Prescriber0350,450 Main St,Houston,TX,77030,D,MD,Y,Y,,Y
0577812757,HCP01012,,Prescriber2757,2857 Main St,Kansas City,KS,66160,END,MD,Y,Y,,Y
0577989299,HCP01013,,Prescriber9299,399 Main St,Houston,TX,77030,P,MD,Y,Y,,Y
0578564559,HCP01014,,Prescriber4559,4659 Main St,Houston,TX,77030,PD,MD,Y,Y,,Y
0580060164,HCP01015,,Prescriber0164,264 Main St,Houston,TX,77030,FM,DO,Y,Y,,Y
0580521194,HCP01016,,Prescriber1194,1294 Main St,New York,NY,10024,P,MD,Y,Y,,Y
0581153196,HCP01017,,Prescriber3196,3296 Main St,Houston,TX,77030,PD,MD,Y,Y,,Y
0582849951,HCP01018,,Prescriber9951,1051 Main St,Louisville,KY,40222,P,NP,Y,Y,,Y
0582997787,HCP01019,,Prescriber7787,7887 Main St,Houston,TX,77030,OBG,NP,Y,Y,,Y
0583425250,HCP01020,,Prescriber5250,5350 Main St,New York,NY,10025,P,MD,Y,Y,,Y
0583946939,HCP01021,,Prescriber6939,7039 Main St,Atlanta,GA,30322,PD,DO,Y,Y,,Y
0584240050,HCP01022,,Prescriber0050,150 Main St,Indianapolis,IN,46202,N,MD,Y,Y,,Y
0584542083,HCP01023,,Prescriber2083,2183 Main St,Houston,TX,77030,GER,NP,Y,Y,,Y
0585380093,HCP01024,,Prescriber0093,193 Main St,Atlanta,GA,30338,P,MD,Y,Y,,Y
0585456945,HCP01025,,Prescriber6945,7045 Main St,Wilmington,NC,28401,P,NP,Y,Y,,Y
0585606700,Willie,S,Ibarra,13611 Skinner Rd Ste 145,Cypress,TX,77429,PD,MD,Y,Y,,Y
0585794050,HCP01026,,Prescriber4050,4150 Main St,Cleveland,OH,44195,P,NP,Y,Y,,Y
0585858604,HCP01027,,Prescriber8604,8704 Main St,Houston,TX,77030,HO,NP,Y,Y,,Y
0585924377,Jennifer,L,Cuevas,100 State Route 36 Ste 2R,Shrewsbury,NJ,07702,CHP,MD,Y,Y,C,
0586294450,Tracy,L,Mata,8325 Walnut Hill Ln Ste 225,Dallas,TX,75231,PD,NP,Y,Y,,Y
0586551960,HCP01028,,Prescriber1960,2060 Main St,Chicago,IL,60612,GS,MD,Y,Y,,Y
0586573753,HCP01029,,Prescriber3753,3853 Main St,Davidson,NC,28036,P,MD,Y,Y,,Y
0587059794,HCP01030,,Prescriber9794,894 Main St,Birmingham,AL,35233,PD,MD,Y,Y,,Y
0587281687,HCP01031,,Prescriber1687,1787 Main St,Virginia Beach,VA,23452,GP,PA,Y,Y,,Y
0587531283,HCP01032,,Prescriber1283,1383 Main St,Houston,TX,77030,ON,RN,Y,Y,,Y
0587707711,HCP01033,,Prescriber7711,7811 Main St,Houston,TX,77030,PD,MD,Y,Y,,Y
0588707592,HCP01034,,Prescriber7592,7692 Main St,Houston,TX,77030,FPG,MD,Y,Y,,Y
0588716779,HCP01035,,Prescriber6779,6879 Main St,Atlanta,GA,30322,PER,DDS,Y,Y,,Y
0589466945,HCP01036,,Prescriber6945,7045 Main St,Louisville,KY,40202,FM,DO,Y,Y,,Y
0590441092,HCP01037,,Prescriber1092,1192 Main St,High Point,NC,27265,PD,MD,Y,Y,,Y
0590758435,Christopher,A,Burton,260 Grayson Rd Ste 100,Virginia Beach,VA,23462,P,PA,Y,Y,B,
0591124327,HCP01038,,Prescriber4327,4427 Main St,Nashville,TN,37228,P,NP,Y,Y,,Y
0591648331,Linda,T,Wells,451 Ruin Creek Rd Ste 101,Henderson,NC,27536,PD,MD,Y,Y,,Y
0592259313,HCP01039,,Prescriber9313,413 Main St,Phoenix,AZ,85016,FM,MD,Y,Y,,Y
0592352394,HCP01040,,Prescriber2394,2494 Main St,Milwaukee,WI,53226,GP,NP,Y,Y,,Y
0592657594,HCP01041,,Prescriber7594,7694 Main St,Dahlonega,GA,30533,FM,MD,Y,Y,,Y
0592850699,David,T,Williams,3436 N Main St,Hope Mills,NC,28348,GP,PA,Y,Y,,Y
0592901482,HCP01042,,Prescriber1482,1582 Main St,Philadelphia,PA,19104,FM,NP,Y,Y,,Y
0593179701,HCP01043,,Prescriber9701,801 Main St,Houston,TX,77030,P,MD,Y,Y,,Y
0593705464,HCP01044,,Prescriber5464,5564 Main St,Washington,DC,20009,IM,NP,Y,Y,,Y
0594632278,HCP01045,,Prescriber2278,2378 Main St,Houston,TX,77030,GS,PA,Y,Y,,Y
0598048238,HCP01046,,Prescriber8238,8338 Main St,Orlando,FL,32819,P,MD,Y,Y,,Y
0598431327,HCP01047,,Prescriber1327,1427 Main St,Atlanta,GA,30322,CCP,MD,Y,Y,,Y
0599136959,HCP01048,,Prescriber6959,7059 Main St,Charleston,SC,29425,IM,MD,Y,Y,,Y
0599138854,Craig,P,Ramirez,2301 W I 35 Frontage Rd,Moore,OK,73160,PD,MD,Y,Y,C,
0599404570,Megan,L,Rios,3906 E US Highway 377 Ste 110,Granbury,TX,76049,PD,MD,Y,Y,,Y
0600150212,HCP01049,,Prescriber0212,312 Main St,Chicago,IL,60612,HPM,NP,Y,Y,,Y
0600931174,HCP01050,,Prescriber1174,1274 Main St,Houston,TX,77030,PD,PVN,Y,Y,,Y
0602058082,HCP01051,,Prescriber8082,8182 Main St,Daytona Beach,FL,32114,HOS,DO,Y,Y,,Y
0602285238,HCP01052,,Prescriber5238,5338 Main St,Atlanta,GA,30303,P,MD,Y,Y,,Y
0602551762,HCP01053,,Prescriber1762,1862 Main St,Charleston,SC,29425,DR,MD,Y,Y,,Y
0602709092,Dr.,B,Denise Johnson,600 Germantown Pike,Lafayette Hill,PA,19444,AI,MD,Y,Y,,Y
0603341915,HCP01054,,Prescriber1915,2015 Main St,Phoenix,AZ,85016,PED,DMD,Y,Y,,Y
0604356640,HCP01055,,Prescriber6640,6740 Main St,King Of Prussia,PA,19406,P,MD,Y,Y,,Y
0604514129,HCP01056,,Prescriber4129,4229 Main St,Philadelphia,PA,19104,P,MD,Y,Y,,Y
0604822033,Christopher,B,Martinez,9141 Cypress Green Dr Ste 1,Jacksonville,FL,32207,P,NP,Y,Y,B,
0605795917,Scott,H,Solis DVM,601 White Hills Dr Ste 100,Rockwall,TX,75087,P,MD,Y,Y,C,
0605876214,HCP01057,,Prescriber6214,6314 Main St,Atlanta,GA,30322,ADL,MD,Y,Y,,Y
0606319542,HCP01058,,Prescriber9542,642 Main St,Baldwin,NY,11510,PD,MD,Y,Y,,Y
0606937086,HCP01059,,Prescriber7086,7186 Main St,Oklahoma City,OK,73112,FM,MD,Y,Y,,Y
0607141638,HCP01060,,Prescriber1638,1738 Main St,Houston,TX,77030,FM,MD,Y,Y,,Y
0607453480,HCP01061,,Prescriber3480,3580 Main St,Charleston,SC,29425,PUD,PA,Y,Y,,Y
0607481005,HCP01062,,Prescriber1005,1105 Main St,Indianapolis,IN,46202,IC,MD,Y,Y,,Y
0607912411,HCP01063,,Prescriber2411,2511 Main St,Brentwood,TN,37027,P,NP,Y,Y,,Y
0607922959,HCP01064,,Prescriber2959,3059 Main St,Asheville,NC,28803,P,MD,Y,Y,,Y
0609518176,Shirley,D,Howe,302 Sunset Dr Ste 103,Johnson City,TN,37604,P,MD,Y,Y,C,
0609966784,HCP01065,,Prescriber6784,6884 Main St,Troy,MO,63379,FM,DO,Y,Y,,Y
0610016614,HCP01066,,Prescriber6614,6714 Main St,Houston,TX,77030,PD,MD,Y,Y,,Y
0610037530,Ashley,W,Reilly,6402 8th Ave Rm 501,Brooklyn,NY,11220,PD,MD,Y,Y,,Y
0610356895,HCP01067,,Prescriber6895,6995 Main St,Seattle,WA,98122,P,NP,Y,Y,,Y
0610625919,HCP01068,,Prescriber5919,6019 Main St,Houston,TX,77030,P,NP,Y,Y,,Y
0610805449,HCP01069,,Prescriber5449,5549 Main St,Boone,NC,28607,FM,NP,Y,Y,,Y
0610888386,HCP01070,,Prescriber8386,8486 Main St,Newburgh,IN,47630,IM,MD,Y,Y,,Y
0611692158,HCP01071,,Prescriber2158,2258 Main St,Naperville,IL,60564,PD,MD,Y,Y,,Y
0612866780,HCP01072,,Prescriber6780,6880 Main St,Houston,TX,77030,REN,MD,Y,Y,,Y
0612926317,HCP01073,,Prescriber6317,6417 Main St,Houston,TX,77030,IMG,MD,Y,Y,,Y
0613432184,HCP01074,,Prescriber2184,2284 Main St,Madison,AL,35758,P,MD,Y,Y,,Y
0613633102,HCP01075,,Prescriber3102,3202 Main St,Ft Mitchell,KY,41017,P,MD,Y,Y,,Y
0613783721,HCP01076,,Prescriber3721,3821 Main St,Houston,TX,77084,GP,PA,Y,Y,,Y
0614052660,HCP01077,,Prescriber2660,2760 Main St,Lawrenceville,GA,30046,P,MD,Y,Y,,Y
0614080026,HCP01078,,Prescriber0026,126 Main St,Iowa City,IA,52242,P,NP,Y,Y,,Y
0614091352,HCP01079,,Prescriber1352,1452 Main St,Houston,TX,77030,FM,MD,Y,Y,,Y
0614272721,HCP01080,,Prescriber2721,2821 Main St,Ozark,MO,65721,FSM,MD,Y,Y,,Y
0614642162,HCP01081,,Prescriber2162,2262 Main St,Houston,TX,77030,PTH,MD,Y,Y,,Y
0615818529,HCP01082,,Prescriber8529,8629 Main St,Andover,KS,67002,FM,MD,Y,Y,,Y
0616105497,Joann,A,Jones,1300 N West Shore Blvd Ste 240,Tampa,FL,33606,P,PA,Y,Y,C,
0616172456,Annette,A,Palmer,7714 Conner Rd Ste 101,Powell,TN,37849,PD,MD,Y,Y,B,
0616180579,HCP01083,,Prescriber0579,679 Main St,Durham,NC,27705,N,PA,Y,Y,,Y
0616467294,HCP01084,,Prescriber7294,7394 Main St,Salisbury,NC,28144,ADU,NP,Y,Y,,Y
0616860870,HCP01085,,Prescriber0870,970 Main St,Durham,NC,27705,ORS,DO,Y,Y,,Y
0616977300,James,W,Russell,3855 Trueman Ct,Hilliard,OH,43026,PD,MD,Y,Y,C,
0617017341,HCP01086,,Prescriber7341,7441 Main St,Brooklyn,NY,11201,GP,MD,Y,Y,,Y
0617241116,HCP01087,,Prescriber1116,1216 Main St,Fayetteville,NC,28304,GP,PA,Y,Y,,Y
0617298393,Jessica,,Arnold,7100 Camino Real Ste 404,Boca Raton,FL,33433,P,MD,Y,Y,B,
0617458298,HCP01088,,Prescriber8298,8398 Main St,New Hyde Park,NY,11042,PD,NP,Y,Y,,Y
0617907528,HCP01089,,Prescriber7528,7628 Main St,Fairhope,AL,36532,PD,MD,Y,Y,,Y
0618115247,Sydney,C,Gomez,4740 S I 10 Service Rd W Fl 2,Metairie,LA,70001,PD,MD,Y,Y,,
0618151968,HCP01090,,Prescriber1968,2068 Main St,Jacksonville,NC,28546,IM,PA,Y,Y,,Y
0618207599,HCP01091,,Prescriber7599,7699 Main St,Indianapolis,IN,46202,P,NP,Y,Y,,Y
0618514672,HCP01092,,Prescriber4672,4772 Main St,New York,NY,10016,AN,DO,Y,Y,,Y
0618615967,HCP01093,,Prescriber5967,6067 Main St,Lynbrook,NY,11563,N,MD,Y,Y,,Y
0618690191,HCP01094,,Prescriber0191,291 Main St,Greer,SC,29650,UCM,MD,Y,Y,,Y
0620204675,HCP01095,,Prescriber4675,4775 Main St,Kalamazoo,MI,49008,P,DO,Y,Y,,Y
0620294520,HCP01096,,Prescriber4520,4620 Main St,Evanston,IL,60201,P,MD,Y,Y,,Y
0621486078,HCP01097,,Prescriber6078,6178 Main St,Charleston,SC,29425,DEN,DDS,Y,Y,,Y
0622114963,Katie,C,Martinez,719 Sawdust Rd Ste 210,Cypress,TX,77429,P,MD,Y,Y,A,
0622863118,Lucas,,Johnson,16554 N Dale Mabry Hwy,Tampa,FL,33618,P,MD,N,N,C,
0623032867,HCP01098,,Prescriber2867,2967 Main St,Houston,TX,77030,DEN,DDS,Y,Y,,Y
0624232402,Sarah,B,George,2103 Coral Way Ste 601,Coral Gables,FL,33145,P,MD,Y,Y,B,
0624342928,HCP01099,,Prescriber2928,3028 Main St,Perrysburg,OH,43551,FM,NP,Y,Y,,Y
0625367934,Richard,,Wagner,2211 Route 88 Ste 2A,Brick,NJ,08724,PD,MD,Y,Y,,Y
0625462945,HCP01100,,Prescriber2945,3045 Main St,Saint Louis,MO,63110,GP,RN,Y,Y,,Y
0625982984,HCP01101,,Prescriber2984,3084 Main St,Durham,NC,27705,PD,MD,Y,Y,,Y
0626555168,HCP01102,,Prescriber5168,5268 Main St,Ashburn,VA,20147,P,MD,Y,Y,,Y
0627349597,HCP01103,,Prescriber9597,697 Main St,Houston,TX,77030,OBG,MD,Y,Y,,Y
0627374488,HCP01104,,Prescriber4488,4588 Main St,Virginia Beach,VA,23454,P,PA,Y,Y,,Y
0628038433,HCP01105,,Prescriber8433,8533 Main St,Garden City,NY,11530,PD,MD,Y,Y,,Y
0629373063,HCP01106,,Prescriber3063,3163 Main St,Warren,OH,44483,P,NP,Y,Y,,Y
0630333782,HCP01107,,Prescriber3782,3882 Main St,Houston,TX,77030,IM,DO,Y,Y,,Y
0630678797,Joseph,B,Atkinson,3051 Churchill Dr Ste 130,Flower Mound,TX,75022,AI,MD,Y,Y,,Y
0631219464,HCP01108,,Prescriber9464,564 Main St,Omaha,NE,68198,P,MD,Y,Y,,Y
0631255327,HCP01109,,Prescriber5327,5427 Main St,Delaware,OH,43015,IM,DO,Y,Y,,Y
0631885739,HCP01110,,Prescriber5739,5839 Main St,Houston,TX,77030,IM,DO,Y,Y,,Y
0632632439,Brian,A,Meza,3500 NW 56th St Ste 100,Oklahoma City,OK,73112,FM,MD,Y,Y,B,
0633423096,HCP01111,,Prescriber3096,3196 Main St,Franklin,TN,37069,IM,MD,Y,Y,,Y
0633867547,HCP01112,,Prescriber7547,7647 Main St,Miami,FL,33136,URPS,NP,Y,Y,,Y
0633988619,HCP01113,,Prescriber8619,8719 Main St,Commack,NY,11725,PD,NP,Y,Y,,Y
0634076421,Casey,,Phillips,35 Collier Rd NW Ste 775,Atlanta,GA,30309,IM,DO,Y,Y,,Y
0634864936,HCP01114,,Prescriber4936,5036 Main St,Cleveland,OH,44102,P,MD,Y,Y,,Y
0634915178,HCP01115,,Prescriber5178,5278 Main St,Alpharetta,GA,30005,PD,MD,Y,Y,,Y
0635303551,Donald,I,Lin,4755 Kingsway Dr,Indianapolis,IN,46205,P,MD,Y,Y,C,
0635326148,HCP01116,,Prescriber6148,6248 Main St,Columbus,OH,43228,ADU,NP,Y,Y,,Y
0635335995,HCP01117,,Prescriber5995,6095 Main St,Houston,TX,77030,D,MD,Y,Y,,Y
0635952892,HCP01118,,Prescriber2892,2992 Main St,Cornelius,NC,28031,GP,NP,Y,Y,,Y
0636288785,HCP01119,,Prescriber8785,8885 Main St,Houston,TX,77030,P,NP,Y,Y,,Y
0636466798,HCP01120,,Prescriber6798,6898 Main St,Cary,NC,27518,GP,PA,Y,Y,,Y
0637043344,HCP01121,,Prescriber3344,3444 Main St,Roswell,GA,30076,P,NP,Y,Y,,Y
0638215171,HCP01122,,Prescriber5171,5271 Main St,Richmond,VA,23220,P,MD,Y,Y,,Y
0638464423,HCP01123,,Prescriber4423,4523 Main St,New York,NY,10016,IM,DO,Y,Y,,Y
0638558021,HCP01124,,Prescriber8021,8121 Main St,Casselberry,FL,32707,FM,NP,Y,Y,,Y
0638760335,HCP01125,,Prescriber0335,435 Main St,Marietta,GA,30062,P,MD,Y,Y,,Y
0638803644,HCP01126,,Prescriber3644,3744 Main St,Houston,TX,77030,FM,NP,Y,Y,,Y
0639870073,Terri,M,Cannon,5755 N Point Pkwy Ste 67,Roswell,GA,30076,CHP,DO,Y,Y,C,
0641146121,Dwayne,P,Greene,557 Cranbury Rd Ste 7,East Brunswick,NJ,08816,IM,DO,Y,Y,C,
0641278366,HCP01127,,Prescriber8366,8466 Main St,Houston,TX,77030,FM,MD,Y,Y,,Y
0641686022,HCP01128,,Prescriber6022,6122 Main St,Houston,TX,77030,PD,MD,Y,Y,,Y
0642006302,HCP01129,,Prescriber6302,6402 Main St,Raleigh,NC,27617,P,PA,Y,Y,,Y
0642113103,HCP01130,,Prescriber3103,3203 Main St,Greenville,SC,29605,IM,MD,Y,Y,,Y
0643215477,HCP01131,,Prescriber5477,5577 Main St,Houston,TX,77030,GS,MD,Y,Y,,Y
0644669600,HCP01132,,Prescriber9600,700 Main St,Houston,TX,77030,FM,NP,Y,Y,,Y
0645139565,HCP01133,,Prescriber9565,665 Main St,Houston,TX,77030,FM,NP,Y,Y,,Y
0645455660,HCP01134,,Prescriber5660,5760 Main St,Dacula,GA,30019,D,DO,Y,Y,,Y
0645826391,HCP01135,,Prescriber6391,6491 Main St,Houston,TX,77055,P,MD,Y,Y,,Y
0647702147,Jordan,D,Conner,2572 W State Road 426 Ste 3056,Oviedo,FL,32765,P,NP,Y,Y,B,
0648137484,HCP01136,,Prescriber7484,7584 Main St,Winnetka,IL,60093,PD,MD,Y,Y,,Y
0648175913,HCP01137,,Prescriber5913,6013 Main St,Houston,TX,77030,DEN,DDS,Y,Y,,Y
0649070339,HCP01138,,Prescriber0339,439 Main St,Eastpoint,FL,32328,FM,MD,Y,Y,,Y
0649768483,Ann,M,Payne,15077 S Dixie Hwy,Miami,FL,33176,PD,PA,Y,Y,,Y
0649781240,HCP01139,,Prescriber1240,1340 Main St,Miami,FL,33136,PS,MD,Y,Y,,Y
0650301618,HCP01140,,Prescriber1618,1718 Main St,Roswell,GA,30075,PD,MD,Y,Y,,Y
0650377214,HCP01141,,Prescriber7214,7314 Main St,Houston,TX,77030,WH,NP,Y,Y,,Y
0650763959,HCP01142,,Prescriber3959,4059 Main St,Charleston,SC,29425,MFM,MD,Y,Y,,Y
0651278353,HCP01143,,Prescriber8353,8453 Main St,Houston,TX,77030,PD,MD,Y,Y,,Y
0651785762,HCP01144,,Prescriber5762,5862 Main St,Strongsville,OH,44136,CHP,NP,Y,Y,,Y
0652853009,HCP01145,,Prescriber3009,3109 Main St,Cincinnati,OH,45244,PD,MD,Y,Y,,Y
0653147731,Brianna,R,Garcia,1802 Presbyterian Dr SW,Decatur,AL,35603,PD,DO,Y,Y,,Y
0653663268,HCP01146,,Prescriber3268,3368 Main St,Reading,PA,19610,OBG,NP,Y,Y,,Y
0653901432,HCP01147,,Prescriber1432,1532 Main St,Houston,TX,77030,FM,MD,Y,Y,,Y
0654320658,HCP01148,,Prescriber0658,758 Main St,Tacoma,WA,98405,PD,DO,Y,Y,,Y
0654814386,HCP01149,,Prescriber4386,4486 Main St,San Diego,CA,92130,P,MD,Y,Y,,Y
0655252606,HCP01150,,Prescriber2606,2706 Main St,Houston,TX,77030,IM,MD,Y,Y,,Y
0655467804,HCP01151,,Prescriber7804,7904 Main St,Houston,TX,77030,WH,NP,Y,Y,,Y
0655596504,HCP01152,,Prescriber6504,6604 Main St,Houston,TX,77030,PD,MD,Y,Y,,Y
0656259211,HCP01153,,Prescriber9211,311 Main St,Kansas City,MO,64114,PD,MD,Y,Y,,Y
0656388172,Jacob,F,Hernandez,9120 Connecticut St Ste A,Merrillville,IN,46410,P,MD,Y,Y,B,
0656666787,Christy,E,Cruz,5959 West Loop S Ste 600,Bellaire,TX,77401,P,MD,Y,Y,A,
0657928318,Daniel,F,Rosales,261 James St Ste 1G,Morristown,NJ,07960,PD,NP,Y,Y,,Y
0658056997,HCP01154,,Prescriber6997,7097 Main St,Houston,TX,77030,GP,NP,Y,Y,,Y
0658361004,Lisa,D,Molina,150 S Warner Rd Ste 130,Wayne,PA,19087,PSU,NP,Y,Y,C,
0658544709,HCP01155,,Prescriber4709,4809 Main St,Vernon Hills,IL,60061,PD,DO,Y,Y,,Y
0659644052,HCP01156,,Prescriber4052,4152 Main St,Fort Covington,NY,12937,GP,PA,Y,Y,,Y
0660011868,HCP01157,,Prescriber1868,1968 Main St,Omaha,NE,68130,N,NP,Y,Y,,Y
0660126192,HCP01158,,Prescriber6192,6292 Main St,Senatobia,MS,38668,PD,MD,Y,Y,,Y
0660158915,HCP01159,,Prescriber8915,9015 Main St,Houston,TX,77030,PD,MD,Y,Y,,Y
0660170225,HCP01160,,Prescriber0225,325 Main St,San Antonio,TX,78253,PD,MD,Y,Y,,Y
0661964255,Sara,B,Palmer,635 Stephenson Ave,Savannah,GA,31405,P,MD,Y,Y,A,
0662689381,HCP01161,,Prescriber9381,481 Main St,Wilmington,NC,28403,IMG,DO,Y,Y,,Y
0663793576,HCP01162,,Prescriber3576,3676 Main St,Chicago,IL,60657,FM,MD,Y,Y,,Y
0664320859,HCP01163,,Prescriber0859,959 Main St,Houston,TX,77030,AC,NP,Y,Y,,Y
0665367043,HCP01164,,Prescriber7043,7143 Main St,Cleveland,OH,44195,U,PA,Y,Y,,Y
0666015458,HCP01165,,Prescriber5458,5558 Main St,Houston,TX,77030,PD,MD,Y,Y,,Y
0666329011,HCP01166,,Prescriber9011,111 Main St,Pittsburgh,PA,15213,AC,NP,Y,Y,,Y
0666577318,HCP01167,,Prescriber7318,7418 Main St,Huntersville,NC,28078,PD,MD,Y,Y,,Y
0666778721,HCP01168,,Prescriber8721,8821 Main St,Pittsford,NY,14534,P,NP,Y,Y,,Y
0667122856,HCP01169,,Prescriber2856,2956 Main St,Kansas City,KS,66160,FM,MD,Y,Y,,Y
0667781316,David,H,Bowman,1970 Augusta Hwy,Lexington,SC,29072,PD,MD,Y,Y,,Y
0667940323,Claire,A,Brooks,2012 Garfield Ave Ste 2,Dallas,TX,75244,FM,NP,Y,Y,B,
0668068623,HCP01170,,Prescriber8623,8723 Main St,Lancaster,OH,43130,PD,NP,Y,Y,,Y
0668175705,HCP01171,,Prescriber5705,5805 Main St,Houston,TX,77030,EM,MD,Y,Y,,Y
0668226037,Heather,D,Herrera,6101 Lake Ellenor Dr Ste 105,Orlando,FL,32809,PD,NP,Y,Y,,Y
0669085871,HCP01172,,Prescriber5871,5971 Main St,Atlanta,GA,30322,ID,MD,Y,Y,,Y
0669755163,Thomas,S,Lang,4210 Lincoln Rd,Hattiesburg,MS,39402,PD,NP,Y,Y,,Y
0669828622,HCP01173,,Prescriber8622,8722 Main St,Cincinnati,OH,45209,IM,MD,Y,Y,,Y
0670133209,HCP01174,,Prescriber3209,3309 Main St,Carmel,IN,46032,PD,MD,Y,Y,,Y
0671312065,HCP01175,,Prescriber2065,2165 Main St,Atlanta,GA,30322,FM,NP,Y,Y,,Y
0671408379,HCP01176,,Prescriber8379,8479 Main St,North Augusta,SC,29860,FM,NP,Y,Y,,Y
0671988332,HCP01177,,Prescriber8332,8432 Main St,Maricopa,AZ,85138,PD,MD,Y,Y,,Y
0672450629,HCP01178,,Prescriber0629,729 Main St,Dallas,TX,75206,PD,MD,Y,Y,,Y
0672824498,HCP01179,,Prescriber4498,4598 Main St,Indianapolis,IN,46202,P,MD,Y,Y,,Y
0673241296,HCP01180,,Prescriber1296,1396 Main St,Houston,TX,77030,AN,MD,Y,Y,,Y
0674195255,HCP01181,,Prescriber5255,5355 Main St,Houston,TX,77030,PTH,MD,Y,Y,,Y
0674336919,HCP01182,,Prescriber6919,7019 Main St,Hollywood,FL,33024,P,NP,Y,Y,,Y
0674383678,HCP01183,,Prescriber3678,3778 Main St,Houston,TX,77030,DR,MD,Y,Y,,Y
0674450202,HCP01184,,Prescriber0202,302 Main St,Bowie,MD,20715,FM,NP,Y,Y,,Y
0674481739,HCP01185,,Prescriber1739,1839 Main St,Houston,TX,77030,CD,NP,Y,Y,,Y
0674654331,HCP01186,,Prescriber4331,4431 Main St,Jackson,MS,39216,PD,MD,Y,Y,,Y
0675265152,HCP01187,,Prescriber5152,5252 Main St,Durham,NC,27705,MHC,MD,Y,Y,,Y
0676061087,HCP01188,,Prescriber1087,1187 Main St,Youngwood,PA,15697,GP,NP,Y,Y,,Y
0677178054,HCP01189,,Prescriber8054,8154 Main St,Millersville,MD,21108,FM,NP,Y,Y,,Y
0677567410,HCP01190,,Prescriber7410,7510 Main St,Houston,TX,77030,UM,MD,Y,Y,,Y
0677709072,HCP01191,,Prescriber9072,172 Main St,Birmingham,AL,35205,PD,MD,Y,Y,,Y
0677728804,HCP01192,,Prescriber8804,8904 Main St,Hockessin,DE,19707,PD,MD,Y,Y,,Y
0677891677,HCP01193,,Prescriber1677,1777 Main St,Houston,TX,77030,HOS,MD,Y,Y,,Y
0679379659,HCP01194,,Prescriber9659,759 Main St,Las Vegas,NV,89106,PD,MD,Y,Y,,Y
0679430595,HCP01195,,Prescriber0595,695 Main St,Birmingham,AL,35205,PD,MD,Y,Y,,Y
0679524417,HCP01196,,Prescriber4417,4517 Main St,Kansas City,KS,66160,FM,MD,Y,Y,,Y
0679843105,HCP01197,,Prescriber3105,3205 Main St,Enterprise,AL,36330,PD,MD,Y,Y,,Y
0680152631,HCP01198,,Prescriber2631,2731 Main St,Chicago,IL,60612,P,NP,Y,Y,,Y
0680539631,HCP01199,,Prescriber9631,731 Main St,Houston,TX,77030,PD,RN,Y,Y,,Y
0680996160,HCP01200,,Prescriber6160,6260 Main St,Houston,TX,77030,GP,PA,Y,Y,,Y
0681054486,HCP01201,,Prescriber4486,4586 Main St,Houston,TX,77030,N,MD,Y,Y,,Y
0681657945,HCP01202,,Prescriber7945,8045 Main St,Indianapolis,IN,46202,AN,MD,Y,Y,,Y
0681828881,Todd,K,Jordan,912 2nd St NE,Hickory,NC,28601,AI,MD,Y,Y,,Y
0681839362,HCP01203,,Prescriber9362,462 Main St,Houston,TX,77030,GP,PA,Y,Y,,Y
0682604024,Derek,S,Harris,666 Dundee Rd Ste 1302,Northbrook,IL,60062,P,MD,Y,Y,C,
0682686394,HCP01204,,Prescriber6394,6494 Main St,New York,NY,10016,PD,MD,Y,Y,,Y
0682941389,HCP01205,,Prescriber1389,1489 Main St,Houston,TX,77030,GS,PA,Y,Y,,Y
0683259160,HCP01206,,Prescriber9160,260 Main St,Houston,TX,77030,PD,MD,Y,Y,,Y
0683273218,HCP01207,,Prescriber3218,3318 Main St,Pittsburgh,PA,15236,P,MD,Y,Y,,Y
0683406784,HCP01208,,Prescriber6784,6884 Main St,Newburgh,NY,12550,PD,NP,Y,Y,,Y
0683935722,HCP01209,,Prescriber5722,5822 Main St,Houston,TX,77030,OBG,MD,Y,Y,,Y
0685585880,HCP01210,,Prescriber5880,5980 Main St,Memphis,TN,38103,PD,MD,Y,Y,,Y
0685700542,HCP01211,,Prescriber0542,642 Main St,Houston,TX,77030,PD,MD,Y,Y,,Y
0688283620,HCP01212,,Prescriber3620,3720 Main St,Plano,TX,75093,PD,MD,Y,Y,,Y
0688777935,Sarah,K,Singh,760 Newtown Yardley Rd Ste 122,Newtown,PA,18940,P,MD,Y,Y,C,
0688968800,HCP01213,,Prescriber8800,8900 Main St,Hickory,NC,28602,P,DO,Y,Y,,Y
0689319422,HCP01214,,Prescriber9422,522 Main St,Richmond,VA,23298,FM,NP,Y,Y,,Y
0689343669,HCP01215,,Prescriber3669,3769 Main St,Charleston,SC,29425,OPH,MD,Y,Y,,Y
0689509822,Daniel,R,Beltran,2550 E Guadalupe Rd Ste 115,Gilbert,AZ,85234,PD,MD,Y,Y,C,
0690583434,HCP01216,,Prescriber3434,3534 Main St,Phoenix,AZ,85016,PD,MD,Y,Y,,Y
0691158043,Deanna,C,Norris,913 S College Rd Ste 102,Lafayette,LA,70503,PSC,PSY,Y,Y,A,
0692031123,HCP01217,,Prescriber1123,1223 Main St,Los Angeles,CA,90095,PD,MD,Y,Y,,Y
0692314963,HCP01218,,Prescriber4963,5063 Main St,New York,NY,10016,FM,MD,Y,Y,,Y
0692319688,HCP01219,,Prescriber9688,788 Main St,Houston,TX,77030,PMM,DO,Y,Y,,Y
0692832964,HCP01220,,Prescriber2964,3064 Main St,Corpus Christi,TX,78405,FM,DO,Y,Y,,Y
0692833768,Kelly,A,Rodgers,302 La Rue France Ste 202,Lafayette,LA,70508,P,NP,Y,Y,A,
0692905686,HCP01221,,Prescriber5686,5786 Main St,Atlanta,GA,30322,ORS,MD,Y,Y,,Y
0693384757,HCP01222,,Prescriber4757,4857 Main St,Wilmington,NC,28401,IM,MD,Y,Y,,Y
0694215990,HCP01223,,Prescriber5990,6090 Main St,Houston,TX,77030,PUD,MD,Y,Y,,Y
0695019337,HCP01224,,Prescriber9337,437 Main St,New York,NY,10018,P,NP,Y,Y,,Y
0695362317,Jonathan,B,Guzman,88 Orchard Rd Ste 2,Skillman,NJ,08558,P,DO,Y,Y,C,
0695386423,HCP01225,,Prescriber6423,6523 Main St,Lakewood,OH,44107,IM,MD,Y,Y,,Y
0698358481,HCP01226,,Prescriber8481,8581 Main St,Longwood,FL,32750,IM,MD,Y,Y,,Y
0700330469,HCP01227,,Prescriber0469,569 Main St,Lexington,KY,40504,P,NP,Y,Y,,Y
0700806200,HCP01228,,Prescriber6200,6300 Main St,Houston,TX,77030,POD,DPM,Y,Y,,Y
0701423555,HCP01229,,Prescriber3555,3655 Main St,Indianapolis,IN,46202,IM,DO,Y,Y,,Y
0702507123,HCP01230,,Prescriber7123,7223 Main St,Wilmington,NC,28401,IM,NP,Y,Y,,Y
0702612626,HCP01231,,Prescriber2626,2726 Main St,Phoenix,AZ,85016,GP,PA,Y,Y,,Y
0703031533,HCP01232,,Prescriber1533,1633 Main St,Westerville,OH,43082,IM,MD,Y,Y,,Y
0703273969,HCP01233,,Prescriber3969,4069 Main St,Kansas City,KS,66160,EM,NP,Y,Y,,Y
0703623255,Tyler,,Johnson,917 N Lake St Ste 250,Amherst,OH,44001,PD,MD,Y,Y,,Y
0704017384,HCP01234,,Prescriber7384,7484 Main St,Houston,TX,77030,IM,MD,Y,Y,,Y
0704164241,HCP01235,,Prescriber4241,4341 Main St,Houston,TX,77030,PD,MD,Y,Y,,Y
0704236774,Franklin,A,Stokes,970 Executive Parkway Dr,Saint Louis,MO,63141,CHP,MD,Y,Y,B,
0704405684,HCP01236,,Prescriber5684,5784 Main St,Atlanta,GA,30322,DEN,DMD,Y,Y,,Y
0705255272,HCP01237,,Prescriber5272,5372 Main St,Arnold,MO,63010,P,NP,Y,Y,,Y
0705354877,Andrea,A,Coleman,502 McKnight Dr Ste 202,Knightdale,NC,27545,P,PA,Y,Y,B,
0705562680,HCP01238,,Prescriber2680,2780 Main St,Houston,TX,77030,OSG,MD,Y,Y,,Y
0705567607,HCP01239,,Prescriber7607,7707 Main St,Houston,TX,77030,PD,RN,Y,Y,,Y
0706340891,HCP01240,,Prescriber0891,991 Main St,Oklahoma City,OK,73115,FM,MD,Y,Y,,Y
0706381024,HCP01241,,Prescriber1024,1124 Main St,Saint Louis,MO,63110,IM,MD,Y,Y,,Y
0706717138,Misty,K,Johns,7610 Gleason Dr Ste 302,Knoxville,TN,37919,P,MD,Y,Y,A,
0707165296,HCP01242,,Prescriber5296,5396 Main St,Saint Louis,MO,63110,FM,NP,Y,Y,,Y
0707878706,HCP01243,,Prescriber8706,8806 Main St,Fairmont,WV,26554,GER,NP,Y,Y,,Y
0707924377,HCP01244,,Prescriber4377,4477 Main St,Marion,IA,52302,P,NP,Y,Y,,Y
0708343516,HCP01245,,Prescriber3516,3616 Main St,Waukee,IA,50263,PD,MD,Y,Y,,Y
0708492719,Eric,L,Peterson,7405 Renner Rd,Shawnee,KS,66217,FM,NP,Y,Y,C,
0709133328,HCP01246,,Prescriber3328,3428 Main St,Atlanta,GA,30309,PD,MD,Y,Y,,Y
0710123738,HCP01247,,Prescriber3738,3838 Main St,Galveston,TX,77555,FM,MD,Y,Y,,Y
0710501319,HCP01248,,Prescriber1319,1419 Main St,Houston,TX,77030,PD,MD,Y,Y,,Y
0710594933,HCP01249,,Prescriber4933,5033 Main St,Tyrone,GA,30290,P,APRN,Y,Y,,Y
0710725564,HCP01250,,Prescriber5564,5664 Main St,Beverly Hills,CA,90211,IM,MD,Y,Y,,Y
0712407101,HCP01251,,Prescriber7101,7201 Main St,Houston,TX,77030,DR,MD,Y,Y,,Y
0712412062,HCP01252,,Prescriber2062,2162 Main St,Miami,FL,33136,PMD,MD,Y,Y,,Y
0712847869,Dawn,S,Burns,412 N Gum St,Summerville,SC,29483,FM,MD,Y,Y,C,
0713027951,Randy,M,Davis,135 N Arlington Heights Rd Ste 105,Skokie,IL,60077,P,PA,Y,Y,C,
0713273506,HCP01253,,Prescriber3506,3606 Main St,Houston,TX,77030,PD,RN,Y,Y,,Y
0713393572,HCP01254,,Prescriber3572,3672 Main St,Houston,TX,77030,FM,DO,Y,Y,,Y
0713894273,Yvonne,M,Palmer,10415 Leo Rd,Fort Wayne,IN,46825,AI,NP,Y,Y,,Y
0714809860,HCP01255,,Prescriber9860,960 Main St,Nashville,TN,37205,IM,MD,Y,Y,,Y
0714904527,HCP01256,,Prescriber4527,4627 Main St,Madison,WI,53717,FM,DO,Y,Y,,Y
0715732168,HCP01257,,Prescriber2168,2268 Main St,Metairie,LA,70001,PD,MD,Y,Y,,Y
0715852478,HCP01258,,Prescriber2478,2578 Main St,Houston,TX,77030,HO,MD,Y,Y,,Y
0716058606,HCP01259,,Prescriber8606,8706 Main St,Cumming,GA,30041,PD,MD,Y,Y,,Y
0716628799,HCP01260,,Prescriber8799,8899 Main St,Mesa,AZ,85206,PD,MD,Y,Y,,Y
0717656252,HCP01261,,Prescriber6252,6352 Main St,Burgaw,NC,28425,P,PA,Y,Y,,Y
0718120888,Monica,B,Mcguire,2601 Laurel St Ste 250,Columbia,SC,29204,PD,MD,Y,Y,,Y
0718203833,HCP01262,,Prescriber3833,3933 Main St,Houston,TX,77030,PTH,MD,Y,Y,,Y
0718287710,Robin,C,Anderson,213 N Haddon Ave,Haddonfield,NJ,08033,AI,DO,Y,Y,,Y
0718892582,HCP01263,,Prescriber2582,2682 Main St,Houston,TX,77030,IM,DO,Y,Y,,Y
0719438852,HCP01264,,Prescriber8852,8952 Main St,Miami,FL,33145,P,NP,Y,Y,,Y
0719643554,HCP01265,,Prescriber3554,3654 Main St,Houston,TX,77030,EM,APRN,Y,Y,,Y
0719662869,HCP01266,,Prescriber2869,2969 Main St,Ormond Beach,FL,32176,P,NP,Y,Y,,Y
0720508937,HCP01267,,Prescriber8937,9037 Main St,Ocala,FL,34471,PD,DO,Y,Y,,Y
0720634219,HCP01268,,Prescriber4219,4319 Main St,Lewistown,PA,17044,P,PA,Y,Y,,Y
0720668473,Lauren,N,Jackson,5965 Parkway North Blvd Ste C,Cumming,GA,30040,P,MD,Y,Y,C,
0720705309,HCP01269,,Prescriber5309,5409 Main St,Houston,TX,77030,EM,MD,Y,Y,,Y
0720707862,HCP01270,,Prescriber7862,7962 Main St,Huntersville,NC,28078,P,PA,Y,Y,,Y
0721080379,Michelle,C,Doyle,414 N Mills Ave,Orlando,FL,32803,PD,NP,Y,Y,,Y
0721156922,HCP01271,,Prescriber6922,7022 Main St,Houston,TX,77030,GYN,MD,Y,Y,,Y
0721665863,HCP01272,,Prescriber5863,5963 Main St,Houston,TX,77030,PD,MD,Y,Y,,Y
0721709153,HCP01273,,Prescriber9153,253 Main St,Houston,TX,77030,GP,PA,Y,Y,,Y
0722522312,HCP01274,,Prescriber2312,2412 Main St,Memphis,TN,38117,ADL,MD,Y,Y,,Y
0722729858,HCP01275,,Prescriber9858,958 Main St,Houston,TX,77030,RO,MD,Y,Y,,Y
0722740896,HCP01276,,Prescriber0896,996 Main St,Lake Worth,FL,33449,P,MD,Y,Y,,Y
0722825727,HCP01277,,Prescriber5727,5827 Main St,Chicago,IL,60612,OTO,MD,Y,Y,,Y
0722901643,HCP01278,,Prescriber1643,1743 Main St,Houston,TX,77030,OPH,MD,Y,Y,,Y
0724176839,HCP01279,,Prescriber6839,6939 Main St,Buffalo Grove,IL,60089,P,MD,Y,Y,,Y
0724352700,HCP01280,,Prescriber2700,2800 Main St,Louisville,KY,40222,P,MD,Y,Y,,Y
0724744435,HCP01281,,Prescriber4435,4535 Main St,Wyoming,MI,49519,PD,NP,Y,Y,,Y
0724953774,HCP01282,,Prescriber3774,3874 Main St,Lady Lake,FL,32159,GP,NP,Y,Y,,Y
0725189361,HCP01283,,Prescriber9361,461 Main St,Lincoln,NE,68516,IM,MD,Y,Y,,Y
0725646113,HCP01284,,Prescriber6113,6213 Main St,Hixson,TN,37343,FM,NP,Y,Y,,Y
0726953537,HCP01285,,Prescriber3537,3637 Main St,Greenville,SC,29607,P,NP,Y,Y,,Y
0728565080,HCP01286,,Prescriber5080,5180 Main St,Kansas City,KS,66160,OBG,MD,Y,Y,,Y
0728939547,Robert,E,Winters,1500 W Market St Ste 200,Oconomowoc,WI,53066,P,NP,Y,Y,B,
0729017954,HCP01287,,Prescriber7954,8054 Main St,Houston,TX,77030,HO,NP,Y,Y,,Y
0729045026,HCP01288,,Prescriber5026,5126 Main St,Jacksonville,FL,32256,P,MD,Y,Y,,Y
0729640122,HCP01289,,Prescriber0122,222 Main St,Houston,TX,77030,FM,NP,Y,Y,,Y
0729748771,Jillian,C,Thomas,215 North St Ste A,Elkton,MD,21921,PD,NP,Y,Y,,Y
0731677710,HCP01290,,Prescriber7710,7810 Main St,Miami,FL,33173,FM,NP,Y,Y,,Y
0731699826,HCP01291,,Prescriber9826,926 Main St,Houston,TX,77030,IM,MD,Y,Y,,Y
0731742244,HCP01292,,Prescriber2244,2344 Main St,Omaha,NE,68198,U,NP,Y,Y,,Y
0731829473,HCP01293,,Prescriber9473,573 Main St,Alexandria,VA,22306,AI,MD,Y,Y,,Y
0732528628,HCP01294,,Prescriber8628,8728 Main St,Houston,TX,77030,AI,MD,Y,Y,,Y
0732549101,HCP01295,,Prescriber9101,201 Main St,Saint Louis,MO,63144,PD,MD,Y,Y,,Y
0733297366,HCP01296,,Prescriber7366,7466 Main St,Richmond,VA,23298,HOS,NP,Y,Y,,Y
0733783596,HCP01297,,Prescriber3596,3696 Main St,Irving,TX,75062,PD,MD,Y,Y,,Y
0734247191,HCP01298,,Prescriber7191,7291 Main St,Fort Mill,SC,29715,PD,MD,Y,Y,,Y
0734566466,HCP01299,,Prescriber6466,6566 Main St,Houston,TX,77030,GP,MD,Y,Y,,Y
0734779661,HCP01300,,Prescriber9661,761 Main St,Houston,TX,77030,HO,MD,Y,Y,,Y
0734974555,HCP01301,,Prescriber4555,4655 Main St,Alpharetta,GA,30005,PD,MD,Y,Y,,Y
0735860419,HCP01302,,Prescriber0419,519 Main St,Sugar Land,TX,77479,FM,MD,Y,Y,,Y
0736881728,HCP01303,,Prescriber1728,1828 Main St,Cleveland,OH,44195,PM,MD,Y,Y,,Y
0737814077,HCP01304,,Prescriber4077,4177 Main St,Cleveland,OH,44195,OPT,OD,Y,Y,,Y
0738603660,HCP01305,,Prescriber3660,3760 Main St,Houston,TX,77030,RHU,MD,Y,Y,,Y
0738636521,HCP01306,,Prescriber6521,6621 Main St,Houston,TX,77030,FM,NP,Y,Y,,Y
0738860022,Angela,F,Hughes,16 Professional Park Dr,Webster,TX,77598,PD,MD,Y,Y,A,
0739714986,HCP01307,,Prescriber4986,5086 Main St,Greenville,SC,29609,P,NP,Y,Y,,Y
0740472272,HCP01308,,Prescriber2272,2372 Main St,Bayside,NY,11361,PD,NP,Y,Y,,Y
0742354484,HCP01309,,Prescriber4484,4584 Main St,Durham,NC,27705,EM,MD,Y,Y,,Y
0742391887,Connor,M,Morgan,111 E 80th St Apt 1D,New York,NY,10075,CHP,MD,Y,Y,B,
0742644483,HCP01310,,Prescriber4483,4583 Main St,Houston,TX,77030,NS,MD,Y,Y,,Y
0742751457,HCP01311,,Prescriber1457,1557 Main St,Cumberland,MD,21502,PD,MD,Y,Y,,Y
0743028662,HCP01312,,Prescriber8662,8762 Main St,Houston,TX,77030,PD,MD,Y,Y,,Y
0743590355,HCP01313,,Prescriber0355,455 Main St,Houston,TX,77030,EM,MD,Y,Y,,Y
0743658731,Rebecca,L,Blevins,261 James St Ste 1G,Morristown,NJ,07960,PD,MD,Y,Y,,Y
0744372444,HCP01314,,Prescriber2444,2544 Main St,Wilmington,NC,28403,FM,NP,Y,Y,,Y
0745508551,HCP01315,,Prescriber8551,8651 Main St,Ketchikan,AK,99950,FM,NP,Y,Y,,Y
0746730234,HCP01316,,Prescriber0234,334 Main St,Gilbert,AZ,85295,PD,DO,Y,Y,,Y
0747402846,HCP01317,,Prescriber2846,2946 Main St,Buffalo,NY,14221,FM,MD,Y,Y,,Y
0747829480,HCP01318,,Prescriber9480,580 Main St,Cleveland,OH,44195,GP,PA,Y,Y,,Y
0748680077,HCP01319,,Prescriber0077,177 Main St,Metairie,LA,70005,FM,MD,Y,Y,,Y
0749621957,HCP01320,,Prescriber1957,2057 Main St,Kannapolis,NC,28081,FM,MD,Y,Y,,Y
0750147478,HCP01321,,Prescriber7478,7578 Main St,Baton Rouge,LA,70818,FM,NP,Y,Y,,Y
0750734251,HCP01322,,Prescriber4251,4351 Main St,Owings Mills,MD,21117,PD,NP,Y,Y,,Y
0751361580,HCP01323,,Prescriber1580,1680 Main St,Chelsea,AL,35043,FM,MD,Y,Y,,Y
0751370679,HCP01324,,Prescriber0679,779 Main St,Gaithersburg,MD,20877,P,NP,Y,Y,,Y
0751507882,Thomas,M,Lowe,81 Davis Ave Ste 4,Warren,NJ,07059,PD,NP,Y,Y,C,
0752461728,HCP01325,,Prescriber1728,1828 Main St,Houston,TX,77030,PS,MD,Y,Y,,Y
0752492773,HCP01326,,Prescriber2773,2873 Main St,Kansas City,KS,66160,GP,RN,Y,Y,,Y
0752566206,HCP01327,,Prescriber6206,6306 Main St,New York,NY,10016,DR,MD,Y,Y,,Y
0753174282,HCP01328,,Prescriber4282,4382 Main St,La Porte,IN,46350,PD,NP,Y,Y,,Y
0753692795,HCP01329,,Prescriber2795,2895 Main St,Folsom,CA,95630,FM,NP,Y,Y,,Y
0754162905,HCP01330,,Prescriber2905,3005 Main St,Houston,TX,77030,PDC,MD,Y,Y,,Y
0754969354,HCP01331,,Prescriber9354,454 Main St,Houston,TX,77030,OBG,MD,Y,Y,,Y
0755402934,Robert,M,Rodriguez,8614 Shepherd Farm Dr,West Chester,OH,45069,P,NP,Y,Y,B,
0756231131,Elizabeth,S,Moore,5819 Highway 6 Ste 300,Missouri City,TX,77459,PD,MD,Y,Y,A,Y
0758863323,HCP01332,,Prescriber3323,3423 Main St,Houston,TX,77030,PD,MD,Y,Y,,Y
0759105356,HCP01333,,Prescriber5356,5456 Main St,Yorktown Heights,NY,10598,RHU,PA,Y,Y,,Y
0759156258,HCP01334,,Prescriber6258,6358 Main St,Houston,TX,77030,OBG,NP,Y,Y,,Y
0759388107,HCP01335,,Prescriber8107,8207 Main St,Atlanta,GA,30322,FM,NP,Y,Y,,Y
0760099351,HCP01336,,Prescriber9351,451 Main St,Miami,FL,33136,P,MD,Y,Y,,Y
0760721721,HCP01337,,Prescriber1721,1821 Main St,Houston,TX,77030,CHN,NP,Y,Y,,Y
0760895754,HCP01338,,Prescriber5754,5854 Main St,Houston,TX,77030,D,MD,Y,Y,,Y
0761119163,HCP01339,,Prescriber9163,263 Main St,Atlanta,GA,30322,FM,NP,Y,Y,,Y
0761217431,HCP01340,,Prescriber7431,7531 Main St,Clarksville,TN,37040,P,NP,Y,Y,,Y
0761264492,HCP01341,,Prescriber4492,4592 Main St,Hollywood,FL,33021,PD,DO,Y,Y,,Y
0761520800,HCP01342,,Prescriber0800,900 Main St,Houston,TX,77030,FM,MD,Y,Y,,Y
0761766612,HCP01343,,Prescriber6612,6712 Main St,Asheville,NC,28801,FM,NP,Y,Y,,Y
0762256986,HCP01344,,Prescriber6986,7086 Main St,Ballston Spa,NY,12020,P,NP,Y,Y,,Y
0762827195,Leah,E,Thompson,8651 W North Ave,Wauwatosa,WI,53226,PD,MD,Y,Y,B,
0763624488,HCP01345,,Prescriber4488,4588 Main St,Frisco,TX,75035,PD,MD,Y,Y,,Y
0763840892,HCP01346,,Prescriber0892,992 Main St,Candler,NC,28715,ADM,MD,Y,Y,,Y
0764293367,HCP01347,,Prescriber3367,3467 Main St,Kansas City,KS,66160,FM,PA,Y,Y,,Y
0764461343,HCP01348,,Prescriber1343,1443 Main St,Houston,TX,77030,ORS,MD,Y,Y,,Y
0765614014,HCP01349,,Prescriber4014,4114 Main St,New Albany,IN,47150,P,NP,Y,Y,,Y
0766651900,Mrs.,A,Jessica Snyder,109 Hospital Dr,Calhoun,GA,30701,FM,MD,Y,Y,C,
0767369289,HCP01350,,Prescriber9289,389 Main St,Miami,FL,33136,SW,HBP,Y,Y,,Y
0768257288,HCP01351,,Prescriber7288,7388 Main St,Houston,TX,77030,AC,NP,Y,Y,,Y
0768361575,HCP01352,,Prescriber1575,1675 Main St,Mason,OH,45040,FM,MD,Y,Y,,Y
0768488899,Andre,D,Ross,640 Independence Pkwy Ste 100,Chesapeake,VA,23320,P,NP,Y,Y,B,
0768683580,HCP01353,,Prescriber3580,3680 Main St,Houston,TX,77030,FM,NP,Y,Y,,Y
0770380766,HCP01354,,Prescriber0766,866 Main St,Goodyear,AZ,85395,PMD,DO,Y,Y,,Y
0775157841,HCP01355,,Prescriber7841,7941 Main St,Houston,TX,77030,NEP,MD,Y,Y,,Y
0775872774,HCP01356,,Prescriber2774,2874 Main St,Houston,TX,77030,GS,MD,Y,Y,,Y
0775979504,HCP01357,,Prescriber9504,604 Main St,Fairfax,VA,22030,P,MD,Y,Y,,Y
0776566948,HCP01358,,Prescriber6948,7048 Main St,Houston,TX,77030,NPM,MD,Y,Y,,Y
0776819482,Robin,,Powell,550 Westcott St Ste 520,Houston,TX,77007,CHP,MD,Y,Y,C,
0777112521,HCP01359,,Prescriber2521,2621 Main St,Houston,TX,77030,PD,MD,Y,Y,,Y
0777436654,Mary,H,Brown,1626 Cranium Dr Ste 101,Rock Hill,SC,29732,P,NP,Y,Y,A,
0777440710,Dennis,G,Jones,7150 W 20th Ave Ste 106,Hialeah,FL,33016,AI,NP,Y,Y,,Y
0777559305,HCP01360,,Prescriber9305,405 Main St,Ocala,FL,34474,P,MD,Y,Y,,Y
0778376115,Lindsey,S,Brown,4500 Salisbury Rd Ste 490,Jacksonville,FL,32216,P,NP,Y,Y,A,
0778560839,HCP01361,,Prescriber0839,939 Main St,Houston,TX,77030,FM,MD,Y,Y,,Y
0778730178,HCP01362,,Prescriber0178,278 Main St,Brooklyn,NY,11204,GP,NP,Y,Y,,Y
0779542240,Ronald,L,Wade,1635 Highway 34 E Ste C,Newnan,GA,30265,P,MD,Y,Y,C,
0780403339,Kathleen,,Tucker,425 Huehl Rd Bldg 19B,Northbrook,IL,60062,P,MD,Y,Y,A,
0782255309,HCP01363,,Prescriber5309,5409 Main St,Ft Mitchell,KY,41017,PD,MD,Y,Y,,Y
0783525483,HCP01364,,Prescriber5483,5583 Main St,Houston,TX,77030,CCM,MD,Y,Y,,Y
0783782857,HCP01365,,Prescriber2857,2957 Main St,Houston,TX,77030,REN,MD,Y,Y,,Y
0784420979,HCP01366,,Prescriber0979,1079 Main St,Henderson,NV,89052,P,PA,Y,Y,,Y
0784554225,HCP01367,,Prescriber4225,4325 Main St,Cumming,GA,30041,PD,MD,Y,Y,,Y
0784603823,HCP01368,,Prescriber3823,3923 Main St,Houston,TX,77030,D,MD,Y,Y,,Y
0784836403,HCP01369,,Prescriber6403,6503 Main St,Houston,TX,77030,EM,MD,Y,Y,,Y
0785582413,HCP01370,,Prescriber2413,2513 Main St,Atlanta,GA,30322,ORS,MD,Y,Y,,Y
0786122097,HCP01371,,Prescriber2097,2197 Main St,Houston,TX,77030,N,NP,Y,Y,,Y
0786131216,HCP01372,,Prescriber1216,1316 Main St,Houston,TX,77030,AI,MD,Y,Y,,Y
0786152725,HCP01373,,Prescriber2725,2825 Main St,Houston,TX,77030,PD,NP,Y,Y,,Y
0786562130,HCP01374,,Prescriber2130,2230 Main St,Houston,TX,77030,OBG,MD,Y,Y,,Y
0786665571,Andrew,R,Fisher,6621 Fannin St,Houston,TX,77030,PEM,MD,Y,Y,,Y
0787154342,HCP01375,,Prescriber4342,4442 Main St,Houston,TX,77030,PD,MD,Y,Y,,Y
0787994874,HCP01376,,Prescriber4874,4974 Main St,Lutherville Timonium,MD,21093,IM,MD,Y,Y,,Y
0788889248,HCP01377,,Prescriber9248,348 Main St,Waukegan,IL,60085,P,NP,Y,Y,,Y
0788954796,HCP01378,,Prescriber4796,4896 Main St,Miami,FL,33136,IM,MD,Y,Y,,Y
0789626834,Brittany,E,Harris,1250 S Tamiami Trl Ste 201,Sarasota,FL,34239,P,MD,Y,Y,C,
0790142285,HCP01379,,Prescriber2285,2385 Main St,Cincinnati,OH,45212,FSM,MD,Y,Y,,Y
0790867132,HCP01380,,Prescriber7132,7232 Main St,Conroe,TX,77304,FM,MD,Y,Y,,Y
0790888983,HCP01381,,Prescriber8983,9083 Main St,Charleston,SC,29425,NEP,MD,Y,Y,,Y
0791087706,HCP01382,,Prescriber7706,7806 Main St,Palo Alto,CA,94301,PEM,MD,Y,Y,,Y
0791147800,HCP01383,,Prescriber7800,7900 Main St,Houston,TX,77030,RHU,MD,Y,Y,,Y
0791526859,HCP01384,,Prescriber6859,6959 Main St,Nashville,TN,37215,PD,MD,Y,Y,,Y
0791914437,HCP01385,,Prescriber4437,4537 Main St,Houston,TX,77030,GP,PA,Y,Y,,Y
0792559647,HCP01386,,Prescriber9647,747 Main St,Saint Louis,MO,63110,IM,MD,Y,Y,,Y
0792865139,HCP01387,,Prescriber5139,5239 Main St,Chicago,IL,60612,GP,PA,Y,Y,,Y
0792916678,HCP01388,,Prescriber6678,6778 Main St,Beachwood,OH,44122,P,NP,Y,Y,,Y
0793160114,HCP01389,,Prescriber0114,214 Main St,Charleston,SC,29425,N,MD,Y,Y,,Y
0793483977,HCP01390,,Prescriber3977,4077 Main St,Lexington,SC,29072,FM,DO,Y,Y,,Y
0793827432,HCP01391,,Prescriber7432,7532 Main St,Webster,TX,77598,FM,MD,Y,Y,,Y
0794408467,HCP01392,,Prescriber8467,8567 Main St,Houston,TX,77030,FM,DO,Y,Y,,Y
0794603909,HCP01393,,Prescriber3909,4009 Main St,Winter Springs,FL,32708,FM,NP,Y,Y,,Y
0794718755,HCP01394,,Prescriber8755,8855 Main St,Houston,TX,77030,PD,NP,Y,Y,,Y
0795475130,HCP01395,,Prescriber5130,5230 Main St,Antioch,CA,94509,FM,MD,Y,Y,,Y
0796377243,HCP01396,,Prescriber7243,7343 Main St,Phoenix,AZ,85016,EM,MD,Y,Y,,Y
0796391119,HCP01397,,Prescriber1119,1219 Main St,Charleston,WV,25302,PD,DO,Y,Y,,Y
0798897038,HCP01398,,Prescriber7038,7138 Main St,Houston,TX,77030,GP,PA,Y,Y,,Y
0798971890,HCP01399,,Prescriber1890,1990 Main St,Columbia,MD,21046,P,MD,Y,Y,,Y
0799917243,HCP01400,,Prescriber7243,7343 Main St,Napoleonville,LA,70390,FM,MD,Y,Y,,Y
0799975264,HCP01401,,Prescriber5264,5364 Main St,Marietta,GA,30062,P,MD,Y,Y,,Y
0800012908,HCP01402,,Prescriber2908,3008 Main St,Houston,TX,77030,HPI,MD,Y,Y,,Y
0800093383,HCP01403,,Prescriber3383,3483 Main St,Houston,TX,77030,PD,NP,Y,Y,,Y
0800201577,HCP01404,,Prescriber1577,1677 Main St,Houston,TX,77030,PD,MD,Y,Y,,Y
0800299378,HCP01405,,Prescriber9378,478 Main St,Atlanta,GA,30322,US,MD,Y,Y,,Y
0800436855,HCP01406,,Prescriber6855,6955 Main St,Phoenix,AZ,85016,UP,MD,Y,Y,,Y
0801053743,Kristen,D,Meyer,1601 Center St,Mobile,AL,36604,PD,PA,Y,Y,,Y
0801579423,HCP01407,,Prescriber9423,523 Main St,Miami,FL,33136,OCT,OT,Y,Y,,Y
0801644129,HCP01408,,Prescriber4129,4229 Main St,Houston,TX,77030,IM,MD,Y,Y,,Y
0801824190,Devin,D,Hartman,616 Edgefield Rd Ste 180,North Augusta,SC,29841,PD,NP,Y,Y,,Y
0802860255,HCP01409,,Prescriber0255,355 Main St,Kansas City,KS,66160,RO,MD,Y,Y,,Y
0802899763,HCP01410,,Prescriber9763,863 Main St,Houston,TX,77030,GP,PA,Y,Y,,Y
0803080222,HCP01411,,Prescriber0222,322 Main St,Houston,TX,77030,IM,MD,Y,Y,,Y
0803766013,HCP01412,,Prescriber6013,6113 Main St,Towson,MD,21204,P,MD,Y,Y,,Y
0804352487,HCP01413,,Prescriber2487,2587 Main St,Greenville,NC,27858,PD,NP,Y,Y,,Y
0804959207,HCP01414,,Prescriber9207,307 Main St,Palm Beach Gardens,FL,33410,PD,MD,Y,Y,,Y
0805557814,HCP01415,,Prescriber7814,7914 Main St,Asheville,NC,28803,PD,MD,Y,Y,,Y
0805575358,HCP01416,,Prescriber5358,5458 Main St,Houston,TX,77030,PD,MD,Y,Y,,Y
0806617325,HCP01417,,Prescriber7325,7425 Main St,Houston,TX,77054,OBG,MD,Y,Y,,Y
0807415592,HCP01418,,Prescriber5592,5692 Main St,Philadelphia,PA,19104,VS,MD,Y,Y,,Y
0807586399,HCP01419,,Prescriber6399,6499 Main St,Morehead City,NC,28557,P,NP,Y,Y,,Y
0807842827,HCP01420,,Prescriber2827,2927 Main St,Hattiesburg,MS,39402,FM,NP,Y,Y,,Y
0809978896,HCP01421,,Prescriber8896,8996 Main St,Charlotte,NC,28277,PD,MD,Y,Y,,Y
0811037326,HCP01422,,Prescriber7326,7426 Main St,Houston,TX,77030,FM,MD,Y,Y,,Y
0811352582,HCP01423,,Prescriber2582,2682 Main St,Port Neches,TX,77651,P,NP,Y,Y,,Y
0811849252,HCP01424,,Prescriber9252,352 Main St,Fairfax,VA,22030,P,MD,Y,Y,,Y
0812269809,HCP01425,,Prescriber9809,909 Main St,Austin,TX,78726,IM,MD,Y,Y,,Y
0812436154,HCP01426,,Prescriber6154,6254 Main St,Mobile,AL,36695,IM,MD,Y,Y,,Y
0812584055,HCP01427,,Prescriber4055,4155 Main St,Houston,TX,77030,AN,MD,Y,Y,,Y
0812731697,Michael,J,Benson,18018 Burke St,Elkhorn,NE,68022,PD,MD,Y,Y,C,
0812883890,Rebecca,R,Lara,440 Lake Cook Rd Ste 2,Deerfield,IL,60015,N,MD,Y,Y,B,
0813610138,HCP01428,,Prescriber0138,238 Main St,Houston,TX,77030,FM,MD,Y,Y,,Y
0813985465,Susan,E,Moses,27 Wicks Rd,Brentwood,NY,11717,PD,MD,Y,Y,,Y
0814184134,HCP01429,,Prescriber4134,4234 Main St,Elizabeth City,NC,27909,IM,DO,Y,Y,,Y
0814406513,HCP01430,,Prescriber6513,6613 Main St,Durham,NC,27705,PTH,MD,Y,Y,,Y
0814924872,HCP01431,,Prescriber4872,4972 Main St,Sherman,TX,75092,P,MD,Y,Y,,Y
0816208721,HCP01432,,Prescriber8721,8821 Main St,Savannah,GA,31405,IM,MD,Y,Y,,Y
0816448121,HCP01433,,Prescriber8121,8221 Main St,Charlotte,NC,28202,IM,MD,Y,Y,,Y
0816620931,HCP01434,,Prescriber0931,1031 Main St,Kansas City,KS,66160,PUD,NP,Y,Y,,Y
0816652637,HCP01435,,Prescriber2637,2737 Main St,Philadelphia,MS,39350,P,NP,Y,Y,,Y
0816713129,HCP01436,,Prescriber3129,3229 Main St,Houston,TX,77030,GP,NP,Y,Y,,Y
0818145413,Michael,,Hill,1 Perkins Sq,Akron,OH,44308,AI,PA,Y,Y,,Y
0818900819,HCP01437,,Prescriber0819,919 Main St,Houston,TX,77030,ADU,NP,Y,Y,,Y
0819293520,HCP01438,,Prescriber3520,3620 Main St,Scranton,PA,18519,PD,MD,Y,Y,,Y
0819831002,HCP01439,,Prescriber1002,1102 Main St,Saint Louis,MO,63110,HOS,MD,Y,Y,,Y
0820038798,HCP01440,,Prescriber8798,8898 Main St,Houston,TX,77030,FM,NP,Y,Y,,Y
0820579950,HCP01441,,Prescriber9950,1050 Main St,York,PA,17402,D,MD,Y,Y,,Y
0820653432,HCP01442,,Prescriber3432,3532 Main St,Houston,TX,77030,NEP,MD,Y,Y,,Y
0821243618,HCP01443,,Prescriber3618,3718 Main St,Houston,TX,77030,PD,MD,Y,Y,,Y
0821435767,HCP01444,,Prescriber5767,5867 Main St,Lafayette,LA,70506,PD,MD,Y,Y,,Y
0823180446,HCP01445,,Prescriber0446,546 Main St,Charleston,SC,29425,FM,DO,Y,Y,,Y
0823229953,HCP01446,,Prescriber9953,1053 Main St,Ocala,FL,34470,FM,MD,Y,Y,,Y
0823349056,Tamara,H,Morrison,4900 Frank Rd NW,North Canton,OH,44720,PD,MD,Y,Y,,Y
0823378451,HCP01447,,Prescriber8451,8551 Main St,Houston,TX,77030,OPH,MD,Y,Y,,Y
0824279770,Annette,M,Kelly,1620 Ashley River Rd,Charleston,SC,29425,GP,DO,Y,Y,A,
0824633246,HCP01448,,Prescriber3246,3346 Main St,Houston,TX,77030,PD,RN,Y,Y,,Y
0825608530,HCP01449,,Prescriber8530,8630 Main St,Houston,TX,77069,PD,MD,Y,Y,,Y
0826521256,HCP01450,,Prescriber1256,1356 Main St,Pompano Beach,FL,33064,FM,MD,Y,Y,,Y
0826640694,Teresa,J,Miranda,8415 Goodwood Blvd Ste 100,Baton Rouge,LA,70806,PD,MD,Y,Y,,
0826805980,Victoria,L,Powell,4024 Oleander Dr Ste 101,Wilmington,NC,28401,P,NP,Y,Y,A,
0827089969,HCP01451,,Prescriber9969,1069 Main St,Little Rock,AR,72223,P,MD,Y,Y,,Y
0828099599,HCP01452,,Prescriber9599,699 Main St,Novi,MI,48374,FM,DO,Y,Y,,Y
0828250902,HCP01453,,Prescriber0902,1002 Main St,Fresno,CA,93720,PD,NP,Y,Y,,Y
0828347069,HCP01454,,Prescriber7069,7169 Main St,Ann Arbor,MI,48109,PD,MD,Y,Y,,Y
0829045671,HCP01455,,Prescriber5671,5771 Main St,Des Moines,IA,50309,IM,MD,Y,Y,,Y
0829132640,HCP01456,,Prescriber2640,2740 Main St,New Hyde Park,NY,11042,PD,DO,Y,Y,,Y
0829740930,HCP01457,,Prescriber0930,1030 Main St,Lafayette,LA,70508,PD,MD,Y,Y,,Y
0829792072,HCP01458,,Prescriber2072,2172 Main St,Houston,TX,77030,N,MD,Y,Y,,Y
0829816781,HCP01459,,Prescriber6781,6881 Main St,Louisville,KY,40202,PD,MD,Y,Y,,Y
0830501536,HCP01460,,Prescriber1536,1636 Main St,Houston,TX,77030,IM,MD,Y,Y,,Y
0830647471,HCP01461,,Prescriber7471,7571 Main St,Massapequa,NY,11758,FM,MD,Y,Y,,Y
0831459968,Melanie,C,Johnson,59325 River West Dr Ste D,Plaquemine,LA,70764,PD,MD,Y,Y,,Y
0831667284,HCP01462,,Prescriber7284,7384 Main St,Houston,TX,77030,EM,DO,Y,Y,,Y
0831784580,HCP01463,,Prescriber4580,4680 Main St,Newark,OH,43055,P,MD,Y,Y,,Y
0832008698,David,R,Clayton,1801 NE 123rd St Ste 414,North Miami,FL,33181,PD,MD,Y,Y,,Y
0832334803,HCP01464,,Prescriber4803,4903 Main St,Kansas City,KS,66160,FM,MD,Y,Y,,Y
0832427176,HCP01465,,Prescriber7176,7276 Main St,Houston,TX,77030,FM,NP,Y,Y,,Y
0832892250,HCP01466,,Prescriber2250,2350 Main St,Houston,TX,77030,RO,MD,Y,Y,,Y
0833119466,Nicole,L,Larson,1040 Vinehaven Dr NE,Concord,NC,28025,PD,MD,Y,Y,,Y
0833165984,HCP01467,,Prescriber5984,6084 Main St,Houston,TX,77030,PD,MD,Y,Y,,Y
0833333075,HCP01468,,Prescriber3075,3175 Main St,Sugar Land,TX,77478,FM,MD,Y,Y,,Y
0833607128,HCP01469,,Prescriber7128,7228 Main St,Pleasanton,CA,94588,FM,MD,Y,Y,,Y
0833745001,HCP01470,,Prescriber5001,5101 Main St,Houston,TX,77030,EM,DO,Y,Y,,Y
0833780889,HCP01471,,Prescriber0889,989 Main St,Houston,TX,77030,OPH,MD,Y,Y,,Y
0834637856,HCP01472,,Prescriber7856,7956 Main St,Vernon Hills,IL,60061,FM,MD,Y,Y,,Y
0834742835,HCP01473,,Prescriber2835,2935 Main St,Houston,TX,77030,P,NP,Y,Y,,Y
0835247748,HCP01474,,Prescriber7748,7848 Main St,Houston,TX,77030,PD,MD,Y,Y,,Y
0835489445,HCP01475,,Prescriber9445,545 Main St,Houston,TX,77030,SO,MD,Y,Y,,Y
0835738503,Melvin,W,Carter,11 Broadway Ste 1L,West Orange,NJ,07052,P,MD,Y,Y,A,
0837248063,HCP01476,,Prescriber8063,8163 Main St,Hutchinson,KS,67502,PD,MD,Y,Y,,Y
0837721528,Mary,C,Conner,1530 Airport Blvd,Pensacola,FL,32504,PD,NP,Y,Y,,Y
0838191186,HCP01477,,Prescriber1186,1286 Main St,Lakeland,FL,33813,PD,DO,Y,Y,,Y
0838242714,HCP01478,,Prescriber2714,2814 Main St,Atlanta,GA,30322,GE,NP,Y,Y,,Y
0838292118,Diane,A,Hughes,3828 S 1st St,Austin,TX,78704,GP,MD,Y,Y,A,
0838339754,HCP01479,,Prescriber9754,854 Main St,Brooklyn,NY,11201,PD,MD,Y,Y,,Y
0839144975,HCP01480,,Prescriber4975,5075 Main St,Ellicott City,MD,21042,PD,MD,Y,Y,,Y
0839527400,HCP01481,,Prescriber7400,7500 Main St,Raleigh,NC,27615,FSM,MD,Y,Y,,Y
0840076054,HCP01482,,Prescriber6054,6154 Main St,Pearland,TX,77581,PD,MD,Y,Y,,Y
0841089388,HCP01483,,Prescriber9388,488 Main St,Houston,TX,77030,EM,NP,Y,Y,,Y
0841434790,HCP01484,,Prescriber4790,4890 Main St,Brighton,CO,80601,GP,NP,Y,Y,,Y
0841962511,HCP01485,,Prescriber2511,2611 Main St,Lutz,FL,33558,P,NP,Y,Y,,Y
0843905056,HCP01486,,Prescriber5056,5156 Main St,Houston,TX,77030,PHO,NP,Y,Y,,Y
0843976271,HCP01487,,Prescriber6271,6371 Main St,Frederick,MD,21701,P,NP,Y,Y,,Y
0844633347,HCP01488,,Prescriber3347,3447 Main St,Chambersburg,PA,17201,FM,NP,Y,Y,,Y
0844673835,HCP01489,,Prescriber3835,3935 Main St,Houston,TX,77030,OBG,NP,Y,Y,,Y
0844696507,HCP01490,,Prescriber6507,6607 Main St,Houston,TX,77030,D,MD,Y,Y,,Y
0845392499,HCP01491,,Prescriber2499,2599 Main St,New York,NY,10016,OCT,OT,Y,Y,,Y
0845663328,HCP01492,,Prescriber3328,3428 Main St,Houston,TX,77030,FM,NP,Y,Y,,Y
0845846684,Christine,E,Smith,72 North St Ste 103,Danbury,CT,06810,P,NP,Y,Y,C,
0846505449,HCP01493,,Prescriber5449,5549 Main St,East Meadow,NY,11554,PD,DO,Y,Y,,Y
0847374222,Derrick,L,Gillespie,1220 Jefferson St,Laurel,MS,39440,PMD,NP,Y,Y,,Y
0847596320,HCP01494,,Prescriber6320,6420 Main St,Canton,GA,30114,PD,MD,Y,Y,,Y
0847644634,HCP01495,,Prescriber4634,4734 Main St,Houston,TX,77030,P,DO,Y,Y,,Y
0847996303,HCP01496,,Prescriber6303,6403 Main St,Phoenix,AZ,85016,EM,MD,Y,Y,,Y
0848408661,Virginia,D,Rodriguez DVM,4105 Hospital St Ste 103,Pascagoula,MS,39581,PD,NP,Y,Y,,Y
0849353229,HCP01497,,Prescriber3229,3329 Main St,Cary,NC,27518,P,NP,Y,Y,,Y
0849770422,HCP01498,,Prescriber0422,522 Main St,Fayetteville,NC,28303,P,NP,Y,Y,,Y
0850398988,HCP01499,,Prescriber8988,9088 Main St,Houston,TX,77030,GP,RN,Y,Y,,Y
0850902087,HCP01500,,Prescriber2087,2187 Main St,Baltimore,MD,21224,IM,MD,Y,Y,,Y
0851039100,HCP01501,,Prescriber9100,200 Main St,Saint Louis,MO,63108,P,MD,Y,Y,,Y
0851124906,Heather,T,Gentry,1651 Gunbarrel Rd Ste 302,Chattanooga,TN,37421,PD,MD,Y,Y,C,
0851816621,HCP01502,,Prescriber6621,6721 Main St,Jackson,MS,39216,PD,MD,Y,Y,,Y
0852401735,HCP01503,,Prescriber1735,1835 Main St,Aberdeen,SD,57401,FM,MD,Y,Y,,Y
0852490285,HCP01504,,Prescriber0285,385 Main St,Houston,TX,77030,GE,NP,Y,Y,,Y
0854109995,HCP01505,,Prescriber9995,1095 Main St,Houston,TX,77030,PTH,MD,Y,Y,,Y
0854875668,HCP01506,,Prescriber5668,5768 Main St,Atlanta,GA,30339,P,MD,Y,Y,,Y
0854952707,HCP01507,,Prescriber2707,2807 Main St,Cleveland,OH,44195,PEM,MD,Y,Y,,Y
0855668454,HCP01508,,Prescriber8454,8554 Main St,Houston,TX,77030,ON,MD,Y,Y,,Y
0856636788,HCP01509,,Prescriber6788,6888 Main St,Fairhope,AL,36532,PD,MD,Y,Y,,Y
0856782008,HCP01510,,Prescriber2008,2108 Main St,Houston,TX,77030,MOS,DO,Y,Y,,Y
0858167583,HCP01511,,Prescriber7583,7683 Main St,Lumberton,NC,28358,FM,MD,Y,Y,,Y
0858995143,HCP01512,,Prescriber5143,5243 Main St,Lutherville Timonium,MD,21093,P,MD,Y,Y,,Y
0859618081,Wendy,A,Lester,2100 Manchester Rd Ste 1510,Wheaton,IL,60187,P,MD,Y,Y,C,
0860396698,HCP01513,,Prescriber6698,6798 Main St,Miami,FL,33136,U,PA,Y,Y,,Y
0861608199,HCP01514,,Prescriber8199,8299 Main St,Birmingham,AL,35242,IM,MD,Y,Y,,Y
0861679233,Samuel,G,Floyd,5080 Peachtree Blvd Ste 100,Chamblee,GA,30341,PD,MD,Y,Y,,Y
0861708461,HCP01515,,Prescriber8461,8561 Main St,Houston,TX,77030,GE,MD,Y,Y,,Y
0861780447,HCP01516,,Prescriber0447,547 Main St,Durham,NC,27705,HOS,NP,Y,Y,,Y
0862246277,HCP01517,,Prescriber6277,6377 Main St,New Braunfels,TX,78130,P,MD,Y,Y,,Y
0862281008,HCP01518,,Prescriber1008,1108 Main St,Gilbert,AZ,85234,P,NP,Y,Y,,Y
0863060114,HCP01519,,Prescriber0114,214 Main St,Covington,LA,70435,FM,MD,Y,Y,,Y
0863273081,HCP01520,,Prescriber3081,3181 Main St,Moosic,PA,18507,P,PA,Y,Y,,Y
0864229550,HCP01521,,Prescriber9550,650 Main St,Houston,TX,77070,P,MD,Y,Y,,Y
0864450438,HCP01522,,Prescriber0438,538 Main St,Houston,TX,77030,PD,DO,Y,Y,,Y
0865170208,HCP01523,,Prescriber0208,308 Main St,Ennis,TX,75119,FM,DO,Y,Y,,Y
0865992694,HCP01524,,Prescriber2694,2794 Main St,Petal,MS,39465,UCM,MD,Y,Y,,Y
0866317258,HCP01525,,Prescriber7258,7358 Main St,Raleigh,NC,27607,GP,NP,Y,Y,,Y
0866390889,Kathryn,E,Howard,300 Centerville Rd Ste 101W,Warwick,RI,02886,P,NP,Y,Y,A,
0866726339,HCP01526,,Prescriber6339,6439 Main St,Miami,FL,33136,IM,MD,Y,Y,,Y
0867040446,HCP01527,,Prescriber0446,546 Main St,Houston,TX,77030,FM,NP,Y,Y,,Y
0867194425,Ian,,Pierce,1701 Nicholasville Rd Ste 100,Lexington,KY,40503,FM,MD,Y,Y,,Y
0867743612,HCP01528,,Prescriber3612,3712 Main St,Austin,TX,78703,P,MD,Y,Y,,Y
0868186497,HCP01529,,Prescriber6497,6597 Main St,Miami,FL,33136,FM,NP,Y,Y,,Y
0868278075,HCP01530,,Prescriber8075,8175 Main St,Bronx,NY,10457,CHP,MD,Y,Y,,Y
0868665521,HCP01531,,Prescriber5521,5621 Main St,Chicago,IL,60612,PD,NP,Y,Y,,Y
0868797229,HCP01532,,Prescriber7229,7329 Main St,Charlotte,NC,28207,DBP,MD,Y,Y,,Y
0870207532,Margaret,S,Smith,260 Grayson Rd Ste 100,Norfolk,VA,23504,P,NP,Y,Y,B,
0870843878,HCP01533,,Prescriber3878,3978 Main St,Houston,TX,77030,PD,MD,Y,Y,,Y
0871395474,HCP01534,,Prescriber5474,5574 Main St,Houston,TX,77030,PD,MD,Y,Y,,Y
0871415552,HCP01535,,Prescriber5552,5652 Main St,Houston,TX,77030,AN,MD,Y,Y,,Y
0872199456,HCP01536,,Prescriber9456,556 Main St,Chandler,AZ,85248,GP,PA,Y,Y,,Y
0873557390,HCP01537,,Prescriber7390,7490 Main St,Gastonia,NC,28054,NPM,NP,Y,Y,,Y
0873990432,HCP01538,,Prescriber0432,532 Main St,Richmond,VA,23298,PD,MD,Y,Y,,Y
0875213295,HCP01539,,Prescriber3295,3395 Main St,Jacksonville Beach,FL,32250,FM,MD,Y,Y,,Y
0875384982,HCP01540,,Prescriber4982,5082 Main St,Aiken,SC,29803,PD,MD,Y,Y,,Y
0875635512,Katherine,H,Davis,7750 Diley Rd Ste A,Canal Winchester,OH,43110,PD,MD,Y,Y,C,
0876795481,HCP01541,,Prescriber5481,5581 Main St,Houston,TX,77030,DEN,DDS,Y,Y,,Y
0877065540,HCP01542,,Prescriber5540,5640 Main St,Houston,TX,77030,P,MD,Y,Y,,Y
0877144931,HCP01543,,Prescriber4931,5031 Main St,East Liverpool,OH,43920,P,NP,Y,Y,,Y
0879201514,HCP01544,,Prescriber1514,1614 Main St,Houston,TX,77030,FM,DO,Y,Y,,Y
0880138735,HCP01545,,Prescriber8735,8835 Main St,Atlanta,GA,30322,FM,MD,Y,Y,,Y
0880983834,HCP01546,,Prescriber3834,3934 Main St,Matthews,NC,28105,PD,MD,Y,Y,,Y
0881304691,HCP01547,,Prescriber4691,4791 Main St,Fort Lauderdale,FL,33324,PD,MD,Y,Y,,Y
0881402955,HCP01548,,Prescriber2955,3055 Main St,Milwaukee,WI,53226,P,MD,Y,Y,,Y
0882148434,HCP01549,,Prescriber8434,8534 Main St,Durham,NC,27713,CHP,MD,Y,Y,,Y
0882266983,HCP01550,,Prescriber6983,7083 Main St,Andover,KS,67002,FM,MD,Y,Y,,Y
0882301608,HCP01551,,Prescriber1608,1708 Main St,Frisco,TX,75034,P,MD,Y,Y,,Y
0882736469,HCP01552,,Prescriber6469,6569 Main St,Houston,TX,77030,PD,MD,Y,Y,,Y
0883066226,HCP01553,,Prescriber6226,6326 Main St,Glandorf,OH,45848,FM,MD,Y,Y,,Y
0883624326,HCP01554,,Prescriber4326,4426 Main St,Houston,TX,77030,GS,NP,Y,Y,,Y
0884230569,HCP01555,,Prescriber0569,669 Main St,Houston,TX,77030,HO,PA,Y,Y,,Y
0884940347,HCP01556,,Prescriber0347,447 Main St,Saint Louis,MO,63119,FM,MD,Y,Y,,Y
0885536777,HCP01557,,Prescriber6777,6877 Main St,Houston,TX,77030,PD,MD,Y,Y,,Y
0886476071,HCP01558,,Prescriber6071,6171 Main St,Morrisville,PA,19067,P,NP,Y,Y,,Y
0886544236,HCP01559,,Prescriber4236,4336 Main St,Miami,FL,33136,DR,MD,Y,Y,,Y
0887301562,HCP01560,,Prescriber1562,1662 Main St,Dawsonville,GA,30534,PD,MD,Y,Y,,Y
0887700228,HCP01561,,Prescriber0228,328 Main St,Gainesville,FL,32605,GP,MD,Y,Y,,Y
0887938482,HCP01562,,Prescriber8482,8582 Main St,New Richmond,OH,45157,GP,DO,Y,Y,,Y
0888022495,HCP01563,,Prescriber2495,2595 Main St,Houston,TX,77030,CD,MD,Y,Y,,Y
0888154349,HCP01564,,Prescriber4349,4449 Main St,Nevada,IA,50201,FM,MD,Y,Y,,Y
0889921911,HCP01565,,Prescriber1911,2011 Main St,Prosper,TX,75078,PD,MD,Y,Y,,Y
0889944386,HCP01566,,Prescriber4386,4486 Main St,Iowa City,IA,52242,FM,MD,Y,Y,,Y
0890037508,HCP01567,,Prescriber7508,7608 Main St,Clifton Park,NY,12065,PD,PA,Y,Y,,Y
0890142426,Whitney,S,Cantu,3026 Poplar Level Rd,Louisville,KY,40217,PD,MD,Y,Y,,Y
0890526938,HCP01568,,Prescriber6938,7038 Main St,Bellmore,NY,11710,PD,PA,Y,Y,,Y
0891083033,HCP01569,,Prescriber3033,3133 Main St,Indianapolis,IN,46202,GP,RN,Y,Y,,Y
0892019759,HCP01570,,Prescriber9759,859 Main St,Birmingham,AL,35223,P,MD,Y,Y,,Y
0893203788,HCP01571,,Prescriber3788,3888 Main St,Islandia,NY,11749,FM,NP,Y,Y,,Y
0893396247,HCP01572,,Prescriber6247,6347 Main St,Houston,TX,77030,FM,NP,Y,Y,,Y
0893818257,HCP01573,,Prescriber8257,8357 Main St,Rome,GA,30165,FM,MD,Y,Y,,Y
0893928211,HCP01574,,Prescriber8211,8311 Main St,Gainesville,FL,32610,N,MD,Y,Y,,Y
0893940208,HCP01575,,Prescriber0208,308 Main St,Houston,TX,77030,EM,MD,Y,Y,,Y
0894070845,HCP01576,,Prescriber0845,945 Main St,Houston,TX,77030,PD,MD,Y,Y,,Y
0894869391,Javier,B,Pham,201 Pecan Park Ave,Alexandria,LA,71303,AI,MD,Y,Y,,Y
0894935969,HCP01577,,Prescriber5969,6069 Main St,Augusta,GA,30907,PD,MD,Y,Y,,Y
0895586329,HCP01578,,Prescriber6329,6429 Main St,Birmingham,AL,35233,D,MD,Y,Y,,Y
0895879702,HCP01579,,Prescriber9702,802 Main St,Houston,TX,77030,P,MD,Y,Y,,Y
0896146646,HCP01580,,Prescriber6646,6746 Main St,Springfield,MO,65807,IM,MD,Y,Y,,Y
0896269147,HCP01581,,Prescriber9147,247 Main St,Cincinnati,OH,45247,PD,MD,Y,Y,,Y
0896573700,HCP01582,,Prescriber3700,3800 Main St,Houston,TX,77030,HO,DO,Y,Y,,Y
0896903397,HCP01583,,Prescriber3397,3497 Main St,Houston,TX,77030,FM,MD,Y,Y,,Y
0897285545,HCP01584,,Prescriber5545,5645 Main St,Omaha,NE,68198,WH,NP,Y,Y,,Y
0898007522,HCP01585,,Prescriber7522,7622 Main St,Cleveland,OH,44195,PMR,MD,Y,Y,,Y
0898030635,Alexander,M,Garcia,116 Wilkesboro Ave,North Wilkesboro,NC,28659,AI,MD,Y,Y,,Y
0898493093,HCP01586,,Prescriber3093,3193 Main St,Houston,TX,77030,CHP,MD,Y,Y,,Y
0898868197,HCP01587,,Prescriber8197,8297 Main St,Houston,TX,77030,EM,NP,Y,Y,,Y
0899681022,HCP01588,,Prescriber1022,1122 Main St,San Antonio,TX,78229,P,MD,Y,Y,,Y
0899696200,HCP01589,,Prescriber6200,6300 Main St,Plainview,NY,11803,P,NP,Y,Y,,Y
0899741422,Ethan,S,Vaughan,3900 S Dupont Sq Ste A,Louisville,KY,40207,AI,MD,Y,Y,,Y
0900243963,HCP01590,,Prescriber3963,4063 Main St,Houston,TX,77030,PD,MD,Y,Y,,Y
0900273077,HCP01591,,Prescriber3077,3177 Main St,Pleasant Hill,IA,50327,GP,PA,Y,Y,,Y
0900528685,Steven,R,Bowman,3180 N Point Pkwy Ste 410,Alpharetta,GA,30005,PD,MD,Y,Y,B,
0901605785,HCP01592,,Prescriber5785,5885 Main St,Houston,TX,77030,HOS,MD,Y,Y,,Y
0901703954,HCP01593,,Prescriber3954,4054 Main St,Miami,FL,33156,OBG,MD,Y,Y,,Y
0901973266,HCP01594,,Prescriber3266,3366 Main St,Houston,TX,77030,P,DO,Y,Y,,Y
0902152136,HCP01595,,Prescriber2136,2236 Main St,Columbus,MS,39701,P,NP,Y,Y,,Y
0902368844,Dennis,T,Caldwell,4210 Lincoln Rd,Hattiesburg,MS,39402,PD,MD,Y,Y,,Y
0902824860,HCP01596,,Prescriber4860,4960 Main St,Philadelphia,PA,19104,EM,NP,Y,Y,,Y
0902944859,HCP01597,,Prescriber4859,4959 Main St,Ketchikan,AK,99950,P,NP,Y,Y,,Y
0903210167,HCP01598,,Prescriber0167,267 Main St,Houston,TX,77030,U,DO,Y,Y,,Y
0904039897,HCP01599,,Prescriber9897,997 Main St,Houston,TX,77030,CD,MD,Y,Y,,Y
0904349612,HCP01600,,Prescriber9612,712 Main St,Fort Lauderdale,FL,33304,P,NP,Y,Y,,Y
0904974039,HCP01601,,Prescriber4039,4139 Main St,Omaha,NE,68154,P,NP,Y,Y,,Y
0905453277,HCP01602,,Prescriber3277,3377 Main St,Atlanta,GA,30322,FM,NP,Y,Y,,Y
0906149177,Sonya,W,Garcia,1270 Attakapas Dr Ste 502,Opelousas,LA,70570,IM,MD,Y,Y,A,
0906459476,HCP01603,,Prescriber9476,576 Main St,Brandon,FL,33511,P,PA,Y,Y,,Y
0906834104,HCP01604,,Prescriber4104,4204 Main St,Houston,TX,77030,PD,DO,Y,Y,,Y
0906974461,HCP01605,,Prescriber4461,4561 Main St,Mesa,AZ,85202,P,NP,Y,Y,,Y
0907289670,HCP01606,,Prescriber9670,770 Main St,Houston,TX,77030,PD,MD,Y,Y,,Y
0907627946,HCP01607,,Prescriber7946,8046 Main St,Saint Peters,MO,63376,P,MD,Y,Y,,Y
0907645832,Mark,D,Hernandez,3161 Howell Mill Rd NW Ste 400,Atlanta,GA,30327,FM,NP,Y,Y,A,
0907959032,HCP01608,,Prescriber9032,132 Main St,New Hyde Park,NY,11042,PD,MD,Y,Y,,Y
0910319645,HCP01609,,Prescriber9645,745 Main St,Ennis,TX,75119,IM,MD,Y,Y,,Y
0910546377,HCP01610,,Prescriber6377,6477 Main St,Saint Louis,MO,63110,OPT,OD,Y,Y,,Y
0911491945,HCP01611,,Prescriber1945,2045 Main St,West Columbia,SC,29169,PD,MD,Y,Y,,Y
0911973819,HCP01612,,Prescriber3819,3919 Main St,Indianapolis,IN,46202,GS,PA,Y,Y,,Y
0912117178,HCP01613,,Prescriber7178,7278 Main St,Kansas City,KS,66160,HO,MD,Y,Y,,Y
0912731145,HCP01614,,Prescriber1145,1245 Main St,Houston,TX,77030,NEP,MD,Y,Y,,Y
0912771218,HCP01615,,Prescriber1218,1318 Main St,Cary,NC,27511,PD,MD,Y,Y,,Y
0914242377,HCP01616,,Prescriber2377,2477 Main St,Houston,TX,77030,NEP,NP,Y,Y,,Y
0914413313,HCP01617,,Prescriber3313,3413 Main St,Miami,FL,33136,FM,NP,Y,Y,,Y
0914821382,HCP01618,,Prescriber1382,1482 Main St,Charlotte,NC,28216,FM,NP,Y,Y,,Y
0914844300,HCP01619,,Prescriber4300,4400 Main St,Miami,FL,33136,FM,NP,Y,Y,,Y
0917722881,HCP01620,,Prescriber2881,2981 Main St,Temple,TX,76508,P,MD,Y,Y,,Y
0917800263,HCP01621,,Prescriber0263,363 Main St,Cleveland,OH,44195,VS,MD,Y,Y,,Y
0917998092,HCP01622,,Prescriber8092,8192 Main St,Chicago,IL,60612,FM,MD,Y,Y,,Y
0918550373,HCP01623,,Prescriber0373,473 Main St,Chicago,IL,60612,PUD,MD,Y,Y,,Y
0919043767,Kenneth,E,Smith,Deer Park,North Babylon,NY,11703,AI,MD,Y,Y,,Y
0919909608,HCP01624,,Prescriber9608,708 Main St,Houston,TX,77030,IM,MD,Y,Y,,Y
0920307697,HCP01625,,Prescriber7697,7797 Main St,Fort Lauderdale,FL,33330,P,NP,Y,Y,,Y
0920971443,Michael,,Taylor,2400 N Ashland Ave Ste 150,Chicago,IL,60614,IM,PA,Y,Y,A,
0921241643,HCP01626,,Prescriber1643,1743 Main St,Houston,TX,77030,FM,MD,Y,Y,,Y
0923298108,HCP01627,,Prescriber8108,8208 Main St,Miami,FL,33136,GE,NP,Y,Y,,Y
0923933271,HCP01628,,Prescriber3271,3371 Main St,Cypress,TX,77433,FM,MD,Y,Y,,Y
0925428847,HCP01629,,Prescriber8847,8947 Main St,Durham,NC,27705,FM,PA,Y,Y,,Y
0925575182,HCP01630,,Prescriber5182,5282 Main St,Birmingham,AL,35233,ID,NP,Y,Y,,Y
0927194940,James,M,Martinez,13821 Village Mill Dr Ste A,Midlothian,VA,23114,PD,DO,Y,Y,C,
0927242188,HCP01631,,Prescriber2188,2288 Main St,Houston,TX,77030,PD,MD,Y,Y,,Y
0927727132,HCP01632,,Prescriber7132,7232 Main St,Houston,TX,77030,PD,MD,Y,Y,,Y
0928287808,HCP01633,,Prescriber7808,7908 Main St,Pensacola,FL,32501,IM,MD,Y,Y,,Y
0928706276,HCP01634,,Prescriber6276,6376 Main St,Birmingham,AL,35233,PHM,PHAR,Y,Y,,Y
0928862506,HCP01635,,Prescriber2506,2606 Main St,Plano,TX,75094,PD,MD,Y,Y,,Y
0929402151,HCP01636,,Prescriber2151,2251 Main St,Fort Mill,SC,29715,FM,NP,Y,Y,,Y
0929995648,HCP01637,,Prescriber5648,5748 Main St,Concord,NC,28025,FM,NP,Y,Y,,Y
0930487847,HCP01638,,Prescriber7847,7947 Main St,New York,NY,10032,DEN,DDS,Y,Y,,Y
0931719418,HCP01639,,Prescriber9418,518 Main St,Houston,TX,77030,FM,NP,Y,Y,,Y
0931810102,HCP01640,,Prescriber0102,202 Main St,Saint Louis,MO,63110,NPM,MD,Y,Y,,Y
0932274896,HCP01641,,Prescriber4896,4996 Main St,Charlotte,NC,28262,P,PA,Y,Y,,Y
0932343266,HCP01642,,Prescriber3266,3366 Main St,Topeka,KS,66606,FM,NP,Y,Y,,Y
0932351824,HCP01643,,Prescriber1824,1924 Main St,Houston,TX,77030,GYN,MD,Y,Y,,Y
0932712662,HCP01644,,Prescriber2662,2762 Main St,Oak Ridge,NC,27310,FM,PA,Y,Y,,Y
0932797449,HCP01645,,Prescriber7449,7549 Main St,Houston,TX,77030,P,PA,Y,Y,,Y
0934124679,HCP01646,,Prescriber4679,4779 Main St,Irvine,CA,92614,P,NP,Y,Y,,Y
0935639846,HCP01647,,Prescriber9846,946 Main St,Houston,TX,77030,N,MD,Y,Y,,Y
0936550213,HCP01648,,Prescriber0213,313 Main St,Cleveland,OH,44195,HO,MD,Y,Y,,Y
0936744972,HCP01649,,Prescriber4972,5072 Main St,Cincinnati,OH,45239,PD,DO,Y,Y,,Y
0937537416,HCP01650,,Prescriber7416,7516 Main St,Rutherford College,NC,28671,PD,MD,Y,Y,,Y
0937990495,HCP01651,,Prescriber0495,595 Main St,Houston,TX,77030,CRS,MD,Y,Y,,Y
0938134547,HCP01652,,Prescriber4547,4647 Main St,Washington,DC,20016,P,MD,Y,Y,,Y
0938430718,HCP01653,,Prescriber0718,818 Main St,Jacksonville,NC,28546,FM,NP,Y,Y,,Y
0939006886,HCP01654,,Prescriber6886,6986 Main St,Houston,TX,77030,OBG,MD,Y,Y,,Y
0939191440,HCP01655,,Prescriber1440,1540 Main St,Fort Mill,SC,29707,FM,PA,Y,Y,,Y
0939213536,HCP01656,,Prescriber3536,3636 Main St,Houston,TX,77030,AN,MD,Y,Y,,Y
0939854297,HCP01657,,Prescriber4297,4397 Main St,Jackson,MS,39216,PD,MD,Y,Y,,Y
0940068355,HCP01658,,Prescriber8355,8455 Main St,Milton,FL,32571,FM,MD,Y,Y,,Y
0940517340,Kelli,C,Harper,4105 Hospital St Ste 104,Pascagoula,MS,39581,ADL,MD,Y,Y,,Y
0940873906,HCP01659,,Prescriber3906,4006 Main St,Phoenix,AZ,85016,OPT,OD,Y,Y,,Y
0942189985,HCP01660,,Prescriber9985,1085 Main St,Charleston,SC,29425,GS,MD,Y,Y,,Y
0942380858,Kathleen,R,Stewart,1911 N Fairfield Rd,Dayton,OH,45414,P,NP,Y,Y,A,
0942818980,Craig,B,Ewing,3906 E US Highway 377 Ste 110,Granbury,TX,76049,PD,MD,Y,N,,Y
0942870434,HCP01661,,Prescriber0434,534 Main St,Martinsville,VA,24112,FM,NP,Y,Y,,Y
0943964663,HCP01662,,Prescriber4663,4763 Main St,Houston,TX,77030,OBG,MD,Y,Y,,Y
0945792438,HCP01663,,Prescriber2438,2538 Main St,Houston,TX,77030,FM,NP,Y,Y,,Y
0945881878,HCP01664,,Prescriber1878,1978 Main St,Charlotte,NC,28211,IM,MD,Y,Y,,Y
0946485551,Kenneth,A,Jackson,358 San Lorenzo Ave Ste 3230,Coral Gables,FL,33146,PD,MD,Y,Y,,Y
0946527164,Jonathan,N,Holt,6130 W Parker Rd Ste 505,Plano,TX,75093,PDP,MD,Y,Y,,Y
0947447123,HCP01665,,Prescriber7123,7223 Main St,Duluth,GA,30097,FM,DO,Y,Y,,Y
0947688802,Blake,E,Mcmillan,745 Johnnie Dodds Blvd Ste A,Charleston,SC,29407,CHP,MD,Y,Y,B,
0947911092,HCP01666,,Prescriber1092,1192 Main St,Houston,TX,77030,GP,PA,Y,Y,,Y
0948346590,HCP01667,,Prescriber6590,6690 Main St,Richmond,VA,23298,FM,NP,Y,Y,,Y
0949460309,HCP01668,,Prescriber0309,409 Main St,Charleston,SC,29425,FM,NP,Y,Y,,Y
0950763023,HCP01669,,Prescriber3023,3123 Main St,Houston,TX,77030,ID,NP,Y,Y,,Y
0950835146,HCP01670,,Prescriber5146,5246 Main St,Los Angeles,CA,90048,P,MD,Y,Y,,Y
0951030922,HCP01671,,Prescriber0922,1022 Main St,Milwaukee,WI,53226,OPH,MD,Y,Y,,Y
0951582931,HCP01672,,Prescriber2931,3031 Main St,Houston,TX,77030,IM,MD,Y,Y,,Y
0952687660,HCP01673,,Prescriber7660,7760 Main St,Houston,TX,77030,GE,NP,Y,Y,,Y
0952735415,HCP01674,,Prescriber5415,5515 Main St,New Hyde Park,NY,11042,PD,MD,Y,Y,,Y
0952934642,HCP01675,,Prescriber4642,4742 Main St,Miami,FL,33136,PD,MD,Y,Y,,Y
0953101038,HCP01676,,Prescriber1038,1138 Main St,Houston,TX,77030,PM,RN,Y,Y,,Y
0954234782,HCP01677,,Prescriber4782,4882 Main St,Houston,TX,77030,DEN,DDS,Y,Y,,Y
0955113586,HCP01678,,Prescriber3586,3686 Main St,Houston,TX,77030,D,MD,Y,Y,,Y
0955553080,HCP01679,,Prescriber3080,3180 Main St,Chicago,IL,60603,PSY,PSY,Y,Y,,Y
0956100025,HCP01680,,Prescriber0025,125 Main St,Omaha,NE,68114,P,MD,Y,Y,,Y
0956189269,HCP01681,,Prescriber9269,369 Main St,Durham,NC,27705,CD,MD,Y,Y,,Y
0957022938,HCP01682,,Prescriber2938,3038 Main St,Chicago,IL,60612,D,MD,Y,Y,,Y
0957358701,HCP01683,,Prescriber8701,8801 Main St,Houston,TX,77030,OBG,MD,Y,Y,,Y
0957909722,HCP01684,,Prescriber9722,822 Main St,Chicago,IL,60610,OBG,MD,Y,Y,,Y
0958518016,HCP01685,,Prescriber8016,8116 Main St,Lexington,SC,29073,FM,NP,Y,Y,,Y
0958670188,HCP01686,,Prescriber0188,288 Main St,Miami,FL,33155,N,MD,Y,Y,,Y
0959762810,Gary,,Branch,2150 Peachford Rd Ste T,Atlanta,GA,30338,P,MD,Y,Y,A,
0960217050,HCP01687,,Prescriber7050,7150 Main St,Sarasota,FL,34232,PD,MD,Y,Y,,Y
0960461763,HCP01688,,Prescriber1763,1863 Main St,Cleveland,OH,44195,DEN,DDS,Y,Y,,Y
0960684981,HCP01689,,Prescriber4981,5081 Main St,Lakeland,FL,33803,PD,MD,Y,Y,,Y
0961142000,HCP01690,,Prescriber2000,2100 Main St,Wesley Chapel,FL,33544,FM,MD,Y,Y,,Y
0961291539,HCP01691,,Prescriber1539,1639 Main St,Houston,TX,77030,PD,MD,Y,Y,,Y
0961377672,HCP01692,,Prescriber7672,7772 Main St,Houston,TX,77030,CG,MD,Y,Y,,Y
0961669677,Jason,I,Johns,3581 Harrodsburg Rd Ste 350,Lexington,KY,40513,P,MD,Y,Y,A,
0961765597,HCP01693,,Prescriber5597,5697 Main St,New York,NY,10016,PD,MD,Y,Y,,Y
0962510321,HCP01694,,Prescriber0321,421 Main St,Houston,TX,77030,DR,MD,Y,Y,,Y
0964392375,HCP01695,,Prescriber2375,2475 Main St,Columbia,SC,29209,PD,MD,Y,Y,,Y
0964898486,HCP01696,,Prescriber8486,8586 Main St,Birmingham,AL,35233,IM,MD,Y,Y,,Y
0964911026,HCP01697,,Prescriber1026,1126 Main St,New York,NY,10016,US,RN,Y,Y,,Y
0965403958,HCP01698,,Prescriber3958,4058 Main St,Charlotte,NC,28287,P,PA,Y,Y,,Y
0965893494,Danielle,R,Flores,400 E Township Line Rd,Havertown,PA,19083,AI,MD,Y,Y,,Y
0966923101,Brittany,F,Bruce,6671 13th Ave N Ste 1D,St Petersburg,FL,33710,PD,MD,Y,Y,C,
0967264291,Debra,L,Davis,4445 Corporation Ln Ste 213,Richmond,VA,23220,P,NP,Y,Y,C,
0967265206,HCP01699,,Prescriber5206,5306 Main St,Durham,NC,27705,OSM,MD,Y,Y,,Y
0967705667,Erin,J,Combs,24600 W 127th St Ste B340,Plainfield,IL,60585,IM,MD,Y,N,B,
0967842208,HCP01700,,Prescriber2208,2308 Main St,Atlanta,GA,30328,ADL,MD,Y,Y,,Y
0969039611,HCP01701,,Prescriber9611,711 Main St,Houston,TX,77030,GS,RN,Y,Y,,Y
0969404195,HCP01702,,Prescriber4195,4295 Main St,Houston,TX,77030,CHN,MD,Y,Y,,Y
0969629199,HCP01703,,Prescriber9199,299 Main St,Hattiesburg,MS,39401,GP,DO,Y,Y,,Y
0970583422,Cheryl,A,Ramirez,600 S Dobson Rd Ste E-36,Tripler Army Medical Center,HI,96859,P,DO,Y,Y,A,
0970646394,HCP01704,,Prescriber6394,6494 Main St,Montgomery,AL,36117,P,MD,Y,Y,,Y
0970708069,HCP01705,,Prescriber8069,8169 Main St,Minneapolis,MN,55422,IM,MD,Y,Y,,Y
0970788086,Valerie,R,Griffin,1524 Independence Pkwy Ste A1,Plano,TX,75075,FM,DO,Y,Y,A,
0971218506,HCP01706,,Prescriber8506,8606 Main St,Petersburg,VA,23805,P,NP,Y,Y,,Y
0971285924,Louis,M,Ross,2000 NW 87th Ave Ste 212,Doral,FL,33172,PD,MD,Y,Y,,Y
0971420746,HCP01707,,Prescriber0746,846 Main St,Miami,FL,33136,HO,NP,Y,Y,,Y
0972136644,HCP01708,,Prescriber6644,6744 Main St,Philadelphia,PA,19104,P,MD,Y,Y,,Y
0972215529,HCP01709,,Prescriber5529,5629 Main St,Mobile,AL,36608,PD,MD,Y,Y,,Y
0972232735,HCP01710,,Prescriber2735,2835 Main St,Houston,TX,77030,P,NP,Y,Y,,Y
0972916850,HCP01711,,Prescriber6850,6950 Main St,Miami,FL,33136,HOS,DO,Y,Y,,Y
0973113172,HCP01712,,Prescriber3172,3272 Main St,Houston,TX,77030,CCM,NP,Y,Y,,Y
0973637617,HCP01713,,Prescriber7617,7717 Main St,Tulsa,OK,74135,P,MD,Y,Y,,Y
0973821252,HCP01714,,Prescriber1252,1352 Main St,Columbia,MO,65203,FM,MD,Y,Y,,Y
0973971236,HCP01715,,Prescriber1236,1336 Main St,Nashville,TN,37203,FM,PA,Y,Y,,Y
0974039130,HCP01716,,Prescriber9130,230 Main St,West Chester,OH,45069,PD,MD,Y,Y,,Y
0974225426,HCP01717,,Prescriber5426,5526 Main St,Carmel,IN,46032,PD,MD,Y,Y,,Y
0974276589,HCP01718,,Prescriber6589,6689 Main St,Cleveland,OH,44195,P,APRN,Y,Y,,Y
0974673785,HCP01719,,Prescriber3785,3885 Main St,Youngsville,LA,70592,PD,MD,Y,Y,,Y
0974731807,HCP01720,,Prescriber1807,1907 Main St,Birmingham,AL,35209,PD,MD,Y,Y,,Y
0976928036,HCP01721,,Prescriber8036,8136 Main St,Murfreesboro,TN,37129,ADL,MD,Y,Y,,Y
0976975519,HCP01722,,Prescriber5519,5619 Main St,New York,NY,10010,P,NP,Y,Y,,Y
0977179437,HCP01723,,Prescriber9437,537 Main St,Durham,NC,27705,AN,MD,Y,Y,,Y
0977201433,HCP01724,,Prescriber1433,1533 Main St,Clyde,NC,28721,PD,MD,Y,Y,,Y
0977229402,HCP01725,,Prescriber9402,502 Main St,Houston,TX,77030,P,MD,Y,Y,,Y
0977230144,HCP01726,,Prescriber0144,244 Main St,Aiken,SC,29801,PD,MD,Y,Y,,Y
0977290395,HCP01727,,Prescriber0395,495 Main St,Midlothian,VA,23113,PD,MD,Y,Y,,Y
0977758358,HCP01728,,Prescriber8358,8458 Main St,Perrysburg,OH,43551,P,NP,Y,Y,,Y
0978132081,HCP01729,,Prescriber2081,2181 Main St,Houston,TX,77030,DR,DO,Y,Y,,Y
0978208983,HCP01730,,Prescriber8983,9083 Main St,Houston,TX,77030,EM,DO,Y,Y,,Y
0978282176,HCP01731,,Prescriber2176,2276 Main St,Birmingham,AL,35205,PD,MD,Y,Y,,Y
0978455080,HCP01732,,Prescriber5080,5180 Main St,Westlake,OH,44145,FM,DO,Y,Y,,Y
0979190301,HCP01733,,Prescriber0301,401 Main St,Boca Raton,FL,33428,P,MD,Y,Y,,Y
0979381181,HCP01734,,Prescriber1181,1281 Main St,Houston,TX,77030,PD,MD,Y,Y,,Y
0980212050,HCP01735,,Prescriber2050,2150 Main St,Houston,TX,77030,EM,DO,Y,Y,,Y
0980886714,Lisa,M,Welch,1749 Marshall St,Columbia,SC,29203,PD,MD,Y,Y,,Y
0983038156,HCP01736,,Prescriber8156,8256 Main St,Charleston,SC,29425,GS,MD,Y,Y,,Y
0983185140,HCP01737,,Prescriber5140,5240 Main St,Baton Rouge,LA,70810,FM,MD,Y,Y,,Y
0983509750,HCP01738,,Prescriber9750,850 Main St,Ft Mitchell,KY,41017,PD,MD,Y,Y,,Y
0983928367,HCP01739,,Prescriber8367,8467 Main St,Phoenix,AZ,85016,P,MD,Y,Y,,Y
0983984323,Kayla,N,Quinn,6051 N Brookline Ave Ste 122,Edmond,OK,73034,P,NP,Y,Y,B,
0985627158,HCP01740,,Prescriber7158,7258 Main St,Cedar Rapids,IA,52403,PD,NP,Y,Y,,Y
0985999864,HCP01741,,Prescriber9864,964 Main St,Cleveland,OH,44195,FM,MD,Y,Y,,Y
0986490557,HCP01742,,Prescriber0557,657 Main St,Houston,TX,77030,PD,NP,Y,Y,,Y
0986720484,HCP01743,,Prescriber0484,584 Main St,Houston,TX,77030,PD,RN,Y,Y,,Y
0990186347,HCP01744,,Prescriber6347,6447 Main St,Knoxville,TN,37923,P,NP,Y,Y,,Y
0990194876,HCP01745,,Prescriber4876,4976 Main St,Nashville,TN,37238,FM,NP,Y,Y,,Y
0990614521,HCP01746,,Prescriber4521,4621 Main St,Tampa,FL,33618,PD,DO,Y,Y,,Y
0991652133,HCP01747,,Prescriber2133,2233 Main St,Austin,TX,78759,FM,MD,Y,Y,,Y
0993122405,HCP01748,,Prescriber2405,2505 Main St,Houston,TX,77030,OTH,NP,Y,Y,,Y
0993378024,HCP01749,,Prescriber8024,8124 Main St,Houston,TX,77030,GP,PA,Y,Y,,Y
0993749304,HCP01750,,Prescriber9304,404 Main St,Houston,TX,77030,N,DO,Y,Y,,Y
0994605619,HCP01751,,Prescriber5619,5719 Main St,Yukon,OK,73099,FM,MD,Y,Y,,Y
0994648821,HCP01752,,Prescriber8821,8921 Main St,Charleston,WV,25302,PD,MD,Y,Y,,Y
0994732598,HCP01753,,Prescriber2598,2698 Main St,Crum Lynne,PA,19022,PD,MD,Y,Y,,Y
0994978436,HCP01754,,Prescriber8436,8536 Main St,Indianapolis,IN,46260,FM,NP,Y,Y,,Y
0996045550,HCP01755,,Prescriber5550,5650 Main St,Houston,TX,77036,P,MD,Y,Y,,Y
0996997561,HCP01756,,Prescriber7561,7661 Main St,Saraland,AL,36571,FM,MD,Y,Y,,Y
0997264845,HCP01757,,Prescriber4845,4945 Main St,Mckinney,TX,75069,P,MD,Y,Y,,Y
0997430128,HCP01758,,Prescriber0128,228 Main St,Hagerstown,MD,21740,PD,MD,Y,Y,,Y
0998157571,HCP01759,,Prescriber7571,7671 Main St,Atlanta,GA,30322,FM,NP,Y,Y,,Y
0998895898,HCP01760,,Prescriber5898,5998 Main St,Iowa City,IA,52242,PD,MD,Y,Y,,Y
0999152866,HCP01761,,Prescriber2866,2966 Main St,Bowling Green,KY,42103,P,NP,Y,Y,,Y
1000786374,HCP01762,,Prescriber6374,6474 Main St,Mason,OH,45040,PD,MD,Y,Y,,Y
1001138409,HCP01763,,Prescriber8409,8509 Main St,Houston,TX,77030,GP,RN,Y,Y,,Y
1001217738,HCP01764,,Prescriber7738,7838 Main St,Wake Forest,NC,27587,GP,PA,Y,Y,,Y
1001239563,Stephanie,,Leon,977 Lakeview Pkwy,Vernon Hills,IL,60061,P,MD,Y,Y,B,
1001249060,Candice,R,Mckenzie,1100 Lake Hearn Dr Ste 100,Atlanta,GA,30342,PD,MD,Y,N,B,
1001476032,HCP01765,,Prescriber6032,6132 Main St,Melbourne,FL,32940,FM,MD,Y,Y,,Y
1001978067,HCP01766,,Prescriber8067,8167 Main St,Raleigh,NC,27609,ADU,NP,Y,Y,,Y
1002103296,HCP01767,,Prescriber3296,3396 Main St,Houston,TX,77030,D,MD,Y,Y,,Y
1002400827,HCP01768,,Prescriber0827,927 Main St,Gurnee,IL,60031,CHP,MD,Y,Y,,Y
1002623756,HCP01769,,Prescriber3756,3856 Main St,Belpre,OH,45714,P,NP,Y,Y,,Y
1002925225,HCP01770,,Prescriber5225,5325 Main St,Houston,TX,77030,P,MD,Y,Y,,Y
1003212522,HCP01771,,Prescriber2522,2622 Main St,Covington,KY,41011,GP,DO,Y,Y,,Y
1003688296,Danielle,J,Keith,19 E Second St Fl 1,Media,PA,19063,P,MD,Y,Y,A,
1003723876,HCP01772,,Prescriber3876,3976 Main St,Lafayette,LA,70508,P,NP,Y,Y,,Y
1004419955,HCP01773,,Prescriber9955,1055 Main St,Houston,TX,77030,IM,MD,Y,Y,,Y
1004959967,HCP01774,,Prescriber9967,1067 Main St,Tampa,FL,33606,GP,MD,Y,Y,,Y
1005115767,HCP01775,,Prescriber5767,5867 Main St,Houston,TX,77030,PD,MD,Y,Y,,Y
1005222125,Aaron,L,Burnett,8950 SW 74th Ct Ste 1911,Miami,FL,33156,GP,NP,Y,Y,A,
1005848522,HCP01776,,Prescriber8522,8622 Main St,San Diego,CA,92161,P,NP,Y,Y,,Y
1006476647,HCP01777,,Prescriber6647,6747 Main St,Houston,TX,77030,CD,NP,Y,Y,,Y
1006811914,HCP01778,,Prescriber1914,2014 Main St,Houston,TX,77030,PD,PVN,Y,Y,,Y
1007139445,HCP01779,,Prescriber9445,545 Main St,Miami,FL,33136,OPH,MD,Y,Y,,Y
1007259435,HCP01780,,Prescriber9435,535 Main St,Houston,TX,77030,EM,MD,Y,Y,,Y
1007559057,HCP01781,,Prescriber9057,157 Main St,Houston,TX,77030,DR,MD,Y,Y,,Y
1007862728,HCP01782,,Prescriber2728,2828 Main St,Houston,TX,77030,OS,MD,Y,Y,,Y
1008050491,HCP01783,,Prescriber0491,591 Main St,Louisville,KY,40202,P,NP,Y,Y,,Y
1008347086,HCP01784,,Prescriber7086,7186 Main St,Cleveland,OH,44195,EM,PA,Y,Y,,Y
1009251961,Stacy,D,White,923 First Colonial Rd Ste 1821,Virginia Beach,VA,23454,P,PA,Y,Y,A,
1009794230,HCP01785,,Prescriber4230,4330 Main St,Atlanta,GA,30322,GP,NP,Y,Y,,Y
1009835922,HCP01786,,Prescriber5922,6022 Main St,Houston,TX,77030,PD,PVN,Y,Y,,Y
1011832402,HCP01787,,Prescriber2402,2502 Main St,Beachwood,OH,44122,P,NP,Y,Y,,Y
1011990820,HCP01788,,Prescriber0820,920 Main St,Omaha,NE,68198,PD,MD,Y,Y,,Y
1012065390,HCP01789,,Prescriber5390,5490 Main St,Houston,TX,77030,EM,MD,Y,Y,,Y
1012729768,HCP01790,,Prescriber9768,868 Main St,Tifton,GA,31794,PD,MD,Y,Y,,Y
1013281440,HCP01791,,Prescriber1440,1540 Main St,Houston,TX,77030,PD,MD,Y,Y,,Y
1013381973,HCP01792,,Prescriber1973,2073 Main St,Iowa City,IA,52242,FM,DO,Y,Y,,Y
1013660132,HCP01793,,Prescriber0132,232 Main St,Houston,TX,77030,RHU,NP,Y,Y,,Y
1014568850,HCP01794,,Prescriber8850,8950 Main St,Atlanta,GA,30322,END,MD,Y,Y,,Y
1016961901,HCP01795,,Prescriber1901,2001 Main St,Matthews,NC,28105,P,MD,Y,Y,,Y
1017063882,HCP01796,,Prescriber3882,3982 Main St,Savannah,GA,31405,P,NP,Y,Y,,Y
1017402108,HCP01797,,Prescriber2108,2208 Main St,Houston,TX,77030,OBG,MD,Y,Y,,Y
1017407588,HCP01798,,Prescriber7588,7688 Main St,Houston,TX,77030,GP,PA,Y,Y,,Y
1017668804,HCP01799,,Prescriber8804,8904 Main St,Houston,TX,77030,DEN,DDS,Y,Y,,Y
1019183768,HCP01800,,Prescriber3768,3868 Main St,Houston,TX,77030,EM,MD,Y,Y,,Y
1019933449,HCP01801,,Prescriber3449,3549 Main St,Chicago,IL,60612,EM,MD,Y,Y,,Y
1020186628,HCP01802,,Prescriber6628,6728 Main St,Houston,TX,77030,DR,MD,Y,Y,,Y
1020268182,HCP01803,,Prescriber8182,8282 Main St,Birmingham,AL,35233,CHP,MD,Y,Y,,Y
1021102992,Johnny,C,Lloyd,2401 Gillham Rd,Kansas City,MO,64108,PD,MD,Y,Y,,Y
1021210644,HCP01804,,Prescriber0644,744 Main St,Houston,TX,77030,ADM,NP,Y,Y,,Y
1021983586,Anthony,J,Riley,7910 Woodmont Ave Ste 1300,Bethesda,MD,20814,P,DO,Y,Y,B,
1021984321,HCP01805,,Prescriber4321,4421 Main St,Kansas City,MO,64155,PD,MD,Y,Y,,Y
1021987085,HCP01806,,Prescriber7085,7185 Main St,Smyrna,GA,30080,PD,MD,Y,Y,,Y
1022235079,HCP01807,,Prescriber5079,5179 Main St,Pittsburgh,PA,15217,P,NP,Y,Y,,Y
1022965253,Russell,E,Williams,719 Green Valley Rd Ste 209,Greensboro,NC,27408,PD,NP,Y,Y,,Y
1024122085,HCP01808,,Prescriber2085,2185 Main St,Flushing,NY,11354,FM,NP,Y,Y,,Y
1025543810,John,M,Russell,2500 82nd Pl,Des Moines,IA,50314,P,NP,Y,Y,C,
1025641853,William,A,Garza,451 Ruin Creek Rd Ste 101,Henderson,NC,27536,PD,PA,Y,Y,,Y
1026019135,HCP01809,,Prescriber9135,235 Main St,Houston,TX,77030,IM,MD,Y,Y,,Y
1027128641,HCP01810,,Prescriber8641,8741 Main St,Houston,TX,77030,FM,NP,Y,Y,,Y
1027779243,HCP01811,,Prescriber9243,343 Main St,Petal,MS,39465,FM,MD,Y,Y,,Y
1029609314,HCP01812,,Prescriber9314,414 Main St,Durham,NC,27705,GS,PA,Y,Y,,Y
1030199893,HCP01813,,Prescriber9893,993 Main St,Houston,TX,77096,FM,MD,Y,Y,,Y
1030627679,HCP01814,,Prescriber7679,7779 Main St,Gilbert,AZ,85234,PD,MD,Y,Y,,Y
1031332045,HCP01815,,Prescriber2045,2145 Main St,Conway,SC,29526,PD,MD,Y,Y,,Y
1031969922,HCP01816,,Prescriber9922,1022 Main St,Houston,TX,77030,EM,NP,Y,Y,,Y
1032430797,HCP01817,,Prescriber0797,897 Main St,Houston,TX,77030,N,DO,Y,Y,,Y
1032625179,HCP01818,,Prescriber5179,5279 Main St,Scottsdale,AZ,85258,FM,MD,Y,Y,,Y
1033964977,Bradley,,Lindsey,649 W Montauk Hwy,Bay Shore,NY,11706,AI,MD,Y,Y,,Y
1035453910,HCP01819,,Prescriber3910,4010 Main St,Jericho,NY,11753,GP,PA,Y,Y,,Y
1035971139,HCP01820,,Prescriber1139,1239 Main St,Kernersville,NC,27284,FM,MD,Y,Y,,Y
1036248874,HCP01821,,Prescriber8874,8974 Main St,Houston,TX,77030,RO,MD,Y,Y,,Y
1036809164,HCP01822,,Prescriber9164,264 Main St,Houston,TX,77030,IM,MD,Y,Y,,Y
1036932842,HCP01823,,Prescriber2842,2942 Main St,Houston,TX,77030,PD,MD,Y,Y,,Y
1037137870,HCP01824,,Prescriber7870,7970 Main St,Houston,TX,77030,PSY,PSY,Y,Y,,Y
1037531700,HCP01825,,Prescriber1700,1800 Main St,Durham,NC,27705,PED,DDS,Y,Y,,Y
1037566041,HCP01826,,Prescriber6041,6141 Main St,Houston,TX,77030,PHM,MD,Y,Y,,Y
1037697939,HCP01827,,Prescriber7939,8039 Main St,Towson,MD,21204,PD,NP,Y,Y,,Y
1038338557,HCP01828,,Prescriber8557,8657 Main St,New York,NY,10016,P,NP,Y,Y,,Y
1038842451,Hannah,L,Acevedo,3625 Menchaca Rd Ste 202,Austin,TX,78704,P,MD,Y,Y,A,
1039304450,HCP01829,,Prescriber4450,4550 Main St,Evansville,IN,47715,P,NP,Y,Y,,Y
1039456320,HCP01830,,Prescriber6320,6420 Main St,Nashville,TN,37203,GP,NP,Y,Y,,Y
1039697360,HCP01831,,Prescriber7360,7460 Main St,San Tan Valley,AZ,85143,GP,PA,Y,Y,,Y
1039848279,HCP01832,,Prescriber8279,8379 Main St,Kansas City,KS,66160,N,PA,Y,Y,,Y
1039924148,HCP01833,,Prescriber4148,4248 Main St,Columbus,OH,43212,OTO,PA,Y,Y,,Y
1040435214,Chad,M,Rodriguez,1072 Laskin Rd Ste 104,Grindstone,PA,15442,GP,NP,Y,Y,B,
1040482026,HCP01834,,Prescriber2026,2126 Main St,Houston,TX,77030,CCM,NP,Y,Y,,Y
1040797812,HCP01835,,Prescriber7812,7912 Main St,Houston,TX,77030,PM,MD,Y,Y,,Y
1041302180,HCP01836,,Prescriber2180,2280 Main St,Houston,TX,77030,OBG,MD,Y,Y,,Y
1041352564,HCP01837,,Prescriber2564,2664 Main St,Atlanta,GA,30329,P,MD,Y,Y,,Y
1041453800,HCP01838,,Prescriber3800,3900 Main St,Grimes,IA,50111,FM,NP,Y,Y,,Y
1041952066,HCP01839,,Prescriber2066,2166 Main St,Alpharetta,GA,30004,PD,MD,Y,Y,,Y
1042246239,HCP01840,,Prescriber6239,6339 Main St,Houston,TX,77030,D,MD,Y,Y,,Y
1043060910,HCP01841,,Prescriber0910,1010 Main St,Tallahassee,FL,32308,PD,MD,Y,Y,,Y
1043860622,HCP01842,,Prescriber0622,722 Main St,Mendenhall,MS,39114,PD,NP,Y,Y,,Y
1044004293,HCP01843,,Prescriber4293,4393 Main St,Cypress,TX,77429,AN,MD,Y,Y,,Y
1044177408,HCP01844,,Prescriber7408,7508 Main St,Des Moines,IA,50317,GP,PA,Y,Y,,Y
1045801684,Carolyn,J,Schmidt,2140 Smith St,Orange Park,FL,32073,PD,MD,Y,Y,A,
1047872278,HCP01845,,Prescriber2278,2378 Main St,Greensboro,NC,27405,PD,MD,Y,Y,,Y
1048272136,HCP01846,,Prescriber2136,2236 Main St,Denver,CO,80210,P,NP,Y,Y,,Y
1049158691,HCP01847,,Prescriber8691,8791 Main St,Lillington,NC,27546,GP,PA,Y,Y,,Y
1049934995,HCP01848,,Prescriber4995,5095 Main St,Houston,TX,77030,PD,MD,Y,Y,,Y
1051234473,HCP01849,,Prescriber4473,4573 Main St,Cedar Rapids,IA,52402,P,MD,Y,Y,,Y
1051880992,Tammy,M,Morales,38184 Medical Center Ave,Zephyrhills,FL,33540,PD,NP,Y,Y,,Y
1052005455,HCP01850,,Prescriber5455,5555 Main St,Charleston,SC,29414,PD,MD,Y,Y,,Y
1052041277,HCP01851,,Prescriber1277,1377 Main St,Kirkland,WA,98033,ADP,MD,Y,Y,,Y
1052137073,HCP01852,,Prescriber7073,7173 Main St,Houston,TX,77030,WH,NP,Y,Y,,Y
1052288919,Bryan,M,Cobb,1409 Kingsley Ave Ste 9E,Orange Park,FL,32073,P,MD,Y,Y,B,
1053230722,HCP01853,,Prescriber0722,822 Main St,Prosper,TX,75078,PD,DO,Y,Y,,Y
1053474977,HCP01854,,Prescriber4977,5077 Main St,Atlanta,GA,30322,FM,DO,Y,Y,,Y
1054926942,HCP01855,,Prescriber6942,7042 Main St,Kennesaw,GA,30144,PD,MD,Y,Y,,Y
1055149088,HCP01856,,Prescriber9088,188 Main St,Philadelphia,PA,19104,P,MD,Y,Y,,Y
1056040574,HCP01857,,Prescriber0574,674 Main St,Houston,TX,77030,FM,DO,Y,Y,,Y
1056127378,HCP01858,,Prescriber7378,7478 Main St,Richmond,VA,23298,AI,NP,Y,Y,,Y
1056379724,Kristina,J,Wells,299 Midland Pkwy Ste A,Summerville,SC,29485,FM,MD,Y,Y,C,
1056918349,HCP01859,,Prescriber8349,8449 Main St,Ravenna,OH,44266,P,NP,Y,Y,,Y
1057462319,HCP01860,,Prescriber2319,2419 Main St,Glendale,AZ,85308,PD,MD,Y,Y,,Y
1057469526,HCP01861,,Prescriber9526,626 Main St,Huntsville,AL,35806,P,MD,Y,Y,,Y
1059026176,HCP01862,,Prescriber6176,6276 Main St,Flushing,NY,11355,PD,DO,Y,Y,,Y
1060222852,HCP01863,,Prescriber2852,2952 Main St,Upper Marlboro,MD,20774,P,MD,Y,Y,,Y
1060965442,HCP01864,,Prescriber5442,5542 Main St,Springdale,AR,72762,P,MD,Y,Y,,Y
1060985383,HCP01865,,Prescriber5383,5483 Main St,West Palm Beach,FL,33401,PD,MD,Y,Y,,Y
1061378592,HCP01866,,Prescriber8592,8692 Main St,La Vista,NE,68128,P,NP,Y,Y,,Y
1061648034,HCP01867,,Prescriber8034,8134 Main St,Miami,FL,33136,ON,MD,Y,Y,,Y
1061742682,HCP01868,,Prescriber2682,2782 Main St,La Canada Flintridge,CA,91011,PD,MD,Y,Y,,Y
1061924103,HCP01869,,Prescriber4103,4203 Main St,Houston,TX,77030,OPH,MD,Y,Y,,Y
1062440196,HCP01870,,Prescriber0196,296 Main St,New York,NY,10003,CHP,MD,Y,Y,,Y
1062449690,HCP01871,,Prescriber9690,790 Main St,Spring Hill,FL,34609,P,NP,Y,Y,,Y
1062474379,HCP01872,,Prescriber4379,4479 Main St,Lithia Springs,GA,30122,PD,MD,Y,Y,,Y
1063374832,HCP01873,,Prescriber4832,4932 Main St,Chesapeake,VA,23320,P,NP,Y,Y,,Y
1063957108,HCP01874,,Prescriber7108,7208 Main St,Houston,TX,77030,PD,MD,Y,Y,,Y
1064065101,Daryl,C,Robinson,505 W 168th St,New York,NY,10032,ADL,MD,Y,Y,,
1064695165,HCP01875,,Prescriber5165,5265 Main St,Houston,TX,77030,CHP,MD,Y,Y,,Y
1064829138,Rachel,M,Sanchez,20611 Watertown Rd Ste J,Waukesha,WI,53186,P,NP,Y,Y,C,
1065024863,HCP01876,,Prescriber4863,4963 Main St,Warminster,PA,18974,FM,MD,Y,Y,,Y
1065077439,HCP01877,,Prescriber7439,7539 Main St,Houston,TX,77030,NPM,RN,Y,Y,,Y
1065401189,Bryan,A,Brown,65 Fort Washington Ave Apt 1A,New York,NY,10032,IM,MD,Y,Y,,
1065697101,HCP01878,,Prescriber7101,7201 Main St,Wichita Falls,TX,76301,P,MD,Y,Y,,Y
1066025516,HCP01879,,Prescriber5516,5616 Main St,Houston,TX,77030,IM,MD,Y,Y,,Y
1066380686,HCP01880,,Prescriber0686,786 Main St,Louisville,MS,39339,FM,MD,Y,Y,,Y
1066441569,Mrs.,J,Tiffany Hunt MD,8063 Edmund Hwy,Pelion,SC,29123,PD,NP,Y,Y,,Y
1067209961,HCP01881,,Prescriber9961,1061 Main St,Denver,CO,80238,FM,MD,Y,Y,,Y
1067849633,HCP01882,,Prescriber9633,733 Main St,Houston,TX,77030,FM,NP,Y,Y,,Y
1068067383,HCP01883,,Prescriber7383,7483 Main St,Houston,TX,77030,HO,MD,Y,Y,,Y
1068172672,HCP01884,,Prescriber2672,2772 Main St,Cleveland,OH,44195,FM,MD,Y,Y,,Y
1068299400,HCP01885,,Prescriber9400,500 Main St,Omaha,NE,68198,IM,MD,Y,Y,,Y
1068835063,HCP01886,,Prescriber5063,5163 Main St,Maryland Heights,MO,63043,FM,MD,Y,Y,,Y
1069077488,HCP01887,,Prescriber7488,7588 Main St,Houston,TX,77030,PD,NP,Y,Y,,Y
1069169484,HCP01888,,Prescriber9484,584 Main St,Miami,FL,33136,IM,MD,Y,Y,,Y
1069554919,HCP01889,,Prescriber4919,5019 Main St,Frisco,TX,75034,PD,MD,Y,Y,,Y
1071195770,HCP01890,,Prescriber5770,5870 Main St,Mooresville,NC,28117,PD,MD,Y,Y,,Y
1071976043,HCP01891,,Prescriber6043,6143 Main St,Topeka,KS,66604,BAR,DO,Y,Y,,Y
1072234331,HCP01892,,Prescriber4331,4431 Main St,Leland,NC,28451,FM,MD,Y,Y,,Y
1072666795,HCP01893,,Prescriber6795,6895 Main St,New Braunfels,TX,78130,FM,DO,Y,Y,,Y
1072926049,HCP01894,,Prescriber6049,6149 Main St,Brentwood,TN,37027,PD,MD,Y,Y,,Y
1073206983,HCP01895,,Prescriber6983,7083 Main St,Houston,TX,77030,P,MD,Y,Y,,Y
1073903838,HCP01896,,Prescriber3838,3938 Main St,Houston,TX,77030,FM,NP,Y,Y,,Y
1073976578,HCP01897,,Prescriber6578,6678 Main St,Miami,FL,33136,PHT,PT,Y,Y,,Y
1074783214,Craig,I,Brennan,1622 Willow Rd Ste 200,Kenilworth,IL,60043,P,MD,Y,Y,A,
1075182354,HCP01898,,Prescriber2354,2454 Main St,Loxahatchee,FL,33470,PD,MD,Y,Y,,Y
1075320436,HCP01899,,Prescriber0436,536 Main St,Houston,TX,77030,PD,MD,Y,Y,,Y
1078199682,HCP01900,,Prescriber9682,782 Main St,Houston,TX,77030,EM,NP,Y,Y,,Y
1078312904,HCP01901,,Prescriber2904,3004 Main St,Atlanta,GA,30303,PD,MD,Y,Y,,Y
1078342868,HCP01902,,Prescriber2868,2968 Main St,Houston,TX,77030,DEN,DDS,Y,Y,,Y
1079268707,HCP01903,,Prescriber8707,8807 Main St,Indianapolis,IN,46202,EM,DO,Y,Y,,Y
1080041707,HCP01904,,Prescriber1707,1807 Main St,Maryville,IL,62062,P,NP,Y,Y,,Y
1080529317,HCP01905,,Prescriber9317,417 Main St,Philadelphia,PA,19104,P,MD,Y,Y,,Y
1080529493,HCP01906,,Prescriber9493,593 Main St,Charlotte,NC,28217,FM,NP,Y,Y,,Y
1081126754,HCP01907,,Prescriber6754,6854 Main St,Miami,FL,33136,PM,DO,Y,Y,,Y
1081511137,HCP01908,,Prescriber1137,1237 Main St,Houston,TX,77030,PD,MD,Y,Y,,Y
1081871577,HCP01909,,Prescriber1577,1677 Main St,Maitland,FL,32751,PD,NP,Y,Y,,Y
1083773211,HCP01910,,Prescriber3211,3311 Main St,Houston,TX,77030,PD,MD,Y,Y,,Y
1083923533,HCP01911,,Prescriber3533,3633 Main St,Houston,TX,77030,PD,DO,Y,Y,,Y
1083978090,HCP01912,,Prescriber8090,8190 Main St,Houston,TX,77030,AN,MD,Y,Y,,Y
1084013684,HCP01913,,Prescriber3684,3784 Main St,Mobile,AL,36608,PD,MD,Y,Y,,Y
1084135197,HCP01914,,Prescriber5197,5297 Main St,Los Angeles,CA,90045,P,MD,Y,Y,,Y
1084817880,HCP01915,,Prescriber7880,7980 Main St,Houston,TX,77030,D,DO,Y,Y,,Y
1085546774,HCP01916,,Prescriber6774,6874 Main St,Mamaroneck,NY,10543,GP,NP,Y,Y,,Y
1085964421,Kenneth,L,Price,1304 13th Ave SE Ste D,Decatur,AL,35601,FM,NP,Y,Y,,Y
1086243215,HCP01917,,Prescriber3215,3315 Main St,El Paso,TX,79905,PD,MD,Y,Y,,Y
1086421536,HCP01918,,Prescriber1536,1636 Main St,Houston,TX,77030,GER,RN,Y,Y,,Y
1086825905,HCP01919,,Prescriber5905,6005 Main St,Richmond,VA,23298,AC,NP,Y,Y,,Y
1087128613,HCP01920,,Prescriber8613,8713 Main St,Lebanon,TN,37087,FM,PA,Y,Y,,Y
1087255886,HCP01921,,Prescriber5886,5986 Main St,Northport,NY,11768,FM,NP,Y,Y,,Y
1087709542,HCP01922,,Prescriber9542,642 Main St,Houston,TX,77030,GP,NP,Y,Y,,Y
1087733488,Danielle,M,Haney,721 Long Point Rd Ste 408B,Mt Pleasant,SC,29464,P,PA,Y,Y,A,
1088070883,Taylor,G,Hayes,9049 Springboro Pike,Miamisburg,OH,45342,P,NP,Y,Y,A,
1089225962,HCP01923,,Prescriber5962,6062 Main St,Holly Ridge,NC,28445,FM,PA,Y,Y,,Y
1089817009,Joan,G,Bowman,1 Bethany Rd Ste 69,Hazlet,NJ,07730,P,NP,Y,Y,B,
1090298002,HCP01924,,Prescriber8002,8102 Main St,Louisville,CO,80027,PD,MD,Y,Y,,Y
1090312837,HCP01925,,Prescriber2837,2937 Main St,Wichita,KS,67206,PD,MD,Y,Y,,Y
1090964097,Jill,D,Herrera,1192 Buckhead Xing Ste E,Woodstock,GA,30189,IM,MD,Y,Y,C,
1091339049,HCP01926,,Prescriber9049,149 Main St,Charleston,SC,29425,PM,MD,Y,Y,,Y
1091958960,HCP01927,,Prescriber8960,9060 Main St,Manhasset,NY,11030,IM,MD,Y,Y,,Y
1092046554,HCP01928,,Prescriber6554,6654 Main St,Houston,TX,77030,OCT,OTA,Y,Y,,Y
1092874036,HCP01929,,Prescriber4036,4136 Main St,Hampstead,NC,28443,FM,PA,Y,Y,,Y
1093016548,HCP01930,,Prescriber6548,6648 Main St,Indianapolis,IN,46202,PM,MD,Y,Y,,Y
1093042544,Dawn,U,Quinn,5155 Calhoun Memorial Hwy,Easley,SC,29640,AI,MD,Y,Y,,Y
1093449299,HCP01931,,Prescriber9299,399 Main St,Louisville,KY,40223,P,NP,Y,Y,,Y
1094169954,HCP01932,,Prescriber9954,1054 Main St,New York,NY,10017,P,NP,Y,Y,,Y
1094349628,Jason,C,Craig,25602 Hillside Ave Fl 1,Floral Park,NY,11004,PD,MD,Y,Y,,Y
1094723916,Tina,D,Hobbs,707 Lake Cook Rd Ste 309,Deerfield,IL,60015,CHP,MD,Y,Y,C,
1094754163,HCP01933,,Prescriber4163,4263 Main St,Cleveland,OH,44195,FM,NP,Y,Y,,Y
1095346452,Roy,K,Spencer,10745 165th St,Orland Park,IL,60467,P,NP,Y,Y,B,
1096020836,Shawn,L,Castillo,7570 W 21st St N Ste 1026D,Wichita,KS,67205,P,NP,Y,Y,C,
1096074045,HCP01934,,Prescriber4045,4145 Main St,Houston,TX,77030,FM,MD,Y,Y,,Y
1096253516,HCP01935,,Prescriber3516,3616 Main St,Phoenix,AZ,85016,CCP,MD,Y,Y,,Y
1096577922,HCP01936,,Prescriber7922,8022 Main St,Winslow,AZ,86047,FM,MD,Y,Y,,Y
1097078588,HCP01937,,Prescriber8588,8688 Main St,Birmingham,AL,35216,PD,MD,Y,Y,,Y
1098071253,HCP01938,,Prescriber1253,1353 Main St,Houston,TX,77030,EM,NP,Y,Y,,Y
1098796048,HCP01939,,Prescriber6048,6148 Main St,Phoenix,AZ,85016,FM,PA,Y,Y,,Y
1098910649,Zachary,S,Stein,2727 S 144th St Ste 280,Omaha,NE,68144,FM,DO,Y,Y,C,
1100113469,HCP01940,,Prescriber3469,3569 Main St,Houston,TX,77030,CHP,MD,Y,Y,,Y
1100183348,HCP01941,,Prescriber3348,3448 Main St,Houston,TX,77030,GP,PA,Y,Y,,Y
1100771375,HCP01942,,Prescriber1375,1475 Main St,Houston,TX,77030,FM,NP,Y,Y,,Y
1101480698,Joseph,A,Cooley,222 W Coleman Blvd Ste 119,Mt Pleasant,SC,29464,P,MD,Y,Y,B,
1101628063,HCP01943,,Prescriber8063,8163 Main St,Houston,TX,77030,IM,MD,Y,Y,,Y
1102611634,James,,Massey,7701 Sharon Lakes Rd Ste R,Charlotte,NC,28210,PD,MD,Y,Y,,Y
1103197145,HCP01944,,Prescriber7145,7245 Main St,Birmingham,AL,35233,RHU,MD,Y,Y,,Y
1103869531,HCP01945,,Prescriber9531,631 Main St,Denver,CO,80235,PD,MD,Y,Y,,Y
1104052220,HCP01946,,Prescriber2220,2320 Main St,Houston,TX,77030,P,DO,Y,Y,,Y
1104167673,Sheri,B,Lewis,337 Saint Lukes Dr,Montgomery,AL,36117,FM,NP,Y,Y,,Y
1104662547,Marc,R,Wilson,1350 NW 138th St Ste 200,Urbandale,IA,50323,P,NP,Y,Y,A,
1105389972,HCP01947,,Prescriber9972,1072 Main St,Duncan,SC,29334,PD,NP,Y,Y,,Y
1106505783,HCP01948,,Prescriber5783,5883 Main St,Atlanta,GA,30322,PD,MD,Y,Y,,Y
1106609249,HCP01949,,Prescriber9249,349 Main St,Houston,TX,77030,CHP,MD,Y,Y,,Y
1107518048,Christopher,S,Robinson,1148 S Hillside St Ste 104,Wichita,KS,67211,GP,DO,Y,Y,C,
1108068131,HCP01950,,Prescriber8131,8231 Main St,Houston,TX,77030,CD,MD,Y,Y,,Y
1108310497,HCP01951,,Prescriber0497,597 Main St,Kernersville,NC,27284,CHP,MD,Y,Y,,Y
1108591031,Maureen,L,Palmer,890 S Pleasantburg Dr,Greenville,SC,29607,PD,MD,Y,Y,,Y
1108968676,Anna,A,Murray,1924 Pinnacle Pointe Way Ste 100,Knoxville,TN,37922,GP,NP,Y,Y,C,
1109271905,Felicia,,Guerra,100 Tanner Dr,Bremen,GA,30110,FM,MD,Y,Y,,Y
1109326473,HCP01952,,Prescriber6473,6573 Main St,Charleston,SC,29414,PD,MD,Y,Y,,Y
1109874429,HCP01953,,Prescriber4429,4529 Main St,Pensacola,FL,32503,P,NP,Y,Y,,Y
1110387265,Jason,H,Williams,5561 Virginia Pkwy Ste 100,Mckinney,TX,75071,PD,MD,Y,Y,,Y
1110671162,HCP01954,,Prescriber1162,1262 Main St,Houston,TX,77030,DEN,DDS,Y,Y,,Y
1110964887,HCP01955,,Prescriber4887,4987 Main St,Phoenix,AZ,85016,CHP,MD,Y,Y,,Y
1112578469,HCP01956,,Prescriber8469,8569 Main St,Spring,TX,77380,OBG,MD,Y,Y,,Y
1112601716,HCP01957,,Prescriber1716,1816 Main St,Fairfax,VA,22030,P,NP,Y,Y,,Y
1113368068,Erik,P,Zavala,3685 Crown Point Ct Ste 2,Jacksonville,FL,32257,P,MD,Y,Y,A,
1113495061,HCP01958,,Prescriber5061,5161 Main St,Kansas City,KS,66160,ADL,MD,Y,Y,,Y
1113509229,HCP01959,,Prescriber9229,329 Main St,Cleveland,OH,44143,IM,DO,Y,Y,,Y
1114999617,HCP01960,,Prescriber9617,717 Main St,Houston,TX,77030,HOS,PA,Y,Y,,Y
1115331097,HCP01961,,Prescriber1097,1197 Main St,Houston,TX,77030,FM,NP,Y,Y,,Y
1115662601,HCP01962,,Prescriber2601,2701 Main St,Roswell,GA,30076,P,MD,Y,Y,,Y
1115956682,Meredith,,Hobbs,12430 Clark St,Carmel,IN,46032,FM,PA,Y,Y,B,
1116210803,HCP01963,,Prescriber0803,903 Main St,Miami,FL,33136,FM,DO,Y,Y,,Y
1116236363,William,J,Hahn,5561 Virginia Pkwy Ste 100,Mckinney,TX,75071,PD,MD,Y,Y,A,
1116464614,HCP01964,,Prescriber4614,4714 Main St,Houston,TX,77030,PD,MD,Y,Y,,Y
1116837195,HCP01965,,Prescriber7195,7295 Main St,Wilmington,NC,28401,ADU,PA,Y,Y,,Y
1117143278,HCP01966,,Prescriber3278,3378 Main St,Omaha,NE,68154,P,NP,Y,Y,,Y
1117152310,Darren,G,Foster,2600 E 7th St Unit A,Charlotte,NC,28204,AI,MD,Y,Y,,Y
1118166754,HCP01967,,Prescriber6754,6854 Main St,Bensalem,PA,19020,GP,PA,Y,Y,,Y
1118202448,HCP01968,,Prescriber2448,2548 Main St,Lima,OH,45801,PD,MD,Y,Y,,Y
1120553103,HCP01969,,Prescriber3103,3203 Main St,Columbus,GA,31904,P,MD,Y,Y,,Y
1120919913,HCP01970,,Prescriber9913,1013 Main St,Houston,TX,77030,GP,MD,Y,Y,,Y
1121652875,HCP01971,,Prescriber2875,2975 Main St,Grand Rapids,MI,49503,PD,MD,Y,Y,,Y
1122041341,HCP01972,,Prescriber1341,1441 Main St,Houston,TX,77030,EM,MD,Y,Y,,Y
1122081533,HCP01973,,Prescriber1533,1633 Main St,Lexington,KY,40513,FM,MD,Y,Y,,Y
1122872254,HCP01974,,Prescriber2254,2354 Main St,Sterling Heights,MI,48312,P,MD,Y,Y,,Y
1123475749,HCP01975,,Prescriber5749,5849 Main St,Independence,OH,44131,P,MD,Y,Y,,Y
1123537102,HCP01976,,Prescriber7102,7202 Main St,Moosic,PA,18507,GP,PA,Y,Y,,Y
1124770225,Christina,C,Fleming,10410 Ridgefield Pkwy Ste 100,Richmond,VA,23233,PD,DO,Y,Y,A,
1125197145,William,,Wilson,333 N Michigan Ave Ste 1400,Chicago,IL,60601,US,PA,Y,Y,A,
1125241139,Jason,G,Navarro,1314 Concord Rd SE,Smyrna,GA,30080,P,DO,Y,Y,B,
1125357414,HCP01977,,Prescriber7414,7514 Main St,Brentwood,TN,37027,P,NP,Y,Y,,Y
1125783362,HCP01978,,Prescriber3362,3462 Main St,Kansas City,KS,66160,U,NP,Y,Y,,Y
1125831521,HCP01979,,Prescriber1521,1621 Main St,New York,NY,10016,IM,MD,Y,Y,,Y
1125929149,HCP01980,,Prescriber9149,249 Main St,Indianapolis,IN,46202,GS,PA,Y,Y,,Y
1126196683,HCP01981,,Prescriber6683,6783 Main St,Lutz,FL,33558,GP,PA,Y,Y,,Y
1126273779,HCP01982,,Prescriber3779,3879 Main St,Alpharetta,GA,30004,FM,MD,Y,Y,,Y
1127277007,HCP01983,,Prescriber7007,7107 Main St,Houston,TX,77030,AC,NP,Y,Y,,Y
1127511070,HCP01984,,Prescriber1070,1170 Main St,Norfolk,VA,23551,FM,MD,Y,Y,,Y
1127680662,HCP01985,,Prescriber0662,762 Main St,Charlotte,NC,28211,P,PA,Y,Y,,Y
1128085681,Crystal,R,Barton,806 Jefferson Terrace Blvd,New Iberia,LA,70560,PD,MD,Y,Y,,Y
1128265421,HCP01986,,Prescriber5421,5521 Main St,Nottingham,MD,21236,P,NP,Y,Y,,Y
1128439970,HCP01987,,Prescriber9970,1070 Main St,Houston,TX,77030,FM,MD,Y,Y,,Y
1130449780,HCP01988,,Prescriber9780,880 Main St,Houston,TX,77030,DEN,DDS,Y,Y,,Y
1130732443,HCP01989,,Prescriber2443,2543 Main St,Atlanta,GA,30322,PTH,MD,Y,Y,,Y
1131507660,HCP01990,,Prescriber7660,7760 Main St,Houston,TX,77030,PMD,NP,Y,Y,,Y
1132038048,HCP01991,,Prescriber8048,8148 Main St,Durham,NC,27705,CD,NP,Y,Y,,Y
1132082656,HCP01992,,Prescriber2656,2756 Main St,Winston-Salem,NC,27106,PD,MD,Y,Y,,Y
1132244144,HCP01993,,Prescriber4144,4244 Main St,Pottstown,PA,19464,P,MD,Y,Y,,Y
1132321564,HCP01994,,Prescriber1564,1664 Main St,Houston,TX,77030,D,PA,Y,Y,,Y
1132537157,HCP01995,,Prescriber7157,7257 Main St,New York,NY,10016,D,DO,Y,Y,,Y
1133416271,HCP01996,,Prescriber6271,6371 Main St,Greenville,TX,75401,IM,MD,Y,Y,,Y
1133605244,HCP01997,,Prescriber5244,5344 Main St,Houston,TX,77030,FM,NP,Y,Y,,Y
1133736467,HCP01998,,Prescriber6467,6567 Main St,Houston,TX,77030,N,MD,Y,Y,,Y
1133939983,HCP01999,,Prescriber9983,1083 Main St,Philadelphia,PA,19134,P,NP,Y,Y,,Y
1134320104,HCP02000,,Prescriber0104,204 Main St,Richmond,VA,23298,PD,DO,Y,Y,,Y
1134488033,Dana,L,Henry,2024 N Woodlawn St Ste 402,Wichita,KS,67226,P,NP,Y,Y,C,
1134606316,Gerald,,Davis,10130 Crossing Way Suite 330 /  335,Denham Springs,LA,70726,PD,NP,Y,Y,,
1135554140,HCP02001,,Prescriber4140,4240 Main St,Houston,TX,77030,IM,MD,Y,Y,,Y
1136149261,Matthew,A,Trevino,440 Kingsley Ave,Orange Park,FL,32073,FM,MD,Y,Y,B,
1136245417,HCP02002,,Prescriber5417,5517 Main St,Miami,FL,33136,FM,PA,Y,Y,,Y
1136381178,HCP02003,,Prescriber1178,1278 Main St,Houston,TX,77030,DEN,DDS,Y,Y,,Y
1136689261,HCP02004,,Prescriber9261,361 Main St,Maumee,OH,43537,PD,MD,Y,Y,,Y
1137284461,HCP02005,,Prescriber4461,4561 Main St,Chicago,IL,60612,AN,MD,Y,Y,,Y
1138769171,HCP02006,,Prescriber9171,271 Main St,Garden City,NY,11530,PD,MD,Y,Y,,Y
1138799559,HCP02007,,Prescriber9559,659 Main St,Houston,TX,77030,PD,RN,Y,Y,,Y
1139526180,HCP02008,,Prescriber6180,6280 Main St,Pensacola,FL,32504,PD,MD,Y,Y,,Y
1139552719,HCP02009,,Prescriber2719,2819 Main St,Houston,TX,77030,PD,MD,Y,Y,,Y
1139827918,HCP02010,,Prescriber7918,8018 Main St,Cleveland,OH,44195,CHP,MD,Y,Y,,Y
1140505530,HCP02011,,Prescriber5530,5630 Main St,Oklahoma City,OK,73104,ADL,MD,Y,Y,,Y
1141303579,HCP02012,,Prescriber3579,3679 Main St,Cheyenne,WY,82001,FM,NP,Y,Y,,Y
1142558898,HCP02013,,Prescriber8898,8998 Main St,Ann Arbor,MI,48109,EM,DO,Y,Y,,Y
1143773118,HCP02014,,Prescriber3118,3218 Main St,Houston,TX,77030,FM,PA,Y,Y,,Y
1144150448,HCP02015,,Prescriber0448,548 Main St,Conway,SC,29526,GP,NP,Y,Y,,Y
1144195053,HCP02016,,Prescriber5053,5153 Main St,Houston,TX,77030,PD,PA,Y,Y,,Y
1144215145,HCP02017,,Prescriber5145,5245 Main St,Charleston,SC,29425,DEN,DMD,Y,Y,,Y
1144695581,HCP02018,,Prescriber5581,5681 Main St,Cleveland,OH,44125,P,MD,Y,Y,,Y
1144797309,John,A,Ball,317 Norton Dr Ste 101,Tallahassee,FL,32308,GP,MD,Y,Y,C,
1145530441,HCP02019,,Prescriber0441,541 Main St,Overland Park,KS,66207,P,NP,Y,Y,,Y
1146024804,HCP02020,,Prescriber4804,4904 Main St,Jacksonville Beach,FL,32250,IM,MD,Y,Y,,Y
1146166784,HCP02021,,Prescriber6784,6884 Main St,Pensacola,FL,32514,U,NP,Y,Y,,Y
1146589822,HCP02022,,Prescriber9822,922 Main St,Phoenix,AZ,85016,FM,NP,Y,Y,,Y
1146623552,HCP02023,,Prescriber3552,3652 Main St,Dallas,TX,75390,P,MD,Y,Y,,Y
1146665591,HCP02024,,Prescriber5591,5691 Main St,Richmond,TX,77469,PD,MD,Y,Y,,Y
1147193607,HCP02025,,Prescriber3607,3707 Main St,Atlanta,GA,30322,IM,MD,Y,Y,,Y
1150430152,John,L,Perkins,812 Candy Park Rd,Pembroke,NC,28372,GP,PA,Y,Y,,Y
1150436786,HCP02026,,Prescriber6786,6886 Main St,Durham,NC,27705,FM,NP,Y,Y,,Y
1150818903,HCP02027,,Prescriber8903,9003 Main St,Houston,TX,77030,PD,MD,Y,Y,,Y
1150955770,Ryan,E,Lyons,6 E 39th St Ste 902,New York,NY,10016,P,NP,Y,Y,C,
1151025570,HCP02028,,Prescriber5570,5670 Main St,Luckey,OH,43443,PD,NP,Y,Y,,Y
1151373995,HCP02029,,Prescriber3995,4095 Main St,Houston,TX,77030,CCM,NP,Y,Y,,Y
1152164996,HCP02030,,Prescriber4996,5096 Main St,Phoenix,AZ,85016,FOP,DO,Y,Y,,Y
1152276813,HCP02031,,Prescriber6813,6913 Main St,Baton Rouge,LA,70809,FM,NP,Y,Y,,Y
1152496597,Sandra,K,Stanton,128 Mott St Ste 603,New York,NY,10013,PD,MD,Y,Y,,
1155668940,HCP02032,,Prescriber8940,9040 Main St,Durham,NC,27705,DEN,DDS,Y,Y,,Y
1155852784,HCP02033,,Prescriber2784,2884 Main St,Durham,NC,27705,CHP,MD,Y,Y,,Y
1156046110,HCP02034,,Prescriber6110,6210 Main St,Clinton Township,MI,48035,FM,DO,Y,Y,,Y
1156981107,HCP02035,,Prescriber1107,1207 Main St,Pflugerville,TX,78660,PD,MD,Y,Y,,Y
1157218222,HCP02036,,Prescriber8222,8322 Main St,Cary,NC,27511,PD,MD,Y,Y,,Y
1157307289,Emily,M,Williams,10710 Seminole Blvd Ste 2,Largo,FL,33778,P,NP,Y,Y,C,
1157386664,John,L,Johnson,4575 Everhard Rd NW,Canton,OH,44718,PD,MD,Y,Y,,Y
1157813695,HCP02037,,Prescriber3695,3795 Main St,Houston,TX,77030,PD,MD,Y,Y,,Y
1158528489,HCP02038,,Prescriber8489,8589 Main St,Houston,TX,77030,PD,PVN,Y,Y,,Y
1158548920,HCP02039,,Prescriber8920,9020 Main St,Greensboro,NC,27410,PD,MD,Y,Y,,Y
1159058192,HCP02040,,Prescriber8192,8292 Main St,Houston,TX,77030,FM,NP,Y,Y,,Y
1159439754,HCP02041,,Prescriber9754,854 Main St,Phoenix,AZ,85016,CD,MD,Y,Y,,Y
1159636081,Shannon,K,Christensen,104 Whispering Pines Ave,Friendswood,TX,77546,P,MD,Y,Y,A,
1160061711,HCP02042,,Prescriber1711,1811 Main St,Houston,TX,77030,P,PA,Y,Y,,Y
1160169242,HCP02043,,Prescriber9242,342 Main St,Houston,TX,77030,CCM,MD,Y,Y,,Y
1160387289,HCP02044,,Prescriber7289,7389 Main St,Houston,TX,77030,OBG,MD,Y,Y,,Y
1160614867,HCP02045,,Prescriber4867,4967 Main St,Louisville,KY,40202,FM,NP,Y,Y,,Y
1160871539,HCP02046,,Prescriber1539,1639 Main St,Washington,DC,20009,FM,NP,Y,Y,,Y
1161494186,HCP02047,,Prescriber4186,4286 Main St,Houston,TX,77030,PD,MD,Y,Y,,Y
1161620087,HCP02048,,Prescriber0087,187 Main St,Louisville,KY,40202,PD,DO,Y,Y,,Y
1162106805,HCP02049,,Prescriber6805,6905 Main St,Lindsborg,KS,67456,GP,PA,Y,Y,,Y
1162206552,HCP02050,,Prescriber6552,6652 Main St,Marietta,GA,30062,PD,MD,Y,Y,,Y
1162566158,Rachael,H,Avila,30 Bee St Ste 210,Charleston,SC,29425,IM,MD,Y,Y,A,
1162819955,HCP02051,,Prescriber9955,1055 Main St,Brooklyn,NY,11201,GP,PA,Y,Y,,Y
1162887749,HCP02052,,Prescriber7749,7849 Main St,Atlanta,GA,30322,P,MD,Y,Y,,Y
1162931170,HCP02053,,Prescriber1170,1270 Main St,Atlanta,GA,30322,PHO,MD,Y,Y,,Y
1163120296,Tracy,A,Weber,703 Pro-Med Ln Ste 200,Carmel,IN,46032,P,MD,Y,Y,A,
1163228605,HCP02054,,Prescriber8605,8705 Main St,Sanford,NC,27330,EM,PA,Y,Y,,Y
1163513448,HCP02055,,Prescriber3448,3548 Main St,Prospect,KY,40059,PD,MD,Y,Y,,Y
1164290004,HCP02056,,Prescriber0004,104 Main St,Durham,NC,27705,IMG,MD,Y,Y,,Y
1164655740,HCP02057,,Prescriber5740,5840 Main St,Houston,TX,77030,PD,MD,Y,Y,,Y
1165144147,HCP02058,,Prescriber4147,4247 Main St,Spartanburg,SC,29306,PD,MD,Y,Y,,Y
1166229430,Julia,C,Jackson,2700 Research Forest Dr Ste 130,The Woodlands,TX,77381,CHP,MD,Y,Y,B,
1166507303,HCP02059,,Prescriber7303,7403 Main St,Houston,TX,77030,P,MD,Y,Y,,Y
1166715479,HCP02060,,Prescriber5479,5579 Main St,Hattiesburg,MS,39401,FM,DO,Y,Y,,Y
1167491457,HCP02061,,Prescriber1457,1557 Main St,Cockeysville,MD,21030,FM,MD,Y,Y,,Y
1167608454,HCP02062,,Prescriber8454,8554 Main St,Watkinsville,GA,30677,FM,MD,Y,Y,,Y
1167736893,HCP02063,,Prescriber6893,6993 Main St,Columbia,MD,21044,ADL,MD,Y,Y,,Y
1168223948,Robert,,Peterson,5404 W Elm St,Mchenry,IL,60050,P,NP,Y,Y,B,
1168263674,HCP02064,,Prescriber3674,3774 Main St,Houston,TX,77030,FM,MD,Y,Y,,Y
1168500586,HCP02065,,Prescriber0586,686 Main St,Charleston,SC,29425,GP,NP,Y,Y,,Y
1168899396,HCP02066,,Prescriber9396,496 Main St,Supply,NC,28462,PD,MD,Y,Y,,Y
1169042620,David,,Tran,261 James St Ste 3F,Morristown,NJ,07960,AI,MD,Y,Y,,Y
1169109329,HCP02067,,Prescriber9329,429 Main St,Lexington,SC,29072,PD,MD,Y,Y,,Y
1169360168,HCP02068,,Prescriber0168,268 Main St,Phoenix,AZ,85016,HO,MD,Y,Y,,Y
1169864221,HCP02069,,Prescriber4221,4321 Main St,Evans,GA,30809,PD,MD,Y,Y,,Y
1170344270,HCP02070,,Prescriber4270,4370 Main St,Charleston,SC,29425,DEN,DMD,Y,Y,,Y
1170500621,HCP02071,,Prescriber0621,721 Main St,Houston,TX,77030,MID,APRN,Y,Y,,Y
1171618388,HCP02072,,Prescriber8388,8488 Main St,Smithtown,NY,11787,PD,MD,Y,Y,,Y
1172583443,HCP02073,,Prescriber3443,3543 Main St,Houston,TX,77030,IM,MD,Y,Y,,Y
1173086184,HCP02074,,Prescriber6184,6284 Main St,San Antonio,TX,78232,P,MD,Y,Y,,Y
1173498261,HCP02075,,Prescriber8261,8361 Main St,Mckinney,TX,75071,FM,NP,Y,Y,,Y
1173631285,HCP02076,,Prescriber1285,1385 Main St,Houston,TX,77030,P,NP,Y,Y,,Y
1173886122,HCP02077,,Prescriber6122,6222 Main St,New York,NY,10016,U,PA,Y,Y,,Y
1174013525,Kelly,A,Ortiz,400 Medical Plz Ste 200,Lake Saint Louis,MO,63367,FM,MD,Y,Y,C,
1174022157,HCP02078,,Prescriber2157,2257 Main St,Tuscaloosa,AL,35406,FM,MD,Y,Y,,Y
1175581546,HCP02079,,Prescriber1546,1646 Main St,New York,NY,10010,P,MD,Y,Y,,Y
1176203756,HCP02080,,Prescriber3756,3856 Main St,Midlothian,VA,23114,PD,MD,Y,Y,,Y
1176700791,HCP02081,,Prescriber0791,891 Main St,Charleston,SC,29425,END,PA,Y,Y,,Y
1177827692,HCP02082,,Prescriber7692,7792 Main St,Kansas City,KS,66160,FM,DO,Y,Y,,Y
1178193562,HCP02083,,Prescriber3562,3662 Main St,Houston,TX,77030,PHT,PT,Y,Y,,Y
1179113481,HCP02084,,Prescriber3481,3581 Main St,Atlanta,GA,30322,GP,NP,Y,Y,,Y
1179143460,HCP02085,,Prescriber3460,3560 Main St,Houston,TX,77030,GS,NP,Y,Y,,Y
1181076997,HCP02086,,Prescriber6997,7097 Main St,Houston,TX,77030,GS,PA,Y,Y,,Y
1181302697,HCP02087,,Prescriber2697,2797 Main St,Houston,TX,77030,PD,MD,Y,Y,,Y
1181591723,Anna,,Lane,3028 Communications Pkwy Ste 300,Plano,TX,75093,P,MD,Y,Y,C,
1181687280,HCP02088,,Prescriber7280,7380 Main St,Waco,TX,76708,IM,NP,Y,Y,,Y
1181754656,HCP02089,,Prescriber4656,4756 Main St,Phoenix,AZ,85016,FM,NP,Y,Y,,Y
1182158372,Marcus,A,Gilmore,2113 Adams Grv Ste 101,Columbia,SC,29203,PD,MD,Y,Y,,Y
1182944525,HCP02090,,Prescriber4525,4625 Main St,Houston,TX,77030,FM,MD,Y,Y,,Y
1183141019,HCP02091,,Prescriber1019,1119 Main St,Charlotte,NC,28277,PD,MD,Y,Y,,Y
1183240523,HCP02092,,Prescriber0523,623 Main St,Tempe,AZ,85282,P,MD,Y,Y,,Y
1183953868,HCP02093,,Prescriber3868,3968 Main St,Houston,TX,77030,PTH,MD,Y,Y,,Y
1184200474,Jimmy,K,Castro,5887 Glenridge Dr Ste 140,Atlanta,GA,30328,N,MD,Y,Y,C,
1184209755,HCP02094,,Prescriber9755,855 Main St,Dallas,TX,75230,PD,MD,Y,Y,,Y
1184224407,Kyle,A,Gonzalez,2137 Little Rd,Palm Harbor,FL,34685,PD,MD,Y,Y,B,
1185157457,HCP02095,,Prescriber7457,7557 Main St,Houston,TX,77030,P,NP,Y,Y,,Y
1185196496,HCP02096,,Prescriber6496,6596 Main St,Houston,TX,77030,IM,MD,Y,Y,,Y
1185263436,HCP02097,,Prescriber3436,3536 Main St,Houston,TX,77030,FM,NP,Y,Y,,Y
1185304638,HCP02098,,Prescriber4638,4738 Main St,Houston,TX,77030,AN,MD,Y,Y,,Y
1186144953,HCP02099,,Prescriber4953,5053 Main St,Houston,TX,77030,PD,MD,Y,Y,,Y
1187579698,HCP02100,,Prescriber9698,798 Main St,Houston,TX,77030,PD,MD,Y,Y,,Y
1188537436,Dwayne,M,Jacobs,1835 N Corporate Lakes Blvd,Weston,FL,33326,PDA,MD,Y,Y,,Y
1188841125,HCP02101,,Prescriber1125,1225 Main St,Houston,TX,77030,PD,MD,Y,Y,,Y
1188895805,HCP02102,,Prescriber5805,5905 Main St,Houston,TX,77030,FM,NP,Y,Y,,Y
1189434328,HCP02103,,Prescriber4328,4428 Main St,Houston,TX,77030,N,MD,Y,Y,,Y
1189596648,HCP02104,,Prescriber6648,6748 Main St,Houston,TX,77030,PD,MD,Y,Y,,Y
1189886609,HCP02105,,Prescriber6609,6709 Main St,Houston,TX,77030,DR,MD,Y,Y,,Y
1189921253,HCP02106,,Prescriber1253,1353 Main St,Louisville,KY,40202,P,NP,Y,Y,,Y
1190472954,HCP02107,,Prescriber2954,3054 Main St,Houston,TX,77030,CHN,MD,Y,Y,,Y
1190958449,HCP02108,,Prescriber8449,8549 Main St,Coralville,IA,52241,P,NP,Y,Y,,Y
1191488487,HCP02109,,Prescriber8487,8587 Main St,Chicago,IL,60612,ORS,DO,Y,Y,,Y
1191574559,HCP02110,,Prescriber4559,4659 Main St,Chicago,IL,60612,OPH,MD,Y,Y,,Y
1191739868,HCP02111,,Prescriber9868,968 Main St,Cleveland,OH,44195,OBG,RN,Y,Y,,Y
1192058582,HCP02112,,Prescriber8582,8682 Main St,Kansas City,KS,66160,P,MD,Y,Y,,Y
1192466636,HCP02113,,Prescriber6636,6736 Main St,Dallas,TX,75235,FM,MD,Y,Y,,Y
1192816392,HCP02114,,Prescriber6392,6492 Main St,Louisville,KY,40202,IM,MD,Y,Y,,Y
1193138276,Stanley,,Hall,4530 Saint Johns Ave Ste 13,Jacksonville,FL,32210,FM,MD,Y,Y,C,
1193274808,HCP02115,,Prescriber4808,4908 Main St,Charleston,SC,29425,PD,DO,Y,Y,,Y
1193383423,HCP02116,,Prescriber3423,3523 Main St,Houston,TX,77030,ON,RN,Y,Y,,Y
1193537145,HCP02117,,Prescriber7145,7245 Main St,Asheville,NC,28803,FM,MD,Y,Y,,Y
1193770924,Daniel,D,Anthony,4925 Charlestown Rd,New Albany,IN,47150,P,NP,Y,Y,A,
1193850342,HCP02118,,Prescriber0342,442 Main St,Atlanta,GA,30322,OPT,OD,Y,Y,,Y
1194141886,Anthony,R,Garcia,100 Main St Ste 203,Safety Harbor,FL,34695,P,NP,Y,Y,A,
1194205458,HCP02119,,Prescriber5458,5558 Main St,Lancaster,SC,29720,FM,MD,Y,Y,,Y
1194431515,HCP02120,,Prescriber1515,1615 Main St,Houston,TX,77030,GS,NP,Y,Y,,Y
1195191902,HCP02121,,Prescriber1902,2002 Main St,Chicago,IL,60612,OBG,MD,Y,Y,,Y
1195892672,HCP02122,,Prescriber2672,2772 Main St,Indianapolis,IN,46202,FM,NP,Y,Y,,Y
1196265561,HCP02123,,Prescriber5561,5661 Main St,Houston,TX,77030,HOS,MD,Y,Y,,Y
1196562753,Dominique,G,Cox,8205 SW 124th St,Pinecrest,FL,33156,CHP,MD,Y,Y,C,
1196698627,Mr.,A,Tommy Carter MD,327 W College Ave,Shelby,NC,28152,PD,MD,Y,Y,,Y
1197209872,HCP02124,,Prescriber9872,972 Main St,Newport Beach,CA,92660,P,PA,Y,Y,,Y
1197570429,HCP02125,,Prescriber0429,529 Main St,Charlotte,NC,28226,PD,MD,Y,Y,,Y
1197964638,HCP02126,,Prescriber4638,4738 Main St,Houston,TX,77030,ORS,MD,Y,Y,,Y
1198599245,HCP02127,,Prescriber9245,345 Main St,Austin,TX,78705,PD,MD,Y,Y,,Y
1198751174,HCP02128,,Prescriber1174,1274 Main St,Waldorf,MD,20603,FM,MD,Y,Y,,Y
1198762364,Rachel,N,Barnes,3505 Converse Rd Ste 200,Wilmington,NC,28403,P,PA,Y,Y,A,
1198908211,HCP02129,,Prescriber8211,8311 Main St,Oklahoma City,OK,73104,CD,MD,Y,Y,,Y
1199870314,HCP02130,,Prescriber0314,414 Main St,Houston,TX,77030,PD,RN,Y,Y,,Y
1200153732,HCP02131,,Prescriber3732,3832 Main St,Houston,TX,77030,HOS,MD,Y,Y,,Y
1200370744,HCP02132,,Prescriber0744,844 Main St,Houston,TX,77030,GP,MD,Y,Y,,Y
1200395223,HCP02133,,Prescriber5223,5323 Main St,Houston,TX,77030,N,MD,Y,Y,,Y
1200397830,HCP02134,,Prescriber7830,7930 Main St,Houston,TX,77030,PER,DDS,Y,Y,,Y
1200910144,HCP02135,,Prescriber0144,244 Main St,Cincinnati,OH,45239,PD,NP,Y,Y,,Y
1201061407,Erin,E,Scott,11725 W 112th St,Overland Park,KS,66210,FM,MD,Y,Y,A,
1201345282,HCP02136,,Prescriber5282,5382 Main St,Metairie,LA,70005,PD,MD,Y,Y,,Y
1203342068,HCP02137,,Prescriber2068,2168 Main St,Oklahoma City,OK,73104,FM,NP,Y,Y,,Y
1205337917,HCP02138,,Prescriber7917,8017 Main St,Madison,MS,39110,FM,MD,Y,Y,,Y
1206007845,Tanya,T,Garza,750 Route 73 S Ste 210,Marlton,NJ,08053,P,NP,Y,Y,A,
1206858246,HCP02139,,Prescriber8246,8346 Main St,Houston,TX,77030,OBG,MD,Y,Y,,Y
1206881885,HCP02140,,Prescriber1885,1985 Main St,Omaha,NE,68198,OBG,MD,Y,Y,,Y
1206988361,HCP02141,,Prescriber8361,8461 Main St,Granbury,TX,76048,PD,MD,Y,Y,,Y
1207105739,HCP02142,,Prescriber5739,5839 Main St,Houston,TX,77030,GP,PA,Y,Y,,Y
1207210914,HCP02143,,Prescriber0914,1014 Main St,Houston,TX,77030,DR,MD,Y,Y,,Y
1208025644,HCP02144,,Prescriber5644,5744 Main St,Pittsburgh,PA,15218,GP,NP,Y,Y,,Y
1208046806,HCP02145,,Prescriber6806,6906 Main St,Houston,TX,77030,AN,MD,Y,Y,,Y
1208140711,HCP02146,,Prescriber0711,811 Main St,New York,NY,10016,ID,MD,Y,Y,,Y
1208418507,HCP02147,,Prescriber8507,8607 Main St,Houston,TX,77030,PD,MD,Y,Y,,Y
1209127873,HCP02148,,Prescriber7873,7973 Main St,Mckinney,TX,75070,FM,MD,Y,Y,,Y
1210319786,HCP02149,,Prescriber9786,886 Main St,Lake Mary,FL,32746,P,NP,Y,Y,,Y
1210428107,Jennifer,L,Mann,196 Thomas Johnson Dr,Frederick,MD,21702,AI,NP,Y,Y,,Y
1210608307,HCP02150,,Prescriber8307,8407 Main St,Raleigh,NC,27609,FM,MD,Y,Y,,Y
1210813172,HCP02151,,Prescriber3172,3272 Main St,Houston,TX,77030,FM,PA,Y,Y,,Y
1211010989,HCP02152,,Prescriber0989,1089 Main St,Houston,TX,77030,OBG,DO,Y,Y,,Y
1211553655,HCP02153,,Prescriber3655,3755 Main St,Cumming,GA,30040,IM,MD,Y,Y,,Y
1214171068,HCP02154,,Prescriber1068,1168 Main St,Houston,TX,77030,ICE,MD,Y,Y,,Y
1214455102,HCP02155,,Prescriber5102,5202 Main St,Virginia Beach,VA,23462,FM,NP,Y,Y,,Y
1214695396,HCP02156,,Prescriber5396,5496 Main St,Houston,TX,77030,PD,MD,Y,Y,,Y
1215230680,HCP02157,,Prescriber0680,780 Main St,Nokomis,FL,34275,PD,MD,Y,Y,,Y
1215434439,HCP02158,,Prescriber4439,4539 Main St,Lancaster,PA,17603,FPG,DO,Y,Y,,Y
1216335011,HCP02159,,Prescriber5011,5111 Main St,Houston,TX,77030,D,NP,Y,Y,,Y
1216671309,HCP02160,,Prescriber1309,1409 Main St,Phoenix,AZ,85016,DEN,DDS,Y,Y,,Y
1217262313,HCP02161,,Prescriber2313,2413 Main St,Irvine,CA,92614,P,NP,Y,Y,,Y
1219064645,Jason,G,Mendoza,1191 N Fairfield Rd Ste 310,Westerville,OH,43081,P,NP,Y,Y,A,
1219289332,HCP02162,,Prescriber9332,432 Main St,Richmond,VA,23298,PN,MD,Y,Y,,Y
1219777126,HCP02163,,Prescriber7126,7226 Main St,Houston,TX,77030,NEP,MD,Y,Y,,Y
1220185427,HCP02164,,Prescriber5427,5527 Main St,Baton Rouge,LA,70810,PSY,PSY,Y,Y,,Y
1220480648,HCP02165,,Prescriber0648,748 Main St,Houston,TX,77030,AN,MD,Y,Y,,Y
1221186878,HCP02166,,Prescriber6878,6978 Main St,Atlanta,GA,30322,END,NP,Y,Y,,Y
1221722650,HCP02167,,Prescriber2650,2750 Main St,Youngstown,OH,44505,FM,DO,Y,Y,,Y
1222172271,HCP02168,,Prescriber2271,2371 Main St,Houston,TX,77030,N,NP,Y,Y,,Y
1222463017,HCP02169,,Prescriber3017,3117 Main St,Miami,FL,33136,FM,MD,Y,Y,,Y
1222764128,HCP02170,,Prescriber4128,4228 Main St,Houston,TX,77030,DR,MD,Y,Y,,Y
1223165636,Danielle,A,Dixon,4820 Sweetwater Blvd,Sugar Land,TX,77479,AI,NP,Y,Y,,Y
1223563527,HCP02171,,Prescriber3527,3627 Main St,Parkersburg,WV,26104,GP,MD,Y,Y,,Y
1223582078,HCP02172,,Prescriber2078,2178 Main St,Avon,IN,46123,P,NP,Y,Y,,Y
1224795164,HCP02173,,Prescriber5164,5264 Main St,Phoenix,AZ,85016,ON,DO,Y,Y,,Y
1225023289,Jacqueline,L,Lewis,912 2nd St NE,Hickory,NC,28601,AI,PA,Y,Y,,Y
1227429331,HCP02174,,Prescriber9331,431 Main St,Phoenix,AZ,85016,GP,NP,Y,Y,,Y
1227603617,HCP02175,,Prescriber3617,3717 Main St,Chapel Hill,NC,27514,CHP,MD,Y,Y,,Y
1227717604,HCP02176,,Prescriber7604,7704 Main St,Houston,TX,77030,UM,MD,Y,Y,,Y
1227941368,HCP02177,,Prescriber1368,1468 Main St,Houston,TX,77030,DEN,DDS,Y,Y,,Y
1228958416,HCP02178,,Prescriber8416,8516 Main St,Houston,TX,77030,FM,RN,Y,Y,,Y
1230053467,HCP02179,,Prescriber3467,3567 Main St,Keller,TX,76244,FM,MD,Y,Y,,Y
1230475169,HCP02180,,Prescriber5169,5269 Main St,Indianapolis,IN,46202,P,MD,Y,Y,,Y
1230903057,HCP02181,,Prescriber3057,3157 Main St,Houston,TX,77030,FM,MD,Y,Y,,Y
1230906022,HCP02182,,Prescriber6022,6122 Main St,Houston,TX,77030,REN,MD,Y,Y,,Y
1231843313,John,W,Johnson,142 Milestone Way,Greenville,SC,29615,GP,PA,Y,Y,A,
1232145048,Christina,M,Roberts,5642 Hamilton Ave,Cincinnati,OH,45224,P,MD,Y,Y,C,
1233237330,HCP02183,,Prescriber7330,7430 Main St,Slidell,LA,70458,GP,PA,Y,Y,,Y
1233369784,HCP02184,,Prescriber9784,884 Main St,Mount Olive,NC,28365,FM,MD,Y,Y,,Y
1233672962,HCP02185,,Prescriber2962,3062 Main St,Lees Summit,MO,64086,UCM,NP,Y,Y,,Y
1233806492,HCP02186,,Prescriber6492,6592 Main St,Houston,TX,77030,POD,DPM,Y,Y,,Y
1233946417,Samuel,,Welch,4105 Hospital St Ste 103,Pascagoula,MS,39581,PD,MD,Y,Y,,Y
1234034938,HCP02187,,Prescriber4938,5038 Main St,Houston,TX,77030,IM,MD,Y,Y,,Y
1234876620,HCP02188,,Prescriber6620,6720 Main St,Houston,TX,77030,CD,NP,Y,Y,,Y
1234914084,HCP02189,,Prescriber4084,4184 Main St,Indianapolis,IN,46202,GP,NP,Y,Y,,Y
1235088740,HCP02190,,Prescriber8740,8840 Main St,Saint Martinville,LA,70582,FM,NP,Y,Y,,Y
1235943664,HCP02191,,Prescriber3664,3764 Main St,Houston,TX,77030,FM,NP,Y,Y,,Y
1236425813,HCP02192,,Prescriber5813,5913 Main St,Cleveland,OH,44195,GP,MD,Y,Y,,Y
1236704448,HCP02193,,Prescriber4448,4548 Main St,Eunice,LA,70535,PD,MD,Y,Y,,Y
1236841292,Jill,A,Garrett,2050 N Main St Ste C,Crown Point,IN,46307,P,NP,Y,Y,C,
1237080595,Steven,K,Andrews,2506 Danville Rd SW Ste 203B,Decatur,AL,35603,PD,NP,Y,Y,,Y
1237161060,Kenneth,K,White,1005 Health Center Dr Ste 100,Mattoon,IL,61938,PD,MD,Y,Y,,Y
1237161220,HCP02194,,Prescriber1220,1320 Main St,Houston,TX,77030,PD,MD,Y,Y,,Y
1237456555,HCP02195,,Prescriber6555,6655 Main St,Houston,TX,77030,PD,MD,Y,Y,,Y
1237968852,HCP02196,,Prescriber8852,8952 Main St,Lafayette,IN,47909,GP,PA,Y,Y,,Y
1238152876,HCP02197,,Prescriber2876,2976 Main St,Houston,TX,77030,IM,MD,Y,Y,,Y
1238184061,HCP02198,,Prescriber4061,4161 Main St,Houston,TX,77030,GP,NP,Y,Y,,Y
1238650079,HCP02199,,Prescriber0079,179 Main St,Houston,TX,77030,PD,MD,Y,Y,,Y
1239600972,HCP02200,,Prescriber0972,1072 Main St,Orange City,FL,32763,PD,MD,Y,Y,,Y
1239858132,HCP02201,,Prescriber8132,8232 Main St,Orinda,CA,94563,IM,MD,Y,Y,,Y
1240247835,Mark,M,Crawford,6285 S Higley Rd,Gilbert,AZ,85298,PD,NP,Y,Y,C,
1240312165,HCP02202,,Prescriber2165,2265 Main St,Minneapolis,MN,55422,P,NP,Y,Y,,Y
1240812607,HCP02203,,Prescriber2607,2707 Main St,Louisville,KY,40241,PD,MD,Y,Y,,Y
1241533981,HCP02204,,Prescriber3981,4081 Main St,Los Angeles,CA,90024,P,MD,Y,Y,,Y
1242004309,HCP02205,,Prescriber4309,4409 Main St,Scottsdale,AZ,85258,PD,MD,Y,Y,,Y
1242059460,HCP02206,,Prescriber9460,560 Main St,Anaheim,CA,92808,FM,MD,Y,Y,,Y
1242203185,HCP02207,,Prescriber3185,3285 Main St,Saint Cloud,FL,34772,FM,MD,Y,Y,,Y
1242699210,HCP02208,,Prescriber9210,310 Main St,Houston,TX,77030,PD,NP,Y,Y,,Y
1242884594,HCP02209,,Prescriber4594,4694 Main St,Houston,TX,77030,FM,NP,Y,Y,,Y
1244262238,HCP02210,,Prescriber2238,2338 Main St,Chicago,IL,60612,ORS,NP,Y,Y,,Y
1244519377,Luis,J,Bailey,7601 Conroy Windermere Rd Ste 203,Orlando,FL,32835,P,MD,Y,Y,A,
1245589656,HCP02211,,Prescriber9656,756 Main St,Charleston,SC,29425,ADU,NP,Y,Y,,Y
1245667667,HCP02212,,Prescriber7667,7767 Main St,Winston-Salem,NC,27103,PD,NP,Y,Y,,Y
1246106266,HCP02213,,Prescriber6266,6366 Main St,Houston,TX,77030,P,MD,Y,Y,,Y
1246196155,HCP02214,,Prescriber6155,6255 Main St,Houston,TX,77030,NEP,MD,Y,Y,,Y
1246346362,HCP02215,,Prescriber6362,6462 Main St,Houston,TX,77030,PHP,MD,Y,Y,,Y
1246622231,HCP02216,,Prescriber2231,2331 Main St,Warwick,NY,10990,FM,NP,Y,Y,,Y
1246970846,HCP02217,,Prescriber0846,946 Main St,Houston,TX,77030,DEN,DDS,Y,Y,,Y
1248489778,HCP02218,,Prescriber9778,878 Main St,Baton Rouge,LA,70808,PD,MD,Y,Y,,Y
1248683432,HCP02219,,Prescriber3432,3532 Main St,Kansas City,KS,66160,FM,MD,Y,Y,,Y
1249027397,HCP02220,,Prescriber7397,7497 Main St,Lewisville,TX,75077,PD,DO,Y,Y,,Y
1249134179,HCP02221,,Prescriber4179,4279 Main St,Little Rock,AR,72205,PYG,MD,Y,Y,,Y
1249493559,HCP02222,,Prescriber3559,3659 Main St,Greensburg,PA,15601,P,NP,Y,Y,,Y
1249819892,HCP02223,,Prescriber9892,992 Main St,Houston,TX,77030,AN,APRN,Y,Y,,Y
1249930435,Benjamin,A,Harmon,713 S Fayetteville St,Asheboro,NC,27203,PD,MD,Y,Y,,Y
1250010930,HCP02224,,Prescriber0930,1030 Main St,Lutherville Timonium,MD,21093,PD,MD,Y,Y,,Y
1250244065,HCP02225,,Prescriber4065,4165 Main St,Chicago,IL,60612,D,PA,Y,Y,,Y
1250464064,HCP02226,,Prescriber4064,4164 Main St,Columbia,SC,29203,GP,DO,Y,Y,,Y
1251340824,HCP02227,,Prescriber0824,924 Main St,Henderson,NC,27536,FM,PA,Y,Y,,Y
1251342289,HCP02228,,Prescriber2289,2389 Main St,Rockwall,TX,75032,CCM,NP,Y,Y,,Y
1251892700,Jennifer,M,Contreras,2301 N Parham Rd Ste 5,Richmond,VA,23229,P,NP,Y,Y,B,
1252350946,Robyn,M,Garcia,812 Candy Park Rd,Pembroke,NC,28372,PD,NP,Y,Y,,Y
1252693842,HCP02229,,Prescriber3842,3942 Main St,Downers Grove,IL,60515,P,MD,Y,Y,,Y
1252841769,HCP02230,,Prescriber1769,1869 Main St,Houston,TX,77030,DEN,DDS,Y,Y,,Y
1253838691,HCP02231,,Prescriber8691,8791 Main St,Houston,TX,77030,PD,MD,Y,Y,,Y
1254212920,HCP02232,,Prescriber2920,3020 Main St,Houston,TX,77030,FM,MD,Y,Y,,Y
1254561148,HCP02233,,Prescriber1148,1248 Main St,Houston,TX,77030,FM,NP,Y,Y,,Y
1255622756,Catherine,K,Goodman,2607 W Arrowood Rd,Charlotte,NC,28273,GP,NP,Y,Y,,Y
1256647142,HCP02234,,Prescriber7142,7242 Main St,Columbus,OH,43204,EM,MD,Y,Y,,Y
1257662961,HCP02235,,Prescriber2961,3061 Main St,Saint Clair Shores,MI,48080,FM,DO,Y,Y,,Y
1257692533,Kathryn,M,Holder,3745 Mill Stone Dr,Casselberry,FL,32707,FM,NP,Y,Y,A,
1257749058,HCP02236,,Prescriber9058,158 Main St,Hilliard,OH,43026,P,NP,Y,Y,,Y
1258275475,HCP02237,,Prescriber5475,5575 Main St,Miami,FL,33136,PD,MD,Y,Y,,Y
1258331787,HCP02238,,Prescriber1787,1887 Main St,Murfreesboro,TN,37127,GP,MD,Y,Y,,Y
1259192964,HCP02239,,Prescriber2964,3064 Main St,Philadelphia,PA,19104,GP,NP,Y,Y,,Y
1259356339,HCP02240,,Prescriber6339,6439 Main St,Houston,TX,77030,AN,MD,Y,Y,,Y
1259450839,Dylan,E,Schmidt,8900 State Line Rd Ste 380,Leawood,KS,66206,P,DO,Y,Y,C,
1259503572,Christopher,A,Perez,10225 Hickorywood Hill Ave Ste B,Huntersville,NC,28078,P,NP,Y,Y,B,
1259852186,HCP02241,,Prescriber2186,2286 Main St,Houston,TX,77030,PD,RN,Y,Y,,Y
1259929265,Randy,G,Calderon,5602 Marquesas Cir Ste 212,Sarasota,FL,34238,P,MD,Y,Y,B,
1261149362,HCP02242,,Prescriber9362,462 Main St,Kansas City,MO,64108,PD,DO,Y,Y,,Y
1261398102,HCP02243,,Prescriber8102,8202 Main St,Riverton,UT,84065,PD,MD,Y,Y,,Y
1261407605,HCP02244,,Prescriber7605,7705 Main St,Mobile,AL,36608,PD,MD,Y,Y,,Y
1261542211,HCP02245,,Prescriber2211,2311 Main St,Bedford,TX,76021,IM,MD,Y,Y,,Y
1261659405,HCP02246,,Prescriber9405,505 Main St,Houston,TX,77030,PD,DO,Y,Y,,Y
1261970675,HCP02247,,Prescriber0675,775 Main St,Germantown,TN,38138,PD,MD,Y,Y,,Y
1262106470,HCP02248,,Prescriber6470,6570 Main St,Houston,TX,77098,P,MD,Y,Y,,Y
1262242749,HCP02249,,Prescriber2749,2849 Main St,Opelousas,LA,70570,FM,NP,Y,Y,,Y
1262258663,Kendra,J,Anderson,2200 Pump Rd Ste 100,Richmond,VA,23225,FM,MD,Y,Y,C,
1262306760,HCP02250,,Prescriber6760,6860 Main St,Philadelphia,PA,19107,P,MD,Y,Y,,Y
1262768374,Gregory,R,Wells,101 Rue Fontaine Bldg 2,Lafayette,LA,70508,AI,MD,Y,Y,,Y
1262787972,HCP02251,,Prescriber7972,8072 Main St,Memphis,TN,38117,PD,MD,Y,Y,,Y
1263330088,HCP02252,,Prescriber0088,188 Main St,Philadelphia,PA,19104,HOS,DO,Y,Y,,Y
1263363912,HCP02253,,Prescriber3912,4012 Main St,Coppell,TX,75019,FM,MD,Y,Y,,Y
1263940460,Nicholas,R,Mendoza,5500 Knoll North Dr Ste 290,Columbia,MD,21045,P,PA,Y,Y,A,
1264206570,HCP02254,,Prescriber6570,6670 Main St,Houston,TX,77030,CD,MD,Y,Y,,Y
1264487298,HCP02255,,Prescriber7298,7398 Main St,Houston,TX,77030,OMM,DO,Y,Y,,Y
1265094490,HCP02256,,Prescriber4490,4590 Main St,Covington,LA,70433,FM,NP,Y,Y,,Y
1265299145,HCP02257,,Prescriber9145,245 Main St,Houston,TX,77030,EM,NP,Y,Y,,Y
1266037695,Zachary,S,Jackson,9139 Westover Hills Blvd Ste 101,San Antonio,TX,78251,PD,NP,Y,Y,,Y
1266217338,HCP02258,,Prescriber7338,7438 Main St,Detroit,MI,48219,P,NP,Y,Y,,Y
1266317965,HCP02259,,Prescriber7965,8065 Main St,Houston,TX,77030,AMD,MD,Y,Y,,Y
1266640498,Oscar,F,Estrada,4100 Everett Dr Ste 400,Kyle,TX,78640,PD,MD,Y,N,,Y
1267182020,HCP02260,,Prescriber2020,2120 Main St,New York,NY,10016,PTH,MD,Y,Y,,Y
1267200058,HCP02261,,Prescriber0058,158 Main St,Rock Hill,SC,29730,GP,PA,Y,Y,,Y
1267437640,Ashley,R,Cook,10420 Park Rd Ste 300,Lancaster,SC,29720,FM,NP,Y,Y,A,
1268345985,HCP02262,,Prescriber5985,6085 Main St,Monroeville,PA,15146,P,NP,Y,Y,,Y
1268795344,HCP02263,,Prescriber5344,5444 Main St,Houston,TX,77030,PG,MD,Y,Y,,Y
1269037421,HCP02264,,Prescriber7421,7521 Main St,Chicago,IL,60611,GP,PA,Y,Y,,Y
1269116649,Randall,J,Carter,6110 Main St Ste B,Zachary,LA,70791,PD,DO,Y,Y,,
1269236336,Alicia,D,Alexander,214 S Peters Rd Ste 101,Knoxville,TN,37923,P,MD,Y,Y,C,
1269297505,HCP02265,,Prescriber7505,7605 Main St,Kalamazoo,MI,49009,FM,MD,Y,Y,,Y
1269602467,Paul,N,Allen,3737 Woodland Ave Ste 410,Ankeny,IA,50023,P,NP,Y,Y,A,
1269756498,HCP02266,,Prescriber6498,6598 Main St,Iowa City,IA,52242,PD,DO,Y,Y,,Y
1270605058,HCP02267,,Prescriber5058,5158 Main St,Orlando,FL,32819,P,MD,Y,Y,,Y
1270643161,HCP02268,,Prescriber3161,3261 Main St,Farmingdale,NY,11735,PD,MD,Y,Y,,Y
1270990954,HCP02269,,Prescriber0954,1054 Main St,Saint Louis,MO,63110,N,MD,Y,Y,,Y
1272860242,HCP02270,,Prescriber0242,342 Main St,Houston,TX,77030,PD,MD,Y,Y,,Y
1273141630,Charles,A,Wilson,218 Foust St Ste B,Asheboro,NC,27203,PD,NP,Y,Y,,Y
1273215729,HCP02271,,Prescriber5729,5829 Main St,Houston,TX,77030,P,NP,Y,Y,,Y
1275306340,Thomas,C,Buchanan,5560 Independence Parkway,Frisco,TX,75035,PD,MD,Y,Y,,Y
1275603959,HCP02272,,Prescriber3959,4059 Main St,Houston,TX,77030,DEN,DDS,Y,Y,,Y
1275689434,Daniel,,Mitchell,4900 Frank Rd NW,North Canton,OH,44720,PD,MD,Y,Y,,Y
1275982873,HCP02273,,Prescriber2873,2973 Main St,Chesterfield,VA,23832,FM,NP,Y,Y,,Y
1276069941,HCP02274,,Prescriber9941,1041 Main St,Las Vegas,NV,89146,P,DO,Y,Y,,Y
1276329200,HCP02275,,Prescriber9200,300 Main St,Germantown,TN,38138,IM,MD,Y,Y,,Y
1276398687,HCP02276,,Prescriber8687,8787 Main St,Houston,TX,77030,FM,NP,Y,Y,,Y
1276817852,HCP02277,,Prescriber7852,7952 Main St,Gainesville,FL,32605,PD,MD,Y,Y,,Y
1276926773,HCP02278,,Prescriber6773,6873 Main St,Fishers,IN,46037,IM,MD,Y,Y,,Y
1277023456,HCP02279,,Prescriber3456,3556 Main St,Atlanta,GA,30322,DEN,DMD,Y,Y,,Y
1277209765,Shannon,C,Ayers,735 Medical Center Dr,West Point,MS,39773,PD,NP,Y,Y,,Y
1277699067,HCP02280,,Prescriber9067,167 Main St,Charlotte,NC,28277,PD,MD,Y,Y,,Y
1278578051,Nicole,A,Guzman,14340 Torrey Chase Blvd Ste 160,Houston,TX,77014,P,MD,Y,Y,A,
1279032203,Kimberly,W,Romero,620 Summit Crossing Pl Ste 202,Gastonia,NC,28054,A,NP,Y,Y,,Y
1279346557,HCP02281,,Prescriber6557,6657 Main St,Houston,TX,77030,FM,NP,Y,Y,,Y
1280725707,Debra,N,Michael,8200 Constantin Blvd Fl 3,Baton Rouge,LA,70809,AI,MD,Y,Y,,
1281299432,HCP02282,,Prescriber9432,532 Main St,Houston,TX,77030,PD,NP,Y,Y,,Y
1281444295,HCP02283,,Prescriber4295,4395 Main St,Denver,CO,80232,FM,DO,Y,Y,,Y
1282337934,HCP02284,,Prescriber7934,8034 Main St,Atlanta,GA,30322,NPM,NP,Y,Y,,Y
1283237681,HCP02285,,Prescriber7681,7781 Main St,East Meadow,NY,11554,PD,NP,Y,Y,,Y
1283335805,Crystal,I,Gilmore,304 E Main St,Wilmore,KY,40390,PD,MD,Y,Y,,Y
1283468609,HCP02286,,Prescriber8609,8709 Main St,Houston,TX,77030,IM,MD,Y,Y,,Y
1283597755,Michael,D,Castillo,525 E 68th St,New York,NY,10128,CHP,MD,Y,Y,C,
1283904770,HCP02287,,Prescriber4770,4870 Main St,Queen Creek,AZ,85142,FM,NP,Y,Y,,Y
1285419966,Steven,M,Pitts,342 N Water St Ste 600,Milwaukee,WI,53202,P,MD,Y,Y,B,
1285447528,HCP02288,,Prescriber7528,7628 Main St,Allen,TX,75013,CHP,MD,Y,Y,,Y
1286097304,HCP02289,,Prescriber7304,7404 Main St,Houston,TX,77030,HO,MD,Y,Y,,Y
1286150075,HCP02290,,Prescriber0075,175 Main St,Houston,TX,77030,FM,NP,Y,Y,,Y
1288089233,Edgar,L,Long,1460 Bond St Ste 130,Naperville,IL,60563,P,PA,Y,Y,C,
1289002657,HCP02291,,Prescriber2657,2757 Main St,Goodyear,AZ,85338,IM,MD,Y,Y,,Y
1289580064,HCP02292,,Prescriber0064,164 Main St,Houston,TX,77030,N,MD,Y,Y,,Y
1290072260,HCP02293,,Prescriber2260,2360 Main St,Bronx,NY,10459,P,NP,Y,Y,,Y
1290371879,HCP02294,,Prescriber1879,1979 Main St,Westlake,OH,44145,PD,MD,Y,Y,,Y
1290780563,HCP02295,,Prescriber0563,663 Main St,Aurora,CO,80045,FM,MD,Y,Y,,Y
1291029364,HCP02296,,Prescriber9364,464 Main St,Greensburg,LA,70441,P,NP,Y,Y,,Y
1291915310,HCP02297,,Prescriber5310,5410 Main St,Houston,TX,77030,FM,MD,Y,Y,,Y
1291932381,HCP02298,,Prescriber2381,2481 Main St,Birmingham,AL,35244,PD,MD,Y,Y,,Y
1292107893,Benjamin,B,Johnson,437 Heymann Blvd,Lafayette,LA,70503,PD,MD,Y,Y,A,
1292202715,Scott,E,Greene,1600 SW Archer Rd,Gainesville,FL,32610,PD,NP,Y,Y,,Y
1292381430,George,J,Walker,9049 Springboro Pike,Mason,OH,45040,FM,NP,Y,Y,A,
1293084928,Roberto,M,Dickson,213 W 4th North St,Summerville,SC,29485,FM,NP,Y,Y,B,
1294518018,HCP02299,,Prescriber8018,8118 Main St,Houston,TX,77030,ADM,DO,Y,Y,,Y
1294574828,HCP02300,,Prescriber4828,4928 Main St,Houston,TX,77030,DR,DO,Y,Y,,Y
1294666122,HCP02301,,Prescriber6122,6222 Main St,Birmingham,AL,35209,P,MD,Y,Y,,Y
1294852226,HCP02302,,Prescriber2226,2326 Main St,Elkhart,IN,46514,FM,NP,Y,Y,,Y
1294903269,HCP02303,,Prescriber3269,3369 Main St,Houston,TX,77030,APM,MD,Y,Y,,Y
1295365352,HCP02304,,Prescriber5352,5452 Main St,Mesa,AZ,85206,PD,DO,Y,Y,,Y
1295796237,HCP02305,,Prescriber6237,6337 Main St,Duluth,GA,30097,IM,DO,Y,Y,,Y
1295993858,HCP02306,,Prescriber3858,3958 Main St,Brandon,MS,39042,PD,MD,Y,Y,,Y
1296659231,HCP02307,,Prescriber9231,331 Main St,Saint Louis,MO,63110,REN,MD,Y,Y,,Y
1297354652,Mark,,Green,4510 Medical Center Dr Ste 208,Mckinney,TX,75069,P,MD,Y,Y,A,
1297805055,HCP02308,,Prescriber5055,5155 Main St,Greenfield,IN,46140,FM,MD,Y,Y,,Y
1298889734,HCP02309,,Prescriber9734,834 Main St,Nanuet,NY,10954,ADL,MD,Y,Y,,Y
1299728487,HCP02310,,Prescriber8487,8587 Main St,Atlanta,GA,30322,PS,MD,Y,Y,,Y
1299832791,HCP02311,,Prescriber2791,2891 Main St,Westlake,OH,44145,P,MD,Y,Y,,Y
1300649268,HCP02312,,Prescriber9268,368 Main St,Cape Coral,FL,33990,P,NP,Y,Y,,Y
1300785784,HCP02313,,Prescriber5784,5884 Main St,Houston,TX,77030,PD,MD,Y,Y,,Y
1301391657,HCP02314,,Prescriber1657,1757 Main St,Raleigh,NC,27613,PD,MD,Y,Y,,Y
1301612237,HCP02315,,Prescriber2237,2337 Main St,Anderson,SC,29621,GP,MD,Y,Y,,Y
1301999179,Stephen,A,Bailey,1140 Bloomfield Ave Ste 213,West Caldwell,NJ,07006,PD,MD,Y,Y,,Y
1302483975,HCP02316,,Prescriber3975,4075 Main St,Hattiesburg,MS,39401,FM,NP,Y,Y,,Y
1303931351,HCP02317,,Prescriber1351,1451 Main St,Miami,FL,33136,FM,NP,Y,Y,,Y
1304214800,HCP02318,,Prescriber4800,4900 Main St,Columbus,OH,43214,IM,PA,Y,Y,,Y
1304867361,HCP02319,,Prescriber7361,7461 Main St,Houston,TX,77030,OPT,OD,Y,Y,,Y
1305149899,HCP02320,,Prescriber9899,999 Main St,Shepherdsville,KY,40165,FM,MD,Y,Y,,Y
1305393922,HCP02321,,Prescriber3922,4022 Main St,Columbus,OH,43205,PD,MD,Y,Y,,Y
1305716953,Sharon,P,Gonzalez,110 Court House South Dennis Rd,Cape May Ch,NJ,08210,AI,MD,N,Y,,Y
1305970431,HCP02322,,Prescriber0431,531 Main St,Mandeville,LA,70448,P,NP,Y,Y,,Y
1307732289,HCP02323,,Prescriber2289,2389 Main St,Houston,TX,77030,OBG,MD,Y,Y,,Y
1307749482,Andrew,,Johnson,1907 S 17th St Ste 1,Wilmington,NC,28401,P,NP,Y,Y,A,
1309006279,HCP02324,,Prescriber6279,6379 Main St,Durham,NC,27705,FM,MD,Y,Y,,Y
1309537071,HCP02325,,Prescriber7071,7171 Main St,Cincinnati,OH,45239,PD,MD,Y,Y,,Y
1309889509,HCP02326,,Prescriber9509,609 Main St,Durham,NC,27705,FPG,PA,Y,Y,,Y
1310355035,HCP02327,,Prescriber5035,5135 Main St,Houston,TX,77030,OBG,MD,Y,Y,,Y
1310614391,HCP02328,,Prescriber4391,4491 Main St,Media,PA,19063,P,DO,Y,Y,,Y
1310773782,HCP02329,,Prescriber3782,3882 Main St,Florence,KY,41042,PD,DO,Y,Y,,Y
1311083356,HCP02330,,Prescriber3356,3456 Main St,Phoenix,AZ,85016,DEN,DDS,Y,Y,,Y
1311201404,HCP02331,,Prescriber1404,1504 Main St,Beaufort,SC,29906,IM,DO,Y,Y,,Y
1311849705,HCP02332,,Prescriber9705,805 Main St,Chesterfield,MO,63017,IM,MD,Y,Y,,Y
1312147586,HCP02333,,Prescriber7586,7686 Main St,Birmingham,AL,35243,P,MD,Y,Y,,Y
1312332105,HCP02334,,Prescriber2105,2205 Main St,Russiaville,IN,46979,FM,MD,Y,Y,,Y
1312408445,HCP02335,,Prescriber8445,8545 Main St,Mount Pleasant,SC,29464,PD,MD,Y,Y,,Y
1312572067,William,E,Jacobson,2352 Bruce B Downs Blvd Ste 304,Wesley Chapel,FL,33544,P,PA,Y,Y,B,
1313298260,HCP02336,,Prescriber8260,8360 Main St,Houston,TX,77030,FM,NP,Y,Y,,Y
1313388734,HCP02337,,Prescriber8734,8834 Main St,Jacksonville,FL,32218,PD,MD,Y,Y,,Y
1313530203,HCP02338,,Prescriber0203,303 Main St,Houston,TX,77030,FM,NP,Y,Y,,Y
1313744552,HCP02339,,Prescriber4552,4652 Main St,West Palm Beach,FL,33407,PD,MD,Y,Y,,Y
1313871365,HCP02340,,Prescriber1365,1465 Main St,Houston,TX,77030,FM,NP,Y,Y,,Y
1314310234,HCP02341,,Prescriber0234,334 Main St,Houston,TX,77030,PD,MD,Y,Y,,Y
1314821077,HCP02342,,Prescriber1077,1177 Main St,Chicago,IL,60612,GP,PA,Y,Y,,Y
1315069668,John,M,Rosales,6950 NE 14th St Ste 36,West Des Moines,IA,50266,P,NP,Y,Y,C,
1315632220,HCP02343,,Prescriber2220,2320 Main St,Birmingham,AL,35233,AN,MD,Y,Y,,Y
1315661426,HCP02344,,Prescriber1426,1526 Main St,Miami,FL,33136,AN,NP,Y,Y,,Y
1315866737,HCP02345,,Prescriber6737,6837 Main St,Houston,TX,77030,PD,MD,Y,Y,,Y
1315981581,HCP02346,,Prescriber1581,1681 Main St,Houston,TX,77030,GP,NP,Y,Y,,Y
1316899518,HCP02347,,Prescriber9518,618 Main St,Houston,TX,77030,GP,PA,Y,Y,,Y
1317218220,HCP02348,,Prescriber8220,8320 Main St,Houston,TX,77030,GE,MD,Y,Y,,Y
1317621599,HCP02349,,Prescriber1599,1699 Main St,Houston,TX,77030,PD,MD,Y,Y,,Y
1317641331,HCP02350,,Prescriber1331,1431 Main St,Charleston,SC,29406,FM,NP,Y,Y,,Y
1318723601,Joyce,M,Shaw,201 E 87th St Apt 22E,New York,NY,10016,P,MD,Y,Y,A,
1318832769,HCP02351,,Prescriber2769,2869 Main St,Houston,TX,77030,IM,MD,Y,Y,,Y
1319725573,HCP02352,,Prescriber5573,5673 Main St,Deerfield Beach,FL,33442,P,NP,Y,Y,,Y
1320286623,HCP02353,,Prescriber6623,6723 Main St,Lenexa,KS,66227,GP,NP,Y,Y,,Y
1320351434,Debbie,A,Becker,115 Southport Rd Ste C,Greenville,SC,29615,P,PA,Y,Y,A,
1320435679,HCP02354,,Prescriber5679,5779 Main St,Wilmington,DE,19804,P,NP,Y,Y,,Y
1320672967,HCP02355,,Prescriber2967,3067 Main St,Austin,TX,78750,PD,MD,Y,Y,,Y
1320700067,Sandra,B,Clark,200 Petroleum Dr,Lafayette,LA,70508,PD,MD,Y,Y,,Y
1321383025,HCP02356,,Prescriber3025,3125 Main St,Jacksonville,FL,32205,PD,MD,Y,Y,,Y
1321517803,HCP02357,,Prescriber7803,7903 Main St,Mooresville,NC,28117,PD,MD,Y,Y,,Y
1322097555,HCP02358,,Prescriber7555,7655 Main St,Willard,MO,65781,FM,MD,Y,Y,,Y
1322444094,HCP02359,,Prescriber4094,4194 Main St,Omaha,NE,68154,P,NP,Y,Y,,Y
1322510277,HCP02360,,Prescriber0277,377 Main St,Overland Park,KS,66224,GP,PA,Y,Y,,Y
1322669686,HCP02361,,Prescriber9686,786 Main St,Houston,TX,77030,POD,PA,Y,Y,,Y
1322863837,HCP02362,,Prescriber3837,3937 Main St,Miami,FL,33136,P,NP,Y,Y,,Y
1324816618,HCP02363,,Prescriber6618,6718 Main St,Charlotte,NC,28210,P,PA,Y,Y,,Y
1324890745,Daniel,A,Moreno,126 Clinic Dr,Dothan,AL,36303,PD,MD,Y,Y,,Y
1324900689,HCP02364,,Prescriber0689,789 Main St,Midlothian,VA,23114,P,MD,Y,Y,,Y
1326910809,HCP02365,,Prescriber0809,909 Main St,Cedar Rapids,IA,52403,PD,NP,Y,Y,,Y
1327045299,HCP02366,,Prescriber5299,5399 Main St,Houston,TX,77030,ID,PA,Y,Y,,Y
1327090185,HCP02367,,Prescriber0185,285 Main St,Houston,TX,77030,P,MD,Y,Y,,Y
1327191849,Mr.,,Todd Huffman,700 24th Ave NW,Norman,OK,73069,FM,MD,Y,Y,C,
1327253420,HCP02368,,Prescriber3420,3520 Main St,Crofton,MD,21114,P,NP,Y,Y,,Y
1327368734,HCP02369,,Prescriber8734,8834 Main St,Houston,TX,77030,PD,MD,Y,Y,,Y
1328596749,HCP02370,,Prescriber6749,6849 Main St,Houston,TX,77030,HNS,MD,Y,Y,,Y
1331167205,HCP02371,,Prescriber7205,7305 Main St,Houston,TX,77030,PD,MD,Y,Y,,Y
1331334375,HCP02372,,Prescriber4375,4475 Main St,Durham,NC,27705,GP,PA,Y,Y,,Y
1331361839,HCP02373,,Prescriber1839,1939 Main St,Atlanta,GA,30322,IM,NP,Y,Y,,Y
1332695350,HCP02374,,Prescriber5350,5450 Main St,Houston,TX,77030,N,MD,Y,Y,,Y
1333186640,HCP02375,,Prescriber6640,6740 Main St,Philadelphia,PA,19104,OBG,MD,Y,Y,,Y
1333264177,Adriana,M,Clark,7750 Diley Rd Ste A,Columbus,OH,43213,PD,MD,Y,Y,B,
1333959620,HCP02376,,Prescriber9620,720 Main St,Fort Mill,SC,29715,FM,MD,Y,Y,,Y
1334119113,HCP02377,,Prescriber9113,213 Main St,Cary,NC,27519,PD,MD,Y,Y,,Y
1334484498,HCP02378,,Prescriber4498,4598 Main St,Houston,TX,77030,FM,NP,Y,Y,,Y
1334490619,HCP02379,,Prescriber0619,719 Main St,Monroe,MI,48162,FM,MD,Y,Y,,Y
1335122003,HCP02380,,Prescriber2003,2103 Main St,Houston,TX,77030,PD,MD,Y,Y,,Y
1336014693,Patricia,A,Cox,1901 Kirby Dr Ste 109,Webster,TX,77598,PD,MD,Y,Y,A,
1336077298,HCP02381,,Prescriber7298,7398 Main St,Houston,TX,77030,GE,PA,Y,Y,,Y
1336212749,HCP02382,,Prescriber2749,2849 Main St,Phoenix,AZ,85016,AN,MD,Y,Y,,Y
1336379541,HCP02383,,Prescriber9541,641 Main St,Wichita,KS,67206,P,PA,Y,Y,,Y
1337969918,HCP02384,,Prescriber9918,1018 Main St,Tampa,FL,33609,P,MD,Y,Y,,Y
1338870304,HCP02385,,Prescriber0304,404 Main St,Houston,TX,77030,FM,NP,Y,Y,,Y
1339092707,Debra,M,Harris,116 S Houston Rd,Warner Robins,GA,31088,PD,NP,Y,Y,,Y
1340844800,HCP02386,,Prescriber4800,4900 Main St,Houston,TX,77030,OBG,MD,Y,Y,,Y
1340922868,HCP02387,,Prescriber2868,2968 Main St,Houston,TX,77030,PD,MD,Y,Y,,Y
1341031709,Matthew,L,Miller,4801 Weldon Spring Pkwy Ste 300,Weldon Spring,MO,63304,P,MD,Y,Y,A,
1341797914,HCP02388,,Prescriber7914,8014 Main St,Powell,OH,43065,PD,MD,Y,Y,,Y
1343275903,HCP02389,,Prescriber5903,6003 Main St,Houston,TX,77030,IM,MD,Y,Y,,Y
1344143505,Loretta,R,Barron,765 State Route 10 Ste 203,Randolph,NJ,07869,PD,MD,Y,Y,,Y
1346107916,HCP02390,,Prescriber7916,8016 Main St,Houston,TX,77030,PD,MD,Y,Y,,Y
1346741219,Brittany,L,Chan MD,1300 Oretha Castle Haley Blvd Ste B,New Orleans,LA,70113,PD,MD,Y,Y,,
1347099585,HCP02391,,Prescriber9585,685 Main St,Jackson,MS,39202,FM,NP,Y,Y,,Y
1347875793,HCP02392,,Prescriber5793,5893 Main St,Temple,TX,76508,P,DO,Y,Y,,Y
1348064230,Martin,M,Bush,5705 Monclova Rd,Maumee,OH,43537,FM,MD,Y,Y,,Y
1348585943,HCP02393,,Prescriber5943,6043 Main St,Jenison,MI,49428,PD,MD,Y,Y,,Y
1349521954,HCP02394,,Prescriber1954,2054 Main St,Houston,TX,77030,GP,PA,Y,Y,,Y
1350260211,HCP02395,,Prescriber0211,311 Main St,Louisville,KY,40202,ORS,MD,Y,Y,,Y
1350483463,Tammy,C,James,5110 Blazer Pkwy,Dublin,OH,43017,PD,MD,N,Y,A,
1352192873,HCP02396,,Prescriber2873,2973 Main St,Houston,TX,77030,DEN,DMD,Y,Y,,Y
1352300822,HCP02397,,Prescriber0822,922 Main St,Houston,TX,77030,DEN,DDS,Y,Y,,Y
1352564877,HCP02398,,Prescriber4877,4977 Main St,Atlanta,GA,30327,FM,MD,Y,Y,,Y
1352929033,HCP02399,,Prescriber9033,133 Main St,Houston,TX,77030,FM,NP,Y,Y,,Y
1353051014,Kendra,F,Jones,4000 Smith Rd Ste 175,Cincinnati,OH,45209,PD,NP,Y,Y,C,
1354027355,HCP02400,,Prescriber7355,7455 Main St,Saint Louis,MO,63110,EM,MD,Y,Y,,Y
1354165670,HCP02401,,Prescriber5670,5770 Main St,Houston,TX,77030,FM,NP,Y,Y,,Y
1354333629,HCP02402,,Prescriber3629,3729 Main St,Greensboro,NC,27408,PD,DO,Y,Y,,Y
1354506919,HCP02403,,Prescriber6919,7019 Main St,Miami,FL,33136,GP,PA,Y,Y,,Y
1355094967,HCP02404,,Prescriber4967,5067 Main St,Downers Grove,IL,60515,PD,DO,Y,Y,,Y
1355504076,HCP02405,,Prescriber4076,4176 Main St,Durham,NC,27705,END,MD,Y,Y,,Y
1356104242,Jason,,Little,200A N Park Ave,Apopka,FL,32703,FM,MD,Y,Y,,Y
1356247515,HCP02406,,Prescriber7515,7615 Main St,Hinsdale,IL,60521,OBG,DO,Y,Y,,Y
1356656001,HCP02407,,Prescriber6001,6101 Main St,Humble,TX,77346,PD,MD,Y,Y,,Y
1356906388,HCP02408,,Prescriber6388,6488 Main St,Atlanta,GA,30322,IM,MD,Y,Y,,Y
1356958382,Samantha,A,Woodward,129 Tidewater Dr,Havre De Grace,MD,21078,FM,NP,Y,Y,,Y
1358311846,HCP02409,,Prescriber1846,1946 Main St,Houston,TX,77030,GS,NP,Y,Y,,Y
1359045536,HCP02410,,Prescriber5536,5636 Main St,Raleigh,NC,27607,P,PA,Y,Y,,Y
1359862305,HCP02411,,Prescriber2305,2405 Main St,Saint Amant,LA,70774,FM,NP,Y,Y,,Y
1360017849,Joseph,M,Hayes,309 NW Renfro St Ste 201,Burleson,TX,76028,FM,DO,Y,Y,,Y
1360024704,HCP02412,,Prescriber4704,4804 Main St,Wayne,PA,19087,P,MD,Y,Y,,Y
1360315748,HCP02413,,Prescriber5748,5848 Main St,Houston,TX,77030,PD,MD,Y,Y,,Y
1360342218,HCP02414,,Prescriber2218,2318 Main St,Bethel Park,PA,15102,FM,NP,Y,Y,,Y
1361079795,HCP02415,,Prescriber9795,895 Main St,Phoenix,AZ,85016,HO,MD,Y,Y,,Y
1361197174,HCP02416,,Prescriber7174,7274 Main St,Houston,TX,77030,IM,MD,Y,Y,,Y
1361295304,HCP02417,,Prescriber5304,5404 Main St,Phoenix,AZ,85016,OBG,MD,Y,Y,,Y
1361939507,HCP02418,,Prescriber9507,607 Main St,Oklahoma City,OK,73159,FM,DO,Y,Y,,Y
1363057825,HCP02419,,Prescriber7825,7925 Main St,Cleveland,OH,44195,P,NP,Y,Y,,Y
1363126987,HCP02420,,Prescriber6987,7087 Main St,Commack,NY,11725,GP,MD,Y,Y,,Y
1363306853,HCP02421,,Prescriber6853,6953 Main St,Houston,TX,77030,P,DO,Y,Y,,Y
1363917011,HCP02422,,Prescriber7011,7111 Main St,Dallas,TX,75251,P,MD,Y,Y,,Y
1364600631,HCP02423,,Prescriber0631,731 Main St,Scottsdale,AZ,85258,PD,MD,Y,Y,,Y
1364821791,HCP02424,,Prescriber1791,1891 Main St,Spring,TX,77379,PD,MD,Y,Y,,Y
1364884959,HCP02425,,Prescriber4959,5059 Main St,Brooklyn,NY,11203,P,MD,Y,Y,,Y
1365060093,HCP02426,,Prescriber0093,193 Main St,New York,NY,10016,ADU,NP,Y,Y,,Y
1365307483,HCP02427,,Prescriber7483,7583 Main St,Madison,MS,39110,FM,MD,Y,Y,,Y
1365485239,HCP02428,,Prescriber5239,5339 Main St,Houston,TX,77030,CCE,PA,Y,Y,,Y
1365564219,HCP02429,,Prescriber4219,4319 Main St,Birmingham,AL,35209,P,MD,Y,Y,,Y
1365671690,HCP02430,,Prescriber1690,1790 Main St,Midlothian,VA,23113,FM,MD,Y,Y,,Y
1365713364,HCP02431,,Prescriber3364,3464 Main St,Houston,TX,77030,PD,MD,Y,Y,,Y
1366073467,HCP02432,,Prescriber3467,3567 Main St,Erie,PA,16509,P,NP,Y,Y,,Y
1366283298,HCP02433,,Prescriber3298,3398 Main St,Milwaukee,WI,53213,P,NP,Y,Y,,Y
1367748076,HCP02434,,Prescriber8076,8176 Main St,Victoria,TX,77904,PD,DO,Y,Y,,Y
1368743236,HCP02435,,Prescriber3236,3336 Main St,Kansas City,KS,66160,END,MD,Y,Y,,Y
1369016054,Kelly,N,Vazquez,226 S Woods Mill Rd Ste 32W,Chesterfield,MO,63017,PD,MD,Y,Y,C,
1369644017,David,A,Maxwell,1952 McDowell Rd Ste 305,Naperville,IL,60563,P,PA,Y,Y,B,
1370023908,Steven,,Hill,53 Elizabeth St 3B,New York,NY,10013,IM,MD,Y,Y,,
1370077578,HCP02436,,Prescriber7578,7678 Main St,Miami,FL,33136,PD,MD,Y,Y,,Y
1370395426,Tracy,E,Gutierrez,805 S Clay St,Ennis,TX,75119,FM,NP,Y,Y,,Y
1370937380,Michelle,J,Butler,1530 Airport Blvd,Pensacola,FL,32504,PD,MD,Y,Y,A,
1371319520,Philip,S,Ayers,259 Broad St,Hawkinsville,GA,31036,PD,MD,Y,Y,B,
1372123810,HCP02437,,Prescriber3810,3910 Main St,Houston,TX,77030,FM,DO,Y,Y,,Y
1372975621,Stacey,D,Jefferson,2219 Sawdust Rd Ste 1004,HOUSTON,TX,77028,P,MD,Y,Y,B,
1374120566,HCP02438,,Prescriber0566,666 Main St,Miami,FL,33136,CD,MD,Y,Y,,Y
1374243116,HCP02439,,Prescriber3116,3216 Main St,Metairie,LA,70002,PD,MD,Y,Y,,Y
1374454174,HCP02440,,Prescriber4174,4274 Main St,Houston,TX,77030,ORS,MD,Y,Y,,Y
1375577122,HCP02441,,Prescriber7122,7222 Main St,Olathe,KS,66061,FM,DO,Y,Y,,Y
1376323117,HCP02442,,Prescriber3117,3217 Main St,Houston,TX,77030,PPR,MD,Y,Y,,Y
1377505441,HCP02443,,Prescriber5441,5541 Main St,Plainview,NY,11803,PD,MD,Y,Y,,Y
1377980820,HCP02444,,Prescriber0820,920 Main St,Waco,TX,76710,PD,MD,Y,Y,,Y
1378258169,HCP02445,,Prescriber8169,8269 Main St,Coppell,TX,75019,FSM,MD,Y,Y,,Y
1378468826,HCP02446,,Prescriber8826,8926 Main St,Waukee,IA,50263,FM,NP,Y,Y,,Y
1378496698,Erik,J,Shepherd,2651 Old Shell Rd,Mobile,AL,36607,IM,MD,Y,Y,B,
1379445808,HCP02447,,Prescriber5808,5908 Main St,Mobile,AL,36609,P,MD,Y,Y,,Y
1379739879,HCP02448,,Prescriber9879,979 Main St,Philadelphia,PA,19104,P,MD,Y,Y,,Y
1379941887,HCP02449,,Prescriber1887,1987 Main St,Houston,TX,77030,FM,NP,Y,Y,,Y
1380582363,HCP02450,,Prescriber2363,2463 Main St,Phoenix,AZ,85016,ON,MD,Y,Y,,Y
1380681076,HCP02451,,Prescriber1076,1176 Main St,Houston,TX,77030,P,MD,Y,Y,,Y
1381201437,HCP02452,,Prescriber1437,1537 Main St,Houston,TX,77030,FM,NP,Y,Y,,Y
1381486128,HCP02453,,Prescriber6128,6228 Main St,Phoenix,AZ,85013,FM,NP,Y,Y,,Y
1381668766,HCP02454,,Prescriber8766,8866 Main St,Nashville,TN,37217,GP,MD,Y,Y,,Y
1383162119,HCP02455,,Prescriber2119,2219 Main St,Beloit,WI,53511,P,NP,Y,Y,,Y
1383352224,Amanda,B,Hudson,2159 Glebe St Ste 270,Carmel,IN,46032,FM,NP,Y,Y,A,
1383754003,HCP02456,,Prescriber4003,4103 Main St,Omaha,NE,68198,GP,NP,Y,Y,,Y
1384595881,HCP02457,,Prescriber5881,5981 Main St,Houston,TX,77030,P,DO,Y,Y,,Y
1385606619,HCP02458,,Prescriber6619,6719 Main St,Houston,TX,77030,OTO,MD,Y,Y,,Y
1385630307,Lindsey,,Anderson,1000 Lake Saint Louis Blvd,Lake St Louis,MO,63367,P,MD,Y,Y,B,
1386933709,HCP02459,,Prescriber3709,3809 Main St,Griffin,GA,30224,P,MD,Y,Y,,Y
1387212709,HCP02460,,Prescriber2709,2809 Main St,Southaven,MS,38671,FM,MD,Y,Y,,Y
1387466308,HCP02461,,Prescriber6308,6408 Main St,Houston,TX,77030,FM,MD,Y,Y,,Y
1387513936,Miguel,J,Peterson,6310 Beach Blvd,Jacksonville,FL,32216,P,NP,Y,Y,B,
1387802706,HCP02462,,Prescriber2706,2806 Main St,Winston-Salem,NC,27106,PD,MD,Y,Y,,Y
1387889902,HCP02463,,Prescriber9902,1002 Main St,Lawrence,KS,66047,FM,PA,Y,Y,,Y
1389212489,HCP02464,,Prescriber2489,2589 Main St,Birmingham,AL,35233,PEM,MD,Y,Y,,Y
1389369212,HCP02465,,Prescriber9212,312 Main St,Orlando,FL,32804,P,NP,Y,Y,,Y
1389379727,HCP02466,,Prescriber9727,827 Main St,Rock Hill,SC,29732,PD,PA,Y,Y,,Y
1389567490,HCP02467,,Prescriber7490,7590 Main St,Houston,TX,77030,CD,MD,Y,Y,,Y
1390701152,HCP02468,,Prescriber1152,1252 Main St,Saint Louis,MO,63110,GE,MD,Y,Y,,Y
1390755764,HCP02469,,Prescriber5764,5864 Main St,Phoenix,AZ,85016,FM,MD,Y,Y,,Y
1390904907,HCP02470,,Prescriber4907,5007 Main St,Charlotte,NC,28203,PD,MD,Y,Y,,Y
1391400938,HCP02471,,Prescriber0938,1038 Main St,Miami,FL,33136,P,MD,Y,Y,,Y
1392230665,HCP02472,,Prescriber0665,765 Main St,Miami,FL,33136,ORS,MD,Y,Y,,Y
1392823125,HCP02473,,Prescriber3125,3225 Main St,Greensboro,NC,27401,P,NP,Y,Y,,Y
1392937608,HCP02474,,Prescriber7608,7708 Main St,Houston,TX,77030,GP,RN,Y,Y,,Y
1392942086,HCP02475,,Prescriber2086,2186 Main St,Durham,NC,27705,PD,DO,Y,Y,,Y
1393973396,HCP02476,,Prescriber3396,3496 Main St,San Francisco,CA,94115,FM,MD,Y,Y,,Y
1394149410,HCP02477,,Prescriber9410,510 Main St,Houston,TX,77030,CD,MD,Y,Y,,Y
1394336669,HCP02478,,Prescriber6669,6769 Main St,Houston,TX,77030,PD,NP,Y,Y,,Y
1395216155,HCP02479,,Prescriber6155,6255 Main St,Houston,TX,77030,CHP,MD,Y,Y,,Y
1395678987,HCP02480,,Prescriber8987,9087 Main St,Lafayette,LA,70506,FM,MD,Y,Y,,Y
1395822122,HCP02481,,Prescriber2122,2222 Main St,Denver,NC,28037,FM,NP,Y,Y,,Y
1396010067,HCP02482,,Prescriber0067,167 Main St,Gainesville,FL,32608,FM,MD,Y,Y,,Y
1396957331,HCP02483,,Prescriber7331,7431 Main St,Mooresville,IN,46158,PD,MD,Y,Y,,Y
1397054965,Marie,M,Turner,9049 Springboro Pike,Miamisburg,OH,45342,P,NP,Y,Y,A,
1397105936,HCP02484,,Prescriber5936,6036 Main St,Houston,TX,77030,FM,MD,Y,Y,,Y
1397413677,Ashley,B,Clark,2725 SE Maricamp Rd,Ocala,FL,34471,FM,MD,Y,Y,B,Y
1397765521,Maria,J,Garrison,1640 Powers Ferry Rd SE Bldg 9-330,Marietta,GA,30067,CHP,MD,Y,Y,C,
1397797123,HCP02485,,Prescriber7123,7223 Main St,Alpharetta,GA,30022,PD,DO,Y,Y,,Y
1398071337,HCP02486,,Prescriber1337,1437 Main St,Houston,TX,77030,DEN,DDS,Y,Y,,Y
1398083721,Christopher,W,Joyce,150 S Warner Rd Ste 130,West Chester,PA,19380,ADU,NP,Y,Y,A,
1399129996,HCP02487,,Prescriber9996,1096 Main St,Jacksonville,FL,32209,CHP,MD,Y,Y,,Y
1399490067,HCP02488,,Prescriber0067,167 Main St,Cary,NC,27518,P,MD,Y,Y,,Y
1399526537,HCP02489,,Prescriber6537,6637 Main St,Houston,TX,77030,N,MD,Y,Y,,Y
1399579930,HCP02490,,Prescriber9930,1030 Main St,Houston,TX,77030,CD,APRN,Y,Y,,Y
1399620765,Haley,,Daniels,1671 W Main St,Newark,OH,43055,PD,NP,Y,Y,B,
1399744492,HCP02491,,Prescriber4492,4592 Main St,Houston,TX,77030,GS,NP,Y,Y,,Y
1400092741,HCP02492,,Prescriber2741,2841 Main St,Gilbert,AZ,85234,PD,MD,Y,Y,,Y
1400228988,HCP02493,,Prescriber8988,9088 Main St,Houston,TX,77030,IM,MD,Y,Y,,Y
1400427516,HCP02494,,Prescriber7516,7616 Main St,Houston,TX,77030,EM,MD,Y,Y,,Y
1401373830,HCP02495,,Prescriber3830,3930 Main St,Houston,TX,77030,N,MD,Y,Y,,Y
1402155472,Nicole,G,Perez,2730 S Val Vista Dr Ste 146,San Tan Valley,AZ,85140,P,PA,Y,Y,A,
1402763766,HCP02496,,Prescriber3766,3866 Main St,New York,NY,10024,PD,MD,Y,Y,,Y
1402843654,HCP02497,,Prescriber3654,3754 Main St,Philadelphia,PA,19104,PD,DO,Y,Y,,Y
1404250715,HCP02498,,Prescriber0715,815 Main St,Atlanta,GA,30309,P,MD,Y,Y,,Y
1404499241,HCP02499,,Prescriber9241,341 Main St,Atlanta,GA,30322,NPM,PA,Y,Y,,Y
1405255706,HCP02500,,Prescriber5706,5806 Main St,Durham,NC,27705,GP,NP,Y,Y,,Y
1406790653,HCP02501,,Prescriber0653,753 Main St,Houston,TX,77030,PED,DDS,Y,Y,,Y
1407190059,HCP02502,,Prescriber0059,159 Main St,Detroit,MI,48201,IM,DO,Y,Y,,Y
1407325987,HCP02503,,Prescriber5987,6087 Main St,Houston,TX,77030,DEN,DDS,Y,Y,,Y
1407493005,Timothy,J,Spencer,10745 165th St,Orland Park,IL,60467,P,PA,Y,Y,B,
1408298326,HCP02504,,Prescriber8326,8426 Main St,Houston,TX,77030,DEN,DDS,Y,Y,,Y
1408907337,HCP02505,,Prescriber7337,7437 Main St,Rockwall,TX,75032,FM,DO,Y,Y,,Y
1409704106,HCP02506,,Prescriber4106,4206 Main St,Houston,TX,77030,GP,MD,Y,Y,,Y
1410621349,HCP02507,,Prescriber1349,1449 Main St,Houston,TX,77030,FM,MD,Y,Y,,Y
1411881828,HCP02508,,Prescriber1828,1928 Main St,Dothan,AL,36303,P,MD,Y,Y,,Y
1412448720,Jennifer,R,Johnson,6440 Dutchmans Pkwy,Louisville,KY,40202,GP,NP,Y,Y,A,
1412602604,HCP02509,,Prescriber2604,2704 Main St,Houston,TX,77030,HOS,DO,Y,Y,,Y
1412685869,HCP02510,,Prescriber5869,5969 Main St,Zebulon,NC,27597,FM,NP,Y,Y,,Y
1412876483,HCP02511,,Prescriber6483,6583 Main St,Houston,TX,77030,GP,MD,Y,Y,,Y
1413094714,HCP02512,,Prescriber4714,4814 Main St,Charleston,SC,29406,MHC,MD,Y,Y,,Y
1413115531,Aaron,,Gonzalez,2920 Player St,Brunswick,GA,31520,PD,MD,Y,Y,C,
1413496803,HCP02513,,Prescriber6803,6903 Main St,Houston,TX,77030,PD,MD,Y,Y,,Y
1413951822,Jason,L,Durham,8687 E Via De Ventura Ste 318,Scottsdale,AZ,85258,GP,PA,Y,Y,B,
1414398308,HCP02514,,Prescriber8308,8408 Main St,Houston,TX,77030,ADL,MD,Y,Y,,Y
1414541256,HCP02515,,Prescriber1256,1356 Main St,Houston,TX,77030,PD,MD,Y,Y,,Y
1416090573,Mary,W,Woodward,3710 Landmark Dr Ste 202,Columbia,SC,29201,P,MD,Y,Y,A,
1417009658,HCP02516,,Prescriber9658,758 Main St,Allentown,PA,18103,P,MD,Y,Y,,Y
1417220252,HCP02517,,Prescriber0252,352 Main St,Houston,TX,77030,PD,NP,Y,Y,,Y
1418518845,HCP02518,,Prescriber8845,8945 Main St,Houston,TX,77030,OPH,MD,Y,Y,,Y
1418726359,HCP02519,,Prescriber6359,6459 Main St,Laguna Niguel,CA,92677,CHN,DO,Y,Y,,Y
1419850994,HCP02520,,Prescriber0994,1094 Main St,Coppell,TX,75019,PD,DO,Y,Y,,Y
1421117076,Monica,B,Zhang,4868 Bridge Rd,Suffolk,VA,23435,PD,MD,Y,Y,B,
1421655278,HCP02521,,Prescriber5278,5378 Main St,Houston,TX,77030,PD,MD,Y,Y,,Y
1421754223,HCP02522,,Prescriber4223,4323 Main St,Overland Park,KS,66214,FM,NP,Y,Y,,Y
1422954360,HCP02523,,Prescriber4360,4460 Main St,New York,NY,10011,P,MD,Y,Y,,Y
1423458890,HCP02524,,Prescriber8890,8990 Main St,Dayton,OH,45439,P,MD,Y,Y,,Y
1423718535,Jennifer,,Eaton,4775 Jimmy Carter Blvd Ste 102,Norcross,GA,30093,PD,MD,Y,Y,,Y
1423723971,HCP02525,,Prescriber3971,4071 Main St,Atlanta,GA,30322,AN,AA,Y,Y,,Y
1424255348,HCP02526,,Prescriber5348,5448 Main St,Atlanta,GA,30322,PD,DO,Y,Y,,Y
1424294509,HCP02527,,Prescriber4509,4609 Main St,Houston,TX,77030,PD,MD,Y,Y,,Y
1424631101,HCP02528,,Prescriber1101,1201 Main St,West Islip,NY,11795,PD,DO,Y,Y,,Y
1425074103,Laura,K,Schmidt,2076 Ingleside Ave,Macon,GA,31204,GP,NP,Y,Y,,Y
1425101098,HCP02529,,Prescriber1098,1198 Main St,Aurora,CO,80045,P,MD,Y,Y,,Y
1425715885,HCP02530,,Prescriber5885,5985 Main St,Indianapolis,IN,46202,FM,NP,Y,Y,,Y
1426417187,HCP02531,,Prescriber7187,7287 Main St,Rockwall,TX,75032,FM,MD,Y,Y,,Y
1426825517,HCP02532,,Prescriber5517,5617 Main St,Houston,TX,77030,FM,NP,Y,Y,,Y
1427756076,HCP02533,,Prescriber6076,6176 Main St,Bayside,NY,11360,PD,MD,Y,Y,,Y
1428283551,HCP02534,,Prescriber3551,3651 Main St,Springfield,MO,65804,GP,MD,Y,Y,,Y
1428643598,HCP02535,,Prescriber3598,3698 Main St,Houston,TX,77030,PHO,MD,Y,Y,,Y
1429852638,HCP02536,,Prescriber2638,2738 Main St,Greer,SC,29650,P,MD,Y,Y,,Y
1429914443,HCP02537,,Prescriber4443,4543 Main St,Houston,TX,77030,U,MD,Y,Y,,Y
1430165222,HCP02538,,Prescriber5222,5322 Main St,Houston,TX,77030,FM,NP,Y,Y,,Y
1430245320,HCP02539,,Prescriber5320,5420 Main St,Houston,TX,77030,PD,MD,Y,Y,,Y
1430316735,HCP02540,,Prescriber6735,6835 Main St,Charleston,SC,29425,US,NP,Y,Y,,Y
1430918876,HCP02541,,Prescriber8876,8976 Main St,Houston,TX,77030,P,MD,Y,Y,,Y
1431174001,HCP02542,,Prescriber4001,4101 Main St,Miami,FL,33136,PHM,PHAR,Y,Y,,Y
1431817802,HCP02543,,Prescriber7802,7902 Main St,Sartell,MN,56377,P,NP,Y,Y,,Y
1432119194,HCP02544,,Prescriber9194,294 Main St,King Of Prussia,PA,19406,PYG,MD,Y,Y,,Y
1433282136,HCP02545,,Prescriber2136,2236 Main St,Houston,TX,77030,OPH,MD,Y,Y,,Y
1433888665,HCP02546,,Prescriber8665,8765 Main St,Phoenix,AZ,85053,PD,NP,Y,Y,,Y
1433925612,HCP02547,,Prescriber5612,5712 Main St,Indianapolis,IN,46202,PD,NP,Y,Y,,Y
1434060589,HCP02548,,Prescriber0589,689 Main St,Philadelphia,PA,19129,P,MD,Y,Y,,Y
1434607422,HCP02549,,Prescriber7422,7522 Main St,Henderson,NV,89052,PD,MD,Y,Y,,Y
1434736235,HCP02550,,Prescriber6235,6335 Main St,Saint Louis,MO,63110,IM,NP,Y,Y,,Y
1434866299,HCP02551,,Prescriber6299,6399 Main St,Richmond,VA,23298,FM,MD,Y,Y,,Y
1435047721,HCP02552,,Prescriber7721,7821 Main St,Houston,TX,77030,PD,MD,Y,Y,,Y
1435149941,HCP02553,,Prescriber9941,1041 Main St,Houston,TX,77030,ORS,MD,Y,Y,,Y
1435228763,HCP02554,,Prescriber8763,8863 Main St,Milwaukee,WI,53226,GP,PA,Y,Y,,Y
1436130783,HCP02555,,Prescriber0783,883 Main St,Bel Air,MD,21014,FM,MD,Y,Y,,Y
1437334509,HCP02556,,Prescriber4509,4609 Main St,Mccomb,MS,39648,FM,DO,Y,Y,,Y
1437671050,HCP02557,,Prescriber1050,1150 Main St,Houston,TX,77030,GP,PA,Y,Y,,Y
1437855805,HCP02558,,Prescriber5805,5905 Main St,Houston,TX,77030,PD,NP,Y,Y,,Y
1438226247,HCP02559,,Prescriber6247,6347 Main St,Wilmington,NC,28405,D,MD,Y,Y,,Y
1438657343,HCP02560,,Prescriber7343,7443 Main St,Wade,NC,28395,FM,PA,Y,Y,,Y
1438877002,HCP02561,,Prescriber7002,7102 Main St,Rockville Centre,NY,11570,PD,MD,Y,Y,,Y
1439527059,Margaret,J,Jimenez,1100 Southfield Dr Ste 1205,Plainfield,IN,46168,P,NP,Y,Y,A,
1439605061,HCP02562,,Prescriber5061,5161 Main St,New Orleans,LA,70119,P,NP,Y,Y,,Y
1439809672,HCP02563,,Prescriber9672,772 Main St,Phoenix,AZ,85016,MID,NP,Y,Y,,Y
1440757882,HCP02564,,Prescriber7882,7982 Main St,Brentwood,TN,37027,P,NP,Y,Y,,Y
1441205949,HCP02565,,Prescriber5949,6049 Main St,Houston,TX,77030,GP,MHC,Y,Y,,Y
1442058853,HCP02566,,Prescriber8853,8953 Main St,Pensacola,FL,32503,OBG,MD,Y,Y,,Y
1442645430,HCP02567,,Prescriber5430,5530 Main St,Durham,NC,27705,FM,NP,Y,Y,,Y
1442793474,Victor,A,Velez,1777 Sentry Parkway W Veva 12 Ste 300,Blue Bell,PA,19422,P,NP,Y,Y,C,
1443182440,Erin,S,Buchanan,309 Wingo Way Ste 101,Mount Pleasant,SC,29464,PD,MD,Y,Y,C,
1443338107,HCP02568,,Prescriber8107,8207 Main St,Birmingham,AL,35209,P,MD,Y,Y,,Y
1443465173,HCP02569,,Prescriber5173,5273 Main St,Houston,TX,77030,HO,NP,Y,Y,,Y
1444066873,HCP02570,,Prescriber6873,6973 Main St,Houston,TX,77030,HO,MD,Y,Y,,Y
1444182359,HCP02571,,Prescriber2359,2459 Main St,Birmingham,MI,48009,LM,MD,Y,Y,,Y
1444891615,HCP02572,,Prescriber1615,1715 Main St,Asheville,NC,28806,P,NP,Y,Y,,Y
1444917824,HCP02573,,Prescriber7824,7924 Main St,Ames,IA,50010,P,PA,Y,Y,,Y
1445709158,HCP02574,,Prescriber9158,258 Main St,Kansas City,KS,66160,PD,MD,Y,Y,,Y
1446142799,HCP02575,,Prescriber2799,2899 Main St,Wake Forest,NC,27587,IM,MD,Y,Y,,Y
1446450579,HCP02576,,Prescriber0579,679 Main St,Florence,SC,29501,PD,MD,Y,Y,,Y
1446659603,HCP02577,,Prescriber9603,703 Main St,Mason,OH,45040,PD,MD,Y,Y,,Y
1446756704,HCP02578,,Prescriber6704,6804 Main St,Miami,FL,33136,CD,NP,Y,Y,,Y
1447114285,HCP02579,,Prescriber4285,4385 Main St,Miami,FL,33136,FM,NP,Y,Y,,Y
1448851071,HCP02580,,Prescriber1071,1171 Main St,New Hyde Park,NY,11040,PD,MD,Y,Y,,Y
1449464604,HCP02581,,Prescriber4604,4704 Main St,Miami,FL,33136,N,MD,Y,Y,,Y
1449730230,Cody,S,Sanchez,3193 Howell Mill Rd NW Ste 250,Atlanta,GA,30327,PD,MD,Y,Y,C,
1449738848,James,C,Logan,4949 Fairmont Pkwy Ste 200,Pasadena,TX,77505,PD,MD,Y,Y,,Y
1449763315,HCP02582,,Prescriber3315,3415 Main St,Houston,TX,77030,EM,MD,Y,Y,,Y
1451223359,HCP02583,,Prescriber3359,3459 Main St,Houston,TX,77030,END,NP,Y,Y,,Y
1451825644,HCP02584,,Prescriber5644,5744 Main St,Houston,TX,77030,PD,MD,Y,Y,,Y
1452059574,HCP02585,,Prescriber9574,674 Main St,Houston,TX,77030,IM,MD,Y,Y,,Y
1452853892,HCP02586,,Prescriber3892,3992 Main St,Houston,TX,77030,ADU,NP,Y,Y,,Y
1453451478,HCP02587,,Prescriber1478,1578 Main St,Lady Lake,FL,32159,ADU,NP,Y,Y,,Y
1453556281,HCP02588,,Prescriber6281,6381 Main St,Mesa,AZ,85206,PD,MD,Y,Y,,Y
1453934197,HCP02589,,Prescriber4197,4297 Main St,Cleveland,MS,38732,FM,NP,Y,Y,,Y
1455335072,HCP02590,,Prescriber5072,5172 Main St,Asheville,NC,28803,P,NP,Y,Y,,Y
1455428960,HCP02591,,Prescriber8960,9060 Main St,Houston,TX,77030,PD,MD,Y,Y,,Y
1455430782,HCP02592,,Prescriber0782,882 Main St,Charlotte,NC,28226,PD,MD,Y,Y,,Y
1455658594,HCP02593,,Prescriber8594,8694 Main St,Hendersonville,TN,37075,GP,MD,Y,Y,,Y
1455731793,HCP02594,,Prescriber1793,1893 Main St,New York,NY,10016,PD,MD,Y,Y,,Y
1455837400,HCP02595,,Prescriber7400,7500 Main St,Columbia,SC,29203,PD,MD,Y,Y,,Y
1456819315,HCP02596,,Prescriber9315,415 Main St,Cumming,GA,30041,PD,MD,Y,Y,,Y
1456965120,HCP02597,,Prescriber5120,5220 Main St,Charlotte,NC,28211,P,PA,Y,Y,,Y
1457675633,HCP02598,,Prescriber5633,5733 Main St,Houston,TX,77030,P,NP,Y,Y,,Y
1458107479,HCP02599,,Prescriber7479,7579 Main St,Houston,TX,77030,PS,MD,Y,Y,,Y
1458807285,HCP02600,,Prescriber7285,7385 Main St,Houston,TX,77030,PD,MD,Y,Y,,Y
1458953791,HCP02601,,Prescriber3791,3891 Main St,Houston,TX,77030,POD,DPM,Y,Y,,Y
1458997608,Brittney,M,Cox,4055 Westown Pkwy,West Des Moines,IA,50266,PD,NP,Y,Y,C,
1459716902,HCP02602,,Prescriber6902,7002 Main St,Atlanta,GA,30322,NEP,MD,Y,Y,,Y
1459718761,HCP02603,,Prescriber8761,8861 Main St,Covington,KY,41011,P,NP,Y,Y,,Y
1460016482,HCP02604,,Prescriber6482,6582 Main St,Gainesville,GA,30501,PD,MD,Y,Y,,Y
1460867031,HCP02605,,Prescriber7031,7131 Main St,Belmont,NC,28012,FM,NP,Y,Y,,Y
1460932506,HCP02606,,Prescriber2506,2606 Main St,Houston,TX,77030,FM,NP,Y,Y,,Y
1461252694,HCP02607,,Prescriber2694,2794 Main St,Tuscaloosa,AL,35406,PD,MD,Y,Y,,Y
1461488042,HCP02608,,Prescriber8042,8142 Main St,Houston,TX,77030,PTH,MD,Y,Y,,Y
1461939866,HCP02609,,Prescriber9866,966 Main St,Houston,TX,77030,OBG,NP,Y,Y,,Y
1462346185,Carolyn,B,Boyd,7777 Forest Ln Ste C833,Dallas,TX,75230,P,MD,Y,Y,A,
1462399308,HCP02610,,Prescriber9308,408 Main St,Houston,TX,77030,PD,MD,Y,Y,,Y
1462518913,HCP02611,,Prescriber8913,9013 Main St,Henrico,VA,23294,FM,MD,Y,Y,,Y
1464726330,HCP02612,,Prescriber6330,6430 Main St,Houston,TX,77030,PD,MD,Y,Y,,Y
1465575187,Debbie,A,White,1110 E Missouri Ave Ste 360,Glendale,AZ,85306,P,PA,Y,Y,B,
1465682432,HCP02613,,Prescriber2432,2532 Main St,Durham,NC,27705,FM,NP,Y,Y,,Y
1465895215,HCP02614,,Prescriber5215,5315 Main St,Miami,FL,33136,AC,NP,Y,Y,,Y
1465948982,HCP02615,,Prescriber8982,9082 Main St,East Elmhurst,NY,11369,P,NP,Y,Y,,Y
1466105309,HCP02616,,Prescriber5309,5409 Main St,Louisville,KY,40243,IM,NP,Y,Y,,Y
1466341094,HCP02617,,Prescriber1094,1194 Main St,Houston,TX,77030,EM,MD,Y,Y,,Y
1466811166,Caitlin,C,Lynch,506 S Independence Blvd Ste 202,Virginia Beach,VA,23464,P,PA,Y,Y,B,
1467039677,HCP02618,,Prescriber9677,777 Main St,Houston,TX,77030,OBG,APRN,Y,Y,,Y
1467058116,HCP02619,,Prescriber8116,8216 Main St,Ogden,UT,84405,OBG,MD,Y,Y,,Y
1467338231,Michelle,S,Boone,5151 Plank Rd Ste 160,Baton Rouge,LA,70805,PD,NP,Y,Y,,
1467858728,HCP02620,,Prescriber8728,8828 Main St,Houston,TX,77030,DMP,MD,Y,Y,,Y
1468623440,HCP02621,,Prescriber3440,3540 Main St,Lutherville Timonium,MD,21093,P,NP,Y,Y,,Y
1469220373,HCP02622,,Prescriber0373,473 Main St,Charleston,SC,29425,EM,DO,Y,Y,,Y
1470082482,HCP02623,,Prescriber2482,2582 Main St,Houston,TX,77030,PD,MD,Y,Y,,Y
1470202102,HCP02624,,Prescriber2102,2202 Main St,Norfolk,VA,23510,FM,NP,Y,Y,,Y
1471204659,HCP02625,,Prescriber4659,4759 Main St,Charlotte,NC,28244,IM,MD,Y,Y,,Y
1471643357,HCP02626,,Prescriber3357,3457 Main St,Apex,NC,27502,P,PA,Y,Y,,Y
1471653403,HCP02627,,Prescriber3403,3503 Main St,Ocoee,FL,34761,P,MD,Y,Y,,Y
1471841558,HCP02628,,Prescriber1558,1658 Main St,Phoenix,AZ,85016,GP,NP,Y,Y,,Y
1473102588,HCP02629,,Prescriber2588,2688 Main St,Grand Junction,CO,81506,FM,MD,Y,Y,,Y
1473799453,HCP02630,,Prescriber9453,553 Main St,Bellaire,TX,77401,CHP,MD,Y,Y,,Y
1475136033,James,L,Moore,1111 N Northshore Dr Ste 490,Knoxville,TN,37919,CHP,MD,Y,Y,C,
1476084309,HCP02631,,Prescriber4309,4409 Main St,White Marsh,VA,23183,GER,PA,Y,Y,,Y
1476209535,HCP02632,,Prescriber9535,635 Main St,New York,NY,10016,AN,MD,Y,Y,,Y
1476270517,HCP02633,,Prescriber0517,617 Main St,Hickory,NC,28601,PD,NP,Y,Y,,Y
1476425268,HCP02634,,Prescriber5268,5368 Main St,Houston,TX,77030,ATP,MD,Y,Y,,Y
1476533578,HCP02635,,Prescriber3578,3678 Main St,Houston,TX,77030,GP,NP,Y,Y,,Y
1476677183,HCP02636,,Prescriber7183,7283 Main St,Phoenix,AZ,85016,CD,MD,Y,Y,,Y
1477140478,HCP02637,,Prescriber0478,578 Main St,Phoenix,AZ,85016,VN,MD,Y,Y,,Y
1477161341,HCP02638,,Prescriber1341,1441 Main St,Houston,TX,77030,NEP,MD,Y,Y,,Y
1477199576,HCP02639,,Prescriber9576,676 Main St,Baton Rouge,LA,70806,PD,DO,Y,Y,,Y
1477364951,Mark,M,Oconnor,8340 Mission Rd Ste 100,Prairie Village,KS,66206,PD,MD,Y,Y,A,
1477807903,HCP02640,,Prescriber7903,8003 Main St,Houston,TX,77030,FM,NP,Y,Y,,Y
1478318864,Paul,M,Hughes,353 Bent Tree Trl,Columbus,MS,39705,FM,NP,Y,Y,,Y
1478757974,HCP02641,,Prescriber7974,8074 Main St,Houston,TX,77030,ID,MD,Y,Y,,Y
1478840202,Bryan,C,Farrell,3925 Darrow Rd Ste 105,Stow,OH,44224,PD,MD,Y,Y,,Y
1479799414,Deborah,R,Rollins,4775 Knightsbridge Blvd Ste 207,Columbus,OH,43214,PD,MD,Y,Y,C,
1479800744,HCP02642,,Prescriber0744,844 Main St,Jacksonville Beach,FL,32250,FM,MD,Y,Y,,Y
1480006578,HCP02643,,Prescriber6578,6678 Main St,El Paso,TX,79912,P,MD,Y,Y,,Y
1480570898,HCP02644,,Prescriber0898,998 Main St,Austin,TX,78702,P,MD,Y,Y,,Y
1480840371,HCP02645,,Prescriber0371,471 Main St,Houston,TX,77030,OBG,MD,Y,Y,,Y
1481410740,HCP02646,,Prescriber0740,840 Main St,Columbus,OH,43213,P,MD,Y,Y,,Y
1482977409,HCP02647,,Prescriber7409,7509 Main St,Houston,TX,77030,HOS,MD,Y,Y,,Y
1483387210,HCP02648,,Prescriber7210,7310 Main St,Carrollton,TX,75010,P,MD,Y,Y,,Y
1483928245,HCP02649,,Prescriber8245,8345 Main St,Charleston,SC,29425,NEP,NP,Y,Y,,Y
1484303913,HCP02650,,Prescriber3913,4013 Main St,Jasper,IN,47546,FM,NP,Y,Y,,Y
1485498676,HCP02651,,Prescriber8676,8776 Main St,Ann Arbor,MI,48109,IM,MD,Y,Y,,Y
1485681028,Megan,P,King,5500 Knoll North Dr Ste 290,Columbia,MD,21045,P,NP,Y,Y,B,
1485826091,HCP02652,,Prescriber6091,6191 Main St,Naperville,IL,60564,PD,MD,Y,Y,,Y
1486025484,HCP02653,,Prescriber5484,5584 Main St,Houston,TX,77030,EM,MD,Y,Y,,Y
1487264629,HCP02654,,Prescriber4629,4729 Main St,Hattiesburg,MS,39402,GP,NP,Y,Y,,Y
1487321948,HCP02655,,Prescriber1948,2048 Main St,Houston,TX,77030,FM,NP,Y,Y,,Y
1488797146,HCP02656,,Prescriber7146,7246 Main St,Laurens,SC,29360,FM,NP,Y,Y,,Y
1489085499,HCP02657,,Prescriber5499,5599 Main St,New Orleans,LA,70112,FM,NP,Y,Y,,Y
1489821509,HCP02658,,Prescriber1509,1609 Main St,Denton,TX,76210,P,MD,Y,Y,,Y
1489931515,HCP02659,,Prescriber1515,1615 Main St,Atlanta,GA,30322,PD,NP,Y,Y,,Y
1490000711,Thomas,,Adams,4905 Courtney Dr,Forest Park,GA,30297,PD,NP,Y,Y,A,Y
1490140666,HCP02660,,Prescriber0666,766 Main St,Ankeny,IA,50023,FM,DO,Y,Y,,Y
1490255610,HCP02661,,Prescriber5610,5710 Main St,Phoenix,AZ,85016,FM,NP,Y,Y,,Y
1490399538,HCP02662,,Prescriber9538,638 Main St,Dallas,TX,75231,OBG,MD,Y,Y,,Y
1490506341,HCP02663,,Prescriber6341,6441 Main St,Miami,FL,33136,OTO,MD,Y,Y,,Y
1490754932,HCP02664,,Prescriber4932,5032 Main St,Houston,TX,77030,PTH,MD,Y,Y,,Y
1490884572,HCP02665,,Prescriber4572,4672 Main St,Houston,TX,77030,FM,MD,Y,Y,,Y
1491116530,Brenda,R,Valencia,10 Enterprise Blvd Ste 105,Greenville,SC,29615,PD,MD,Y,Y,,Y
1492191283,Angela,Y,Kaufman,4335 W Dublin Granville Rd,Dublin,OH,43017,PD,MD,Y,Y,C,
1493410249,HCP02666,,Prescriber0249,349 Main St,Houston,TX,77030,PD,MD,Y,Y,,Y
1493855855,HCP02667,,Prescriber5855,5955 Main St,Raleigh,NC,27613,P,DO,Y,Y,,Y
1493908490,Leslie,M,Young,3115 Bordeaux Park Dr,Fayetteville,NC,28306,GP,NP,Y,Y,,Y
1495089722,HCP02668,,Prescriber9722,822 Main St,Columbus,OH,43205,P,NP,Y,Y,,Y
1496689644,HCP02669,,Prescriber9644,744 Main St,Miami,FL,33136,ORS,PA,Y,Y,,Y
1497060869,HCP02670,,Prescriber0869,969 Main St,Hickory,NC,28601,PD,MD,Y,Y,,Y
1497774247,HCP02671,,Prescriber4247,4347 Main St,Houston,TX,77030,PD,MD,Y,Y,,Y
1498516603,HCP02672,,Prescriber6603,6703 Main St,Richmond,VA,23298,CD,MD,Y,Y,,Y
1500250486,HCP02673,,Prescriber0486,586 Main St,Loma Linda,CA,92354,IM,DO,Y,Y,,Y
1501532803,HCP02674,,Prescriber2803,2903 Main St,Round Rock,TX,78681,PD,MD,Y,Y,,Y
1501590640,Don,R,Dominguez,3666 Paxton Ave,Cincinnati,OH,45208,PD,MD,Y,Y,B,
1501804746,HCP02675,,Prescriber4746,4846 Main St,New Orleans,LA,70112,GP,NP,Y,Y,,Y
1501917444,HCP02676,,Prescriber7444,7544 Main St,Shreveport,LA,71101,IM,PA,Y,Y,,Y
1502189480,HCP02677,,Prescriber9480,580 Main St,Durham,NC,27705,P,NP,Y,Y,,Y
1502336366,Christine,A,Hall,1621 11th Ave S,Birmingham,AL,35205,ADL,MD,Y,Y,,Y
1502433568,Kaitlyn,A,Todd,8900 State Line Rd Ste 380,Leawood,KS,66206,P,DO,Y,Y,C,
1502719246,HCP02678,,Prescriber9246,346 Main St,New York,NY,10065,P,DO,Y,Y,,Y
1503258732,HCP02679,,Prescriber8732,8832 Main St,Austin,TX,78734,P,MD,Y,Y,,Y
1503620685,HCP02680,,Prescriber0685,785 Main St,Winnetka,IL,60093,PD,MD,Y,Y,,Y
1503750865,HCP02681,,Prescriber0865,965 Main St,Birmingham,AL,35233,PD,MD,Y,Y,,Y
1504141264,HCP02682,,Prescriber1264,1364 Main St,New York,NY,10016,VS,MD,Y,Y,,Y
1504362648,HCP02683,,Prescriber2648,2748 Main St,Charlotte,NC,28209,GP,NP,Y,Y,,Y
1504390093,HCP02684,,Prescriber0093,193 Main St,Asheville,NC,28803,PD,MD,Y,Y,,Y
1504773393,HCP02685,,Prescriber3393,3493 Main St,Chevy Chase,MD,20815,P,MD,Y,Y,,Y
1505008933,Michelle,F,Hawkins,2500 Metrohealth Dr,Cleveland,OH,44109,GP,DO,Y,Y,A,
1505321827,HCP02686,,Prescriber1827,1927 Main St,Goodlettsville,TN,37072,PD,MD,Y,Y,,Y
1505421740,HCP02687,,Prescriber1740,1840 Main St,Monroe,NY,10950,PD,MD,Y,Y,,Y
1505455977,HCP02688,,Prescriber5977,6077 Main St,Oklahoma City,OK,73104,CD,NP,Y,Y,,Y
1506468638,HCP02689,,Prescriber8638,8738 Main St,Phoenix,AZ,85016,EM,DO,Y,Y,,Y
1507513846,HCP02690,,Prescriber3846,3946 Main St,Midland,TX,79705,P,MD,Y,Y,,Y
1508286899,HCP02691,,Prescriber6899,6999 Main St,Houston,TX,77030,SLP,RN,Y,Y,,Y
1508663331,HCP02692,,Prescriber3331,3431 Main St,Nashville,TN,37212,P,NP,Y,Y,,Y
1508739963,HCP02693,,Prescriber9963,1063 Main St,Houston,TX,77030,CD,MD,Y,Y,,Y
1508928851,HCP02694,,Prescriber8851,8951 Main St,Holland,MI,49423,PD,MD,Y,Y,,Y
1509120300,HCP02695,,Prescriber0300,400 Main St,San Antonio,TX,78250,PD,MD,Y,Y,,Y
1509395628,HCP02696,,Prescriber5628,5728 Main St,Lexington,KY,40503,FM,MD,Y,Y,,Y
1509411930,HCP02697,,Prescriber1930,2030 Main St,Vancouver,WA,98683,FM,DO,Y,Y,,Y
1510204767,HCP02698,,Prescriber4767,4867 Main St,Charleston,SC,29425,RHU,MD,Y,Y,,Y
1510922496,HCP02699,,Prescriber2496,2596 Main St,Houston,TX,77030,IM,MD,Y,Y,,Y
1511418991,HCP02700,,Prescriber8991,9091 Main St,Houston,TX,77030,FM,DO,Y,Y,,Y
1511858569,HCP02701,,Prescriber8569,8669 Main St,New York,NY,10016,PD,MD,Y,Y,,Y
1511990246,HCP02702,,Prescriber0246,346 Main St,Houston,TX,77030,AC,NP,Y,Y,,Y
1512449832,HCP02703,,Prescriber9832,932 Main St,Wilmington,DE,19810,PD,DO,Y,Y,,Y
1513804521,HCP02704,,Prescriber4521,4621 Main St,Houston,TX,77030,GP,PA,Y,Y,,Y
1514728696,HCP02705,,Prescriber8696,8796 Main St,Louisville,KY,40202,OSG,DMD,Y,Y,,Y
1515117169,HCP02706,,Prescriber7169,7269 Main St,Franklin,TN,37069,IM,MD,Y,Y,,Y
1515176112,HCP02707,,Prescriber6112,6212 Main St,Houston,TX,77030,PD,MD,Y,Y,,Y
1515373788,HCP02708,,Prescriber3788,3888 Main St,Houston,TX,77030,CHP,DO,Y,Y,,Y
1516692676,HCP02709,,Prescriber2676,2776 Main St,Houston,TX,77030,FM,MD,Y,Y,,Y
1516792870,HCP02710,,Prescriber2870,2970 Main St,Miami,FL,33162,PD,MD,Y,Y,,Y
1517070375,HCP02711,,Prescriber0375,475 Main St,Westlake Village,CA,91361,PD,MD,Y,Y,,Y
1517096905,HCP02712,,Prescriber6905,7005 Main St,Houston,TX,77030,GP,PA,Y,Y,,Y
1518169031,HCP02713,,Prescriber9031,131 Main St,Saint Francisville,LA,70775,FM,MD,Y,Y,,Y
1518326899,HCP02714,,Prescriber6899,6999 Main St,Dallas,TX,75219,P,MD,Y,Y,,Y
1518451084,HCP02715,,Prescriber1084,1184 Main St,Birmingham,AL,35209,P,MD,Y,Y,,Y
1518848474,Kristin,O,Kirby,23800 John T Reid Pkwy,Scottsboro,AL,35768,PD,NP,Y,Y,,Y
1519526378,HCP02716,,Prescriber6378,6478 Main St,Houston,TX,77030,IM,MD,Y,Y,,Y
1520812097,Annette,I,Glover,6224 Hearne Ave Ste A,Shreveport,LA,71108,PD,MD,Y,Y,,Y
1522391279,HCP02717,,Prescriber1279,1379 Main St,Philadelphia,PA,19104,HO,MD,Y,Y,,Y
1522820960,HCP02718,,Prescriber0960,1060 Main St,Brooklyn,NY,11215,PD,MD,Y,Y,,Y
1523534133,HCP02719,,Prescriber4133,4233 Main St,Houston,TX,77030,GP,DO,Y,Y,,Y
1523859637,HCP02720,,Prescriber9637,737 Main St,Houston,TX,77030,BBK,MD,Y,Y,,Y
1523963032,HCP02721,,Prescriber3032,3132 Main St,Arlington,VA,22207,CHP,MD,Y,Y,,Y
1524001768,HCP02722,,Prescriber1768,1868 Main St,Houston,TX,77030,PD,MD,Y,Y,,Y
1524674915,HCP02723,,Prescriber4915,5015 Main St,Houston,TX,77030,PD,NP,Y,Y,,Y
1524791275,Jerry,N,Berry,5970 Fairview Rd Ste 500,Charlotte,NC,28210,AI,NP,Y,Y,,Y
1524854007,HCP02724,,Prescriber4007,4107 Main St,Mount Pleasant,SC,29464,FM,NP,Y,Y,,Y
1525108665,HCP02725,,Prescriber8665,8765 Main St,Houston,TX,77030,DR,MD,Y,Y,,Y
1525113881,Sarah,N,Terry,4469 S Main St,Hope Mills,NC,28348,PD,PA,Y,Y,,Y
1525240085,HCP02726,,Prescriber0085,185 Main St,Wichita,KS,67206,P,NP,Y,Y,,Y
1525329832,HCP02727,,Prescriber9832,932 Main St,Goodlettsville,TN,37072,PD,MD,Y,Y,,Y
1525547330,HCP02728,,Prescriber7330,7430 Main St,Indianapolis,IN,46202,DR,MD,Y,Y,,Y
1525842433,HCP02729,,Prescriber2433,2533 Main St,Houston,TX,77030,FM,MD,Y,Y,,Y
1528247624,HCP02730,,Prescriber7624,7724 Main St,Houston,TX,77030,PD,MD,Y,Y,,Y
1528753395,HCP02731,,Prescriber3395,3495 Main St,Miami,FL,33136,D,MD,Y,Y,,Y
1529254779,Diana,C,Cooper,1 Diamond Hill Rd,Berkeley Heights,NJ,07922,POD,MD,Y,Y,,Y
1529995201,HCP02732,,Prescriber5201,5301 Main St,Houston,TX,77030,GP,MD,Y,Y,,Y
1530172358,HCP02733,,Prescriber2358,2458 Main St,Morgantown,WV,26505,P,MD,Y,Y,,Y
1530962326,John,E,Barker,1700 Horizon Dr Ste 203,Chalfont,PA,18914,FM,MD,Y,Y,C,
1531903265,HCP02734,,Prescriber3265,3365 Main St,Miami,FL,33136,FM,MD,Y,Y,,Y
1531968323,HCP02735,,Prescriber8323,8423 Main St,San Diego,CA,92122,P,NP,Y,Y,,Y
1532330445,HCP02736,,Prescriber0445,545 Main St,Crawfordville,FL,32327,FM,NP,Y,Y,,Y
1532885098,HCP02737,,Prescriber5098,5198 Main St,New York,NY,10025,OBG,MD,Y,Y,,Y
1533022836,HCP02738,,Prescriber2836,2936 Main St,Seneca,SC,29678,P,MD,Y,Y,,Y
1533122350,HCP02739,,Prescriber2350,2450 Main St,Charlotte,NC,28210,P,NP,Y,Y,,Y
1534059039,HCP02740,,Prescriber9039,139 Main St,Forest Hills,NY,11375,P,MD,Y,Y,,Y
1534073092,HCP02741,,Prescriber3092,3192 Main St,Charlotte,NC,28204,FM,MD,Y,Y,,Y
1534567888,Tina,S,Christian,12880 Hillcrest Rd Ste 104,Dallas,TX,75230,P,MD,Y,Y,A,
1534750953,HCP02742,,Prescriber0953,1053 Main St,Houston,TX,77030,FM,NP,Y,Y,,Y
1535336603,HCP02743,,Prescriber6603,6703 Main St,Livonia,MI,48152,P,MD,Y,Y,,Y
1535376723,HCP02744,,Prescriber6723,6823 Main St,Houston,TX,77030,FM,NP,Y,Y,,Y
1535771770,HCP02745,,Prescriber1770,1870 Main St,Houston,TX,77030,WH,RN,Y,Y,,Y
1535874518,HCP02746,,Prescriber4518,4618 Main St,Cleveland,OH,44195,IM,MD,Y,Y,,Y
1536516171,HCP02747,,Prescriber6171,6271 Main St,Atlanta,GA,30322,HO,MD,Y,Y,,Y
1537353588,HCP02748,,Prescriber3588,3688 Main St,Fort Worth,TX,76132,PD,MD,Y,Y,,Y
1537477839,HCP02749,,Prescriber7839,7939 Main St,Houston,TX,77054,P,MD,Y,Y,,Y
1537731149,HCP02750,,Prescriber1149,1249 Main St,Houston,TX,77030,FM,MD,Y,Y,,Y
1538207406,HCP02751,,Prescriber7406,7506 Main St,Fishers,IN,46037,PD,MD,Y,Y,,Y
1539191520,HCP02752,,Prescriber1520,1620 Main St,Houston,TX,77030,RO,MD,Y,Y,,Y
1539543575,Anna,M,Myers MD,38 W Lancaster Ave Bldg 2,Berwyn,PA,19312,P,NP,Y,Y,B,
1539661260,HCP02753,,Prescriber1260,1360 Main St,Maitland,FL,32751,P,NP,Y,Y,,Y
1540056417,HCP02754,,Prescriber6417,6517 Main St,Baltimore,MD,21205,P,NP,Y,Y,,Y
1540264622,HCP02755,,Prescriber4622,4722 Main St,Houston,TX,77030,PD,MD,Y,Y,,Y
1540360779,HCP02756,,Prescriber0779,879 Main St,Houston,TX,77030,IM,MD,Y,Y,,Y
1540489160,HCP02757,,Prescriber9160,260 Main St,Fairfield,OH,45014,PD,MD,Y,Y,,Y
1540685805,Linda,E,Fernandez,6700 S Florida Ave Ste 33,Lakeland,FL,33813,P,NP,Y,Y,A,
1544056588,HCP02758,,Prescriber6588,6688 Main St,Richardson,TX,75080,PD,MD,Y,Y,,Y
1545109353,HCP02759,,Prescriber9353,453 Main St,Farmington,MI,48334,FM,PA,Y,Y,,Y
1545967935,HCP02760,,Prescriber7935,8035 Main St,Charleston,SC,29425,PD,MD,Y,Y,,Y
1546570231,HCP02761,,Prescriber0231,331 Main St,Louisville,KY,40202,PD,NP,Y,Y,,Y
1546614729,HCP02762,,Prescriber4729,4829 Main St,Indianapolis,IN,46202,CD,MD,Y,Y,,Y
1546700936,Craig,R,Smith,811 Ira E Woods Ave,Grapevine,TX,76051,PD,NP,Y,Y,,Y
1548399209,HCP02763,,Prescriber9209,309 Main St,Durham,NC,27705,GS,MD,Y,Y,,Y
1548525025,HCP02764,,Prescriber5025,5125 Main St,Houston,TX,77030,SLP,MD,Y,Y,,Y
1549074116,HCP02765,,Prescriber4116,4216 Main St,Houston,TX,77030,PD,PVN,Y,Y,,Y
1549240747,Joseph,H,Scott,1447 Medical Park Blvd Ste 406,Wellington,FL,33414,AI,DO,Y,Y,,Y
1549788324,HCP02766,,Prescriber8324,8424 Main St,Plano,TX,75093,P,MD,Y,Y,,Y
1550335154,HCP02767,,Prescriber5154,5254 Main St,Charleston,SC,29425,NEP,MD,Y,Y,,Y
1551201138,HCP02768,,Prescriber1138,1238 Main St,Indianapolis,IN,46219,FM,MD,Y,Y,,Y
1552417140,HCP02769,,Prescriber7140,7240 Main St,Saint Clair Shores,MI,48080,PD,DO,Y,Y,,Y
1552459334,HCP02770,,Prescriber9334,434 Main St,Houston,TX,77030,HOS,DO,Y,Y,,Y
1552525991,HCP02771,,Prescriber5991,6091 Main St,Wilmington,NC,28411,IM,MD,Y,Y,,Y
1553223935,HCP02772,,Prescriber3935,4035 Main St,Winter Park,FL,32789,P,NP,Y,Y,,Y
1553666912,HCP02773,,Prescriber6912,7012 Main St,Charlotte,NC,28277,PD,MD,Y,Y,,Y
1553917695,HCP02774,,Prescriber7695,7795 Main St,Houston,TX,77030,ADU,NP,Y,Y,,Y
1554415375,HCP02775,,Prescriber5375,5475 Main St,Houston,TX,77030,DR,MD,Y,Y,,Y
1555219779,HCP02776,,Prescriber9779,879 Main St,Atlanta,GA,30322,P,NP,Y,Y,,Y
1555326137,HCP02777,,Prescriber6137,6237 Main St,Greenwood,IN,46142,PD,MD,Y,Y,,Y
1555520530,HCP02778,,Prescriber0530,630 Main St,Houston,TX,77030,PR,DDS,Y,Y,,Y
1556431410,HCP02779,,Prescriber1410,1510 Main St,Chicago,IL,60612,IM,MD,Y,Y,,Y
1556843753,HCP02780,,Prescriber3753,3853 Main St,Tampa,FL,33613,CHP,MD,Y,Y,,Y
1557276474,Sydney,L,Roberts,1360 Mackey Branch Dr,Chattanooga,TN,37421,P,NP,Y,Y,B,
1557353371,Samuel,J,Mcintosh,1072 Laskin Rd Ste 104,Norfolk,VA,23505,P,PA,Y,Y,A,
1557826501,HCP02781,,Prescriber6501,6601 Main St,Wilmington,DE,19803,P,MD,Y,Y,,Y
1558018442,HCP02782,,Prescriber8442,8542 Main St,Houston,TX,77030,GS,NP,Y,Y,,Y
1558476350,HCP02783,,Prescriber6350,6450 Main St,Hutchinson,KS,67502,PD,MD,Y,Y,,Y
1558743471,HCP02784,,Prescriber3471,3571 Main St,Greer,SC,29650,PD,DO,Y,Y,,Y
1558819092,HCP02785,,Prescriber9092,192 Main St,Greensboro,NC,27403,PD,MD,Y,Y,,Y
1558855924,Chad,,Lee,615 S New Ballas Rd,Saint Louis,MO,63141,P,MD,Y,Y,A,
1559181828,HCP02786,,Prescriber1828,1928 Main St,Houston,TX,77030,P,MD,Y,Y,,Y
1559636522,HCP02787,,Prescriber6522,6622 Main St,Houston,TX,77030,PD,MD,Y,Y,,Y
1559721928,HCP02788,,Prescriber1928,2028 Main St,Houston,TX,77030,FM,NP,Y,Y,,Y
1559849904,Nancy,P,Smith,1119 Nikki View Dr,Brandon,FL,33511,P,MD,Y,Y,A,
1560541419,HCP02789,,Prescriber1419,1519 Main St,Rutherfordton,NC,28139,FM,MD,Y,Y,,Y
1560760274,Lawrence,,Ross,339 McIntosh Ave,Orange Park,FL,32073,FM,DO,Y,Y,C,
1561052388,HCP02790,,Prescriber2388,2488 Main St,Houston,TX,77030,DEN,DDS,Y,Y,,Y
1561458002,HCP02791,,Prescriber8002,8102 Main St,Jacksonville,FL,32224,PD,MD,Y,Y,,Y
1561946341,HCP02792,,Prescriber6341,6441 Main St,Cleveland,OH,44144,P,MD,Y,Y,,Y
1562110569,HCP02793,,Prescriber0569,669 Main St,Long Beach,CA,90806,OBG,MD,Y,Y,,Y
1562371538,HCP02794,,Prescriber1538,1638 Main St,New York,NY,10016,GP,PA,Y,Y,,Y
1562622755,Cynthia,M,Wright,8244 E US Hwy 36 Ste 210,Avon,IN,46123,PD,MD,Y,Y,C,
1563424934,Luke,,Gonzales,418 S King St,Laurinburg,NC,28352,PD,MD,Y,Y,,Y
1563904769,HCP02795,,Prescriber4769,4869 Main St,Olathe,KS,66061,FM,MD,Y,Y,,Y
1564499204,HCP02796,,Prescriber9204,304 Main St,Houston,TX,77030,NS,MD,Y,Y,,Y
1564788953,Karen,K,Davis,1217 S East Ave Ste 209,Sarasota,FL,34239,P,MD,Y,Y,A,
1565489576,Amy,S,Zavala,65 Broadway Ste 901,New York,NY,10016,P,DO,Y,Y,C,
1567200993,HCP02797,,Prescriber0993,1093 Main St,Philadelphia,PA,19104,P,MD,Y,Y,,Y
1567484217,HCP02798,,Prescriber4217,4317 Main St,Houston,TX,77030,GS,MD,Y,Y,,Y
1567734449,HCP02799,,Prescriber4449,4549 Main St,Fishers,IN,46038,FM,NP,Y,Y,,Y
1568473046,HCP02800,,Prescriber3046,3146 Main St,Houston,TX,77030,DEN,DDS,Y,Y,,Y
1568761571,HCP02801,,Prescriber1571,1671 Main St,Midlothian,VA,23113,ADL,MD,Y,Y,,Y
1568989873,HCP02802,,Prescriber9873,973 Main St,Wilmington,NC,28401,IM,PA,Y,Y,,Y
1570158563,Caleb,A,Bennett,13354 Manchester Rd Ste 100,Saint Louis,MO,63141,FM,MD,Y,Y,A,
1570235513,HCP02803,,Prescriber5513,5613 Main St,Houston,TX,77030,FM,NP,Y,Y,,Y
1570575713,Mark,M,Drake,6082 Lakeview Rd Ste B300,Macon,GA,31201,PD,MD,Y,Y,B,
1570927843,HCP02804,,Prescriber7843,7943 Main St,Omaha,NE,68198,FM,MD,Y,Y,,Y
1571000602,HCP02805,,Prescriber0602,702 Main St,Houston,TX,77030,GS,MD,Y,Y,,Y
1571594581,HCP02806,,Prescriber4581,4681 Main St,Brooklyn,NY,11212,GP,MD,Y,Y,,Y
1572431958,HCP02807,,Prescriber1958,2058 Main St,Houston,TX,77030,PD,MD,Y,Y,,Y
1572466416,HCP02808,,Prescriber6416,6516 Main St,Kansas City,MO,64111,FM,MD,Y,Y,,Y
1572596731,Brett,,Lambert,1200 S York St Ste 4150,Elmhurst,IL,60126,CHN,MD,Y,Y,C,
1573041725,HCP02809,,Prescriber1725,1825 Main St,Houston,TX,77030,FM,NP,Y,Y,,Y
1573633216,HCP02810,,Prescriber3216,3316 Main St,Raleigh,NC,27612,IM,MD,Y,Y,,Y
1573788877,HCP02811,,Prescriber8877,8977 Main St,Houston,TX,77030,P,DO,Y,Y,,Y
1575285366,Kevin,L,Jones,950 Threadneedle St Ste 160,Houston,TX,77079,A,PA,Y,Y,,Y
1575631518,HCP02812,,Prescriber1518,1618 Main St,Houston,TX,77030,EM,MD,Y,Y,,Y
1575885772,HCP02813,,Prescriber5772,5872 Main St,Houston,TX,77030,CHN,MD,Y,Y,,Y
1576056987,HCP02814,,Prescriber6987,7087 Main St,Houston,TX,77030,FM,MD,Y,Y,,Y
1576743779,HCP02815,,Prescriber3779,3879 Main St,Houston,TX,77030,PG,MD,Y,Y,,Y
1577214306,HCP02816,,Prescriber4306,4406 Main St,Charleston,SC,29406,PD,NP,Y,Y,,Y
1577368857,Edward,J,Fisher,20 Medical Village Dr Ste 102,Edgewood,KY,41017,PD,MD,Y,Y,B,
1577433057,HCP02817,,Prescriber3057,3157 Main St,Chicago,IL,60612,OM,MD,Y,Y,,Y
1578209693,Jonathan,,Ayers,1300 N West Shore Blvd Ste 240,Oldsmar,FL,34677,P,PA,Y,Y,C,
1579303359,HCP02818,,Prescriber3359,3459 Main St,Knoxville,TN,37938,FM,MD,Y,Y,,Y
1579388954,HCP02819,,Prescriber8954,9054 Main St,Houston,TX,77030,HO,MD,Y,Y,,Y
1579715923,HCP02820,,Prescriber5923,6023 Main St,Houston,TX,77030,ADU,NP,Y,Y,,Y
1580306043,HCP02821,,Prescriber6043,6143 Main St,Houston,TX,77030,OSG,DDS,Y,Y,,Y
1580587717,HCP02822,,Prescriber7717,7817 Main St,Houston,TX,77030,PD,MD,Y,Y,,Y
1580606573,HCP02823,,Prescriber6573,6673 Main St,Mckinney,TX,75070,PD,MD,Y,Y,,Y
1581758455,Gloria,S,Nunez,8045 Providence Rd Ste 300,Charlotte,NC,28277,PDP,MD,Y,Y,,Y
1582562431,HCP02824,,Prescriber2431,2531 Main St,Franklin,TN,37064,P,NP,Y,Y,,Y
1582990586,HCP02825,,Prescriber0586,686 Main St,Miami,FL,33136,GO,MD,Y,Y,,Y
1583427573,Robert,E,Kemp,404 Westwood Ave Ste 103,High Point,NC,27262,PD,MD,Y,Y,,Y
1584007500,HCP02826,,Prescriber7500,7600 Main St,Blue Springs,MO,64015,PD,MD,Y,Y,,Y
1585147638,HCP02827,,Prescriber7638,7738 Main St,Houston,TX,77030,PD,MD,Y,Y,,Y
1585272690,Laura,S,Smith,142 Totowa Rd Ste 8,Totowa,NJ,07512,ADL,MD,Y,Y,,Y
1585335602,HCP02828,,Prescriber5602,5702 Main St,Houston,TX,77030,NEP,MD,Y,Y,,Y
1585376891,Michele,,Boone,13945 W Grand Ave Ste 104,Surprise,AZ,85374,P,NP,Y,Y,C,
1586122124,HCP02829,,Prescriber2124,2224 Main St,Chicago,IL,60612,IM,MD,Y,Y,,Y
1586353951,HCP02830,,Prescriber3951,4051 Main St,Four Oaks,NC,27524,GP,PA,Y,Y,,Y
1586709447,HCP02831,,Prescriber9447,547 Main St,Hickory,NC,28601,P,PA,Y,Y,,Y
1587328285,HCP02832,,Prescriber8285,8385 Main St,Houston,TX,77030,PS,MD,Y,Y,,Y
1588732088,HCP02833,,Prescriber2088,2188 Main St,Chattanooga,TN,37421,PD,MD,Y,Y,,Y
1588905103,HCP02834,,Prescriber5103,5203 Main St,Apex,NC,27502,GP,NP,Y,Y,,Y
1589050884,HCP02835,,Prescriber0884,984 Main St,Chicago,IL,60612,PD,NP,Y,Y,,Y
1589127819,HCP02836,,Prescriber7819,7919 Main St,Richmond,VA,23298,IM,MD,Y,Y,,Y
1589437631,HCP02837,,Prescriber7631,7731 Main St,Houston,TX,77030,PDP,MD,Y,Y,,Y
1589655603,HCP02838,,Prescriber5603,5703 Main St,Dallas,TX,75231,IM,MD,Y,Y,,Y
1589833825,HCP02839,,Prescriber3825,3925 Main St,Miami,FL,33136,PD,MD,Y,Y,,Y
1589842895,HCP02840,,Prescriber2895,2995 Main St,Elizabethtown,KY,42701,P,NP,Y,Y,,Y
1590332287,Gary,M,Martinez,1217 Blizzard Dr,Parkersburg,WV,26101,PD,DO,Y,Y,B,
1590540809,HCP02841,,Prescriber0809,909 Main St,Charleston,SC,29425,HOS,MD,Y,Y,,Y
1590801848,HCP02842,,Prescriber1848,1948 Main St,Simpsonville,SC,29680,PD,NP,Y,Y,,Y
1591332483,HCP02843,,Prescriber2483,2583 Main St,Durham,NC,27705,DEN,DDS,Y,Y,,Y
1591438158,HCP02844,,Prescriber8158,8258 Main St,Jacksonville,IL,62650,PD,MD,Y,Y,,Y
1591757111,HCP02845,,Prescriber7111,7211 Main St,Indianapolis,IN,46202,CD,MD,Y,Y,,Y
1591990402,HCP02846,,Prescriber0402,502 Main St,Charleston,SC,29425,IM,DO,Y,Y,,Y
1592204627,HCP02847,,Prescriber4627,4727 Main St,Waynesboro,PA,17268,GP,PA,Y,Y,,Y
1593393857,HCP02848,,Prescriber3857,3957 Main St,Houston,TX,77030,IMG,MD,Y,Y,,Y
1593682991,HCP02849,,Prescriber2991,3091 Main St,Houston,TX,77030,FM,NP,Y,Y,,Y
1593999853,HCP02850,,Prescriber9853,953 Main St,Conroe,TX,77304,P,MD,Y,Y,,Y
1594507301,HCP02851,,Prescriber7301,7401 Main St,New York,NY,10029,DBP,MD,Y,Y,,Y
1594592984,HCP02852,,Prescriber2984,3084 Main St,Miami,FL,33136,AN,NP,Y,Y,,Y
1595052083,HCP02853,,Prescriber2083,2183 Main St,Houston,TX,77030,OBG,NP,Y,Y,,Y
1595656281,HCP02854,,Prescriber6281,6381 Main St,Atlanta,GA,30322,HO,PA,Y,Y,,Y
1596103247,HCP02855,,Prescriber3247,3347 Main St,Houston,TX,77030,DEN,DDS,Y,Y,,Y
1597213577,HCP02856,,Prescriber3577,3677 Main St,Lexington,KY,40513,P,NP,Y,Y,,Y
1597272553,HCP02857,,Prescriber2553,2653 Main St,O Fallon,MO,63368,PD,MD,Y,Y,,Y
1597410859,HCP02858,,Prescriber0859,959 Main St,Houston,TX,77030,CD,NP,Y,Y,,Y
1599054064,HCP02859,,Prescriber4064,4164 Main St,Houston,TX,77030,DEN,DDS,Y,Y,,Y
1599171731,HCP02860,,Prescriber1731,1831 Main St,Atlanta,GA,30322,FM,NP,Y,Y,,Y
1599311648,HCP02861,,Prescriber1648,1748 Main St,Houston,TX,77030,HO,MD,Y,Y,,Y
1600418218,Cory,M,Erickson,418 S King St,Laurinburg,NC,28352,PD,NP,Y,Y,,Y
1600447071,HCP02862,,Prescriber7071,7171 Main St,Houston,TX,77030,PTH,DO,Y,Y,,Y
1600779072,HCP02863,,Prescriber9072,172 Main St,Tucson,AZ,85712,FM,NP,Y,Y,,Y
1601043992,HCP02864,,Prescriber3992,4092 Main St,Durham,NC,27705,PTH,DO,Y,Y,,Y
1601098198,HCP02865,,Prescriber8198,8298 Main St,Houston,TX,77030,GP,NP,Y,Y,,Y
1601324716,HCP02866,,Prescriber4716,4816 Main St,Houston,TX,77030,NEP,MD,Y,Y,,Y
1601966746,Christopher,S,Bailey,Siskin Children's Institute Center For,Chattanooga,TN,37402,PD,NP,Y,Y,C,
1602466202,HCP02867,,Prescriber6202,6302 Main St,Houston,TX,77030,OBG,RN,Y,Y,,Y
1602692542,HCP02868,,Prescriber2542,2642 Main St,Winston-Salem,NC,27103,GP,PA,Y,Y,,Y
1603721492,HCP02869,,Prescriber1492,1592 Main St,Atlanta,GA,30322,EM,MD,Y,Y,,Y
1603729580,HCP02870,,Prescriber9580,680 Main St,New Orleans,LA,70112,P,MD,Y,Y,,Y
1603805645,HCP02871,,Prescriber5645,5745 Main St,Gambrills,MD,21054,PD,NP,Y,Y,,Y
1603893160,Daniel,C,Lee DVM,4595 Trueman Blvd,Hilliard,OH,43026,PD,MD,Y,Y,C,
1604193609,HCP02872,,Prescriber3609,3709 Main St,Virginia Beach,VA,23456,GP,PA,Y,Y,,Y
1604645824,HCP02873,,Prescriber5824,5924 Main St,Houston,TX,77030,ID,PA,Y,Y,,Y
1605910057,Christopher,L,Cook,240 Business Park Dr Ste 100,Virginia Beach,VA,23462,P,MD,Y,Y,B,
1605985974,HCP02874,,Prescriber5974,6074 Main St,Somers,NY,10589,PSI,PA,Y,Y,,Y
1605992860,Susan,,Sanders,519 N Cass Ave Ste 204,Westmont,IL,60559,P,MD,Y,Y,B,
1608375406,HCP02875,,Prescriber5406,5506 Main St,Birmingham,AL,35242,PD,MD,Y,Y,,Y
1608998752,HCP02876,,Prescriber8752,8852 Main St,Houston,TX,77030,ON,NP,Y,Y,,Y
1609088333,HCP02877,,Prescriber8333,8433 Main St,Houston,TX,77030,IM,MD,Y,Y,,Y
1609199294,Sarah,M,Fox,9245 N Meridian St Ste 300,Greenwood,IN,46142,P,NP,Y,Y,B,
1609753790,HCP02878,,Prescriber3790,3890 Main St,Hilliard,OH,43026,FM,MD,Y,Y,,Y
1609841050,HCP02879,,Prescriber1050,1150 Main St,Fairfax,VA,22031,CHN,NP,Y,Y,,Y
1609889732,HCP02880,,Prescriber9732,832 Main St,Clemmons,NC,27012,P,PA,Y,Y,,Y
1610271575,James,K,Harper,10209 W Central Ave Ste 1,Wichita,KS,67226,P,APRN,Y,Y,A,
1610414369,HCP02881,,Prescriber4369,4469 Main St,Houston,TX,77030,GP,RN,Y,Y,,Y
1611437833,HCP02882,,Prescriber7833,7933 Main St,Virginia Beach,VA,23454,GP,NP,Y,Y,,Y
1611564953,HCP02883,,Prescriber4953,5053 Main St,Houston,TX,77030,OTO,MD,Y,Y,,Y
1611918435,HCP02884,,Prescriber8435,8535 Main St,Houston,TX,77030,FM,NP,Y,Y,,Y
1611940007,HCP02885,,Prescriber0007,107 Main St,New York,NY,10016,P,MD,Y,Y,,Y
1612579917,HCP02886,,Prescriber9917,1017 Main St,New York,NY,10016,GP,PA,Y,Y,,Y
1613293997,HCP02887,,Prescriber3997,4097 Main St,Miami,FL,33136,PUD,NP,Y,Y,,Y
1613387508,HCP02888,,Prescriber7508,7608 Main St,East Meadow,NY,11554,IM,MD,Y,Y,,Y
1614049455,Susan,L,Montgomery,201 Mall Blvd Ste 204,Plymouth Meeting,PA,19462,P,MD,Y,Y,B,
1614196274,HCP02889,,Prescriber6274,6374 Main St,Houston,TX,77030,D,PA,Y,Y,,Y
1614468863,HCP02890,,Prescriber8863,8963 Main St,New Rochelle,NY,10801,GP,PA,Y,Y,,Y
1614976823,HCP02891,,Prescriber6823,6923 Main St,Houston,TX,77030,OBG,MD,Y,Y,,Y
1615216986,HCP02892,,Prescriber6986,7086 Main St,Houston,TX,77030,P,MD,Y,Y,,Y
1615910314,Dr.,R,Kelsey Smith,91 S Jefferson Rd Ste 200,Whippany,NJ,07981,PD,MD,Y,Y,,Y
1616035310,HCP02893,,Prescriber5310,5410 Main St,Houston,TX,77030,PD,MD,Y,Y,,Y
1616759627,HCP02894,,Prescriber9627,727 Main St,Atlanta,GA,30322,GS,MD,Y,Y,,Y
1617313625,James,N,Brown,3305 SW 34th Cir Ste 200-1,Ocala,FL,34474,AI,MD,Y,Y,,Y
1617687694,HCP02895,,Prescriber7694,7794 Main St,Houston,TX,77030,FM,PA,Y,Y,,Y
1618327564,HCP02896,,Prescriber7564,7664 Main St,Cleveland,OH,44195,IM,NP,Y,Y,,Y
1618606702,HCP02897,,Prescriber6702,6802 Main St,Hattiesburg,MS,39402,CHP,NP,Y,Y,,Y
1619359298,HCP02898,,Prescriber9298,398 Main St,Durham,NC,27705,OCT,OT,Y,Y,,Y
1619467870,HCP02899,,Prescriber7870,7970 Main St,Indianapolis,IN,46260,FM,MD,Y,Y,,Y
1619679153,HCP02900,,Prescriber9153,253 Main St,Houston,TX,77030,PED,DDS,Y,Y,,Y
1619791271,HCP02901,,Prescriber1271,1371 Main St,Houston,TX,77030,U,MD,Y,Y,,Y
1620189843,HCP02902,,Prescriber9843,943 Main St,Reston,VA,20191,P,NP,Y,Y,,Y
1620323044,Cassandra,G,Williamson,437 Heymann Blvd,Lafayette,LA,70503,PD,MD,Y,Y,A,
1620744349,Joseph,R,Martinez,4320 Henson Dr,Wilmington,NC,28401,PD,MD,Y,Y,A,
1620760689,HCP02903,,Prescriber0689,789 Main St,Houston,TX,77030,CD,MD,Y,Y,,Y
1622059802,Madison,G,Colon,6043 Shallowford Rd Ste 101,Chattanooga,TN,37421,FM,DO,Y,Y,B,
1623367447,HCP02904,,Prescriber7447,7547 Main St,Houston,TX,77030,PMR,MD,Y,Y,,Y
1623641225,HCP02905,,Prescriber1225,1325 Main St,Houston,TX,77030,NTR,MD,Y,Y,,Y
1624098356,Ethan,I,Ortiz,11477 Olde Cabin Rd Ste 210,Saint Louis,MO,63141,P,MD,Y,Y,A,
1625609024,HCP02906,,Prescriber9024,124 Main St,Sarasota,FL,34239,PD,MD,Y,Y,,Y
1625728972,Jeremy,J,Castro DVM,1962 Cherokee Rd,Alexander City,AL,35010,PD,MD,Y,Y,,Y
1626255484,HCP02907,,Prescriber5484,5584 Main St,Miami,FL,33136,PD,DO,Y,Y,,Y
1626378772,Joshua,A,Cain,7777 Forest Ln Ste C833,Dallas,TX,75230,P,MD,Y,Y,A,
1626395396,HCP02908,,Prescriber5396,5496 Main St,Vincennes,IN,47591,PD,MD,Y,Y,,Y
1626816945,HCP02909,,Prescriber6945,7045 Main St,Indianapolis,IN,46202,HOS,DO,Y,Y,,Y
1626988138,HCP02910,,Prescriber8138,8238 Main St,Pittsburgh,PA,15236,P,NP,Y,Y,,Y
1627063405,HCP02911,,Prescriber3405,3505 Main St,Rockwell City,IA,50579,FM,NP,Y,Y,,Y
1631817497,Deanna,T,Crawford,2424 India Hook Rd Ste 120,Rock Hill,SC,29732,P,MD,Y,Y,A,
1632658645,HCP02912,,Prescriber8645,8745 Main St,Fuquay Varina,NC,27526,PD,NP,Y,Y,,Y
1633133711,HCP02913,,Prescriber3711,3811 Main St,Mason,OH,45040,P,NP,Y,Y,,Y
1633690791,HCP02914,,Prescriber0791,891 Main St,Orlando,FL,32806,GP,NP,Y,Y,,Y
1634098621,Dawn,Y,Brown,3014 37th St,Astoria,NY,11103,PD,MD,Y,Y,,Y
1634385164,HCP02915,,Prescriber5164,5264 Main St,Brooksville,FL,34601,P,NP,Y,Y,,Y
1634442714,HCP02916,,Prescriber2714,2814 Main St,Greenville,SC,29615,ADU,NP,Y,Y,,Y
1634498931,HCP02917,,Prescriber8931,9031 Main St,Saint Louis,MO,63110,IM,MD,Y,Y,,Y
1634516228,HCP02918,,Prescriber6228,6328 Main St,Kiowa,KS,67070,FM,NP,Y,Y,,Y
1635219082,HCP02919,,Prescriber9082,182 Main St,Houston,TX,77030,CD,MD,Y,Y,,Y
1635742252,HCP02920,,Prescriber2252,2352 Main St,Franklin,TN,37067,P,NP,Y,Y,,Y
1635867291,Madison,A,Mitchell,615 Hope Rd Ste 5B Fl 2,Morris Plains,NJ,07950,FM,NP,Y,Y,C,
1636442292,HCP02921,,Prescriber2292,2392 Main St,Houston,TX,77030,PD,NP,Y,Y,,Y
1637133795,HCP02922,,Prescriber3795,3895 Main St,Richmond Hill,GA,31324,PD,MD,Y,Y,,Y
1637136710,HCP02923,,Prescriber6710,6810 Main St,Houston,TX,77030,MFM,MD,Y,Y,,Y
1637159317,HCP02924,,Prescriber9317,417 Main St,Gallatin,TN,37066,P,NP,Y,Y,,Y
1637394470,HCP02925,,Prescriber4470,4570 Main St,Chapel Hill,NC,27514,P,PA,Y,Y,,Y
1638607323,Nicole,P,Villa,1524 S Interstate 35 Ste 202,Austin,TX,78731,P,MD,Y,Y,A,
1639161944,HCP02926,,Prescriber1944,2044 Main St,Miami,FL,33136,DEN,DMD,Y,Y,,Y
1639242069,Kelly,S,Miller,3145 Virginia Beach Blvd Ste 100,Virginia Beach,VA,23462,P,NP,Y,Y,C,
1639629763,HCP02927,,Prescriber9763,863 Main St,Houston,TX,77030,DEN,DDS,Y,Y,,Y
1639972921,HCP02928,,Prescriber2921,3021 Main St,Lexington,KY,40505,IM,PA,Y,Y,,Y
1641065530,HCP02929,,Prescriber5530,5630 Main St,Lynnwood,WA,98036,P,NP,Y,Y,,Y
1642196472,HCP02930,,Prescriber6472,6572 Main St,Miami,FL,33136,OBG,MD,Y,Y,,Y
1642439434,HCP02931,,Prescriber9434,534 Main St,Lees Summit,MO,64063,FM,DO,Y,Y,,Y
1642616464,HCP02932,,Prescriber6464,6564 Main St,Houston,TX,77030,POD,DPM,Y,Y,,Y
1642950210,Rebecca,T,Lee,1046 E Wendover Ave,Greensboro,NC,27405,PD,NP,Y,Y,,Y
1642979126,HCP02933,,Prescriber9126,226 Main St,Durham,NC,27705,AN,MD,Y,Y,,Y
1642987115,HCP02934,,Prescriber7115,7215 Main St,Houston,TX,77030,OBG,MD,Y,Y,,Y
1643238891,Larry,K,Miller,1618 Mahan Center Blvd Ste 103,Tallahassee,FL,32308,P,NP,Y,Y,C,
1644233089,HCP02935,,Prescriber3089,3189 Main St,Houston,TX,77030,IM,MD,Y,Y,,Y
1645402455,Amanda,,Bush,12234 Shadow Creek Pkwy Ste 4104,Pearland,TX,77584,P,MD,Y,Y,A,
1645730391,HCP02936,,Prescriber0391,491 Main St,Houston,TX,77063,PD,MD,Y,Y,,Y
1646238392,HCP02937,,Prescriber8392,8492 Main St,Mobile,AL,36608,PD,DO,Y,Y,,Y
1646544666,HCP02938,,Prescriber4666,4766 Main St,Houston,TX,77058,P,MD,Y,Y,,Y
1646885697,HCP02939,,Prescriber5697,5797 Main St,Houston,TX,77030,FM,NP,Y,Y,,Y
1647257273,HCP02940,,Prescriber7273,7373 Main St,Savannah,GA,31406,FM,MD,Y,Y,,Y
1647671581,HCP02941,,Prescriber1581,1681 Main St,Chicago,IL,60612,HOS,MD,Y,Y,,Y
1647686625,Joshua,M,Miller,1280 Hospital Dr Unit 201,Mount Pleasant,SC,29464,IM,MD,Y,Y,B,
1649057376,HCP02942,,Prescriber7376,7476 Main St,Houston,TX,77030,PD,RN,Y,Y,,Y
1649177518,HCP02943,,Prescriber7518,7618 Main St,Westbury,NY,11590,P,MD,Y,Y,,Y
1649485556,HCP02944,,Prescriber5556,5656 Main St,Philadelphia,PA,19104,AN,MD,Y,Y,,Y
1649805652,HCP02945,,Prescriber5652,5752 Main St,Tampa,FL,33618,PD,MD,Y,Y,,Y
1650118162,HCP02946,,Prescriber8162,8262 Main St,Longview,TX,75601,PD,DO,Y,Y,,Y
1651111918,HCP02947,,Prescriber1918,2018 Main St,Indianapolis,IN,46202,US,MD,Y,Y,,Y
1652284999,HCP02948,,Prescriber4999,5099 Main St,New York,NY,10003,CHP,MD,Y,Y,,Y
1652977964,Stephen,J,Nguyen,504 Brookwood Blvd,Birmingham,AL,35209,AI,MD,Y,Y,,Y
1653090919,HCP02949,,Prescriber0919,1019 Main St,Houston,TX,77030,PD,MD,Y,Y,,Y
1653582964,Joshua,T,Nguyen,2821 E President George Bush Hwy Ste 101,Richardson,TX,75082,PD,MD,Y,Y,,Y
1654260359,HCP02950,,Prescriber0359,459 Main St,Charlotte,NC,28277,GP,PA,Y,Y,,Y
1654776195,HCP02951,,Prescriber6195,6295 Main St,Houston,TX,77030,GS,MD,Y,Y,,Y
1654823937,Kenneth,M,Taylor,529 E 116th St,Carmel,IN,46032,P,NP,Y,Y,C,
1654999822,HCP02952,,Prescriber9822,922 Main St,Houston,TX,77030,P,NP,Y,Y,,Y
1655367150,Robert,L,Harmon,2730 S Val Vista Dr Ste 146,Gilbert,AZ,85295,P,NP,Y,Y,A,
1655830124,HCP02953,,Prescriber0124,224 Main St,Houston,TX,77030,FSM,MD,Y,Y,,Y
1656677541,HCP02954,,Prescriber7541,7641 Main St,Jacksonville,FL,32206,PD,MD,Y,Y,,Y
1656844528,HCP02955,,Prescriber4528,4628 Main St,Chicago,IL,60612,IM,MD,Y,Y,,Y
1656944046,HCP02956,,Prescriber4046,4146 Main St,Charleston,SC,29425,SW,SW,Y,Y,,Y
1657110134,Margaret,W,Stark,2301 W I 35 Frontage Rd,Edmond,OK,73013,FM,MD,Y,Y,C,
1657738689,Kayla,S,Petty,3231 Euclid Ave Fl 5,Berwyn,IL,60402,IM,MD,Y,Y,C,
1657775427,HCP02957,,Prescriber5427,5527 Main St,Charlotte,NC,28277,GER,NP,Y,Y,,Y
1658551778,Jose,J,Jensen,4650 Ambassador Caffery Pkwy Ste 206,Lafayette,LA,70508,PD,MD,Y,Y,A,
1659242150,HCP02958,,Prescriber2150,2250 Main St,Houston,TX,77030,GP,PA,Y,Y,,Y
1659802902,HCP02959,,Prescriber2902,3002 Main St,Leland,NC,28451,FM,MD,Y,Y,,Y
1660946445,HCP02960,,Prescriber6445,6545 Main St,Miami,FL,33136,PD,NP,Y,Y,,Y
1661047639,Jon,F,Hanson,150 E 58th St Fl 25,New York,NY,10155,P,MD,Y,Y,C,
1661328576,HCP02961,,Prescriber8576,8676 Main St,Houston,TX,77030,OPT,OD,Y,Y,,Y
1661751833,HCP02962,,Prescriber1833,1933 Main St,Houston,TX,77030,PD,MD,Y,Y,,Y
1661968121,HCP02963,,Prescriber8121,8221 Main St,Atlanta,GA,30305,P,MD,Y,Y,,Y
1662072323,HCP02964,,Prescriber2323,2423 Main St,Atlanta,GA,30327,PD,MD,Y,Y,,Y
1662320146,HCP02965,,Prescriber0146,246 Main St,Charleston,SC,29425,P,MD,Y,Y,,Y
1663106656,HCP02966,,Prescriber6656,6756 Main St,Richmond,VA,23298,OBG,MD,Y,Y,,Y
1663343466,HCP02967,,Prescriber3466,3566 Main St,Mobile,AL,36608,P,MD,Y,Y,,Y
1663354364,HCP02968,,Prescriber4364,4464 Main St,Houston,TX,77030,EM,NP,Y,Y,,Y
1663764431,Edward,A,Jones,11725 W 112th St,Overland Park,KS,66210,FM,MD,Y,N,A,
1665030303,HCP02969,,Prescriber0303,403 Main St,Houston,TX,77030,PTH,MD,Y,Y,,Y
1665326937,HCP02970,,Prescriber6937,7037 Main St,Houston,TX,77030,FM,MD,Y,Y,,Y
1665540976,HCP02971,,Prescriber0976,1076 Main St,Houston,TX,77030,EM,NP,Y,Y,,Y
1666067949,Randall,E,Lewis,601 New Britain Rd Bldg 100,Philadelphia,PA,19115,P,NP,Y,Y,A,
1666149900,HCP02972,,Prescriber9900,1000 Main St,Houston,TX,77030,FM,NP,Y,Y,,Y
1666479803,HCP02973,,Prescriber9803,903 Main St,Houston,TX,77030,FM,NP,Y,Y,,Y
1666681536,HCP02974,,Prescriber1536,1636 Main St,Houston,TX,77030,PD,MD,Y,Y,,Y
1669839799,HCP02975,,Prescriber9799,899 Main St,Houston,TX,77030,DR,MD,Y,Y,,Y
1670029937,Anthony,A,Wong,1861 Sh-276,Rockwall,TX,75032,PD,MD,Y,Y,,Y
1670733542,HCP02976,,Prescriber3542,3642 Main St,Cypress,TX,77429,PD,MD,Y,Y,,Y
1670770979,HCP02977,,Prescriber0979,1079 Main St,Charlotte,NC,28211,P,MD,Y,Y,,Y
1671210913,HCP02978,,Prescriber0913,1013 Main St,Clemmons,NC,27012,FM,NP,Y,Y,,Y
1671221279,Nicole,A,Whitaker,3855 Trueman Ct,Hilliard,OH,43026,PD,MD,Y,Y,C,
1671566955,HCP02979,,Prescriber6955,7055 Main St,Houston,TX,77030,PD,MD,Y,Y,,Y
1672014587,HCP02980,,Prescriber4587,4687 Main St,Indianapolis,IN,46202,NEP,NP,Y,Y,,Y
1672136875,HCP02981,,Prescriber6875,6975 Main St,Myrtle Beach,SC,29577,HOS,MD,Y,Y,,Y
1672964205,HCP02982,,Prescriber4205,4305 Main St,Maumee,OH,43537,PD,DO,Y,Y,,Y
1673423271,Donna,N,Davidson,721 Long Point Rd Ste 408B,Mt Pleasant,SC,29464,P,MD,Y,Y,A,
1674146863,Angela,A,Price,307 3rd Ave,Long Branch,NJ,07740,ADL,MD,Y,Y,B,
1674500392,HCP02983,,Prescriber0392,492 Main St,Houston,TX,77030,CD,NP,Y,Y,,Y
1674536076,HCP02984,,Prescriber6076,6176 Main St,Durham,NC,27705,DEN,DMD,Y,Y,,Y
1674600977,HCP02985,,Prescriber0977,1077 Main St,Kansas City,KS,66160,PM,MD,Y,Y,,Y
1674724572,HCP02986,,Prescriber4572,4672 Main St,Gainesville,GA,30501,P,DO,Y,Y,,Y
1674916407,HCP02987,,Prescriber6407,6507 Main St,Houston,TX,77030,D,PA,Y,Y,,Y
1675336148,Lisa,J,Price,1425 Shoemaker Ave,West Wyoming,PA,18644,P,DO,Y,Y,A,
1675555669,HCP02988,,Prescriber5669,5769 Main St,The Colony,TX,75056,PD,MD,Y,Y,,Y
1676531230,HCP02989,,Prescriber1230,1330 Main St,Houston,TX,77030,PM,MD,Y,Y,,Y
1677885655,Elizabeth,A,Curtis,960 Nc 42 W,Clayton,NC,27520,P,NP,Y,Y,B,
1678163093,HCP02990,,Prescriber3093,3193 Main St,Chicago,IL,60614,IM,NP,Y,Y,,Y
1679020403,Ronald,T,Bartlett,7810 5 Mile Rd,Cincinnati,OH,45230,PD,MD,Y,Y,C,
1679237158,HCP02991,,Prescriber7158,7258 Main St,Lenexa,KS,66227,PD,PA,Y,Y,,Y
1679571480,HCP02992,,Prescriber1480,1580 Main St,Phoenix,AZ,85016,FM,MD,Y,Y,,Y
1679646825,HCP02993,,Prescriber6825,6925 Main St,Knoxville,TN,37912,PD,NP,Y,Y,,Y
1680072421,HCP02994,,Prescriber2421,2521 Main St,Downingtown,PA,19335,P,NP,Y,Y,,Y
1680286796,HCP02995,,Prescriber6796,6896 Main St,Houston,TX,77030,D,MD,Y,Y,,Y
1680582627,HCP02996,,Prescriber2627,2727 Main St,Raleigh,NC,27613,P,NP,Y,Y,,Y
1680684807,HCP02997,,Prescriber4807,4907 Main St,Charlotte,NC,28209,P,PA,Y,Y,,Y
1680826913,HCP02998,,Prescriber6913,7013 Main St,Houston,TX,77030,FM,NP,Y,Y,,Y
1682595506,HCP02999,,Prescriber5506,5606 Main St,Kansas City,KS,66160,NPM,MD,Y,Y,,Y
1684035051,HCP03000,,Prescriber5051,5151 Main St,Houston,TX,77030,PD,MD,Y,Y,,Y
1684354265,HCP03001,,Prescriber4265,4365 Main St,Houston,TX,77030,DR,MD,Y,Y,,Y
1684374601,David,D,Ward,4932 Benchmark Centre Dr,Swansea,IL,62226,PD,NP,Y,Y,B,
1685145480,Lynn,L,Calderon,601 Clemson Rd,Columbia,SC,29229,PD,MD,Y,Y,,Y
1685336192,HCP03002,,Prescriber6192,6292 Main St,Iowa City,IA,52242,FM,MD,Y,Y,,Y
1685581707,Penny,T,Moran,2161 Lexington Rd Ste 5,Richmond,KY,40475,PD,NP,Y,Y,,Y
1686446109,HCP03003,,Prescriber6109,6209 Main St,Houston,TX,77030,PD,MD,Y,Y,,Y
1686740932,HCP03004,,Prescriber0932,1032 Main St,Houston,TX,77030,POD,DPM,Y,Y,,Y
1687304354,HCP03005,,Prescriber4354,4454 Main St,Houston,TX,77030,P,NP,Y,Y,,Y
1688009362,Bianca,C,Orr,2012 Garfield Ave Ste 2,Parkersburg,WV,26101,IM,MD,Y,Y,B,
1688106036,HCP03006,,Prescriber6036,6136 Main St,Houston,TX,77030,PHM,NP,Y,Y,,Y
1688246456,HCP03007,,Prescriber6456,6556 Main St,Houston,TX,77030,GP,PA,Y,Y,,Y
1688304858,HCP03008,,Prescriber4858,4958 Main St,Jackson,MS,39211,P,MD,Y,Y,,Y
1688796085,HCP03009,,Prescriber6085,6185 Main St,Houston,TX,77030,ID,MD,Y,Y,,Y
1689697961,HCP03010,,Prescriber7961,8061 Main St,Syosset,NY,11791,PD,MD,Y,Y,,Y
1689790844,HCP03011,,Prescriber0844,944 Main St,Easley,SC,29642,N,MD,Y,Y,,Y
1690185127,HCP03012,,Prescriber5127,5227 Main St,Indianapolis,IN,46202,FM,NP,Y,Y,,Y
1690203766,HCP03013,,Prescriber3766,3866 Main St,Wilmington,NC,28403,FM,MD,Y,Y,,Y
1690401324,HCP03014,,Prescriber1324,1424 Main St,Wilmington,NC,28403,FM,MD,Y,Y,,Y
1691601744,Lauren,M,Simon,9300 Meadow View Dr Ste 100,Lenexa,KS,66227,PD,DO,Y,Y,B,
1692238177,HCP03015,,Prescriber8177,8277 Main St,Pasadena,TX,77505,FM,MD,Y,Y,,Y
1692833548,HCP03016,,Prescriber3548,3648 Main St,Raleigh,NC,27606,P,PA,Y,Y,,Y
1692900579,Mark,Y,Cervantes,10420 Old Olive Street Rd Ste 205,Saint Louis,MO,63141,P,MD,Y,Y,A,
1692917181,HCP03017,,Prescriber7181,7281 Main St,Doylestown,PA,18901,P,NP,Y,Y,,Y
1694162213,HCP03018,,Prescriber2213,2313 Main St,Santa Ana,CA,92704,P,MD,Y,Y,,Y
1694440920,HCP03019,,Prescriber0920,1020 Main St,Fort Worth,TX,76179,FM,DO,Y,Y,,Y
1694495771,HCP03020,,Prescriber5771,5871 Main St,Torrance,CA,90505,P,MD,Y,Y,,Y
1694619244,HCP03021,,Prescriber9244,344 Main St,Pompano Beach,FL,33062,FM,NP,Y,Y,,Y
1695748595,HCP03022,,Prescriber8595,8695 Main St,Chicago,IL,60612,FM,MD,Y,Y,,Y
1696325266,HCP03023,,Prescriber5266,5366 Main St,Selden,NY,11784,PD,DO,Y,Y,,Y
1696406270,HCP03024,,Prescriber6270,6370 Main St,Indianapolis,IN,46202,FM,NP,Y,Y,,Y
1696630970,HCP03025,,Prescriber0970,1070 Main St,Grand Rapids,MI,49546,P,MD,Y,Y,,Y
1696705458,HCP03026,,Prescriber5458,5558 Main St,Savannah,GA,31404,PD,MD,Y,Y,,Y
1696896607,HCP03027,,Prescriber6607,6707 Main St,New York,NY,10016,AN,MD,Y,Y,,Y
1697439137,HCP03028,,Prescriber9137,237 Main St,Valrico,FL,33596,P,NP,Y,Y,,Y
1697730049,HCP03029,,Prescriber0049,149 Main St,Greensburg,PA,15601,GP,NP,Y,Y,,Y
1698128373,HCP03030,,Prescriber8373,8473 Main St,Durham,NC,27705,GE,PA,Y,Y,,Y
1699217117,HCP03031,,Prescriber7117,7217 Main St,Orlando,FL,32803,P,NP,Y,Y,,Y
1699394659,Anna,F,Foster,8044 Market St,Wilmington,NC,28411,P,PA,Y,Y,A,
1699537018,HCP03032,,Prescriber7018,7118 Main St,Houston,TX,77030,HOS,MD,Y,Y,,Y
1699637813,HCP03033,,Prescriber7813,7913 Main St,Houston,TX,77030,IM,MD,Y,Y,,Y
1700551098,HCP03034,,Prescriber1098,1198 Main St,Babylon,NY,11702,P,MD,Y,Y,,Y
1701291533,HCP03035,,Prescriber1533,1633 Main St,Chicago,IL,60612,PD,PA,Y,Y,,Y
1701435490,HCP03036,,Prescriber5490,5590 Main St,Cleveland,OH,44195,ORS,MD,Y,Y,,Y
1701673956,Mark,K,Coleman,855 Sam Newell Rd Ste 206,Matthews,NC,28105,AI,MD,Y,Y,,Y
1701695208,HCP03037,,Prescriber5208,5308 Main St,Atlanta,GA,30322,IM,MD,Y,Y,,Y
1702528999,HCP03038,,Prescriber8999,9099 Main St,Flushing,NY,11355,PD,MD,Y,Y,,Y
1702994615,Mr.,,John Gray,4711 Golf Rd Ste 1200,Skokie,IL,60076,P,MD,Y,Y,B,
1703223425,HCP03039,,Prescriber3425,3525 Main St,Lake Dallas,TX,75065,FM,DO,Y,Y,,Y
1703896205,HCP03040,,Prescriber6205,6305 Main St,Big Stone Gap,VA,24219,IM,DO,Y,Y,,Y
1703938327,HCP03041,,Prescriber8327,8427 Main St,Houston,TX,77030,P,PA,Y,Y,,Y
1704382945,HCP03042,,Prescriber2945,3045 Main St,Lutherville Timonium,MD,21093,FM,MD,Y,Y,,Y
1704655066,HCP03043,,Prescriber5066,5166 Main St,Falls City,NE,68355,FM,NP,Y,Y,,Y
1705026567,HCP03044,,Prescriber6567,6667 Main St,Holly Springs,NC,27540,FM,MD,Y,Y,,Y
1705139556,HCP03045,,Prescriber9556,656 Main St,Saint Louis,MO,63110,FM,NP,Y,Y,,Y
1705264642,HCP03046,,Prescriber4642,4742 Main St,Houston,TX,77030,PLM,MD,Y,Y,,Y
1705463738,HCP03047,,Prescriber3738,3838 Main St,Columbus,GA,31901,PD,MD,Y,Y,,Y
1705702950,HCP03048,,Prescriber2950,3050 Main St,Houston,TX,77059,FM,MD,Y,Y,,Y
1705712083,HCP03049,,Prescriber2083,2183 Main St,Milwaukee,WI,53226,NPM,NP,Y,Y,,Y
1705869586,HCP03050,,Prescriber9586,686 Main St,Philadelphia,PA,19102,HOS,DO,Y,Y,,Y
1706223131,HCP03051,,Prescriber3131,3231 Main St,Fairhope,AL,36532,FM,MD,Y,Y,,Y
1706389307,HCP03052,,Prescriber9307,407 Main St,Atlanta,GA,30307,CHN,MD,Y,Y,,Y
1706402735,HCP03053,,Prescriber2735,2835 Main St,Houston,TX,77030,CCM,NP,Y,Y,,Y
1706897823,HCP03054,,Prescriber7823,7923 Main St,Houston,TX,77030,GP,PA,Y,Y,,Y
1707474500,HCP03055,,Prescriber4500,4600 Main St,Chicago,IL,60661,P,MD,Y,Y,,Y
1708249763,HCP03056,,Prescriber9763,863 Main St,New Orleans,LA,70115,PD,MD,Y,Y,,Y
1708715145,HCP03057,,Prescriber5145,5245 Main St,Plainview,NY,11803,PD,MD,Y,Y,,Y
1710777310,Krystal,W,Franklin,102 Suburban Rd Ste 203,Maynardville,TN,37807,PD,NP,Y,Y,B,
1711613142,HCP03058,,Prescriber3142,3242 Main St,Cleveland,OH,44125,PD,MD,Y,Y,,Y
1711672936,HCP03059,,Prescriber2936,3036 Main St,Lexington,KY,40509,PD,MD,Y,Y,,Y
1712792453,HCP03060,,Prescriber2453,2553 Main St,Newark,OH,43055,P,MD,Y,Y,,Y
1713092686,HCP03061,,Prescriber2686,2786 Main St,Franklin,TN,37069,IM,MD,Y,Y,,Y
1715338183,HCP03062,,Prescriber8183,8283 Main St,Grove City,OH,43123,FM,MD,Y,Y,,Y
1715957175,HCP03063,,Prescriber7175,7275 Main St,Decatur,AL,35603,FM,NP,Y,Y,,Y
1716420649,Nathaniel,P,Murray,198 Canal St Ste 501,New York,NY,10013,GE,DO,Y,Y,,
1716685631,HCP03064,,Prescriber5631,5731 Main St,Fort Lauderdale,FL,33331,CHN,MD,Y,Y,,Y
1716759083,HCP03065,,Prescriber9083,183 Main St,Houston,TX,77030,PD,MD,Y,Y,,Y
1717145020,HCP03066,,Prescriber5020,5120 Main St,Pottstown,PA,19464,EM,DO,Y,Y,,Y
1718265250,HCP03067,,Prescriber5250,5350 Main St,Longwood,FL,32750,FM,MD,Y,Y,,Y
1718595435,Robert,C,Hicks,2772 Rutland Rd,Davidsonville,MD,21035,PD,NP,Y,Y,A,Y
1718794475,HCP03068,,Prescriber4475,4575 Main St,Huntersville,NC,28078,P,PA,Y,Y,,Y
1718884289,Bradley,R,Alexander,1671 Belle Isle Ave Ste 110,Mount Pleasant,SC,29464,CHP,MD,Y,Y,B,
1719000370,HCP03069,,Prescriber0370,470 Main St,Phoenix,AZ,85016,CD,NP,Y,Y,,Y
1719331626,HCP03070,,Prescriber1626,1726 Main St,Houston,TX,77030,HOS,DO,Y,Y,,Y
1719701306,HCP03071,,Prescriber1306,1406 Main St,Augusta,GA,30901,PD,MD,Y,Y,,Y
1719791688,David,,Lucero,1600 W College St Ste Ll60,Grapevine,TX,76051,PD,MD,Y,Y,,Y
1719892288,Nicole,S,Reyes,185 Whitesport Dr SW,Huntsville,AL,35801,PFP,MD,Y,Y,A,
1720472009,HCP03072,,Prescriber2009,2109 Main St,Houston,TX,77030,MDM,MD,Y,Y,,Y
1720678691,HCP03073,,Prescriber8691,8791 Main St,Houston,TX,77030,POD,DPM,Y,Y,,Y
1721286996,HCP03074,,Prescriber6996,7096 Main St,Miami,FL,33136,ADU,RN,Y,Y,,Y
1721442501,Cindy,M,Weaver,1800 Glenside Dr Ste 110,Mechanicsville,VA,23111,FM,NP,Y,Y,C,
1721621126,Stephen,H,Hammond,1905 Woodstock Rd Ste 5150,Roswell,GA,30075,P,MD,Y,Y,B,
1722801603,HCP03075,,Prescriber1603,1703 Main St,Iowa City,IA,52242,IM,MD,Y,Y,,Y
1722809176,HCP03076,,Prescriber9176,276 Main St,Bradenton,FL,34208,P,NP,Y,Y,,Y
1723107275,HCP03077,,Prescriber7275,7375 Main St,Houston,TX,77030,PD,MD,Y,Y,,Y
1724664609,Wendy,F,Patton,1239 Windham Pkwy,Romeoville,IL,60446,P,NP,Y,Y,C,
1724908066,HCP03078,,Prescriber8066,8166 Main St,Indianapolis,IN,46254,ADL,MD,Y,Y,,Y
1725529519,HCP03079,,Prescriber9519,619 Main St,Charlotte,NC,28211,P,MD,Y,Y,,Y
1726070533,HCP03080,,Prescriber0533,633 Main St,Houston,TX,77030,NEP,MD,Y,Y,,Y
1726188833,HCP03081,,Prescriber8833,8933 Main St,Richmond Hill,GA,31324,P,MD,Y,Y,,Y
1726404079,HCP03082,,Prescriber4079,4179 Main St,Houston,TX,77030,GS,MD,Y,Y,,Y
1726889247,HCP03083,,Prescriber9247,347 Main St,Indianapolis,IN,46202,AC,NP,Y,Y,,Y
1727179741,HCP03084,,Prescriber9741,841 Main St,Philadelphia,PA,19102,GP,NP,Y,Y,,Y
1727525658,HCP03085,,Prescriber5658,5758 Main St,Scottsdale,AZ,85254,DBP,MD,Y,Y,,Y
1727634474,HCP03086,,Prescriber4474,4574 Main St,Bethlehem,PA,18015,PPN,PA,Y,Y,,Y
1728868648,Erika,P,Mccullough,11804 Conrey Rd Ste 100,Cincinnati,OH,45242,N,MD,Y,Y,C,
1729434874,HCP03087,,Prescriber4874,4974 Main St,Houston,TX,77030,N,MD,Y,Y,,Y
1730301051,HCP03088,,Prescriber1051,1151 Main St,Charleston,SC,29425,EM,MD,Y,Y,,Y
1730461876,HCP03089,,Prescriber1876,1976 Main St,Houston,TX,77030,ORT,DDS,Y,Y,,Y
1730630030,HCP03090,,Prescriber0030,130 Main St,Cleveland,OH,44195,VS,MD,Y,Y,,Y
1731196413,HCP03091,,Prescriber6413,6513 Main St,Houston,TX,77030,PD,MD,Y,Y,,Y
1731400887,Christine,A,Chambers,400 Colonnade Dr Ste 230,Jacksonville,FL,32207,P,NP,Y,Y,B,
1731575103,HCP03092,,Prescriber5103,5203 Main St,Phoenix,AZ,85016,ADU,NP,Y,Y,,Y
1731818005,HCP03093,,Prescriber8005,8105 Main St,Arlington,VA,22207,P,NP,Y,Y,,Y
1732390981,HCP03094,,Prescriber0981,1081 Main St,Friendswood,TX,77546,P,MD,Y,Y,,Y
1733894458,HCP03095,,Prescriber4458,4558 Main St,Mooresville,NC,28117,IM,MD,Y,Y,,Y
1733943568,HCP03096,,Prescriber3568,3668 Main St,Charlotte,NC,28211,IM,NP,Y,Y,,Y
1734518288,HCP03097,,Prescriber8288,8388 Main St,Houston,TX,77030,HOS,MD,Y,Y,,Y
1734751701,HCP03098,,Prescriber1701,1801 Main St,Slidell,LA,70461,FM,NP,Y,Y,,Y
1735126575,HCP03099,,Prescriber6575,6675 Main St,Charleston,SC,29425,OBG,MD,Y,Y,,Y
1735200811,HCP03100,,Prescriber0811,911 Main St,Houston,TX,77030,PD,MD,Y,Y,,Y
1735316857,HCP03101,,Prescriber6857,6957 Main St,Houston,TX,77030,CD,MD,Y,Y,,Y
1735323610,HCP03102,,Prescriber3610,3710 Main St,Newnan,GA,30265,FM,MD,Y,Y,,Y
1735846716,Robert,C,Davis,5775 Peachtree Dunwoody Rd,Atlanta,GA,30342,P,MD,Y,Y,C,
1735956156,HCP03103,,Prescriber6156,6256 Main St,Cleveland,OH,44195,DR,MD,Y,Y,,Y
1736057519,HCP03104,,Prescriber7519,7619 Main St,Denton,TX,76201,P,MD,Y,Y,,Y
1736111131,HCP03105,,Prescriber1131,1231 Main St,Columbus,OH,43205,NMN,NP,Y,Y,,Y
1736923359,Gary,R,Miller,1700 Huguenot Rd Ste E,Chesterfield,VA,23832,P,NP,Y,Y,C,
1737401729,HCP03106,,Prescriber1729,1829 Main St,Houston,TX,77030,EM,MD,Y,Y,,Y
1737517511,HCP03107,,Prescriber7511,7611 Main St,Houston,TX,77030,OBG,MD,Y,Y,,Y
1738631565,Richard,R,Stewart,463380 State Road 200,Yulee,FL,32097,P,MD,Y,Y,B,
1739042373,HCP03108,,Prescriber2373,2473 Main St,Russellville,KY,42276,FM,DO,Y,Y,,Y
1739152690,Judith,M,Petty,2809 Denny Ave,Pascagoula,MS,39581,FM,NP,Y,Y,,Y
1739337585,HCP03109,,Prescriber7585,7685 Main St,Houston,TX,77030,GP,MD,Y,Y,,Y
1739345754,HCP03110,,Prescriber5754,5854 Main St,Chicago,IL,60611,P,DO,Y,Y,,Y
1742062325,HCP03111,,Prescriber2325,2425 Main St,Pensacola,FL,32501,P,MD,Y,Y,,Y
1742391135,HCP03112,,Prescriber1135,1235 Main St,Kansas City,KS,66160,CD,MD,Y,Y,,Y
1742569876,HCP03113,,Prescriber9876,976 Main St,Saint Louis,MO,63110,IM,MD,Y,Y,,Y
1742647390,HCP03114,,Prescriber7390,7490 Main St,Milwaukee,WI,53226,AN,MD,Y,Y,,Y
1742715596,HCP03115,,Prescriber5596,5696 Main St,Birmingham,AL,35223,PD,MD,Y,Y,,Y
1742748942,Jordan,,Munoz,103 Midlands Ct,West Columbia,SC,29169,AI,MD,Y,Y,,Y
1742885679,HCP03116,,Prescriber5679,5779 Main St,Smyrna,GA,30080,IM,MD,Y,Y,,Y
1743003027,Phyllis,C,Hutchinson,4210 Lincoln Rd,Hattiesburg,MS,39402,PD,MD,Y,Y,,Y
1743575179,HCP03117,,Prescriber5179,5279 Main St,Randleman,NC,27317,FM,NP,Y,Y,,Y
1744146327,HCP03118,,Prescriber6327,6427 Main St,Thomasville,GA,31792,PD,MD,Y,Y,,Y
1744993233,HCP03119,,Prescriber3233,3333 Main St,Flower Mound,TX,75028,FM,DO,Y,Y,,Y
1745455019,HCP03120,,Prescriber5019,5119 Main St,Strongsville,OH,44136,GP,PA,Y,Y,,Y
1745827770,HCP03121,,Prescriber7770,7870 Main St,Baltimore,MD,21210,PD,MD,Y,Y,,Y
1746442875,HCP03122,,Prescriber2875,2975 Main St,Tomball,TX,77375,IM,MD,Y,Y,,Y
1746464067,HCP03123,,Prescriber4067,4167 Main St,Nashville,TN,37203,P,NP,Y,Y,,Y
1746500940,HCP03124,,Prescriber0940,1040 Main St,Phoenix,AZ,85016,OBG,MD,Y,Y,,Y
1746728079,HCP03125,,Prescriber8079,8179 Main St,Durham,NC,27705,PS,PA,Y,Y,,Y
1747441042,HCP03126,,Prescriber1042,1142 Main St,Chicago,IL,60612,FM,MD,Y,Y,,Y
1747712851,HCP03127,,Prescriber2851,2951 Main St,Atlanta,GA,30322,HO,NP,Y,Y,,Y
1747787298,HCP03128,,Prescriber7298,7398 Main St,Denver,CO,80230,P,NP,Y,Y,,Y
1748090939,HCP03129,,Prescriber0939,1039 Main St,Cleveland,OH,44195,IM,MD,Y,Y,,Y
1749009012,HCP03130,,Prescriber9012,112 Main St,Houston,TX,77030,N,MD,Y,Y,,Y
1749202406,HCP03131,,Prescriber2406,2506 Main St,Houston,TX,77030,DR,MD,Y,Y,,Y
1749295459,HCP03132,,Prescriber5459,5559 Main St,Houston,TX,77030,N,MD,Y,Y,,Y
1749978587,HCP03133,,Prescriber8587,8687 Main St,Houston,TX,77030,HO,MD,Y,Y,,Y
1750635723,Erik,L,Duffy,8911 E Orme St,Arkansas City,KS,67005,P,PA,Y,Y,A,
1751316800,HCP03134,,Prescriber6800,6900 Main St,Lafayette,LA,70508,FM,PA,Y,Y,,Y
1751688770,HCP03135,,Prescriber8770,8870 Main St,New Orleans,LA,70112,PD,NP,Y,Y,,Y
1754609789,HCP03136,,Prescriber9789,889 Main St,Houston,TX,77030,PD,MD,Y,Y,,Y
1754683763,HCP03137,,Prescriber3763,3863 Main St,Houston,TX,77030,POD,DPM,Y,Y,,Y
1754692506,HCP03138,,Prescriber2506,2606 Main St,Houston,TX,77030,U,PA,Y,Y,,Y
1754892988,HCP03139,,Prescriber2988,3088 Main St,Kansas City,KS,66160,FM,NP,Y,Y,,Y
1755097525,HCP03140,,Prescriber7525,7625 Main St,Houston,TX,77030,US,MD,Y,Y,,Y
1755491036,HCP03141,,Prescriber1036,1136 Main St,Houston,TX,77030,FM,NP,Y,Y,,Y
1755674880,HCP03142,,Prescriber4880,4980 Main St,Greensboro,NC,27401,FM,MD,Y,Y,,Y
1757120475,HCP03143,,Prescriber0475,575 Main St,Houston,TX,77030,PD,MD,Y,Y,,Y
1757202934,HCP03144,,Prescriber2934,3034 Main St,Boerne,TX,78006,CHP,MD,Y,Y,,Y
1757504193,HCP03145,,Prescriber4193,4293 Main St,Saint Louis,MO,63110,CHP,MD,Y,Y,,Y
1757604456,HCP03146,,Prescriber4456,4556 Main St,Houston,TX,77030,CD,MD,Y,Y,,Y
1757639603,Kimberly,M,Baker,5970 Fairview Rd Ste 430,Charlotte,NC,28210,P,NP,Y,Y,B,
1760043891,HCP03147,,Prescriber3891,3991 Main St,Houston,TX,77030,GP,PA,Y,Y,,Y
1760403267,Christine,L,Barnett,109 S Main St Ste 19,Cranbury,NJ,08512,P,DO,Y,Y,C,
1760531620,HCP03148,,Prescriber1620,1720 Main St,Tifton,GA,31794,FM,MD,Y,Y,,Y
1761594627,HCP03149,,Prescriber4627,4727 Main St,Chicago,IL,60612,WH,NP,Y,Y,,Y
1761827347,HCP03150,,Prescriber7347,7447 Main St,Houston,TX,77030,VS,MD,Y,Y,,Y
1762098432,HCP03151,,Prescriber8432,8532 Main St,Saint Petersburg,FL,33716,P,PA,Y,Y,,Y
1763493298,Cheryl,D,Baxter,308 S Jefferson St,Pensacola,FL,32502,P,NP,Y,Y,B,
1763708371,HCP03152,,Prescriber8371,8471 Main St,Prairieville,LA,70769,P,NP,Y,Y,,Y
1764102649,HCP03153,,Prescriber2649,2749 Main St,Houston,TX,77030,PD,MD,Y,Y,,Y
1764990910,HCP03154,,Prescriber0910,1010 Main St,Senatobia,MS,38668,PD,MD,Y,Y,,Y
1765279403,HCP03155,,Prescriber9403,503 Main St,Miami,FL,33136,ORS,PA,Y,Y,,Y
1765866200,Mark,J,Davis,5150 Stilesboro Rd NW Ste 120,Kennesaw,GA,30152,FM,MD,Y,Y,C,
1766405027,HCP03156,,Prescriber5027,5127 Main St,Nashville,TN,37203,GP,NP,Y,Y,,Y
1767864634,HCP03157,,Prescriber4634,4734 Main St,White Plains,NY,10601,ADP,DO,Y,Y,,Y
1768374590,Patrick,K,Gay,760 Broadway,Brooklyn,NY,11206,PD,MD,Y,Y,,Y
1768474433,HCP03158,,Prescriber4433,4533 Main St,Houston,TX,77030,PD,PA,Y,Y,,Y
1768495393,HCP03159,,Prescriber5393,5493 Main St,Williamston,SC,29697,FM,MD,Y,Y,,Y
1769149626,Martin,L,Fox,5950 Lincoln Ave Ste W,Lisle,IL,60532,P,MD,Y,Y,B,
1769245465,HCP03160,,Prescriber5465,5565 Main St,Valhalla,NY,10595,P,MD,Y,Y,,Y
1769730967,HCP03161,,Prescriber0967,1067 Main St,Meridian,MS,39301,GP,NP,Y,Y,,Y
1769867483,HCP03162,,Prescriber7483,7583 Main St,Nazareth,PA,18064,IM,DO,Y,Y,,Y
1771003765,HCP03163,,Prescriber3765,3865 Main St,Houston,TX,77030,BBK,MD,Y,Y,,Y
1771716519,HCP03164,,Prescriber6519,6619 Main St,Omaha,NE,68132,PD,MD,Y,Y,,Y
1772238872,HCP03165,,Prescriber8872,8972 Main St,Bloomington,IN,47403,P,MD,Y,Y,,Y
1772290875,HCP03166,,Prescriber0875,975 Main St,Houston,TX,77030,FM,MD,Y,Y,,Y
1773188024,HCP03167,,Prescriber8024,8124 Main St,Durham,NC,27705,OBG,MD,Y,Y,,Y
1773546458,HCP03168,,Prescriber6458,6558 Main St,Chicago,IL,60612,FM,DO,Y,Y,,Y
1774581101,HCP03169,,Prescriber1101,1201 Main St,Houston,TX,77030,FM,MD,Y,Y,,Y
1775135213,HCP03170,,Prescriber5213,5313 Main St,Nashville,TN,37203,P,MD,Y,Y,,Y
1775155170,HCP03171,,Prescriber5170,5270 Main St,Iowa City,IA,52242,FM,NP,Y,Y,,Y
1775205686,HCP03172,,Prescriber5686,5786 Main St,Houston,TX,77030,DEN,DDS,Y,Y,,Y
1775399728,HCP03173,,Prescriber9728,828 Main St,Houston,TX,77030,PD,DO,Y,Y,,Y
1775472130,HCP03174,,Prescriber2130,2230 Main St,Cleveland,OH,44195,GP,PA,Y,Y,,Y
1776072169,HCP03175,,Prescriber2169,2269 Main St,Chicago,IL,60612,FM,NP,Y,Y,,Y
1776799170,HCP03176,,Prescriber9170,270 Main St,Fort Worth,TX,76107,P,MD,Y,Y,,Y
1776870224,Lydia,A,Marks,506 Lakeside Park,Southampton,PA,18966,P,DO,Y,Y,C,
1778227403,HCP03177,,Prescriber7403,7503 Main St,Houston,TX,77030,FM,MD,Y,Y,,Y
1779986289,Gregory,M,Walker DDS,148 Wall Blvd,Gretna,LA,70056,FM,NP,Y,Y,,
1780332307,HCP03178,,Prescriber2307,2407 Main St,Lubbock,TX,79430,P,MD,Y,Y,,Y
1780679597,HCP03179,,Prescriber9597,697 Main St,Opelousas,LA,70570,FM,MD,Y,Y,,Y
1780967086,HCP03180,,Prescriber7086,7186 Main St,Houston,TX,77030,IM,MD,Y,Y,,Y
1781273614,HCP03181,,Prescriber3614,3714 Main St,Houston,TX,77030,POD,DPM,Y,Y,,Y
1782092427,HCP03182,,Prescriber2427,2527 Main St,Chattanooga,TN,37403,PD,NP,Y,Y,,Y
1782687171,HCP03183,,Prescriber7171,7271 Main St,New Hartford,NY,13413,P,PA,Y,Y,,Y
1783719990,HCP03184,,Prescriber9990,1090 Main St,Houston,TX,77030,ORS,PA,Y,Y,,Y
1784167235,Brianna,S,Fox,748 Old Norcross Rd Ste 185,Lawrenceville,GA,30046,IM,MD,Y,Y,A,
1786322018,HCP03185,,Prescriber2018,2118 Main St,Houston,TX,77030,P,NP,Y,Y,,Y
1786633836,HCP03186,,Prescriber3836,3936 Main St,Nashville,TN,37232,PD,MD,Y,Y,,Y
1786722469,HCP03187,,Prescriber2469,2569 Main St,Houston,TX,77030,PD,MD,Y,Y,,Y
1786823995,HCP03188,,Prescriber3995,4095 Main St,Wichita,KS,67206,FM,NP,Y,Y,,Y
1787265466,Alan,E,Miller,21758 State Road 54,Lutz,FL,33549,P,MD,Y,Y,B,
1787506305,HCP03189,,Prescriber6305,6405 Main St,Fort Worth,TX,76107,PD,MD,Y,Y,,Y
1787831873,HCP03190,,Prescriber1873,1973 Main St,Durham,NC,27705,P,NP,Y,Y,,Y
1790476674,HCP03191,,Prescriber6674,6774 Main St,Houston,TX,77030,U,MD,Y,Y,,Y
1790537179,HCP03192,,Prescriber7179,7279 Main St,Metropolis,IL,62960,FM,MD,Y,Y,,Y
1791125024,Mary,L,Clarke,1107 S Main St,Reidsville,NC,27320,AI,MD,Y,Y,,Y
1791219545,Anna,M,Carroll,855 Sam Newell Rd Ste 206,Matthews,NC,28105,AI,NP,Y,Y,,Y
1791830689,HCP03193,,Prescriber0689,789 Main St,Kansas City,KS,66160,CD,PA,Y,Y,,Y
1792013108,HCP03194,,Prescriber3108,3208 Main St,Miami,FL,33136,FM,NP,Y,Y,,Y
1793400838,Mindy,E,Williams,32145 Sedgefield Oval,Solon,OH,44139,P,MD,Y,Y,A,
1794432836,HCP03195,,Prescriber2836,2936 Main St,Houston,TX,77030,PED,DDS,Y,Y,,Y
1794433596,HCP03196,,Prescriber3596,3696 Main St,Charleston,SC,29425,FM,NP,Y,Y,,Y
1796519179,HCP03197,,Prescriber9179,279 Main St,Newark,OH,43055,GP,NP,Y,Y,,Y
1796714618,HCP03198,,Prescriber4618,4718 Main St,Houston,TX,77030,FM,NP,Y,Y,,Y
1796950474,Amy,,Long,8200 SW 117th Ave Ste 402,Miami,FL,33183,FM,NP,Y,Y,,Y
1797259693,HCP03199,,Prescriber9693,793 Main St,Burlington,NC,27215,P,PA,Y,Y,,Y
1798610729,HCP03200,,Prescriber0729,829 Main St,Columbus,OH,43213,PD,MD,Y,Y,,Y
1799683886,David,M,Kramer,911 Worth St,Mount Airy,NC,27030,AI,MD,Y,Y,,Y
1800854452,HCP03201,,Prescriber4452,4552 Main St,Brooklyn,NY,11206,CHP,MD,Y,Y,,Y
1801897191,HCP03202,,Prescriber7191,7291 Main St,Houston,TX,77030,ORS,MD,Y,Y,,Y
1802048087,HCP03203,,Prescriber8087,8187 Main St,Pleasant View,TN,37146,FM,NP,Y,Y,,Y
1802712062,HCP03204,,Prescriber2062,2162 Main St,Pineville,NC,28134,GER,NP,Y,Y,,Y
1802835757,HCP03205,,Prescriber5757,5857 Main St,Houston,TX,77030,OBG,MD,Y,Y,,Y
1802894488,HCP03206,,Prescriber4488,4588 Main St,Houston,TX,77030,FM,NP,Y,Y,,Y
1803195878,HCP03207,,Prescriber5878,5978 Main St,Scranton,PA,18519,PD,MD,Y,Y,,Y
1804976381,HCP03208,,Prescriber6381,6481 Main St,Coeur d'Alene,ID,83814,PD,MD,Y,Y,,Y
1805029779,HCP03209,,Prescriber9779,879 Main St,Charleston,SC,29425,HO,NP,Y,Y,,Y
1805098180,HCP03210,,Prescriber8180,8280 Main St,Kansas City,KS,66160,PHO,MD,Y,Y,,Y
1805099735,HCP03211,,Prescriber9735,835 Main St,Richmond,VA,23298,FM,NP,Y,Y,,Y
1805780456,HCP03212,,Prescriber0456,556 Main St,Daytona Beach,FL,32119,P,MD,Y,Y,,Y
1806322574,HCP03213,,Prescriber2574,2674 Main St,Lafayette,LA,70508,FM,MD,Y,Y,,Y
1806746013,HCP03214,,Prescriber6013,6113 Main St,Conroe,TX,77304,GP,DO,Y,Y,,Y
1806778934,Patricia,H,Adams,2520 Bert Kouns Industrial Loop Ste 105,Shreveport,LA,71118,PD,NP,Y,Y,,Y
1807132017,HCP03215,,Prescriber2017,2117 Main St,Nashville,TN,37228,P,NP,Y,Y,,Y
1808048984,HCP03216,,Prescriber8984,9084 Main St,Jacksonville,NC,28546,FM,MD,Y,Y,,Y
1808113832,HCP03217,,Prescriber3832,3932 Main St,New Orleans,LA,70119,P,NP,Y,Y,,Y
1808157425,HCP03218,,Prescriber7425,7525 Main St,Summerville,SC,29483,FM,MD,Y,Y,,Y
1808176213,HCP03219,,Prescriber6213,6313 Main St,Kansas City,KS,66160,P,MD,Y,Y,,Y
1808450339,HCP03220,,Prescriber0339,439 Main St,Austin,TX,78731,FM,DO,Y,Y,,Y
1809072887,HCP03221,,Prescriber2887,2987 Main St,Hickory,NC,28601,PD,NP,Y,Y,,Y
1809678773,HCP03222,,Prescriber8773,8873 Main St,Nashville,TN,37205,PD,MD,Y,Y,,Y
1809727033,Zachary,M,Bradley,256 Columbia Tpke Ste 209,Elizabeth,NJ,07206,P,MD,Y,Y,B,
1810285179,HCP03223,,Prescriber5179,5279 Main St,Paincourtville,LA,70391,PD,NP,Y,Y,,Y
1811045281,HCP03224,,Prescriber5281,5381 Main St,Hickory,NC,28601,N,NP,Y,Y,,Y
1811407867,HCP03225,,Prescriber7867,7967 Main St,Seattle,WA,98107,FM,MD,Y,Y,,Y
1812084879,HCP03226,,Prescriber4879,4979 Main St,Houston,TX,77030,FM,DO,Y,Y,,Y
1812434731,HCP03227,,Prescriber4731,4831 Main St,Columbia,SC,29204,D,MD,Y,Y,,Y
1813158568,HCP03228,,Prescriber8568,8668 Main St,Houston,TX,77030,RHU,PA,Y,Y,,Y
1813818819,Danielle,A,Myers,115 W Clay St,Sylacauga,AL,35150,PD,MD,Y,Y,,Y
1814490516,Ricardo,M,Buchanan,1667 E Landis Ave,West Deptford,NJ,08096,P,NP,Y,Y,A,
1815075543,HCP03229,,Prescriber5543,5643 Main St,New York,NY,10016,PD,MD,Y,Y,,Y
1815079753,HCP03230,,Prescriber9753,853 Main St,Phoenix,AZ,85016,NAT,ND,Y,Y,,Y
1815799707,HCP03231,,Prescriber9707,807 Main St,Irvine,CA,92618,ADM,MD,Y,Y,,Y
1816519862,HCP03232,,Prescriber9862,962 Main St,Kansas City,KS,66160,FM,NP,Y,Y,,Y
1816858902,HCP03233,,Prescriber8902,9002 Main St,Durham,NC,27705,IMG,DO,Y,Y,,Y
1816926180,HCP03234,,Prescriber6180,6280 Main St,Atlanta,GA,30322,FM,NP,Y,Y,,Y
1817149916,HCP03235,,Prescriber9916,1016 Main St,Kodiak,AK,99615,FM,MD,Y,Y,,Y
1817749862,HCP03236,,Prescriber9862,962 Main St,Orlando,FL,32803,P,NP,Y,Y,,Y
1817796101,HCP03237,,Prescriber6101,6201 Main St,Lawrenceville,GA,30046,FM,MD,Y,Y,,Y
1817808336,HCP03238,,Prescriber8336,8436 Main St,Saint Louis,MO,63110,GS,PA,Y,Y,,Y
1818477323,HCP03239,,Prescriber7323,7423 Main St,Dunn,NC,28334,PD,PA,Y,Y,,Y
1818991717,HCP03240,,Prescriber1717,1817 Main St,Houston,TX,77030,NEP,NP,Y,Y,,Y
1819204827,HCP03241,,Prescriber4827,4927 Main St,North Liberty,IA,52317,FM,NP,Y,Y,,Y
1819446911,HCP03242,,Prescriber6911,7011 Main St,Houston,TX,77030,OPT,OD,Y,Y,,Y
1820731498,HCP03243,,Prescriber1498,1598 Main St,Olathe,KS,66062,P,NP,Y,Y,,Y
1821281702,HCP03244,,Prescriber1702,1802 Main St,Omaha,NE,68144,P,NP,Y,Y,,Y
1822264369,HCP03245,,Prescriber4369,4469 Main St,Vidalia,GA,30474,IM,MD,Y,Y,,Y
1822699444,HCP03246,,Prescriber9444,544 Main St,Pataskala,OH,43062,PD,NP,Y,Y,,Y
1822745966,HCP03247,,Prescriber5966,6066 Main St,Houston,TX,77030,RHU,PA,Y,Y,,Y
1823440622,HCP03248,,Prescriber0622,722 Main St,Grand Rapids,MI,49546,P,MD,Y,Y,,Y
1823841379,Ruth,,Martinez,888 Tara Blvd,Baton Rouge,LA,70806,,,Y,Y,,
1824160764,HCP03249,,Prescriber0764,864 Main St,Houston,TX,77030,OTO,MD,Y,Y,,Y
1824203293,Dr.,,Donna Guerrero,9137 Chamberlayne Rd Ste 107,Mechanicsville,VA,23116,P,PA,Y,Y,A,
1824265324,HCP03250,,Prescriber5324,5424 Main St,Chicago,IL,60612,FM,NP,Y,Y,,Y
1824796376,HCP03251,,Prescriber6376,6476 Main St,Charlotte,NC,28214,FM,MD,Y,Y,,Y
1825128682,HCP03252,,Prescriber8682,8782 Main St,Houston,TX,77030,CCM,NP,Y,Y,,Y
1825346366,HCP03253,,Prescriber6366,6466 Main St,Wilkes Barre,PA,18702,CHP,NP,Y,Y,,Y
1825565666,HCP03254,,Prescriber5666,5766 Main St,Pompano Beach,FL,33064,P,NP,Y,Y,,Y
1826453919,HCP03255,,Prescriber3919,4019 Main St,Oklahoma City,OK,73102,GP,DO,Y,Y,,Y
1826689667,HCP03256,,Prescriber9667,767 Main St,Houston,TX,77030,UCM,MD,Y,Y,,Y
1827433652,HCP03257,,Prescriber3652,3752 Main St,Overland Park,KS,66214,FM,DO,Y,Y,,Y
1827614132,Carl,,Robertson,9579 8th Bay St,Norfolk,VA,23518,GP,PA,Y,Y,B,
1827775128,Maria,,Parrish,1640 Powers Ferry Rd SE Bldg 9-100,Marietta,GA,30067,P,MD,Y,Y,C,
1827918782,HCP03258,,Prescriber8782,8882 Main St,Mooresville,NC,28117,FM,NP,Y,Y,,Y
1828185681,HCP03259,,Prescriber5681,5781 Main St,Houston,TX,77025,PD,MD,Y,Y,,Y
1828629581,HCP03260,,Prescriber9581,681 Main St,Houston,TX,77030,EM,MD,Y,Y,,Y
1828660575,HCP03261,,Prescriber0575,675 Main St,Saint Louis,MO,63110,FM,NP,Y,Y,,Y
1828778326,HCP03262,,Prescriber8326,8426 Main St,Houston,TX,77030,GP,PA,Y,Y,,Y
1828943828,HCP03263,,Prescriber3828,3928 Main St,Crofton,MD,21114,FM,MD,Y,Y,,Y
1829712278,HCP03264,,Prescriber2278,2378 Main St,Asheville,NC,28805,UCM,MD,Y,Y,,Y
1829799908,HCP03265,,Prescriber9908,1008 Main St,Austell,GA,30106,IM,MD,Y,Y,,Y
1829830195,HCP03266,,Prescriber0195,295 Main St,Dearborn,MI,48126,FM,NP,Y,Y,,Y
1829907990,HCP03267,,Prescriber7990,8090 Main St,Houston,TX,77030,ON,PA,Y,Y,,Y
1829993212,Robert,N,Sutton,3489 E Baseline Rd,Gilbert,AZ,85234,P,NP,Y,Y,B,
1830540493,HCP03268,,Prescriber0493,593 Main St,New York,NY,10013,P,NP,Y,Y,,Y
1831195358,Bruce,D,Burnett,654 E Jersey St,Elizabeth,NJ,07206,IM,NP,Y,Y,B,
1831731693,HCP03269,,Prescriber1693,1793 Main St,New York,NY,10016,GS,MD,Y,Y,,Y
1832540168,HCP03270,,Prescriber0168,268 Main St,Houston,TX,77030,FM,MD,Y,Y,,Y
1833853202,HCP03271,,Prescriber3202,3302 Main St,Houston,TX,77030,PER,DMD,Y,Y,,Y
1835234130,HCP03272,,Prescriber4130,4230 Main St,Atlanta,GA,30322,PUD,MD,Y,Y,,Y
1835339762,HCP03273,,Prescriber9762,862 Main St,Jackson,MS,39211,P,NP,Y,Y,,Y
1835597741,HCP03274,,Prescriber7741,7841 Main St,Houston,TX,77030,FM,MD,Y,Y,,Y
1836157252,HCP03275,,Prescriber7252,7352 Main St,Houston,TX,77030,PD,MD,Y,Y,,Y
1836538300,HCP03276,,Prescriber8300,8400 Main St,Miami,FL,33146,P,MD,Y,Y,,Y
1837042592,HCP03277,,Prescriber2592,2692 Main St,Springfield,MO,65807,NEP,MD,Y,Y,,Y
1837044984,HCP03278,,Prescriber4984,5084 Main St,New Orleans,LA,70114,CHP,MD,Y,Y,,Y
1837859293,HCP03279,,Prescriber9293,393 Main St,Winter Park,FL,32789,FM,MD,Y,Y,,Y
1838252143,Allison,D,Blevins,5000 Ambassador Caffery Pkwy,Lafayette,LA,70508,PD,MD,Y,Y,A,
1838395790,HCP03280,,Prescriber5790,5890 Main St,Houston,TX,77030,P,NP,Y,Y,,Y
1839271665,HCP03281,,Prescriber1665,1765 Main St,Staten Island,NY,10314,P,NP,Y,Y,,Y
1839899777,HCP03282,,Prescriber9777,877 Main St,Denton,TX,76201,OBG,MD,Y,Y,,Y
1839914955,HCP03283,,Prescriber4955,5055 Main St,Houston,TX,77030,PD,MD,Y,Y,,Y
1840383417,Whitney,J,Key,2304 Delaney Ave,Wilmington,NC,28403,LM,MD,Y,Y,,Y
1840916428,HCP03284,,Prescriber6428,6528 Main St,Kansas City,KS,66160,PHT,PT,Y,Y,,Y
1841812693,HCP03285,,Prescriber2693,2793 Main St,Houston,TX,77030,UCM,MD,Y,Y,,Y
1842004301,HCP03286,,Prescriber4301,4401 Main St,Milwaukee,WI,53226,PD,MD,Y,Y,,Y
1842628053,HCP03287,,Prescriber8053,8153 Main St,Morehead City,NC,28557,GYN,NP,Y,Y,,Y
1843075139,HCP03288,,Prescriber5139,5239 Main St,Miami,FL,33136,IM,MD,Y,Y,,Y
1843184769,HCP03289,,Prescriber4769,4869 Main St,Florence,MS,39073,FM,NP,Y,Y,,Y
1843499320,HCP03290,,Prescriber9320,420 Main St,Atlanta,GA,30324,CHP,MD,Y,Y,,Y
1845205289,HCP03291,,Prescriber5289,5389 Main St,American Fork,UT,84003,US,NP,Y,Y,,Y
1845655854,HCP03292,,Prescriber5854,5954 Main St,Atlanta,GA,30322,POD,DPM,Y,Y,,Y
1846506796,HCP03293,,Prescriber6796,6896 Main St,Chicago,IL,60612,CD,MD,Y,Y,,Y
1846758110,HCP03294,,Prescriber8110,8210 Main St,Houston,TX,77030,PPR,MD,Y,Y,,Y
1847175318,Amanda,M,Anderson,9795 E 116th St,Fishers,IN,46037,PD,MD,Y,Y,C,
1848079980,HCP03295,,Prescriber9980,1080 Main St,Doylestown,PA,18901,FM,NP,Y,Y,,Y
1848812104,HCP03296,,Prescriber2104,2204 Main St,Charleston,SC,29425,IM,MD,Y,Y,,Y
1849261551,HCP03297,,Prescriber1551,1651 Main St,Houston,TX,77030,GP,NP,Y,Y,,Y
1849820153,HCP03298,,Prescriber0153,253 Main St,Houston,TX,77030,FM,MD,Y,Y,,Y
1849840934,HCP03299,,Prescriber0934,1034 Main St,Portland,OR,97223,P,NP,Y,Y,,Y
1850823674,Daniel,M,Scott,1801 SE 32nd Ave,Ocala,FL,34471,FM,NP,Y,Y,,Y
1850899654,HCP03300,,Prescriber9654,754 Main St,Cincinnati,OH,45208,PD,MD,Y,Y,,Y
1852553798,HCP03301,,Prescriber3798,3898 Main St,Indianapolis,IN,46203,FM,NP,Y,Y,,Y
1853138967,Karen,J,Carlson,2327 70th St,Urbandale,IA,50322,P,DO,Y,Y,C,
1853460535,HCP03302,,Prescriber0535,635 Main St,Houston,TX,77030,PUD,MD,Y,Y,,Y
1853463252,HCP03303,,Prescriber3252,3352 Main St,Houston,TX,77030,FM,MD,Y,Y,,Y
1853559989,HCP03304,,Prescriber9989,1089 Main St,Houston,TX,77030,IM,MD,Y,Y,,Y
1855108507,HCP03305,,Prescriber8507,8607 Main St,Brecksville,OH,44141,P,NP,Y,Y,,Y
1856503686,HCP03306,,Prescriber3686,3786 Main St,Houston,TX,77030,ID,MD,Y,Y,,Y
1856793702,HCP03307,,Prescriber3702,3802 Main St,Cleveland,OH,44195,FM,RN,Y,Y,,Y
1857606446,HCP03308,,Prescriber6446,6546 Main St,Houston,TX,77030,IM,MD,Y,Y,,Y
1858151748,HCP03309,,Prescriber1748,1848 Main St,Houston,TX,77030,POD,DPM,Y,Y,,Y
1858298924,HCP03310,,Prescriber8924,9024 Main St,Santa Ana,CA,92705,P,PA,Y,Y,,Y
1858394425,HCP03311,,Prescriber4425,4525 Main St,Houston,TX,77030,FM,MD,Y,Y,,Y
1858623295,HCP03312,,Prescriber3295,3395 Main St,Maitland,FL,32751,PDE,MD,Y,Y,,Y
1858749035,Michael,B,Cole,5860 Ranch Lake Blvd Ste 200,Bradenton,FL,34202,FM,MD,Y,Y,B,
1858917715,HCP03313,,Prescriber7715,7815 Main St,Houston,TX,77030,PD,MD,Y,Y,,Y
1859323493,HCP03314,,Prescriber3493,3593 Main St,Houston,TX,77030,AI,NP,Y,Y,,Y
1859352019,HCP03315,,Prescriber2019,2119 Main St,Fort Knox,KY,40121,P,NP,Y,Y,,Y
1860849006,HCP03316,,Prescriber9006,106 Main St,Louisville,KY,40202,FM,PA,Y,Y,,Y
1860922503,HCP03317,,Prescriber2503,2603 Main St,Aurora,IL,60504,FM,MD,Y,Y,,Y
1861361770,HCP03318,,Prescriber1770,1870 Main St,Wayne,PA,19087,FM,MD,Y,Y,,Y
1861452862,HCP03319,,Prescriber2862,2962 Main St,Cameron,NC,28326,PD,PA,Y,Y,,Y
1861577438,HCP03320,,Prescriber7438,7538 Main St,Houston,TX,77030,GE,PA,Y,Y,,Y
1862019048,HCP03321,,Prescriber9048,148 Main St,New York,NY,10016,GP,RN,Y,Y,,Y
1862075800,HCP03322,,Prescriber5800,5900 Main St,American Fork,UT,84003,FM,DO,Y,Y,,Y
1862317108,David,,Curry,5440 S Williamson Blvd,Ormond Beach,FL,32174,PD,MD,Y,Y,B,Y
1862821185,HCP03323,,Prescriber1185,1285 Main St,Houston,TX,77030,P,MD,Y,Y,,Y
1862946387,HCP03324,,Prescriber6387,6487 Main St,Tampa,FL,33625,FM,MD,Y,Y,,Y
1863022050,Mary,E,Gates,245 Joule St,Alcoa,TN,37701,PD,DO,Y,Y,C,
1863144639,HCP03325,,Prescriber4639,4739 Main St,Houston,TX,77030,OBG,MD,Y,Y,,Y
1863413622,Mr.,E,Jeffrey Parker,106 Shoppers Way Ste 115,Brunswick,GA,31525,P,MD,Y,Y,C,
1863596739,HCP03326,,Prescriber6739,6839 Main St,Brusly,LA,70719,FM,NP,Y,Y,,Y
1863857148,HCP03327,,Prescriber7148,7248 Main St,Houston,TX,77030,GP,NP,Y,Y,,Y
1864348337,Alexandria,S,Burnett,5301 Davis Ln Ste 200A,Austin,TX,78749,CHN,MD,Y,Y,A,
1865277872,HCP03328,,Prescriber7872,7972 Main St,Winston-Salem,NC,27103,P,PA,Y,Y,,Y
1865936807,HCP03329,,Prescriber6807,6907 Main St,Houston,TX,77030,DEN,DDS,Y,Y,,Y
1866204069,HCP03330,,Prescriber4069,4169 Main St,Jeffersonville,IN,47130,P,NP,Y,Y,,Y
1866850592,HCP03331,,Prescriber0592,692 Main St,Houston,TX,77030,PD,MD,Y,Y,,Y
1866980948,Hector,,Jones,4117 Browns Ln,Louisville,KY,40220,PD,MD,Y,Y,,Y
1867802654,HCP03332,,Prescriber2654,2754 Main St,Morgantown,WV,26506,GP,PA,Y,Y,,Y
1868201877,HCP03333,,Prescriber1877,1977 Main St,Rochester,NY,14642,PD,NP,Y,Y,,Y
1868966406,HCP03334,,Prescriber6406,6506 Main St,Amityville,NY,11701,P,NP,Y,Y,,Y
1870261141,HCP03335,,Prescriber1141,1241 Main St,Tucson,AZ,85713,P,DO,Y,Y,,Y
1871220394,HCP03336,,Prescriber0394,494 Main St,Indianapolis,IN,46219,IM,DO,Y,Y,,Y
1872162119,HCP03337,,Prescriber2119,2219 Main St,Miami,FL,33136,FM,MD,Y,Y,,Y
1872635832,HCP03338,,Prescriber5832,5932 Main St,Phoenix,MD,21131,FM,MD,Y,Y,,Y
1872835456,HCP03339,,Prescriber5456,5556 Main St,Lake Charles,LA,70601,PDP,MD,Y,Y,,Y
1872894763,HCP03340,,Prescriber4763,4863 Main St,Midlothian,VA,23112,PD,MD,Y,Y,,Y
1873831939,HCP03341,,Prescriber1939,2039 Main St,Dallas,TX,75231,P,MD,Y,Y,,Y
1874080123,HCP03342,,Prescriber0123,223 Main St,Miami,FL,33136,PD,DO,Y,Y,,Y
1874203981,HCP03343,,Prescriber3981,4081 Main St,Paducah,KY,42001,PD,MD,Y,Y,,Y
1874336265,HCP03344,,Prescriber6265,6365 Main St,Houston,TX,77030,GS,MD,Y,Y,,Y
1875258869,HCP03345,,Prescriber8869,8969 Main St,Richmond,VA,23226,CHN,MD,Y,Y,,Y
1875380174,HCP03346,,Prescriber0174,274 Main St,Kennesaw,GA,30152,PD,MD,Y,Y,,Y
1876370569,Kyle,A,Baker,1777 Sentry Pkwy W,Ambler,PA,19002,P,NP,Y,Y,C,
1876875167,HCP03347,,Prescriber5167,5267 Main St,Miami,FL,33136,CCS,MD,Y,Y,,Y
1876882249,HCP03348,,Prescriber2249,2349 Main St,Houston,TX,77030,GS,PA,Y,Y,,Y
1877634627,HCP03349,,Prescriber4627,4727 Main St,Richmond,VA,23298,P,MD,Y,Y,,Y
1877818396,HCP03350,,Prescriber8396,8496 Main St,Durham,NC,27705,FM,MD,Y,Y,,Y
1878386636,HCP03351,,Prescriber6636,6736 Main St,Fishers,IN,46038,P,NP,Y,Y,,Y
1878397411,Scott,H,Wade,7777 Forest Ln Ste B300,Dallas,TX,75230,PD,MD,Y,Y,,Y
1879853787,HCP03352,,Prescriber3787,3887 Main St,Taylors,SC,29687,PD,MD,Y,Y,,Y
1880007506,HCP03353,,Prescriber7506,7606 Main St,Florence,AL,35630,FM,MD,Y,Y,,Y
1883190678,Destiny,T,Jordan,9925 Barker Cypress Rd Ste 200,Cypress,TX,77433,PD,MD,Y,Y,,Y
1883467720,HCP03354,,Prescriber7720,7820 Main St,Chicago,IL,60612,HOS,MD,Y,Y,,Y
1884965862,HCP03355,,Prescriber5862,5962 Main St,Houston,TX,77030,IM,RN,Y,Y,,Y
1886028861,HCP03356,,Prescriber8861,8961 Main St,Houston,TX,77030,IC,MD,Y,Y,,Y
1886235312,HCP03357,,Prescriber5312,5412 Main St,Houston,TX,77030,HO,PA,Y,Y,,Y
1887113882,HCP03358,,Prescriber3882,3982 Main St,Buford,GA,30518,PD,MD,Y,Y,,Y
1887358233,HCP03359,,Prescriber8233,8333 Main St,Houston,TX,77030,EM,NP,Y,Y,,Y
1887661392,HCP03360,,Prescriber1392,1492 Main St,Tillamook,OR,97141,IM,NP,Y,Y,,Y
1888727009,HCP03361,,Prescriber7009,7109 Main St,Wilmington,NC,28403,FM,DO,Y,Y,,Y
1889399115,HCP03362,,Prescriber9115,215 Main St,Birmingham,AL,35233,GP,RN,Y,Y,,Y
1889484391,HCP03363,,Prescriber4391,4491 Main St,Centreville,MS,39631,FM,NP,Y,Y,,Y
1889786253,HCP03364,,Prescriber6253,6353 Main St,Houston,TX,77030,EM,MD,Y,Y,,Y
1891347744,HCP03365,,Prescriber7744,7844 Main St,Atlanta,GA,30322,PTH,MD,Y,Y,,Y
1891563235,HCP03366,,Prescriber3235,3335 Main St,Houston,TX,77030,DR,MD,Y,Y,,Y
1892154834,HCP03367,,Prescriber4834,4934 Main St,Charleston,SC,29425,DEN,DMD,Y,Y,,Y
1892867772,HCP03368,,Prescriber7772,7872 Main St,Greensboro,NC,27408,PD,DO,Y,Y,,Y
1892987420,HCP03369,,Prescriber7420,7520 Main St,Houston,TX,77030,PTH,MD,Y,Y,,Y
1893115136,Michelle,A,Kim,1962 Cherokee Rd,Alexander City,AL,35010,PD,NP,Y,Y,,Y
1893186438,HCP03370,,Prescriber6438,6538 Main St,Houston,TX,77030,GP,PA,Y,Y,,Y
1893773589,HCP03371,,Prescriber3589,3689 Main St,Houston,TX,77030,OBG,DO,Y,Y,,Y
1894072313,HCP03372,,Prescriber2313,2413 Main St,Charleston,SC,29425,DEN,DMD,Y,Y,,Y
1894366744,HCP03373,,Prescriber6744,6844 Main St,Charleston,SC,29414,FM,MD,Y,Y,,Y
1894635884,HCP03374,,Prescriber5884,5984 Main St,Nashville,TN,37214,P,MD,Y,Y,,Y
1894653705,HCP03375,,Prescriber3705,3805 Main St,Philadelphia,PA,19104,AN,APRN,Y,Y,,Y
1895955336,Rick,M,Boyd,9049 Springboro Pike,Miamisburg,OH,45342,P,NP,Y,Y,A,
1896348212,HCP03376,,Prescriber8212,8312 Main St,Houston,TX,77030,GER,NP,Y,Y,,Y
1896559486,HCP03377,,Prescriber9486,586 Main St,Charleston,SC,29425,HO,MD,Y,Y,,Y
1896840257,HCP03378,,Prescriber0257,357 Main St,Henderson,NV,89074,P,NP,Y,Y,,Y
1898344585,HCP03379,,Prescriber4585,4685 Main St,Houston,TX,77030,PM,MD,Y,Y,,Y
1898390361,Jessica,A,Singh,8402 Harcourt Rd Ste 400,Indianapolis,IN,46260,P,NP,Y,Y,A,
1898738889,HCP03380,,Prescriber8889,8989 Main St,Miami,FL,33136,HOS,MD,Y,Y,,Y
1899051994,HCP03381,,Prescriber1994,2094 Main St,Chicago,IL,60612,IM,MD,Y,Y,,Y
1900112572,HCP03382,,Prescriber2572,2672 Main St,Pomona,CA,91767,PD,PA,Y,Y,,Y
1900191961,HCP03383,,Prescriber1961,2061 Main St,Houston,TX,77030,EM,NP,Y,Y,,Y
1901288478,HCP03384,,Prescriber8478,8578 Main St,Houston,TX,77030,EM,MD,Y,Y,,Y
1901846805,HCP03385,,Prescriber6805,6905 Main St,Miami,FL,33136,FM,NP,Y,Y,,Y
1901968125,HCP03386,,Prescriber8125,8225 Main St,Houston,TX,77030,IM,MD,Y,Y,,Y
1902369141,HCP03387,,Prescriber9141,241 Main St,Houston,TX,77030,GP,NP,Y,Y,,Y
1903104215,HCP03388,,Prescriber4215,4315 Main St,Atlanta,GA,30322,FM,NP,Y,Y,,Y
1903334765,HCP03389,,Prescriber4765,4865 Main St,Houston,TX,77030,EM,MD,Y,Y,,Y
1903953365,HCP03390,,Prescriber3365,3465 Main St,Houston,TX,77030,PTH,MD,Y,Y,,Y
1904143525,HCP03391,,Prescriber3525,3625 Main St,Houston,TX,77030,CHP,MD,Y,Y,,Y
1904148017,Terry,E,Small,10115 Forest Hill Blvd Ste 403,West Palm Bch,FL,33414,AI,MD,N,Y,,Y
1904264587,HCP03392,,Prescriber4587,4687 Main St,Grandview,WA,98930,IM,DO,Y,Y,,Y
1904529229,HCP03393,,Prescriber9229,329 Main St,Richmond,VA,23226,P,NP,Y,Y,,Y
1904662475,HCP03394,,Prescriber2475,2575 Main St,Mesa,AZ,85206,GP,NP,Y,Y,,Y
1905961731,HCP03395,,Prescriber1731,1831 Main St,Houston,TX,77030,GE,MD,Y,Y,,Y
1905997820,HCP03396,,Prescriber7820,7920 Main St,Orange,CA,92868,PD,MD,Y,Y,,Y
1906431808,HCP03397,,Prescriber1808,1908 Main St,Houston,TX,77030,GP,PA,Y,Y,,Y
1906483464,HCP03398,,Prescriber3464,3564 Main St,Great Neck,NY,11021,OBG,MD,Y,Y,,Y
1906598885,HCP03399,,Prescriber8885,8985 Main St,Atlanta,GA,30322,HOS,MD,Y,Y,,Y
1906634483,HCP03400,,Prescriber4483,4583 Main St,Manhasset,NY,11030,GP,MD,Y,Y,,Y
1907266538,HCP03401,,Prescriber6538,6638 Main St,Chicago,IL,60612,PD,NP,Y,Y,,Y
1907830089,HCP03402,,Prescriber0089,189 Main St,Baton Rouge,LA,70808,IM,MD,Y,Y,,Y
1907969687,HCP03403,,Prescriber9687,787 Main St,Maryville,TN,37801,CHP,NP,Y,Y,,Y
1908822844,HCP03404,,Prescriber2844,2944 Main St,Shippensburg,PA,17257,FM,DO,Y,Y,,Y
1910162527,HCP03405,,Prescriber2527,2627 Main St,Truckee,CA,96161,P,NP,Y,Y,,Y
1910361341,HCP03406,,Prescriber1341,1441 Main St,Greenville,SC,29617,PD,MD,Y,Y,,Y
1910911400,HCP03407,,Prescriber1400,1500 Main St,Houston,TX,77030,OBS,MD,Y,Y,,Y
1911690325,HCP03408,,Prescriber0325,425 Main St,Houston,TX,77030,EM,MD,Y,Y,,Y
1913238737,HCP03409,,Prescriber8737,8837 Main St,New Orleans,LA,70112,IM,MD,Y,Y,,Y
1913389479,HCP03410,,Prescriber9479,579 Main St,Houston,TX,77030,IM,MD,Y,Y,,Y
1913538547,HCP03411,,Prescriber8547,8647 Main St,Houston,TX,77030,GP,PA,Y,Y,,Y
1913539267,HCP03412,,Prescriber9267,367 Main St,Chicago,IL,60612,FM,DO,Y,Y,,Y
1914265454,HCP03413,,Prescriber5454,5554 Main St,Dallas,TX,75220,FM,MD,Y,Y,,Y
1915048834,HCP03414,,Prescriber8834,8934 Main St,Houston,TX,77030,EM,MD,Y,Y,,Y
1918249281,HCP03415,,Prescriber9281,381 Main St,Houston,TX,77030,OCT,OT,Y,Y,,Y
1918695244,HCP03416,,Prescriber5244,5344 Main St,Cypress,TX,77429,IM,MD,Y,Y,,Y
1918861174,HCP03417,,Prescriber1174,1274 Main St,Mesa,AZ,85205,FM,NP,Y,Y,,Y
1919503871,HCP03418,,Prescriber3871,3971 Main St,Columbus,OH,43210,P,MD,Y,Y,,Y
1919532208,Paul,A,Crawford PhD,5495 N Bend Rd,Dayton,OH,45420,PD,MD,Y,Y,B,
1921416702,HCP03419,,Prescriber6702,6802 Main St,Houston,TX,77030,PD,MD,Y,Y,,Y
1921451264,HCP03420,,Prescriber1264,1364 Main St,Seattle,WA,98109,P,NP,Y,Y,,Y
1921550721,HCP03421,,Prescriber0721,821 Main St,Big Rapids,MI,49307,PD,NP,Y,Y,,Y
1921885099,HCP03422,,Prescriber5099,5199 Main St,Houston,TX,77030,D,MD,Y,Y,,Y
1922088188,HCP03423,,Prescriber8188,8288 Main St,Houston,TX,77056,P,MD,Y,Y,,Y
1922227267,HCP03424,,Prescriber7267,7367 Main St,San Antonio,TX,78249,P,MD,Y,Y,,Y
1922639681,HCP03425,,Prescriber9681,781 Main St,Ocala,FL,34474,P,NP,Y,Y,,Y
1922826907,HCP03426,,Prescriber6907,7007 Main St,Leavenworth,KS,66048,P,NP,Y,Y,,Y
1923636021,HCP03427,,Prescriber6021,6121 Main St,Chicago,IL,60649,P,NP,Y,Y,,Y
1924678703,HCP03428,,Prescriber8703,8803 Main St,Cleveland,OH,44195,GP,PA,Y,Y,,Y
1925046929,Allison,L,Harris,501 S Pine St,Deridder,LA,70634,PD,NP,Y,Y,,Y
1925129112,HCP03429,,Prescriber9112,212 Main St,Houston,TX,77030,GER,NP,Y,Y,,Y
1925433821,HCP03430,,Prescriber3821,3921 Main St,Grand Blanc,MI,48439,FM,NP,Y,Y,,Y
1925612477,Samuel,I,Hayes,3713 University Dr Ste B,Durham,NC,27707,CHP,NP,Y,Y,B,
1925619667,HCP03431,,Prescriber9667,767 Main St,Iowa City,IA,52242,PHP,MD,Y,Y,,Y
1925704599,HCP03432,,Prescriber4599,4699 Main St,Marysville,OH,43040,IM,MD,Y,Y,,Y
1926684326,HCP03433,,Prescriber4326,4426 Main St,Houston,TX,77030,IM,MD,Y,Y,,Y
1927072939,HCP03434,,Prescriber2939,3039 Main St,New York,NY,10065,P,MD,Y,Y,,Y
1927128794,HCP03435,,Prescriber8794,8894 Main St,Houston,TX,77030,FM,NP,Y,Y,,Y
1927491274,HCP03436,,Prescriber1274,1374 Main St,Greer,SC,29650,PD,DO,Y,Y,,Y
1928353511,HCP03437,,Prescriber3511,3611 Main St,Skokie,IL,60077,PD,MD,Y,Y,,Y
1928862564,HCP03438,,Prescriber2564,2664 Main St,Phoenix,AZ,85016,PHM,PHAR,Y,Y,,Y
1930915351,Jennifer,E,Brandt,189 Jefferson Pkwy,Newnan,GA,30263,PD,MD,Y,Y,,Y
1930973837,HCP03439,,Prescriber3837,3937 Main St,Crofton,MD,21114,PD,DO,Y,Y,,Y
1931043318,HCP03440,,Prescriber3318,3418 Main St,Saint Louis,MO,63110,FM,NP,Y,Y,,Y
1931334556,HCP03441,,Prescriber4556,4656 Main St,Lincoln,NE,68521,GP,PA,Y,Y,,Y
1931500468,HCP03442,,Prescriber0468,568 Main St,Spartanburg,SC,29302,IM,MD,Y,Y,,Y
1931907059,David,E,Weaver,713 S Memorial Dr,New Castle,IN,47362,AI,DO,Y,Y,,Y
1932384644,HCP03443,,Prescriber4644,4744 Main St,Houston,TX,77024,FM,MD,Y,Y,,Y
1932959076,James,D,Hull,9049 Springboro Pike,Miamisburg,OH,45342,P,NP,Y,Y,A,
1933094775,HCP03444,,Prescriber4775,4875 Main St,Lafayette,LA,70508,IM,MD,Y,Y,,Y
1934692069,HCP03445,,Prescriber2069,2169 Main St,Nashville,TN,37228,P,NP,Y,Y,,Y
1934931351,HCP03446,,Prescriber1351,1451 Main St,Miami,FL,33186,P,NP,Y,Y,,Y
1936417017,HCP03447,,Prescriber7017,7117 Main St,Wichita,KS,67208,FM,DO,Y,Y,,Y
1936896944,HCP03448,,Prescriber6944,7044 Main St,Plainview,NY,11803,PD,MD,Y,Y,,Y
1937007089,HCP03449,,Prescriber7089,7189 Main St,Miamisburg,OH,45342,P,NP,Y,Y,,Y
1937290866,HCP03450,,Prescriber0866,966 Main St,Southlake,TX,76092,P,MD,Y,Y,,Y
1937764626,Jason,J,Atkins,299 Cramer Creek Ct,Dublin,OH,43017,P,NP,Y,Y,C,
1938167441,HCP03451,,Prescriber7441,7541 Main St,Ann Arbor,MI,48109,OBG,DO,Y,Y,,Y
1938782569,HCP03452,,Prescriber2569,2669 Main St,Houston,TX,77030,GS,MD,Y,Y,,Y
1938812564,HCP03453,,Prescriber2564,2664 Main St,Mansfield,TX,76063,PD,DO,Y,Y,,Y
1938971555,HCP03454,,Prescriber1555,1655 Main St,Birmingham,AL,35242,IM,NP,Y,Y,,Y
1939508020,HCP03455,,Prescriber8020,8120 Main St,Houston,TX,77030,PD,MD,Y,Y,,Y
1939838110,HCP03456,,Prescriber8110,8210 Main St,Orlando,FL,32837,PD,MD,Y,Y,,Y
1940007408,Jacob,S,Jefferson,12720 Hillcrest Rd Ste 905,Dallas,TX,75230,P,MD,Y,Y,A,
1940349681,HCP03457,,Prescriber9681,781 Main St,Richmond,VA,23298,EM,MD,Y,Y,,Y
1940419114,HCP03458,,Prescriber9114,214 Main St,Houston,TX,77030,PD,MD,Y,Y,,Y
1940986595,HCP03459,,Prescriber6595,6695 Main St,Houston,TX,77030,PD,MD,Y,Y,,Y
1941416484,HCP03460,,Prescriber6484,6584 Main St,Houston,TX,77030,CD,DO,Y,Y,,Y
1942017294,HCP03461,,Prescriber7294,7394 Main St,Houston,TX,77030,FM,NP,Y,Y,,Y
1942579784,HCP03462,,Prescriber9784,884 Main St,Houston,TX,77030,GP,RN,Y,Y,,Y
1942647925,HCP03463,,Prescriber7925,8025 Main St,New York,NY,10016,DEN,DDS,Y,Y,,Y
1942891791,HCP03464,,Prescriber1791,1891 Main St,Overland Park,KS,66214,FM,MD,Y,Y,,Y
1942921748,Heather,B,Le,128 Fort Washington Ave Apt 1J,New York,NY,10032,PD,MD,Y,Y,,
1942985389,Nicholas,U,Johnson,1815 Meredith Ln,Plymouth Meeting,PA,19462,P,NP,Y,Y,B,
1943447126,HCP03465,,Prescriber7126,7226 Main St,Port Richey,FL,34668,IM,DO,Y,Y,,Y
1945230793,HCP03466,,Prescriber0793,893 Main St,Amityville,NY,11701,P,NP,Y,Y,,Y
1945750335,Megan,E,Brooks,1110 E Missouri Ave Ste 360,Gilbert,AZ,85295,P,PA,Y,Y,B,
1946455368,HCP03467,,Prescriber5368,5468 Main St,Houston,TX,77030,PLM,MD,Y,Y,,Y
1946588392,HCP03468,,Prescriber8392,8492 Main St,Oswego,IL,60543,P,NP,Y,Y,,Y
1946801593,HCP03469,,Prescriber1593,1693 Main St,Houston,TX,77030,PD,RN,Y,Y,,Y
1946881157,HCP03470,,Prescriber1157,1257 Main St,Ville Platte,LA,70586,GP,PA,Y,Y,,Y
1946992685,HCP03471,,Prescriber2685,2785 Main St,Matthews,NC,28105,PD,MD,Y,Y,,Y
1947656636,HCP03472,,Prescriber6636,6736 Main St,Hailey,ID,83333,FM,MD,Y,Y,,Y
1949908171,HCP03473,,Prescriber8171,8271 Main St,State College,PA,16801,P,MD,Y,Y,,Y
1949922063,HCP03474,,Prescriber2063,2163 Main St,Miami,FL,33155,CHN,MD,Y,Y,,Y
1950694014,HCP03475,,Prescriber4014,4114 Main St,New York,NY,10016,GP,PA,Y,Y,,Y
1950872604,HCP03476,,Prescriber2604,2704 Main St,Kansas City,MO,64108,GP,PA,Y,Y,,Y
1951436515,HCP03477,,Prescriber6515,6615 Main St,Lake Worth,FL,33462,PD,MD,Y,Y,,Y
1951782336,HCP03478,,Prescriber2336,2436 Main St,Saint Charles,MO,63304,FM,MD,Y,Y,,Y
1952340706,HCP03479,,Prescriber0706,806 Main St,Atlanta,GA,30338,PD,MD,Y,Y,,Y
1952555833,William,R,Carpenter,34225 N 27th Dr Ste 140,Phoenix,AZ,85085,P,NP,Y,Y,B,
1952775291,HCP03480,,Prescriber5291,5391 Main St,Birmingham,AL,35233,OPT,OD,Y,Y,,Y
1952814609,HCP03481,,Prescriber4609,4709 Main St,Hattiesburg,MS,39401,FM,DO,Y,Y,,Y
1953480796,HCP03482,,Prescriber0796,896 Main St,Atlanta,GA,30322,PUD,MD,Y,Y,,Y
1955433621,HCP03483,,Prescriber3621,3721 Main St,Houston,TX,77030,EM,MD,Y,Y,,Y
1956041948,HCP03484,,Prescriber1948,2048 Main St,Richmond,VA,23298,AN,MD,Y,Y,,Y
1956143726,HCP03485,,Prescriber3726,3826 Main St,Deerfield,IL,60015,FM,MD,Y,Y,,Y
1956549710,HCP03486,,Prescriber9710,810 Main St,Houston,TX,77030,FM,DO,Y,Y,,Y
1956943038,HCP03487,,Prescriber3038,3138 Main St,Durham,NC,27705,P,MD,Y,Y,,Y
1957768421,HCP03488,,Prescriber8421,8521 Main St,Houston,TX,77030,IM,MD,Y,Y,,Y
1957798751,HCP03489,,Prescriber8751,8851 Main St,Indianapolis,IN,46202,GP,PA,Y,Y,,Y
1959406163,Thomas,K,Smith,3312 N Oak Street Ext Bldg D,Valdosta,GA,31605,P,MD,Y,Y,C,
1959784458,HCP03490,,Prescriber4458,4558 Main St,Charleston,SC,29425,N,MD,Y,Y,,Y
1959935441,HCP03491,,Prescriber5441,5541 Main St,Houston,TX,77030,NPM,MD,Y,Y,,Y
1960008491,Donna,A,Howard,12430 Clark St,Avon,IN,46123,IM,MD,Y,Y,B,
1960997988,HCP03492,,Prescriber7988,8088 Main St,Richmond,VA,23298,PD,MD,Y,Y,,Y
1962469663,HCP03493,,Prescriber9663,763 Main St,Houston,TX,77030,POD,DPM,Y,Y,,Y
1962593487,HCP03494,,Prescriber3487,3587 Main St,Houston,TX,77030,SLP,SLPA,Y,Y,,Y
1962737196,HCP03495,,Prescriber7196,7296 Main St,Houston,TX,77030,US,HBP,Y,Y,,Y
1963014862,HCP03496,,Prescriber4862,4962 Main St,Houston,TX,77030,PD,MD,Y,Y,,Y
1964025647,HCP03497,,Prescriber5647,5747 Main St,Houston,TX,77030,PD,MD,Y,Y,,Y
1964034780,HCP03498,,Prescriber4780,4880 Main St,Miami,FL,33136,P,MD,Y,Y,,Y
1964106215,HCP03499,,Prescriber6215,6315 Main St,Houston,TX,77030,EM,MD,Y,Y,,Y
1965042193,HCP03500,,Prescriber2193,2293 Main St,Houston,TX,77030,DR,MD,Y,Y,,Y
1965887042,HCP03501,,Prescriber7042,7142 Main St,Atlanta,GA,30322,FM,MD,Y,Y,,Y
1965954682,HCP03502,,Prescriber4682,4782 Main St,Charlotte,NC,28211,P,MD,Y,Y,,Y
1966834729,HCP03503,,Prescriber4729,4829 Main St,Houston,TX,77030,PSC,PSY,Y,Y,,Y
1966865780,HCP03504,,Prescriber5780,5880 Main St,Houston,TX,77030,FM,NP,Y,Y,,Y
1966986980,HCP03505,,Prescriber6980,7080 Main St,Saint Simons Island,GA,31522,FM,MD,Y,Y,,Y
1967032577,HCP03506,,Prescriber2577,2677 Main St,Houston,TX,77090,P,MD,Y,Y,,Y
1967988213,HCP03507,,Prescriber8213,8313 Main St,Phoenix,AZ,85016,EM,RN,Y,Y,,Y
1968942896,James,T,Ortiz,4761 Felton St,San Diego,CA,92116,PD,DO,Y,Y,C,
1969009040,HCP03508,,Prescriber9040,140 Main St,Great Neck,NY,11021,PD,MD,Y,Y,,Y
1969480527,HCP03509,,Prescriber0527,627 Main St,Houston,TX,77030,TS,MD,Y,Y,,Y
1971583863,HCP03510,,Prescriber3863,3963 Main St,Houston,TX,77030,FM,NP,Y,Y,,Y
1972110234,Kenneth,,Wood,5001 Transportation Dr Ste 201,Sheffield Village,OH,44054,N,NP,Y,Y,A,
1972354243,HCP03511,,Prescriber4243,4343 Main St,Houston,TX,77030,HOS,DO,Y,Y,,Y
1973498754,HCP03512,,Prescriber8754,8854 Main St,Philadelphia,PA,19104,GP,NP,Y,Y,,Y
1973750701,HCP03513,,Prescriber0701,801 Main St,Dallas,TX,75248,FM,MD,Y,Y,,Y
1974023477,HCP03514,,Prescriber3477,3577 Main St,Chelsea,MI,48118,PD,MD,Y,Y,,Y
1974141274,HCP03515,,Prescriber1274,1374 Main St,Ormond Beach,FL,32174,P,NP,Y,Y,,Y
1974866154,HCP03516,,Prescriber6154,6254 Main St,Houston,TX,77030,PD,NP,Y,Y,,Y
1976337873,HCP03517,,Prescriber7873,7973 Main St,Charleston,SC,29425,PD,MD,Y,Y,,Y
1976350539,HCP03518,,Prescriber0539,639 Main St,Holly Springs,NC,27540,PD,NP,Y,Y,,Y
1977153067,HCP03519,,Prescriber3067,3167 Main St,Jenks,OK,74037,FM,DO,Y,Y,,Y
1979032209,HCP03520,,Prescriber2209,2309 Main St,Chicago,IL,60612,OPT,OD,Y,Y,,Y
1979265671,HCP03521,,Prescriber5671,5771 Main St,Raleigh,NC,27615,PD,MD,Y,Y,,Y
1980944665,HCP03522,,Prescriber4665,4765 Main St,Charlotte,NC,28211,P,MD,Y,Y,,Y
1981186474,HCP03523,,Prescriber6474,6574 Main St,Wadsworth,OH,44281,GP,DO,Y,Y,,Y
1981543831,HCP03524,,Prescriber3831,3931 Main St,Chicago,IL,60612,FM,DO,Y,Y,,Y
1981708782,HCP03525,,Prescriber8782,8882 Main St,Houston,TX,77030,EM,PA,Y,Y,,Y
1982068242,HCP03526,,Prescriber8242,8342 Main St,Morgantown,WV,26501,PD,DO,Y,Y,,Y
1982150665,HCP03527,,Prescriber0665,765 Main St,Houston,TX,77030,FM,PA,Y,Y,,Y
1982560663,HCP03528,,Prescriber0663,763 Main St,Houston,TX,77030,GP,PA,Y,Y,,Y
1983398292,HCP03529,,Prescriber8292,8392 Main St,Houston,TX,77030,GE,NP,Y,Y,,Y
1983614394,HCP03530,,Prescriber4394,4494 Main St,Houston,TX,77030,END,MD,Y,Y,,Y
1983648188,HCP03531,,Prescriber8188,8288 Main St,Saint Louis,MO,63131,IM,MD,Y,Y,,Y
1984627795,Susan,L,Elliott,200 Temple St,Mason,MI,48854,PD,MD,Y,Y,,Y
1984808307,HCP03532,,Prescriber8307,8407 Main St,Houston,TX,77030,EM,NP,Y,Y,,Y
1985649261,Claire,,West,3100 Williams Blvd,Kenner,LA,70065,FM,NP,Y,Y,,
1985945895,Michelle,E,Rodriguez,2201 Libbie Ave Ste 200,Richmond,VA,23230,P,NP,Y,Y,C,
1986362584,HCP03533,,Prescriber2584,2684 Main St,Westerville,OH,43082,GP,MD,Y,Y,,Y
1986750767,Michael,G,Martinez,1721 Allens Ln Ste 100,Wilmington,NC,28403,FM,NP,Y,Y,A,
1987087287,HCP03534,,Prescriber7287,7387 Main St,Lexington,KY,40507,CHP,MD,Y,Y,,Y
1988109970,HCP03535,,Prescriber9970,1070 Main St,Miami,FL,33136,GP,PA,Y,Y,,Y
1988209196,HCP03536,,Prescriber9196,296 Main St,Avon,IN,46123,PD,MD,Y,Y,,Y
1990014644,HCP03537,,Prescriber4644,4744 Main St,Lexington,KY,40503,P,NP,Y,Y,,Y
1990534437,HCP03538,,Prescriber4437,4537 Main St,Atlanta,GA,30322,OBG,MD,Y,Y,,Y
1990941353,HCP03539,,Prescriber1353,1453 Main St,Scottsdale,AZ,85255,CHN,NP,Y,Y,,Y
1991908963,HCP03540,,Prescriber8963,9063 Main St,Miami,FL,33136,EM,MD,Y,Y,,Y
1993347102,HCP03541,,Prescriber7102,7202 Main St,Great Neck,NY,11021,PD,NP,Y,Y,,Y
1993443909,HCP03542,,Prescriber3909,4009 Main St,Cedar Rapids,IA,52402,P,MD,Y,Y,,Y
1993786385,HCP03543,,Prescriber6385,6485 Main St,Houston,TX,77030,IC,MD,Y,Y,,Y
1993841894,HCP03544,,Prescriber1894,1994 Main St,Charleston,SC,29425,GE,MD,Y,Y,,Y
1994423971,HCP03545,,Prescriber3971,4071 Main St,Atlanta,GA,30339,P,MD,Y,Y,,Y
1994764298,HCP03546,,Prescriber4298,4398 Main St,Houston,TX,77030,PD,NP,Y,Y,,Y
1994845764,HCP03547,,Prescriber5764,5864 Main St,Houston,TX,77030,P,MD,Y,Y,,Y
1996971356,Gina,N,Williams,9263 Medical Plaza Dr Ste A,Charleston,SC,29406,P,MD,Y,Y,B,
1998278474,HCP03548,,Prescriber8474,8574 Main St,New York,NY,10016,EM,MD,Y,Y,,Y
1999607991,HCP03549,,Prescriber7991,8091 Main St,Houston,TX,77030,PD,NP,Y,Y,,Y
1999933951,HCP03550,,Prescriber3951,4051 Main St,Los Angeles,CA,90025,P,NP,Y,Y,,Y
2000063820,HCP03551,,Prescriber3820,3920 Main St,Houston,TX,77030,FM,MD,Y,Y,,Y
2000134416,HCP03552,,Prescriber4416,4516 Main St,Houston,TX,77030,DEN,DDS,Y,Y,,Y
2001007426,HCP03553,,Prescriber7426,7526 Main St,Houston,TX,77030,ADL,MD,Y,Y,,Y
2001398314,HCP03554,,Prescriber8314,8414 Main St,Lees Summit,MO,64086,PD,DO,Y,Y,,Y
2001561819,HCP03555,,Prescriber1819,1919 Main St,Houston,TX,77030,PD,MD,Y,Y,,Y
2001573115,HCP03556,,Prescriber3115,3215 Main St,Knoxville,TN,37923,GP,NP,Y,Y,,Y
2001858467,HCP03557,,Prescriber8467,8567 Main St,Birmingham,AL,35233,OBG,MD,Y,Y,,Y
2002263681,Barbara,M,Gardner,437 Heymann Blvd,Lafayette,LA,70503,PD,MD,Y,Y,A,
2002492648,HCP03558,,Prescriber2648,2748 Main St,Englewood,CO,80111,PD,NP,Y,Y,,Y
2003574896,HCP03559,,Prescriber4896,4996 Main St,Tampa,FL,33613,P,MD,Y,Y,,Y
2003919332,HCP03560,,Prescriber9332,432 Main St,Tulsa,OK,74135,P,MD,Y,Y,,Y
2004461772,HCP03561,,Prescriber1772,1872 Main St,Houston,TX,77030,GP,PA,Y,Y,,Y
2004743724,HCP03562,,Prescriber3724,3824 Main St,Houston,TX,77030,GP,NP,Y,Y,,Y
2005132768,Tiffany,G,Garza,744 E Lincoln Hwy Ste 420,Coatesville,PA,19320,P,NP,Y,Y,B,
2005416734,Tony,,Cruz,3100 SW 62nd Ave,Miami,FL,33155,PD,DO,Y,Y,,Y
2005758687,HCP03563,,Prescriber8687,8787 Main St,Chandler,AZ,85248,PD,NP,Y,Y,,Y
2006272557,HCP03564,,Prescriber2557,2657 Main St,Houston,TX,77030,FM,NP,Y,Y,,Y
2006942559,HCP03565,,Prescriber2559,2659 Main St,Overland Park,KS,66204,PD,MD,Y,Y,,Y
2007015903,HCP03566,,Prescriber5903,6003 Main St,Iowa City,IA,52242,CD,NP,Y,Y,,Y
2007164653,HCP03567,,Prescriber4653,4753 Main St,Sherman,TX,75090,FM,MD,Y,Y,,Y
2007837684,HCP03568,,Prescriber7684,7784 Main St,Charleston,SC,29425,FM,NP,Y,Y,,Y
2008073181,HCP03569,,Prescriber3181,3281 Main St,Miami,FL,33136,FM,MD,Y,Y,,Y
2008184217,Robert,C,Galvan,4951 W 18th St,Lawrence,KS,66047,FM,MD,Y,Y,C,
2008400659,HCP03570,,Prescriber0659,759 Main St,Baltimore,MD,21202,PD,MD,Y,Y,,Y
2010515858,HCP03571,,Prescriber5858,5958 Main St,Miami,FL,33136,FM,NP,Y,Y,,Y
2011277341,HCP03572,,Prescriber7341,7441 Main St,Houston,TX,77030,GP,PHAR,Y,Y,,Y
2011439171,HCP03573,,Prescriber9171,271 Main St,Nashville,TN,37216,FM,MD,Y,Y,,Y
2011753382,HCP03574,,Prescriber3382,3482 Main St,Palm Harbor,FL,34682,P,NP,Y,Y,,Y
2013820280,HCP03575,,Prescriber0280,380 Main St,Miami,FL,33136,PD,MD,Y,Y,,Y
2014264642,Thomas,L,Hall,7332 Office Park Pl Ste 103,Viera,FL,32940,PD,MD,Y,Y,,Y
2015112147,HCP03576,,Prescriber2147,2247 Main St,Durham,NC,27705,HO,MD,Y,Y,,Y
2015333340,John,A,Little,1911 N Fairfield Rd Ste 310,Dayton,OH,45410,P,NP,Y,Y,A,
2015506067,Jasmin,J,Davis,1871 Savage Rd,Charleston,SC,29407,PD,MD,Y,Y,C,
2015754621,HCP03577,,Prescriber4621,4721 Main St,Jacksonville,NC,28546,P,MD,Y,Y,,Y
2016088167,HCP03578,,Prescriber8167,8267 Main St,Moosic,PA,18507,P,PA,Y,Y,,Y
2016476391,Cory,D,Lee,7810 5 Mile Rd,Cincinnati,OH,45230,PD,MD,Y,Y,C,
2016687423,Bradley,C,Mitchell,3223 N Sheffield Ave Ste C,Chicago,IL,60601,P,PA,Y,Y,B,
2016700074,HCP03579,,Prescriber0074,174 Main St,Long Beach,NY,11561,PD,MD,Y,Y,,Y
2017080716,HCP03580,,Prescriber0716,816 Main St,Miami,FL,33136,EM,MD,Y,Y,,Y
2017213066,HCP03581,,Prescriber3066,3166 Main St,Waynesboro,MS,39367,FM,NP,Y,Y,,Y
2017472319,HCP03582,,Prescriber2319,2419 Main St,Houston,TX,77030,FM,NP,Y,Y,,Y
2018556648,HCP03583,,Prescriber6648,6748 Main St,Miami,FL,33136,ICE,DO,Y,Y,,Y
2018708946,HCP03584,,Prescriber8946,9046 Main St,Houston,TX,77030,FOP,MD,Y,Y,,Y
2018922024,HCP03585,,Prescriber2024,2124 Main St,Houston,TX,77030,FM,MD,Y,Y,,Y
2019681024,HCP03586,,Prescriber1024,1124 Main St,Mineola,NY,11501,PD,MD,Y,Y,,Y
2019814194,HCP03587,,Prescriber4194,4294 Main St,Houston,TX,77030,OPH,MD,Y,Y,,Y
2020520506,HCP03588,,Prescriber0506,606 Main St,Louisville,KY,40243,PD,MD,Y,Y,,Y
2020580361,HCP03589,,Prescriber0361,461 Main St,Newnan,GA,30263,P,MD,Y,Y,,Y
2020904021,HCP03590,,Prescriber4021,4121 Main St,Baton Rouge,LA,70809,FM,MD,Y,Y,,Y
2021261775,HCP03591,,Prescriber1775,1875 Main St,Fulshear,TX,77441,PD,MD,Y,Y,,Y
2021351770,HCP03592,,Prescriber1770,1870 Main St,Big Spring,TX,79720,IM,MD,Y,Y,,Y
2021940220,HCP03593,,Prescriber0220,320 Main St,Tomball,TX,77375,PD,DO,Y,Y,,Y
2022037689,HCP03594,,Prescriber7689,7789 Main St,Lexington,NC,27292,P,PA,Y,Y,,Y
2022289551,HCP03595,,Prescriber9551,651 Main St,Mission Hills,CA,91345,PD,MD,Y,Y,,Y
2022383675,HCP03596,,Prescriber3675,3775 Main St,Atlanta,GA,30322,OCT,OT,Y,Y,,Y
2022484907,HCP03597,,Prescriber4907,5007 Main St,Austin,TX,78746,P,MD,Y,Y,,Y
2022520944,Kevin,J,Molina,1047 Old York Rd Ste 1,Abington,PA,19001,PD,MD,Y,Y,A,
2022928745,HCP03598,,Prescriber8745,8845 Main St,Cleveland,OH,44195,VS,DO,Y,Y,,Y
2023721675,Steven,A,Gates,4335 W Dublin Granville Rd,Dayton,OH,45404,PEM,DO,Y,Y,C,
2023937829,HCP03599,,Prescriber7829,7929 Main St,Kansas City,KS,66160,EM,MD,Y,Y,,Y
2024053702,Lori,S,Myers,7570 W 21st St N Ste 1026D,Wichita,KS,67205,P,PA,Y,Y,C,
2024647869,HCP03600,,Prescriber7869,7969 Main St,Philadelphia,PA,19104,IM,MD,Y,Y,,Y
2024968057,Samantha,R,Pierce,111 Lions Dr Ste 210,Crystal Lake,IL,60014,P,NP,Y,Y,B,
2026383161,HCP03601,,Prescriber3161,3261 Main St,Murfreesboro,TN,37129,PD,MD,Y,Y,,Y
2026422431,HCP03602,,Prescriber2431,2531 Main St,Houston,TX,77030,EM,DO,Y,Y,,Y
2026933229,HCP03603,,Prescriber3229,3329 Main St,Hoffman Estates,IL,60169,PD,DO,Y,Y,,Y
2027643994,HCP03604,,Prescriber3994,4094 Main St,Belhaven,NC,27810,FM,MD,Y,Y,,Y
2027861783,HCP03605,,Prescriber1783,1883 Main St,Franklin,MI,48025,PD,MD,Y,Y,,Y
2029549437,HCP03606,,Prescriber9437,537 Main St,Suwanee,GA,30024,PD,MD,Y,Y,,Y
2029710204,HCP03607,,Prescriber0204,304 Main St,Houston,TX,77030,IM,MD,Y,Y,,Y
2029741065,HCP03608,,Prescriber1065,1165 Main St,Des Moines,IA,50314,GP,PA,Y,Y,,Y
2029832863,HCP03609,,Prescriber2863,2963 Main St,Wichita,KS,67218,P,MD,Y,Y,,Y
2030141619,HCP03610,,Prescriber1619,1719 Main St,Houston,TX,77030,PD,MD,Y,Y,,Y
2030240274,HCP03611,,Prescriber0274,374 Main St,Miami,FL,33136,AN,NP,Y,Y,,Y
2030590845,HCP03612,,Prescriber0845,945 Main St,Los Angeles,CA,90048,PUD,MD,Y,Y,,Y
2030765801,HCP03613,,Prescriber5801,5901 Main St,Houston,TX,77030,OBG,NP,Y,Y,,Y
2031356410,HCP03614,,Prescriber6410,6510 Main St,Iowa City,IA,52242,IM,MD,Y,Y,,Y
2031632728,HCP03615,,Prescriber2728,2828 Main St,New Port Richey,FL,34655,P,NP,Y,Y,,Y
2032050242,HCP03616,,Prescriber0242,342 Main St,Houston,TX,77030,P,DO,Y,Y,,Y
2032509345,HCP03617,,Prescriber9345,445 Main St,Baton Rouge,LA,70816,P,MD,Y,Y,,Y
2032856429,Vanessa,Z,Cooper,777 Craig Rd Ste 130,Saint Louis,MO,63141,P,MD,Y,Y,B,
2033089345,HCP03618,,Prescriber9345,445 Main St,Chicago,IL,60612,POD,DPM,Y,Y,,Y
2033921367,HCP03619,,Prescriber1367,1467 Main St,Orlando,FL,32804,FM,DO,Y,Y,,Y
2034308705,HCP03620,,Prescriber8705,8805 Main St,Durham,NC,27705,PD,MD,Y,Y,,Y
2034652361,HCP03621,,Prescriber2361,2461 Main St,Houston,TX,77030,PD,MD,Y,Y,,Y
2034832541,Caleb,,Shelton,250 Grandview Dr Ste 575,FT MITCHELL,KY,41017,P,MD,Y,Y,B,
2035020289,HCP03622,,Prescriber0289,389 Main St,Bronx,NY,10466,P,MD,Y,Y,,Y
2035551908,HCP03623,,Prescriber1908,2008 Main St,Houston,TX,77030,PD,MD,Y,Y,,Y
2036107634,HCP03624,,Prescriber7634,7734 Main St,Missoula,MT,59802,GP,PA,Y,Y,,Y
2036921989,Nicole,B,Ball,2560 Old Shell Rd,Mobile,AL,36619,PD,NP,Y,Y,B,
2037612641,HCP03625,,Prescriber2641,2741 Main St,Pasadena,TX,77505,PD,MD,Y,Y,,Y
2037921160,HCP03626,,Prescriber1160,1260 Main St,Birmingham,AL,35233,AI,NP,Y,Y,,Y
2037939948,HCP03627,,Prescriber9948,1048 Main St,Houston,TX,77030,CCM,NP,Y,Y,,Y
2038324135,HCP03628,,Prescriber4135,4235 Main St,Miami,FL,33136,FM,MD,Y,Y,,Y
2038813350,HCP03629,,Prescriber3350,3450 Main St,Miami,FL,33136,P,MD,Y,Y,,Y
2039603189,HCP03630,,Prescriber3189,3289 Main St,Iowa City,IA,52242,DEN,DDS,Y,Y,,Y
2039647490,HCP03631,,Prescriber7490,7590 Main St,Phoenix,AZ,85016,OPT,PA,Y,Y,,Y
2040827747,HCP03632,,Prescriber7747,7847 Main St,Saint Louis,MO,63118,P,MD,Y,Y,,Y
2041371178,HCP03633,,Prescriber1178,1278 Main St,Louisville,KY,40202,N,MD,Y,Y,,Y
2042014136,Janice,E,Thomas,3506 S Lafountain St,Kokomo,IN,46902,PD,MD,Y,Y,,Y
2042115452,HCP03634,,Prescriber5452,5552 Main St,Muskegon,MI,49444,PD,MD,Y,Y,,Y
2042140954,HCP03635,,Prescriber0954,1054 Main St,Abington,PA,19001,IM,MD,Y,Y,,Y
2043573640,William,M,Mcgee,9905 Shelbyville Rd,Louisville,KY,40223,PD,MD,Y,Y,A,
2043718284,HCP03636,,Prescriber8284,8384 Main St,Calhoun,GA,30701,IM,MD,Y,Y,,Y
2043818816,HCP03637,,Prescriber8816,8916 Main St,Miami,FL,33136,PD,MD,Y,Y,,Y
2044675138,HCP03638,,Prescriber5138,5238 Main St,Miami,FL,33136,IM,MD,Y,Y,,Y
2044689909,HCP03639,,Prescriber9909,1009 Main St,Houston,TX,77030,GP,PA,Y,Y,,Y
2044898927,Harry,N,Marshall,1651 N Semoran Blvd,Orlando,FL,32807,PD,MD,Y,Y,,Y
2046270421,HCP03640,,Prescriber0421,521 Main St,Houston,TX,77030,D,MD,Y,Y,,Y
2046456774,HCP03641,,Prescriber6774,6874 Main St,Houston,TX,77030,PD,NP,Y,Y,,Y
2047283275,Christina,A,Silva,22080 Highway 20,Vacherie,LA,70090,FM,NP,Y,Y,,
2047982229,HCP03642,,Prescriber2229,2329 Main St,New York,NY,10016,PUD,MD,Y,Y,,Y
2048264410,Alexander,F,Anderson,8185 Corporate Way,Mason,OH,45040,PD,MD,Y,Y,C,
2048443246,Joseph,J,Smith,185 W End Ave Apt 1E,New York,NY,10023,P,MD,Y,Y,C,
2049034916,HCP03643,,Prescriber4916,5016 Main St,New York,NY,10011,US,NP,Y,Y,,Y
2049488499,HCP03644,,Prescriber8499,8599 Main St,Middletown,OH,45044,CHP,MD,Y,Y,,Y
2049981490,HCP03645,,Prescriber1490,1590 Main St,Houston,TX,77030,EM,NP,Y,Y,,Y
2050073276,HCP03646,,Prescriber3276,3376 Main St,Lincolnwood,IL,60712,PD,MD,Y,Y,,Y
2050152864,Carlos,R,Schaefer,2500 82nd Pl,Urbandale,IA,50322,P,NP,Y,Y,C,
2050230140,HCP03647,,Prescriber0140,240 Main St,Franklin,TN,37067,P,MD,Y,Y,,Y
2050608237,HCP03648,,Prescriber8237,8337 Main St,Cordele,GA,31015,PD,MD,Y,Y,,Y
2050641361,HCP03649,,Prescriber1361,1461 Main St,Chapel Hill,NC,27514,N,MD,Y,Y,,Y
2051301569,HCP03650,,Prescriber1569,1669 Main St,Katy,TX,77450,PD,MD,Y,Y,,Y
2051798600,HCP03651,,Prescriber8600,8700 Main St,Cornelius,NC,28031,FM,DO,Y,Y,,Y
2051970230,HCP03652,,Prescriber0230,330 Main St,Tampa,FL,33612,FSM,MD,Y,Y,,Y
2052169520,HCP03653,,Prescriber9520,620 Main St,Gainesville,FL,32610,PD,MD,Y,Y,,Y
2052459535,HCP03654,,Prescriber9535,635 Main St,Houston,TX,77030,FM,MD,Y,Y,,Y
2053405747,HCP03655,,Prescriber5747,5847 Main St,Houston,TX,77030,CCP,MD,Y,Y,,Y
2053452230,Deanna,O,Cooper,200 Beaullieu Dr Ste 7,Lafayette,LA,70508,FM,NP,Y,Y,,Y
2053675411,HCP03656,,Prescriber5411,5511 Main St,Wesley Chapel,FL,33544,P,NP,Y,Y,,Y
2053689977,HCP03657,,Prescriber9977,1077 Main St,Glen Allen,VA,23059,PD,MD,Y,Y,,Y
2054297046,HCP03658,,Prescriber7046,7146 Main St,Philadelphia,PA,19104,P,NP,Y,Y,,Y
2054454317,HCP03659,,Prescriber4317,4417 Main St,Houston,TX,77030,DEN,DDS,Y,Y,,Y
2054511122,HCP03660,,Prescriber1122,1222 Main St,Cedar Rapids,IA,52402,P,MD,Y,Y,,Y
2054554148,HCP03661,,Prescriber4148,4248 Main St,Houston,TX,77030,DEN,DDS,Y,Y,,Y
2055514296,HCP03662,,Prescriber4296,4396 Main St,Pasadena,MD,21122,FM,NP,Y,Y,,Y
2055899107,HCP03663,,Prescriber9107,207 Main St,Houston,TX,77030,PD,MD,Y,Y,,Y
2056414227,HCP03664,,Prescriber4227,4327 Main St,Bronx,NY,10467,P,MD,Y,Y,,Y
2058145585,HCP03665,,Prescriber5585,5685 Main St,Tucson,AZ,85748,P,NP,Y,Y,,Y
2058429516,HCP03666,,Prescriber9516,616 Main St,Houston,TX,77030,POD,DPM,Y,Y,,Y
2058731067,HCP03667,,Prescriber1067,1167 Main St,Granite Falls,NC,28630,PD,MD,Y,Y,,Y
2059146624,HCP03668,,Prescriber6624,6724 Main St,Williamsburg,VA,23188,P,NP,Y,Y,,Y
2060360348,Amanda,D,Martin,3194 Core Rd,Williamstown,WV,26187,P,NP,Y,Y,B,
2061373765,Allison,M,Reyes,300 Centerville Rd Ste 101W,Providence,RI,02904,FM,NP,Y,Y,A,
2062571369,HCP03669,,Prescriber1369,1469 Main St,Philadelphia,PA,19102,IM,DO,Y,Y,,Y
2062705542,HCP03670,,Prescriber5542,5642 Main St,Durham,NC,27707,FM,NP,Y,Y,,Y
2062990957,HCP03671,,Prescriber0957,1057 Main St,Louisville,KY,40202,GP,MD,Y,Y,,Y
2063747263,HCP03672,,Prescriber7263,7363 Main St,Miami,FL,33136,CHN,NP,Y,Y,,Y
2064333131,HCP03673,,Prescriber3131,3231 Main St,Staten Island,NY,10314,P,NP,Y,Y,,Y
2064472110,HCP03674,,Prescriber2110,2210 Main St,Aldie,VA,20105,P,NP,Y,Y,,Y
2064719464,HCP03675,,Prescriber9464,564 Main St,Houston,TX,77030,PD,MD,Y,Y,,Y
2065238526,Linda,D,Frazier,11422 Miracle Hills Dr Ste 401,Omaha,NE,68137,P,NP,Y,Y,B,
2065240776,HCP03676,,Prescriber0776,876 Main St,Atlanta,GA,30322,AN,MD,Y,Y,,Y
2065566963,HCP03677,,Prescriber6963,7063 Main St,East Meadow,NY,11554,GP,PA,Y,Y,,Y
2066546618,HCP03678,,Prescriber6618,6718 Main St,Houston,TX,77030,PUD,MD,Y,Y,,Y
2066775521,HCP03679,,Prescriber5521,5621 Main St,Bronx,NY,10467,PD,MD,Y,Y,,Y
2067519164,HCP03680,,Prescriber9164,264 Main St,Houston,TX,77030,NEP,MD,Y,Y,,Y
2067899865,HCP03681,,Prescriber9865,965 Main St,Charleston,SC,29425,ICE,MD,Y,Y,,Y
2068484675,HCP03682,,Prescriber4675,4775 Main St,Iowa City,IA,52242,PD,MD,Y,Y,,Y
2069175198,HCP03683,,Prescriber5198,5298 Main St,Miami,FL,33136,IM,MD,Y,Y,,Y
2069737897,Amanda,J,Sanchez,993 Johnson Ferry Rd NE Bldg F Ste 210,Atlanta,GA,30342,FM,MD,Y,Y,C,
2070166774,HCP03684,,Prescriber6774,6874 Main St,Houston,TX,77030,AI,MD,Y,Y,,Y
2071125600,Courtney,P,Malone,3330 Erie Ave Ste 11,Cincinnati,OH,45208,NPM,MD,Y,Y,B,
2072066980,Barbara,W,Brown,807 N Haddon Ave Ste 215,Camden,NJ,08103,FM,NP,Y,Y,A,Y
2072201183,Taylor,,Kim,1035 Proprietors Rd,Worthington,OH,43085,P,MD,Y,Y,B,
2073201695,HCP03685,,Prescriber1695,1795 Main St,Houston,TX,77030,IM,MD,Y,Y,,Y
2073535645,Thomas,M,Harrington,2001 W Main St Ste 132,Stamford,CT,06902,PD,MD,Y,Y,C,
2074184625,Patrick,N,Ferguson,812 Candy Park Rd,Pembroke,NC,28372,PD,MD,Y,Y,,Y
2074587678,HCP03686,,Prescriber7678,7778 Main St,Melbourne,FL,32940,FM,MD,Y,Y,,Y
2076596442,HCP03687,,Prescriber6442,6542 Main St,Houston,TX,77030,PD,MD,Y,Y,,Y
2076769489,HCP03688,,Prescriber9489,589 Main St,Flushing,NY,11354,P,PA,Y,Y,,Y
2077314071,HCP03689,,Prescriber4071,4171 Main St,Houston,TX,77030,PD,MD,Y,Y,,Y
2077333557,HCP03690,,Prescriber3557,3657 Main St,Winter Garden,FL,34787,P,PA,Y,Y,,Y
2077990369,HCP03691,,Prescriber0369,469 Main St,Miami,FL,33136,P,NP,Y,Y,,Y
2078140516,HCP03692,,Prescriber0516,616 Main St,Metairie,LA,70006,IM,MD,Y,Y,,Y
2078202630,Thomas,E,Rogers,7200 W 13th St N Ste 9,Wichita,KS,67214,P,NP,Y,Y,A,
2078352225,HCP03693,,Prescriber2225,2325 Main St,Franklin,TN,37067,PD,MD,Y,Y,,Y
2079279847,HCP03694,,Prescriber9847,947 Main St,Louisville,KY,40241,P,NP,Y,Y,,Y
2079632719,HCP03695,,Prescriber2719,2819 Main St,Phoenix,AZ,85016,FM,NP,Y,Y,,Y
2080779412,HCP03696,,Prescriber9412,512 Main St,Delray Beach,FL,33483,PD,MD,Y,Y,,Y
2081693173,HCP03697,,Prescriber3173,3273 Main St,Houston,TX,77030,FM,MD,Y,Y,,Y
2082162761,HCP03698,,Prescriber2761,2861 Main St,Houston,TX,77030,FM,DO,Y,Y,,Y
2082952696,Toni,D,Schneider,4702 Monroe Hwy,Ball,LA,71405,PD,NP,Y,Y,,Y
2083154748,Sara,E,Jones,811 W Main St Ste 204,Lexington,SC,29072,PD,MD,Y,Y,B,
2083339077,HCP03699,,Prescriber9077,177 Main St,Houston,TX,77030,IM,MD,Y,Y,,Y
2083472321,HCP03700,,Prescriber2321,2421 Main St,Houston,TX,77030,DR,MD,Y,Y,,Y
2083533533,Louis,N,Cooper,975 Tuckerton Rd Ste 100,Marlton,NJ,08053,PD,MD,Y,Y,,Y
2083551346,HCP03701,,Prescriber1346,1446 Main St,Saint Louis,MO,63117,IM,MD,Y,Y,,Y
2084030747,HCP03702,,Prescriber0747,847 Main St,Baton Rouge,LA,70809,FM,MD,Y,Y,,Y
2084477590,HCP03703,,Prescriber7590,7690 Main St,Houston,TX,77030,GE,MD,Y,Y,,Y
2084702859,HCP03704,,Prescriber2859,2959 Main St,Los Angeles,CA,90010,P,NP,Y,Y,,Y
2085448191,Jennifer,H,Reynolds,993 Johnson Ferry Rd Ste F210,Atlanta,GA,30342,FM,MD,N,Y,B,
2085493489,HCP03705,,Prescriber3489,3589 Main St,Lancaster,PA,17603,PD,NP,Y,Y,,Y
2085653680,HCP03706,,Prescriber3680,3780 Main St,Mamaroneck,NY,10543,P,MD,Y,Y,,Y
2085841086,HCP03707,,Prescriber1086,1186 Main St,Syracuse,NY,13210,FM,NP,Y,Y,,Y
2086012550,HCP03708,,Prescriber2550,2650 Main St,Houston,TX,77030,FM,MD,Y,Y,,Y
2086027629,HCP03709,,Prescriber7629,7729 Main St,Spring,TX,77380,PD,MD,Y,Y,,Y
2086617931,HCP03710,,Prescriber7931,8031 Main St,Houston,TX,77030,GP,PA,Y,Y,,Y
2087251160,HCP03711,,Prescriber1160,1260 Main St,Kansas City,KS,66160,AN,MD,Y,Y,,Y
2087995169,HCP03712,,Prescriber5169,5269 Main St,Saint George,UT,84790,P,NP,Y,Y,,Y
2088225103,HCP03713,,Prescriber5103,5203 Main St,Durham,NC,27705,IM,MD,Y,Y,,Y
2088370950,James,G,Fox,5565 Dr Martin Luther King Jr St N,St Petersburg,FL,33703,P,MD,Y,Y,A,
2089137505,Robin,T,Benjamin,6319 Castle Pl Ste 2A,Falls Church,VA,22044,GP,PA,Y,Y,B,
2089199775,HCP03714,,Prescriber9775,875 Main St,Alma,GA,31510,PD,DO,Y,Y,,Y
2089774684,HCP03715,,Prescriber4684,4784 Main St,Leesburg,VA,20175,P,MD,Y,Y,,Y
2090037703,Brian,D,Sullivan,3945 San Jose Park Dr,Jacksonville,FL,32217,PD,MD,Y,Y,C,
2090379335,HCP03716,,Prescriber9335,435 Main St,Cary,NC,27511,PD,MD,Y,Y,,Y
2090877873,HCP03717,,Prescriber7873,7973 Main St,Houston,TX,77030,PD,DO,Y,Y,,Y
2091096874,Cody,R,Copeland,625 Africa Rd Ste 300,Westerville,OH,43082,PD,MD,Y,Y,C,
2091173315,HCP03718,,Prescriber3315,3415 Main St,Greenville,NC,27834,PD,NP,Y,Y,,Y
2092056079,Melanie,S,Long,1310 E Davis Dr,Terre Haute,IN,47802,PD,MD,Y,Y,,Y
2092336408,HCP03719,,Prescriber6408,6508 Main St,Houston,TX,77030,D,MD,Y,Y,,Y
2092558668,HCP03720,,Prescriber8668,8768 Main St,Houston,TX,77002,GS,MD,Y,Y,,Y
2092738326,HCP03721,,Prescriber8326,8426 Main St,Houston,TX,77030,PDR,MD,Y,Y,,Y
2094042615,HCP03722,,Prescriber2615,2715 Main St,Houston,TX,77030,DEN,DDS,Y,Y,,Y
2094956096,HCP03723,,Prescriber6096,6196 Main St,Houston,TX,77030,N,MD,Y,Y,,Y
2095176046,HCP03724,,Prescriber6046,6146 Main St,Houston,TX,77030,CCM,NP,Y,Y,,Y
2095336304,Kimberly,A,Colon,3411 Graystone Pl SE,Conover,NC,28613,PD,MD,N,Y,,Y
2095738846,HCP03725,,Prescriber8846,8946 Main St,Houston,TX,77030,PHT,PT,Y,Y,,Y
2095989661,HCP03726,,Prescriber9661,761 Main St,Greensboro,NC,27403,PD,MD,Y,Y,,Y
2096013854,Paul,L,Lloyd,4079 Gantz Rd Ste B,Grove City,OH,43123,GP,NP,Y,Y,C,
2096301051,Lydia,S,Morales,1860 W Winchester Rd Ste 106,Libertyville,IL,60048,N,PA,Y,Y,C,
2096377545,HCP03727,,Prescriber7545,7645 Main St,Chicago,IL,60612,DR,MD,Y,Y,,Y
2097136745,Michael,B,Harris PhD,12461 Timberland Blvd Ste 309,Fort Worth,TX,76244,PD,MD,Y,N,A,Y
2097360970,HCP03728,,Prescriber0970,1070 Main St,Kaufman,TX,75142,PD,MD,Y,Y,,Y
2097541054,HCP03729,,Prescriber1054,1154 Main St,Houston,TX,77030,GS,RN,Y,Y,,Y
2097867098,HCP03730,,Prescriber7098,7198 Main St,Franklin,TN,37067,P,NP,Y,Y,,Y
2098099515,HCP03731,,Prescriber9515,615 Main St,Houston,TX,77030,DEN,DDS,Y,Y,,Y
2098560720,Kevin,I,Vasquez,1180 Stonecrest Blvd Ste 101,Fort Mill,SC,29708,P,MD,Y,Y,A,
2099018743,Michael,J,Kelly,8900 State Line Rd Ste 380,Leawood,KS,66206,P,MD,Y,Y,C,
2099058545,HCP03732,,Prescriber8545,8645 Main St,Greensboro,NC,27410,P,MD,Y,Y,,Y
2100199793,HCP03733,,Prescriber9793,893 Main St,Houston,TX,77030,GS,MD,Y,Y,,Y
2100966872,Arthur,D,Barton,2017 Broadway St,Pearland,TX,77581,PD,MD,Y,Y,,Y
2102012475,HCP03734,,Prescriber2475,2575 Main St,Cleveland,OH,44195,PD,MD,Y,Y,,Y
2102035556,HCP03735,,Prescriber5556,5656 Main St,Charlotte,NC,28211,P,NP,Y,Y,,Y
2102094604,HCP03736,,Prescriber4604,4704 Main St,Houston,TX,77030,GER,NP,Y,Y,,Y
2102883858,HCP03737,,Prescriber3858,3958 Main St,Miami,FL,33136,GP,NP,Y,Y,,Y
2103016450,HCP03738,,Prescriber6450,6550 Main St,Stockbridge,GA,30281,P,MD,Y,Y,,Y
2103201304,HCP03739,,Prescriber1304,1404 Main St,Houston,TX,77030,AC,NP,Y,Y,,Y
2103285606,HCP03740,,Prescriber5606,5706 Main St,Houston,TX,77030,PD,MD,Y,Y,,Y
2103293411,HCP03741,,Prescriber3411,3511 Main St,Charleston,SC,29425,P,MD,Y,Y,,Y
2103296783,HCP03742,,Prescriber6783,6883 Main St,Cincinnati,OH,45230,P,APRN,Y,Y,,Y
2104029385,HCP03743,,Prescriber9385,485 Main St,Chesapeake,VA,23320,FM,NP,Y,Y,,Y
2104943178,HCP03744,,Prescriber3178,3278 Main St,Austin,TX,78737,PD,MD,Y,Y,,Y
2105885052,HCP03745,,Prescriber5052,5152 Main St,Marietta,GA,30060,PD,MD,Y,Y,,Y
2106096468,HCP03746,,Prescriber6468,6568 Main St,Miami,FL,33136,OBG,MD,Y,Y,,Y
2106585567,April,C,Lee,3500 N Rock Rd Bldg 1800,Wichita,KS,67206,P,NP,Y,Y,A,
2107662744,HCP03747,,Prescriber2744,2844 Main St,Vancouver,WA,98662,P,NP,Y,Y,,Y
2107843044,HCP03748,,Prescriber3044,3144 Main St,Houston,TX,77030,ORS,MD,Y,Y,,Y
2107931993,HCP03749,,Prescriber1993,2093 Main St,Omaha,NE,68198,CHP,MD,Y,Y,,Y
2108443867,HCP03750,,Prescriber3867,3967 Main St,Owens Cross Roads,AL,35763,FM,MD,Y,Y,,Y
2110074127,HCP03751,,Prescriber4127,4227 Main St,Houston,TX,77030,PTH,MD,Y,Y,,Y
2110960985,Michael,M,Beltran,1815 Health Care Dr Ste B,Clearwater,FL,33761,P,NP,Y,Y,B,
2111692795,HCP03752,,Prescriber2795,2895 Main St,Purchase,NY,10577,P,MD,Y,Y,,Y
2111834535,HCP03753,,Prescriber4535,4635 Main St,Bloomington,IL,61704,GP,PA,Y,Y,,Y
2112217676,Michael,E,Harper,223 S Walnut Ave,Ames,IA,50010,P,PA,Y,Y,B,
2112328471,HCP03754,,Prescriber8471,8571 Main St,Panama City,FL,32405,PD,MD,Y,Y,,Y
2112421437,HCP03755,,Prescriber1437,1537 Main St,Durham,NC,27705,ADM,MD,Y,Y,,Y
2112870144,HCP03756,,Prescriber0144,244 Main St,Philadelphia,PA,19104,DBP,MD,Y,Y,,Y
2113241089,HCP03757,,Prescriber1089,1189 Main St,Houston,TX,77030,OBG,MD,Y,Y,,Y
2113854030,HCP03758,,Prescriber4030,4130 Main St,Fort Worth,TX,76132,PD,MD,Y,Y,,Y
2113921121,HCP03759,,Prescriber1121,1221 Main St,Clayton,NC,27520,FM,MD,Y,Y,,Y
2114017298,HCP03760,,Prescriber7298,7398 Main St,Mount Vernon,MO,65712,FM,MD,Y,Y,,Y
2114042589,HCP03761,,Prescriber2589,2689 Main St,Houston,TX,77030,IM,MD,Y,Y,,Y
2114320750,HCP03762,,Prescriber0750,850 Main St,Miami,FL,33136,OBG,MD,Y,Y,,Y
2114648790,HCP03763,,Prescriber8790,8890 Main St,Scottsdale,AZ,85258,PD,MD,Y,Y,,Y
2114883916,HCP03764,,Prescriber3916,4016 Main St,Northbrook,IL,60062,PD,MD,Y,Y,,Y
2114939122,HCP03765,,Prescriber9122,222 Main St,Cincinnati,OH,45219,IM,MD,Y,Y,,Y
2115215893,HCP03766,,Prescriber5893,5993 Main St,Houston,TX,77030,DEN,DMD,Y,Y,,Y
2115232072,HCP03767,,Prescriber2072,2172 Main St,Houston,TX,77030,EM,MD,Y,Y,,Y
2116161495,HCP03768,,Prescriber1495,1595 Main St,Downingtown,PA,19335,GP,NP,Y,Y,,Y
2117390741,HCP03769,,Prescriber0741,841 Main St,Houston,TX,77030,FM,MD,Y,Y,,Y
2117567508,HCP03770,,Prescriber7508,7608 Main St,Peoria,IL,61636,P,MD,Y,Y,,Y
2118758064,Stephanie,A,Parsons,1131 Bankhead Hwy,Carrollton,GA,30116,FM,NP,Y,Y,,Y
2118777263,HCP03771,,Prescriber7263,7363 Main St,Durham,NC,27705,FM,NP,Y,Y,,Y
2119237223,HCP03772,,Prescriber7223,7323 Main St,Houston,TX,77030,P,NP,Y,Y,,Y
2119288405,Allison,A,Jensen,311 Peachtree Hills Ave NE,Atlanta,GA,30305,PD,NP,Y,Y,,Y
2120585188,Jasmine,A,Suarez,66 Buck Rd,Holland,PA,18966,FM,DO,Y,Y,C,
2120781607,HCP03773,,Prescriber1607,1707 Main St,Decatur,GA,30030,FM,MD,Y,Y,,Y
2120859654,HCP03774,,Prescriber9654,754 Main St,Houston,TX,77030,END,MD,Y,Y,,Y
2121115691,Linda,G,Davis,816 Greenbrier Cir Ste 209,Chesapeake,VA,23320,P,NP,Y,Y,A,
2122435279,Matthew,S,Baldwin,1111 Glynco Pkwy Ste 120 Building #2,Hinesville,GA,31313,P,MD,Y,Y,B,
2122453871,HCP03775,,Prescriber3871,3971 Main St,Houston,TX,77030,PD,MD,Y,Y,,Y
2123631485,HCP03776,,Prescriber1485,1585 Main St,Houston,TX,77030,FM,NP,Y,Y,,Y
2124374282,Lisa,,Becker,3118 S Lafountain St,Kokomo,IN,46902,PD,MD,Y,Y,,Y
2124909136,HCP03777,,Prescriber9136,236 Main St,Lincolnwood,IL,60712,IM,MD,Y,Y,,Y
2125412545,HCP03778,,Prescriber2545,2645 Main St,Houston,TX,77030,PD,MD,Y,Y,,Y
2126459572,Ellen,A,Wright,825 NW 23rd Ave Ste 10,Gainesville,FL,32609,P,NP,Y,Y,B,
2126783763,HCP03779,,Prescriber3763,3863 Main St,Fort Mill,SC,29715,PD,MD,Y,Y,,Y
2128010793,HCP03780,,Prescriber0793,893 Main St,Joplin,MO,64804,ADL,DO,Y,Y,,Y
2128147770,HCP03781,,Prescriber7770,7870 Main St,North Canton,OH,44720,PD,MD,Y,Y,,Y
2128233340,HCP03782,,Prescriber3340,3440 Main St,Chicago,IL,60612,FM,MD,Y,Y,,Y
2129293330,HCP03783,,Prescriber3330,3430 Main St,Houston,TX,77030,FM,MD,Y,Y,,Y
2129446251,HCP03784,,Prescriber6251,6351 Main St,Kansas City,KS,66160,DEN,DDS,Y,Y,,Y
2130761798,Edward,,Burton,1 Dakota Dr Ste 312,New Hyde Pk,NY,11042,AI,DO,Y,Y,,Y
2130990341,HCP03785,,Prescriber0341,441 Main St,Lawrence,KS,66044,P,APRN,Y,Y,,Y
2131695025,HCP03786,,Prescriber5025,5125 Main St,Houston,TX,77030,GER,NP,Y,Y,,Y
2131832476,HCP03787,,Prescriber2476,2576 Main St,Frisco,TX,75034,P,NP,Y,Y,,Y
2132415530,HCP03788,,Prescriber5530,5630 Main St,Newport Beach,CA,92660,P,PA,Y,Y,,Y
2132468976,HCP03789,,Prescriber8976,9076 Main St,Houston,TX,77030,D,MD,Y,Y,,Y
2132645185,HCP03790,,Prescriber5185,5285 Main St,Richmond,VA,23298,PMD,DO,Y,Y,,Y
2133089050,Richard,O,Diaz,841 Prudential Dr,Jacksonville,FL,32207,PD,DO,Y,Y,C,
2133113013,HCP03791,,Prescriber3013,3113 Main St,Huntsville,AL,35806,FM,MD,Y,Y,,Y
2134212082,HCP03792,,Prescriber2082,2182 Main St,New Port Richey,FL,34653,P,NP,Y,Y,,Y
2134488281,James,E,Smith,4 Carriage Ln Ste 200,Charleston,SC,29407,P,NP,Y,Y,B,
2134937914,HCP03793,,Prescriber7914,8014 Main St,Richmond,VA,23298,PMD,MD,Y,Y,,Y
2135133815,HCP03794,,Prescriber3815,3915 Main St,Houston,TX,77030,EM,MD,Y,Y,,Y
2135633141,HCP03795,,Prescriber3141,3241 Main St,Houston,TX,77030,P,MD,Y,Y,,Y
2136030319,HCP03796,,Prescriber0319,419 Main St,Houston,TX,77030,DEN,DDS,Y,Y,,Y
2136944354,HCP03797,,Prescriber4354,4454 Main St,Houston,TX,77030,U,MD,Y,Y,,Y
2136951516,David,C,Aguilar,2138 Mendon Rd Ste 104,Cumberland,RI,02864,CHN,MD,Y,Y,B,
2137217833,HCP03798,,Prescriber7833,7933 Main St,Garden City,NY,11530,PD,DO,Y,Y,,Y
2137372585,Adrian,L,Miles,100 Executive Park Ste 103,Louisville,KY,40207,P,NP,Y,Y,A,
2137398727,HCP03799,,Prescriber8727,8827 Main St,Houston,TX,77030,AC,NP,Y,Y,,Y
2137921674,HCP03800,,Prescriber1674,1774 Main St,Ormond Beach,FL,32174,P,NP,Y,Y,,Y
2137928397,HCP03801,,Prescriber8397,8497 Main St,Houston,TX,77030,PS,MD,Y,Y,,Y
2138232231,HCP03802,,Prescriber2231,2331 Main St,Houston,TX,77030,FM,DO,Y,Y,,Y
2138303279,HCP03803,,Prescriber3279,3379 Main St,Cleveland,OH,44195,PD,DO,Y,Y,,Y
2138978807,HCP03804,,Prescriber8807,8907 Main St,Chicago,IL,60612,GS,MD,Y,Y,,Y
2139140534,HCP03805,,Prescriber0534,634 Main St,Lima,OH,45801,GP,DO,Y,Y,,Y
2139727271,HCP03806,,Prescriber7271,7371 Main St,Houston,TX,77030,UCM,DO,Y,Y,,Y
2140136613,HCP03807,,Prescriber6613,6713 Main St,Houston,TX,77030,MID,APRN,Y,Y,,Y
2140199731,HCP03808,,Prescriber9731,831 Main St,Herriman,UT,84096,PD,MD,Y,Y,,Y
2140299168,HCP03809,,Prescriber9168,268 Main St,Omaha,NE,68118,PD,MD,Y,Y,,Y
2140378800,HCP03810,,Prescriber8800,8900 Main St,Woodstock,GA,30189,PD,MD,Y,Y,,Y
2143341834,HCP03811,,Prescriber1834,1934 Main St,Durham,NC,27705,FM,MD,Y,Y,,Y
2143359447,HCP03812,,Prescriber9447,547 Main St,Miami,FL,33136,FM,NP,Y,Y,,Y
2143597929,HCP03813,,Prescriber7929,8029 Main St,Houston,TX,77030,FM,NP,Y,Y,,Y
2144092299,HCP03814,,Prescriber2299,2399 Main St,Winston-Salem,NC,27103,P,PA,Y,Y,,Y
2145062115,HCP03815,,Prescriber2115,2215 Main St,Mount Sinai,NY,11766,PD,DO,Y,Y,,Y
2146091432,HCP03816,,Prescriber1432,1532 Main St,Houston,TX,77030,END,MD,Y,Y,,Y
2146228741,HCP03817,,Prescriber8741,8841 Main St,Birmingham,AL,35233,GP,APRN,Y,Y,,Y
2147514753,Shannon,C,Knapp,3240 Burnt Mill Dr Ste 1,Wilmington,NC,28403,P,NP,Y,Y,A,
2147867991,HCP03818,,Prescriber7991,8091 Main St,Lake Mary,FL,32746,P,PA,Y,Y,,Y
2148401073,HCP03819,,Prescriber1073,1173 Main St,Sylacauga,AL,35150,PD,MD,Y,Y,,Y
2148642018,HCP03820,,Prescriber2018,2118 Main St,Houston,TX,77030,FM,MD,Y,Y,,Y
2148703432,HCP03821,,Prescriber3432,3532 Main St,Columbus,OH,43205,HOS,MD,Y,Y,,Y
2149070197,HCP03822,,Prescriber0197,297 Main St,Louisville,KY,40202,OBG,NP,Y,Y,,Y
2149217049,HCP03823,,Prescriber7049,7149 Main St,Charleston,SC,29425,END,PA,Y,Y,,Y
2149493745,Catherine,M,Hamilton,550 E St Rd 434,Longwood,FL,32750,PD,MD,Y,Y,,Y
2149720570,Paul,L,Jordan,8340 Mission Rd Ste 100,Leawood,KS,66206,PD,NP,Y,Y,B,
2150183653,HCP03824,,Prescriber3653,3753 Main St,Brooklyn,NY,11242,P,MD,Y,Y,,Y
2150991476,HCP03825,,Prescriber1476,1576 Main St,Akron,OH,44308,PD,NP,Y,Y,,Y
2151204133,HCP03826,,Prescriber4133,4233 Main St,Mishawaka,IN,46544,ADU,NP,Y,Y,,Y
2152391618,HCP03827,,Prescriber1618,1718 Main St,Philadelphia,PA,19104,WH,NP,Y,Y,,Y
2153883475,HCP03828,,Prescriber3475,3575 Main St,Omaha,NE,68198,HO,NP,Y,Y,,Y
2154379109,Mr.,E,Travis Carey,7835 W Ih 10,San Antonio,TX,78230,AI,MD,Y,Y,,Y
2154577421,HCP03829,,Prescriber7421,7521 Main St,Houston,TX,77030,GE,MD,Y,Y,,Y
2155070804,HCP03830,,Prescriber0804,904 Main St,Gainesville,FL,32607,P,NP,Y,Y,,Y
2155346452,HCP03831,,Prescriber6452,6552 Main St,Charleston,SC,29425,PD,MD,Y,Y,,Y
2155949235,HCP03832,,Prescriber9235,335 Main St,Houston,TX,77030,ADU,NP,Y,Y,,Y
2156156777,HCP03833,,Prescriber6777,6877 Main St,Houston,TX,77030,PD,NP,Y,Y,,Y
2157386395,HCP03834,,Prescriber6395,6495 Main St,Houston,TX,77030,PD,MD,Y,Y,,Y
2157987513,HCP03835,,Prescriber7513,7613 Main St,Houston,TX,77030,OTO,NP,Y,Y,,Y
2158016796,HCP03836,,Prescriber6796,6896 Main St,Houston,TX,77030,DR,MD,Y,Y,,Y
2158944778,HCP03837,,Prescriber4778,4878 Main St,Miami,FL,33136,DR,MD,Y,Y,,Y
2159241351,HCP03838,,Prescriber1351,1451 Main St,Saint Louis,MO,63110,UCM,NP,Y,Y,,Y
2159966967,HCP03839,,Prescriber6967,7067 Main St,Corydon,IN,47112,PD,MD,Y,Y,,Y
2160729108,HCP03840,,Prescriber9108,208 Main St,Miami,FL,33136,DEN,DMD,Y,Y,,Y
2161116362,HCP03841,,Prescriber6362,6462 Main St,Atlanta,GA,30309,ADL,MD,Y,Y,,Y
2161634680,HCP03842,,Prescriber4680,4780 Main St,Richmond Hill,NY,11418,FM,DO,Y,Y,,Y
2161747500,HCP03843,,Prescriber7500,7600 Main St,Houston,TX,77030,DEN,DMD,Y,Y,,Y
2163968763,HCP03844,,Prescriber8763,8863 Main St,Phoenix,AZ,85016,HOS,MD,Y,Y,,Y
2164033371,HCP03845,,Prescriber3371,3471 Main St,Atlanta,GA,30322,OTO,MD,Y,Y,,Y
2164062771,HCP03846,,Prescriber2771,2871 Main St,Bradenton,FL,34205,P,DO,Y,Y,,Y
2164102827,HCP03847,,Prescriber2827,2927 Main St,Atlanta,GA,30322,GE,MD,Y,Y,,Y
2164220196,Nicholas,K,Ortega,2713 Dantzler Dr,Summerville,SC,29486,PD,MD,Y,Y,C,
2164679831,HCP03848,,Prescriber9831,931 Main St,Houston,TX,77030,P,DO,Y,Y,,Y
2165645698,James,R,Torres,1201 S Alma School Rd Ste 11000,Scottsdale,AZ,85258,P,NP,Y,Y,C,
2166051796,HCP03849,,Prescriber1796,1896 Main St,Houston,TX,77030,FM,MD,Y,Y,,Y
2166087833,HCP03850,,Prescriber7833,7933 Main St,Cincinnati,OH,45208,P,NP,Y,Y,,Y
2166228351,HCP03851,,Prescriber8351,8451 Main St,Houston,TX,77030,PD,MD,Y,Y,,Y
2166418122,HCP03852,,Prescriber8122,8222 Main St,Durham,NC,27705,AN,MD,Y,Y,,Y
2166535420,HCP03853,,Prescriber5420,5520 Main St,Humble,TX,77396,NPM,MD,Y,Y,,Y
2167082206,HCP03854,,Prescriber2206,2306 Main St,Phoenix,AZ,85016,GP,PA,Y,Y,,Y
2167188804,HCP03855,,Prescriber8804,8904 Main St,Yorba Linda,CA,92886,PD,MD,Y,Y,,Y
2167194319,HCP03856,,Prescriber4319,4419 Main St,Indian Trail,NC,28079,FM,MD,Y,Y,,Y
2167627084,HCP03857,,Prescriber7084,7184 Main St,Houston,TX,77030,EM,MD,Y,Y,,Y
2168474026,HCP03858,,Prescriber4026,4126 Main St,Greenville,TX,75402,P,MD,Y,Y,,Y
2168564421,Melissa,A,Lawson,681 Harleysville Pike Fl 2,Willow Grove,PA,19090,P,NP,Y,Y,B,
2169025550,Ariel,,Alexander,44 Hughes Rd Ste 2350,Madison,AL,35758,P,MD,Y,Y,A,
2169390211,HCP03859,,Prescriber0211,311 Main St,Belleville,IL,62226,PD,MD,Y,Y,,Y
2169933834,Charles,B,Spence,3560 Delaware St Ste 502,Beaumont,TX,77706,P,MD,Y,Y,A,
2170093907,Rachel,K,Hawkins,9415 E Harry St Ste 800,Wichita,KS,67206,P,APRN,Y,Y,B,
2170711509,HCP03860,,Prescriber1509,1609 Main St,Kittanning,PA,16201,PD,MD,Y,Y,,Y
2171469438,HCP03861,,Prescriber9438,538 Main St,Conroe,TX,77304,FM,MD,Y,Y,,Y
2171833039,HCP03862,,Prescriber3039,3139 Main St,Thomasville,NC,27360,PD,MD,Y,Y,,Y
2172492409,HCP03863,,Prescriber2409,2509 Main St,Biloxi,MS,39532,FM,MD,Y,Y,,Y
2172655193,HCP03864,,Prescriber5193,5293 Main St,Grandville,MI,49418,FM,NP,Y,Y,,Y
2173003191,HCP03865,,Prescriber3191,3291 Main St,Durham,NC,27705,AN,APRN,Y,Y,,Y
2174580865,HCP03866,,Prescriber0865,965 Main St,Houston,TX,77030,IM,MD,Y,Y,,Y
2175084571,HCP03867,,Prescriber4571,4671 Main St,Richmond,VA,23298,P,NP,Y,Y,,Y
2175088059,HCP03868,,Prescriber8059,8159 Main St,Winston-Salem,NC,27103,PD,MD,Y,Y,,Y
2176275740,HCP03869,,Prescriber5740,5840 Main St,Danville,VA,24541,PMR,MD,Y,Y,,Y
2176717543,HCP03870,,Prescriber7543,7643 Main St,Raleigh,NC,27607,P,MD,Y,Y,,Y
2177347381,HCP03871,,Prescriber7381,7481 Main St,Newton,IA,50208,FM,NP,Y,Y,,Y
2178990143,HCP03872,,Prescriber0143,243 Main St,Iowa City,IA,52242,CD,NP,Y,Y,,Y
2179210075,Kimberly,J,Martinez,7400 W 129th St Ste 200,Overland Park,KS,66213,PD,MD,Y,Y,A,
2179874423,HCP03873,,Prescriber4423,4523 Main St,Charleston,SC,29425,GE,NP,Y,Y,,Y
2180051998,HCP03874,,Prescriber1998,2098 Main St,Jacksonville,FL,32207,P,NP,Y,Y,,Y
2180481353,HCP03875,,Prescriber1353,1453 Main St,Houston,TX,77030,PD,MD,Y,Y,,Y
2180873302,HCP03876,,Prescriber3302,3402 Main St,Scottsdale,AZ,85260,P,MD,Y,Y,,Y
2181670400,HCP03877,,Prescriber0400,500 Main St,Houston,TX,77030,PD,MD,Y,Y,,Y
2182219529,HCP03878,,Prescriber9529,629 Main St,Houston,TX,77030,GP,PA,Y,Y,,Y
2182495036,HCP03879,,Prescriber5036,5136 Main St,Tuscaloosa,AL,35401,IM,DO,Y,Y,,Y
2182675346,HCP03880,,Prescriber5346,5446 Main St,Houston,TX,77030,PD,MD,Y,Y,,Y
2182934979,HCP03881,,Prescriber4979,5079 Main St,Ormond Beach,FL,32174,FM,MD,Y,Y,,Y
2183104134,Jasmine,A,Garza,5819 Highway 6 Ste 330,Missouri City,TX,77459,PD,MD,Y,Y,,Y
2183433616,HCP03882,,Prescriber3616,3716 Main St,Atlanta,GA,30322,GER,NP,Y,Y,,Y
2183458669,HCP03883,,Prescriber8669,8769 Main St,Cantonment,FL,32533,ADL,MD,Y,Y,,Y
2184358025,Amanda,L,Chavez,11260 N Tatum Blvd Ste 140,Phoenix,AZ,85028,CHP,MD,Y,Y,C,
2184512974,Timothy,W,West,2460 W Ray Rd Ste 1,Chandler,AZ,85224,P,NP,Y,Y,C,
2184650406,HCP03884,,Prescriber0406,506 Main St,Atlanta,GA,30305,P,MD,Y,Y,,Y
2184968444,HCP03885,,Prescriber8444,8544 Main St,Saint Marys,GA,31558,FM,MD,Y,Y,,Y
2185181178,HCP03886,,Prescriber1178,1278 Main St,Cincinnati,OH,45229,PD,DO,Y,Y,,Y
2186410899,HCP03887,,Prescriber0899,999 Main St,Miami,FL,33136,EM,DO,Y,Y,,Y
2186519006,Dustin,D,Kennedy,2565 Bay Area Blvd,Houston,TX,77058,P,MD,N,Y,A,
2186812965,HCP03888,,Prescriber2965,3065 Main St,Houston,TX,77030,EM,DO,Y,Y,,Y
2187186380,HCP03889,,Prescriber6380,6480 Main St,Houston,TX,77030,RCH,PVN,Y,Y,,Y
2187218947,William,A,Flores,1325 Satellite Blvd NW Ste 400,Suwanee,GA,30024,P,MD,Y,Y,A,
2187375334,HCP03890,,Prescriber5334,5434 Main St,Houston,TX,77030,HEM,MD,Y,Y,,Y
2188077253,HCP03891,,Prescriber7253,7353 Main St,Houston,TX,77030,PD,MD,Y,Y,,Y
2188512223,Rodney,R,Butler,515 N King St Ste 101,Seguin,TX,78155,PD,MD,Y,Y,A,Y
2188516873,HCP03892,,Prescriber6873,6973 Main St,Clarksville,TN,37043,FM,MD,Y,Y,,Y
2188563439,HCP03893,,Prescriber3439,3539 Main St,Long Beach,CA,90815,P,NP,Y,Y,,Y
2188583824,HCP03894,,Prescriber3824,3924 Main St,Houston,TX,77030,DEN,DDS,Y,Y,,Y
2190264101,HCP03895,,Prescriber4101,4201 Main St,Houston,TX,77030,PD,NP,Y,Y,,Y
2190750952,HCP03896,,Prescriber0952,1052 Main St,Houston,TX,77030,END,NP,Y,Y,,Y
2191691993,HCP03897,,Prescriber1993,2093 Main St,Bayside,NY,11361,PER,DDS,Y,Y,,Y
2192039909,Amber,N,Thomas,8765 S Dixie Hwy,Pinecrest,FL,33156,EM,NP,Y,Y,,Y
2192460449,Kenneth,E,Sherman,10745 165th St,Orland Park,IL,60467,P,NP,Y,Y,B,
2192794368,HCP03898,,Prescriber4368,4468 Main St,Muskogee,OK,74401,P,NP,Y,Y,,Y
2192965517,Matthew,L,Smith,1140 Clear Lake City Blvd Ste A,Houston,TX,77062,AI,MD,Y,Y,A,Y
2193239630,HCP03899,,Prescriber9630,730 Main St,Hernando,MS,38632,P,NP,Y,Y,,Y
2194074197,HCP03900,,Prescriber4197,4297 Main St,Brooklyn,NY,11222,P,MD,Y,Y,,Y
2194701396,HCP03901,,Prescriber1396,1496 Main St,Charleston,SC,29425,RHU,MD,Y,Y,,Y
2194724179,HCP03902,,Prescriber4179,4279 Main St,Houston,TX,77030,PD,MD,Y,Y,,Y
2194764794,HCP03903,,Prescriber4794,4894 Main St,Houston,TX,77030,P,NP,Y,Y,,Y
2196522361,HCP03904,,Prescriber2361,2461 Main St,Houston,TX,77030,N,MD,Y,Y,,Y
2196608625,HCP03905,,Prescriber8625,8725 Main St,Durham,NC,27705,IC,MD,Y,Y,,Y
2197544287,HCP03906,,Prescriber4287,4387 Main St,High Point,NC,27265,PD,PA,Y,Y,,Y
2198978284,HCP03907,,Prescriber8284,8384 Main St,Boca Raton,FL,33486,PD,MD,Y,Y,,Y
2198994571,Amanda,I,Henry,19 Bradhurst Ave,Sleepy Hollow,NY,10591,CHN,MD,Y,Y,C,
2199349529,Gregory,E,Cameron,7431 N University Dr Ste 204,Tamarac,FL,33321,P,MD,Y,Y,A,
2199966088,HCP03908,,Prescriber6088,6188 Main St,Austin,TX,78731,P,MD,Y,Y,,Y
2200478189,HCP03909,,Prescriber8189,8289 Main St,Galveston,TX,77555,P,MD,Y,Y,,Y
2200973776,HCP03910,,Prescriber3776,3876 Main St,Houston,TX,77030,PD,NP,Y,Y,,Y
2201613527,HCP03911,,Prescriber3527,3627 Main St,Louisville,KY,40202,FM,NP,Y,Y,,Y
2201740991,HCP03912,,Prescriber0991,1091 Main St,Indianapolis,IN,46202,P,PA,Y,Y,,Y
2201744764,Mckenzie,I,Jones,639 Ridge Rd,Lyndhurst,NJ,07071,IM,MD,Y,Y,,Y
2202543691,HCP03913,,Prescriber3691,3791 Main St,Chicago,IL,60657,FM,MD,Y,Y,,Y
2202756897,HCP03914,,Prescriber6897,6997 Main St,Charlotte,NC,28211,PD,NP,Y,Y,,Y
2203696349,HCP03915,,Prescriber6349,6449 Main St,Houston,TX,77030,PD,MD,Y,Y,,Y
2205299971,HCP03916,,Prescriber9971,1071 Main St,Crystal Lake,IL,60014,PD,MD,Y,Y,,Y
2205453100,HCP03917,,Prescriber3100,3200 Main St,Houston,TX,77030,DEN,DDS,Y,Y,,Y
2205869324,HCP03918,,Prescriber9324,424 Main St,Greencastle,PA,17225,FM,DO,Y,Y,,Y
2206782349,Larry,L,Pratt,5408 NW 88th St Ste 140,Johnston,IA,50131,P,NP,Y,Y,A,
2206841484,HCP03919,,Prescriber1484,1584 Main St,Houston,TX,77030,PD,NP,Y,Y,,Y
2207791109,HCP03920,,Prescriber1109,1209 Main St,Greensboro,NC,27408,PD,NP,Y,Y,,Y
2209591504,HCP03921,,Prescriber1504,1604 Main St,Topeka,KS,66611,P,NP,Y,Y,,Y
2209706617,HCP03922,,Prescriber6617,6717 Main St,Kansas City,KS,66160,GP,PA,Y,Y,,Y
2209718624,HCP03923,,Prescriber8624,8724 Main St,Austin,TX,78731,CHN,MD,Y,Y,,Y
2209738559,Carrie,C,Ward,10415 Leo Rd,Fort Wayne,IN,46825,AI,NP,Y,Y,,Y
2210143414,HCP03924,,Prescriber3414,3514 Main St,Phoenix,AZ,85016,FM,MD,Y,Y,,Y
2210321859,HCP03925,,Prescriber1859,1959 Main St,Mobile,AL,36608,PD,MD,Y,Y,,Y
2210852733,HCP03926,,Prescriber2733,2833 Main St,Salt Lake City,UT,84107,P,NP,Y,Y,,Y
2211301973,HCP03927,,Prescriber1973,2073 Main St,Nashville,IN,47448,FM,MD,Y,Y,,Y
2211686205,HCP03928,,Prescriber6205,6305 Main St,Miami,FL,33136,FM,DO,Y,Y,,Y
2212048175,HCP03929,,Prescriber8175,8275 Main St,Houston,TX,77030,VS,MD,Y,Y,,Y
2212100360,HCP03930,,Prescriber0360,460 Main St,Houston,TX,77030,POD,DPM,Y,Y,,Y
2212110713,Meagan,,Morales,1771 Madison Ave,Lakewood,NJ,08701,P,NP,Y,Y,B,
2212161620,HCP03931,,Prescriber1620,1720 Main St,Houston,TX,77030,PCC,MD,Y,Y,,Y
2212295247,HCP03932,,Prescriber5247,5347 Main St,Annville,PA,17003,FM,DO,Y,Y,,Y
2212391509,HCP03933,,Prescriber1509,1609 Main St,Houston,TX,77030,P,DO,Y,Y,,Y
2212541013,HCP03934,,Prescriber1013,1113 Main St,Houston,TX,77030,FM,DO,Y,Y,,Y
2212930538,HCP03935,,Prescriber0538,638 Main St,Houston,TX,77030,ORS,MD,Y,Y,,Y
2213995130,HCP03936,,Prescriber5130,5230 Main St,Dana Point,CA,92629,P,NP,Y,Y,,Y
2214907307,HCP03937,,Prescriber7307,7407 Main St,Franklin,TN,37067,PD,MD,Y,Y,,Y
2215446389,Sean,M,Robinson MD,9245 N Meridian St Ste 225,Indianapolis,IN,46260,P,DO,Y,Y,A,
2215598255,HCP03938,,Prescriber8255,8355 Main St,Durham,NC,27705,US,MD,Y,Y,,Y
2218248083,HCP03939,,Prescriber8083,8183 Main St,Elyria,OH,44035,CHN,MD,Y,Y,,Y
2218292534,HCP03940,,Prescriber2534,2634 Main St,Stockbridge,GA,30281,CHP,MD,Y,Y,,Y
2218348720,David,,Dean,1528 Walnut St Ste 1414,Philadelphia,PA,19102,P,NP,Y,Y,A,
2218844769,HCP03941,,Prescriber4769,4869 Main St,Houston,TX,77030,GER,NP,Y,Y,,Y
2220726933,HCP03942,,Prescriber6933,7033 Main St,Highland Park,IL,60035,EM,MD,Y,Y,,Y
2220730531,HCP03943,,Prescriber0531,631 Main St,Louisville,KY,40243,PD,MD,Y,Y,,Y
2220963940,HCP03944,,Prescriber3940,4040 Main St,Sheboygan,WI,53083,FM,MD,Y,Y,,Y
2222162783,HCP03945,,Prescriber2783,2883 Main St,Lafayette,LA,70506,FM,MD,Y,Y,,Y
2222394193,HCP03946,,Prescriber4193,4293 Main St,Hammond,LA,70403,P,NP,Y,Y,,Y
2223611987,HCP03947,,Prescriber1987,2087 Main St,Miami,FL,33136,GP,DO-S,Y,Y,,Y
2223729822,HCP03948,,Prescriber9822,922 Main St,Tuckahoe,NY,10707,PD,MD,Y,Y,,Y
2224332862,HCP03949,,Prescriber2862,2962 Main St,Houston,TX,77030,OBG,MD,Y,Y,,Y
2224368485,HCP03950,,Prescriber8485,8585 Main St,Indianapolis,IN,46202,HO,PA,Y,Y,,Y
2224370575,HCP03951,,Prescriber0575,675 Main St,Houston,TX,77030,PD,MD,Y,Y,,Y
2225227399,HCP03952,,Prescriber7399,7499 Main St,Houston,TX,77030,GS,MD,Y,Y,,Y
2225887517,HCP03953,,Prescriber7517,7617 Main St,Houston,TX,77030,PMD,DO,Y,Y,,Y
2226342913,HCP03954,,Prescriber2913,3013 Main St,Greenville,SC,29607,P,PA,Y,Y,,Y
2226356337,HCP03955,,Prescriber6337,6437 Main St,Washington,DC,20008,GP,PA,Y,Y,,Y
2226521649,HCP03956,,Prescriber1649,1749 Main St,Durham,NC,27705,EM,MD,Y,Y,,Y
2226639547,HCP03957,,Prescriber9547,647 Main St,Houston,TX,77030,NPM,MD,Y,Y,,Y
2229500310,HCP03958,,Prescriber0310,410 Main St,Columbus,IN,47203,PD,MD,Y,Y,,Y
2230214210,HCP03959,,Prescriber4210,4310 Main St,Houston,TX,77030,FM,MD,Y,Y,,Y
2230452866,HCP03960,,Prescriber2866,2966 Main St,Lincoln,NE,68502,P,PA,Y,Y,,Y
2230994881,HCP03961,,Prescriber4881,4981 Main St,Houston,TX,77030,AI,MD,Y,Y,,Y
2231731271,Douglas,J,Keith,2730 S Val Vista Dr Ste 146,Gilbert,AZ,85295,P,NP,Y,Y,A,
2232237213,HCP03962,,Prescriber7213,7313 Main St,Phoenix,AZ,85016,NTR,PA,Y,Y,,Y
2232305635,HCP03963,,Prescriber5635,5735 Main St,Houston,TX,77030,PD,MD,Y,Y,,Y
2233725857,Amy,A,Coleman,1860 W Winchester Rd Ste 106,Libertyville,IL,60048,N,NP,Y,Y,C,
2234019036,HCP03964,,Prescriber9036,136 Main St,Metairie,LA,70005,FM,NP,Y,Y,,Y
2234270605,HCP03965,,Prescriber0605,705 Main St,Miami,FL,33136,GP,MD,Y,Y,,Y
2234466248,HCP03966,,Prescriber6248,6348 Main St,Cleveland,OH,44195,HOS,MD,Y,Y,,Y
2234617096,HCP03967,,Prescriber7096,7196 Main St,Baltimore,MD,21287,DEN,DDS,Y,Y,,Y
2234820928,Mrs.,E,Savannah Strickland DDS,206 Joe Knox Ave Ste F,Mooresville,NC,28117,P,MD,Y,Y,A,
2235866054,HCP03968,,Prescriber6054,6154 Main St,Houston,TX,77030,NS,MD,Y,Y,,Y
2236202316,Daniel,L,Garcia,703 Pro Med Ln Ste 200,Carmel,IN,46032,P,DO,Y,Y,A,
2237756616,HCP03969,,Prescriber6616,6716 Main St,Houston,TX,77030,FM,NP,Y,Y,,Y
2237761773,Sarah,J,Brown,990 Stewart Ave Ste 610,Garden City,NY,11530,AI,MD,N,Y,,Y
2238273438,HCP03970,,Prescriber3438,3538 Main St,Houston,TX,77030,HO,NP,Y,Y,,Y
2238445102,HCP03971,,Prescriber5102,5202 Main St,Houston,TX,77030,GS,MD,Y,Y,,Y
2238629339,HCP03972,,Prescriber9339,439 Main St,Houston,TX,77030,PD,PVN,Y,Y,,Y
2239333214,Kevin,K,Duncan,817 Rahway Ave # 1,Elizabeth,NJ,07202,PD,NP,Y,Y,A,
2240149875,Guy,S,Smith,2630 E 7th St Ste 101,Charlotte,NC,28204,PD,MD,Y,N,,Y
2240342521,HCP03973,,Prescriber2521,2621 Main St,Houston,TX,77030,PD,MD,Y,Y,,Y
2240502421,Hannah,B,Roberts,10424 W Bluemound Rd,Wauwatosa,WI,53226,P,DO,Y,Y,A,
2240789901,HCP03974,,Prescriber9901,1001 Main St,Houston,TX,77030,OBG,MD,Y,Y,,Y
2241025860,HCP03975,,Prescriber5860,5960 Main St,Houston,TX,77030,PD,MD,Y,Y,,Y
2241594483,HCP03976,,Prescriber4483,4583 Main St,Jacksonville,FL,32218,PD,MD,Y,Y,,Y
2241640989,HCP03977,,Prescriber0989,1089 Main St,New York,NY,10019,P,MD,Y,Y,,Y
2242011192,HCP03978,,Prescriber1192,1292 Main St,Houston,TX,77030,MID,APRN,Y,Y,,Y
2242429497,HCP03979,,Prescriber9497,597 Main St,Houston,TX,77030,PD,DO,Y,Y,,Y
2243083813,Linda,H,Lucero,4900 Frank Ave NW Ste 1,North Canton,OH,44720,PD,MD,Y,Y,A,
2243161016,HCP03980,,Prescriber1016,1116 Main St,Miami,FL,33136,GS,MD,Y,Y,,Y
2243878819,HCP03981,,Prescriber8819,8919 Main St,Webster,TX,77598,PD,MD,Y,Y,,Y
2244096830,HCP03982,,Prescriber6830,6930 Main St,Houston,TX,77030,IM,NP,Y,Y,,Y
2244428402,HCP03983,,Prescriber8402,8502 Main St,New York,NY,10016,P,MD,Y,Y,,Y
2245758878,HCP03984,,Prescriber8878,8978 Main St,Houston,TX,77030,OMF,DDS,Y,Y,,Y
2245792336,Kristina,R,Scott,1325 Satellite Blvd NW Ste 400,Suwanee,GA,30024,P,MD,Y,Y,A,
2245981506,Roberto,M,Moore,6215 Harvey St,Muskegon,MI,49444,AI,MD,Y,Y,,Y
2246224917,HCP03985,,Prescriber4917,5017 Main St,Lexington,NC,27292,PD,MD,Y,Y,,Y
2246389969,HCP03986,,Prescriber9969,1069 Main St,Boca Raton,FL,33431,P,MD,Y,Y,,Y
2246506391,Joshua,E,Dixon,2705 N Lebanon St Ste 310,Lebanon,IN,46052,PD,MD,Y,Y,B,
2248177319,HCP03987,,Prescriber7319,7419 Main St,Houston,TX,77030,PD,DO,Y,Y,,Y
2248182151,HCP03988,,Prescriber2151,2251 Main St,Houston,TX,77030,HOS,PA,Y,Y,,Y
2248952549,HCP03989,,Prescriber2549,2649 Main St,Plainview,NY,11803,PD,NP,Y,Y,,Y
2249059961,HCP03990,,Prescriber9961,1061 Main St,Round Rock,TX,78681,IM,MD,Y,Y,,Y
2250275775,HCP03991,,Prescriber5775,5875 Main St,Phoenix,AZ,85018,PD,MD,Y,Y,,Y
2250726760,HCP03992,,Prescriber6760,6860 Main St,Midlothian,VA,23113,PD,NP,Y,Y,,Y
2251951395,Danielle,B,Wallace,16 Professional Park Dr,Webster,TX,77598,PD,MD,N,Y,A,
2252117059,HCP03993,,Prescriber7059,7159 Main St,Houston,TX,77030,AN,MD,Y,Y,,Y
2252540692,HCP03994,,Prescriber0692,792 Main St,Phoenix,AZ,85037,P,NP,Y,Y,,Y
2252584160,HCP03995,,Prescriber4160,4260 Main St,Houston,TX,77030,GP,RN,Y,Y,,Y
2252721016,Johnathan,D,Holland,4010 Dupont Cir Ste 202,Louisville,KY,40207,GP,NP,Y,Y,A,
2253559424,HCP03996,,Prescriber9424,524 Main St,Gastonia,NC,28054,PD,MD,Y,Y,,Y
2254348172,HCP03997,,Prescriber8172,8272 Main St,Arvada,CO,80002,P,MD,Y,Y,,Y
2254510267,HCP03998,,Prescriber0267,367 Main St,Bellmore,NY,11710,FM,NP,Y,Y,,Y
2254730224,Jennifer,A,Beard DVM,2520 Bert Kouns Industrial Loop Ste 105,Shreveport,LA,71118,FM,NP,Y,Y,,Y
2254989904,HCP03999,,Prescriber9904,1004 Main St,Houston,TX,77030,EM,MD,Y,Y,,Y
2255128725,HCP04000,,Prescriber8725,8825 Main St,Houston,TX,77030,PD,NP,Y,Y,,Y
2255250400,Alexandra,D,Anderson,300 Office Park Dr Ste 303,Homewood,AL,35209,PD,MD,Y,Y,A,
2255712146,HCP04001,,Prescriber2146,2246 Main St,Philadelphia,PA,19102,CHP,MD,Y,Y,,Y
2255984870,HCP04002,,Prescriber4870,4970 Main St,Chicago,IL,60612,U,DO,Y,Y,,Y
2255986548,HCP04003,,Prescriber6548,6648 Main St,Pasadena,TX,77505,PD,MD,Y,Y,,Y
2256509857,HCP04004,,Prescriber9857,957 Main St,Orangeburg,SC,29115,PD,MD,Y,Y,,Y
2256527457,HCP04005,,Prescriber7457,7557 Main St,Kernersville,NC,27284,PD,PA,Y,Y,,Y
2256545284,HCP04006,,Prescriber5284,5384 Main St,Starkville,MS,39759,P,NP,Y,Y,,Y
2256557416,HCP04007,,Prescriber7416,7516 Main St,Houston,TX,77030,OBG,MD,Y,Y,,Y
2256587037,HCP04008,,Prescriber7037,7137 Main St,Houston,TX,77030,PD,MD,Y,Y,,Y
2256651109,HCP04009,,Prescriber1109,1209 Main St,Cedarhurst,NY,11516,P,MD,Y,Y,,Y
2256783868,HCP04010,,Prescriber3868,3968 Main St,Chicago,IL,60612,GP,PA,Y,Y,,Y
2257522010,HCP04011,,Prescriber2010,2110 Main St,Columbus,OH,43235,GP,NP,Y,Y,,Y
2258264554,Robert,F,Thornton,115 Saint Clair Ave SE Ste 200,Huntsville,AL,35801,FM,NP,Y,Y,B,
2258365910,HCP04012,,Prescriber5910,6010 Main St,Houston,TX,77030,PD,MD,Y,Y,,Y
2258394004,HCP04013,,Prescriber4004,4104 Main St,Houston,TX,77030,GP,PA,Y,Y,,Y
2258559275,HCP04014,,Prescriber9275,375 Main St,Pensacola,FL,32514,FM,MD,Y,Y,,Y
2259950827,HCP04015,,Prescriber0827,927 Main St,Salt Lake City,UT,84106,FM,NP,Y,Y,,Y
2260058246,HCP04016,,Prescriber8246,8346 Main St,Salina,KS,67401,FM,MD,Y,Y,,Y
2260114642,Sherri,M,Brown,3813 Williams Blvd,Kenner,LA,70065,GP,NP,Y,Y,,
2260557394,HCP04017,,Prescriber7394,7494 Main St,Seattle,WA,98104,GP,MD,Y,Y,,Y
2260701272,HCP04018,,Prescriber1272,1372 Main St,Oklahoma City,OK,73114,IM,MD,Y,Y,,Y
2265482820,HCP04019,,Prescriber2820,2920 Main St,Houston,TX,77030,PHT,PT,Y,Y,,Y
2265876193,HCP04020,,Prescriber6193,6293 Main St,Springfield,MO,65804,P,MD,Y,Y,,Y
2266655227,HCP04021,,Prescriber5227,5327 Main St,Knoxville,TN,37909,P,NP,Y,Y,,Y
2266985631,HCP04022,,Prescriber5631,5731 Main St,Houston,TX,77030,PD,NP,Y,Y,,Y
2267001886,HCP04023,,Prescriber1886,1986 Main St,Houston,TX,77030,HOS,MD,Y,Y,,Y
2267178301,HCP04024,,Prescriber8301,8401 Main St,Rincon,GA,31326,IM,MD,Y,Y,,Y
2267982063,HCP04025,,Prescriber2063,2163 Main St,Carmel,IN,46032,PD,MD,Y,Y,,Y
2268174081,HCP04026,,Prescriber4081,4181 Main St,Houston,TX,77030,PD,MD,Y,Y,,Y
2268192321,HCP04027,,Prescriber2321,2421 Main St,Overland Park,KS,66204,PD,MD,Y,Y,,Y
2268306140,HCP04028,,Prescriber6140,6240 Main St,Castle Rock,CO,80104,FM,MD,Y,Y,,Y
2268460112,HCP04029,,Prescriber0112,212 Main St,Spartanburg,SC,29301,FM,NP,Y,Y,,Y
2268878688,HCP04030,,Prescriber8688,8788 Main St,Morehead City,NC,28557,FM,NP,Y,Y,,Y
2269018356,HCP04031,,Prescriber8356,8456 Main St,Houston,TX,77030,GP,PA,Y,Y,,Y
2269092363,Noah,G,Williams,5470 W Lovers Ln Ste 330,Dallas,TX,75209,PD,MD,Y,Y,,Y
2270165156,David,L,Richards,240 Patchogue Yaphank Rd Ste 1,East Patchogue,NY,11772,AI,MD,Y,Y,,Y
2271462379,HCP04032,,Prescriber2379,2479 Main St,Chicago,IL,60612,HOS,MD,Y,Y,,Y
2271852166,Lee,E,Santiago,10537 State Road 54,Trinity,FL,34655,PD,MD,Y,Y,B,
2272191122,Lisa,M,Wilson,7400 Jager Ct,Cincinnati,OH,45230,PD,MD,Y,Y,C,
2272274369,HCP04033,,Prescriber4369,4469 Main St,Houston,TX,77030,D,MD,Y,Y,,Y
2272745766,HCP04034,,Prescriber5766,5866 Main St,Houston,TX,77030,PD,MD,Y,Y,,Y
2272898703,Maria,,Lewis,5000 Cedar Plaza Pkwy Ste 350,Saint Louis,MO,63128,P,MD,Y,Y,A,
2273400175,Eric,E,Wilson,2112 Cherry Valley Rd Ste G,Zanesville,OH,43701,P,NP,Y,Y,C,
2274214318,HCP04035,,Prescriber4318,4418 Main St,Charleston,SC,29425,FM,MD,Y,Y,,Y
2274298593,HCP04036,,Prescriber8593,8693 Main St,Houston,TX,77030,PM,MD,Y,Y,,Y
2275522897,HCP04037,,Prescriber2897,2997 Main St,Villanova,PA,19085,P,NP,Y,Y,,Y
2275844712,HCP04038,,Prescriber4712,4812 Main St,Brooklyn,NY,11238,GP,MD,Y,Y,,Y
2276048257,HCP04039,,Prescriber8257,8357 Main St,Brooklyn,NY,11203,P,MD,Y,Y,,Y
2276063748,HCP04040,,Prescriber3748,3848 Main St,Houston,TX,77030,FM,MD,Y,Y,,Y
2276158142,HCP04041,,Prescriber8142,8242 Main St,Houston,TX,77030,IM,MD,Y,Y,,Y
2276232038,HCP04042,,Prescriber2038,2138 Main St,Indianapolis,IN,46202,GE,MD,Y,Y,,Y
2276286196,HCP04043,,Prescriber6196,6296 Main St,Houston,TX,77030,HOS,MD,Y,Y,,Y
2276331382,HCP04044,,Prescriber1382,1482 Main St,Miami,FL,33136,WH,NP,Y,Y,,Y
2276625700,HCP04045,,Prescriber5700,5800 Main St,Houston,TX,77030,PD,MD,Y,Y,,Y
2277032335,HCP04046,,Prescriber2335,2435 Main St,Houston,TX,77030,P,NP,Y,Y,,Y
2277370916,HCP04047,,Prescriber0916,1016 Main St,Atlanta,GA,30338,FM,MD,Y,Y,,Y
2277682392,HCP04048,,Prescriber2392,2492 Main St,San Antonio,TX,78207,PD,DO,Y,Y,,Y
2277754499,HCP04049,,Prescriber4499,4599 Main St,Southern Pines,NC,28387,PD,MD,Y,Y,,Y
2278084157,Mark,A,Reyes,4575 Everhard Rd NW,Canton,OH,44718,PD,MD,Y,Y,,Y
2278190256,HCP04050,,Prescriber0256,356 Main St,Panama City,FL,32405,PD,MD,Y,Y,,Y
2278633698,HCP04051,,Prescriber3698,3798 Main St,Fishkill,NY,12524,P,NP,Y,Y,,Y
2280035366,HCP04052,,Prescriber5366,5466 Main St,Napoleonville,LA,70390,FM,MD,Y,Y,,Y
2280755195,HCP04053,,Prescriber5195,5295 Main St,Clinton,IA,52732,PSM,DO,Y,Y,,Y
2280906119,HCP04054,,Prescriber6119,6219 Main St,Charleston,SC,29425,GP,NP,Y,Y,,Y
2281087217,HCP04055,,Prescriber7217,7317 Main St,Oklahoma City,OK,73104,PD,MD,Y,Y,,Y
2282113635,HCP04056,,Prescriber3635,3735 Main St,Jeffersonville,IN,47130,P,PA,Y,Y,,Y
2282844996,Donald,D,Sanchez,15A Baynard Park,Newnan,GA,30265,PD,MD,Y,Y,,Y
2283123337,HCP04057,,Prescriber3337,3437 Main St,Miami,FL,33136,IC,MD,Y,Y,,Y
2283474918,HCP04058,,Prescriber4918,5018 Main St,Fort Myers,FL,33912,FM,MD,Y,Y,,Y
2283892671,HCP04059,,Prescriber2671,2771 Main St,Cedar Rapids,IA,52402,P,MD,Y,Y,,Y
2284431454,HCP04060,,Prescriber1454,1554 Main St,Houston,TX,77030,GP,MD,Y,Y,,Y
2284926326,HCP04061,,Prescriber6326,6426 Main St,Rockville Centre,NY,11570,PD,MD,Y,Y,,Y
2285000270,Dana,C,Baker,2630 E 7th St Ste 101,Charlotte,NC,28204,PD,MD,Y,Y,,Y
2285007852,HCP04062,,Prescriber7852,7952 Main St,Charleston,SC,29425,GS,PA,Y,Y,,Y
2285462526,Alyssa,W,Williams,6720 Patterson Ave,Henrico,VA,23228,P,NP,Y,Y,C,
2286587237,HCP04063,,Prescriber7237,7337 Main St,Denver,CO,80238,FM,MD,Y,Y,,Y
2286812068,HCP04064,,Prescriber2068,2168 Main St,Atlanta,GA,30322,ID,MD,Y,Y,,Y
2287742715,HCP04065,,Prescriber2715,2815 Main St,Blue Springs,MO,64015,PD,MD,Y,Y,,Y
2287782214,HCP04066,,Prescriber2214,2314 Main St,San Antonio,TX,78232,CHP,MD,Y,Y,,Y
2287789435,Jason,S,Hernandez,1300 E Bradford Pkwy,Springfield,MO,65804,P,MD,N,Y,B,
2288089545,Steven,B,Henry,10 Market Square Way Ste 100,Newnan,GA,30265,PD,MD,Y,Y,,Y
2289344664,HCP04067,,Prescriber4664,4764 Main St,Indianapolis,IN,46202,FM,NP,Y,Y,,Y
2289400689,HCP04068,,Prescriber0689,789 Main St,Portland,OR,97225,PD,MD,Y,Y,,Y
2289527949,Helen,K,Brown,303 N Clyde Morris Blvd,Daytona Beach,FL,32114,P,NP,Y,Y,B,
2290336345,HCP04069,,Prescriber6345,6445 Main St,Houston,TX,77030,IM,DO,Y,Y,,Y
2290773445,HCP04070,,Prescriber3445,3545 Main St,Houston,TX,77030,DEN,DDS,Y,Y,,Y
2290900267,HCP04071,,Prescriber0267,367 Main St,Issaquah,WA,98027,FM,NP,Y,Y,,Y
2290915332,HCP04072,,Prescriber5332,5432 Main St,Houston,TX,77030,PD,NP,Y,Y,,Y
2290931617,HCP04073,,Prescriber1617,1717 Main St,Huntersville,NC,28078,PD,PA,Y,Y,,Y
2292406813,Anne,N,Adams,11183 S Orange Blossom Trl Ste C,Orlando,FL,32837,PD,MD,Y,Y,,Y
2292433101,HCP04074,,Prescriber3101,3201 Main St,New York,NY,10003,PD,MD,Y,Y,,Y
2292989604,HCP04075,,Prescriber9604,704 Main St,Houston,TX,77030,DIA,MD,Y,Y,,Y
2293861260,HCP04076,,Prescriber1260,1360 Main St,Houston,TX,77030,NEP,MD,Y,Y,,Y
2293902176,HCP04077,,Prescriber2176,2276 Main St,Grand Rapids,MI,49546,PD,MD,Y,Y,,Y
2294780739,HCP04078,,Prescriber0739,839 Main St,Miami,FL,33136,FM,NP,Y,Y,,Y
2295944660,HCP04079,,Prescriber4660,4760 Main St,Houston,TX,77030,PTH,MD,Y,Y,,Y
2296133761,HCP04080,,Prescriber3761,3861 Main St,Houston,TX,77030,FM,NP,Y,Y,,Y
2297216810,Matthew,E,Collins,14135 Ballantyne Corporate Pl,Charlotte,NC,28277,AI,NP,Y,Y,,Y
2298120840,HCP04081,,Prescriber0840,940 Main St,Baltimore,MD,21201,PD,MD,Y,Y,,Y
2298772926,HCP04082,,Prescriber2926,3026 Main St,Chicago,IL,60612,ATP,MD,Y,Y,,Y
2299088171,HCP04083,,Prescriber8171,8271 Main St,Houston,TX,77030,P,NP,Y,Y,,Y
2299180048,HCP04084,,Prescriber0048,148 Main St,Philadelphia,PA,19104,HO,MD,Y,Y,,Y
2300148270,Scott,K,Jones,11130 Kingston Pike Suite 7&8,Knoxville,TN,37934,FM,MD,Y,Y,A,
2300476390,HCP04085,,Prescriber6390,6490 Main St,Houston,TX,77030,NS,MD,Y,Y,,Y
2300555832,HCP04086,,Prescriber5832,5932 Main St,Columbus,OH,43210,P,MD,Y,Y,,Y
2301298970,HCP04087,,Prescriber8970,9070 Main St,Miami,FL,33136,PS,MD,Y,Y,,Y
2301607575,HCP04088,,Prescriber7575,7675 Main St,Houston,TX,77030,EM,MD,Y,Y,,Y
2302291848,HCP04089,,Prescriber1848,1948 Main St,Houston,TX,77030,R,PA,Y,Y,,Y
2302419195,HCP04090,,Prescriber9195,295 Main St,Rockwall,TX,75087,PD,MD,Y,Y,,Y
2302425051,HCP04091,,Prescriber5051,5151 Main St,Houston,TX,77030,GP,NP,Y,Y,,Y
2302476245,HCP04092,,Prescriber6245,6345 Main St,Houston,TX,77030,GS,MD,Y,Y,,Y
2303985687,HCP04093,,Prescriber5687,5787 Main St,Sarasota,FL,34237,P,NP,Y,Y,,Y
2305251878,HCP04094,,Prescriber1878,1978 Main St,Houston,TX,77030,P,MD,Y,Y,,Y
2305336278,HCP04095,,Prescriber6278,6378 Main St,Houston,TX,77030,FM,NP,Y,Y,,Y
2305636606,Robert,M,Stanley,601 Beacon Pkwy W Ste 201,Gainesville,FL,32606,P,MD,Y,Y,A,
2306516354,HCP04096,,Prescriber6354,6454 Main St,Northville,MI,48167,P,PA,Y,Y,,Y
2307303980,HCP04097,,Prescriber3980,4080 Main St,Gainesville,FL,32608,PD,MD,Y,Y,,Y
2308046454,Joan,D,Brown,5439 Airline Hwy,Baton Rouge,LA,70805,UCM,PA,Y,Y,,
2308235342,HCP04098,,Prescriber5342,5442 Main St,Rockwall,TX,75032,PD,MD,Y,Y,,Y
2308347633,HCP04099,,Prescriber7633,7733 Main St,San Francisco,CA,94132,PD,MD,Y,Y,,Y
2308603706,HCP04100,,Prescriber3706,3806 Main St,Bonney Lake,WA,98391,FM,MD,Y,Y,,Y
2309061785,HCP04101,,Prescriber1785,1885 Main St,Kansas City,KS,66160,OBG,MD,Y,Y,,Y
2309140360,HCP04102,,Prescriber0360,460 Main St,Houston,TX,77030,ICE,MD,Y,Y,,Y
2309367852,HCP04103,,Prescriber7852,7952 Main St,Shrub Oak,NY,10588,GP,PA,Y,Y,,Y
2309981014,HCP04104,,Prescriber1014,1114 Main St,Golden,CO,80401,FM,MD,Y,Y,,Y
2310660758,HCP04105,,Prescriber0758,858 Main St,Houston,TX,77030,ORS,MD,Y,Y,,Y
2310671760,HCP04106,,Prescriber1760,1860 Main St,Coldwater,MI,49036,PD,NP,Y,Y,,Y
2310964556,HCP04107,,Prescriber4556,4656 Main St,Houston,TX,77030,RNR,MD,Y,Y,,Y
2311350430,HCP04108,,Prescriber0430,530 Main St,Houston,TX,77030,PD,MD,Y,Y,,Y
2311959703,Benjamin,S,Morgan,194 N Harrison St,Princeton,NJ,08540,P,MD,Y,Y,C,
2312017641,HCP04109,,Prescriber7641,7741 Main St,Houston,TX,77030,AN,MD,Y,Y,,Y
2312259457,HCP04110,,Prescriber9457,557 Main St,Milwaukee,WI,53226,CHP,MD,Y,Y,,Y
2313745415,HCP04111,,Prescriber5415,5515 Main St,Houston,TX,77030,GP,PA,Y,Y,,Y
2314016210,HCP04112,,Prescriber6210,6310 Main St,Pompano Beach,FL,33063,PD,MD,Y,Y,,Y
2314738271,HCP04113,,Prescriber8271,8371 Main St,Greenville,SC,29611,P,NP,Y,Y,,Y
2315941542,Timothy,A,Atkinson,201 E Interstate 30 Ste 100,Rockwall,TX,75087,PD,MD,Y,Y,C,
2316132210,HCP04114,,Prescriber2210,2310 Main St,Bel Air,MD,21014,IM,MD,Y,Y,,Y
2316346953,HCP04115,,Prescriber6953,7053 Main St,Philadelphia,PA,19104,IM,DO,Y,Y,,Y
2316821696,HCP04116,,Prescriber1696,1796 Main St,Louisville,KY,40202,PED,DMD,Y,Y,,Y
2316919455,HCP04117,,Prescriber9455,555 Main St,Houston,TX,77030,DR,MD,Y,Y,,Y
2317034130,HCP04118,,Prescriber4130,4230 Main St,Oklahoma City,OK,73104,ORS,PA,Y,Y,,Y
2318457229,HCP04119,,Prescriber7229,7329 Main St,Atlanta,GA,30322,IC,MD,Y,Y,,Y
2319821168,HCP04120,,Prescriber1168,1268 Main St,Houston,TX,77030,PD,NP,Y,Y,,Y
2319827676,HCP04121,,Prescriber7676,7776 Main St,Houston,TX,77030,FM,MD,Y,Y,,Y
2320636417,HCP04122,,Prescriber6417,6517 Main St,Athens,TN,37303,NPM,NP,Y,Y,,Y
2320963717,HCP04123,,Prescriber3717,3817 Main St,Warrenton,MO,63383,FM,MD,Y,Y,,Y
2321709176,HCP04124,,Prescriber9176,276 Main St,Austin,TX,78731,P,MD,Y,Y,,Y
2322078005,HCP04125,,Prescriber8005,8105 Main St,Franklin,TN,37064,P,NP,Y,Y,,Y
2322199308,HCP04126,,Prescriber9308,408 Main St,Houston,TX,77030,FM,MD,Y,Y,,Y
2322399957,Patricia,M,Salinas,59325 River West Dr Ste D,Plaquemine,LA,70764,PD,MD,Y,Y,,Y
2322986085,Edwin,,Scott,26032 Detroit Rd Ste 1,Westlake,OH,44145,P,MD,Y,Y,A,
2323612592,HCP04127,,Prescriber2592,2692 Main St,Fletcher,NC,28732,FM,NP,Y,Y,,Y
2324513733,HCP04128,,Prescriber3733,3833 Main St,Commack,NY,11725,PD,MD,Y,Y,,Y
2324830961,HCP04129,,Prescriber0961,1061 Main St,Houston,TX,77030,NS,MD,Y,Y,,Y
2326109559,HCP04130,,Prescriber9559,659 Main St,Palm Beach Gardens,FL,33410,P,MD,Y,Y,,Y
2326205996,HCP04131,,Prescriber5996,6096 Main St,Houston,TX,77030,FM,NP,Y,Y,,Y
2326943198,HCP04132,,Prescriber3198,3298 Main St,Missouri City,TX,77459,CHP,MD,Y,Y,,Y
2327101571,HCP04133,,Prescriber1571,1671 Main St,Houston,TX,77030,AN,MD,Y,Y,,Y
2327627341,HCP04134,,Prescriber7341,7441 Main St,Houston,TX,77030,PD,MD,Y,Y,,Y
2327741939,HCP04135,,Prescriber1939,2039 Main St,Miami,FL,33136,NEP,MD,Y,Y,,Y
2327866365,Monica,,Williams,6100 Lake Forrest Dr Ste 100,Atlanta,GA,30328,PD,MD,Y,Y,C,
2327977746,HCP04136,,Prescriber7746,7846 Main St,Mckinney,TX,75070,AN,MD,Y,Y,,Y
2328712764,Kurt,,Robertson,1 Bethany Rd Ste 69,Hamilton,NJ,08619,P,NP,Y,Y,A,
2328812993,HCP04137,,Prescriber2993,3093 Main St,Richmond,VA,23298,CD,PA,Y,Y,,Y
2328918284,HCP04138,,Prescriber8284,8384 Main St,Houston,TX,77030,EM,MD,Y,Y,,Y
2329044900,HCP04139,,Prescriber4900,5000 Main St,Houston,TX,77030,PD,NP,Y,Y,,Y
2329482470,HCP04140,,Prescriber2470,2570 Main St,Charlotte,NC,28211,PD,MD,Y,Y,,Y
2329581913,HCP04141,,Prescriber1913,2013 Main St,Houston,TX,77030,FM,MD,Y,Y,,Y
2329686200,HCP04142,,Prescriber6200,6300 Main St,Canonsburg,PA,15317,P,NP,Y,Y,,Y
2330055156,HCP04143,,Prescriber5156,5256 Main St,Richmond,VA,23298,CHP,MD,Y,Y,,Y
2330126415,Misty,O,Drake,400 Liberty Hill Rd,Lumberton,NC,28358,ADL,MD,Y,Y,,Y
2330803119,HCP04144,,Prescriber3119,3219 Main St,Houston,TX,77030,DEN,DDS,Y,Y,,Y
2331008591,HCP04145,,Prescriber8591,8691 Main St,Murfreesboro,TN,37129,P,NP,Y,Y,,Y
2331374255,Christopher,M,King,129 Sherlock Dr,Statesville,NC,28625,PD,NP,Y,Y,,Y
2331709775,HCP04146,,Prescriber9775,875 Main St,Medina,OH,44256,PD,MD,Y,Y,,Y
2331730875,HCP04147,,Prescriber0875,975 Main St,Lake Mary,FL,32746,FM,DO,Y,Y,,Y
2331950661,HCP04148,,Prescriber0661,761 Main St,Houston,TX,77030,U,MD,Y,Y,,Y
2332841976,HCP04149,,Prescriber1976,2076 Main St,Columbia,SC,29229,PD,MD,Y,Y,,Y
2332909326,HCP04150,,Prescriber9326,426 Main St,Meridian,MS,39301,FM,MD,Y,Y,,Y
2333345488,HCP04151,,Prescriber5488,5588 Main St,Houston,TX,77030,P,MD,Y,Y,,Y
2333481353,HCP04152,,Prescriber1353,1453 Main St,Washington,DC,20008,P,MD,Y,Y,,Y
2334563502,HCP04153,,Prescriber3502,3602 Main St,New York,NY,10022,N,MD,Y,Y,,Y
2334941554,HCP04154,,Prescriber1554,1654 Main St,Henrico,VA,23233,FM,MD,Y,Y,,Y
2335821623,Michelle,R,Baker,4775 Knightsbridge Blvd Ste 207,Columbus,OH,43214,PD,MD,Y,Y,B,
2336162277,HCP04155,,Prescriber2277,2377 Main St,Winston-Salem,NC,27103,PD,MD,Y,Y,,Y
2336721839,HCP04156,,Prescriber1839,1939 Main St,Atlanta,GA,30322,GP,RN,Y,Y,,Y
2336751550,Jaime,T,Sutton,1508 S Broad St Ste 300,Scottsboro,AL,35768,PD,MD,Y,Y,,Y
2336753473,HCP04157,,Prescriber3473,3573 Main St,Philadelphia,PA,19114,PD,DO,Y,Y,,Y
2338386249,HCP04158,,Prescriber6249,6349 Main St,Houston,TX,77030,ICE,MD,Y,Y,,Y
2338846918,HCP04159,,Prescriber6918,7018 Main St,Tempe,AZ,85282,FM,PA,Y,Y,,Y
2338935269,HCP04160,,Prescriber5269,5369 Main St,Houston,TX,77030,IM,DO,Y,Y,,Y
2340415694,HCP04161,,Prescriber5694,5794 Main St,Galveston,TX,77555,FM,MD,Y,Y,,Y
2341022515,HCP04162,,Prescriber2515,2615 Main St,Brighton,CO,80601,GP,PA,Y,Y,,Y
2341324933,HCP04163,,Prescriber4933,5033 Main St,Miami,FL,33136,HOS,DO,Y,Y,,Y
2342449468,HCP04164,,Prescriber9468,568 Main St,Crowley,LA,70526,WH,NP,Y,Y,,Y
2342923658,Robert,C,Lloyd,1516 Chemin Metairie Rd Ste B,Youngsville,LA,70592,OTO,MD,Y,Y,,Y
2344518205,Nicole,B,Williams,600 S Dobson Rd Ste E-36,Gilbert,AZ,85295,P,NP,Y,Y,B,
2345271617,HCP04165,,Prescriber1617,1717 Main St,Dalton,GA,30720,PD,MD,Y,Y,,Y
2345679882,HCP04166,,Prescriber9882,982 Main St,Indianapolis,IN,46202,P,DO,Y,Y,,Y
2346460859,HCP04167,,Prescriber0859,959 Main St,Kernersville,NC,27284,PD,MD,Y,Y,,Y
2346869122,HCP04168,,Prescriber9122,222 Main St,Peachtree City,GA,30269,PD,MD,Y,Y,,Y
2347442626,HCP04169,,Prescriber2626,2726 Main St,Miami,FL,33136,PD,MD,Y,Y,,Y
2347823715,HCP04170,,Prescriber3715,3815 Main St,Fulshear,TX,77441,PD,DO,Y,Y,,Y
2348773772,HCP04171,,Prescriber3772,3872 Main St,Houston,TX,77030,IM,MD,Y,Y,,Y
2349722724,HCP04172,,Prescriber2724,2824 Main St,Charleston,SC,29425,GS,PA,Y,Y,,Y
2350080027,Michelle,J,Hammond,30423 Canwood St Ste 140,Agoura Hills,CA,91301,P,MD,Y,Y,A,
2350853123,Elizabeth,V,Dixon,33215 7 Mile Rd,Livonia,MI,48152,PD,MD,Y,Y,A,Y
2351055035,HCP04173,,Prescriber5035,5135 Main St,Mandeville,LA,70471,PSY,PSY,Y,Y,,Y
2351837958,Elizabeth,E,Gordon,5123 W St Joe Hwy Ste 205,Lansing,MI,48917,GP,NP,Y,Y,A,
2351910429,HCP04174,,Prescriber0429,529 Main St,Huntington,NY,11743,P,MD,Y,Y,,Y
2352017044,HCP04175,,Prescriber7044,7144 Main St,Houston,TX,77030,PD,MD,Y,Y,,Y
2352387818,HCP04176,,Prescriber7818,7918 Main St,Houston,TX,77030,DEN,DDS,Y,Y,,Y
2352976447,HCP04177,,Prescriber6447,6547 Main St,Hickory,NC,28601,P,NP,Y,Y,,Y
2353410438,HCP04178,,Prescriber0438,538 Main St,New York,NY,10036,ADU,NP,Y,Y,,Y
2353517271,Timothy,K,Barnes,17609 Old Jefferson Hwy Ste F,Prairieville,LA,70769,PD,MD,Y,Y,,
2354016089,Scott,R,Edwards,7941 Broad River Rd,Irmo,SC,29063,PD,MD,Y,Y,,Y
2355151842,Brian,D,Gonzalez,156 W 86th St Apt 1B,Armonk,NY,10504,CHP,MD,Y,Y,A,
2355160653,HCP04179,,Prescriber0653,753 Main St,Philadelphia,PA,19104,AN,RN,Y,Y,,Y
2355797849,HCP04180,,Prescriber7849,7949 Main St,Houston,TX,77030,IM,MD,Y,Y,,Y
2355924186,HCP04181,,Prescriber4186,4286 Main St,Chapel Hill,NC,27517,IM,MD,Y,Y,,Y
2355928755,HCP04182,,Prescriber8755,8855 Main St,Prospect,KY,40059,PD,MD,Y,Y,,Y
2356290709,HCP04183,,Prescriber0709,809 Main St,New York,NY,10016,GP,RN,Y,Y,,Y
2356377593,HCP04184,,Prescriber7593,7693 Main St,Wilmington,NC,28412,GP,PA,Y,Y,,Y
2357443436,HCP04185,,Prescriber3436,3536 Main St,Houston,TX,77030,FM,NP,Y,Y,,Y
2357604686,HCP04186,,Prescriber4686,4786 Main St,Houston,TX,77030,GS,MD,Y,Y,,Y
2358082677,HCP04187,,Prescriber2677,2777 Main St,Jackson,MS,39216,PTH,MD,Y,Y,,Y
2358933949,HCP04188,,Prescriber3949,4049 Main St,Houston,TX,77030,PSY,NP,Y,Y,,Y
2360223761,HCP04189,,Prescriber3761,3861 Main St,Durham,NC,27705,PMR,MD,Y,Y,,Y
2360768330,HCP04190,,Prescriber8330,8430 Main St,Houston,TX,77030,POD,DPM,Y,Y,,Y
2361602417,HCP04191,,Prescriber2417,2517 Main St,Houston,TX,77030,PUD,MD,Y,Y,,Y
2361693438,HCP04192,,Prescriber3438,3538 Main St,Gilbert,AZ,85296,P,NP,Y,Y,,Y
2362019177,HCP04193,,Prescriber9177,277 Main St,Austin,TX,78746,P,MD,Y,Y,,Y
2362671321,HCP04194,,Prescriber1321,1421 Main St,Richmond,VA,23298,PD,DO,Y,Y,,Y
2362700690,HCP04195,,Prescriber0690,790 Main St,Hamburg,NY,14075,P,MD,Y,Y,,Y
2362756723,HCP04196,,Prescriber6723,6823 Main St,Miami,FL,33136,IM,MD,Y,Y,,Y
2362785472,HCP04197,,Prescriber5472,5572 Main St,Houston,TX,77030,FM,MD,Y,Y,,Y
2363624191,HCP04198,,Prescriber4191,4291 Main St,Gainesville,GA,30501,PD,MD,Y,Y,,Y
2364034716,HCP04199,,Prescriber4716,4816 Main St,Kansas City,KS,66160,GS,PA,Y,Y,,Y
2364500664,Shannon,M,Banks,9525 Katy Fwy Ste 138,Houston,TX,77024,P,DO,Y,Y,A,
2364767209,HCP04200,,Prescriber7209,7309 Main St,Chicago,IL,60612,RO,MD,Y,Y,,Y
2365225826,HCP04201,,Prescriber5826,5926 Main St,Houston,TX,77030,ID,MD,Y,Y,,Y
2365537130,HCP04202,,Prescriber7130,7230 Main St,Houston,TX,77030,PD,MD,Y,Y,,Y
2366030492,HCP04203,,Prescriber0492,592 Main St,Charleston,SC,29401,FM,NP,Y,Y,,Y
2366179985,HCP04204,,Prescriber9985,1085 Main St,Cleveland,OH,44195,GP,RN,Y,Y,,Y
2366520542,HCP04205,,Prescriber0542,642 Main St,Houston,TX,77030,IM,MD,Y,Y,,Y
2366961896,HCP04206,,Prescriber1896,1996 Main St,Gilbert,AZ,85297,PD,MD,Y,Y,,Y
2367186382,HCP04207,,Prescriber6382,6482 Main St,South Bend,IN,46601,P,MD,Y,Y,,Y
2368191645,HCP04208,,Prescriber1645,1745 Main St,Indianapolis,IN,46202,PD,MD,Y,Y,,Y
2368300691,HCP04209,,Prescriber0691,791 Main St,Houston,TX,77030,PED,DDS,Y,Y,,Y
2369485586,HCP04210,,Prescriber5586,5686 Main St,Durham,NC,27705,N,MD,Y,Y,,Y
2369788445,HCP04211,,Prescriber8445,8545 Main St,Phoenix,AZ,85016,HO,PA,Y,Y,,Y
2370020346,HCP04212,,Prescriber0346,446 Main St,Charleston,SC,29425,END,NP,Y,Y,,Y
2370082634,HCP04213,,Prescriber2634,2734 Main St,Oklahoma City,OK,73104,VS,MD,Y,Y,,Y
2370445079,HCP04214,,Prescriber5079,5179 Main St,Houston,TX,77030,AN,APRN,Y,Y,,Y
2371902579,HCP04215,,Prescriber2579,2679 Main St,Iowa City,IA,52242,GP,NP,Y,Y,,Y
2372268099,HCP04216,,Prescriber8099,8199 Main St,Chicago,IL,60612,CHN,MD,Y,Y,,Y
2372913835,HCP04217,,Prescriber3835,3935 Main St,Douglasville,GA,30134,PD,MD,Y,Y,,Y
2372995662,HCP04218,,Prescriber5662,5762 Main St,Houston,TX,77030,FM,MD,Y,Y,,Y
2373091896,HCP04219,,Prescriber1896,1996 Main St,Houston,TX,77030,RHU,DO,Y,Y,,Y
2373453638,Jordan,E,Woods,2130 Point Blvd Ste 200,Elgin,IL,60123,P,NP,Y,Y,C,
2374060142,Rebecca,H,Medina,7448 Broad River Rd,Irmo,SC,29063,PD,MD,Y,Y,,Y
2374353814,HCP04220,,Prescriber3814,3914 Main St,Houston,TX,77054,CHP,MD,Y,Y,,Y
2374529250,Karen,L,Smith,14975 US Highway 98,Magnolia Springs,AL,36555,PD,MD,Y,Y,,Y
2374938571,HCP04221,,Prescriber8571,8671 Main St,Belleville,IL,62226,PD,NP,Y,Y,,Y
2375172096,HCP04222,,Prescriber2096,2196 Main St,Deer Park,NY,11729,FM,DO,Y,Y,,Y
2376033416,HCP04223,,Prescriber3416,3516 Main St,Great Neck,NY,11021,PD,MD,Y,Y,,Y
2376278984,Hector,C,Hernandez,3261 24th Ave NW Ste 101,Norman,OK,73069,PD,NP,Y,Y,C,
2377241640,HCP04224,,Prescriber1640,1740 Main St,Hattiesburg,MS,39402,P,MD,Y,Y,,Y
2378533917,HCP04225,,Prescriber3917,4017 Main St,Simpsonville,SC,29681,PD,MD,Y,Y,,Y
2378579888,HCP04226,,Prescriber9888,988 Main St,Ketchikan,AK,99950,HOS,DO,Y,Y,,Y
2379362779,HCP04227,,Prescriber2779,2879 Main St,Houston,TX,77030,HS,MD,Y,Y,,Y
2380442439,HCP04228,,Prescriber2439,2539 Main St,Houston,TX,77030,PEM,MD,Y,Y,,Y
2380602286,HCP04229,,Prescriber2286,2386 Main St,Houston,TX,77030,CD,MD,Y,Y,,Y
2380706006,HCP04230,,Prescriber6006,6106 Main St,Houston,TX,77030,FM,NP,Y,Y,,Y
2380853984,HCP04231,,Prescriber3984,4084 Main St,Houston,TX,77030,ADU,APRN,Y,Y,,Y
2380884523,HCP04232,,Prescriber4523,4623 Main St,Houston,TX,77030,NS,MD,Y,Y,,Y
2381154479,HCP04233,,Prescriber4479,4579 Main St,Houston,TX,77030,OBG,MD,Y,Y,,Y
2382060210,HCP04234,,Prescriber0210,310 Main St,Boulder,CO,80304,P,MD,Y,Y,,Y
2382157572,Emma,O,Martinez,91 Enterprise Dr,Rocky Mount,NC,27804,PD,MD,Y,Y,,Y
2383235374,HCP04235,,Prescriber5374,5474 Main St,Evansville,IN,47715,P,NP,Y,Y,,Y
2383632583,HCP04236,,Prescriber2583,2683 Main St,Millersville,MD,21108,P,NP,Y,Y,,Y
2383868450,HCP04237,,Prescriber8450,8550 Main St,Wichita,KS,67208,PD,MD,Y,Y,,Y
2385106441,HCP04238,,Prescriber6441,6541 Main St,Louisville,OH,44641,FM,NP,Y,Y,,Y
2386050009,HCP04239,,Prescriber0009,109 Main St,Houston,TX,77030,HO,MD,Y,Y,,Y
2386227239,HCP04240,,Prescriber7239,7339 Main St,Durham,NC,27705,GP,PA,Y,Y,,Y
2386305575,HCP04241,,Prescriber5575,5675 Main St,Durham,NC,27705,AC,NP,Y,Y,,Y
2386362672,Lisa,L,Mcdonald,765 State Route 10 Ste 203,Randolph,NJ,07869,PD,NP,Y,Y,,Y
2387708846,Toni,G,Williams,1855 N Webb Rd,Wichita,KS,67206,P,APRN,Y,Y,A,
2387801476,Samantha,V,Reese,1016 Town Dr,Newport,KY,41076,PD,DO,Y,Y,C,
2388490318,HCP04242,,Prescriber0318,418 Main St,Jackson,MS,39216,PD,MD,Y,Y,,Y
2388789285,HCP04243,,Prescriber9285,385 Main St,Houston,TX,77030,APM,DO,Y,Y,,Y
2389662079,HCP04244,,Prescriber2079,2179 Main St,San Diego,CA,92121,IM,MD,Y,Y,,Y
2389758996,HCP04245,,Prescriber8996,9096 Main St,Houston,TX,77030,IM,DO,Y,Y,,Y
2390008652,HCP04246,,Prescriber8652,8752 Main St,Cleveland,OH,44195,ADU,NP,Y,Y,,Y
2390631155,HCP04247,,Prescriber1155,1255 Main St,Prairieville,LA,70769,FM,NP,Y,Y,,Y
2390678485,HCP04248,,Prescriber8485,8585 Main St,Houston,TX,77030,U,MD,Y,Y,,Y
2390962651,HCP04249,,Prescriber2651,2751 Main St,Houston,TX,77030,IM,MD,Y,Y,,Y
2391149864,HCP04250,,Prescriber9864,964 Main St,Ft Mitchell,KY,41017,PD,MD,Y,Y,,Y
2391415806,HCP04251,,Prescriber5806,5906 Main St,Rockville Centre,NY,11570,GP,MD,Y,Y,,Y
2391855495,Jennifer,L,Smith,8200 W Central Ave Ste 1,Wichita,KS,67212,FM,MD,Y,Y,B,
2392084110,HCP04252,,Prescriber4110,4210 Main St,Miami,FL,33136,AN,MD,Y,Y,,Y
2393845888,HCP04253,,Prescriber5888,5988 Main St,Huntersville,NC,28078,FM,NP,Y,Y,,Y
2393877663,HCP04254,,Prescriber7663,7763 Main St,Louisville,KY,40202,FM,NP,Y,Y,,Y
2396965498,HCP04255,,Prescriber5498,5598 Main St,Houston,TX,77030,OBG,MD,Y,Y,,Y
2397006008,Craig,Y,Logan,1940 Club Pond Rd,Raeford,NC,28376,PD,PA,Y,Y,,Y
2397418875,HCP04256,,Prescriber8875,8975 Main St,Erwin,NC,28339,WH,NP,Y,Y,,Y
2397484463,HCP04257,,Prescriber4463,4563 Main St,Houston,TX,77030,PTH,MD,Y,Y,,Y
2399306154,HCP04258,,Prescriber6154,6254 Main St,Waterloo,IA,50703,FM,NP,Y,Y,,Y
2399633428,HCP04259,,Prescriber3428,3528 Main St,Donna,TX,78537,IM,MD,Y,Y,,Y
2399650535,Connie,R,James,209 Old Harrods Creek Rd Ste 400,Louisville,KY,40218,P,NP,Y,Y,A,
2399903698,HCP04260,,Prescriber3698,3798 Main St,Houston,TX,77030,IMG,MD,Y,Y,,Y
2400525589,HCP04261,,Prescriber5589,5689 Main St,Conroe,TX,77384,FM,MD,Y,Y,,Y
2400758284,HCP04262,,Prescriber8284,8384 Main St,Houston,TX,77030,OCT,OT,Y,Y,,Y
2401179599,HCP04263,,Prescriber9599,699 Main St,Houston,TX,77030,FM,NP,Y,Y,,Y
2401548533,HCP04264,,Prescriber8533,8633 Main St,Houston,TX,77030,GP,NP,Y,Y,,Y
2402272752,Julia,Y,Nunez,106 W Myrtle Ave,Foley,AL,36535,PD,NP,Y,Y,,Y
2402496697,HCP04265,,Prescriber6697,6797 Main St,Morgantown,WV,26506,P,NP,Y,Y,,Y
2402670174,HCP04266,,Prescriber0174,274 Main St,Houston,TX,77030,EM,MD,Y,Y,,Y
2402944222,HCP04267,,Prescriber4222,4322 Main St,Houston,TX,77030,EM,NP,Y,Y,,Y
2403049970,HCP04268,,Prescriber9970,1070 Main St,Rockford,IL,61102,P,NP,Y,Y,,Y
2403108682,Tracy,S,Obrien,7900 FM 1826 Ste 1-220,Austin,TX,78737,PD,MD,Y,Y,A,Y
2403340550,HCP04269,,Prescriber0550,650 Main St,Snellville,GA,30078,P,MD,Y,Y,,Y
2404430572,HCP04270,,Prescriber0572,672 Main St,Mobile,AL,36617,FM,MD,Y,Y,,Y
2405277915,HCP04271,,Prescriber7915,8015 Main St,Midlothian,VA,23112,PD,NP,Y,Y,,Y
2406654136,HCP04272,,Prescriber4136,4236 Main St,Spring,TX,77380,PD,MD,Y,Y,,Y
2407163903,HCP04273,,Prescriber3903,4003 Main St,Houston,TX,77030,RHU,PA,Y,Y,,Y
2407284647,HCP04274,,Prescriber4647,4747 Main St,Orlando,FL,32819,P,MD,Y,Y,,Y
2407607924,Rebecca,K,Pearson,910 Park Ave,New York,NY,10075,P,MD,Y,Y,A,
2407710685,HCP04275,,Prescriber0685,785 Main St,Matthews,NC,28105,PD,MD,Y,Y,,Y
2408615002,HCP04276,,Prescriber5002,5102 Main St,Houston,TX,77030,DEN,DDS,Y,Y,,Y
2408757223,Stephanie,L,Shepherd,601 N Belair Sq Ste 15,Augusta,GA,30912,P,MD,Y,Y,A,
2409715204,HCP04277,,Prescriber5204,5304 Main St,Rayne,LA,70578,PD,MD,Y,Y,,Y
2409828130,HCP04278,,Prescriber8130,8230 Main St,Houston,TX,77030,FM,MD,Y,Y,,Y
2410007952,HCP04279,,Prescriber7952,8052 Main St,Clarksville,TN,37043,PD,NP,Y,Y,,Y
2410698712,HCP04280,,Prescriber8712,8812 Main St,Los Angeles,CA,90024,P,MD,Y,Y,,Y
2410993640,Michelle,L,Ellis,4150 Westown Pkwy Ste 106,West Des Moines,IA,50266,P,NP,Y,Y,B,
2411064352,HCP04281,,Prescriber4352,4452 Main St,Charleston,SC,29425,FM,MD,Y,Y,,Y
2412058578,HCP04282,,Prescriber8578,8678 Main St,Houston,TX,77030,FM,MD,Y,Y,,Y
2412441661,HCP04283,,Prescriber1661,1761 Main St,Charleston,SC,29425,AN,MD,Y,Y,,Y
2412496083,HCP04284,,Prescriber6083,6183 Main St,Arlington,TX,76016,DEN,DDS,Y,Y,,Y
2413292655,Anthony,,Grant,1005 N Dupont Sq,Louisville,KY,40207,PD,MD,Y,Y,,Y
2413724371,HCP04285,,Prescriber4371,4471 Main St,Houston,TX,77030,GP,PA,Y,Y,,Y
2414015016,HCP04286,,Prescriber5016,5116 Main St,Birmingham,AL,35242,PD,MD,Y,Y,,Y
2414137938,Richard,E,Smith,2550 E Guadalupe Rd Ste 115,Gilbert,AZ,85234,PD,MD,Y,Y,C,
2414406581,Nicholas,K,Hall,104 Tilghman Dr,Dunn,NC,28334,PD,PA,Y,Y,,Y
2415141648,HCP04287,,Prescriber1648,1748 Main St,Houston,TX,77030,TS,MD,Y,Y,,Y
2416289527,HCP04288,,Prescriber9527,627 Main St,Johnson City,TN,37604,P,PA,Y,Y,,Y
2416296576,HCP04289,,Prescriber6576,6676 Main St,Greenville,SC,29607,P,NP,Y,Y,,Y
2416770819,HCP04290,,Prescriber0819,919 Main St,Houston,TX,77030,FM,MD,Y,Y,,Y
2416773863,HCP04291,,Prescriber3863,3963 Main St,Houston,TX,77030,GP,NP,Y,Y,,Y
2417645688,HCP04292,,Prescriber5688,5788 Main St,Kansas City,KS,66160,GP,NP,Y,Y,,Y
2419018754,David,P,Boone,8800 W 75th St Ste 220,Shawnee Mission,KS,66204,PD,MD,Y,Y,C,
2419389135,HCP04293,,Prescriber9135,235 Main St,Houston,TX,77030,PD,MD,Y,Y,,Y
2419575736,HCP04294,,Prescriber5736,5836 Main St,Denver,CO,80260,P,MD,Y,Y,,Y
2419583982,Crystal,A,Brewer,331 E Puetz Rd 100,West Milwaukee,WI,53214,P,NP,Y,Y,C,
2419660680,HCP04295,,Prescriber0680,780 Main St,Louisville,KY,40217,IM,MD,Y,Y,,Y
2420166800,HCP04296,,Prescriber6800,6900 Main St,Houston,TX,77030,GP,PA,Y,Y,,Y
2420169264,HCP04297,,Prescriber9264,364 Main St,Houston,TX,77030,PD,MD,Y,Y,,Y
2420481407,Adam,A,Blackburn,3300 Riverside Dr Ste 200,Upper Arlington,OH,43221,PD,NP,Y,Y,B,
2421005919,HCP04298,,Prescriber5919,6019 Main St,Phoenix,AZ,85016,DBP,MD,Y,Y,,Y
2421154261,HCP04299,,Prescriber4261,4361 Main St,Houston,TX,77030,OPH,MD,Y,Y,,Y
2422467321,HCP04300,,Prescriber7321,7421 Main St,Birmingham,AL,35233,PD,MD,Y,Y,,Y
2422664330,HCP04301,,Prescriber4330,4430 Main St,Lake Worth,FL,33449,PD,MD,Y,Y,,Y
2423166395,HCP04302,,Prescriber6395,6495 Main St,Norwalk,IA,50211,FM,MD,Y,Y,,Y
2423382401,HCP04303,,Prescriber2401,2501 Main St,Houston,TX,77030,RHU,PA,Y,Y,,Y
2424703526,HCP04304,,Prescriber3526,3626 Main St,Farmington,NM,87401,P,DO,Y,Y,,Y
2425669390,HCP04305,,Prescriber9390,490 Main St,Concord,NC,28025,FM,MD,Y,Y,,Y
2425753608,HCP04306,,Prescriber3608,3708 Main St,College Station,TX,77845,FM,MD,Y,Y,,Y
2425813518,HCP04307,,Prescriber3518,3618 Main St,Omaha,NE,68198,GER,NP,Y,Y,,Y
2426151759,HCP04308,,Prescriber1759,1859 Main St,Chapel Hill,NC,27514,FM,MD,Y,Y,,Y
2428074131,HCP04309,,Prescriber4131,4231 Main St,Huntington,WV,25701,PD,MD,Y,Y,,Y
2428501443,HCP04310,,Prescriber1443,1543 Main St,Granite City,IL,62040,CHP,MD,Y,Y,,Y
2428673008,HCP04311,,Prescriber3008,3108 Main St,Dallas,TX,75231,PD,MD,Y,Y,,Y
2428829164,Mary,V,Lopez,1516 Chemin Metairie Rd,Youngsville,LA,70592,FM,NP,Y,Y,,Y
2429918373,Justin,A,Gregory,205 Thomas St,Bloomfield,NJ,07003,PD,MD,Y,Y,,Y
2430053811,James,,Sloan,155 Spring St Fl 4,New York,NY,10012,GP,NP,Y,Y,B,
2430237000,Alan,N,Herrera,2509 Richardson Dr,Reidsville,NC,27320,AI,NP,Y,Y,,Y
2431160560,HCP04312,,Prescriber0560,660 Main St,West Babylon,NY,11704,FM,DO,Y,Y,,Y
2431686932,HCP04313,,Prescriber6932,7032 Main St,Houston,TX,77030,EM,DO,Y,Y,,Y
2432154799,Brad,M,Castro,504 Route 38 E,Maple Shade,NJ,08052,N,MD,Y,Y,A,
2432270572,HCP04314,,Prescriber0572,672 Main St,Greensboro,NC,27403,PD,MD,Y,Y,,Y
2432625236,James,N,Hill,1301 Fayetteville St,Durham,NC,27707,P,PA,Y,Y,A,
2433451024,HCP04315,,Prescriber1024,1124 Main St,Spring,TX,77386,FPG,MD,Y,Y,,Y
2436774173,HCP04316,,Prescriber4173,4273 Main St,Houston,TX,77030,ADU,MD,Y,Y,,Y
2437602710,HCP04317,,Prescriber2710,2810 Main St,Fort Belvoir,VA,22060,FM,MD,Y,Y,,Y
2437917183,Jenna,D,Jones,3975 I 49 S Service Rd Ste 201,Opelousas,LA,70570,PD,MD,Y,Y,,Y
2438521550,HCP04318,,Prescriber1550,1650 Main St,Houston,TX,77030,ADL,MD,Y,Y,,Y
2438692185,HCP04319,,Prescriber2185,2285 Main St,Houston,TX,77030,EM,MD,Y,Y,,Y
2439213967,HCP04320,,Prescriber3967,4067 Main St,Phoenix,AZ,85016,BAR,PA,Y,Y,,Y
2439602318,Alexandra,,Hendrix,217 Grand St Ste 5,New York,NY,10013,PD,MD,Y,Y,,
2439913824,Brent,A,Nichols,219 Longwood Dr SW,Huntsville,AL,35801,PMD,NP,Y,Y,A,
2440126063,Alexander,E,Johnson,1130 Deer Park Ave,North Babylon,NY,11703,PEM,MD,Y,Y,,Y
2440572377,HCP04321,,Prescriber2377,2477 Main St,Houston,TX,77030,FM,NP,Y,Y,,Y
2440983881,HCP04322,,Prescriber3881,3981 Main St,Ashburn,VA,20147,P,MD,Y,Y,,Y
2441746444,HCP04323,,Prescriber6444,6544 Main St,Houston,TX,77030,GER,RN,Y,Y,,Y
2442281763,Mr.,,Patrick Holt,28 Rotunda Hill Rd,Parsippany,NJ,07054,P,MD,Y,Y,A,
2442590072,HCP04324,,Prescriber0072,172 Main St,Houston,TX,77030,PD,MD,Y,Y,,Y
2444162848,HCP04325,,Prescriber2848,2948 Main St,Houston,TX,77030,DEN,DDS,Y,Y,,Y
2444236595,HCP04326,,Prescriber6595,6695 Main St,Houston,TX,77030,CD,MD,Y,Y,,Y
2444876537,HCP04327,,Prescriber6537,6637 Main St,Miami,FL,33136,FM,PA,Y,Y,,Y
2445118130,HCP04328,,Prescriber8130,8230 Main St,San Antonio,TX,78216,FM,MD,Y,Y,,Y
2445278208,HCP04329,,Prescriber8208,8308 Main St,Indianapolis,IN,46202,CHN,MD,Y,Y,,Y
2445321042,HCP04330,,Prescriber1042,1142 Main St,Houston,TX,77030,FM,NP,Y,Y,,Y
2445540912,HCP04331,,Prescriber0912,1012 Main St,Fort Mill,SC,29708,FM,NP,Y,Y,,Y
2445599353,HCP04332,,Prescriber9353,453 Main St,Cleveland,OH,44195,GP,DO,Y,Y,,Y
2445817603,HCP04333,,Prescriber7603,7703 Main St,Long Beach,CA,90802,P,NP,Y,Y,,Y
2446303502,John,A,Thompson,7300 Turfway Rd Fl 2,Florence,KY,41042,PD,MD,Y,Y,C,
2447028649,Taylor,,Gray,1314 Hooper Ave Bldg A Fl 2,Toms River,NJ,08753,PD,MD,Y,Y,,Y
2447118295,HCP04334,,Prescriber8295,8395 Main St,Richmond,TX,77406,P,MD,Y,Y,,Y
2447471614,HCP04335,,Prescriber1614,1714 Main St,Wichita,KS,67205,P,NP,Y,Y,,Y
2447786515,HCP04336,,Prescriber6515,6615 Main St,Houston,TX,77030,POD,DPM,Y,Y,,Y
2448326489,Vanessa,B,Lewis,3829 Lorna Rd Ste 328,Woodland,AL,36280,GP,NP,Y,Y,B,
2449304974,Michael,H,May,812 Candy Park Rd,Pembroke,NC,28372,GP,PA,Y,Y,,Y
2449478030,HCP04337,,Prescriber8030,8130 Main St,Richmond,VA,23298,OPH,MD,Y,Y,,Y
2449999374,HCP04338,,Prescriber9374,474 Main St,Chicago,IL,60612,FM,MD,Y,Y,,Y
2450359883,HCP04339,,Prescriber9883,983 Main St,Delray Beach,FL,33445,P,MD,Y,Y,,Y
2450520394,HCP04340,,Prescriber0394,494 Main St,Durham,NC,27705,FM,NP,Y,Y,,Y
2450653437,HCP04341,,Prescriber3437,3537 Main St,Cleveland,OH,44195,D,MD,Y,Y,,Y
2451120174,HCP04342,,Prescriber0174,274 Main St,Houston,TX,77030,PD,MD,Y,Y,,Y
2451773084,HCP04343,,Prescriber3084,3184 Main St,Indianapolis,IN,46202,PD,MD,Y,Y,,Y
2452004896,HCP04344,,Prescriber4896,4996 Main St,Chattanooga,TN,37404,HO,NP,Y,Y,,Y
2452441668,HCP04345,,Prescriber1668,1768 Main St,Houston,TX,77030,GP,NP,Y,Y,,Y
2452531082,HCP04346,,Prescriber1082,1182 Main St,Houston,TX,77030,FM,NP,Y,Y,,Y
2452624925,HCP04347,,Prescriber4925,5025 Main St,Houston,TX,77030,OSS,MD,Y,Y,,Y
2452673311,HCP04348,,Prescriber3311,3411 Main St,Jacksonville,FL,32256,PD,MD,Y,Y,,Y
2452751649,HCP04349,,Prescriber1649,1749 Main St,Flushing,NY,11355,GP,PA,Y,Y,,Y
2453125098,Jackson,J,Mosley,9655 NW 41st St,Doral,FL,33178,PD,MD,Y,Y,,Y
2453245466,HCP04350,,Prescriber5466,5566 Main St,Richmond,VA,23298,OBG,MD,Y,Y,,Y
2453333781,HCP04351,,Prescriber3781,3881 Main St,Omaha,NE,68198,DEN,DMD,Y,Y,,Y
2453355425,Amanda,,Black,1205 Health Center Pkwy Ste 100,Midlothian,VA,23112,FM,MD,Y,Y,B,
2453554155,HCP04352,,Prescriber4155,4255 Main St,Gloversville,NY,12078,P,NP,Y,Y,,Y
2454365814,HCP04353,,Prescriber5814,5914 Main St,Fort Lauderdale,FL,33312,P,NP,Y,Y,,Y
2454567060,HCP04354,,Prescriber7060,7160 Main St,Topeka,KS,66614,P,APRN,Y,Y,,Y
2455474943,HCP04355,,Prescriber4943,5043 Main St,Plano,TX,75024,P,MD,Y,Y,,Y
2455650224,Michael,L,Cooper,1000 Boulders Pkwy Ste 202,Midlothian,VA,23114,P,NP,Y,Y,B,
2456181577,HCP04356,,Prescriber1577,1677 Main St,Houston,TX,77030,ADM,NP,Y,Y,,Y
2456436946,HCP04357,,Prescriber6946,7046 Main St,Birmingham,AL,35233,PD,MD,Y,Y,,Y
2456605158,HCP04358,,Prescriber5158,5258 Main St,Houston,TX,77030,OCT,OT,Y,Y,,Y
2456816185,HCP04359,,Prescriber6185,6285 Main St,Mooresville,NC,28117,FM,MD,Y,Y,,Y
2458281647,HCP04360,,Prescriber1647,1747 Main St,Greenwell Springs,LA,70739,GP,PA,Y,Y,,Y
2460187667,HCP04361,,Prescriber7667,7767 Main St,Indianapolis,IN,46202,ORS,MD,Y,Y,,Y
2460717505,HCP04362,,Prescriber7505,7605 Main St,Saint Louis,MO,63110,DR,MD,Y,Y,,Y
2461734868,HCP04363,,Prescriber4868,4968 Main St,Houston,TX,77030,WH,NP,Y,Y,,Y
2461842990,HCP04364,,Prescriber2990,3090 Main St,Houston,TX,77030,PD,MD,Y,Y,,Y
2462022311,HCP04365,,Prescriber2311,2411 Main St,Houston,TX,77030,PG,MD,Y,Y,,Y
2462099339,HCP04366,,Prescriber9339,439 Main St,Durham,NC,27705,OBG,PA,Y,Y,,Y
2462376316,Jeffery,M,Parker,16260 Airline Hwy Ste F,Prairieville,LA,70769,AI,MD,Y,Y,,
2462545686,HCP04367,,Prescriber5686,5786 Main St,Houston,TX,77030,END,MD,Y,Y,,Y
2462641427,Julie,M,Skinner,106 Broad St,Bloomfield,NJ,07003,PD,NP,Y,Y,,Y
2462710255,HCP04368,,Prescriber0255,355 Main St,Houston,TX,77030,GP,PA,Y,Y,,Y
2462722057,HCP04369,,Prescriber2057,2157 Main St,Houston,TX,77030,RHU,MD,Y,Y,,Y
2463407483,HCP04370,,Prescriber7483,7583 Main St,Houston,TX,77030,HOS,NP,Y,Y,,Y
2463473828,HCP04371,,Prescriber3828,3928 Main St,Bluffton,IN,46714,PD,NP,Y,Y,,Y
2463563191,HCP04372,,Prescriber3191,3291 Main St,Fayetteville,NC,28304,PD,PA,Y,Y,,Y
2463751777,HCP04373,,Prescriber1777,1877 Main St,Huntersville,NC,28078,GP,NP,Y,Y,,Y
2463975500,HCP04374,,Prescriber5500,5600 Main St,Durham,NC,27705,CD,MD,Y,Y,,Y
2464398013,HCP04375,,Prescriber8013,8113 Main St,Charlotte,NC,28269,P,NP,Y,Y,,Y
2464943772,HCP04376,,Prescriber3772,3872 Main St,Houston,TX,77030,GS,MD,Y,Y,,Y
2465005555,Kevin,M,Ray,4015 S Cobb Dr SE Ste 115,Smyrna,GA,30080,P,MD,Y,Y,B,
2465724322,HCP04377,,Prescriber4322,4422 Main St,Redmond,OR,97756,PD,NP,Y,Y,,Y
2465879451,HCP04378,,Prescriber9451,551 Main St,Miami,FL,33136,AN,AA,Y,Y,,Y
2467082592,Patrick,,Smith,323 High St Ste A,Wadsworth,OH,44281,PD,MD,Y,Y,,Y
2467137237,HCP04379,,Prescriber7237,7337 Main St,Garden City,NY,11530,PD,NP,Y,Y,,Y
2467274453,HCP04380,,Prescriber4453,4553 Main St,Cincinnati,OH,45219,IM,MD,Y,Y,,Y
2467416853,HCP04381,,Prescriber6853,6953 Main St,Atlanta,GA,30322,FM,NP,Y,Y,,Y
2468565044,HCP04382,,Prescriber5044,5144 Main St,Goodlettsville,TN,37072,PD,MD,Y,Y,,Y
2469253104,Cynthia,J,Le,7910 W Jefferson Blvd Ste 201,Fort Wayne,IN,46804,PD,MD,Y,Y,C,
2469683885,HCP04383,,Prescriber3885,3985 Main St,Atlanta,GA,30322,FM,NP,Y,Y,,Y
2469765595,HCP04384,,Prescriber5595,5695 Main St,Decatur,AL,35601,PD,MD,Y,Y,,Y
2470161187,HCP04385,,Prescriber1187,1287 Main St,Wellington,FL,33414,ADL,MD,Y,Y,,Y
2470223183,Raymond,M,Grant,7400 Jager Ct,Cincinnati,OH,45230,PD,MD,Y,Y,C,
2470766567,Monique,C,Torres,12997 Warwick Blvd,Newport News,VA,23602,P,PA,Y,Y,C,
2471717058,HCP04386,,Prescriber7058,7158 Main St,Houston,TX,77030,PD,MD,Y,Y,,Y
2472204068,HCP04387,,Prescriber4068,4168 Main St,Houston,TX,77030,AC,NP,Y,Y,,Y
2472835492,HCP04388,,Prescriber5492,5592 Main St,Lees Summit,MO,64063,FM,DO,Y,Y,,Y
2472919110,HCP04389,,Prescriber9110,210 Main St,Mooresville,NC,28117,P,PA,Y,Y,,Y
2473977727,HCP04390,,Prescriber7727,7827 Main St,Houston,TX,77030,OM,MD,Y,Y,,Y
2474087563,HCP04391,,Prescriber7563,7663 Main St,Houston,TX,77030,PD,MD,Y,Y,,Y
2474088044,Lindsey,L,Jones,225 Community Dr Ste 105,Great Neck,NY,11021,PD,MD,Y,Y,,Y
2475512150,HCP04392,,Prescriber2150,2250 Main St,Atlanta,GA,30322,DEN,DMD,Y,Y,,Y
2475807327,HCP04393,,Prescriber7327,7427 Main St,Houston,TX,77030,MGP,MD,Y,Y,,Y
2476383072,Willie,S,Mitchell,2130 Point Blvd Ste 200,Elgin,IL,60123,P,NP,Y,Y,C,
2476833676,HCP04394,,Prescriber3676,3776 Main St,Houston,TX,77030,GS,NP,Y,Y,,Y
2477086163,HCP04395,,Prescriber6163,6263 Main St,Durham,NC,27705,PD,MD,Y,Y,,Y
2477257780,HCP04396,,Prescriber7780,7880 Main St,Houston,TX,77030,FM,MD,Y,Y,,Y
2478324823,HCP04397,,Prescriber4823,4923 Main St,Houston,TX,77030,PD,MD,Y,Y,,Y
2479029782,HCP04398,,Prescriber9782,882 Main St,Kansas City,KS,66160,GP,PA,Y,Y,,Y
2479140879,HCP04399,,Prescriber0879,979 Main St,Houston,TX,77030,PD,NP,Y,Y,,Y
2479458376,Brandon,S,Clark,9245 N Meridian St Ste 225,Indianapolis,IN,46260,PD,MD,Y,Y,A,
2480442094,HCP04400,,Prescriber2094,2194 Main St,Houston,TX,77030,EM,MD,Y,Y,,Y
2480843529,HCP04401,,Prescriber3529,3629 Main St,Chicago,IL,60611,P,NP,Y,Y,,Y
2481008971,HCP04402,,Prescriber8971,9071 Main St,Charlotte,NC,28273,GP,PA,Y,Y,,Y
2481638440,HCP04403,,Prescriber8440,8540 Main St,Houston,TX,77030,NEP,MD,Y,Y,,Y
2481725130,Greg,L,Contreras,3919 W Jefferson Blvd,Fort Wayne,IN,46804,GP,PA,Y,Y,,Y
2481782156,HCP04404,,Prescriber2156,2256 Main St,Lutherville Timonium,MD,21093,PD,NP,Y,Y,,Y
2482231500,HCP04405,,Prescriber1500,1600 Main St,Houston,TX,77030,PD,MD,Y,Y,,Y
2482852690,HCP04406,,Prescriber2690,2790 Main St,Houston,TX,77030,GP,PA,Y,Y,,Y
2482941675,HCP04407,,Prescriber1675,1775 Main St,Houston,TX,77030,OBG,MD,Y,Y,,Y
2483247679,William,C,Poole,4101 Parkstone Heights Dr Ste 360,Austin,TX,78731,P,MD,Y,Y,A,
2483361587,HCP04408,,Prescriber1587,1687 Main St,Opp,AL,36467,PD,MD,Y,Y,,Y
2484022829,HCP04409,,Prescriber2829,2929 Main St,Nashville,TN,37232,PD,MD,Y,Y,,Y
2484328173,Omar,,Zavala,2301 W I 35 Frontage Rd Ste 210,Edmond,OK,73013,FM,MD,Y,Y,C,
2485072038,HCP04410,,Prescriber2038,2138 Main St,Albany,GA,31701,PD,MD,Y,Y,,Y
2485428203,HCP04411,,Prescriber8203,8303 Main St,Houston,TX,77030,P,MD,Y,Y,,Y
2485624116,HCP04412,,Prescriber4116,4216 Main St,Houston,TX,77030,AI,MD,Y,Y,,Y
2485880137,HCP04413,,Prescriber0137,237 Main St,Chicago,IL,60612,GP,DO,Y,Y,,Y
2486295388,Connie,L,Schultz,8932 SW 97th Ave,Miami,FL,33176,P,NP,Y,Y,C,
2486309171,HCP04414,,Prescriber9171,271 Main St,Houston,TX,77030,DEN,DDS,Y,Y,,Y
2486911224,HCP04415,,Prescriber1224,1324 Main St,Miami,FL,33136,PD,DO,Y,Y,,Y
2487302604,HCP04416,,Prescriber2604,2704 Main St,Madisonville,TN,37354,PD,NP,Y,Y,,Y
2489013472,Derrick,P,Nguyen,100 Alexandria Blvd Ste 1,Oviedo,FL,32765,FM,DO,Y,Y,B,
2489663358,HCP04417,,Prescriber3358,3458 Main St,Durham,NC,27705,GP,PA,Y,Y,,Y
2489952457,HCP04418,,Prescriber2457,2557 Main St,Glen Burnie,MD,21061,PD,DO,Y,Y,,Y
2490288127,HCP04419,,Prescriber8127,8227 Main St,Houston,TX,77030,AN,MD,Y,Y,,Y
2490293547,HCP04420,,Prescriber3547,3647 Main St,Houston,TX,77030,DEN,DDS,Y,Y,,Y
2490366143,HCP04421,,Prescriber6143,6243 Main St,Phoenix,AZ,85016,PD,MD,Y,Y,,Y
2491571075,HCP04422,,Prescriber1075,1175 Main St,Durham,NC,27705,OM,RN,Y,Y,,Y
2491749851,HCP04423,,Prescriber9851,951 Main St,Atlanta,GA,30322,VS,MD,Y,Y,,Y
2492422530,HCP04424,,Prescriber2530,2630 Main St,Staten Island,NY,10301,IM,PA,Y,Y,,Y
2492630376,HCP04425,,Prescriber0376,476 Main St,East Hampton,NY,11937,PD,MD,Y,Y,,Y
2493069419,HCP04426,,Prescriber9419,519 Main St,Houston,TX,77030,PTH,MD,Y,Y,,Y
2493423634,HCP04427,,Prescriber3634,3734 Main St,Charleston,SC,29425,P,MD,Y,Y,,Y
2493489703,HCP04428,,Prescriber9703,803 Main St,Houston,TX,77030,U,MD,Y,Y,,Y
2493681582,HCP04429,,Prescriber1582,1682 Main St,Rincon,GA,31326,PD,MD,Y,Y,,Y
2493942272,HCP04430,,Prescriber2272,2372 Main St,Houston,TX,77030,PD,NP,Y,Y,,Y
2493966503,HCP04431,,Prescriber6503,6603 Main St,Hendersonville,TN,37075,P,NP,Y,Y,,Y
2494357073,HCP04432,,Prescriber7073,7173 Main St,Richardson,TX,75082,P,MD,Y,Y,,Y
2494362303,HCP04433,,Prescriber2303,2403 Main St,Houston,TX,77030,GP,PA,Y,Y,,Y
2495764189,HCP04434,,Prescriber4189,4289 Main St,Harvey,LA,70058,IM,MD,Y,Y,,Y
2495898254,HCP04435,,Prescriber8254,8354 Main St,Winston-Salem,NC,27103,FM,PA,Y,Y,,Y
2496111218,HCP04436,,Prescriber1218,1318 Main St,Houston,TX,77030,IM,MD,Y,Y,,Y
2496672998,HCP04437,,Prescriber2998,3098 Main St,Conroe,TX,77304,P,MD,Y,Y,,Y
2498160779,HCP04438,,Prescriber0779,879 Main St,Atlanta,GA,30322,CCP,MD,Y,Y,,Y
2498369149,HCP04439,,Prescriber9149,249 Main St,Coppell,TX,75019,GP,PA,Y,Y,,Y
2498506398,HCP04440,,Prescriber6398,6498 Main St,Kittanning,PA,16201,PD,MD,Y,Y,,Y
2498555034,HCP04441,,Prescriber5034,5134 Main St,Toledo,OH,43606,P,NP,Y,Y,,Y
2498643327,Matthew,,Morris,7301 Forest Ave Ste 200,Richmond,VA,23226,P,NP,Y,Y,C,
2499232893,HCP04442,,Prescriber2893,2993 Main St,New York,NY,10022,P,NP,Y,Y,,Y
2499287002,Alexandria,B,Phillips,6946 Lebanon Rd,Frisco,TX,75034,AI,MD,N,Y,,Y
2499581639,Jose,,Sawyer,1952 McDowell Rd Ste 305,Naperville,IL,60563,GP,PA,Y,Y,B,
2500142227,HCP04443,,Prescriber2227,2327 Main St,Houston,TX,77030,FM,MD,Y,Y,,Y
2500466660,HCP04444,,Prescriber6660,6760 Main St,Carthage,NC,28327,FM,MD,Y,Y,,Y
2500801880,HCP04445,,Prescriber1880,1980 Main St,Atlanta,GA,30322,DEN,DMD,Y,Y,,Y
2500821284,HCP04446,,Prescriber1284,1384 Main St,Tallahassee,FL,32308,P,MD,Y,Y,,Y
2501021829,HCP04447,,Prescriber1829,1929 Main St,Harlingen,TX,78550,P,MD,Y,Y,,Y
2501189920,Deborah,N,Stone,861 Oakley Seaver Dr,Clermont,FL,34711,PD,MD,Y,Y,,Y
2502111750,HCP04448,,Prescriber1750,1850 Main St,Ottawa,IL,61350,P,DO,Y,Y,,Y
2502207343,HCP04449,,Prescriber7343,7443 Main St,Anderson,SC,29621,OBG,MD,Y,Y,,Y
2502397068,HCP04450,,Prescriber7068,7168 Main St,Miami,FL,33136,GP,PA,Y,Y,,Y
2503297517,HCP04451,,Prescriber7517,7617 Main St,Kalamazoo,MI,49009,PD,PA,Y,Y,,Y
2504109064,HCP04452,,Prescriber9064,164 Main St,Houston,TX,77030,GE,MD,Y,Y,,Y
2504439080,HCP04453,,Prescriber9080,180 Main St,Houston,TX,77030,POD,DPM,Y,Y,,Y
2505558813,HCP04454,,Prescriber8813,8913 Main St,Arlington,TX,76012,FM,NP,Y,Y,,Y
2506731565,HCP04455,,Prescriber1565,1665 Main St,Cleveland,OH,44195,IM,DO,Y,Y,,Y
2507473656,HCP04456,,Prescriber3656,3756 Main St,Phoenix,AZ,85016,PD,MD,Y,Y,,Y
2507971337,HCP04457,,Prescriber1337,1437 Main St,Houston,TX,77030,PD,MD,Y,Y,,Y
2508120711,Brendan,G,Miller,1013 N 5th Ave NE Ste 4,Rome,GA,30165,P,MD,Y,Y,C,
2509504146,Paula,A,Wilson,250 Grandview Dr Ste 575,Fort Mitchell,KY,41017,P,NP,Y,Y,C,
2509592485,HCP04458,,Prescriber2485,2585 Main St,Houston,TX,77030,URPS,MD,Y,Y,,Y
2509696062,Vincent,M,Chambers,7111 E 21st St N Ste A,Wichita,KS,67206,FM,MD,Y,Y,B,
2509909135,HCP04459,,Prescriber9135,235 Main St,Houston,TX,77030,PS,MD,Y,Y,,Y
2511064279,HCP04460,,Prescriber4279,4379 Main St,Houston,TX,77030,FM,NP,Y,Y,,Y
2511482260,HCP04461,,Prescriber2260,2360 Main St,Houston,TX,77030,OBG,MD,Y,Y,,Y
2512652427,HCP04462,,Prescriber2427,2527 Main St,Houston,TX,77030,IM,MD,Y,Y,,Y
2512739580,HCP04463,,Prescriber9580,680 Main St,Charleston,SC,29425,CCS,MD,Y,Y,,Y
2513208449,HCP04464,,Prescriber8449,8549 Main St,Beverly Hills,CA,90212,P,MD,Y,Y,,Y
2513284463,HCP04465,,Prescriber4463,4563 Main St,Houston,TX,77030,OPT,OD,Y,Y,,Y
2513615025,HCP04466,,Prescriber5025,5125 Main St,Virginia Beach,VA,23451,P,NP,Y,Y,,Y
2513649013,HCP04467,,Prescriber9013,113 Main St,Houston,TX,77030,OBG,MD,Y,Y,,Y
2514250505,HCP04468,,Prescriber0505,605 Main St,Houston,TX,77030,POD,DPM,Y,Y,,Y
2514495710,HCP04469,,Prescriber5710,5810 Main St,Durham,NC,27705,GP,PA,Y,Y,,Y
2515018652,HCP04470,,Prescriber8652,8752 Main St,Atlanta,GA,30322,EM,MD,Y,Y,,Y
2515209652,HCP04471,,Prescriber9652,752 Main St,Charleston,SC,29425,OBG,MD,Y,Y,,Y
2515215224,Debra,G,Grimes,400 Liberty Hill Rd,Lumberton,NC,28358,GP,PA,Y,Y,,Y
2515624689,HCP04472,,Prescriber4689,4789 Main St,Farmingdale,NY,11735,PD,NP,Y,Y,,Y
2516253140,HCP04473,,Prescriber3140,3240 Main St,Holly Springs,NC,27540,FM,NP,Y,Y,,Y
2516257181,HCP04474,,Prescriber7181,7281 Main St,Omaha,NE,68198,AN,APRN,Y,Y,,Y
2517014696,HCP04475,,Prescriber4696,4796 Main St,High Point,NC,27265,PD,PA,Y,Y,,Y
2517017359,Eugene,A,Davis,1600 W 38th St Ste 318,Jackson,WY,83001,HOS,MD,Y,Y,A,
2517068145,HCP04476,,Prescriber8145,8245 Main St,Houston,TX,77030,GS,MD,Y,Y,,Y
2517328398,HCP04477,,Prescriber8398,8498 Main St,Oak Lawn,IL,60453,PD,MD,Y,Y,,Y
2517674627,Tina,L,Buckley,7750 Greenwell Springs Rd,Baton Rouge,LA,70814,PD,MD,N,Y,,
2517917960,HCP04478,,Prescriber7960,8060 Main St,New York,NY,10016,ORS,MD,Y,Y,,Y
2519119602,HCP04479,,Prescriber9602,702 Main St,Johnson City,TN,37604,PD,MD,Y,Y,,Y
2519503818,HCP04480,,Prescriber3818,3918 Main St,Philadelphia,PA,19104,CD,MD,Y,Y,,Y
2519548036,Kim,P,Mills,10700 Medlock Bridge Rd Ste 102,Duluth,GA,30097,AI,MD,Y,Y,,Y
2519792344,Raymond,R,Hunter,8639 Mayland Dr Ste 102,Richmond,VA,23226,P,NP,Y,Y,C,
2520214048,HCP04481,,Prescriber4048,4148 Main St,Charleston,SC,29425,GS,PA,Y,Y,,Y
2520467756,HCP04482,,Prescriber7756,7856 Main St,Raleigh,NC,27617,P,PA,Y,Y,,Y
2520925943,HCP04483,,Prescriber5943,6043 Main St,New Orleans,LA,70112,CD,MD,Y,Y,,Y
2521880084,HCP04484,,Prescriber0084,184 Main St,Houston,TX,77030,PUD,MD,Y,Y,,Y
2521956023,HCP04485,,Prescriber6023,6123 Main St,Springfield,MO,65803,P,MD,Y,Y,,Y
2522552605,HCP04486,,Prescriber2605,2705 Main St,Houston,TX,77030,AC,NP,Y,Y,,Y
2522700315,HCP04487,,Prescriber0315,415 Main St,Phoenix,AZ,85032,P,MD,Y,Y,,Y
2522966383,Ryan,N,Moore,4469 S Main St,Hope Mills,NC,28348,PD,PA,Y,Y,,Y
2523018148,Tracy,A,Thomas,1616 Ashley River Rd,Charleston,SC,29407,GP,PA,Y,Y,A,
2523287189,HCP04488,,Prescriber7189,7289 Main St,Scottsboro,AL,35768,PD,MD,Y,Y,,Y
2523819111,HCP04489,,Prescriber9111,211 Main St,Houston,TX,77030,FM,MD,Y,Y,,Y
2524253233,HCP04490,,Prescriber3233,3333 Main St,Florence,KY,41042,FM,DO,Y,Y,,Y
2524317493,HCP04491,,Prescriber7493,7593 Main St,Houston,TX,77030,P,NP,Y,Y,,Y
2524475697,HCP04492,,Prescriber5697,5797 Main St,Miami,FL,33136,IM,PA,Y,Y,,Y
2525238945,HCP04493,,Prescriber8945,9045 Main St,Durham,NC,27705,P,PA,Y,Y,,Y
2525296685,HCP04494,,Prescriber6685,6785 Main St,Houston,TX,77030,PDC,MD,Y,Y,,Y
2525915361,HCP04495,,Prescriber5361,5461 Main St,Burlingame,CA,94010,P,MD,Y,Y,,Y
2528587050,HCP04496,,Prescriber7050,7150 Main St,Winston-Salem,NC,27103,OTO,MD,Y,Y,,Y
2529440950,HCP04497,,Prescriber0950,1050 Main St,Richmond,VA,23298,IM,DO,Y,Y,,Y
2529688240,HCP04498,,Prescriber8240,8340 Main St,Kansas City,KS,66160,PTH,MD,Y,Y,,Y
2530488537,HCP04499,,Prescriber8537,8637 Main St,Miami,FL,33136,GE,MD,Y,Y,,Y
2530554920,HCP04500,,Prescriber4920,5020 Main St,Houston,TX,77030,EM,NP,Y,Y,,Y
2530833470,HCP04501,,Prescriber3470,3570 Main St,Houston,TX,77030,EM,DO,Y,Y,,Y
2530862537,HCP04502,,Prescriber2537,2637 Main St,Takoma Park,MD,20912,PD,NP,Y,Y,,Y
2530982983,HCP04503,,Prescriber2983,3083 Main St,Houston,TX,77030,D,MD,Y,Y,,Y
2531049774,HCP04504,,Prescriber9774,874 Main St,New York,NY,10001,CHP,MD,Y,Y,,Y
2531162446,HCP04505,,Prescriber2446,2546 Main St,Charleston,SC,29425,D,PA,Y,Y,,Y
2531684086,HCP04506,,Prescriber4086,4186 Main St,Houston,TX,77030,GP,NP,Y,Y,,Y
2532114024,Heather,L,Nicholson,70 Folly Road Blvd Ste C,Mount Pleasant,SC,29464,P,MD,Y,Y,B,
2532361109,HCP04507,,Prescriber1109,1209 Main St,Charleston,SC,29425,AN,APRN,Y,Y,,Y
2532497048,Michael,L,Norris,4206 Chapman Hwy,Knoxville,TN,37909,P,NP,Y,Y,B,
2532943400,HCP04508,,Prescriber3400,3500 Main St,Houston,TX,77030,PUD,MD,Y,Y,,Y
2532998444,HCP04509,,Prescriber8444,8544 Main St,Houston,TX,77030,GP,PA,Y,Y,,Y
2533184427,HCP04510,,Prescriber4427,4527 Main St,Atlanta,GA,30322,HO,RN,Y,Y,,Y
2533433234,HCP04511,,Prescriber3234,3334 Main St,Houston,TX,77030,EM,MD,Y,Y,,Y
2533734503,Kathryn,,Miller,3001 Highland Ave Ste B,Cincinnati,OH,45219,P,MD,Y,Y,C,
2533897961,HCP04512,,Prescriber7961,8061 Main St,Akron,OH,44308,IM,DO,Y,Y,,Y
2535552159,HCP04513,,Prescriber2159,2259 Main St,Lees Summit,MO,64064,PD,MD,Y,Y,,Y
2535564679,HCP04514,,Prescriber4679,4779 Main St,Cleveland,OH,44195,PD,MD,Y,Y,,Y
2536590285,Henry,J,Steele,1720A Medical Park Dr Ste 200,Biloxi,MS,39532,GP,PA,Y,Y,,Y
2536608745,HCP04515,,Prescriber8745,8845 Main St,Cincinnati,OH,45229,PD,MD,Y,Y,,Y
2537088043,HCP04516,,Prescriber8043,8143 Main St,Downingtown,PA,19335,FM,DO,Y,Y,,Y
2537760762,HCP04517,,Prescriber0762,862 Main St,Redmond,OR,97756,FM,NP,Y,Y,,Y
2538298766,HCP04518,,Prescriber8766,8866 Main St,Houston,TX,77030,CD,MD,Y,Y,,Y
2538541643,HCP04519,,Prescriber1643,1743 Main St,Houston,TX,77030,PD,MD,Y,Y,,Y
2539026496,HCP04520,,Prescriber6496,6596 Main St,Winston-Salem,NC,27103,P,PA,Y,Y,,Y
2540058395,HCP04521,,Prescriber8395,8495 Main St,Cleveland,OH,44195,GE,PA,Y,Y,,Y
2540099654,HCP04522,,Prescriber9654,754 Main St,Kansas City,KS,66160,URPS,MD,Y,Y,,Y
2540256395,HCP04523,,Prescriber6395,6495 Main St,Saint Louis,MO,63110,CHP,MD,Y,Y,,Y
2540298426,HCP04524,,Prescriber8426,8526 Main St,Aurora,IL,60506,P,NP,Y,Y,,Y
2541251878,HCP04525,,Prescriber1878,1978 Main St,Houston,TX,77030,SO,MD,Y,Y,,Y
2541521910,HCP04526,,Prescriber1910,2010 Main St,Miami,FL,33136,PD,MD,Y,Y,,Y
2541873343,HCP04527,,Prescriber3343,3443 Main St,New York,NY,10168,P,MD,Y,Y,,Y
2541969760,HCP04528,,Prescriber9760,860 Main St,Durham,NC,27703,PD,MD,Y,Y,,Y
2542147074,HCP04529,,Prescriber7074,7174 Main St,Houston,TX,77030,AN,MD,Y,Y,,Y
2542675987,Bruce,M,Long,1935 Medical District Dr,Dallas,TX,75235,PD,MD,Y,Y,,Y
2542704288,HCP04530,,Prescriber4288,4388 Main St,Newport News,VA,23606,P,NP,Y,Y,,Y
2542849848,HCP04531,,Prescriber9848,948 Main St,Birmingham,AL,35209,P,NP,Y,Y,,Y
2543699032,HCP04532,,Prescriber9032,132 Main St,Miami,FL,33136,ADU,NP,Y,Y,,Y
2544311728,HCP04533,,Prescriber1728,1828 Main St,Jackson,MS,39216,PUD,NP,Y,Y,,Y
2544349725,HCP04534,,Prescriber9725,825 Main St,Houston,TX,77030,FM,NP,Y,Y,,Y
2544462501,HCP04535,,Prescriber2501,2601 Main St,Cincinnati,OH,45249,FM,MD,Y,Y,,Y
2545505348,HCP04536,,Prescriber5348,5448 Main St,Atlanta,GA,30322,FM,NP,Y,Y,,Y
2545625486,HCP04537,,Prescriber5486,5586 Main St,Oldsmar,FL,34677,P,NP,Y,Y,,Y
2546810160,HCP04538,,Prescriber0160,260 Main St,Houston,TX,77030,N,NP,Y,Y,,Y
2547040294,HCP04539,,Prescriber0294,394 Main St,Kansas City,KS,66103,FM,MD,Y,Y,,Y
2548425043,HCP04540,,Prescriber5043,5143 Main St,Miami,FL,33136,DEN,DMD,Y,Y,,Y
2550078020,Whitney,M,Stark,529 NW 60th St,Gainesville,FL,32607,P,NP,Y,Y,B,
2550146723,HCP04541,,Prescriber6723,6823 Main St,Fort Myers,FL,33901,P,PA,Y,Y,,Y
2550656726,HCP04542,,Prescriber6726,6826 Main St,Morrisville,PA,19067,IM,DO,Y,Y,,Y
2550972643,Laura,R,Chang,3604 Shannon Rd Ste 200,Durham,NC,27707,P,MD,Y,Y,A,
2550978341,HCP04543,,Prescriber8341,8441 Main St,Houston,TX,77030,P,MD,Y,Y,,Y
2551177583,Ashley,S,Thomas,3401 Independence Dr Lbby 111,Birmingham,AL,35209,PD,MD,Y,Y,B,
2552414225,HCP04544,,Prescriber4225,4325 Main St,Lancaster,OH,43130,GP,PA,Y,Y,,Y
2552827716,HCP04545,,Prescriber7716,7816 Main St,Birmingham,AL,35233,P,MD,Y,Y,,Y
2552954051,HCP04546,,Prescriber4051,4151 Main St,Houston,TX,77030,IM,MD,Y,Y,,Y
2553251837,HCP04547,,Prescriber1837,1937 Main St,Durham,NC,27705,GYN,MD,Y,Y,,Y
2554049671,HCP04548,,Prescriber9671,771 Main St,Houston,TX,77030,FM,NP,Y,Y,,Y
2554109155,HCP04549,,Prescriber9155,255 Main St,Houston,TX,77030,FM,MD,Y,Y,,Y
2555447687,Michael,L,Pollard,9011 Chevrolet Dr Ste 1,Ellicott City,MD,21042,PD,MD,Y,Y,,Y
2555482026,HCP04550,,Prescriber2026,2126 Main St,Gainesville,FL,32605,P,MD,Y,Y,,Y
2555625608,HCP04551,,Prescriber5608,5708 Main St,Fort Wayne,IN,46809,FM,DO,Y,Y,,Y
2555669425,HCP04552,,Prescriber9425,525 Main St,Round Rock,TX,78681,PD,DO,Y,Y,,Y
2555802947,HCP04553,,Prescriber2947,3047 Main St,Houston,TX,77030,PD,MD,Y,Y,,Y
2555854562,HCP04554,,Prescriber4562,4662 Main St,Louisville,KY,40202,DEN,DMD,Y,Y,,Y
2557224521,HCP04555,,Prescriber4521,4621 Main St,Warren,MI,48093,P,NP,Y,Y,,Y
2557370187,Aaron,C,Pacheco,1000 Boulders Pkwy,Richmond,VA,23225,P,NP,Y,Y,C,
2557955802,HCP04556,,Prescriber5802,5902 Main St,Park Ridge,IL,60068,P,MD,Y,Y,,Y
2558807203,HCP04557,,Prescriber7203,7303 Main St,Houston,TX,77030,PD,RN,Y,Y,,Y
2558910386,HCP04558,,Prescriber0386,486 Main St,Miami,FL,33136,DEN,DMD,Y,Y,,Y
2559150493,HCP04559,,Prescriber0493,593 Main St,Chicago,IL,60608,P,MD,Y,Y,,Y
2559209793,HCP04560,,Prescriber9793,893 Main St,Houston,TX,77030,NTR,DN,Y,Y,,Y
2559225164,HCP04561,,Prescriber5164,5264 Main St,Houston,TX,77030,OTO,MD,Y,Y,,Y
2560148686,HCP04562,,Prescriber8686,8786 Main St,Houston,TX,77030,GS,NP,Y,Y,,Y
2560607412,HCP04563,,Prescriber7412,7512 Main St,Winston-Salem,NC,27103,PD,MD,Y,Y,,Y
2561076146,HCP04564,,Prescriber6146,6246 Main St,Broomall,PA,19008,PD,MD,Y,Y,,Y
2561182290,HCP04565,,Prescriber2290,2390 Main St,Riverview,FL,33578,P,NP,Y,Y,,Y
2561953737,HCP04566,,Prescriber3737,3837 Main St,Cleveland,OH,44195,OBG,MD,Y,Y,,Y
2562439106,HCP04567,,Prescriber9106,206 Main St,Chicago,IL,60611,P,PA,Y,Y,,Y
2562932333,HCP04568,,Prescriber2333,2433 Main St,Houston,TX,77030,PSY,PSY,Y,Y,,Y
2563231881,HCP04569,,Prescriber1881,1981 Main St,Wake Forest,NC,27587,PD,PA,Y,Y,,Y
2563368138,HCP04570,,Prescriber8138,8238 Main St,Houston,TX,77030,RNR,MD,Y,Y,,Y
2563459776,HCP04571,,Prescriber9776,876 Main St,Birmingham,AL,35233,FM,DO,Y,Y,,Y
2565039718,HCP04572,,Prescriber9718,818 Main St,Norristown,PA,19403,P,NP,Y,Y,,Y
2565308404,HCP04573,,Prescriber8404,8504 Main St,Henrico,VA,23231,P,MD,Y,Y,,Y
2565336541,HCP04574,,Prescriber6541,6641 Main St,Houston,TX,77030,P,MD,Y,Y,,Y
2565580448,Tanya,E,Mcgee,11 Tamarack Cir,Skillman,NJ,08558,P,MD,Y,Y,A,
2566410953,HCP04575,,Prescriber0953,1053 Main St,Rochester,NY,14620,FM,NP,Y,Y,,Y
2566482633,HCP04576,,Prescriber2633,2733 Main St,Salisbury,MD,21804,PD,MD,Y,Y,,Y
2566557489,Robert,A,Smith,2500 Metrohealth Dr,Cleveland,OH,44109,P,MD,Y,Y,A,
2566682442,HCP04577,,Prescriber2442,2542 Main St,Houston,TX,77030,CD,NP,Y,Y,,Y
2566960811,HCP04578,,Prescriber0811,911 Main St,Houston,TX,77030,PD,MD,Y,Y,,Y
2567442342,HCP04579,,Prescriber2342,2442 Main St,Houston,TX,77030,OBG,NP,Y,Y,,Y
2567445061,HCP04580,,Prescriber5061,5161 Main St,San Antonio,TX,78258,PD,MD,Y,Y,,Y
2567687769,Alexander,G,Flores,1040 Vinehaven Dr NE,Concord,NC,28025,PD,NP,Y,Y,,Y
2568045495,HCP04581,,Prescriber5495,5595 Main St,Kansas City,KS,66160,OBG,DO,Y,Y,,Y
2568611333,HCP04582,,Prescriber1333,1433 Main St,Houston,TX,77030,P,PA,Y,Y,,Y
2568838494,HCP04583,,Prescriber8494,8594 Main St,Houston,TX,77030,GP,DO,Y,Y,,Y
2568841525,HCP04584,,Prescriber1525,1625 Main St,Hauppauge,NY,11788,P,NP,Y,Y,,Y
2568886171,HCP04585,,Prescriber6171,6271 Main St,Houston,TX,77030,PUD,MD,Y,Y,,Y
2570224147,HCP04586,,Prescriber4147,4247 Main St,Tupelo,MS,38801,FM,MD,Y,Y,,Y
2570856968,HCP04587,,Prescriber6968,7068 Main St,Minden,LA,71055,PD,NP,Y,Y,,Y
2571041583,HCP04588,,Prescriber1583,1683 Main St,Dallas,TX,75231,P,MD,Y,Y,,Y
2571318028,HCP04589,,Prescriber8028,8128 Main St,Homestead,FL,33034,GP,NP,Y,Y,,Y
2571822680,HCP04590,,Prescriber2680,2780 Main St,Ypsilanti,MI,48197,IM,MD,Y,Y,,Y
2572055184,Kenneth,A,Berry,850 Mayfield Rd Ste 203,Roswell,GA,30076,P,MD,Y,Y,C,
2572305525,HCP04591,,Prescriber5525,5625 Main St,Lancaster,PA,17603,PD,MD,Y,Y,,Y
2572585432,HCP04592,,Prescriber5432,5532 Main St,Indianapolis,IN,46202,PD,NP,Y,Y,,Y
2572721002,Madison,E,Murray,1803 W 6th St,Lawrence,KS,66044,PD,MD,Y,Y,C,
2573679471,HCP04593,,Prescriber9471,571 Main St,Houston,TX,77030,FM,NP,Y,Y,,Y
2574479963,HCP04594,,Prescriber9963,1063 Main St,Baton Rouge,LA,70808,PD,MD,Y,Y,,Y
2574749010,HCP04595,,Prescriber9010,110 Main St,Maynardville,TN,37807,FM,NP,Y,Y,,Y
2575323449,HCP04596,,Prescriber3449,3549 Main St,Fort Lauderdale,FL,33334,P,NP,Y,Y,,Y
2575834491,HCP04597,,Prescriber4491,4591 Main St,Chicago,IL,60612,EM,MD,Y,Y,,Y
2576576276,HCP04598,,Prescriber6276,6376 Main St,Greenville,SC,29607,P,PA,Y,Y,,Y
2577000937,HCP04599,,Prescriber0937,1037 Main St,Kansas City,KS,66160,OPH,MD,Y,Y,,Y
2577117144,Jerry,I,Anderson,6950 Hillsdale Ct,Indianapolis,IN,46250,P,NP,Y,Y,A,
2577644658,HCP04600,,Prescriber4658,4758 Main St,Troy,MI,48098,IM,MD,Y,Y,,Y
2577821707,HCP04601,,Prescriber1707,1807 Main St,Houston,TX,77030,PD,MD,Y,Y,,Y
2579003208,HCP04602,,Prescriber3208,3308 Main St,Saint Louis,MO,63124,CHP,MD,Y,Y,,Y
2579676449,HCP04603,,Prescriber6449,6549 Main St,Houston,TX,77030,FM,MD,Y,Y,,Y
2579783837,HCP04604,,Prescriber3837,3937 Main St,Clay City,IN,47841,P,NP,Y,Y,,Y
2580635417,HCP04605,,Prescriber5417,5517 Main St,Houston,TX,77030,PS,MD,Y,Y,,Y
2580877611,HCP04606,,Prescriber7611,7711 Main St,New Orleans,LA,70115,P,MD,Y,Y,,Y
2581341953,Nicole,J,Coleman,1921 Ash St Ste A,Stillwater,OK,74074,FM,MD,Y,Y,C,
2581483196,HCP04607,,Prescriber3196,3296 Main St,Kansas City,KS,66160,GP,PA,Y,Y,,Y
2581789491,HCP04608,,Prescriber9491,591 Main St,Annapolis,MD,21401,IM,MD,Y,Y,,Y
2582224868,HCP04609,,Prescriber4868,4968 Main St,Iowa City,IA,52242,P,PA,Y,Y,,Y
2582248325,Tracy,M,Warren,9245 N Meridian St Ste 225,Indianapolis,IN,46260,P,MD,N,Y,B,
2582377000,HCP04610,,Prescriber7000,7100 Main St,Annapolis,MD,21401,P,NP,Y,Y,,Y
2582419410,HCP04611,,Prescriber9410,510 Main St,Boca Raton,FL,33432,PD,MD,Y,Y,,Y
2582559435,HCP04612,,Prescriber9435,535 Main St,Houston,TX,77030,GP,PA,Y,Y,,Y
2582855183,HCP04613,,Prescriber5183,5283 Main St,Houston,TX,77030,GP,NP,Y,Y,,Y
2582938662,HCP04614,,Prescriber8662,8762 Main St,Houston,TX,77030,OTO,MD,Y,Y,,Y
2583218942,HCP04615,,Prescriber8942,9042 Main St,Concord,NC,28025,P,PA,Y,Y,,Y
2584075052,HCP04616,,Prescriber5052,5152 Main St,Miami,FL,33136,CCM,NP,Y,Y,,Y
2584710433,HCP04617,,Prescriber0433,533 Main St,Houston,TX,77030,CCM,NP,Y,Y,,Y
2585111873,HCP04618,,Prescriber1873,1973 Main St,Houston,TX,77030,GP,HBP,Y,Y,,Y
2585487634,HCP04619,,Prescriber7634,7734 Main St,Madison,MS,39110,FM,MD,Y,Y,,Y
2586351119,HCP04620,,Prescriber1119,1219 Main St,Bay Minette,AL,36507,FM,DO,Y,Y,,Y
2586358653,HCP04621,,Prescriber8653,8753 Main St,Lincoln,NE,68516,FM,PA,Y,Y,,Y
2586500700,HCP04622,,Prescriber0700,800 Main St,New York,NY,10016,PD,DO,Y,Y,,Y
2586799699,HCP04623,,Prescriber9699,799 Main St,Baton Rouge,LA,70810,PSY,PSY,Y,Y,,Y
2586826547,HCP04624,,Prescriber6547,6647 Main St,Mc Lean,VA,22102,P,MD,Y,Y,,Y
2588058535,HCP04625,,Prescriber8535,8635 Main St,Iowa City,IA,52242,DEN,DDS,Y,Y,,Y
2588269103,HCP04626,,Prescriber9103,203 Main St,Houston,TX,77055,P,MD,Y,Y,,Y
2588357172,Daniel,,Powell,75 Market St Ste 12,Elgin,IL,60123,P,MD,Y,Y,C,
2588568431,Jermaine,R,Gillespie,409 Kings Hwy S,Cherry Hill,NJ,08034,AI,DO,N,Y,,Y
2588652976,HCP04627,,Prescriber2976,3076 Main St,Houston,TX,77030,U,NP,Y,Y,,Y
2590043439,HCP04628,,Prescriber3439,3539 Main St,Lady Lake,FL,32159,P,NP,Y,Y,,Y
2590228692,HCP04629,,Prescriber8692,8792 Main St,South Charleston,WV,25303,CHP,MD,Y,Y,,Y
2590231228,Todd,,Lee,Bethanie Medical Clinic,New York,NY,10016,FM,NP,Y,Y,B,
2590682547,HCP04630,,Prescriber2547,2647 Main St,Houston,TX,77030,DEN,DMD,Y,Y,,Y
2591005715,HCP04631,,Prescriber5715,5815 Main St,Houston,TX,77030,GP,RN,Y,Y,,Y
2591049719,HCP04632,,Prescriber9719,819 Main St,Houston,TX,77030,TS,MD,Y,Y,,Y
2591346696,HCP04633,,Prescriber6696,6796 Main St,Jacksonville Beach,FL,32250,FM,MD,Y,Y,,Y
2591758396,HCP04634,,Prescriber8396,8496 Main St,Broomfield,CO,80020,GP,PA,Y,Y,,Y
2591876284,HCP04635,,Prescriber6284,6384 Main St,Miami,FL,33136,PMD,MD,Y,Y,,Y
2592098548,Joseph,S,Gardner,1634 S Priest Dr Bldg 3,Tempe,AZ,85281,WH,PA,Y,Y,A,
2592343436,HCP04636,,Prescriber3436,3536 Main St,Houston,TX,77030,IM,MD,Y,Y,,Y
2593266559,HCP04637,,Prescriber6559,6659 Main St,Houston,TX,77030,PUD,MD,Y,Y,,Y
2594101538,HCP04638,,Prescriber1538,1638 Main St,Indianapolis,IN,46250,GP,DO,Y,Y,,Y
2594193328,HCP04639,,Prescriber3328,3428 Main St,Pueblo,CO,81003,IM,MD,Y,Y,,Y
2594849533,HCP04640,,Prescriber9533,633 Main St,Chicago,IL,60612,POD,DPM,Y,Y,,Y
2595357311,HCP04641,,Prescriber7311,7411 Main St,Irmo,SC,29063,FM,MD,Y,Y,,Y
2595531647,HCP04642,,Prescriber1647,1747 Main St,Gallatin,TN,37066,IM,MD,Y,Y,,Y
2595800697,HCP04643,,Prescriber0697,797 Main St,Houston,TX,77030,U,MD,Y,Y,,Y
2595999956,HCP04644,,Prescriber9956,1056 Main St,Houston,TX,77030,FM,NP,Y,Y,,Y
2596450376,HCP04645,,Prescriber0376,476 Main St,Houston,TX,77030,FM,NP,Y,Y,,Y
2596813727,HCP04646,,Prescriber3727,3827 Main St,Houston,TX,77030,P,RN,Y,Y,,Y
2596831639,Daniel,,Greene,301 N Harrison St Ste 14,Princeton,NJ,08540,ADL,MD,Y,Y,C,
2597427503,HCP04647,,Prescriber7503,7603 Main St,Houston,TX,77082,FM,MD,Y,Y,,Y
2598475912,HCP04648,,Prescriber5912,6012 Main St,Savannah,GA,31404,FM,MD,Y,Y,,Y
2599013600,HCP04649,,Prescriber3600,3700 Main St,Atlanta,GA,30322,GP,NP,Y,Y,,Y
2600327258,HCP04650,,Prescriber7258,7358 Main St,Houston,TX,77030,PD,MD,Y,Y,,Y
2600471526,Phyllis,J,Taylor,2111 Delaview Ave,Wilmington,DE,19810,P,NP,Y,Y,B,
2600708106,HCP04651,,Prescriber8106,8206 Main St,Houston,TX,77030,FM,NP,Y,Y,,Y
2601062121,HCP04652,,Prescriber2121,2221 Main St,Sugar Land,TX,77479,PD,MD,Y,Y,,Y
2601394079,HCP04653,,Prescriber4079,4179 Main St,Houston,TX,77030,GP,PA,Y,Y,,Y
2601708714,HCP04654,,Prescriber8714,8814 Main St,Chattanooga,TN,37404,FM,MD,Y,Y,,Y
2602160458,HCP04655,,Prescriber0458,558 Main St,Charleston,SC,29425,PD,MD,Y,Y,,Y
2602379355,HCP04656,,Prescriber9355,455 Main St,Lenexa,KS,66215,DBP,MD,Y,Y,,Y
2603114797,HCP04657,,Prescriber4797,4897 Main St,Houston,TX,77030,IM,MD,Y,Y,,Y
2603483639,Judy,H,Ruiz,129 Sherlock Dr,Statesville,NC,28625,PD,MD,Y,Y,,Y
2603515847,Crystal,,Goodwin,431 Remington Blvd,Bolingbrook,IL,60440,P,NP,Y,Y,C,
2603815663,HCP04658,,Prescriber5663,5763 Main St,Brooklyn,NY,11242,P,MD,Y,Y,,Y
2604596668,HCP04659,,Prescriber6668,6768 Main St,Charleston,SC,29425,FM,MD,Y,Y,,Y
2605167460,HCP04660,,Prescriber7460,7560 Main St,Houston,TX,77030,P,NP,Y,Y,,Y
2605610737,HCP04661,,Prescriber0737,837 Main St,Charleston,SC,29425,EM,MD,Y,Y,,Y
2606398320,HCP04662,,Prescriber8320,8420 Main St,Derby,KS,67037,GP,PA,Y,Y,,Y
2606557297,Tina,,Huang,4300 Weaver Pkwy Ste 100-A,Naperville,IL,60563,FM,NP,Y,Y,B,
2606952691,HCP04663,,Prescriber2691,2791 Main St,Houston,TX,77030,PD,MD,Y,Y,,Y
2607312498,HCP04664,,Prescriber2498,2598 Main St,Houston,TX,77030,HO,MD,Y,Y,,Y
2607499412,Arthur,,Gould,500 Shae Park Rd,Montgomery,AL,36117,FM,NP,Y,Y,,Y
2607507318,HCP04665,,Prescriber7318,7418 Main St,West Bloomfield,MI,48322,P,NP,Y,Y,,Y
2607711026,HCP04666,,Prescriber1026,1126 Main St,Keller,TX,76248,FM,MD,Y,Y,,Y
2608646310,HCP04667,,Prescriber6310,6410 Main St,Franklin,TN,37067,PD,MD,Y,Y,,Y
2608810533,Emma,M,Johnson,40 Pinnacle Pkwy Ste 206,Elgin,SC,29045,PD,MD,Y,Y,,Y
2609573677,HCP04668,,Prescriber3677,3777 Main St,Houston,TX,77030,MID,APRN,Y,Y,,Y
2610322116,Martin,T,Moore,600 High Tech Dr,Georgetown,TX,78626,PD,MD,N,Y,A,Y
2610723379,HCP04669,,Prescriber3379,3479 Main St,Katy,TX,77494,P,MD,Y,Y,,Y
2610809403,HCP04670,,Prescriber9403,503 Main St,Houston,TX,77030,PD,MD,Y,Y,,Y
2611259515,HCP04671,,Prescriber9515,615 Main St,New Orleans,LA,70112,P,NP,Y,Y,,Y
2611611991,HCP04672,,Prescriber1991,2091 Main St,Annapolis,MD,21401,P,NP,Y,Y,,Y
2611732268,HCP04673,,Prescriber2268,2368 Main St,Charleston,SC,29425,IM,DO,Y,Y,,Y
2612325631,HCP04674,,Prescriber5631,5731 Main St,Houston,TX,77030,GP,PA,Y,Y,,Y
2612360618,Natalie,R,Ford,187 Washington Ave Ste 2D,Nutley,NJ,07110,ADL,MD,Y,Y,,Y
2612892002,HCP04675,,Prescriber2002,2102 Main St,Houston,TX,77030,P,NP,Y,Y,,Y
2613350105,HCP04676,,Prescriber0105,205 Main St,Cheyenne,WY,82001,EM,MD,Y,Y,,Y
2613411972,HCP04677,,Prescriber1972,2072 Main St,San Francisco,CA,94143,CHP,MD,Y,Y,,Y
2614422754,HCP04678,,Prescriber2754,2854 Main St,Savannah,GA,31405,PD,MD,Y,Y,,Y
2614494136,Leah,,Williams,902 Frostwood Dr Ste 179,Houston,TX,77024,PD,MD,Y,Y,,Y
2614864155,HCP04679,,Prescriber4155,4255 Main St,Atlanta,GA,30322,AC,NP,Y,Y,,Y
2615484671,HCP04680,,Prescriber4671,4771 Main St,Houston,TX,77030,HOS,MD,Y,Y,,Y
2615683156,HCP04681,,Prescriber3156,3256 Main St,Saint Johns,FL,32259,GP,DO,Y,Y,,Y
2615920893,HCP04682,,Prescriber0893,993 Main St,Lenexa,KS,66219,FM,MD,Y,Y,,Y
2616129594,HCP04683,,Prescriber9594,694 Main St,Houston,TX,77030,N,MD,Y,Y,,Y
2616352642,HCP04684,,Prescriber2642,2742 Main St,Houston,TX,77030,WH,NP,Y,Y,,Y
2616893474,HCP04685,,Prescriber3474,3574 Main St,Charlotte,NC,28277,PD,MD,Y,Y,,Y
2617233339,Patricia,P,Marshall,810 Commed Blvd Ste C,Orange City,FL,32763,PD,NP,Y,Y,,Y
2617252095,HCP04686,,Prescriber2095,2195 Main St,Los Angeles,CA,90048,PD,MD,Y,Y,,Y
2617275116,HCP04687,,Prescriber5116,5216 Main St,New Orleans,LA,70112,NPM,MD,Y,Y,,Y
2617309572,HCP04688,,Prescriber9572,672 Main St,Peekskill,NY,10566,GP,NP,Y,Y,,Y
2617552056,HCP04689,,Prescriber2056,2156 Main St,Wichita,KS,67214,FM,MD,Y,Y,,Y
2617831862,HCP04690,,Prescriber1862,1962 Main St,Chesapeake,VA,23322,FM,PA,Y,Y,,Y
2619055273,Robert,,Mejia,203 Poinciana Dr,Bremerton,WA,98311,P,NP,Y,Y,A,
2619552749,HCP04691,,Prescriber2749,2849 Main St,Evans,GA,30809,PD,MD,Y,Y,,Y
2620577778,HCP04692,,Prescriber7778,7878 Main St,Hanover,PA,17331,PD,MD,Y,Y,,Y
2620579664,HCP04693,,Prescriber9664,764 Main St,Miami,FL,33136,ADU,MD,Y,Y,,Y
2621470708,HCP04694,,Prescriber0708,808 Main St,Longwood,FL,32750,IM,MD,Y,Y,,Y
2621579279,Brandon,R,White,14535 Ballantyne Corporate Pl,Charlotte,NC,28277,AI,MD,Y,Y,,Y
2622124685,HCP04695,,Prescriber4685,4785 Main St,Raleigh,NC,27605,FM,NP,Y,Y,,Y
2622548281,HCP04696,,Prescriber8281,8381 Main St,Pittsburgh,PA,15212,CHP,MD,Y,Y,,Y
2622893971,HCP04697,,Prescriber3971,4071 Main St,Houston,TX,77030,IM,MD,Y,Y,,Y
2623383785,HCP04698,,Prescriber3785,3885 Main St,Raleigh,NC,27610,FM,MD,Y,Y,,Y
2624694791,HCP04699,,Prescriber4791,4891 Main St,Rockville Centre,NY,11570,PD,MD,Y,Y,,Y
2626499859,HCP04700,,Prescriber9859,959 Main St,Canton,OH,44718,N,PA,Y,Y,,Y
2626743185,HCP04701,,Prescriber3185,3285 Main St,Houston,TX,77030,AI,MD,Y,Y,,Y
2626978825,Jeffrey,D,Sanders,3489 E Baseline Rd,Gilbert,AZ,85234,P,NP,Y,Y,B,
2627059039,HCP04702,,Prescriber9039,139 Main St,Richmond,VA,23298,DEN,DDS,Y,Y,,Y
2627475737,HCP04703,,Prescriber5737,5837 Main St,Middletown,NY,10940,FM,MD,Y,Y,,Y
2627579944,Christine,A,Delgado,333 N Michigan Ave,Chicago,IL,60601,P,PA,Y,Y,B,
2628323298,HCP04704,,Prescriber3298,3398 Main St,Longmont,CO,80501,FM,NP,Y,Y,,Y
2628455085,HCP04705,,Prescriber5085,5185 Main St,Houston,TX,77030,PD,MD,Y,Y,,Y
2628635682,HCP04706,,Prescriber5682,5782 Main St,Houston,TX,77030,PD,MD,Y,Y,,Y
2628662841,HCP04707,,Prescriber2841,2941 Main St,Miami,FL,33136,IM,MD,Y,Y,,Y
2629394973,HCP04708,,Prescriber4973,5073 Main St,Miami,FL,33136,GP,NP,Y,Y,,Y
2630002224,HCP04709,,Prescriber2224,2324 Main St,Atlanta,GA,30322,OBG,MD,Y,Y,,Y
2630402359,HCP04710,,Prescriber2359,2459 Main St,Houston,TX,77030,FM,NP,Y,Y,,Y
2630455261,HCP04711,,Prescriber5261,5361 Main St,Danville,CA,94506,P,MD,Y,Y,,Y
2631183632,HCP04712,,Prescriber3632,3732 Main St,Oswego,IL,60543,P,NP,Y,Y,,Y
2632169153,HCP04713,,Prescriber9153,253 Main St,Logan,OH,43138,P,NP,Y,Y,,Y
2632374112,HCP04714,,Prescriber4112,4212 Main St,Jacksonville,FL,32217,PD,MD,Y,Y,,Y
2632930936,HCP04715,,Prescriber0936,1036 Main St,Houston,TX,77030,PD,PVN,Y,Y,,Y
2633909480,HCP04716,,Prescriber9480,580 Main St,Cleveland,OH,44195,N,MD,Y,Y,,Y
2634375652,HCP04717,,Prescriber5652,5752 Main St,Houston,TX,77030,PHO,MD,Y,Y,,Y
2634542403,HCP04718,,Prescriber2403,2503 Main St,Houston,TX,77030,DEN,DMD,Y,Y,,Y
2634923029,HCP04719,,Prescriber3029,3129 Main St,Houston,TX,77030,FM,DO,Y,Y,,Y
2634971766,HCP04720,,Prescriber1766,1866 Main St,Greenville,NC,27858,PD,MD,Y,Y,,Y
2635758126,HCP04721,,Prescriber8126,8226 Main St,Charleston,SC,29425,FM,MD,Y,Y,,Y
2636422720,Jacob,J,Baker,445 Park Ave,New York,NY,10022,CHP,MD,Y,Y,C,
2636628993,Nathan,F,Johnson,10115 Forest Hill Blvd Ste 403,Wellington,FL,33414,AI,MD,N,Y,,Y
2636745990,HCP04722,,Prescriber5990,6090 Main St,Miami,FL,33136,NS,MD,Y,Y,,Y
2637612992,HCP04723,,Prescriber2992,3092 Main St,Jacksonville,FL,32217,PD,MD,Y,Y,,Y
2638374511,HCP04724,,Prescriber4511,4611 Main St,Gaffney,SC,29340,IM,MD,Y,Y,,Y
2638591057,HCP04725,,Prescriber1057,1157 Main St,Cincinnati,OH,45224,CHP,NP,Y,Y,,Y
2638937933,HCP04726,,Prescriber7933,8033 Main St,Hickory,NC,28601,PD,PA,Y,Y,,Y
2639097943,HCP04727,,Prescriber7943,8043 Main St,Denton,TX,76210,P,NP,Y,Y,,Y
2639512424,HCP04728,,Prescriber2424,2524 Main St,Clarksville,IN,47129,GPM,MD,Y,Y,,Y
2639990509,HCP04729,,Prescriber0509,609 Main St,Durham,NC,27705,IM,MD,Y,Y,,Y
2640041239,HCP04730,,Prescriber1239,1339 Main St,Concord,NC,28025,FM,PA,Y,Y,,Y
2640281874,HCP04731,,Prescriber1874,1974 Main St,Columbus,OH,43205,P,NP,Y,Y,,Y
2641079827,HCP04732,,Prescriber9827,927 Main St,Jamaica,NY,11435,P,MD,Y,Y,,Y
2641474556,HCP04733,,Prescriber4556,4656 Main St,Houston,TX,77030,FPG,MD,Y,Y,,Y
2641777157,HCP04734,,Prescriber7157,7257 Main St,Houston,TX,77030,FM,MD,Y,Y,,Y
2642007998,Pamela,F,Carter,151 Ochsner Blvd Ste F,Gretna,LA,70056,FM,NP,Y,Y,,
2642013361,HCP04735,,Prescriber3361,3461 Main St,Philadelphia,PA,19104,IM,MD,Y,Y,,Y
2642286600,HCP04736,,Prescriber6600,6700 Main St,Houston,TX,77030,PS,MD,Y,Y,,Y
2642406043,HCP04737,,Prescriber6043,6143 Main St,Burke,VA,22015,FM,NP,Y,Y,,Y
2643536217,HCP04738,,Prescriber6217,6317 Main St,Lansdale,PA,19446,P,PA,Y,Y,,Y
2644226582,HCP04739,,Prescriber6582,6682 Main St,Houston,TX,77030,PD,MD,Y,Y,,Y
2644314250,HCP04740,,Prescriber4250,4350 Main St,Houston,TX,77030,GP,PA,Y,Y,,Y
2645203527,HCP04741,,Prescriber3527,3627 Main St,Foley,AL,36535,GP,MD,Y,Y,,Y
2645594854,HCP04742,,Prescriber4854,4954 Main St,Indianapolis,IN,46202,D,MD,Y,Y,,Y
2645799821,HCP04743,,Prescriber9821,921 Main St,Houston,TX,77030,PD,MD,Y,Y,,Y
2645869207,Daniel,J,Flores,13001 N Outer 40 Rd Ste 1A,Chesterfield,MO,63017,CHN,MD,Y,Y,C,
2646057580,HCP04744,,Prescriber7580,7680 Main St,Houston,TX,77030,P,NP,Y,Y,,Y
2646076546,HCP04745,,Prescriber6546,6646 Main St,South Charleston,WV,25303,P,DO,Y,Y,,Y
2647186645,HCP04746,,Prescriber6645,6745 Main St,Saint Louis,MO,63110,GP,RN,Y,Y,,Y
2647389546,HCP04747,,Prescriber9546,646 Main St,Chicago,IL,60612,IC,MD,Y,Y,,Y
2647410551,HCP04748,,Prescriber0551,651 Main St,Houston,TX,77030,IM,MD,Y,Y,,Y
2647746826,HCP04749,,Prescriber6826,6926 Main St,Cleveland,OH,44195,CD,MD,Y,Y,,Y
2648152464,Kristin,M,Nelson,251 Najoles Rd Ste E,Millersville,MD,21108,PD,NP,Y,Y,B,Y
2651200197,HCP04750,,Prescriber0197,297 Main St,Overland Park,KS,66212,PMP,NP,Y,Y,,Y
2651390055,HCP04751,,Prescriber0055,155 Main St,Baker,LA,70714,IM,MD,Y,Y,,Y
2652982437,HCP04752,,Prescriber2437,2537 Main St,Houston,TX,77030,PD,MD,Y,Y,,Y
2653106251,HCP04753,,Prescriber6251,6351 Main St,Houston,TX,77030,ON,MD,Y,Y,,Y
2653569857,HCP04754,,Prescriber9857,957 Main St,Fort Worth,TX,76133,FM,DO,Y,Y,,Y
2653966196,HCP04755,,Prescriber6196,6296 Main St,Philadelphia,PA,19104,P,NP,Y,Y,,Y
2655177036,Steven,,Cruz,33 S Delaware Ave Ste 105,Yardley,PA,19067,P,MD,Y,Y,C,
2655505908,HCP04756,,Prescriber5908,6008 Main St,Houston,TX,77030,FM,NP,Y,Y,,Y
2655994406,HCP04757,,Prescriber4406,4506 Main St,Glendale,CA,91204,P,PA,Y,Y,,Y
2656054914,HCP04758,,Prescriber4914,5014 Main St,Indianapolis,IN,46202,ORS,MD,Y,Y,,Y
2656550784,HCP04759,,Prescriber0784,884 Main St,Birmingham,AL,35226,P,MD,Y,Y,,Y
2656742600,HCP04760,,Prescriber2600,2700 Main St,West Des Moines,IA,50266,FM,DO,Y,Y,,Y
2657364822,HCP04761,,Prescriber4822,4922 Main St,Houston,TX,77030,PD,MD,Y,Y,,Y
2657453216,HCP04762,,Prescriber3216,3316 Main St,Cleveland,OH,44195,GP,NP,Y,Y,,Y
2658386622,HCP04763,,Prescriber6622,6722 Main St,New York,NY,10016,FPG,MD,Y,Y,,Y
2658475176,HCP04764,,Prescriber5176,5276 Main St,Houston,TX,77030,EM,MD,Y,Y,,Y
2659304932,Regina,R,Butler,911 Worth St,Mount Airy,NC,27030,AI,MD,Y,Y,,Y
2659562897,HCP04765,,Prescriber2897,2997 Main St,Mckinney,TX,75071,FM,MD,Y,Y,,Y
2660576107,HCP04766,,Prescriber6107,6207 Main St,Houston,TX,77030,GP,PA,Y,Y,,Y
2661291115,HCP04767,,Prescriber1115,1215 Main St,Houston,TX,77030,AN,MD,Y,Y,,Y
2661305084,HCP04768,,Prescriber5084,5184 Main St,Scottsdale,AZ,85260,P,PA,Y,Y,,Y
2663353307,HCP04769,,Prescriber3307,3407 Main St,Morrisville,NC,27560,PD,NP,Y,Y,,Y
2663526933,HCP04770,,Prescriber6933,7033 Main St,Concord,NC,28025,PD,MD,Y,Y,,Y
2663727579,HCP04771,,Prescriber7579,7679 Main St,Birmingham,AL,35233,FM,NP,Y,Y,,Y
2664332686,Karen,A,Garcia,1854 Oak Grove Blvd,Greenville,SC,29615,PD,MD,Y,Y,A,
2664549769,Joann,R,Alvarez,1430 N Arlington Heights Rd Ste 105,Arlington Heights,IL,60004,PD,MD,Y,Y,C,
2664636381,HCP04772,,Prescriber6381,6481 Main St,Atlanta,GA,30322,FM,NP,Y,Y,,Y
2665508046,Gina,,Preston,151 Greentree Rd Ste B,Marlton,NJ,08053,FM,DO,Y,Y,A,
2665643319,HCP04773,,Prescriber3319,3419 Main St,Houston,TX,77030,PD,DO,Y,Y,,Y
2666064741,HCP04774,,Prescriber4741,4841 Main St,Huntsville,AL,35801,PD,MD,Y,Y,,Y
2666361870,HCP04775,,Prescriber1870,1970 Main St,Lafayette,LA,70506,GP,NP,Y,Y,,Y
2666592670,HCP04776,,Prescriber2670,2770 Main St,Brooklyn,NY,11214,P,NP,Y,Y,,Y
2666633258,Christina,,Hernandez,2460 W Ray Rd Ste 1,Chandler,AZ,85224,P,NP,Y,Y,C,
2666651902,HCP04777,,Prescriber1902,2002 Main St,Houston,TX,77030,D,MD,Y,Y,,Y
2667079195,HCP04778,,Prescriber9195,295 Main St,Houston,TX,77030,OBG,MD,Y,Y,,Y
2668460590,HCP04779,,Prescriber0590,690 Main St,Houston,TX,77030,P,NP,Y,Y,,Y
2670094434,HCP04780,,Prescriber4434,4534 Main St,Houston,TX,77030,DEN,DMD,Y,Y,,Y
2670993510,HCP04781,,Prescriber3510,3610 Main St,Houston,TX,77030,NPM,NP,Y,Y,,Y
2671048939,HCP04782,,Prescriber8939,9039 Main St,New Orleans,LA,70112,OBG,MD,Y,Y,,Y
2671978300,HCP04783,,Prescriber8300,8400 Main St,Yonkers,NY,10701,P,NP,Y,Y,,Y
2672127763,HCP04784,,Prescriber7763,7863 Main St,Houston,TX,77030,GP,PA,Y,Y,,Y
2672310185,Jennifer,E,Porter,1255 Creekshire Way Ste 290,Winston Salem,NC,27103,P,MD,Y,Y,A,
2674380214,HCP04785,,Prescriber0214,314 Main St,Houston,TX,77030,PD,MD,Y,Y,,Y
2674499704,HCP04786,,Prescriber9704,804 Main St,Huntersville,NC,28078,PD,MD,Y,Y,,Y
2674684944,Mr.,L,Travis Watson,615 W Macphail Rd Ste 107,Bel Air,MD,21014,PD,NP,Y,Y,,Y
2674814182,HCP04787,,Prescriber4182,4282 Main St,Richmond,TX,77406,PD,MD,Y,Y,,Y
2676833908,HCP04788,,Prescriber3908,4008 Main St,Spartanburg,SC,29301,PD,NP,Y,Y,,Y
2677241182,Pamela,N,Smith,1665 Highway 3125,Gramercy,LA,70052,FM,NP,Y,Y,,
2677394174,HCP04789,,Prescriber4174,4274 Main St,Houston,TX,77030,CD,MD,Y,Y,,Y
2677614364,HCP04790,,Prescriber4364,4464 Main St,Mckinney,TX,75071,P,MD,Y,Y,,Y
2677744291,HCP04791,,Prescriber4291,4391 Main St,Manhasset,NY,11030,P,NP,Y,Y,,Y
2677784061,HCP04792,,Prescriber4061,4161 Main St,Cincinnati,OH,45219,PD,MD,Y,Y,,Y
2677996658,HCP04793,,Prescriber6658,6758 Main St,Austin,TX,78704,GP,MD,Y,Y,,Y
2678210592,HCP04794,,Prescriber0592,692 Main St,Houston,TX,77030,PHO,MD,Y,Y,,Y
2678273840,HCP04795,,Prescriber3840,3940 Main St,Houma,LA,70363,FM,NP,Y,Y,,Y
2678597371,HCP04796,,Prescriber7371,7471 Main St,Richmond,VA,23298,IM,MD,Y,Y,,Y
2679092184,HCP04797,,Prescriber2184,2284 Main St,Houston,TX,77030,DEN,DDS,Y,Y,,Y
2680611748,Debra,L,Haley,2895 Zelda Rd,Montgomery,AL,36106,FM,NP,Y,Y,,Y
2681056377,HCP04798,,Prescriber6377,6477 Main St,Houston,TX,77030,GP,PA,Y,Y,,Y
2681339282,HCP04799,,Prescriber9282,382 Main St,Houston,TX,77030,END,MD,Y,Y,,Y
2681562683,HCP04800,,Prescriber2683,2783 Main St,Portland,OR,97217,GP,NP,Y,Y,,Y
2681650049,HCP04801,,Prescriber0049,149 Main St,Charlotte,NC,28277,A,MD,Y,Y,,Y
2683388718,HCP04802,,Prescriber8718,8818 Main St,Houston,TX,77030,PD,MD,Y,Y,,Y
2683429898,Gregory,A,Perez,13720 W Colonial Dr,Winter Garden,FL,34787,P,NP,Y,Y,B,
2683704805,HCP04803,,Prescriber4805,4905 Main St,West Palm Beach,FL,33407,P,MD,Y,Y,,Y
2683936422,HCP04804,,Prescriber6422,6522 Main St,Philadelphia,PA,19104,PD,MD,Y,Y,,Y
2685372608,HCP04805,,Prescriber2608,2708 Main St,Easley,SC,29642,P,MD,Y,Y,,Y
2685942195,HCP04806,,Prescriber2195,2295 Main St,Gulfport,MS,39507,FM,NP,Y,Y,,Y
2686413410,Patrick,D,Manning,1300 N West Shore Blvd Ste 240,Tampa,FL,33603,P,NP,Y,Y,C,
2686518520,HCP04807,,Prescriber8520,8620 Main St,Smithsburg,MD,21783,AC,NP,Y,Y,,Y
2687037328,HCP04808,,Prescriber7328,7428 Main St,Lebanon,OH,45036,PD,MD,Y,Y,,Y
2687191589,HCP04809,,Prescriber1589,1689 Main St,Tulsa,OK,74135,PD,DO,Y,Y,,Y
2687282858,Dwayne,R,Tucker,219 Forge Rd,Phoenixville,PA,19460,P,NP,Y,Y,C,
2687351054,HCP04810,,Prescriber1054,1154 Main St,Charlotte,NC,28207,FM,MD,Y,Y,,Y
2687819693,HCP04811,,Prescriber9693,793 Main St,Cleveland,OH,44195,DEN,DDS,Y,Y,,Y
2688424547,HCP04812,,Prescriber4547,4647 Main St,Hutchinson,KS,67502,PD,NP,Y,Y,,Y
2689515181,HCP04813,,Prescriber5181,5281 Main St,South Charleston,WV,25303,GP,NP,Y,Y,,Y
2690948047,HCP04814,,Prescriber8047,8147 Main St,Murfreesboro,TN,37129,GYN,NP,Y,Y,,Y
2691214250,HCP04815,,Prescriber4250,4350 Main St,Dallas,TX,75390,FM,DO,Y,Y,,Y
2692304700,HCP04816,,Prescriber4700,4800 Main St,Charlotte,NC,28207,P,PA,Y,Y,,Y
2692533456,HCP04817,,Prescriber3456,3556 Main St,Astoria,NY,11105,P,NP,Y,Y,,Y
2692569669,HCP04818,,Prescriber9669,769 Main St,Houston,TX,77030,PD,MD,Y,Y,,Y
2692682964,Tina,L,Herrera,1012 Anna Knapp Blvd,Mount Pleasant,SC,29464,P,MD,Y,Y,A,
2692860351,HCP04819,,Prescriber0351,451 Main St,Houston,TX,77030,IM,MD,Y,Y,,Y
2693430856,Jamie,L,Morris,4885 Olentangy River Rd Ste 2-10,Columbus,OH,43214,PD,MD,Y,Y,B,
2693572725,HCP04820,,Prescriber2725,2825 Main St,Lawrence,KS,66049,GP,NP,Y,Y,,Y
2694544519,Jennifer,L,Sanders,5300 Bowman Park,Macon,GA,31210,PD,MD,Y,Y,C,Y
2694772692,Ryan,J,Wheeler,1601 Abercorn St,Savannah,GA,31401,P,MD,Y,Y,A,
2695315449,Karen,M,Carpenter,2327 Lime Kiln Ln,Louisville,KY,40222,P,NP,Y,Y,A,
2695440307,HCP04821,,Prescriber0307,407 Main St,Houston,TX,77030,IM,MD,Y,Y,,Y
2696485852,HCP04822,,Prescriber5852,5952 Main St,Columbia,SC,29203,CHP,DO,Y,Y,,Y
2696662715,HCP04823,,Prescriber2715,2815 Main St,Sugar Land,TX,77478,CHP,DO,Y,Y,,Y
2697195212,HCP04824,,Prescriber5212,5312 Main St,Houston,TX,77030,GER,NP,Y,Y,,Y
2697368531,HCP04825,,Prescriber8531,8631 Main St,Venice,FL,34292,FM,MD,Y,Y,,Y
2697818994,HCP04826,,Prescriber8994,9094 Main St,Lombard,IL,60148,GP,NP,Y,Y,,Y
2698330049,HCP04827,,Prescriber0049,149 Main St,Cincinnati,OH,45249,FM,DO,Y,Y,,Y
2699281433,HCP04828,,Prescriber1433,1533 Main St,Sylacauga,AL,35150,PD,MD,Y,Y,,Y
2699562477,HCP04829,,Prescriber2477,2577 Main St,Cleveland,OH,44195,IM,MD,Y,Y,,Y
2699967411,HCP04830,,Prescriber7411,7511 Main St,Miami,FL,33136,GS,MD,Y,Y,,Y
2700562201,HCP04831,,Prescriber2201,2301 Main St,Elyria,OH,44035,FM,NP,Y,Y,,Y
2700691159,Jeff,E,Montoya,9137 Chamberlayne Rd Ste 107,Mechanicsville,VA,23116,P,MD,Y,Y,A,
2701007276,HCP04832,,Prescriber7276,7376 Main St,Atlanta,GA,30322,IM,MD,Y,Y,,Y
2701166935,HCP04833,,Prescriber6935,7035 Main St,Miami,FL,33136,FM,NP,Y,Y,,Y
2701442021,Douglas,I,Walter,29055 Clemens Rd Ste A,Westlake,OH,44145,P,NP,Y,Y,A,
2701600592,Thomas,A,Livingston,231 Sherman Ave Apt 1F,New York,NY,10034,PD,MD,Y,Y,,
2702168437,HCP04834,,Prescriber8437,8537 Main St,Winston-Salem,NC,27101,P,DO,Y,Y,,Y
2702278510,David,,Pena,475 Biltmore Way Ste 209,Coral Gables,FL,33134,AI,MD,Y,Y,,Y
2703637284,HCP04835,,Prescriber7284,7384 Main St,Houston,TX,77030,DEN,DMD,Y,Y,,Y
2703725777,HCP04836,,Prescriber5777,5877 Main St,Houston,TX,77030,PD,MD,Y,Y,,Y
2703979471,HCP04837,,Prescriber9471,571 Main St,Charleston,SC,29425,DR,MD,Y,Y,,Y
2704038904,HCP04838,,Prescriber8904,9004 Main St,Houston,TX,77030,PD,MD,Y,Y,,Y
2705261661,HCP04839,,Prescriber1661,1761 Main St,Tampa,FL,33635,GP,NP,Y,Y,,Y
2705342921,HCP04840,,Prescriber2921,3021 Main St,New York,NY,10075,ADL,MD,Y,Y,,Y
2705423773,HCP04841,,Prescriber3773,3873 Main St,Indianapolis,IN,46256,P,NP,Y,Y,,Y
2706944001,HCP04842,,Prescriber4001,4101 Main St,Houston,TX,77030,PD,MD,Y,Y,,Y
2708588809,HCP04843,,Prescriber8809,8909 Main St,Murfreesboro,TN,37129,FM,NP,Y,Y,,Y
2708626076,HCP04844,,Prescriber6076,6176 Main St,Dayton,OH,45403,IM,MD,Y,Y,,Y
2709658405,HCP04845,,Prescriber8405,8505 Main St,Houston,TX,77030,HOS,MD,Y,Y,,Y
2709868009,HCP04846,,Prescriber8009,8109 Main St,Durham,NC,27705,POD,DPM,Y,Y,,Y
2710065841,HCP04847,,Prescriber5841,5941 Main St,Chapel Hill,NC,27517,NEP,MD,Y,Y,,Y
2710607253,HCP04848,,Prescriber7253,7353 Main St,Houston,TX,77030,AI,MD,Y,Y,,Y
2711830551,HCP04849,,Prescriber0551,651 Main St,Houston,TX,77030,NPM,MD,Y,Y,,Y
2712855773,HCP04850,,Prescriber5773,5873 Main St,Kansas City,KS,66160,ORS,MD,Y,Y,,Y
2714842726,HCP04851,,Prescriber2726,2826 Main St,Bolingbrook,IL,60440,PD,MD,Y,Y,,Y
2714913303,HCP04852,,Prescriber3303,3403 Main St,Houston,TX,77030,EM,MD,Y,Y,,Y
2715242600,HCP04853,,Prescriber2600,2700 Main St,Boulder,CO,80303,FM,NP,Y,Y,,Y
2715443141,HCP04854,,Prescriber3141,3241 Main St,Richmond,VA,23298,EM,MD,Y,Y,,Y
2716499793,HCP04855,,Prescriber9793,893 Main St,Houston,TX,77030,PD,MD,Y,Y,,Y
2717036307,HCP04856,,Prescriber6307,6407 Main St,Houston,TX,77030,P,NP,Y,Y,,Y
2718100836,Christopher,L,Pittman,2781 Tricom St,North Charleston,SC,29406,PD,MD,Y,Y,C,
2718642326,HCP04857,,Prescriber2326,2426 Main St,Houston,TX,77030,FM,NP,Y,Y,,Y
2718857722,Brittany,M,Sparks,2270 Ashley Crossing Dr Ste 165,Charleston,SC,29414,PDC,NP,Y,Y,C,
2719974394,HCP04858,,Prescriber4394,4494 Main St,Ann Arbor,MI,48109,OSG,DDS,Y,Y,,Y
2720088412,Daniel,D,Zimmerman,1255 Creekshire Way Ste 290,Winston Salem,NC,27103,P,NP,Y,Y,A,
2720102270,HCP04859,,Prescriber2270,2370 Main St,Miami,FL,33136,IM,DO,Y,Y,,Y
2720383009,HCP04860,,Prescriber3009,3109 Main St,Baltimore,MD,21287,P,SW,Y,Y,,Y
2722029612,HCP04861,,Prescriber9612,712 Main St,Manhattan,IL,60442,GP,PA,Y,Y,,Y
2722411638,Jeffrey,,Macias,114 N Lehmberg Rd,Columbus,MS,39702,PD,MD,Y,Y,,Y
2722590344,HCP04862,,Prescriber0344,444 Main St,Yorktown,VA,23693,FM,MD,Y,Y,,Y
2722616635,HCP04863,,Prescriber6635,6735 Main St,Houston,TX,77030,IM,MD,Y,Y,,Y
2722674989,HCP04864,,Prescriber4989,5089 Main St,Phoenix,AZ,85016,HO,MD,Y,Y,,Y
2723121634,HCP04865,,Prescriber1634,1734 Main St,Miami,FL,33136,GER,NP,Y,Y,,Y
2724501824,HCP04866,,Prescriber1824,1924 Main St,Atlanta,GA,30322,POD,DPM,Y,Y,,Y
2725360055,HCP04867,,Prescriber0055,155 Main St,Huntersville,NC,28078,PD,MD,Y,Y,,Y
2726751194,HCP04868,,Prescriber1194,1294 Main St,Houston,TX,77030,ID,DO,Y,Y,,Y
2727062982,HCP04869,,Prescriber2982,3082 Main St,Jackson,MS,39216,PD,MD,Y,Y,,Y
2728157917,HCP04870,,Prescriber7917,8017 Main St,Clovis,CA,93612,FM,DO,Y,Y,,Y
2728293148,HCP04871,,Prescriber3148,3248 Main St,Lafayette,LA,70503,FM,MD,Y,Y,,Y
2728316409,HCP04872,,Prescriber6409,6509 Main St,Portage,MI,49024,PD,MD,Y,Y,,Y
2728846910,HCP04873,,Prescriber6910,7010 Main St,Saint Louis,MO,63110,DIA,NP,Y,Y,,Y
2729088180,HCP04874,,Prescriber8180,8280 Main St,Destrehan,LA,70047,PD,MD,Y,Y,,Y
2731514426,HCP04875,,Prescriber4426,4526 Main St,Atlanta,GA,30322,FM,NP,Y,Y,,Y
2731598266,HCP04876,,Prescriber8266,8366 Main St,Houston,TX,77030,FM,DO,Y,Y,,Y
2731841338,HCP04877,,Prescriber1338,1438 Main St,Houston,TX,77030,EM,NP,Y,Y,,Y
2732040269,Allison,S,Everett,148 Wall Blvd,Gretna,LA,70056,CD,NP,Y,Y,,
2733521305,HCP04878,,Prescriber1305,1405 Main St,Cincinnati,OH,45241,PD,MD,Y,Y,,Y
2734274465,HCP04879,,Prescriber4465,4565 Main St,Chesapeake,VA,23322,P,NP,Y,Y,,Y
2735460509,Angela,L,Cook,2010 Avenue F,Birmingham,AL,35218,PD,MD,Y,Y,,Y
2735543942,HCP04880,,Prescriber3942,4042 Main St,Houston,TX,77030,CD,MD,Y,Y,,Y
2736538750,Pamela,F,Garcia,200 Stephenson Ave Ste 302,Savannah,GA,31405,P,MD,Y,Y,A,
2736938856,HCP04881,,Prescriber8856,8956 Main St,Charleston,SC,29425,FM,NP,Y,Y,,Y
2738151942,HCP04882,,Prescriber1942,2042 Main St,Medina,OH,44256,GP,NP,Y,Y,,Y
2739114630,HCP04883,,Prescriber4630,4730 Main St,San Antonio,TX,78240,P,MD,Y,Y,,Y
2739896905,HCP04884,,Prescriber6905,7005 Main St,Houston,TX,77030,NS,MD,Y,Y,,Y
2739949722,Jose,L,Mullins,1409 Kingsley Ave Ste 8,Orange Park,FL,32073,P,NP,Y,Y,B,
2741045712,HCP04885,,Prescriber5712,5812 Main St,Omaha,NE,68130,FM,MD,Y,Y,,Y
2741097906,HCP04886,,Prescriber7906,8006 Main St,Houston,TX,77030,P,NP,Y,Y,,Y
2741427240,HCP04887,,Prescriber7240,7340 Main St,Houston,TX,77030,FM,DO,Y,Y,,Y
2741882103,Troy,J,Nielsen,120 Handley Rd Ste 310,Tyrone,GA,30290,P,MD,Y,Y,C,
2742813049,HCP04888,,Prescriber3049,3149 Main St,Miami,FL,33136,GP,PA,Y,Y,,Y
2743164951,Victoria,A,Blankenship,2079 Charlie Hall Blvd,Charleston,SC,29414,P,NP,Y,Y,B,
2743174164,HCP04889,,Prescriber4164,4264 Main St,Cleveland,OH,44195,GP,PA,Y,Y,,Y
2743228672,HCP04890,,Prescriber8672,8772 Main St,Knoxville,TN,37921,P,NP,Y,Y,,Y
2743402509,HCP04891,,Prescriber2509,2609 Main St,Houston,TX,77030,ID,MD,Y,Y,,Y
2743879731,HCP04892,,Prescriber9731,831 Main St,Baton Rouge,LA,70809,GP,NP,Y,Y,,Y
2744774585,HCP04893,,Prescriber4585,4685 Main St,Washington,DC,20008,GP,PA,Y,Y,,Y
2744806136,HCP04894,,Prescriber6136,6236 Main St,Nashville,TN,37232,FM,NP,Y,Y,,Y
2744820110,Sarah,K,Freeman,6261 Ronald Reagan Dr,Lake Saint Louis,MO,63367,FM,MD,Y,Y,C,
2745339123,HCP04895,,Prescriber9123,223 Main St,Overland Park,KS,66204,PD,MD,Y,Y,,Y
2745417763,HCP04896,,Prescriber7763,7863 Main St,Gainesville,GA,30501,P,MD,Y,Y,,Y
2745657216,HCP04897,,Prescriber7216,7316 Main St,Beachwood,OH,44122,FM,NP,Y,Y,,Y
2745780108,HCP04898,,Prescriber0108,208 Main St,Houston,TX,77030,PD,MD,Y,Y,,Y
2746034775,Deanna,A,Brown,7450 Mason Montgomery Rd Ste 206,CINCINNATI,OH,45231,PD,MD,Y,Y,C,
2746172448,HCP04899,,Prescriber2448,2548 Main St,Vincennes,IN,47591,PD,MD,Y,Y,,Y
2747199559,Whitney,A,Sanford,2117 N Kelly Ave,Edmond,OK,73003,IM,MD,Y,Y,C,
2747209779,HCP04900,,Prescriber9779,879 Main St,Brooklyn,NY,11203,GP,PA,Y,Y,,Y
2747218022,HCP04901,,Prescriber8022,8122 Main St,Philadelphia,PA,19104,FM,NP,Y,Y,,Y
2748072276,HCP04902,,Prescriber2276,2376 Main St,Houston,TX,77030,PDO,MD,Y,Y,,Y
2748144246,HCP04903,,Prescriber4246,4346 Main St,Houston,TX,77030,EM,DO,Y,Y,,Y
2748823094,HCP04904,,Prescriber3094,3194 Main St,Houston,TX,77030,FM,DO,Y,Y,,Y
2749782043,HCP04905,,Prescriber2043,2143 Main St,Houston,TX,77030,CCM,NP,Y,Y,,Y
2749962809,HCP04906,,Prescriber2809,2909 Main St,Blanchard,OK,73010,FM,MD,Y,Y,,Y
2750340984,HCP04907,,Prescriber0984,1084 Main St,Des Moines,IA,50312,FM,DO,Y,Y,,Y
2750507864,HCP04908,,Prescriber7864,7964 Main St,Fort Worth,TX,76116,GP,PA,Y,Y,,Y
2750770527,Randy,M,Forbes,301 University Blvd,Galveston,TX,77555,PD,MD,Y,Y,,Y
2751794751,HCP04909,,Prescriber4751,4851 Main St,Charleston,SC,29425,IM,MD,Y,Y,,Y
2752034054,HCP04910,,Prescriber4054,4154 Main St,Houston,TX,77030,P,MD,Y,Y,,Y
2754616013,HCP04911,,Prescriber6013,6113 Main St,Lafayette,LA,70506,P,PA,Y,Y,,Y
2754708413,Mathew,C,Harrison,Hattiesburg Clinic,Hattiesburg,MS,39402,PD,MD,N,Y,,Y
2754990541,HCP04912,,Prescriber0541,641 Main St,Port Chester,NY,10573,P,NP,Y,Y,,Y
2755032350,HCP04913,,Prescriber2350,2450 Main St,Miami,FL,33136,U,MD,Y,Y,,Y
2756122308,HCP04914,,Prescriber2308,2408 Main St,Houston,TX,77030,FM,NP,Y,Y,,Y
2756468955,HCP04915,,Prescriber8955,9055 Main St,Philadelphia,PA,19104,HOS,MD,Y,Y,,Y
2757986826,Christopher,A,Young,700 24th Ave NW,Norman,OK,73069,FM,MD,Y,Y,C,
2758530479,HCP04916,,Prescriber0479,579 Main St,Houston,TX,77030,EM,NP,Y,Y,,Y
2758798477,HCP04917,,Prescriber8477,8577 Main St,Greenville,SC,29607,PD,NP,Y,Y,,Y
2759416030,HCP04918,,Prescriber6030,6130 Main St,Charleston,SC,29425,EM,MD,Y,Y,,Y
2759780855,HCP04919,,Prescriber0855,955 Main St,Houston,TX,77030,PD,MD,Y,Y,,Y
2760063649,HCP04920,,Prescriber3649,3749 Main St,Sugar Land,TX,77479,FM,MD,Y,Y,,Y
2760088510,HCP04921,,Prescriber8510,8610 Main St,Pottstown,PA,19464,P,NP,Y,Y,,Y
2760154033,HCP04922,,Prescriber4033,4133 Main St,Philadelphia,PA,19104,FM,NP,Y,Y,,Y
2760590282,HCP04923,,Prescriber0282,382 Main St,Louisville,KY,40243,FM,MD,Y,Y,,Y
2761423508,HCP04924,,Prescriber3508,3608 Main St,Houston,TX,77030,FM,NP,Y,Y,,Y
2762142680,HCP04925,,Prescriber2680,2780 Main St,Houston,TX,77030,HOS,MD,Y,Y,,Y
2762169849,Patricia,V,Williams,2510 E Dupont Rd Ste 200,Fort Wayne,IN,46825,PD,MD,Y,Y,,Y
2762174821,HCP04926,,Prescriber4821,4921 Main St,Richmond Hill,GA,31324,FM,DO,Y,Y,,Y
2762202241,HCP04927,,Prescriber2241,2341 Main St,Houston,TX,77030,FM,NP,Y,Y,,Y
2762501741,HCP04928,,Prescriber1741,1841 Main St,Winston-Salem,NC,27157,N,MD,Y,Y,,Y
2762592954,Jacob,J,Mckenzie,950 Clague Rd Ste 101,Sheffield Village,OH,44054,N,NP,Y,Y,A,
2762820195,HCP04929,,Prescriber0195,295 Main St,Charleston,SC,29425,ADU,NP,Y,Y,,Y
2763036738,HCP04930,,Prescriber6738,6838 Main St,Charlotte,NC,28277,IM,MD,Y,Y,,Y
2763156727,HCP04931,,Prescriber6727,6827 Main St,Columbus,OH,43210,CHP,MD,Y,Y,,Y
2763278173,HCP04932,,Prescriber8173,8273 Main St,New Baltimore,MI,48047,P,NP,Y,Y,,Y
2764466257,HCP04933,,Prescriber6257,6357 Main St,Durham,NC,27705,GP,PA,Y,Y,,Y
2764679821,HCP04934,,Prescriber9821,921 Main St,Houston,TX,77030,IM,MD,Y,Y,,Y
2764834335,HCP04935,,Prescriber4335,4435 Main St,Seattle,WA,98195,NAT,ND,Y,Y,,Y
2764967966,Austin,F,Rogers,12525 Perkins Rd Ste C,Baton Rouge,LA,70810,GP,MD,Y,Y,,
2766152269,HCP04936,,Prescriber2269,2369 Main St,Wilmington,NC,28401,PD,MD,Y,Y,,Y
2767686566,HCP04937,,Prescriber6566,6666 Main St,Houston,TX,77030,PD,MD,Y,Y,,Y
2768188567,Donna,M,Sanchez,3691 Park Ave Ste 9,Ellicott City,MD,21043,P,NP,Y,Y,B,
2768367050,HCP04938,,Prescriber7050,7150 Main St,Houston,TX,77030,CCM,MD,Y,Y,,Y
2768589227,HCP04939,,Prescriber9227,327 Main St,Houston,TX,77030,VS,MD,Y,Y,,Y
2768689654,HCP04940,,Prescriber9654,754 Main St,Miami,FL,33136,MOS,MD,Y,Y,,Y
2769616262,HCP04941,,Prescriber6262,6362 Main St,Naples,FL,34102,IM,MD,Y,Y,,Y
2770268202,HCP04942,,Prescriber8202,8302 Main St,Atlanta,GA,30324,P,MD,Y,Y,,Y
2770597724,Sean,A,Jones,421 Kingsley Ave Ste 300,Orange Park,FL,32073,FM,DO,Y,Y,B,
2771297705,HCP04943,,Prescriber7705,7805 Main St,Grapevine,TX,76051,PD,MD,Y,Y,,Y
2772469704,HCP04944,,Prescriber9704,804 Main St,New York,NY,10029,P,PA,Y,Y,,Y
2772668676,HCP04945,,Prescriber8676,8776 Main St,Denmark,SC,29042,FM,NP,Y,Y,,Y
2773096292,HCP04946,,Prescriber6292,6392 Main St,Houston,TX,77030,GP,PA,Y,Y,,Y
2773178812,Amanda,H,Jordan,418 S King St,Laurinburg,NC,28352,PD,NP,Y,Y,,Y
2773210706,HCP04947,,Prescriber0706,806 Main St,Austin,TX,78705,FM,MD,Y,Y,,Y
2773628853,HCP04948,,Prescriber8853,8953 Main St,Cleveland,OH,44195,P,MD,Y,Y,,Y
2773713004,HCP04949,,Prescriber3004,3104 Main St,Chicago,IL,60612,FM,MD,Y,Y,,Y
2773785987,HCP04950,,Prescriber5987,6087 Main St,Reading,PA,19608,P,NP,Y,Y,,Y
2773851564,HCP04951,,Prescriber1564,1664 Main St,Houston,TX,77030,EM,MD,Y,Y,,Y
2774521955,HCP04952,,Prescriber1955,2055 Main St,Houston,TX,77030,POD,DPM,Y,Y,,Y
2775116553,Brandon,F,Johnson,1563 Post Rd E,Westport,CT,06880,PD,MD,Y,Y,B,
2775439788,Debra,G,Young,14502 N Dale Mabry Hwy Ste 328,Tampa,FL,33618,P,MD,Y,Y,C,
2775542933,HCP04953,,Prescriber2933,3033 Main St,New Port Richey,FL,34655,PD,MD,Y,Y,,Y
2775814509,HCP04954,,Prescriber4509,4609 Main St,Houston,TX,77030,P,MD,Y,Y,,Y
2776304838,HCP04955,,Prescriber4838,4938 Main St,Purvis,MS,39475,FM,DO,Y,Y,,Y
2777144103,HCP04956,,Prescriber4103,4203 Main St,Muskegon,MI,49444,IM,MD,Y,Y,,Y
2777349646,Ashlee,R,Ball,5539 S 27th St Ste 101,Nebraska City,NE,68410,P,NP,Y,Y,A,
2777535951,HCP04957,,Prescriber5951,6051 Main St,Powder Springs,GA,30127,FM,MD,Y,Y,,Y
2777937461,HCP04958,,Prescriber7461,7561 Main St,Cleveland,OH,44195,FM,NP,Y,Y,,Y
2778595641,HCP04959,,Prescriber5641,5741 Main St,New York,NY,10016,CD,MD,Y,Y,,Y
2778596636,HCP04960,,Prescriber6636,6736 Main St,Houston,TX,77030,GS,MD,Y,Y,,Y
2779326499,HCP04961,,Prescriber6499,6599 Main St,Richmond,VA,23298,HOS,MD,Y,Y,,Y
2779971359,HCP04962,,Prescriber1359,1459 Main St,Saint Louis,MO,63110,FM,NP,Y,Y,,Y
2780218104,HCP04963,,Prescriber8104,8204 Main St,Charlotte,NC,28226,P,PA,Y,Y,,Y
2781669153,HCP04964,,Prescriber9153,253 Main St,Houston,TX,77030,FM,MD,Y,Y,,Y
2782081172,HCP04965,,Prescriber1172,1272 Main St,Mc Lean,VA,22101,AI,MD,Y,Y,,Y
2782724772,HCP04966,,Prescriber4772,4872 Main St,Houston,TX,77030,FPG,MD,Y,Y,,Y
2783439125,HCP04967,,Prescriber9125,225 Main St,Houston,TX,77030,FM,NP,Y,Y,,Y
2784399528,HCP04968,,Prescriber9528,628 Main St,Mount Pleasant,SC,29464,FM,MD,Y,Y,,Y
2784540668,HCP04969,,Prescriber0668,768 Main St,Miami,FL,33136,P,MD,Y,Y,,Y
2784683382,HCP04970,,Prescriber3382,3482 Main St,San Antonio,TX,78229,P,MD,Y,Y,,Y
2786131486,HCP04971,,Prescriber1486,1586 Main St,Wichita,KS,67212,FM,MD,Y,Y,,Y
2787235891,HCP04972,,Prescriber5891,5991 Main St,Houston,TX,77030,HOS,MD,Y,Y,,Y
2787248140,HCP04973,,Prescriber8140,8240 Main St,Philadelphia,PA,19103,FM,DO,Y,Y,,Y
2787347865,Thomas,S,Munoz,3831 E League City Pkwy Ste A,League City,TX,77573,PD,MD,Y,Y,,Y
2787635209,HCP04974,,Prescriber5209,5309 Main St,Zanesville,OH,43701,FM,NP,Y,Y,,Y
2788116113,HCP04975,,Prescriber6113,6213 Main St,Dallas,TX,75230,PD,MD,Y,Y,,Y
2788450242,HCP04976,,Prescriber0242,342 Main St,Overland Park,KS,66204,PD,MD,Y,Y,,Y
2788716379,HCP04977,,Prescriber6379,6479 Main St,Kittanning,PA,16201,P,MD,Y,Y,,Y
2790684090,HCP04978,,Prescriber4090,4190 Main St,Niles,MI,49120,FM,MD,Y,Y,,Y
2792085095,HCP04979,,Prescriber5095,5195 Main St,Kernersville,NC,27284,GP,PA,Y,Y,,Y
2792461710,HCP04980,,Prescriber1710,1810 Main St,Dublin,OH,43016,DEN,DDS,Y,Y,,Y
2794351219,HCP04981,,Prescriber1219,1319 Main St,Thomasville,NC,27360,P,NP,Y,Y,,Y
2794558869,Christine,N,Matthews,13917 Gold Cir,Omaha,NE,68105,P,NP,Y,Y,C,
2794805465,HCP04982,,Prescriber5465,5565 Main St,Tampa,FL,33609,PYM,DO,Y,Y,,Y
2795229529,HCP04983,,Prescriber9529,629 Main St,Fort Worth,TX,76104,GP,DO,Y,Y,,Y
2795350233,HCP04984,,Prescriber0233,333 Main St,Oakland,CA,94612,P,NP,Y,Y,,Y
2795594183,HCP04985,,Prescriber4183,4283 Main St,Houston,TX,77030,PH,MD,Y,Y,,Y
2795734035,HCP04986,,Prescriber4035,4135 Main St,Houston,TX,77030,GP,PA,Y,Y,,Y
2795761385,Patrick,E,Wallace,54 S Maple Ave,Marlton,NJ,08053,CHP,DO,Y,Y,A,
2797198948,HCP04987,,Prescriber8948,9048 Main St,Houston,TX,77030,OBG,MD,Y,Y,,Y
2797537925,HCP04988,,Prescriber7925,8025 Main St,Philadelphia,PA,19104,HOS,MD,Y,Y,,Y
2799392504,HCP04989,,Prescriber2504,2604 Main St,Arrington,VA,22922,FM,NP,Y,Y,,Y
2799494717,HCP04990,,Prescriber4717,4817 Main St,Lexington,KY,40509,CHP,MD,Y,Y,,Y
2799792530,HCP04991,,Prescriber2530,2630 Main St,Memphis,TN,38103,PD,MD,Y,Y,,Y
2799878253,Stuart,N,Barber,4300 Weaver Pkwy Ste 100A-F,Naperville,IL,60563,P,MD,Y,Y,B,
2801049841,HCP04992,,Prescriber9841,941 Main St,Baton Rouge,LA,70806,FM,MD,Y,Y,,Y
2801059892,Daniel,A,Fitzgerald,2704 N Oak St Bldg B3,Valdosta,GA,31602,P,MD,Y,Y,B,
2801249269,Cindy,L,Vaughn,35055 La Highway 16 Ste 2H,Denham Springs,LA,70706,FM,NP,Y,Y,,
2801358596,HCP04993,,Prescriber8596,8696 Main St,Topeka,KS,66606,CHP,MD,Y,Y,,Y
2801852682,HCP04994,,Prescriber2682,2782 Main St,Beachwood,OH,44122,P,DO,Y,Y,,Y
2801855791,HCP04995,,Prescriber5791,5891 Main St,Atlanta,GA,30322,P,MD,Y,Y,,Y
2802149498,HCP04996,,Prescriber9498,598 Main St,Argyle,TX,76226,PD,MD,Y,Y,,Y
2802323460,HCP04997,,Prescriber3460,3560 Main St,Sugar Land,TX,77478,P,MD,Y,Y,,Y
2802331228,HCP04998,,Prescriber1228,1328 Main St,Syosset,NY,11791,GP,NP,Y,Y,,Y
2803413323,HCP04999,,Prescriber3323,3423 Main St,Commack,NY,11725,P,MD,Y,Y,,Y
2805006735,HCP05000,,Prescriber6735,6835 Main St,Houston,TX,77030,PD,MD,Y,Y,,Y
2805322720,HCP05001,,Prescriber2720,2820 Main St,Indianapolis,IN,46202,DR,MD,Y,Y,,Y
2805468506,Rachael,F,Ryan,422 E 22ND ST,CHESTER,PA,19013,AI,MD,Y,Y,,Y
2805715577,HCP05002,,Prescriber5577,5677 Main St,Auburn,AL,36830,FM,MD,Y,Y,,Y
2806328771,HCP05003,,Prescriber8771,8871 Main St,Midlothian,VA,23112,PD,MD,Y,Y,,Y
2806748067,HCP05004,,Prescriber8067,8167 Main St,Chicago,IL,60612,FM,MD,Y,Y,,Y
2806853371,HCP05005,,Prescriber3371,3471 Main St,Corbin,KY,40701,P,NP,Y,Y,,Y
2807241243,HCP05006,,Prescriber1243,1343 Main St,Houston,TX,77030,P,MD,Y,Y,,Y
2807922351,HCP05007,,Prescriber2351,2451 Main St,Newport News,VA,23606,P,NP,Y,Y,,Y
2808190995,HCP05008,,Prescriber0995,1095 Main St,Baltimore,MD,21287,PD,MD,Y,Y,,Y
2808833571,HCP05009,,Prescriber3571,3671 Main St,Northbrook,IL,60062,GP,NP,Y,Y,,Y
2808888101,HCP05010,,Prescriber8101,8201 Main St,Houston,TX,77030,DR,MD,Y,Y,,Y
2809018193,HCP05011,,Prescriber8193,8293 Main St,Port Allen,LA,70767,FM,MD,Y,Y,,Y
2809497969,Donald,L,Burgess,12225 71st St,KENOSHA,WI,53142,CHP,MD,Y,Y,C,
2809499784,HCP05012,,Prescriber9784,884 Main St,Erie,PA,16506,P,NP,Y,Y,,Y
2809841273,HCP05013,,Prescriber1273,1373 Main St,Houston,TX,77030,FM,MD,Y,Y,,Y
2810510337,Elizabeth,B,Koch,4501 Groveway Dr,Houston,TX,77087,PD,DO,Y,Y,,Y
2811038937,HCP05014,,Prescriber8937,9037 Main St,Houston,TX,77030,HO,RN,Y,Y,,Y
2811225439,HCP05015,,Prescriber5439,5539 Main St,Saint Louis,MO,63110,FM,NP,Y,Y,,Y
2811758576,HCP05016,,Prescriber8576,8676 Main St,Houston,TX,77030,FM,RN,Y,Y,,Y
2812296137,HCP05017,,Prescriber6137,6237 Main St,Sugar Land,TX,77479,FM,MD,Y,Y,,Y
2812509293,Heather,F,Chavez,135 Jackson Rd Ste C,Medford,NJ,08055,P,NP,Y,Y,A,
2812583586,HCP05018,,Prescriber3586,3686 Main St,Houston,TX,77030,NPM,MD,Y,Y,,Y
2812907527,HCP05019,,Prescriber7527,7627 Main St,Westmont,IL,60559,P,NP,Y,Y,,Y
2813165166,HCP05020,,Prescriber5166,5266 Main St,Houston,TX,77030,OTO,MD,Y,Y,,Y
2813422144,HCP05021,,Prescriber2144,2244 Main St,Tempe,AZ,85283,P,NP,Y,Y,,Y
2813913558,HCP05022,,Prescriber3558,3658 Main St,Chicago,IL,60611,IM,MD,Y,Y,,Y
2814014548,HCP05023,,Prescriber4548,4648 Main St,Houston,TX,77030,AC,NP,Y,Y,,Y
2814077332,HCP05024,,Prescriber7332,7432 Main St,Overland Park,KS,66210,PD,NP,Y,Y,,Y
2814513825,HCP05025,,Prescriber3825,3925 Main St,Tampa,FL,33607,PD,DO,Y,Y,,Y
2814546196,HCP05026,,Prescriber6196,6296 Main St,Houston,TX,77030,EM,MD,Y,Y,,Y
2815139752,HCP05027,,Prescriber9752,852 Main St,Bethesda,MD,20814,GP,PA,Y,Y,,Y
2815242969,HCP05028,,Prescriber2969,3069 Main St,Houston,TX,77030,EM,NP,Y,Y,,Y
2815592614,HCP05029,,Prescriber2614,2714 Main St,Houston,TX,77030,PD,MD,Y,Y,,Y
2816241035,HCP05030,,Prescriber1035,1135 Main St,Houston,TX,77030,GP,PA,Y,Y,,Y
2816436119,April,M,Freeman,670 N River St Ste 207,Plains,PA,18705,PN,MD,Y,Y,,Y
2816565842,HCP05031,,Prescriber5842,5942 Main St,Tallahassee,FL,32306,P,MD,Y,Y,,Y
2816799943,HCP05032,,Prescriber9943,1043 Main St,Indianapolis,IN,46202,GP,NP,Y,Y,,Y
2817250130,HCP05033,,Prescriber0130,230 Main St,Houston,TX,77030,PUD,MD,Y,Y,,Y
2817728776,HCP05034,,Prescriber8776,8876 Main St,Leland,NC,28451,IM,PA,Y,Y,,Y
2817989716,HCP05035,,Prescriber9716,816 Main St,Baltimore,MD,21287,AN,MD,Y,Y,,Y
2818116020,HCP05036,,Prescriber6020,6120 Main St,Jacksonville,FL,32277,PD,MD,Y,Y,,Y
2818323903,HCP05037,,Prescriber3903,4003 Main St,West Chester,OH,45069,FM,MD,Y,Y,,Y
2818405258,Diana,A,Morris,6837 W 37th St N,Wichita,KS,67205,PD,DO,Y,Y,B,
2818630226,HCP05038,,Prescriber0226,326 Main St,Skokie,IL,60076,P,NP,Y,Y,,Y
2818914028,HCP05039,,Prescriber4028,4128 Main St,Houston,TX,77030,PD,MD,Y,Y,,Y
2818950991,HCP05040,,Prescriber0991,1091 Main St,Louisville,KY,40202,PD,MD,Y,Y,,Y
2819215817,HCP05041,,Prescriber5817,5917 Main St,Austin,TX,78749,PD,MD,Y,Y,,Y
2819313377,HCP05042,,Prescriber3377,3477 Main St,Chicago,IL,60612,HO,MD,Y,Y,,Y
2819877808,HCP05043,,Prescriber7808,7908 Main St,Houston,TX,77030,FM,NP,Y,Y,,Y
2820220567,HCP05044,,Prescriber0567,667 Main St,Amelia Court House,VA,23002,PD,MD,Y,Y,,Y
2820845091,HCP05045,,Prescriber5091,5191 Main St,Woodway,TX,76712,FM,MD,Y,Y,,Y
2821208047,HCP05046,,Prescriber8047,8147 Main St,Richardson,TX,75080,P,MD,Y,Y,,Y
2822181469,HCP05047,,Prescriber1469,1569 Main St,Tuscumbia,AL,35674,PD,MD,Y,Y,,Y
2823157305,Kathy,K,Reid,21216 Northwest Fwy Ste 470,Cypress,TX,77429,PD,MD,Y,Y,,Y
2824084657,HCP05048,,Prescriber4657,4757 Main St,Houston,TX,77030,GP,PA,Y,Y,,Y
2824172530,HCP05049,,Prescriber2530,2630 Main St,Houston,TX,77030,IM,MD,Y,Y,,Y
2824220923,HCP05050,,Prescriber0923,1023 Main St,Las Vegas,NV,89109,PD,PA,Y,Y,,Y
2824469756,HCP05051,,Prescriber9756,856 Main St,Austin,TX,78749,PD,MD,Y,Y,,Y
2825748391,HCP05052,,Prescriber8391,8491 Main St,Richmond,VA,23298,FM,MD,Y,Y,,Y
2825828115,HCP05053,,Prescriber8115,8215 Main St,Houston,TX,77030,OBG,RN,Y,Y,,Y
2825864068,HCP05054,,Prescriber4068,4168 Main St,Orlando,FL,32819,CHN,MD,Y,Y,,Y
2825896277,HCP05055,,Prescriber6277,6377 Main St,Chicago,IL,60612,AC,NP,Y,Y,,Y
2828420867,HCP05056,,Prescriber0867,967 Main St,Carrollton,TX,75010,PD,MD,Y,Y,,Y
2828462352,HCP05057,,Prescriber2352,2452 Main St,Kansas City,KS,66160,OBG,NP,Y,Y,,Y
2829659529,HCP05058,,Prescriber9529,629 Main St,Houston,TX,77030,IM,MD,Y,Y,,Y
2830076917,HCP05059,,Prescriber6917,7017 Main St,Houston,TX,77030,OPT,OD,Y,Y,,Y
2830155367,HCP05060,,Prescriber5367,5467 Main St,Houston,TX,77030,FM,NP,Y,Y,,Y
2831037340,Christine,A,Anderson,2114 Generals Hwy,Annapolis,MD,21401,FM,NP,Y,Y,,Y
2831389259,HCP05061,,Prescriber9259,359 Main St,Miami,FL,33137,P,MD,Y,Y,,Y
2831614297,HCP05062,,Prescriber4297,4397 Main St,Prairieville,LA,70769,HOS,MD,Y,Y,,Y
2831689898,HCP05063,,Prescriber9898,998 Main St,Indianapolis,IN,46234,IM,MD,Y,Y,,Y
2831984443,Michael,T,Mcmillan,4120 W Memorial Rd Ste 300,Oklahoma City,OK,73120,P,PA,Y,Y,A,
2832523262,HCP05064,,Prescriber3262,3362 Main St,Austin,TX,78723,FM,MD,Y,Y,,Y
2834120799,HCP05065,,Prescriber0799,899 Main St,Durham,NC,27705,AN,APRN,Y,Y,,Y
2834279748,HCP05066,,Prescriber9748,848 Main St,Evansville,IN,47715,P,NP,Y,Y,,Y
2834780338,HCP05067,,Prescriber0338,438 Main St,Atlanta,GA,30322,END,PA,Y,Y,,Y
2834838046,HCP05068,,Prescriber8046,8146 Main St,Fort Sill,OK,73503,P,MD,Y,Y,,Y
2835707233,HCP05069,,Prescriber7233,7333 Main St,Bowling Green,KY,42104,P,NP,Y,Y,,Y
2836117283,Paula,L,Herrera,206 Joe Knox Ave Ste F,Mooresville,NC,28117,P,PA,Y,Y,A,
2836549019,Stephen,J,Howard,9979 Winghaven Blvd Ste 202,O Fallon,MO,63368,P,MD,Y,Y,B,
2837517714,HCP05070,,Prescriber7714,7814 Main St,Oldsmar,FL,34677,P,NP,Y,Y,,Y
2837810510,HCP05071,,Prescriber0510,610 Main St,Houston,TX,77030,AN,MD,Y,Y,,Y
2841545989,HCP05072,,Prescriber5989,6089 Main St,Weirton,WV,26062,IM,MD,Y,Y,,Y
2842589169,HCP05073,,Prescriber9169,269 Main St,Houston,TX,77030,HOS,MD,Y,Y,,Y
2842592912,HCP05074,,Prescriber2912,3012 Main St,Spring,TX,77381,ADL,MD,Y,Y,,Y
2843296626,HCP05075,,Prescriber6626,6726 Main St,Houston,TX,77030,P,NP,Y,Y,,Y
2843540527,Jonathan,W,Cruz,3660 Rome Dr,Lafayette,IN,47905,P,NP,Y,Y,A,
2843650490,HCP05076,,Prescriber0490,590 Main St,Charleston,SC,29425,IM,DO,Y,Y,,Y
2844751140,HCP05077,,Prescriber1140,1240 Main St,Bolivia,NC,28422,FM,DO,Y,Y,,Y
2847076221,HCP05078,,Prescriber6221,6321 Main St,Houston,TX,77030,PD,MD,Y,Y,,Y
2847484675,HCP05079,,Prescriber4675,4775 Main St,Houston,TX,77030,FM,NP,Y,Y,,Y
2847900698,HCP05080,,Prescriber0698,798 Main St,La Porte,IN,46350,IM,MD,Y,Y,,Y
2848472432,HCP05081,,Prescriber2432,2532 Main St,Saint Peters,MO,63376,P,DO,Y,Y,,Y
2848792711,HCP05082,,Prescriber2711,2811 Main St,Los Angeles,CA,90024,P,MD,Y,Y,,Y
2849131076,HCP05083,,Prescriber1076,1176 Main St,Yorba Linda,CA,92886,PD,MD,Y,Y,,Y
2849258350,Tina,M,Hayes,7900 Fannin St Ste 3300,Houston,TX,77054,PD,MD,Y,Y,,Y
2849915364,HCP05084,,Prescriber5364,5464 Main St,Metairie,LA,70002,PSY,PSY,Y,Y,,Y
2850211101,HCP05085,,Prescriber1101,1201 Main St,Baton Rouge,LA,70808,IM,MD,Y,Y,,Y
2851383108,HCP05086,,Prescriber3108,3208 Main St,Fleming Island,FL,32003,FM,MD,Y,Y,,Y
2852976365,HCP05087,,Prescriber6365,6465 Main St,Richmond,VA,23298,PUD,MD,Y,Y,,Y
2853405516,HCP05088,,Prescriber5516,5616 Main St,Nashville,TN,37204,HOS,MD,Y,Y,,Y
2853709436,HCP05089,,Prescriber9436,536 Main St,Houston,TX,77030,IM,MD,Y,Y,,Y
2853717033,HCP05090,,Prescriber7033,7133 Main St,Prescott Valley,AZ,86314,PD,NP,Y,Y,,Y
2853988535,HCP05091,,Prescriber8535,8635 Main St,Durham,NC,27705,PD,MD,Y,Y,,Y
2854085425,HCP05092,,Prescriber5425,5525 Main St,Houston,TX,77030,DEN,DDS,Y,Y,,Y
2854594674,HCP05093,,Prescriber4674,4774 Main St,Northbrook,IL,60062,P,MD,Y,Y,,Y
2855565736,HCP05094,,Prescriber5736,5836 Main St,Alabaster,AL,35007,FM,NP,Y,Y,,Y
2856441612,HCP05095,,Prescriber1612,1712 Main St,San Antonio,TX,78235,FM,DO,Y,Y,,Y
2856927486,HCP05096,,Prescriber7486,7586 Main St,Richmond,VA,23298,ADU,NP,Y,Y,,Y
2858269422,HCP05097,,Prescriber9422,522 Main St,Mobile,AL,36609,GP,MD,Y,Y,,Y
2858299004,HCP05098,,Prescriber9004,104 Main St,Wichita,KS,67214,CHP,APRN,Y,Y,,Y
2858326252,HCP05099,,Prescriber6252,6352 Main St,Cushing,OK,74023,FM,DO,Y,Y,,Y
2858719335,Jennifer,M,Monroe,3405 Midway Rd Ste 650,Plano,TX,75093,PD,MD,Y,Y,,Y
2858825798,HCP05100,,Prescriber5798,5898 Main St,Houston,TX,77030,FM,DO,Y,Y,,Y
2859205441,HCP05101,,Prescriber5441,5541 Main St,Houston,TX,77030,GER,NP,Y,Y,,Y
2859338500,HCP05102,,Prescriber8500,8600 Main St,Royal Oak,MI,48073,PM,MD,Y,Y,,Y
2859423874,Ruth,C,Mack,3070 Dyer Blvd,Kissimmee,FL,34741,PD,NP,Y,Y,,Y
2859548487,HCP05103,,Prescriber8487,8587 Main St,Durham,NC,27705,FM,MD,Y,Y,,Y
2860695336,Justin,L,Long,950 E Swan Creek Rd,Fort Washington,MD,20744,FM,NP,Y,Y,,Y
2861422542,HCP05104,,Prescriber2542,2642 Main St,Downingtown,PA,19335,FM,NP,Y,Y,,Y
2861701111,HCP05105,,Prescriber1111,1211 Main St,Houston,TX,77030,NEP,MD,Y,Y,,Y
2862776379,HCP05106,,Prescriber6379,6479 Main St,Houston,TX,77030,GP,PA,Y,Y,,Y
2863099582,HCP05107,,Prescriber9582,682 Main St,Atlanta,GA,30322,PUD,MD,Y,Y,,Y
2864407453,HCP05108,,Prescriber7453,7553 Main St,Cleveland,OH,44195,DEN,DDS,Y,Y,,Y
2865627936,Cynthia,J,Preston,8823 San Jose Blvd Ste 301,Jacksonville,FL,32217,P,NP,Y,Y,A,
2865865338,HCP05109,,Prescriber5338,5438 Main St,Baton Rouge,LA,70809,FM,MD,Y,Y,,Y
2865966336,Mr.,,Bryan Rodgers PhD,139 Centre St Ste 314,New York,NY,10013,PD,NP,Y,Y,,
2866556814,HCP05110,,Prescriber6814,6914 Main St,High Point,NC,27265,IM,NP,Y,Y,,Y
2867448593,HCP05111,,Prescriber8593,8693 Main St,Cayce,SC,29033,FM,NP,Y,Y,,Y
2867547736,HCP05112,,Prescriber7736,7836 Main St,Garland,TX,75043,P,DO,Y,Y,,Y
2867684800,HCP05113,,Prescriber4800,4900 Main St,Houston,TX,77030,PD,MD,Y,Y,,Y
2868192685,HCP05114,,Prescriber2685,2785 Main St,Lakeland,FL,33805,P,NP,Y,Y,,Y
2868973297,HCP05115,,Prescriber3297,3397 Main St,Fayetteville,NC,28303,P,NP,Y,Y,,Y
2869432080,HCP05116,,Prescriber2080,2180 Main St,Phoenix,AZ,85016,PD,MD,Y,Y,,Y
2869653843,Scott,D,Clayton,1638 Memorial Dr,Burlington,NC,27215,P,PA,Y,Y,A,
2870426340,HCP05117,,Prescriber6340,6440 Main St,Durham,NC,27705,NTR,RN,Y,Y,,Y
2870444393,HCP05118,,Prescriber4393,4493 Main St,Cincinnati,OH,45242,ADL,MD,Y,Y,,Y
2871593816,HCP05119,,Prescriber3816,3916 Main St,Houston,TX,77030,GP,PA,Y,Y,,Y
2872468796,Renee,A,Brooks,760 Newtown Yardley Rd Ste 122,Wayne,PA,19087,P,NP,Y,Y,C,
2872920150,HCP05120,,Prescriber0150,250 Main St,Houston,TX,77030,DEN,DDS,Y,Y,,Y
2873015110,HCP05121,,Prescriber5110,5210 Main St,Houston,TX,77030,PD,MD,Y,Y,,Y
2873903326,HCP05122,,Prescriber3326,3426 Main St,Bellaire,TX,77401,P,MD,Y,Y,,Y
2874097012,Meghan,N,Wilkerson,10273 Gould Dr,Saint Francisville,LA,70775,FM,NP,Y,Y,,
2874134658,HCP05123,,Prescriber4658,4758 Main St,Lewiston Woodville,NC,27849,IM,MD,Y,Y,,Y
2874485617,HCP05124,,Prescriber5617,5717 Main St,Washington Court House,OH,43160,PD,DO,Y,Y,,Y
2874518797,Laura,K,Campbell,150 Gentilly Blvd,Cartersville,GA,30120,FM,DO,Y,Y,C,
2874894392,HCP05125,,Prescriber4392,4492 Main St,Houston,TX,77030,GER,NP,Y,Y,,Y
2875456915,HCP05126,,Prescriber6915,7015 Main St,Longwood,FL,32750,IM,MD,Y,Y,,Y
2875923775,HCP05127,,Prescriber3775,3875 Main St,Cedar Rapids,IA,52402,P,MD,Y,Y,,Y
2876265478,HCP05128,,Prescriber5478,5578 Main St,Houston,TX,77030,PD,MD,Y,Y,,Y
2876650570,HCP05129,,Prescriber0570,670 Main St,Houston,TX,77030,OBG,MD,Y,Y,,Y
2876966089,Christian,N,Hansen,9049 Springboro Pike Ste A,Miamisburg,OH,45342,P,NP,Y,Y,B,
2877062323,HCP05130,,Prescriber2323,2423 Main St,Houston,TX,77030,N,MD,Y,Y,,Y
2877388736,HCP05131,,Prescriber8736,8836 Main St,Houston,TX,77030,IM,MD,Y,Y,,Y
2877642882,HCP05132,,Prescriber2882,2982 Main St,Jacksonville,FL,32204,PD,MD,Y,Y,,Y
2877719164,HCP05133,,Prescriber9164,264 Main St,Montgomery,AL,36117,FM,MD,Y,Y,,Y
2877976547,HCP05134,,Prescriber6547,6647 Main St,Lake Mary,FL,32746,P,NP,Y,Y,,Y
2877991221,HCP05135,,Prescriber1221,1321 Main St,Pensacola,FL,32501,PSU,DO,Y,Y,,Y
2878236191,HCP05136,,Prescriber6191,6291 Main St,Huntersville,NC,28078,CHP,MD,Y,Y,,Y
2878709364,Jacqueline,,Logan,4420 Conlin St Ste 301,Metairie,LA,70006,FM,MD,Y,Y,,
2879111048,David,C,Farmer,8029 Corporate Center Dr Ste 200,Charlotte,NC,28226,P,MD,Y,Y,A,
2879163676,HCP05137,,Prescriber3676,3776 Main St,Virginia Beach,VA,23455,FM,PA,Y,Y,,Y
2879879465,HCP05138,,Prescriber9465,565 Main St,Albany,GA,31707,FM,MD,Y,Y,,Y
2880115907,HCP05139,,Prescriber5907,6007 Main St,Houston,TX,77030,DR,MD,Y,Y,,Y
2880515115,HCP05140,,Prescriber5115,5215 Main St,Charleston,SC,29425,HO,MD,Y,Y,,Y
2880666254,HCP05141,,Prescriber6254,6354 Main St,West Columbia,SC,29169,FM,NP,Y,Y,,Y
2881401087,HCP05142,,Prescriber1087,1187 Main St,Richmond,VA,23298,END,MD,Y,Y,,Y
2881479867,HCP05143,,Prescriber9867,967 Main St,Houston,TX,77030,PD,MD,Y,Y,,Y
2882392434,HCP05144,,Prescriber2434,2534 Main St,Atlanta,GA,30322,DR,MD,Y,Y,,Y
2882480925,HCP05145,,Prescriber0925,1025 Main St,Miami,FL,33136,GS,PA,Y,Y,,Y
2883052639,HCP05146,,Prescriber2639,2739 Main St,New Orleans,LA,70112,IM,HBP,Y,Y,,Y
2883358902,HCP05147,,Prescriber8902,9002 Main St,Houston,TX,77054,PD,MD,Y,Y,,Y
2884144842,HCP05148,,Prescriber4842,4942 Main St,Houston,TX,77030,PD,MD,Y,Y,,Y
2884145027,HCP05149,,Prescriber5027,5127 Main St,Phoenix,AZ,85016,GP,NP,Y,Y,,Y
2884579479,Megan,L,Jones DVM,460 AL Highway 75 N,Albertville,AL,35951,PD,MD,Y,Y,,Y
2885023802,HCP05150,,Prescriber3802,3902 Main St,Cleveland,OH,44195,OBG,NP,Y,Y,,Y
2886031595,HCP05151,,Prescriber1595,1695 Main St,Saint Louis,MO,63110,PD,MD,Y,Y,,Y
2886366434,HCP05152,,Prescriber6434,6534 Main St,Houston,TX,77030,FM,NP,Y,Y,,Y
2886946929,HCP05153,,Prescriber6929,7029 Main St,Henrico,VA,23229,FM,NP,Y,Y,,Y
2887268205,HCP05154,,Prescriber8205,8305 Main St,Houston,TX,77030,FM,NP,Y,Y,,Y
2887460005,Dr.,S,Paula Stanton,530 New Waverly Pl Ste 314,Cary,NC,27518,P,PA,Y,Y,A,
2887523952,Thomas,J,Barajas,641 Hill Rd N Ste A,Pickerington,OH,43147,FM,MD,Y,Y,B,
2887580808,HCP05155,,Prescriber0808,908 Main St,Detroit,MI,48202,P,MD,Y,Y,,Y
2887866959,HCP05156,,Prescriber6959,7059 Main St,Poughkeepsie,NY,12601,ADL,MD,Y,Y,,Y
2888509253,HCP05157,,Prescriber9253,353 Main St,Chicago,IL,60612,FM,NP,Y,Y,,Y
2889366411,HCP05158,,Prescriber6411,6511 Main St,Brandon,FL,33511,P,NP,Y,Y,,Y
2890501018,HCP05159,,Prescriber1018,1118 Main St,Houston,TX,77030,TS,MD,Y,Y,,Y
2891606310,HCP05160,,Prescriber6310,6410 Main St,Winter Garden,FL,34787,P,NP,Y,Y,,Y
2891707378,HCP05161,,Prescriber7378,7478 Main St,Houston,TX,77030,OBG,PVN,Y,Y,,Y
2892481270,Alicia,A,Rollins,217 Railroad Ave,Donaldsonville,LA,70346,FM,NP,Y,Y,,
2892561578,HCP05162,,Prescriber1578,1678 Main St,Houston,TX,77030,GER,NP,Y,Y,,Y
2892586931,HCP05163,,Prescriber6931,7031 Main St,Albany,NY,12206,P,PA,Y,Y,,Y
2893475064,HCP05164,,Prescriber5064,5164 Main St,West Bend,WI,53095,P,MD,Y,Y,,Y
2893871699,HCP05165,,Prescriber1699,1799 Main St,Houston,TX,77030,P,MD,Y,Y,,Y
2894159538,Kyle,,Malone,1S443 Summit Ave Ste 201,Oakbrook Terrace,IL,60181,P,PA,Y,Y,C,
2894978658,HCP05166,,Prescriber8658,8758 Main St,San Antonio,TX,78258,PD,MD,Y,Y,,Y
2896192330,HCP05167,,Prescriber2330,2430 Main St,Castroville,TX,78009,IM,MD,Y,Y,,Y
2896211523,HCP05168,,Prescriber1523,1623 Main St,Nashville,TN,37212,P,MD,Y,Y,,Y
2896363798,HCP05169,,Prescriber3798,3898 Main St,Houston,TX,77030,OM,MD,Y,Y,,Y
2896378245,HCP05170,,Prescriber8245,8345 Main St,College Station,TX,77845,PD,MD,Y,Y,,Y
2896406973,HCP05171,,Prescriber6973,7073 Main St,Mesa,AZ,85206,PD,DO,Y,Y,,Y
2896512581,HCP05172,,Prescriber2581,2681 Main St,Scottsdale,AZ,85254,PD,MD,Y,Y,,Y
2897037069,HCP05173,,Prescriber7069,7169 Main St,Waukee,IA,50263,PD,DO,Y,Y,,Y
2897081928,HCP05174,,Prescriber1928,2028 Main St,Iowa City,IA,52242,GP,NP,Y,Y,,Y
2897255134,HCP05175,,Prescriber5134,5234 Main St,Houston,TX,77030,GP,PA,Y,Y,,Y
2897439721,Tiffany,M,Richardson,6300 W Parker Rd Ste 126,Plano,TX,75093,PD,MD,Y,Y,B,
2898312819,HCP05176,,Prescriber2819,2919 Main St,Houston,TX,77030,PD,MD,Y,Y,,Y
2898705079,HCP05177,,Prescriber5079,5179 Main St,Houston,TX,77030,PD,MD,Y,Y,,Y
2901335582,HCP05178,,Prescriber5582,5682 Main St,Chicago,IL,60612,CHN,MD,Y,Y,,Y
2901351517,Luke,J,Lowe,1100 Plantation Island Dr S Ste 110,Jacksonville,FL,32207,P,DO,Y,Y,B,
2901810701,HCP05179,,Prescriber0701,801 Main St,Tucson,AZ,85745,P,NP,Y,Y,,Y
2902241441,Kevin,A,Salazar,140 W 86th St Ste A-4,New York,NY,10024,CHP,MD,Y,Y,C,
2902346052,HCP05180,,Prescriber6052,6152 Main St,High Point,NC,27265,FM,MD,Y,Y,,Y
2902587841,HCP05181,,Prescriber7841,7941 Main St,Maitland,FL,32751,PD,MD,Y,Y,,Y
2903135989,HCP05182,,Prescriber5989,6089 Main St,South El Monte,CA,91733,GP,PA,Y,Y,,Y
2903176114,HCP05183,,Prescriber6114,6214 Main St,Chevy Chase,MD,20815,P,MD,Y,Y,,Y
2903558459,HCP05184,,Prescriber8459,8559 Main St,Charleston,SC,29412,PM,PA,Y,Y,,Y
2904654823,HCP05185,,Prescriber4823,4923 Main St,Atlanta,GA,30322,IM,DO,Y,Y,,Y
2904665147,HCP05186,,Prescriber5147,5247 Main St,East Meadow,NY,11554,IM,MD,Y,Y,,Y
2904675152,HCP05187,,Prescriber5152,5252 Main St,Houston,TX,77030,PD,RN,Y,Y,,Y
2905857975,HCP05188,,Prescriber7975,8075 Main St,Philadelphia,PA,19104,FM,NP,Y,Y,,Y
2905883136,HCP05189,,Prescriber3136,3236 Main St,Houston,TX,77030,PD,MD,Y,Y,,Y
2906195536,Mark,A,Johnson,4545 E Chandler Blvd Ste 308,Phoenix,AZ,85048,P,NP,Y,Y,A,
2907082459,HCP05190,,Prescriber2459,2559 Main St,Houston,TX,77030,FM,NP,Y,Y,,Y
2907942842,HCP05191,,Prescriber2842,2942 Main St,Houston,TX,77030,OTH,NP,Y,Y,,Y
2910383526,HCP05192,,Prescriber3526,3626 Main St,Lincoln,NE,68516,PD,NP,Y,Y,,Y
2910390506,HCP05193,,Prescriber0506,606 Main St,Houston,TX,77030,P,NP,Y,Y,,Y
2910661215,HCP05194,,Prescriber1215,1315 Main St,Chester,PA,19013,PD,MD,Y,Y,,Y
2911719295,HCP05195,,Prescriber9295,395 Main St,Houston,TX,77030,DMP,MD,Y,Y,,Y
2911761356,Lisa,A,Hall DVM,800 S Frederick Ave Ste 200,Gaithersburg,MD,20877,P,NP,Y,Y,A,
2912661389,HCP05196,,Prescriber1389,1489 Main St,Houston,TX,77030,P,NP,Y,Y,,Y
2913021434,Jennifer,C,Jones,2201 Westpark Dr,Norman,OK,73069,P,NP,Y,Y,B,
2913232617,HCP05197,,Prescriber2617,2717 Main St,Houston,TX,77030,OPT,OD,Y,Y,,Y
2913333011,HCP05198,,Prescriber3011,3111 Main St,Houston,TX,77030,PM,MD,Y,Y,,Y
2913610956,HCP05199,,Prescriber0956,1056 Main St,Maurepas,LA,70449,PD,NP,Y,Y,,Y
2913893479,HCP05200,,Prescriber3479,3579 Main St,Omaha,NE,68198,SLP,SLP,Y,Y,,Y
2914001996,HCP05201,,Prescriber1996,2096 Main St,Houston,TX,77030,EM,MD,Y,Y,,Y
2914906494,James,B,Ortiz,3115 College Park Dr Ste 104,Conroe,TX,77384,PD,MD,Y,N,,Y
2915103850,HCP05202,,Prescriber3850,3950 Main St,Bend,OR,97702,P,NP,Y,Y,,Y
2915472529,Donald,L,Floyd,3261 24th Ave NW Ste 101,Oklahoma City,OK,73104,PD,NP,Y,Y,C,
2916076450,HCP05203,,Prescriber6450,6550 Main St,Houston,TX,77030,PD,RN,Y,Y,,Y
2916460763,HCP05204,,Prescriber0763,863 Main St,Akron,OH,44308,PD,MD,Y,Y,,Y
2916744164,HCP05205,,Prescriber4164,4264 Main St,Troy,MI,48098,GP,PA,Y,Y,,Y
2917364796,HCP05206,,Prescriber4796,4896 Main St,Ashland,KY,41101,FM,MD,Y,Y,,Y
2917717501,HCP05207,,Prescriber7501,7601 Main St,Atlanta,GA,30322,PEM,MD,Y,Y,,Y
2917828691,HCP05208,,Prescriber8691,8791 Main St,Hattiesburg,MS,39402,FM,NP,Y,Y,,Y
2918068153,Mark,J,Curtis,2080 Energy Dr,Apex,NC,27502,P,PA,Y,Y,A,
2918205478,HCP05209,,Prescriber5478,5578 Main St,Charleston,SC,29425,IM,MD,Y,Y,,Y
2919248629,HCP05210,,Prescriber8629,8729 Main St,Wetumpka,AL,36093,PD,MD,Y,Y,,Y
2919978587,Perry,L,Johnson,203 N Emmett St,Albertville,AL,35950,GP,NP,Y,Y,,Y
2920059602,HCP05211,,Prescriber9602,702 Main St,Franklin,TN,37067,PD,MD,Y,Y,,Y
2920161991,HCP05212,,Prescriber1991,2091 Main St,Calabasas,CA,91302,P,MD,Y,Y,,Y
2920321812,HCP05213,,Prescriber1812,1912 Main St,Overland Park,KS,66213,HOS,MD,Y,Y,,Y
2920717588,HCP05214,,Prescriber7588,7688 Main St,Harrisburg,NC,28075,FM,PA,Y,Y,,Y
2920879665,HCP05215,,Prescriber9665,765 Main St,Lake City,FL,32025,N,MD,Y,Y,,Y
2921553667,HCP05216,,Prescriber3667,3767 Main St,Indianapolis,IN,46202,MID,NP,Y,Y,,Y
2921572221,Zachary,E,Carter,8000 5 Mile Rd Ste 240,Cincinnati,OH,45230,P,MD,Y,Y,C,
2921644586,HCP05217,,Prescriber4586,4686 Main St,Houston,TX,77065,OTO,MD,Y,Y,,Y
2922688186,HCP05218,,Prescriber8186,8286 Main St,Houston,TX,77030,PTH,MD,Y,Y,,Y
2923773178,HCP05219,,Prescriber3178,3278 Main St,Waycross,GA,31503,OBG,DO,Y,Y,,Y
2924818243,HCP05220,,Prescriber8243,8343 Main St,Smyrna,TN,37167,P,NP,Y,Y,,Y
2925610524,HCP05221,,Prescriber0524,624 Main St,Chesterfield,VA,23832,FM,NP,Y,Y,,Y
2926206886,HCP05222,,Prescriber6886,6986 Main St,Houston,TX,77030,PD,MD,Y,Y,,Y
2926693537,HCP05223,,Prescriber3537,3637 Main St,Chicago,IL,60612,PDC,MD,Y,Y,,Y
2927001382,HCP05224,,Prescriber1382,1482 Main St,Saint Petersburg,FL,33711,P,NP,Y,Y,,Y
2927036339,HCP05225,,Prescriber6339,6439 Main St,Houston,TX,77030,IM,MD,Y,Y,,Y
2927576719,Travis,B,Cole,556 Central Ave,New Providence,NJ,07974,GP,NP,Y,Y,,Y
2927668441,HCP05226,,Prescriber8441,8541 Main St,Saint Louis,MO,63118,P,MD,Y,Y,,Y
2928627847,HCP05227,,Prescriber7847,7947 Main St,Houston,TX,77030,PD,MD,Y,Y,,Y
2929430270,HCP05228,,Prescriber0270,370 Main St,Newport Beach,CA,92663,N,MD,Y,Y,,Y
2930894888,HCP05229,,Prescriber4888,4988 Main St,Dover,OH,44622,FM,MD,Y,Y,,Y
2931148332,HCP05230,,Prescriber8332,8432 Main St,Houston,TX,77030,SMI,MD,Y,Y,,Y
2932005362,Ruben,N,Brown,2076 Ingleside Ave,Macon,GA,31204,AI,MD,Y,Y,,Y
2932221927,Brian,,Lopez,10410 Ridgefield Pkwy Ste 100,Richmond,VA,23233,PD,MD,Y,Y,C,
2932388341,HCP05231,,Prescriber8341,8441 Main St,Baton Rouge,LA,70808,P,MD,Y,Y,,Y
2932524894,Lindsey,S,Reyes,1212 Spruce St Ste 201,Belmont,NC,28012,PD,PA,Y,Y,,Y
2932588730,HCP05232,,Prescriber8730,8830 Main St,Houston,TX,77030,FM,NP,Y,Y,,Y
2932687040,HCP05233,,Prescriber7040,7140 Main St,Charleston,SC,29425,CHN,PA,Y,Y,,Y
2933253538,HCP05234,,Prescriber3538,3638 Main St,Sioux Falls,SD,57108,CHP,MD,Y,Y,,Y
2933397853,HCP05235,,Prescriber7853,7953 Main St,Charleston,SC,29425,FM,NP,Y,Y,,Y
2935728261,Lisa,L,White,1046 E Wendover Ave,Greensboro,NC,27405,PD,NP,Y,Y,,Y
2935997391,HCP05236,,Prescriber7391,7491 Main St,Pittsburgh,PA,15228,FM,NP,Y,Y,,Y
2936447705,HCP05237,,Prescriber7705,7805 Main St,Houston,TX,77030,FM,NP,Y,Y,,Y
2936752397,HCP05238,,Prescriber2397,2497 Main St,Atlanta,GA,30322,PS,MD,Y,Y,,Y
2936818860,HCP05239,,Prescriber8860,8960 Main St,Houston,TX,77030,AN,APRN,Y,Y,,Y
2937112268,HCP05240,,Prescriber2268,2368 Main St,Houston,TX,77030,ID,MD,Y,Y,,Y
2937281246,HCP05241,,Prescriber1246,1346 Main St,Houston,TX,77030,PMM,DO,Y,Y,,Y
2937582998,HCP05242,,Prescriber2998,3098 Main St,Houston,TX,77030,AN,NP,Y,Y,,Y
2937633737,HCP05243,,Prescriber3737,3837 Main St,Houston,TX,77030,DEN,DMD,Y,Y,,Y
2938088753,HCP05244,,Prescriber8753,8853 Main St,Houston,TX,77030,GP,NP,Y,Y,,Y
2938122728,HCP05245,,Prescriber2728,2828 Main St,Houston,TX,77030,NPM,NP,Y,Y,,Y
2938225394,HCP05246,,Prescriber5394,5494 Main St,Houston,TX,77030,GP,RN,Y,Y,,Y
2938638641,HCP05247,,Prescriber8641,8741 Main St,Houston,TX,77030,PD,MD,Y,Y,,Y
2939571211,HCP05248,,Prescriber1211,1311 Main St,Cleveland,OH,44195,OBG,MD,Y,Y,,Y
2939910430,HCP05249,,Prescriber0430,530 Main St,Saint Louis,MO,63110,DEN,DMD,Y,Y,,Y
2940390502,HCP05250,,Prescriber0502,602 Main St,Houston,TX,77030,OPH,MD,Y,Y,,Y
2940576575,HCP05251,,Prescriber6575,6675 Main St,Clarksville,IN,47129,PD,MD,Y,Y,,Y
2941306807,HCP05252,,Prescriber6807,6907 Main St,Lexington,KY,40502,P,NP,Y,Y,,Y
2941658157,HCP05253,,Prescriber8157,8257 Main St,Lakewood,OH,44107,PD,MD,Y,Y,,Y
2942057218,John,C,Miller,3242 Preston Rd Ste 205,Plano,TX,75093,AI,MD,Y,Y,,Y
2942115721,Douglas,B,George,6950 NE 14th St Ste 36,Ankeny,IA,50023,P,NP,Y,Y,C,
2942319130,HCP05254,,Prescriber9130,230 Main St,Chesterfield,MO,63017,PD,MD,Y,Y,,Y
2942874924,HCP05255,,Prescriber4924,5024 Main St,Atlanta,GA,30322,P,NP,Y,Y,,Y
2942974644,HCP05256,,Prescriber4644,4744 Main St,Morganton,NC,28655,P,NP,Y,Y,,Y
2943065556,HCP05257,,Prescriber5556,5656 Main St,Houston,TX,77030,OBG,MD,Y,Y,,Y
2944171570,HCP05258,,Prescriber1570,1670 Main St,Southaven,MS,38672,FM,NP,Y,Y,,Y
2945141652,HCP05259,,Prescriber1652,1752 Main St,Houston,TX,77030,ON,MD,Y,Y,,Y
2945464521,HCP05260,,Prescriber4521,4621 Main St,Charleston,SC,29425,FM,MD,Y,Y,,Y
2945797262,HCP05261,,Prescriber7262,7362 Main St,Indianapolis,IN,46202,PTH,MD,Y,Y,,Y
2945904780,HCP05262,,Prescriber4780,4880 Main St,Houston,TX,77030,FM,PA,Y,Y,,Y
2946307095,HCP05263,,Prescriber7095,7195 Main St,Houston,TX,77030,AN,MD,Y,Y,,Y
2946481823,HCP05264,,Prescriber1823,1923 Main St,Houston,TX,77030,AN,MD,Y,Y,,Y
2946672174,HCP05265,,Prescriber2174,2274 Main St,Houston,TX,77030,GP,DO,Y,Y,,Y
2948174503,HCP05266,,Prescriber4503,4603 Main St,Northville,MI,48168,PD,MD,Y,Y,,Y
2948415242,HCP05267,,Prescriber5242,5342 Main St,Lewisville,TX,75077,ADL,MD,Y,Y,,Y
2949605138,Carlos,C,Carrillo,2606 Park St,Jacksonville,FL,32204,PD,DO,Y,Y,B,
2949980811,HCP05268,,Prescriber0811,911 Main St,Topeka,KS,66606,FM,DO,Y,Y,,Y
2951215447,HCP05269,,Prescriber5447,5547 Main St,Houston,TX,77030,AHF,PA,Y,Y,,Y
2951735899,HCP05270,,Prescriber5899,5999 Main St,Raleigh,NC,27608,PD,MD,Y,Y,,Y
2953278029,HCP05271,,Prescriber8029,8129 Main St,Twinsburg,OH,44087,GP,DO,Y,Y,,Y
2953306882,HCP05272,,Prescriber6882,6982 Main St,Cleveland,OH,44195,GP,PA,Y,Y,,Y
2953965220,HCP05273,,Prescriber5220,5320 Main St,Brandon,MS,39042,FM,MD,Y,Y,,Y
2954371504,HCP05274,,Prescriber1504,1604 Main St,Houston,TX,77030,IMG,MD,Y,Y,,Y
2954716100,HCP05275,,Prescriber6100,6200 Main St,Altoona,PA,16601,P,DO,Y,Y,,Y
2954735762,HCP05276,,Prescriber5762,5862 Main St,Houston,TX,77030,GP,MD,Y,Y,,Y
2955246685,HCP05277,,Prescriber6685,6785 Main St,Houston,TX,77030,CD,MD,Y,Y,,Y
2955342945,HCP05278,,Prescriber2945,3045 Main St,Philadelphia,PA,19104,OTO,MD,Y,Y,,Y
2955409823,Sharon,L,Ross,1300 N West Shore Blvd Ste 240,Tampa,FL,33607,P,MD,Y,Y,C,
2956273965,Donna,E,Campbell,2730 S Val Vista Dr Ste 146,Gilbert,AZ,85295,P,MD,Y,Y,B,
2957856275,HCP05279,,Prescriber6275,6375 Main St,Charleston,SC,29425,D,NP,Y,Y,,Y
2957995604,HCP05280,,Prescriber5604,5704 Main St,Houston,TX,77030,GE,DO,Y,Y,,Y
2958417499,HCP05281,,Prescriber7499,7599 Main St,Miami,FL,33136,HPM,MD,Y,Y,,Y
2959175274,Michelle,S,Stevens,209 Old Harrods Creek Rd Ste 400,Louisville,KY,40204,P,NP,Y,Y,A,
2959271206,HCP05282,,Prescriber1206,1306 Main St,Houston,TX,77030,PYG,MD,Y,Y,,Y
2959351850,HCP05283,,Prescriber1850,1950 Main St,Houston,TX,77030,GS,MD,Y,Y,,Y
2959395335,HCP05284,,Prescriber5335,5435 Main St,Novi,MI,48374,PD,MD,Y,Y,,Y
2959510275,HCP05285,,Prescriber0275,375 Main St,Houston,TX,77030,MID,APRN,Y,Y,,Y
2960722053,HCP05286,,Prescriber2053,2153 Main St,Baton Rouge,LA,70809,PSY,PSY,Y,Y,,Y
2960724683,HCP05287,,Prescriber4683,4783 Main St,Birmingham,AL,35233,AN,NP,Y,Y,,Y
2960943425,Oscar,D,Wang,601 New Britain Rd,Langhorne,PA,19047,P,NP,Y,Y,A,
2962184044,HCP05288,,Prescriber4044,4144 Main St,Houston,TX,77030,AN,MD,Y,Y,,Y
2962816365,James,K,Lee MD,5150 Cascade Rd SE Ste B,Grand Rapids,MI,49546,PD,MD,Y,Y,A,Y
2962919755,HCP05289,,Prescriber9755,855 Main St,Atlanta,GA,30322,P,NP,Y,Y,,Y
2963588026,HCP05290,,Prescriber8026,8126 Main St,Greenville,NC,27834,PMD,NP,Y,Y,,Y
2963797831,HCP05291,,Prescriber7831,7931 Main St,Miami,FL,33136,IM,MD,Y,Y,,Y
2964400747,HCP05292,,Prescriber0747,847 Main St,Houston,TX,77030,PD,MD,Y,Y,,Y
2964674849,HCP05293,,Prescriber4849,4949 Main St,Tucson,AZ,85714,P,NP,Y,Y,,Y
2964744245,HCP05294,,Prescriber4245,4345 Main St,Birmingham,AL,35209,P,MD,Y,Y,,Y
2965926419,Nina,J,Lewis,4510 Dressler Rd NW,Massillon,OH,44646,P,NP,Y,Y,A,
2966118302,Shawn,J,Shepherd,10 Union Sq E Frnt 5-G,New York,NY,10003,N,MD,Y,Y,B,
2966658889,HCP05295,,Prescriber8889,8989 Main St,Florence,SC,29505,FM,NP,Y,Y,,Y
2967171419,Daniel,A,Mullen,25 E Washington St Ste 1504,Chicago,IL,60602,P,MD,Y,Y,C,
2968038283,Lauren,L,Hernandez,4900 Mueller Blvd Suite 3S.066C,Austin,TX,78723,PD,MD,Y,Y,,Y
2968609007,HCP05296,,Prescriber9007,107 Main St,Parkersburg,WV,26101,FM,DO,Y,Y,,Y
2969275781,HCP05297,,Prescriber5781,5881 Main St,Houston,TX,77030,ICE,MD,Y,Y,,Y
2969794528,HCP05298,,Prescriber4528,4628 Main St,Senatobia,MS,38668,FM,NP,Y,Y,,Y
2970512726,Jacob,L,Martinez,500 Commack Rd Ste 150,Commack,NY,11725,GP,MD,Y,Y,,Y
2970583749,HCP05299,,Prescriber3749,3849 Main St,Lafayette,LA,70508,FM,NP,Y,Y,,Y
2971799243,HCP05300,,Prescriber9243,343 Main St,Sarasota,FL,34232,PD,MD,Y,Y,,Y
2971913209,HCP05301,,Prescriber3209,3309 Main St,Charlotte,NC,28287,P,PA,Y,Y,,Y
2972263264,HCP05302,,Prescriber3264,3364 Main St,Elon,NC,27244,PD,NP,Y,Y,,Y
2972806654,HCP05303,,Prescriber6654,6754 Main St,Baton Rouge,LA,70809,PD,MD,Y,Y,,Y
2973425399,HCP05304,,Prescriber5399,5499 Main St,Wilmington,NC,28403,GP,PA,Y,Y,,Y
2973638004,HCP05305,,Prescriber8004,8104 Main St,Chicago,IL,60612,IM,MD,Y,Y,,Y
2975139068,HCP05306,,Prescriber9068,168 Main St,Houston,TX,77030,GS,NP,Y,Y,,Y
2975532236,HCP05307,,Prescriber2236,2336 Main St,Urbandale,IA,50322,P,NP,Y,Y,,Y
2976146512,HCP05308,,Prescriber6512,6612 Main St,Indianapolis,IN,46202,PD,MD,Y,Y,,Y
2976168226,HCP05309,,Prescriber8226,8326 Main St,Austin,TX,78731,P,MD,Y,Y,,Y
2976650163,HCP05310,,Prescriber0163,263 Main St,Collierville,TN,38017,IM,NP,Y,Y,,Y
2976984285,HCP05311,,Prescriber4285,4385 Main St,Houston,TX,77030,IM,MD,Y,Y,,Y
2977636646,HCP05312,,Prescriber6646,6746 Main St,West Islip,NY,11795,PD,MD,Y,Y,,Y
2978509680,HCP05313,,Prescriber9680,780 Main St,Fayetteville,NC,28304,P,NP,Y,Y,,Y
2978998686,HCP05314,,Prescriber8686,8786 Main St,Houston,TX,77030,PD,NP,Y,Y,,Y
2979493394,HCP05315,,Prescriber3394,3494 Main St,Houston,TX,77005,IM,MD,Y,Y,,Y
2979752485,HCP05316,,Prescriber2485,2585 Main St,Miami,FL,33136,DS,MD,Y,Y,,Y
2979825209,Trevor,B,Mitchell,1280 Almonesson Rd,Deptford,NJ,08096,A,MD,Y,Y,,Y
2980151894,HCP05317,,Prescriber1894,1994 Main St,Houston,TX,77030,PD,NP,Y,Y,,Y
2980522247,HCP05318,,Prescriber2247,2347 Main St,Indianapolis,IN,46202,GP,NP,Y,Y,,Y
2980794982,HCP05319,,Prescriber4982,5082 Main St,Atlanta,GA,30322,DR,MD,Y,Y,,Y
2980980921,HCP05320,,Prescriber0921,1021 Main St,Chicago,IL,60612,IM,MD,Y,Y,,Y
2981562016,HCP05321,,Prescriber2016,2116 Main St,Kansas City,KS,66160,FM,MD,Y,Y,,Y
2982475229,HCP05322,,Prescriber5229,5329 Main St,Houston,TX,77030,PEM,MD,Y,Y,,Y
2982587213,Brenda,,Jones,160 Hawley Ln Ste 200,Fairfield,CT,06824,P,NP,Y,Y,A,
2983764665,HCP05323,,Prescriber4665,4765 Main St,Buffalo,NY,14221,P,MD,Y,Y,,Y
2983799702,HCP05324,,Prescriber9702,802 Main St,Mobile,AL,36608,PD,MD,Y,Y,,Y
2983875767,HCP05325,,Prescriber5767,5867 Main St,New York,NY,10034,GP,PA,Y,Y,,Y
2984458880,HCP05326,,Prescriber8880,8980 Main St,Murfreesboro,TN,37129,IM,MD,Y,Y,,Y
2984798151,HCP05327,,Prescriber8151,8251 Main St,Greenville,SC,29605,P,MD,Y,Y,,Y
2985082984,HCP05328,,Prescriber2984,3084 Main St,Houston,TX,77030,CHN,MD,Y,Y,,Y
2985165144,HCP05329,,Prescriber5144,5244 Main St,Houston,TX,77030,NPM,MD,Y,Y,,Y
2985724941,HCP05330,,Prescriber4941,5041 Main St,Houston,TX,77030,PD,MD,Y,Y,,Y
2986551515,HCP05331,,Prescriber1515,1615 Main St,Houston,TX,77030,DBP,MD,Y,Y,,Y
2987529122,HCP05332,,Prescriber9122,222 Main St,Houston,TX,77030,IM,DO,Y,Y,,Y
2987834007,HCP05333,,Prescriber4007,4107 Main St,Houston,TX,77030,GE,MD,Y,Y,,Y
2988253190,HCP05334,,Prescriber3190,3290 Main St,Houston,TX,77030,IM,MD,Y,Y,,Y
2988365196,HCP05335,,Prescriber5196,5296 Main St,Houston,TX,77030,FM,MD,Y,Y,,Y
2988506239,HCP05336,,Prescriber6239,6339 Main St,Houston,TX,77030,GP,NP,Y,Y,,Y
2988620260,HCP05337,,Prescriber0260,360 Main St,Houston,TX,77030,GS,MD,Y,Y,,Y
2988858184,HCP05338,,Prescriber8184,8284 Main St,New Hyde Park,NY,11040,P,MD,Y,Y,,Y
2988896818,Mark,A,Pennington,1724 Hamill Rd Ste 214,Hixson,TN,37343,FM,MD,Y,Y,C,
2988986690,HCP05339,,Prescriber6690,6790 Main St,Sarasota,FL,34231,P,NP,Y,Y,,Y
2989250725,HCP05340,,Prescriber0725,825 Main St,Cleveland,OH,44195,P,PA,Y,Y,,Y
2990158424,HCP05341,,Prescriber8424,8524 Main St,Mobile,AL,36609,P,MD,Y,Y,,Y
2990298157,HCP05342,,Prescriber8157,8257 Main St,Abilene,TX,79601,PD,DO,Y,Y,,Y
2990571970,HCP05343,,Prescriber1970,2070 Main St,Houston,TX,77030,DR,MD,Y,Y,,Y
2991043473,HCP05344,,Prescriber3473,3573 Main St,Baton Rouge,LA,70806,P,NP,Y,Y,,Y
2991508993,HCP05345,,Prescriber8993,9093 Main St,Baton Rouge,LA,70808,PD,MD,Y,Y,,Y
2991524430,HCP05346,,Prescriber4430,4530 Main St,Houston,TX,77030,N,MD,Y,Y,,Y
2992092835,HCP05347,,Prescriber2835,2935 Main St,Rockwall,TX,75032,PD,MD,Y,Y,,Y
2993448753,HCP05348,,Prescriber8753,8853 Main St,Miami,FL,33136,AN,NP,Y,Y,,Y
2993969820,Kyle,,Ayala,115 E 92nd St 1A,New York,NY,10128,P,MD,Y,Y,C,
2994008245,HCP05349,,Prescriber8245,8345 Main St,Hemet,CA,92543,INTEGMED,MD,Y,Y,,Y
2994712450,Jessica,B,Jones,5151 Plank Rd Ste 310,Baton Rouge,LA,70805,GP,NP,Y,Y,,
2995814649,HCP05350,,Prescriber4649,4749 Main St,Houston,TX,77030,GP,NP,Y,Y,,Y
2996351768,HCP05351,,Prescriber1768,1868 Main St,Augusta,GA,30912,PD,DO,Y,Y,,Y
2996454779,HCP05352,,Prescriber4779,4879 Main St,Houston,TX,77030,PD,MD,Y,Y,,Y
2996590555,HCP05353,,Prescriber0555,655 Main St,Houston,TX,77030,NEP,MD,Y,Y,,Y
2997353636,HCP05354,,Prescriber3636,3736 Main St,Birmingham,AL,35233,TS,MD,Y,Y,,Y
2997365949,HCP05355,,Prescriber5949,6049 Main St,Houston,TX,77030,N,MD,Y,Y,,Y
2998065459,HCP05356,,Prescriber5459,5559 Main St,Phoenix,AZ,85016,GE,MD,Y,Y,,Y
2998074935,HCP05357,,Prescriber4935,5035 Main St,Greensboro,NC,27401,FM,NP,Y,Y,,Y
2998195211,HCP05358,,Prescriber5211,5311 Main St,Raleigh,NC,27609,P,NP,Y,Y,,Y
2998311265,Corey,J,Miller,7570 W 21st St N Ste 1026D,Newton,KS,67114,GP,NP,Y,Y,C,
2998391854,HCP05359,,Prescriber1854,1954 Main St,Houston,TX,77081,P,MD,Y,Y,,Y
2999306230,HCP05360,,Prescriber6230,6330 Main St,Philadelphia,PA,19104,GS,DO,Y,Y,,Y
2999633470,HCP05361,,Prescriber3470,3570 Main St,Houston,TX,77030,PD,MD,Y,Y,,Y
3000260359,HCP05362,,Prescriber0359,459 Main St,Cleveland,OH,44195,IM,DO,Y,Y,,Y
3000340254,HCP05363,,Prescriber0254,354 Main St,Houston,TX,77030,PD,MD,Y,Y,,Y
3001516713,HCP05364,,Prescriber6713,6813 Main St,High Point,NC,27262,GP,PA,Y,Y,,Y
3001934222,HCP05365,,Prescriber4222,4322 Main St,Pollocksville,NC,28573,GP,PA,Y,Y,,Y
3001943776,HCP05366,,Prescriber3776,3876 Main St,Houston,TX,77030,AC,NP,Y,Y,,Y
3002518300,HCP05367,,Prescriber8300,8400 Main St,Littleton,CO,80128,P,NP,Y,Y,,Y
3002528404,HCP05368,,Prescriber8404,8504 Main St,New Albany,IN,47150,PD,NP,Y,Y,,Y
3003359154,HCP05369,,Prescriber9154,254 Main St,Mcdonough,GA,30253,PD,MD,Y,Y,,Y
3003445288,HCP05370,,Prescriber5288,5388 Main St,Houston,TX,77030,OM,PA,Y,Y,,Y
3003465443,HCP05371,,Prescriber5443,5543 Main St,Brooklyn,MD,21225,GP,NP,Y,Y,,Y
3003510833,HCP05372,,Prescriber0833,933 Main St,Charlotte,NC,28207,CHN,MD,Y,Y,,Y
3003520285,HCP05373,,Prescriber0285,385 Main St,Cleveland,OH,44195,CD,RN,Y,Y,,Y
3004417010,HCP05374,,Prescriber7010,7110 Main St,San Diego,CA,92121,P,MD,Y,Y,,Y
3004715249,HCP05375,,Prescriber5249,5349 Main St,Waipahu,HI,96797,P,MD,Y,Y,,Y
3005128062,HCP05376,,Prescriber8062,8162 Main St,Houston,TX,77030,PD,DO,Y,Y,,Y
3006039376,HCP05377,,Prescriber9376,476 Main St,Palos Park,IL,60464,PD,MD,Y,Y,,Y
3006768247,Jason,C,Gonzalez,1606 Wellington Ave Ste F,Wilmington,NC,28401,PD,NP,Y,Y,,Y
3006885991,HCP05378,,Prescriber5991,6091 Main St,Houston,TX,77030,PD,PA,Y,Y,,Y
3006969794,HCP05379,,Prescriber9794,894 Main St,Houston,TX,77030,IM,DO,Y,Y,,Y
3007404946,HCP05380,,Prescriber4946,5046 Main St,Knoxville,TN,37918,FM,MD,Y,Y,,Y
3007626879,HCP05381,,Prescriber6879,6979 Main St,Youngstown,OH,44515,P,NP,Y,Y,,Y
3008030401,Randy,E,Ross,251 Najoles Rd Ste E,Millersville,MD,21108,GP,NP,Y,Y,B,Y
3008311351,HCP05382,,Prescriber1351,1451 Main St,Dallas,TX,75246,IM,MD,Y,Y,,Y
3009125782,HCP05383,,Prescriber5782,5882 Main St,Fayetteville,NY,13066,PMM,MD,Y,Y,,Y
3009160682,HCP05384,,Prescriber0682,782 Main St,Allentown,PA,18102,P,NP,Y,Y,,Y
3009218965,Andrea,A,Gill,816 Fairmount Ave,Jamestown,NY,14701,PD,DO,Y,Y,C,
3010004875,Madison,O,Adams,20950 N Tatum Blvd Ste 380,Prescott,AZ,86301,P,MD,Y,Y,C,
3010155545,HCP05385,,Prescriber5545,5645 Main St,Houston,TX,77030,FM,NP,Y,Y,,Y
3010486287,HCP05386,,Prescriber6287,6387 Main St,Wesley Chapel,FL,33544,PD,MD,Y,Y,,Y
3011075285,HCP05387,,Prescriber5285,5385 Main St,Houston,TX,77030,ORT,DDS,Y,Y,,Y
3011230415,HCP05388,,Prescriber0415,515 Main St,Kansas City,KS,66160,PHM,PHAR,Y,Y,,Y
3011819599,John,N,Gomez,806 Jefferson Terrace Blvd,New Iberia,LA,70560,PD,NP,Y,Y,,Y
3012854322,Danielle,,Proctor,289 Great Rd Ste G1,Tucson,AZ,85745,P,NP,Y,Y,B,
3012948492,HCP05389,,Prescriber8492,8592 Main St,Sugar Land,TX,77479,PD,MD,Y,Y,,Y
3013234078,HCP05390,,Prescriber4078,4178 Main St,Houston,TX,77030,FM,MD,Y,Y,,Y
3013320202,HCP05391,,Prescriber0202,302 Main St,Wichita,KS,67205,PD,NP,Y,Y,,Y
3014240729,Ashley,,Franklin,651 N Highway 183 Ste 110,Leander,TX,78641,FM,MD,Y,Y,A,Y
3014558853,HCP05392,,Prescriber8853,8953 Main St,Lake Mary,FL,32746,PD,MD,Y,Y,,Y
3015192026,HCP05393,,Prescriber2026,2126 Main St,Atlanta,GA,30322,OSG,DDS,Y,Y,,Y
3015455466,HCP05394,,Prescriber5466,5566 Main St,Aiken,SC,29803,P,NP,Y,Y,,Y
3016187885,HCP05395,,Prescriber7885,7985 Main St,Houston,TX,77030,OBG,APRN,Y,Y,,Y
3016638190,HCP05396,,Prescriber8190,8290 Main St,Louisville,OH,44641,FM,MD,Y,Y,,Y
3017317999,HCP05397,,Prescriber7999,8099 Main St,Marietta,GA,30064,P,MD,Y,Y,,Y
3017351662,HCP05398,,Prescriber1662,1762 Main St,New Orleans,LA,70112,CD,MD,Y,Y,,Y
3017618120,HCP05399,,Prescriber8120,8220 Main St,Chicago,IL,60611,P,PA,Y,Y,,Y
3018003874,HCP05400,,Prescriber3874,3974 Main St,Miami,FL,33136,POD,DPM,Y,Y,,Y
3018095885,HCP05401,,Prescriber5885,5985 Main St,Houston,TX,77030,DEN,DDS,Y,Y,,Y
3018526141,HCP05402,,Prescriber6141,6241 Main St,Houston,TX,77030,AI,PA,Y,Y,,Y
3018952278,HCP05403,,Prescriber2278,2378 Main St,Cleveland,OH,44195,FM,DO,Y,Y,,Y
3019451417,HCP05404,,Prescriber1417,1517 Main St,Atlanta,GA,30322,GP,PA,Y,Y,,Y
3019511353,Geoffrey,A,Thomas DDS,505 W 168th St,New York,NY,10032,PEM,MD,Y,Y,,
3019608599,HCP05405,,Prescriber8599,8699 Main St,Houston,TX,77030,GP,NP,Y,Y,,Y
3020137968,HCP05406,,Prescriber7968,8068 Main St,Pensacola,FL,32501,GP,NP,Y,Y,,Y
3020149242,HCP05407,,Prescriber9242,342 Main St,Mooresville,NC,28117,PD,MD,Y,Y,,Y
3020299360,HCP05408,,Prescriber9360,460 Main St,Houston,TX,77030,GS,NP,Y,Y,,Y
3021004107,HCP05409,,Prescriber4107,4207 Main St,Houston,TX,77030,PED,DDS,Y,Y,,Y
3021751528,Mary,W,Brown,4032 McDermott Rd Ste 100,Plano,TX,75024,N,MD,Y,Y,B,
3022058956,Jon,K,Gonzales,8415 Goodwood Blvd Ste 100,Baton Rouge,LA,70806,PD,NP,Y,Y,,
3022985361,HCP05410,,Prescriber5361,5461 Main St,Houston,TX,77030,SLP,MD,Y,Y,,Y
3023134389,HCP05411,,Prescriber4389,4489 Main St,Virginia Beach,VA,23456,FM,NP,Y,Y,,Y
3023364225,HCP05412,,Prescriber4225,4325 Main St,Houston,TX,77030,PDS,MD,Y,Y,,Y
3023600707,HCP05413,,Prescriber0707,807 Main St,Florence,AL,35630,PD,MD,Y,Y,,Y
3023647366,HCP05414,,Prescriber7366,7466 Main St,Gulfport,MS,39503,P,NP,Y,Y,,Y
3024272128,HCP05415,,Prescriber2128,2228 Main St,Kansas City,KS,66160,PTH,MD,Y,Y,,Y
3024274099,HCP05416,,Prescriber4099,4199 Main St,Cheyenne,WY,82001,OPH,MD,Y,Y,,Y
3024377113,HCP05417,,Prescriber7113,7213 Main St,Chicago,IL,60612,FM,NP,Y,Y,,Y
3024856239,Jill,B,Pham DDS,3380 Paddocks Pkwy,Suwanee,GA,30024,IM,MD,Y,Y,C,
3025169698,HCP05418,,Prescriber9698,798 Main St,Houston,TX,77030,IM,MD,Y,Y,,Y
3025410526,HCP05419,,Prescriber0526,626 Main St,Garden City,NY,11530,P,MD,Y,Y,,Y
3025710575,HCP05420,,Prescriber0575,675 Main St,New Albany,IN,47150,FM,NP,Y,Y,,Y
3025791032,HCP05421,,Prescriber1032,1132 Main St,Tarboro,NC,27886,OBG,MD,Y,Y,,Y
3026785801,HCP05422,,Prescriber5801,5901 Main St,Schaumburg,IL,60173,CHP,MD,Y,Y,,Y
3026948691,HCP05423,,Prescriber8691,8791 Main St,Decatur,GA,30030,P,MD,Y,Y,,Y
3027056678,HCP05424,,Prescriber6678,6778 Main St,Houston,TX,77030,FM,RN,Y,Y,,Y
3027283237,HCP05425,,Prescriber3237,3337 Main St,Houston,TX,77008,P,MD,Y,Y,,Y
3027554760,Rebecca,P,Robles,710 Colonial Dr,Baton Rouge,LA,70806,PD,MD,Y,Y,,
3027682526,Gregory,E,Clayton,802 Stoney Dr SW,Hartselle,AL,35640,IM,MD,Y,Y,B,
3028491325,HCP05426,,Prescriber1325,1425 Main St,Cumberland Furnace,TN,37051,P,NP,Y,Y,,Y
3028718703,HCP05427,,Prescriber8703,8803 Main St,Kansas City,MO,64108,P,NP,Y,Y,,Y
3028793485,HCP05428,,Prescriber3485,3585 Main St,Severna Park,MD,21146,PD,DO,Y,Y,,Y
3028925320,HCP05429,,Prescriber5320,5420 Main St,Baltimore,MD,21287,OBG,MD,Y,Y,,Y
3029368000,HCP05430,,Prescriber8000,8100 Main St,Houston,TX,77030,FM,NP,Y,Y,,Y
3029821936,John,D,Franklin,4951 W 18th St,Lawrence,KS,66047,FM,MD,Y,Y,C,
3030356179,Mark,,Lara,4710 N Habana Ave Ste 203,Tampa,FL,33606,P,MD,Y,Y,C,
3030385271,HCP05431,,Prescriber5271,5371 Main St,Bethlehem,PA,18020,FM,DO,Y,Y,,Y
3030825861,Nicholas,,Cooley,3489 E Baseline Rd,Gilbert,AZ,85234,P,NP,Y,Y,C,
3033167185,HCP05432,,Prescriber7185,7285 Main St,Ft Mitchell,KY,41017,PD,MD,Y,Y,,Y
3033913305,Mr.,R,Anthony Ibarra,1803 W 6th St,Lawrence,KS,66044,PD,MD,Y,Y,C,
3034587013,HCP05433,,Prescriber7013,7113 Main St,Durham,NC,27705,GP,DMD,Y,Y,,Y
3036070640,HCP05434,,Prescriber0640,740 Main St,Houston,TX,77030,HO,DO,Y,Y,,Y
3036293597,HCP05435,,Prescriber3597,3697 Main St,Miami,FL,33136,PD,NP,Y,Y,,Y
3036381543,HCP05436,,Prescriber1543,1643 Main St,Houston,TX,77030,PD,MD,Y,Y,,Y
3037024725,HCP05437,,Prescriber4725,4825 Main St,Newtown Square,PA,19073,FM,DO,Y,Y,,Y
3037107841,HCP05438,,Prescriber7841,7941 Main St,Houston,TX,77030,NS,MD,Y,Y,,Y
3037232032,HCP05439,,Prescriber2032,2132 Main St,Denver,CO,80226,FM,PA,Y,Y,,Y
3037830859,HCP05440,,Prescriber0859,959 Main St,Downers Grove,IL,60515,PD,MD,Y,Y,,Y
3037980664,Jeremiah,M,Gilbert,825 Diligence Dr Ste 206,Newport News,VA,23606,P,NP,Y,Y,C,
3038528265,Andrea,S,Elliott,7941 Broad River Rd,Irmo,SC,29063,PD,MD,Y,Y,,Y
3038558692,HCP05441,,Prescriber8692,8792 Main St,Greenville,SC,29615,PD,MD,Y,Y,,Y
3040669106,HCP05442,,Prescriber9106,206 Main St,Chicago,IL,60612,IM,MD,Y,Y,,Y
3040809837,Mrs.,S,Katelyn Walters,100 E Sybelia Ave Ste 150,Maitland,FL,32751,DBP,MD,N,Y,A,
3040838229,HCP05443,,Prescriber8229,8329 Main St,Houston,TX,77030,PD,MD,Y,Y,,Y
3040947570,HCP05444,,Prescriber7570,7670 Main St,Aiken,SC,29803,GP,PA,Y,Y,,Y
3041076575,HCP05445,,Prescriber6575,6675 Main St,Seattle,WA,98107,HOS,MD,Y,Y,,Y
3041507457,HCP05446,,Prescriber7457,7557 Main St,Wake Forest,NC,27587,PD,NP,Y,Y,,Y
3041522035,HCP05447,,Prescriber2035,2135 Main St,Houston,TX,77030,GS,PA,Y,Y,,Y
3041852709,HCP05448,,Prescriber2709,2809 Main St,Birmingham,AL,35233,PD,MD,Y,Y,,Y
3042249629,HCP05449,,Prescriber9629,729 Main St,Miami,FL,33136,PD,MD,Y,Y,,Y
3042369161,HCP05450,,Prescriber9161,261 Main St,Charleston,SC,29425,PUD,MD,Y,Y,,Y
3042957307,HCP05451,,Prescriber7307,7407 Main St,Fort Washington,PA,19034,P,DO,Y,Y,,Y
3042961572,HCP05452,,Prescriber1572,1672 Main St,Kansas City,KS,66160,FM,NP,Y,Y,,Y
3043084093,Kathryn,E,Martin,601 Clemson Rd,Columbia,SC,29229,PD,MD,Y,Y,,Y
3043262405,HCP05453,,Prescriber2405,2505 Main St,Gaithersburg,MD,20878,PD,PA,Y,Y,,Y
3043498584,HCP05454,,Prescriber8584,8684 Main St,Houston,TX,77030,FM,MD,Y,Y,,Y
3045394305,HCP05455,,Prescriber4305,4405 Main St,Houston,TX,77030,PMD,NP,Y,Y,,Y
3045427971,HCP05456,,Prescriber7971,8071 Main St,Olathe,KS,66062,FM,DO,Y,Y,,Y
3045806630,HCP05457,,Prescriber6630,6730 Main St,Houston,TX,77030,GP,PA,Y,Y,,Y
3046846235,HCP05458,,Prescriber6235,6335 Main St,Houston,TX,77030,DR,MD,Y,Y,,Y
3046902448,HCP05459,,Prescriber2448,2548 Main St,Houston,TX,77030,PD,MD,Y,Y,,Y
3047069200,HCP05460,,Prescriber9200,300 Main St,Tyler,TX,75703,PD,MD,Y,Y,,Y
3049476400,HCP05461,,Prescriber6400,6500 Main St,Omaha,NE,68198,EM,MD,Y,Y,,Y
3049626109,Steven,K,Gibbs,4034 N Hampton Dr,Columbus,OH,43240,GP,NP,Y,Y,A,
3049945009,HCP05462,,Prescriber5009,5109 Main St,Tampa,FL,33609,IM,MD,Y,Y,,Y
3050795227,HCP05463,,Prescriber5227,5327 Main St,Houston,TX,77030,DEN,DDS,Y,Y,,Y
3051727833,HCP05464,,Prescriber7833,7933 Main St,Houston,TX,77030,CHP,MD,Y,Y,,Y
3052986982,HCP05465,,Prescriber6982,7082 Main St,Houston,TX,77030,D,MD,Y,Y,,Y
3053554491,HCP05466,,Prescriber4491,4591 Main St,Warrenville,IL,60555,P,PA,Y,Y,,Y
3053725158,HCP05467,,Prescriber5158,5258 Main St,Houston,TX,77030,EM,MD,Y,Y,,Y
3053774004,HCP05468,,Prescriber4004,4104 Main St,Woodinville,WA,98072,P,NP,Y,Y,,Y
3054448053,HCP05469,,Prescriber8053,8153 Main St,Houma,LA,70360,ADL,MD,Y,Y,,Y
3054634224,HCP05470,,Prescriber4224,4324 Main St,Houston,TX,77030,P,MD,Y,Y,,Y
3055176809,HCP05471,,Prescriber6809,6909 Main St,Nashville,TN,37211,FM,MD,Y,Y,,Y
3055795507,HCP05472,,Prescriber5507,5607 Main St,Houston,TX,77030,PD,MD,Y,Y,,Y
3055897664,HCP05473,,Prescriber7664,7764 Main St,Houston,TX,77030,ON,NP,Y,Y,,Y
3056055122,HCP05474,,Prescriber5122,5222 Main St,Miami,FL,33136,FM,MD,Y,Y,,Y
3056090443,HCP05475,,Prescriber0443,543 Main St,Durham,NC,27705,FSM,MD,Y,Y,,Y
3056166668,HCP05476,,Prescriber6668,6768 Main St,Oklahoma City,OK,73130,FM,DO,Y,Y,,Y
3056266794,HCP05477,,Prescriber6794,6894 Main St,Fayetteville,NC,28304,END,DO,Y,Y,,Y
3056723857,HCP05478,,Prescriber3857,3957 Main St,Lafayette,LA,70508,FM,NP,Y,Y,,Y
3057849378,Tabitha,W,Campbell,1039 Executive Dr Ste 101,Hixson,TN,37343,PD,MD,Y,Y,C,
3057924785,Lisa,D,Roman,2217 Park Bend Dr Ste 300,Austin,TX,78758,P,MD,Y,Y,A,
3058948628,HCP05479,,Prescriber8628,8728 Main St,Houston,TX,77030,PD,MD,Y,Y,,Y
3059235840,HCP05480,,Prescriber5840,5940 Main St,Houston,TX,77030,PTH,MD,Y,Y,,Y
3059302829,HCP05481,,Prescriber2829,2929 Main St,Evansville,IN,47714,FM,NP,Y,Y,,Y
3059600021,HCP05482,,Prescriber0021,121 Main St,Glen Burnie,MD,21061,IM,MD,Y,Y,,Y
3059940448,HCP05483,,Prescriber0448,548 Main St,San Angelo,TX,76903,IM,MD,Y,Y,,Y
3060768733,HCP05484,,Prescriber8733,8833 Main St,Elizabethtown,KY,42701,P,NP,Y,Y,,Y
3061672017,HCP05485,,Prescriber2017,2117 Main St,Humble,TX,77338,FM,DO,Y,Y,,Y
3061699685,Shannon,L,Barrera,3026 Poplar Level Rd,Louisville,KY,40217,PD,NP,Y,Y,,Y
3061797808,HCP05486,,Prescriber7808,7908 Main St,Tampa,FL,33610,P,NP,Y,Y,,Y
3062981905,Nicholas,R,Taylor,4930 Overland Dr,Gardner,KS,66030,GP,PA,Y,Y,C,
3063045168,HCP05487,,Prescriber5168,5268 Main St,Houston,TX,77030,IM,MD,Y,Y,,Y
3063256998,HCP05488,,Prescriber6998,7098 Main St,Beaumont,TX,77701,FM,DO,Y,Y,,Y
3063305610,HCP05489,,Prescriber5610,5710 Main St,Houston,TX,77030,PMD,NP,Y,Y,,Y
3063386607,HCP05490,,Prescriber6607,6707 Main St,Austin,TX,78723,PD,MD,Y,Y,,Y
3066152670,HCP05491,,Prescriber2670,2770 Main St,Phoenix,AZ,85016,OBG,MD,Y,Y,,Y
3067272876,HCP05492,,Prescriber2876,2976 Main St,Rockville Centre,NY,11570,PD,MD,Y,Y,,Y
3067650876,HCP05493,,Prescriber0876,976 Main St,Perrysburg,OH,43551,PD,MD,Y,Y,,Y
3068210873,HCP05494,,Prescriber0873,973 Main St,Wexford,PA,15090,FM,MD,Y,Y,,Y
3068244238,HCP05495,,Prescriber4238,4338 Main St,Fuquay Varina,NC,27526,P,PA,Y,Y,,Y
3068682120,Heidi,M,Ellis,202 Williamson Rd Ste 204,Mooresville,NC,28117,IM,PA,Y,Y,A,
3069396986,HCP05496,,Prescriber6986,7086 Main St,Houston,TX,77030,N,MD,Y,Y,,Y
3069831361,HCP05497,,Prescriber1361,1461 Main St,Oak Park,IL,60301,FM,DO,Y,Y,,Y
3070523878,HCP05498,,Prescriber3878,3978 Main St,Long Beach,CA,90815,P,MD,Y,Y,,Y
3070582529,HCP05499,,Prescriber2529,2629 Main St,Grove City,OH,43123,PD,MD,Y,Y,,Y
3070625256,HCP05500,,Prescriber5256,5356 Main St,Brighton,CO,80601,PD,MD,Y,Y,,Y
3071312244,HCP05501,,Prescriber2244,2344 Main St,Miami,FL,33136,NPM,NP,Y,Y,,Y
3071992734,HCP05502,,Prescriber2734,2834 Main St,Houston,TX,77030,NEP,MD,Y,Y,,Y
3073002340,HCP05503,,Prescriber2340,2440 Main St,Lawrence,KS,66049,OBG,MD,Y,Y,,Y
3073298450,HCP05504,,Prescriber8450,8550 Main St,Asheville,NC,28801,ADU,NP,Y,Y,,Y
3073960223,HCP05505,,Prescriber0223,323 Main St,Wichita,KS,67214,FM,MD,Y,Y,,Y
3074668926,John,A,Ross,419 S Union Ave,Havre De Grace,MD,21078,FM,NP,Y,Y,,Y
3074919348,HCP05506,,Prescriber9348,448 Main St,Houston,TX,77030,PD,PA,Y,Y,,Y
3076589116,HCP05507,,Prescriber9116,216 Main St,Tampa,FL,33619,P,MD,Y,Y,,Y
3077334897,HCP05508,,Prescriber4897,4997 Main St,Houston,TX,77030,PD,NP,Y,Y,,Y
3077402332,HCP05509,,Prescriber2332,2432 Main St,Indianapolis,IN,46202,GP,MD,Y,Y,,Y
3079467982,HCP05510,,Prescriber7982,8082 Main St,Urbandale,IA,50322,FM,DO,Y,Y,,Y
3080039010,HCP05511,,Prescriber9010,110 Main St,Houston,TX,77030,PD,MD,Y,Y,,Y
3080050403,Carla,P,Roy,1201 S Alma School Rd Ste 11000,Mesa,AZ,85210,P,NP,Y,Y,C,
3080291899,HCP05512,,Prescriber1899,1999 Main St,Birmingham,AL,35233,PS,MD,Y,Y,,Y
3080568594,HCP05513,,Prescriber8594,8694 Main St,Millington,TN,38053,FM,NP,Y,Y,,Y
3080775689,HCP05514,,Prescriber5689,5789 Main St,Miami,FL,33136,PMD,MD,Y,Y,,Y
3080781943,HCP05515,,Prescriber1943,2043 Main St,Houston,TX,77030,FM,NP,Y,Y,,Y
3081085341,HCP05516,,Prescriber5341,5441 Main St,Nashville,NC,27856,FM,MD,Y,Y,,Y
3082407476,HCP05517,,Prescriber7476,7576 Main St,San Francisco,CA,94143,P,MD,Y,Y,,Y
3082457240,HCP05518,,Prescriber7240,7340 Main St,Brooklyn,NY,11203,CHP,MD,Y,Y,,Y
3083341527,Troy,A,Woods,5955 Harbour Park Dr,Midlothian,VA,23112,PD,MD,Y,Y,A,
3083748890,HCP05519,,Prescriber8890,8990 Main St,Durham,NC,27705,FM,NP,Y,Y,,Y
3083800014,HCP05520,,Prescriber0014,114 Main St,West Islip,NY,11795,PD,NP,Y,Y,,Y
3084575768,Jose,L,Fuentes,12430 Clark St,Carmel,IN,46032,FM,NP,Y,Y,B,
3084660320,HCP05521,,Prescriber0320,420 Main St,Houston,TX,77030,PD,MD,Y,Y,,Y
3085069782,HCP05522,,Prescriber9782,882 Main St,Conway,SC,29526,FM,NP,Y,Y,,Y
3085128537,HCP05523,,Prescriber8537,8637 Main St,Houston,TX,77030,CD,MD,Y,Y,,Y
3086374202,HCP05524,,Prescriber4202,4302 Main St,Pearland,TX,77584,FM,MD,Y,Y,,Y
3086497415,HCP05525,,Prescriber7415,7515 Main St,Kansas City,KS,66160,GP,PA,Y,Y,,Y
3086587724,HCP05526,,Prescriber7724,7824 Main St,Los Angeles,CA,90095,FM,MD,Y,Y,,Y
3087354273,Eric,G,Gordon,1016 Town Dr,Wilder,KY,41076,PD,MD,Y,Y,C,
3090340809,HCP05527,,Prescriber0809,909 Main St,Macon,GA,31217,IM,MD,Y,Y,,Y
3090369005,HCP05528,,Prescriber9005,105 Main St,Chicago,IL,60614,FM,DO,Y,Y,,Y
3090399510,HCP05529,,Prescriber9510,610 Main St,Phoenix,AZ,85016,CHP,MD,Y,Y,,Y
3091684483,Shane,D,Duncan,210 E Thomas St,Rocky Mount,NC,27801,PD,MD,Y,Y,,Y
3092015896,Adrian,,Jones,3765 Kings Hwy,Port St John,FL,32927,PD,MD,Y,Y,,Y
3092469786,Sharon,N,Price,1601 Brigham Dr Ste 160,Fremont,OH,43420,P,NP,Y,Y,A,
3093023547,HCP05530,,Prescriber3547,3647 Main St,Lubbock,TX,79415,PUD,MD,Y,Y,,Y
3093202427,HCP05531,,Prescriber2427,2527 Main St,Houston,TX,77030,PD,MD,Y,Y,,Y
3094841924,HCP05532,,Prescriber1924,2024 Main St,Austin,TX,78731,P,DO,Y,Y,,Y
3095088433,HCP05533,,Prescriber8433,8533 Main St,Cleveland,OH,44195,EMS,DO,Y,Y,,Y
3095585972,Riley,D,Smith,8200 NW 41st St Ste 300,Miami,FL,33144,P,NP,Y,Y,A,
3095720285,HCP05534,,Prescriber0285,385 Main St,Huntsville,AL,35801,P,NP,Y,Y,,Y
3095791094,HCP05535,,Prescriber1094,1194 Main St,Opelika,AL,36801,FM,MD,Y,Y,,Y
3096183480,HCP05536,,Prescriber3480,3580 Main St,Houston,TX,77030,RCH,RN,Y,Y,,Y
3096648993,HCP05537,,Prescriber8993,9093 Main St,Houston,TX,77030,IM,MD,Y,Y,,Y
3096986984,HCP05538,,Prescriber6984,7084 Main St,Locust Valley,NY,11560,ADU,NP,Y,Y,,Y
3097062298,HCP05539,,Prescriber2298,2398 Main St,Miami,FL,33136,PD,NP,Y,Y,,Y
3097335449,James,G,Fernandez,2117 Simonton Rd Ste 402,Statesville,NC,28625,PD,MD,Y,Y,,Y
3097809332,HCP05540,,Prescriber9332,432 Main St,Houston,TX,77030,ORS,MD,Y,Y,,Y
3098125369,Miranda,D,Petersen,310 Eisenhower Dr Ste 16,Savannah,GA,31406,PD,MD,Y,Y,C,
3098316134,HCP05541,,Prescriber6134,6234 Main St,Milwaukee,WI,53226,ADL,MD,Y,Y,,Y
3098402645,HCP05542,,Prescriber2645,2745 Main St,Miami,FL,33136,N,MD,Y,Y,,Y
3099159053,HCP05543,,Prescriber9053,153 Main St,Atlanta,GA,30322,FM,NP,Y,Y,,Y
3099690139,HCP05544,,Prescriber0139,239 Main St,Houston,TX,77030,PTH,MD,Y,Y,,Y
3099715226,HCP05545,,Prescriber5226,5326 Main St,Wichita,KS,67212,FM,NP,Y,Y,,Y
3100018421,HCP05546,,Prescriber8421,8521 Main St,Evansville,IN,47715,P,NP,Y,Y,,Y
3100262574,HCP05547,,Prescriber2574,2674 Main St,Houston,TX,77030,IM,MD,Y,Y,,Y
3100474202,HCP05548,,Prescriber4202,4302 Main St,Houston,TX,77030,PD,MD,Y,Y,,Y
3101243161,Timothy,L,Fields,100 Highway 18 W Ste 106,Barnesville,GA,30204,FM,MD,Y,Y,,Y
3101893052,Steven,G,Gonzalez,114 N Lehmberg Rd,Columbus,MS,39702,IM,NP,Y,Y,,Y
3102210883,HCP05549,,Prescriber0883,983 Main St,Houston,TX,77030,FM,NP,Y,Y,,Y
3103249722,Joseph,T,Hudson,11500 State Highway 121 Ste 930,Frisco,TX,75034,P,MD,Y,Y,A,
3103586442,HCP05550,,Prescriber6442,6542 Main St,Littleton,CO,80129,GP,MD,Y,Y,,Y
3103691495,HCP05551,,Prescriber1495,1595 Main St,Coppell,TX,75019,FM,MD,Y,Y,,Y
3104225431,Abigail,,Serrano,450 Clarkson Ave,Brooklyn,NY,11203,AI,MD,Y,Y,,Y
3105046780,HCP05552,,Prescriber6780,6880 Main St,Macon,GA,31217,FM,NP,Y,Y,,Y
3105386613,HCP05553,,Prescriber6613,6713 Main St,Dallas,TX,75390,P,MD,Y,Y,,Y
3105874425,HCP05554,,Prescriber4425,4525 Main St,Forest City,NC,28043,P,MD,Y,Y,,Y
3106618489,HCP05555,,Prescriber8489,8589 Main St,North Wales,PA,19454,P,MD,Y,Y,,Y
3106980889,HCP05556,,Prescriber0889,989 Main St,Raleigh,NC,27607,FM,MD,Y,Y,,Y
3107493364,HCP05557,,Prescriber3364,3464 Main St,Hampstead,NC,28443,PD,NP,Y,Y,,Y
3107570690,HCP05558,,Prescriber0690,790 Main St,Birmingham,AL,35242,PD,MD,Y,Y,,Y
3108433858,HCP05559,,Prescriber3858,3958 Main St,Escanaba,MI,49829,FM,NP,Y,Y,,Y
3108666303,HCP05560,,Prescriber6303,6403 Main St,Gastonia,NC,28054,FM,NP,Y,Y,,Y
3108854200,HCP05561,,Prescriber4200,4300 Main St,Charleston,SC,29425,PER,DMD,Y,Y,,Y
3109126485,HCP05562,,Prescriber6485,6585 Main St,Miami,FL,33136,EM,MD,Y,Y,,Y
3109439672,HCP05563,,Prescriber9672,772 Main St,Owensboro,KY,42303,P,NP,Y,Y,,Y
3109752030,HCP05564,,Prescriber2030,2130 Main St,Houston,TX,77030,DEN,DDS,Y,Y,,Y
3109975787,HCP05565,,Prescriber5787,5887 Main St,Houston,TX,77030,AN,MD,Y,Y,,Y
3110199481,George,A,Brown,13917 W Highway 71 Ste A,Austin,TX,78738,PD,MD,Y,Y,,Y
3111442559,HCP05566,,Prescriber2559,2659 Main St,Libertyville,IL,60048,GP,NP,Y,Y,,Y
3111511845,HCP05567,,Prescriber1845,1945 Main St,Huntsville,AL,35802,P,MD,Y,Y,,Y
3111901950,HCP05568,,Prescriber1950,2050 Main St,Baltimore,MD,21201,PD,MD,Y,Y,,Y
3111960645,HCP05569,,Prescriber0645,745 Main St,Houston,TX,77030,PHO,MD,Y,Y,,Y
3113065400,HCP05570,,Prescriber5400,5500 Main St,Milwaukee,WI,53226,ORS,MD,Y,Y,,Y
3114205655,HCP05571,,Prescriber5655,5755 Main St,Houston,TX,77030,WH,NP,Y,Y,,Y
3114450525,Carrie,M,Coleman,1310 E Davis Dr,Terre Haute,IN,47802,GP,PA,Y,Y,,Y
3115197931,HCP05572,,Prescriber7931,8031 Main St,Orlando,FL,32812,PD,MD,Y,Y,,Y
3115344170,HCP05573,,Prescriber4170,4270 Main St,Houston,TX,77030,IM,PA,Y,Y,,Y
3115345479,HCP05574,,Prescriber5479,5579 Main St,Houston,TX,77030,IM,MD,Y,Y,,Y
3116281572,HCP05575,,Prescriber1572,1672 Main St,Miami,FL,33136,P,DO,Y,Y,,Y
3116572113,HCP05576,,Prescriber2113,2213 Main St,San Antonio,TX,78207,FM,MD,Y,Y,,Y
3116749357,Robin,B,Anthony,130 W Exchange St,Akron,OH,44302,PDA,MD,Y,Y,,Y
3116836373,HCP05577,,Prescriber6373,6473 Main St,Durham,NC,27705,GP,NP,Y,Y,,Y
3116863102,HCP05578,,Prescriber3102,3202 Main St,Houston,TX,77030,PD,MD,Y,Y,,Y
3117356569,HCP05579,,Prescriber6569,6669 Main St,Iowa City,IA,52242,OBG,NP,Y,Y,,Y
3117522569,HCP05580,,Prescriber2569,2669 Main St,Cleveland,OH,44195,FM,NP,Y,Y,,Y
3117736119,HCP05581,,Prescriber6119,6219 Main St,Baton Rouge,LA,70808,IM,MD,Y,Y,,Y
3118452230,HCP05582,,Prescriber2230,2330 Main St,Auburn,NY,13021,P,MD,Y,Y,,Y
3118928970,Lisa,D,Alexander,1760 E Pecos Rd Ste 338,Tempe,AZ,85281,P,NP,Y,Y,C,
3119179639,HCP05583,,Prescriber9639,739 Main St,Greenville,SC,29615,PD,NP,Y,Y,,Y
3119281103,HCP05584,,Prescriber1103,1203 Main St,Houston,TX,77030,P,NP,Y,Y,,Y
3119688243,Stephanie,V,Lee,1651 Gunbarrel Rd Ste 302,Chattanooga,TN,37421,FM,MD,Y,N,B,
3121568813,HCP05585,,Prescriber8813,8913 Main St,Durham,NC,27705,P,NP,Y,Y,,Y
3121945583,HCP05586,,Prescriber5583,5683 Main St,Houston,TX,77030,D,MD,Y,Y,,Y
3122551437,HCP05587,,Prescriber1437,1537 Main St,Houston,TX,77030,GER,NP,Y,Y,,Y
3122663818,HCP05588,,Prescriber3818,3918 Main St,Houston,TX,77030,PD,MD,Y,Y,,Y
3122993287,HCP05589,,Prescriber3287,3387 Main St,Houston,TX,77030,PS,MD,Y,Y,,Y
3123661392,HCP05590,,Prescriber1392,1492 Main St,Houston,TX,77030,EM,DO,Y,Y,,Y
3123679372,HCP05591,,Prescriber9372,472 Main St,Tampa,FL,33607,P,NP,Y,Y,,Y
3123853761,Jacob,P,Wright,1500 San Remo Ave Ste 205,Coral Gables,FL,33146,P,MD,Y,Y,C,
3123866854,HCP05592,,Prescriber6854,6954 Main St,Philadelphia,PA,19147,FM,NP,Y,Y,,Y
3124030951,HCP05593,,Prescriber0951,1051 Main St,Sarasota,FL,34239,PD,MD,Y,Y,,Y
3124169598,HCP05594,,Prescriber9598,698 Main St,Charlotte,NC,28287,IM,MD,Y,Y,,Y
3124310346,HCP05595,,Prescriber0346,446 Main St,Indianapolis,IN,46202,FM,NP,Y,Y,,Y
3124340902,HCP05596,,Prescriber0902,1002 Main St,Groveport,OH,43125,GP,PA,Y,Y,,Y
3124359628,HCP05597,,Prescriber9628,728 Main St,Des Moines,IA,50310,FM,MD,Y,Y,,Y
3124394205,HCP05598,,Prescriber4205,4305 Main St,Mesa,AZ,85203,GP,NP,Y,Y,,Y
3125290950,HCP05599,,Prescriber0950,1050 Main St,Sumrall,MS,39482,FM,NP,Y,Y,,Y
3125785855,HCP05600,,Prescriber5855,5955 Main St,Miami,FL,33136,GP,NP,Y,Y,,Y
3126617617,HCP05601,,Prescriber7617,7717 Main St,Chicago,IL,60612,FM,NP,Y,Y,,Y
3126955465,HCP05602,,Prescriber5465,5565 Main St,Lincoln,NE,68516,PD,MD,Y,Y,,Y
3127391153,HCP05603,,Prescriber1153,1253 Main St,Houston,TX,77030,PD,MD,Y,Y,,Y
3127633275,HCP05604,,Prescriber3275,3375 Main St,Houston,TX,77030,PD,RN,Y,Y,,Y
3128674304,HCP05605,,Prescriber4304,4404 Main St,Salinas,CA,93901,GP,PA,Y,Y,,Y
3128767210,HCP05606,,Prescriber7210,7310 Main St,Garland,TX,75042,FM,DO,Y,Y,,Y
3128814555,HCP05607,,Prescriber4555,4655 Main St,Lewis Center,OH,43035,P,NP,Y,Y,,Y
3129160351,HCP05608,,Prescriber0351,451 Main St,Houston,TX,77030,PD,MD,Y,Y,,Y
3129410923,Joseph,,Reyes,139 Centre St Ste 701,New York,NY,10013,AI,MD,Y,Y,,
3130681629,HCP05609,,Prescriber1629,1729 Main St,Omaha,NE,68144,FM,NP,Y,Y,,Y
3131024804,HCP05610,,Prescriber4804,4904 Main St,Houston,TX,77030,IM,MD,Y,Y,,Y
3131350185,Paul,,Drake,5114 Heath River Ln,Sugar Land,TX,77479,PD,MD,Y,Y,,Y
3131715832,Rachel,C,Green,721 Long Point Rd Ste 408B,Mt Pleasant,SC,29464,P,PA,Y,Y,B,
3132512107,Cassidy,A,Brown,4500 Salisbury Rd Ste 490,Jacksonville,FL,32204,P,NP,Y,Y,B,
3133340675,HCP05611,,Prescriber0675,775 Main St,Houston,TX,77030,OBG,MD,Y,Y,,Y
3133506931,HCP05612,,Prescriber6931,7031 Main St,Cleveland,OH,44195,OPH,MD,Y,Y,,Y
3133896856,HCP05613,,Prescriber6856,6956 Main St,Chicago,IL,60614,GP,PA,Y,Y,,Y
3133921621,HCP05614,,Prescriber1621,1721 Main St,Lakewood,OH,44107,FM,MD,Y,Y,,Y
3134123538,HCP05615,,Prescriber3538,3638 Main St,Bryan,TX,77807,P,MD,Y,Y,,Y
3134648206,HCP05616,,Prescriber8206,8306 Main St,Lafayette,LA,70503,FM,MD,Y,Y,,Y
3135024344,HCP05617,,Prescriber4344,4444 Main St,Houston,TX,77030,PD,MD,Y,Y,,Y
3135254359,HCP05618,,Prescriber4359,4459 Main St,Baltimore,MD,21201,P,MD,Y,Y,,Y
3135527932,HCP05619,,Prescriber7932,8032 Main St,Miami,FL,33136,NEP,MD,Y,Y,,Y
3135943925,HCP05620,,Prescriber3925,4025 Main St,Chandler,AZ,85224,P,NP,Y,Y,,Y
3136248863,Desiree,S,Conway,1380 Upper Hembree Rd,Roswell,GA,30076,P,MD,Y,Y,C,
3136785474,HCP05621,,Prescriber5474,5574 Main St,Houston,TX,77030,FM,NP,Y,Y,,Y
3136929411,HCP05622,,Prescriber9411,511 Main St,Houston,TX,77030,GE,MD,Y,Y,,Y
3137681240,HCP05623,,Prescriber1240,1340 Main St,Dayton,OH,45404,CHP,MD,Y,Y,,Y
3138734561,HCP05624,,Prescriber4561,4661 Main St,Saint Louis,MO,63110,PD,MD,Y,Y,,Y
3138956568,HCP05625,,Prescriber6568,6668 Main St,Houston,TX,77030,PD,MD,Y,Y,,Y
3139434559,HCP05626,,Prescriber4559,4659 Main St,Houston,TX,77030,IM,MD,Y,Y,,Y
3140152817,HCP05627,,Prescriber2817,2917 Main St,Houston,TX,77030,PD,MD,Y,Y,,Y
3140237279,HCP05628,,Prescriber7279,7379 Main St,Durham,NC,27705,GP,PA,Y,Y,,Y
3140590981,HCP05629,,Prescriber0981,1081 Main St,Petaluma,CA,94954,FM,MD,Y,Y,,Y
3140671462,HCP05630,,Prescriber1462,1562 Main St,Norfolk,VA,23507,P,DO,Y,Y,,Y
3140752772,Amanda,,Russell,3643 Ridge Mill Dr,Columbus,OH,43205,PD,MD,Y,Y,A,
3141031302,Nathaniel,D,Park,2000 Sonoma Park Dr,Edmond,OK,73013,P,NP,Y,Y,A,
3141125041,HCP05631,,Prescriber5041,5141 Main St,Houston,TX,77030,MID,APRN,Y,Y,,Y
3142719405,HCP05632,,Prescriber9405,505 Main St,Houston,TX,77030,FM,NP,Y,Y,,Y
3142736569,HCP05633,,Prescriber6569,6669 Main St,Houston,TX,77030,PD,MD,Y,Y,,Y
3144301025,HCP05634,,Prescriber1025,1125 Main St,Houston,TX,77021,P,MD,Y,Y,,Y
3145217099,HCP05635,,Prescriber7099,7199 Main St,Houston,TX,77030,HOS,DO,Y,Y,,Y
3145278962,Heather,B,Cervantes,34 S Broadway Ste 702,New York,NY,10128,P,MD,Y,Y,A,
3145608453,HCP05636,,Prescriber8453,8553 Main St,Miami,FL,33136,GP,HBP,Y,Y,,Y
3145636579,HCP05637,,Prescriber6579,6679 Main St,Houston,TX,77030,IM,MD,Y,Y,,Y
3145764885,Diana,G,Obrien,110 N Corners Pkwy Ste 100,Alpharetta,GA,30005,PD,MD,Y,Y,C,
3146408439,HCP05638,,Prescriber8439,8539 Main St,Houston,TX,77030,GS,NP,Y,Y,,Y
3147418406,HCP05639,,Prescriber8406,8506 Main St,Boulder,CO,80303,PD,MD,Y,Y,,Y
3148248037,HCP05640,,Prescriber8037,8137 Main St,San Diego,CA,92101,P,DO,Y,Y,,Y
3150052974,HCP05641,,Prescriber2974,3074 Main St,Houston,TX,77030,GP,MD,Y,Y,,Y
3150343679,Andrea,,Price,10802 Hickory Ridge Rd,Columbia,MD,21044,AI,MD,Y,Y,,Y
3150368776,HCP05642,,Prescriber8776,8876 Main St,Houston,TX,77030,PD,MD,Y,Y,,Y
3150459361,HCP05643,,Prescriber9361,461 Main St,Ann Arbor,MI,48109,GP,NP,Y,Y,,Y
3151009222,HCP05644,,Prescriber9222,322 Main St,Charlotte,NC,28207,PD,PA,Y,Y,,Y
3151431818,HCP05645,,Prescriber1818,1918 Main St,Glenside,PA,19038,PM,MD,Y,Y,,Y
3151878523,HCP05646,,Prescriber8523,8623 Main St,Nashville,TN,37203,P,NP,Y,Y,,Y
3152357325,HCP05647,,Prescriber7325,7425 Main St,Houston,TX,77030,OTO,MD,Y,Y,,Y
3152496265,HCP05648,,Prescriber6265,6365 Main St,Scottsdale,AZ,85251,P,MD,Y,Y,,Y
3152510481,HCP05649,,Prescriber0481,581 Main St,Glen Burnie,MD,21060,P,NP,Y,Y,,Y
3152547029,HCP05650,,Prescriber7029,7129 Main St,Midland,TX,79707,IM,DO,Y,Y,,Y
3154175966,HCP05651,,Prescriber5966,6066 Main St,Houston,TX,77030,DEN,DDS,Y,Y,,Y
3154554948,Michelle,H,Washington,6305 Lonas Dr Ste 101,Knoxville,TN,37909,P,NP,Y,Y,B,
3155119826,HCP05652,,Prescriber9826,926 Main St,Cedar Rapids,IA,52403,PD,NP,Y,Y,,Y
3155215524,HCP05653,,Prescriber5524,5624 Main St,Houston,TX,77030,NTR,DN,Y,Y,,Y
3155356014,HCP05654,,Prescriber6014,6114 Main St,Houston,TX,77030,P,MD,Y,Y,,Y
3155657155,HCP05655,,Prescriber7155,7255 Main St,Greenville,SC,29615,DBP,MD,Y,Y,,Y
3155984387,HCP05656,,Prescriber4387,4487 Main St,Charlotte,NC,28211,P,PA,Y,Y,,Y
3156760603,HCP05657,,Prescriber0603,703 Main St,Miami,FL,33136,HFT,MD,Y,Y,,Y
3156800486,Angela,M,Moss,4210 Lincoln Rd,Hattiesburg,MS,39402,PD,MD,Y,Y,,Y
3156801081,HCP05658,,Prescriber1081,1181 Main St,Charlotte,NC,28226,AI,NP,Y,Y,,Y
3157393527,HCP05659,,Prescriber3527,3627 Main St,Houston,TX,77030,PD,MD,Y,Y,,Y
3157725937,HCP05660,,Prescriber5937,6037 Main St,Houston,TX,77030,PD,MD,Y,Y,,Y
3158340638,HCP05661,,Prescriber0638,738 Main St,Southfield,MI,48075,FM,MD,Y,Y,,Y
3158837292,HCP05662,,Prescriber7292,7392 Main St,Houston,TX,77030,PD,MD,Y,Y,,Y
3160684601,HCP05663,,Prescriber4601,4701 Main St,Phoenix,AZ,85016,OBG,MD,Y,Y,,Y
3161499784,HCP05664,,Prescriber9784,884 Main St,Austin,TX,78726,FM,MD,Y,Y,,Y
3161728677,HCP05665,,Prescriber8677,8777 Main St,Atlanta,GA,30322,US,RN,Y,Y,,Y
3161765038,HCP05666,,Prescriber5038,5138 Main St,Lexington,KY,40503,FM,MD,Y,Y,,Y
3162157315,HCP05667,,Prescriber7315,7415 Main St,Miami,FL,33136,CHN,MD,Y,Y,,Y
3162292559,HCP05668,,Prescriber2559,2659 Main St,Louisville,KY,40202,IM,DO,Y,Y,,Y
3162855947,HCP05669,,Prescriber5947,6047 Main St,Shreveport,LA,71103,IM,MD,Y,Y,,Y
3162864726,HCP05670,,Prescriber4726,4826 Main St,Houston,TX,77030,GP,NP,Y,Y,,Y
3163348010,HCP05671,,Prescriber8010,8110 Main St,Marion,IN,46952,P,NP,Y,Y,,Y
3163439163,HCP05672,,Prescriber9163,263 Main St,Miami,FL,33136,A,MD,Y,Y,,Y
3163910184,HCP05673,,Prescriber0184,284 Main St,Murphy,NC,28906,PD,DO,Y,Y,,Y
3164140028,HCP05674,,Prescriber0028,128 Main St,Durham,NC,27705,PD,MD,Y,Y,,Y
3164519456,HCP05675,,Prescriber9456,556 Main St,Raleigh,NC,27614,PD,NP,Y,Y,,Y
3165344294,HCP05676,,Prescriber4294,4394 Main St,Houston,TX,77030,FM,NP,Y,Y,,Y
3165427797,HCP05677,,Prescriber7797,7897 Main St,Denham Springs,LA,70726,PD,MD,Y,Y,,Y
3166191978,HCP05678,,Prescriber1978,2078 Main St,Portsmouth,VA,23708,P,MD,Y,Y,,Y
3166974734,HCP05679,,Prescriber4734,4834 Main St,Allentown,PA,18103,P,NP,Y,Y,,Y
3167400944,HCP05680,,Prescriber0944,1044 Main St,Metairie,LA,70006,PD,MD,Y,Y,,Y
3167700457,HCP05681,,Prescriber0457,557 Main St,Richmond,VA,23298,PHP,MD,Y,Y,,Y
3167873381,HCP05682,,Prescriber3381,3481 Main St,Toledo,OH,43617,P,NP,Y,Y,,Y
3168092918,HCP05683,,Prescriber2918,3018 Main St,Scottsdale,AZ,85251,FM,NP,Y,Y,,Y
3168942795,Stephanie,,Jones,106 W Myrtle Ave,Foley,AL,36535,PD,NP,Y,Y,,Y
3168950595,HCP05684,,Prescriber0595,695 Main St,Houston,TX,77030,FM,MD,Y,Y,,Y
3169200249,HCP05685,,Prescriber0249,349 Main St,Orlando,FL,32832,P,NP,Y,Y,,Y
3169476654,Brian,M,Woods,4130 Lindell Blvd,Saint Louis,MO,63108,P,MD,Y,Y,C,
3169930198,HCP05686,,Prescriber0198,298 Main St,Watkinsville,GA,30677,P,MD,Y,Y,,Y
3170546319,HCP05687,,Prescriber6319,6419 Main St,Houston,TX,77030,GP,PA,Y,Y,,Y
3170572714,HCP05688,,Prescriber2714,2814 Main St,Parker,CO,80138,P,NP,Y,Y,,Y
3170973377,HCP05689,,Prescriber3377,3477 Main St,Galveston,TX,77555,P,MD,Y,Y,,Y
3171642874,HCP05690,,Prescriber2874,2974 Main St,Canal Winchester,OH,43110,PD,DO,Y,Y,,Y
3173191255,Elizabeth,C,Ford,3515 Dallas Hwy SW Ste C,Marietta,GA,30064,PD,MD,Y,Y,C,
3173606570,HCP05691,,Prescriber6570,6670 Main St,Houston,TX,77030,GP,PA,Y,Y,,Y
3174122490,HCP05692,,Prescriber2490,2590 Main St,Houston,TX,77030,FM,DO,Y,Y,,Y
3174125240,HCP05693,,Prescriber5240,5340 Main St,Cleveland,OH,44195,HOS,MD,Y,Y,,Y
3174192120,HCP05694,,Prescriber2120,2220 Main St,Baltimore,MD,21209,P,NP,Y,Y,,Y
3176092935,HCP05695,,Prescriber2935,3035 Main St,Atlanta,GA,30322,ON,MD,Y,Y,,Y
3176103323,Scott,B,Simpson,8725 County Road 64,Daphne,AL,36526,AI,MD,Y,Y,,Y
3176657469,HCP05696,,Prescriber7469,7569 Main St,Austin,TX,78738,PD,MD,Y,Y,,Y
3179043991,HCP05697,,Prescriber3991,4091 Main St,Houston,TX,77030,PD,MD,Y,Y,,Y
3179221619,HCP05698,,Prescriber1619,1719 Main St,Houston,TX,77030,OBG,MD,Y,Y,,Y
3179256869,HCP05699,,Prescriber6869,6969 Main St,Dallas,TX,75390,DBP,MD,Y,Y,,Y
3179990158,HCP05700,,Prescriber0158,258 Main St,Kansas City,KS,66160,PD,MD,Y,Y,,Y
3181116202,HCP05701,,Prescriber6202,6302 Main St,Charleston,SC,29425,AN,MD,Y,Y,,Y
3182070062,Carl,H,Baldwin,1600 7th Ave S,Birmingham,AL,35233,PDE,MD,Y,Y,C,
3182125458,HCP05702,,Prescriber5458,5558 Main St,Charlotte,NC,28204,PD,NP,Y,Y,,Y
3182244076,HCP05703,,Prescriber4076,4176 Main St,Lapel,IN,46051,FM,NP,Y,Y,,Y
3182542611,HCP05704,,Prescriber2611,2711 Main St,Houston,TX,77030,POD,DPM,Y,Y,,Y
3182883332,Jonathan,P,Warner,22 N Franklin Blvd Fl 1,Pleasantville,NJ,08232,PD,MD,Y,Y,,Y
3183523519,HCP05705,,Prescriber3519,3619 Main St,Houston,TX,77030,P,MD,Y,Y,,Y
3183670684,HCP05706,,Prescriber0684,784 Main St,Moosic,PA,18507,P,NP,Y,Y,,Y
3184185362,HCP05707,,Prescriber5362,5462 Main St,Houston,TX,77030,EM,MD,Y,Y,,Y
3184228603,HCP05708,,Prescriber8603,8703 Main St,Tucson,AZ,85716,P,NP,Y,Y,,Y
3184461508,HCP05709,,Prescriber1508,1608 Main St,Senoia,GA,30276,PD,NP,Y,Y,,Y
3187139472,HCP05710,,Prescriber9472,572 Main St,Charlotte,NC,28211,FM,MD,Y,Y,,Y
3187286470,HCP05711,,Prescriber6470,6570 Main St,Miami,FL,33136,ADM,MD,Y,Y,,Y
3187815190,HCP05712,,Prescriber5190,5290 Main St,Spring,TX,77380,P,MD,Y,Y,,Y
3188003023,HCP05713,,Prescriber3023,3123 Main St,Houston,TX,77030,GP,DO,Y,Y,,Y
3188263332,HCP05714,,Prescriber3332,3432 Main St,Libertyville,IL,60048,FM,NP,Y,Y,,Y
3189032306,HCP05715,,Prescriber2306,2406 Main St,Chesterfield,MO,63017,IM,DO,Y,Y,,Y
3189067942,HCP05716,,Prescriber7942,8042 Main St,Miami,FL,33136,HO,MD,Y,Y,,Y
3189791747,HCP05717,,Prescriber1747,1847 Main St,Glen Oaks,NY,11004,P,NP,Y,Y,,Y
3190255454,HCP05718,,Prescriber5454,5554 Main St,Ambridge,PA,15003,FM,NP,Y,Y,,Y
3190804983,Antonio,D,Bailey,3330 Erie Ave Ste 8,Cincinnati,OH,45208,P,NP,Y,Y,A,
3190859051,HCP05719,,Prescriber9051,151 Main St,Houston,TX,77030,GS,NP,Y,Y,,Y
3191567292,HCP05720,,Prescriber7292,7392 Main St,New York,NY,10016,DEN,DDS,Y,Y,,Y
3192184718,HCP05721,,Prescriber4718,4818 Main St,Houston,TX,77030,PD,NP,Y,Y,,Y
3192228937,HCP05722,,Prescriber8937,9037 Main St,Houston,TX,77030,PUD,NP,Y,Y,,Y
3192512594,HCP05723,,Prescriber2594,2694 Main St,Miami,FL,33136,CH,DC,Y,Y,,Y
3192668878,HCP05724,,Prescriber8878,8978 Main St,Houston,TX,77030,FM,MD,Y,Y,,Y
3193575790,HCP05725,,Prescriber5790,5890 Main St,Memphis,TN,38120,FM,NP,Y,Y,,Y
3194445705,HCP05726,,Prescriber5705,5805 Main St,Lake Mary,FL,32746,PD,MD,Y,Y,,Y
3194615827,HCP05727,,Prescriber5827,5927 Main St,Houston,TX,77030,FM,DO,Y,Y,,Y
3194766673,HCP05728,,Prescriber6673,6773 Main St,Cockeysville,MD,21030,GP,NP,Y,Y,,Y
3195298943,Diane,,Smith,8200 NW 41st St Ste 300,Hialeah,FL,33013,P,NP,Y,Y,A,
3195702264,HCP05729,,Prescriber2264,2364 Main St,Drexel Hill,PA,19026,PD,MD,Y,Y,,Y
3196501846,HCP05730,,Prescriber1846,1946 Main St,Hickory,NC,28601,P,MD,Y,Y,,Y
3196971239,HCP05731,,Prescriber1239,1339 Main St,Rochester,NY,14618,PD,MD,Y,Y,,Y
3197380167,HCP05732,,Prescriber0167,267 Main St,Miami,FL,33136,GE,MD,Y,Y,,Y
3197960284,HCP05733,,Prescriber0284,384 Main St,Brandon,FL,33511,P,NP,Y,Y,,Y
3198428366,HCP05734,,Prescriber8366,8466 Main St,New York,NY,10022,P,MD,Y,Y,,Y
3198593856,HCP05735,,Prescriber3856,3956 Main St,Greensboro,NC,27455,P,NP,Y,Y,,Y
3198663961,HCP05736,,Prescriber3961,4061 Main St,Charleston,SC,29425,FM,MD,Y,Y,,Y
3198857291,Martin,C,Hansen,151 Ochsner Blvd Ste F,Gretna,LA,70056,PD,MD,Y,Y,,
3199771270,HCP05737,,Prescriber1270,1370 Main St,Houston,TX,77030,PD,MD,Y,Y,,Y
3200789197,HCP05738,,Prescriber9197,297 Main St,Tallahassee,FL,32308,D,MD,Y,Y,,Y
3201391595,HCP05739,,Prescriber1595,1695 Main St,Houston,TX,77030,OBG,MD,Y,Y,,Y
3201555612,Christopher,D,Garcia,4600 Green Bay Rd,Elm Grove,WI,53122,P,PA,Y,Y,C,
3202532948,HCP05740,,Prescriber2948,3048 Main St,Lutherville Timonium,MD,21093,PD,MD,Y,Y,,Y
3203069886,HCP05741,,Prescriber9886,986 Main St,Miami,FL,33136,ADP,DO,Y,Y,,Y
3203119042,Debra,,Ramirez,9760 SW 11th St,Pembroke Pines,FL,33025,P,NP,Y,Y,B,
3205016980,Calvin,R,Perez,85 John Maddox Conn NW,Rome,GA,30165,PD,MD,Y,Y,C,
3205024362,HCP05742,,Prescriber4362,4462 Main St,King Of Prussia,PA,19406,P,NP,Y,Y,,Y
3205644002,HCP05743,,Prescriber4002,4102 Main St,Elkader,IA,52043,FM,DO,Y,Y,,Y
3206136167,HCP05744,,Prescriber6167,6267 Main St,Houston,TX,77030,PTH,MD,Y,Y,,Y
3207550101,HCP05745,,Prescriber0101,201 Main St,Youngsville,LA,70592,FM,NP,Y,Y,,Y
3207636113,HCP05746,,Prescriber6113,6213 Main St,Houston,TX,77030,IM,MD,Y,Y,,Y
3207715559,HCP05747,,Prescriber5559,5659 Main St,Houston,TX,77030,END,MD,Y,Y,,Y
3207831123,Christine,M,Adams,3755 Admiral Dr Ste 105A,High Point,NC,27265,P,NP,Y,Y,B,
3208411498,HCP05748,,Prescriber1498,1598 Main St,Huntington Station,NY,11746,PD,MD,Y,Y,,Y
3208997173,HCP05749,,Prescriber7173,7273 Main St,Durham,NC,27705,GP,MD,Y,Y,,Y
3211079292,HCP05750,,Prescriber9292,392 Main St,Houston,TX,77030,VET,DVM,Y,Y,,Y
3211136469,HCP05751,,Prescriber6469,6569 Main St,Charlotte,NC,28277,GP,PA,Y,Y,,Y
3211723947,HCP05752,,Prescriber3947,4047 Main St,Canton,GA,30114,FM,MD,Y,Y,,Y
3211741337,Jeffrey,,Buck,10340 Park Rd Ste B,Charlotte,NC,28210,GP,NP,Y,Y,,Y
3212076893,HCP05753,,Prescriber6893,6993 Main St,Cleveland,OH,44195,PMR,DO,Y,Y,,Y
3212410608,HCP05754,,Prescriber0608,708 Main St,Charleston,SC,29425,GP,PA,Y,Y,,Y
3212824164,HCP05755,,Prescriber4164,4264 Main St,Sioux City,IA,51106,P,DO,Y,Y,,Y
3212862660,HCP05756,,Prescriber2660,2760 Main St,Kennesaw,GA,30144,PD,MD,Y,Y,,Y
3213058147,HCP05757,,Prescriber8147,8247 Main St,Austin,TX,78701,CHP,MD,Y,Y,,Y
3213482481,HCP05758,,Prescriber2481,2581 Main St,Newark,DE,19713,FM,PA,Y,Y,,Y
3213757672,HCP05759,,Prescriber7672,7772 Main St,Richmond,VA,23225,PD,MD,Y,Y,,Y
3214112604,HCP05760,,Prescriber2604,2704 Main St,Houston,TX,77030,OBG,NP,Y,Y,,Y
3214688777,HCP05761,,Prescriber8777,8877 Main St,Houston,TX,77030,PD,MD,Y,Y,,Y
3215469654,HCP05762,,Prescriber9654,754 Main St,Anchorage,AK,99508,P,NP,Y,Y,,Y
3215513753,HCP05763,,Prescriber3753,3853 Main St,Houston,TX,77030,CCM,NP,Y,Y,,Y
3216006572,HCP05764,,Prescriber6572,6672 Main St,Danville,IN,46122,GP,PA,Y,Y,,Y
3216543123,HCP05765,,Prescriber3123,3223 Main St,Houston,TX,77030,GE,MD,Y,Y,,Y
3217016058,Stacy,S,Murphy,451 Ruin Creek Rd Ste 101,Henderson,NC,27536,PD,MD,Y,Y,,Y
3217039881,HCP05766,,Prescriber9881,981 Main St,Kalamazoo,MI,49009,IM,MD,Y,Y,,Y
3217540762,HCP05767,,Prescriber0762,862 Main St,Memphis,TN,38117,ADL,MD,Y,Y,,Y
3218174366,HCP05768,,Prescriber4366,4466 Main St,Virginia Beach,VA,23454,P,PA,Y,Y,,Y
3218275533,HCP05769,,Prescriber5533,5633 Main St,Mandeville,LA,70448,P,NP,Y,Y,,Y
3218281448,HCP05770,,Prescriber1448,1548 Main St,Raleigh,NC,27617,P,NP,Y,Y,,Y
3218649715,HCP05771,,Prescriber9715,815 Main St,Miami,FL,33136,GS,MD,Y,Y,,Y
3218660586,HCP05772,,Prescriber0586,686 Main St,Westerville,OH,43082,IM,MD,Y,Y,,Y
3219031362,HCP05773,,Prescriber1362,1462 Main St,Gulf Breeze,FL,32563,FM,DO,Y,Y,,Y
3219349218,HCP05774,,Prescriber9218,318 Main St,Gastonia,NC,28054,FM,MD,Y,Y,,Y
3219500939,HCP05775,,Prescriber0939,1039 Main St,Virginia Beach,VA,23456,PD,NP,Y,Y,,Y
3219608745,HCP05776,,Prescriber8745,8845 Main St,Concord,NC,28027,FM,MD,Y,Y,,Y
3219878351,HCP05777,,Prescriber8351,8451 Main St,Charleston,SC,29425,ORS,MD,Y,Y,,Y
3221140240,HCP05778,,Prescriber0240,340 Main St,Charleston,SC,29425,OBG,MD,Y,Y,,Y
3221378290,John,B,Blackwell,2210 Jackson St,Anderson,IN,46016,P,NP,Y,Y,B,
3221800239,HCP05779,,Prescriber0239,339 Main St,Fairhope,AL,36532,PD,MD,Y,Y,,Y
3221880819,HCP05780,,Prescriber0819,919 Main St,Huntersville,NC,28078,FM,MD,Y,Y,,Y
3222216908,HCP05781,,Prescriber6908,7008 Main St,Houston,TX,77030,PUD,MD,Y,Y,,Y
3222285492,HCP05782,,Prescriber5492,5592 Main St,Houston,TX,77030,PCP,MD,Y,Y,,Y
3222925904,Joel,M,Burnett,1160 Park Ave,New York,NY,10128,P,MD,Y,Y,A,
3223180681,HCP05783,,Prescriber0681,781 Main St,Euless,TX,76040,P,MD,Y,Y,,Y
3223548839,HCP05784,,Prescriber8839,8939 Main St,Brevard,NC,28712,PD,MD,Y,Y,,Y
3223607156,HCP05785,,Prescriber7156,7256 Main St,Bronx,NY,10461,CHP,MD,Y,Y,,Y
3223868365,Amanda,V,Valencia,1854 Oak Grove Blvd,Lutz,FL,33559,PD,MD,Y,Y,C,
3224003484,HCP05786,,Prescriber3484,3584 Main St,Jacksonville Beach,FL,32250,P,MD,Y,Y,,Y
3224132697,HCP05787,,Prescriber2697,2797 Main St,Garland,TX,75040,FM,MD,Y,Y,,Y
3224480622,HCP05788,,Prescriber0622,722 Main St,Houma,LA,70360,EM,NP,Y,Y,,Y
3224661773,HCP05789,,Prescriber1773,1873 Main St,Miami,FL,33136,FM,NP,Y,Y,,Y
3226557807,HCP05790,,Prescriber7807,7907 Main St,Richmond,VA,23298,CD,MD,Y,Y,,Y
3227571533,HCP05791,,Prescriber1533,1633 Main St,Houston,TX,77030,FM,NP,Y,Y,,Y
3228582631,HCP05792,,Prescriber2631,2731 Main St,Evansville,IN,47715,P,NP,Y,Y,,Y
3229675985,HCP05793,,Prescriber5985,6085 Main St,Charlotte,NC,28211,PD,MD,Y,Y,,Y
3229900662,HCP05794,,Prescriber0662,762 Main St,Houston,TX,77030,FM,NP,Y,Y,,Y
3229920510,HCP05795,,Prescriber0510,610 Main St,Cleveland,OH,44195,HO,MD,Y,Y,,Y
3230082806,HCP05796,,Prescriber2806,2906 Main St,Houston,TX,77030,OTH,RN,Y,Y,,Y
3230119656,HCP05797,,Prescriber9656,756 Main St,Murfreesboro,TN,37129,PD,NP,Y,Y,,Y
3230275008,Alexandria,L,Nguyen,1671 W Main St,Newark,OH,43055,PD,NP,Y,Y,C,
3230526275,Jennifer,A,Barnett,47389 Van Dyke Ave,Shelby Twp,MI,48317,ADL,MD,Y,Y,,Y
3232152011,HCP05798,,Prescriber2011,2111 Main St,Houston,TX,77030,EM,NP,Y,Y,,Y
3232191921,HCP05799,,Prescriber1921,2021 Main St,Cleveland,OH,44195,NPM,MD,Y,Y,,Y
3232730489,David,B,Jarvis,5000 Ambassador Caffery Pkwy Bldg 12,Lafayette,LA,70508,PD,MD,Y,Y,A,
3233231349,HCP05800,,Prescriber1349,1449 Main St,Durham,NC,27713,P,PA,Y,Y,,Y
3234159024,HCP05801,,Prescriber9024,124 Main St,New York,NY,10016,GP,RN,Y,Y,,Y
3234228739,HCP05802,,Prescriber8739,8839 Main St,Houston,TX,77030,FM,MD,Y,Y,,Y
3234296736,Andrew,J,Sosa,887 Johnnie Dodds Blvd Ste 215,Mount Pleasant,SC,29464,P,MD,Y,Y,A,
3234495353,HCP05803,,Prescriber5353,5453 Main St,Chicago,IL,60612,CD,DO,Y,Y,,Y
3234541655,HCP05804,,Prescriber1655,1755 Main St,Miami,FL,33136,IM,MD,Y,Y,,Y
3234637417,HCP05805,,Prescriber7417,7517 Main St,Harlingen,TX,78552,P,MD,Y,Y,,Y
3234701154,HCP05806,,Prescriber1154,1254 Main St,Houston,TX,77030,P,NP,Y,Y,,Y
3234839775,HCP05807,,Prescriber9775,875 Main St,Houston,TX,77030,EM,RN,Y,Y,,Y
3234889388,HCP05808,,Prescriber9388,488 Main St,Louisville,KY,40202,DEN,DMD,Y,Y,,Y
3235120152,HCP05809,,Prescriber0152,252 Main St,Grand Rapids,MI,49546,PD,MD,Y,Y,,Y
3235417992,Timothy,E,Cervantes MD,105 Fischer Marketplace Ln Ste 100,Sharpsburg,GA,30277,IM,MD,Y,Y,A,
3235618242,HCP05810,,Prescriber8242,8342 Main St,Miami,FL,33136,PHM,PHAR,Y,Y,,Y
3235866430,HCP05811,,Prescriber6430,6530 Main St,Mesa,AZ,85206,P,MD,Y,Y,,Y
3236623204,HCP05812,,Prescriber3204,3304 Main St,Bainbridge,IN,46105,GP,PA,Y,Y,,Y
3236884651,HCP05813,,Prescriber4651,4751 Main St,Houston,TX,77030,PUD,MD,Y,Y,,Y
3237451443,HCP05814,,Prescriber1443,1543 Main St,Spring,TX,77382,PD,MD,Y,Y,,Y
3237862758,HCP05815,,Prescriber2758,2858 Main St,Fort Hood,TX,76544,FM,MD,Y,Y,,Y
3238077054,HCP05816,,Prescriber7054,7154 Main St,Omaha,NE,68144,DEN,DDS,Y,Y,,Y
3238308814,HCP05817,,Prescriber8814,8914 Main St,Belmont,NC,28012,PD,NP,Y,Y,,Y
3238360507,Amanda,M,Crawford,200 W 57th St Ste 601,New York,NY,10016,GP,PA,Y,Y,B,
3238867393,HCP05818,,Prescriber7393,7493 Main St,Houston,TX,77030,PD,MD,Y,Y,,Y
3239376354,HCP05819,,Prescriber6354,6454 Main St,Durham,NC,27705,GP,DO,Y,Y,,Y
3239523262,HCP05820,,Prescriber3262,3362 Main St,Phoenix,AZ,85016,FM,DO,Y,Y,,Y
3240907387,Christine,K,Baker,4 Lakeway Centre Ct,Austin,TX,78734,AI,PA,Y,Y,,Y
3242183859,HCP05821,,Prescriber3859,3959 Main St,Miami,FL,33136,US,MD,Y,Y,,Y
3242268745,HCP05822,,Prescriber8745,8845 Main St,Houston,TX,77030,GP,PA,Y,Y,,Y
3242695237,HCP05823,,Prescriber5237,5337 Main St,Ankeny,IA,50023,PD,MD,Y,Y,,Y
3242886684,HCP05824,,Prescriber6684,6784 Main St,Houston,TX,77030,N,MD,Y,Y,,Y
3242993600,HCP05825,,Prescriber3600,3700 Main St,Scranton,PA,18519,PD,MD,Y,Y,,Y
3243261084,HCP05826,,Prescriber1084,1184 Main St,Houston,TX,77030,P,NP,Y,Y,,Y
3243638722,HCP05827,,Prescriber8722,8822 Main St,Durham,NC,27705,PD,NP,Y,Y,,Y
3244850593,HCP05828,,Prescriber0593,693 Main St,Houston,TX,77030,FM,MD,Y,Y,,Y
3245301290,HCP05829,,Prescriber1290,1390 Main St,Saint Louis,MO,63127,IM,DO,Y,Y,,Y
3245814005,HCP05830,,Prescriber4005,4105 Main St,Miami,FL,33136,OBG,DO,Y,Y,,Y
3245928880,HCP05831,,Prescriber8880,8980 Main St,Houston,TX,77030,FSM,MD,Y,Y,,Y
3246224234,HCP05832,,Prescriber4234,4334 Main St,Kannapolis,NC,28081,PD,NP,Y,Y,,Y
3246626128,HCP05833,,Prescriber6128,6228 Main St,Houston,TX,77030,PS,MD,Y,Y,,Y
3247137820,HCP05834,,Prescriber7820,7920 Main St,Bay Shore,NY,11706,N,MD,Y,Y,,Y
3247501830,HCP05835,,Prescriber1830,1930 Main St,Houston,TX,77030,OPH,MD,Y,Y,,Y
3248047552,HCP05836,,Prescriber7552,7652 Main St,Saint Louis,MO,63110,P,MD,Y,Y,,Y
3248891970,HCP05837,,Prescriber1970,2070 Main St,Houston,TX,77030,CCM,NP,Y,Y,,Y
3248921699,HCP05838,,Prescriber1699,1799 Main St,Miami,FL,33136,GP,NP,Y,Y,,Y
3248996655,Michelle,J,Wong,1875 Century Blvd NE Ste 150,Atlanta,GA,30345,PD,MD,Y,Y,A,Y
3249505283,HCP05839,,Prescriber5283,5383 Main St,Madison,WI,53705,PD,MD,Y,Y,,Y
3249585244,Leslie,E,Rivers,1700 66th St N Ste 207,Largo,FL,33770,P,MD,Y,Y,A,
3249820393,HCP05840,,Prescriber0393,493 Main St,Philadelphia,PA,19139,IM,MD,Y,Y,,Y
3249837821,HCP05841,,Prescriber7821,7921 Main St,Atlanta,GA,30322,GE,NP,Y,Y,,Y
3250944569,Caleb,B,Harris,296 Clifton Ave Ste 2,Clifton,NJ,07011,ADL,MD,Y,Y,,Y
3252087881,HCP05842,,Prescriber7881,7981 Main St,Houston,TX,77030,GP,PA,Y,Y,,Y
3252309057,HCP05843,,Prescriber9057,157 Main St,Durham,NC,27704,FM,NP,Y,Y,,Y
3252374886,Jared,A,Ramirez,5701 Bryant Irvin Rd Ste 301,Fort Worth,TX,76132,FM,DO,Y,Y,A,
3253456805,HCP05844,,Prescriber6805,6905 Main St,Indianapolis,IN,46220,PD,MD,Y,Y,,Y
3254766808,HCP05845,,Prescriber6808,6908 Main St,Houston,TX,77030,NS,MD,Y,Y,,Y
3255152709,HCP05846,,Prescriber2709,2809 Main St,Atlanta,GA,30322,P,NP,Y,Y,,Y
3255794898,Michelle,M,Tucker,2730 S Val Vista Dr Ste 146,Gilbert,AZ,85295,P,NP,Y,Y,B,
3255934024,Carol,,Carlson,1222 Kennedy Blvd,Bayonne,NJ,07002,PD,DO,Y,Y,,Y
3256007604,HCP05847,,Prescriber7604,7704 Main St,Columbia,MD,21045,PD,MD,Y,Y,,Y
3257326519,HCP05848,,Prescriber6519,6619 Main St,Cincinnati,OH,45212,FM,MD,Y,Y,,Y
3257768311,HCP05849,,Prescriber8311,8411 Main St,Wilmington,NC,28401,GP,NP,Y,Y,,Y
3258025456,HCP05850,,Prescriber5456,5556 Main St,Aurora,IL,60504,P,PA,Y,Y,,Y
3258066613,HCP05851,,Prescriber6613,6713 Main St,Lebanon,TN,37087,P,NP,Y,Y,,Y
3258213663,Allen,M,Anderson,905 Old Diley Rd,Pickerington,OH,43147,PD,MD,Y,Y,C,
3258609442,HCP05852,,Prescriber9442,542 Main St,Orlando,FL,32804,GP,MD,Y,Y,,Y
3258684314,HCP05853,,Prescriber4314,4414 Main St,Kansas City,KS,66160,CD,DO,Y,Y,,Y
3258733855,HCP05854,,Prescriber3855,3955 Main St,New York,NY,10022,P,MD,Y,Y,,Y
3259372004,HCP05855,,Prescriber2004,2104 Main St,Houston,TX,77030,AC,NP,Y,Y,,Y
3260044998,Amanda,S,Chavez,153 Town Blvd,Opelousas,LA,70570,PD,MD,Y,Y,,Y
3260070223,Jasmine,,Kelly,2520 K Ave Ste 100,Plano,TX,75074,PD,MD,Y,Y,,Y
3260424033,HCP05856,,Prescriber4033,4133 Main St,Houston,TX,77030,PD,MD,Y,Y,,Y
3260637172,HCP05857,,Prescriber7172,7272 Main St,Cincinnati,OH,45229,PD,NP,Y,Y,,Y
3261923544,HCP05858,,Prescriber3544,3644 Main St,Houston,TX,77030,PD,MD,Y,Y,,Y
3262109624,HCP05859,,Prescriber9624,724 Main St,Davidson,NC,28036,P,DO,Y,Y,,Y
3262285322,HCP05860,,Prescriber5322,5422 Main St,Middlesex,NC,27557,GP,MD,Y,Y,,Y
3262835067,HCP05861,,Prescriber5067,5167 Main St,Pompano Beach,FL,33076,PD,MD,Y,Y,,Y
3263133783,HCP05862,,Prescriber3783,3883 Main St,Houston,TX,77030,U,NP,Y,Y,,Y
3264231330,HCP05863,,Prescriber1330,1430 Main St,Houston,TX,77030,NS,MD,Y,Y,,Y
3265640947,HCP05864,,Prescriber0947,1047 Main St,Houston,TX,77030,HO,MD,Y,Y,,Y
3267135829,HCP05865,,Prescriber5829,5929 Main St,Daphne,AL,36526,FM,MD,Y,Y,,Y
3268556440,HCP05866,,Prescriber6440,6540 Main St,Miami,FL,33136,N,PA,Y,Y,,Y
3269655043,HCP05867,,Prescriber5043,5143 Main St,La Puente,CA,91744,PD,MD,Y,Y,,Y
3269832093,HCP05868,,Prescriber2093,2193 Main St,Charleston,SC,29425,FM,NP,Y,Y,,Y
3270023571,HCP05869,,Prescriber3571,3671 Main St,Houston,TX,77030,PLM,MD,Y,Y,,Y
3270748653,HCP05870,,Prescriber8653,8753 Main St,Baton Rouge,LA,70808,PSY,PSY,Y,Y,,Y
3270882971,HCP05871,,Prescriber2971,3071 Main St,Houston,TX,77030,PD,NP,Y,Y,,Y
3270959251,HCP05872,,Prescriber9251,351 Main St,Houston,TX,77030,DBP,MD,Y,Y,,Y
3272303918,Anthony,A,Mcintyre,303 Scribner Dr Ste 100,New Albany,IN,47150,PD,MD,Y,Y,A,
3274051672,HCP05873,,Prescriber1672,1772 Main St,Atlanta,GA,30322,PD,NP,Y,Y,,Y
3274423613,Maria,B,Perry,1475 Prudential Dr,Dallas,TX,75235,P,DO,Y,N,A,
3274745042,HCP05874,,Prescriber5042,5142 Main St,Houston,TX,77030,HO,NP,Y,Y,,Y
3275005368,HCP05875,,Prescriber5368,5468 Main St,Houston,TX,77030,CHP,MD,Y,Y,,Y
3275485695,HCP05876,,Prescriber5695,5795 Main St,Avon,OH,44011,P,MD,Y,Y,,Y
3275525974,HCP05877,,Prescriber5974,6074 Main St,Houston,TX,77030,HO,MD,Y,Y,,Y
3275980610,HCP05878,,Prescriber0610,710 Main St,Brooklyn,NY,11222,GP,PA,Y,Y,,Y
3276093026,Kelsey,P,Morton,2401 Harnish Dr Ste 100,Algonquin,IL,60102,P,NP,Y,Y,B,
3277151044,HCP05879,,Prescriber1044,1144 Main St,Houston,TX,77030,GP,PVN,Y,Y,,Y
3277356164,Christine,,Miller,440 Lake Cook Rd Ste 2,Chicago,IL,60655,N,NP,Y,Y,A,
3278022960,Timothy,G,Saunders,7161 Lee Hwy Ste 400,Chattanooga,TN,37421,P,MD,Y,Y,B,
3278332158,Christopher,E,Henry,189 Outer Loop Ste 2,Louisville,KY,40214,PD,DO,Y,Y,,Y
3278493596,HCP05880,,Prescriber3596,3696 Main St,Queen Creek,AZ,85142,PD,DO,Y,Y,,Y
3279371471,HCP05881,,Prescriber1471,1571 Main St,Nashville,TN,37232,DBP,NP,Y,Y,,Y
3279571623,HCP05882,,Prescriber1623,1723 Main St,Houston,TX,77030,GP,NP,Y,Y,,Y
3279728726,Bailey,F,Marshall,30 E 60th St Rm 2403,Bronx,NY,10454,GP,PA,Y,Y,A,
3281018298,HCP05883,,Prescriber8298,8398 Main St,Chattanooga,TN,37409,GP,NP,Y,Y,,Y
3281420434,HCP05884,,Prescriber0434,534 Main St,Phoenix,AZ,85016,CHP,MD,Y,Y,,Y
3281830923,Michael,M,Martinez,4878 Oil City Rd,Wooster,OH,44691,PD,NP,Y,Y,,Y
3281955598,HCP05885,,Prescriber5598,5698 Main St,Chicago,IL,60614,EM,MD,Y,Y,,Y
3282411769,HCP05886,,Prescriber1769,1869 Main St,Houston,TX,77030,ADU,NP,Y,Y,,Y
3282661491,HCP05887,,Prescriber1491,1591 Main St,San Antonio,TX,78229,P,MD,Y,Y,,Y
3282743234,HCP05888,,Prescriber3234,3334 Main St,Nashville,TN,37232,ORS,NP,Y,Y,,Y
3283122762,HCP05889,,Prescriber2762,2862 Main St,Houston,TX,77030,IM,MD,Y,Y,,Y
3283506866,HCP05890,,Prescriber6866,6966 Main St,Miami,FL,33136,FM,NP,Y,Y,,Y
3283827119,HCP05891,,Prescriber7119,7219 Main St,Chantilly,VA,20152,IM,MD,Y,Y,,Y
3284906366,HCP05892,,Prescriber6366,6466 Main St,Orange Park,FL,32073,P,NP,Y,Y,,Y
3285567031,HCP05893,,Prescriber7031,7131 Main St,Houston,TX,77030,DEN,DDS,Y,Y,,Y
3286167675,HCP05894,,Prescriber7675,7775 Main St,Austin,TX,78741,P,MD,Y,Y,,Y
3286548930,Nicholas,A,Black PhD,1725 N University Dr Ste 350,Coral Springs,FL,33071,P,MD,Y,Y,A,
3286603627,HCP05895,,Prescriber3627,3727 Main St,Tampa,FL,33606,PD,MD,Y,Y,,Y
3287009511,HCP05896,,Prescriber9511,611 Main St,Houston,TX,77030,CD,MD,Y,Y,,Y
3288400858,HCP05897,,Prescriber0858,958 Main St,Anahuac,TX,77514,FM,MD,Y,Y,,Y
3289610135,HCP05898,,Prescriber0135,235 Main St,Huntington Station,NY,11746,PD,NP,Y,Y,,Y
3289610752,Russell,C,Villanueva,129 Sherlock Dr,Statesville,NC,28625,PD,NP,Y,Y,,Y
3291976054,HCP05899,,Prescriber6054,6154 Main St,Ann Arbor,MI,48109,FM,MD,Y,Y,,Y
3292037372,Scott,T,Rivera,1804 Miccosukee Commons Dr Ste 204,Tallahassee,FL,32308,P,DO,Y,Y,C,
3292138921,HCP05900,,Prescriber8921,9021 Main St,Nanuet,NY,10954,PD,MD,Y,Y,,Y
3292905548,HCP05901,,Prescriber5548,5648 Main St,Phoenix,AZ,85016,PMD,MD,Y,Y,,Y
3293185472,HCP05902,,Prescriber5472,5572 Main St,Houston,TX,77030,PHM,PHAR,Y,Y,,Y
3294571497,Stephanie,D,Lee,1045 Southcrest Dr Ste 110,Stockbridge,GA,30281,FM,NP,Y,Y,,Y
3294831778,HCP05903,,Prescriber1778,1878 Main St,Cincinnati,OH,45255,GP,PA,Y,Y,,Y
3295217086,HCP05904,,Prescriber7086,7186 Main St,Houston,TX,77030,DR,MD,Y,Y,,Y
3295345185,HCP05905,,Prescriber5185,5285 Main St,Madison,WV,25130,FM,DO,Y,Y,,Y
3296032303,HCP05906,,Prescriber2303,2403 Main St,Houston,TX,77030,FM,NP,Y,Y,,Y
3297069572,HCP05907,,Prescriber9572,672 Main St,Houston,TX,77030,GP,MD,Y,Y,,Y
3297716309,HCP05908,,Prescriber6309,6409 Main St,Houston,TX,77030,NEP,MD,Y,Y,,Y
3298345509,HCP05909,,Prescriber5509,5609 Main St,Houston,TX,77030,GYN,MD,Y,Y,,Y
3299417530,Kristin,N,Moore,1695 NW 110th Ave Ste 317,Miami,FL,33146,N,MD,Y,Y,A,
3299481549,HCP05910,,Prescriber1549,1649 Main St,Houston,TX,77030,PTH,MD,Y,Y,,Y
3299982806,HCP05911,,Prescriber2806,2906 Main St,Huntington,WV,25702,PD,MD,Y,Y,,Y
3300880457,Brittany,B,Hahn,7707 San Jacinto Pl Ste 300,Plano,TX,75024,P,DO,Y,Y,A,
3300896276,HCP05912,,Prescriber6276,6376 Main St,Mckinney,TX,75070,AI,PA,Y,Y,,Y
3301434437,HCP05913,,Prescriber4437,4537 Main St,Raleigh,NC,27609,PD,NP,Y,Y,,Y
3301781854,HCP05914,,Prescriber1854,1954 Main St,Asheville,NC,28803,FM,PA,Y,Y,,Y
3301906767,Sharon,D,Weeks,1370 NW 114th St Ste 109,West Des Moines,IA,50266,P,NP,Y,Y,A,
3302042182,HCP05915,,Prescriber2182,2282 Main St,Houston,TX,77030,PD,MD,Y,Y,,Y
3302253266,HCP05916,,Prescriber3266,3366 Main St,Houston,TX,77030,OBG,MD,Y,Y,,Y
3302359731,HCP05917,,Prescriber9731,831 Main St,Miami,FL,33136,ADU,NP,Y,Y,,Y
3302366486,HCP05918,,Prescriber6486,6586 Main St,Richmond,VA,23298,PD,MD,Y,Y,,Y
3302926047,Angelica,W,Tapia,25 Clark Summit Dr Ste F201,Bluffton,SC,29910,P,MD,Y,Y,C,
3303153866,HCP05919,,Prescriber3866,3966 Main St,Atlanta,GA,30322,GP,HBP,Y,Y,,Y
3303562741,Ronald,L,Nicholson,2345 Dougherty Ferry Rd,Saint Louis,MO,63122,FM,DO,Y,Y,C,
3303825246,Mercedes,Z,Pace,1620 Brigham Dr Ste 130,Perrysburg,OH,43551,AI,MD,Y,Y,,Y
3303913380,HCP05920,,Prescriber3380,3480 Main St,Portsmouth,VA,23708,P,DO,Y,Y,,Y
3304060758,HCP05921,,Prescriber0758,858 Main St,Houston,TX,77030,IM,NP,Y,Y,,Y
3304156981,HCP05922,,Prescriber6981,7081 Main St,Houston,TX,77030,FM,NP,Y,Y,,Y
3304861350,HCP05923,,Prescriber1350,1450 Main St,Houston,TX,77030,DR,MD,Y,Y,,Y
3305140091,HCP05924,,Prescriber0091,191 Main St,Houston,TX,77030,AN,DO,Y,Y,,Y
3306159011,HCP05925,,Prescriber9011,111 Main St,Omaha,NE,68198,FM,MD,Y,Y,,Y
3306481680,HCP05926,,Prescriber1680,1780 Main St,Houston,TX,77030,GER,RN,Y,Y,,Y
3306583822,Julie,N,Woods DVM,555 Sun Valley Dr Ste B1,Roswell,GA,30076,P,MD,Y,N,A,
3306717363,HCP05927,,Prescriber7363,7463 Main St,Kernersville,NC,27284,PD,PA,Y,Y,,Y
3306749837,HCP05928,,Prescriber9837,937 Main St,Naperville,IL,60563,CHP,MD,Y,Y,,Y
3306898145,HCP05929,,Prescriber8145,8245 Main St,Indianapolis,IN,46202,PD,MD,Y,Y,,Y
3307542885,April,L,Sharp,2005 SW 75th St,Gainesville,FL,32607,PD,NP,Y,Y,,Y
3307585369,HCP05930,,Prescriber5369,5469 Main St,Houston,TX,77030,PD,MD,Y,Y,,Y
3307845089,HCP05931,,Prescriber5089,5189 Main St,Houston,TX,77030,VIR,MD,Y,Y,,Y
3309087792,Raymond,R,Webb,252 Broad St Ste 2,Shrewsbury,NJ,07702,P,NP,Y,Y,B,
3309203921,HCP05932,,Prescriber3921,4021 Main St,Palm Harbor,FL,34684,P,MD,Y,Y,,Y
3309465326,HCP05933,,Prescriber5326,5426 Main St,Kingman,AZ,86401,P,NP,Y,Y,,Y
3309986133,HCP05934,,Prescriber6133,6233 Main St,Sarver,PA,16055,PD,NP,Y,Y,,Y
3310094287,HCP05935,,Prescriber4287,4387 Main St,Houston,TX,77030,OBG,MD,Y,Y,,Y
3310854151,Brandon,M,Roberts,331 E Puetz Rd,Milwaukee,WI,53226,P,NP,Y,Y,B,
3311450852,Mason,J,Dodson,4280 Sergeant Rd Ste 225,Sioux City,IA,51106,P,PA,Y,Y,B,
3311965565,HCP05936,,Prescriber5565,5665 Main St,Cincinnati,OH,45239,P,NP,Y,Y,,Y
3312234617,Patrick,A,Reeves,5635 Peachtree Pkwy Ste 140,Norcross,GA,30092,PD,NP,Y,Y,,Y
3312431482,HCP05937,,Prescriber1482,1582 Main St,Houston,TX,77030,PD,MD,Y,Y,,Y
3312814505,HCP05938,,Prescriber4505,4605 Main St,Durham,NC,27713,R,PA,Y,Y,,Y
3313184904,HCP05939,,Prescriber4904,5004 Main St,Raleigh,NC,27613,FM,MD,Y,Y,,Y
3313760439,HCP05940,,Prescriber0439,539 Main St,Oshkosh,WI,54904,PD,MD,Y,Y,,Y
3313873686,HCP05941,,Prescriber3686,3786 Main St,Houston,TX,77030,PTH,MD,Y,Y,,Y
3314590617,Allison,K,Weaver,1100 Clearwater Largo Rd N,Largo,FL,33770,P,MD,Y,Y,B,
3315189465,HCP05942,,Prescriber9465,565 Main St,Miami,FL,33136,GP,NP,Y,Y,,Y
3315202924,Amy,,Farrell,1140 N Milwaukee Ave Fl 1,Chicago,IL,60642,ADM,MD,Y,Y,C,
3315264364,Evan,A,Trevino,2810 N Parham Rd Ste 120,Richmond,VA,23294,P,NP,Y,Y,C,
3316038168,HCP05943,,Prescriber8168,8268 Main St,Cartersville,GA,30120,FM,MD,Y,Y,,Y
3317259208,HCP05944,,Prescriber9208,308 Main St,Cleveland,OH,44195,NS,DO,Y,Y,,Y
3317814249,HCP05945,,Prescriber4249,4349 Main St,Louisville,KY,40223,P,DO,Y,Y,,Y
3318483577,HCP05946,,Prescriber3577,3677 Main St,Commack,NY,11725,PD,MD,Y,Y,,Y
3319768758,HCP05947,,Prescriber8758,8858 Main St,Houston,TX,77030,DR,MD,Y,Y,,Y
3320793371,HCP05948,,Prescriber3371,3471 Main St,Moody,AL,35004,PD,MD,Y,Y,,Y
3321642362,HCP05949,,Prescriber2362,2462 Main St,Birmingham,AL,35233,FM,MD,Y,Y,,Y
3322214429,HCP05950,,Prescriber4429,4529 Main St,Charleston,SC,29425,GE,MD,Y,Y,,Y
3322347806,HCP05951,,Prescriber7806,7906 Main St,Hollywood,FL,33021,PD,MD,Y,Y,,Y
3322791521,Brandon,F,Strong,1954 Opitz Blvd Ste 7,Woodbridge,VA,22191,P,NP,Y,Y,B,
3323464928,HCP05952,,Prescriber4928,5028 Main St,Miami,FL,33136,FM,DO,Y,Y,,Y
3324263900,Bradley,,Miller,900 E Park Blvd Ste 100,Plano,TX,75074,PD,MD,Y,Y,,Y
3324495630,HCP05953,,Prescriber5630,5730 Main St,Fort Myers,FL,33919,PD,NP,Y,Y,,Y
3324531391,Shawn,,Garcia,"64-05 Yellowstone Blvd, #1",Forrest Hills,NY,11375,PD,MD,Y,Y,,Y
3324850158,HCP05954,,Prescriber0158,258 Main St,Houston,TX,77030,HOS,MD,Y,Y,,Y
3325859847,HCP05955,,Prescriber9847,947 Main St,Tallahassee,FL,32308,FM,MD,Y,Y,,Y
3325886000,HCP05956,,Prescriber6000,6100 Main St,Houston,TX,77030,PD,RN,Y,Y,,Y
3327156747,HCP05957,,Prescriber6747,6847 Main St,Thomasville,GA,31792,PD,MD,Y,Y,,Y
3328771603,HCP05958,,Prescriber1603,1703 Main St,Pineville,LA,71360,FM,NP,Y,Y,,Y
3329758130,HCP05959,,Prescriber8130,8230 Main St,Coralville,IA,52241,FM,NP,Y,Y,,Y
3330157152,HCP05960,,Prescriber7152,7252 Main St,Houston,TX,77030,IM,MD,Y,Y,,Y
3330967277,HCP05961,,Prescriber7277,7377 Main St,Saint Peters,MO,63376,PD,MD,Y,Y,,Y
3331212519,HCP05962,,Prescriber2519,2619 Main St,Nashville,TN,37232,FM,NP,Y,Y,,Y
3331244131,Andrew,M,Smith,11422 Miracle Hills Dr Ste 401,Omaha,NE,68137,P,NP,Y,Y,B,
3332651106,HCP05963,,Prescriber1106,1206 Main St,Houston,TX,77030,HOS,MD,Y,Y,,Y
3332897738,HCP05964,,Prescriber7738,7838 Main St,New Orleans,LA,70112,P,MD,Y,Y,,Y
3333317245,HCP05965,,Prescriber7245,7345 Main St,Simpsonville,SC,29681,FM,MD,Y,Y,,Y
3334032878,HCP05966,,Prescriber2878,2978 Main St,Carrboro,NC,27510,P,MD,Y,Y,,Y
3334396431,HCP05967,,Prescriber6431,6531 Main St,Houston,TX,77030,PUD,PA,Y,Y,,Y
3335096817,HCP05968,,Prescriber6817,6917 Main St,Houston,TX,77030,URPS,MD,Y,Y,,Y
3336016498,Kristen,,Moreno,13917 Gold Cir,Omaha,NE,68144,P,MD,Y,Y,C,
3337009498,HCP05969,,Prescriber9498,598 Main St,Houston,TX,77030,CD,MD,Y,Y,,Y
3337049318,HCP05970,,Prescriber9318,418 Main St,Wilmington,NC,28401,P,DO,Y,Y,,Y
3337520382,HCP05971,,Prescriber0382,482 Main St,Syosset,NY,11791,P,NP,Y,Y,,Y
3337676216,HCP05972,,Prescriber6216,6316 Main St,Simpsonville,SC,29681,FM,MD,Y,Y,,Y
3337781485,HCP05973,,Prescriber1485,1585 Main St,Cleveland,GA,30528,FM,MD,Y,Y,,Y
3338356082,HCP05974,,Prescriber6082,6182 Main St,Houston,TX,77030,GO,MD,Y,Y,,Y
3339525455,HCP05975,,Prescriber5455,5555 Main St,Miami,FL,33136,PD,MD,Y,Y,,Y
3339934990,HCP05976,,Prescriber4990,5090 Main St,Atlanta,GA,30322,P,MD,Y,Y,,Y
3340321067,HCP05977,,Prescriber1067,1167 Main St,Houston,TX,77030,AC,NP,Y,Y,,Y
3340360692,HCP05978,,Prescriber0692,792 Main St,Houston,TX,77030,GS,PA,Y,Y,,Y
3340578953,HCP05979,,Prescriber8953,9053 Main St,Houston,TX,77030,ORS,MD,Y,Y,,Y
3341133784,Evelyn,D,Barnes,3405 Midway Rd Ste 650,Plano,TX,75093,PD,DO,Y,Y,,Y
3341230258,HCP05980,,Prescriber0258,358 Main St,Miami,FL,33136,GP,PA,Y,Y,,Y
3341569790,HCP05981,,Prescriber9790,890 Main St,Houston,TX,77030,PD,PVN,Y,Y,,Y
3341846158,HCP05982,,Prescriber6158,6258 Main St,Houston,TX,77030,IM,MD,Y,Y,,Y
3342280323,HCP05983,,Prescriber0323,423 Main St,Houston,TX,77030,PEM,MD,Y,Y,,Y
3342303481,HCP05984,,Prescriber3481,3581 Main St,Houston,TX,77030,FM,MD,Y,Y,,Y
3342518918,HCP05985,,Prescriber8918,9018 Main St,Houston,TX,77030,DR,MD,Y,Y,,Y
3342644212,HCP05986,,Prescriber4212,4312 Main St,Houston,TX,77030,DR,MD,Y,Y,,Y
3342718018,HCP05987,,Prescriber8018,8118 Main St,Houston,TX,77030,DR,MD,Y,Y,,Y
3343278142,HCP05988,,Prescriber8142,8242 Main St,New York,NY,10128,P,MD,Y,Y,,Y
3343315244,HCP05989,,Prescriber5244,5344 Main St,Knoxville,TN,37934,FM,MD,Y,Y,,Y
3344404536,HCP05990,,Prescriber4536,4636 Main St,Houston,TX,77030,ON,MD,Y,Y,,Y
3346003085,HCP05991,,Prescriber3085,3185 Main St,Houston,TX,77030,GP,PA,Y,Y,,Y
3346412699,Amy,E,Christian,2528 Las Brisas Dr,Virginia Beach,VA,23456,P,NP,Y,Y,C,
3346469218,HCP05992,,Prescriber9218,318 Main St,New York,NY,10016,GP,DO,Y,Y,,Y
3347115849,HCP05993,,Prescriber5849,5949 Main St,Houston,TX,77030,GS,PA,Y,Y,,Y
3349014022,HCP05994,,Prescriber4022,4122 Main St,Houston,TX,77030,FM,MD,Y,Y,,Y
3349102594,HCP05995,,Prescriber2594,2694 Main St,Houston,TX,77030,PD,MD,Y,Y,,Y
3349236243,Patricia,,Reyes,1320 H St Apt 204,New York,NY,10065,FM,NP,Y,Y,A,
3350736395,HCP05996,,Prescriber6395,6495 Main St,Houston,TX,77030,FM,MD,Y,Y,,Y
3351615098,HCP05997,,Prescriber5098,5198 Main St,Iowa City,IA,52242,PMR,NP,Y,Y,,Y
3351689818,HCP05998,,Prescriber9818,918 Main St,Houston,TX,77030,PD,MD,Y,Y,,Y
3351732482,HCP05999,,Prescriber2482,2582 Main St,Greer,SC,29651,P,NP,Y,Y,,Y
3352022254,HCP06000,,Prescriber2254,2354 Main St,New Albany,IN,47150,PD,MD,Y,Y,,Y
3353047857,HCP06001,,Prescriber7857,7957 Main St,Houston,TX,77030,P,MD,Y,Y,,Y
3353254454,HCP06002,,Prescriber4454,4554 Main St,Hattiesburg,MS,39402,P,NP,Y,Y,,Y
3353277129,HCP06003,,Prescriber7129,7229 Main St,Houston,TX,77030,PR,DDS,Y,Y,,Y
3354299443,Mary,A,Garza,2130 Point Blvd Ste 200,Elgin,IL,60123,IM,NP,Y,Y,C,
3354325392,HCP06004,,Prescriber5392,5492 Main St,Fairfax,VA,22030,P,NP,Y,Y,,Y
3354819377,James,M,Herrera,8244 E US Hwy 36 Ste 210,Avon,IN,46123,PD,MD,Y,Y,C,
3355927248,HCP06005,,Prescriber7248,7348 Main St,College Station,TX,77845,PD,MD,Y,Y,,Y
3356793741,HCP06006,,Prescriber3741,3841 Main St,Wylie,TX,75098,PD,MD,Y,Y,,Y
3357317181,HCP06007,,Prescriber7181,7281 Main St,Houston,TX,77030,IM,MD,Y,Y,,Y
3357429349,HCP06008,,Prescriber9349,449 Main St,Houston,TX,77030,TS,MD,Y,Y,,Y
3357713637,HCP06009,,Prescriber3637,3737 Main St,Naperville,IL,60540,FM,MD,Y,Y,,Y
3358035646,HCP06010,,Prescriber5646,5746 Main St,Houston,TX,77030,CCM,NP,Y,Y,,Y
3358049523,HCP06011,,Prescriber9523,623 Main St,Memphis,TN,38119,P,NP,Y,Y,,Y
3358073655,HCP06012,,Prescriber3655,3755 Main St,Houston,TX,77030,NS,MD,Y,Y,,Y
3358810987,HCP06013,,Prescriber0987,1087 Main St,Houston,TX,77030,PD,MD,Y,Y,,Y
3359242346,Brandy,H,Moran,1962 Cherokee Rd,Alexander City,AL,35010,PD,NP,Y,Y,,Y
3359248994,HCP06014,,Prescriber8994,9094 Main St,Durham,NC,27705,PD,DO,Y,Y,,Y
3360640960,HCP06015,,Prescriber0960,1060 Main St,Houston,TX,77030,GP,PA,Y,Y,,Y
3362020084,HCP06016,,Prescriber0084,184 Main St,Little Rock,AR,72211,CHP,MD,Y,Y,,Y
3362728878,HCP06017,,Prescriber8878,8978 Main St,Marietta,GA,30067,GP,MD,Y,Y,,Y
3363345223,HCP06018,,Prescriber5223,5323 Main St,Philadelphia,PA,19104,DBP,MD,Y,Y,,Y
3363624612,HCP06019,,Prescriber4612,4712 Main St,Chelsea,MI,48118,P,MD,Y,Y,,Y
3363699790,HCP06020,,Prescriber9790,890 Main St,Houston,TX,77030,CRS,MD,Y,Y,,Y
3363790196,HCP06021,,Prescriber0196,296 Main St,Metairie,LA,70002,FM,MD,Y,Y,,Y
3363899384,HCP06022,,Prescriber9384,484 Main St,Durham,NC,27705,HOS,MD,Y,Y,,Y
3364596251,HCP06023,,Prescriber6251,6351 Main St,Joplin,MO,64804,P,MD,Y,Y,,Y
3365562649,HCP06024,,Prescriber2649,2749 Main St,Gastonia,NC,28056,FM,MD,Y,Y,,Y
3366142389,HCP06025,,Prescriber2389,2489 Main St,Greer,SC,29650,PD,MD,Y,Y,,Y
3366356399,HCP06026,,Prescriber6399,6499 Main St,Fort Worth,TX,76132,PD,MD,Y,Y,,Y
3366919268,HCP06027,,Prescriber9268,368 Main St,Greensboro,NC,27410,PD,NP,Y,Y,,Y
3367507532,HCP06028,,Prescriber7532,7632 Main St,Houston,TX,77070,P,MD,Y,Y,,Y
3367597177,HCP06029,,Prescriber7177,7277 Main St,Napa,CA,94558,P,NP,Y,Y,,Y
3368342340,HCP06030,,Prescriber2340,2440 Main St,Durham,NC,27705,NPM,NP,Y,Y,,Y
3368873592,HCP06031,,Prescriber3592,3692 Main St,Houston,TX,77030,FM,MD,Y,Y,,Y
3369480205,HCP06032,,Prescriber0205,305 Main St,Colleyville,TX,76034,FM,MD,Y,Y,,Y
3369744362,HCP06033,,Prescriber4362,4462 Main St,Richmond,VA,23298,HOS,MD,Y,Y,,Y
3370278198,HCP06034,,Prescriber8198,8298 Main St,Houston,TX,77030,IM,MD,Y,Y,,Y
3370529488,HCP06035,,Prescriber9488,588 Main St,Houston,TX,77030,FM,MD,Y,Y,,Y
3371916007,HCP06036,,Prescriber6007,6107 Main St,Saint Louis,MO,63110,GP,DO,Y,Y,,Y
3372860517,HCP06037,,Prescriber0517,617 Main St,Exton,PA,19341,P,NP,Y,Y,,Y
3374416622,HCP06038,,Prescriber6622,6722 Main St,Houston,TX,77030,PD,MD,Y,Y,,Y
3374755046,HCP06039,,Prescriber5046,5146 Main St,Cincinnati,OH,45229,CHP,APRN,Y,Y,,Y
3374810944,HCP06040,,Prescriber0944,1044 Main St,Houston,TX,77030,END,MD,Y,Y,,Y
3375416974,Devin,K,Aguilar,990 Hammond Dr Ste 525,Atlanta,GA,30328,P,MD,Y,Y,A,
3376174958,HCP06041,,Prescriber4958,5058 Main St,Houston,TX,77030,PD,MD,Y,Y,,Y
3376448547,HCP06042,,Prescriber8547,8647 Main St,Indianapolis,IN,46202,FM,MD,Y,Y,,Y
3376652809,HCP06043,,Prescriber2809,2909 Main St,Houston,TX,77030,FM,MD,Y,Y,,Y
3376894010,HCP06044,,Prescriber4010,4110 Main St,Houston,TX,77030,EM,MD,Y,Y,,Y
3377358336,HCP06045,,Prescriber8336,8436 Main St,Birmingham,AL,35233,GS,MD,Y,Y,,Y
3377377568,HCP06046,,Prescriber7568,7668 Main St,Phoenix,AZ,85050,PD,MD,Y,Y,,Y
3379346720,HCP06047,,Prescriber6720,6820 Main St,Fort Lauderdale,FL,33334,FM,DO,Y,Y,,Y
3381792183,HCP06048,,Prescriber2183,2283 Main St,Mount Pleasant,SC,29464,ADL,MD,Y,Y,,Y
3383238024,HCP06049,,Prescriber8024,8124 Main St,Augusta,GA,30905,FM,MD,Y,Y,,Y
3384218055,HCP06050,,Prescriber8055,8155 Main St,Houston,TX,77030,PD,MD,Y,Y,,Y
3384579083,HCP06051,,Prescriber9083,183 Main St,Avon,IN,46123,PD,MD,Y,Y,,Y
3385306126,HCP06052,,Prescriber6126,6226 Main St,Houston,TX,77030,PD,MD,Y,Y,,Y
3385529799,HCP06053,,Prescriber9799,899 Main St,Tavernier,FL,33070,GP,NP,Y,Y,,Y
3385542445,HCP06054,,Prescriber2445,2545 Main St,Houston,TX,77030,N,NP,Y,Y,,Y
3387313303,HCP06055,,Prescriber3303,3403 Main St,Sebastian,FL,32958,FM,MD,Y,Y,,Y
3387777211,HCP06056,,Prescriber7211,7311 Main St,Houston,TX,77030,P,NP,Y,Y,,Y
3390469669,HCP06057,,Prescriber9669,769 Main St,Minier,IL,61759,PD,NP,Y,Y,,Y
3391150351,HCP06058,,Prescriber0351,451 Main St,Iowa City,IA,52242,P,MD,Y,Y,,Y
3392080685,HCP06059,,Prescriber0685,785 Main St,Miami,FL,33136,ORS,MD,Y,Y,,Y
3392730870,HCP06060,,Prescriber0870,970 Main St,Indianapolis,IN,46202,GP,NP,Y,Y,,Y
3393254580,HCP06061,,Prescriber4580,4680 Main St,Miami,FL,33136,EM,MD,Y,Y,,Y
3394312375,HCP06062,,Prescriber2375,2475 Main St,Salisbury,NC,28147,GP,NP,Y,Y,,Y
3394892572,HCP06063,,Prescriber2572,2672 Main St,Atlanta,GA,30322,P,MD,Y,Y,,Y
3395486477,HCP06064,,Prescriber6477,6577 Main St,Houston,TX,77030,PD,MD,Y,Y,,Y
3395583675,HCP06065,,Prescriber3675,3775 Main St,Houston,TX,77030,PD,MD,Y,Y,,Y
3396610817,HCP06066,,Prescriber0817,917 Main St,Newtown,PA,18940,FM,DO,Y,Y,,Y
3396912756,Christine,D,Butler,3314 Henderson Blvd Ste 206,Tampa,FL,33606,P,DO,Y,Y,C,
3397238758,HCP06067,,Prescriber8758,8858 Main St,Houston,TX,77030,GS,NP,Y,Y,,Y
3398539312,HCP06068,,Prescriber9312,412 Main St,Atlanta,GA,30322,PD,MD,Y,Y,,Y
3401066186,Whitney,A,Davis,281 N Lyerly St Ste 100,Chattanooga,TN,37404,PD,MD,Y,Y,B,
3401317343,HCP06069,,Prescriber7343,7443 Main St,Houston,TX,77030,AN,MD,Y,Y,,Y
3401335206,HCP06070,,Prescriber5206,5306 Main St,Delmar,NY,12054,IM,MD,Y,Y,,Y
3402046123,HCP06071,,Prescriber6123,6223 Main St,Collierville,TN,38017,PD,MD,Y,Y,,Y
3402147277,HCP06072,,Prescriber7277,7377 Main St,Miami Beach,FL,33140,P,MD,Y,Y,,Y
3402596140,HCP06073,,Prescriber6140,6240 Main St,Baton Rouge,LA,70810,PD,MD,Y,Y,,Y
3405816639,HCP06074,,Prescriber6639,6739 Main St,Zanesville,OH,43701,P,NP,Y,Y,,Y
3405913629,HCP06075,,Prescriber3629,3729 Main St,Kansas City,KS,66160,EM,MD,Y,Y,,Y
3406020783,Joseph,D,Massey,719 Massachusetts St,Topeka,KS,66615,P,NP,Y,Y,B,
3406334158,HCP06076,,Prescriber4158,4258 Main St,Atlanta,GA,30322,CD,NP,Y,Y,,Y
3406398196,HCP06077,,Prescriber8196,8296 Main St,Shelbyville,KY,40065,PD,MD,Y,Y,,Y
3407191988,HCP06078,,Prescriber1988,2088 Main St,Miami,FL,33136,DEN,DDS,Y,Y,,Y
3408689011,HCP06079,,Prescriber9011,111 Main St,Huntersville,NC,28078,PD,MD,Y,Y,,Y
3408717431,HCP06080,,Prescriber7431,7531 Main St,Wilmington,NC,28403,P,PA,Y,Y,,Y
3409365714,HCP06081,,Prescriber5714,5814 Main St,Houston,TX,77030,DEN,DDS,Y,Y,,Y
3409838912,HCP06082,,Prescriber8912,9012 Main St,New York,NY,10029,GP,MD,Y,Y,,Y
3410074529,HCP06083,,Prescriber4529,4629 Main St,New York,NY,10128,P,MD,Y,Y,,Y
3410388660,HCP06084,,Prescriber8660,8760 Main St,Houston,TX,77030,AN,MD,Y,Y,,Y
3410731873,HCP06085,,Prescriber1873,1973 Main St,Greensboro,NC,27401,CHP,MD,Y,Y,,Y
3410930485,HCP06086,,Prescriber0485,585 Main St,Mason,OH,45040,GP,NP,Y,Y,,Y
3411504875,HCP06087,,Prescriber4875,4975 Main St,Shrewsbury,PA,17361,PD,NP,Y,Y,,Y
3412261701,HCP06088,,Prescriber1701,1801 Main St,Advance,NC,27006,GP,PA,Y,Y,,Y
3412390224,HCP06089,,Prescriber0224,324 Main St,Stanley,NC,28164,FM,PA,Y,Y,,Y
3413190808,HCP06090,,Prescriber0808,908 Main St,West Plains,MO,65775,P,MD,Y,Y,,Y
3413673214,HCP06091,,Prescriber3214,3314 Main St,Hollywood,FL,33021,PD,MD,Y,Y,,Y
3415172669,Karen,A,Sanchez,1804 Mineral Spring Ave,North Providence,RI,02904,P,APRN,Y,Y,B,
3415852162,HCP06092,,Prescriber2162,2262 Main St,Durham,NC,27705,OM,RN,Y,Y,,Y
3415940474,HCP06093,,Prescriber0474,574 Main St,Indianapolis,IN,46202,DEN,DDS,Y,Y,,Y
3416902271,HCP06094,,Prescriber2271,2371 Main St,Houston,TX,77030,IM,DO,Y,Y,,Y
3417115905,HCP06095,,Prescriber5905,6005 Main St,Apex,NC,27502,P,NP,Y,Y,,Y
3418781729,HCP06096,,Prescriber1729,1829 Main St,Miami,FL,33136,FM,DO,Y,Y,,Y
3418968394,HCP06097,,Prescriber8394,8494 Main St,Houston,TX,77030,FPG,MD,Y,Y,,Y
3420292074,HCP06098,,Prescriber2074,2174 Main St,Houston,TX,77030,GS,PA,Y,Y,,Y
3420420903,HCP06099,,Prescriber0903,1003 Main St,Napoleonville,LA,70390,FM,NP,Y,Y,,Y
3420832829,HCP06100,,Prescriber2829,2929 Main St,Jackson,MS,39216,P,NP,Y,Y,,Y
3422487909,HCP06101,,Prescriber7909,8009 Main St,Winterville,NC,28590,PD,MD,Y,Y,,Y
3422565430,HCP06102,,Prescriber5430,5530 Main St,Durham,NC,27705,DEN,DDS,Y,Y,,Y
3423473775,HCP06103,,Prescriber3775,3875 Main St,Miami,FL,33136,PUD,MD,Y,Y,,Y
3424203881,HCP06104,,Prescriber3881,3981 Main St,Houston,TX,77030,AI,DO,Y,Y,,Y
3424637448,HCP06105,,Prescriber7448,7548 Main St,Meridian,MS,39301,FM,MD,Y,Y,,Y
3425037689,HCP06106,,Prescriber7689,7789 Main St,Iowa City,IA,52242,P,DO,Y,Y,,Y
3425095957,HCP06107,,Prescriber5957,6057 Main St,Houston,TX,77030,P,NP,Y,Y,,Y
3425665205,HCP06108,,Prescriber5205,5305 Main St,Cleveland,OH,44195,P,DO,Y,Y,,Y
3426136667,HCP06109,,Prescriber6667,6767 Main St,Houston,TX,77030,GP,NP,Y,Y,,Y
3428328057,HCP06110,,Prescriber8057,8157 Main St,Houston,TX,77030,PD,MD,Y,Y,,Y
3428600704,HCP06111,,Prescriber0704,804 Main St,Houston,TX,77030,PD,MD,Y,Y,,Y
3428671859,HCP06112,,Prescriber1859,1959 Main St,Miami,FL,33136,SW,MHC,Y,Y,,Y
3429220354,HCP06113,,Prescriber0354,454 Main St,Houston,TX,77030,DR,MD,Y,Y,,Y
3429234069,Mrs.,J,Mackenzie Nelson,1 Randall Sq Ste 409,Providence,RI,02904,FM,NP,Y,Y,A,
3429332879,HCP06114,,Prescriber2879,2979 Main St,Staten Island,NY,10314,PD,MD,Y,Y,,Y
3429835883,HCP06115,,Prescriber5883,5983 Main St,Evansville,IN,47714,FM,MD,Y,Y,,Y
3430512000,HCP06116,,Prescriber2000,2100 Main St,Indianapolis,IN,46202,CHN,MD,Y,Y,,Y
3430885104,HCP06117,,Prescriber5104,5204 Main St,Richmond,VA,23298,N,PA,Y,Y,,Y
3431952567,Samantha,,Jones,4844 Deer Lake Dr W Ste 101,Daytona Beach,FL,32114,P,NP,Y,Y,B,
3431980925,HCP06118,,Prescriber0925,1025 Main St,Houston,TX,77030,GS,MD,Y,Y,,Y
3433207816,Matthew,E,Snyder,8700 N Kendall Dr Ste 218,Miami,FL,33176,P,MD,Y,Y,B,
3434182429,HCP06119,,Prescriber2429,2529 Main St,Louisville,KY,40202,WH,NP,Y,Y,,Y
3434413216,HCP06120,,Prescriber3216,3316 Main St,Owensboro,KY,42303,FM,MD,Y,Y,,Y
3434881500,HCP06121,,Prescriber1500,1600 Main St,Houston,TX,77030,GS,DO,Y,Y,,Y
3434970429,Jenny,K,Anderson,3660 Rome Dr,Lafayette,IN,47905,P,MD,Y,Y,C,
3434994270,HCP06122,,Prescriber4270,4370 Main St,Houston,TX,77030,DEN,DDS,Y,Y,,Y
3435284128,HCP06123,,Prescriber4128,4228 Main St,Baton Rouge,LA,70809,IM,MD,Y,Y,,Y
3435495268,HCP06124,,Prescriber5268,5368 Main St,Virginia Beach,VA,23454,GP,MD,Y,Y,,Y
3435672573,HCP06125,,Prescriber2573,2673 Main St,Augusta,GA,30906,IM,MD,Y,Y,,Y
3435936915,HCP06126,,Prescriber6915,7015 Main St,Houston,TX,77030,FM,MD,Y,Y,,Y
3436216885,HCP06127,,Prescriber6885,6985 Main St,Kansas City,KS,66160,PD,DO,Y,Y,,Y
3436675291,HCP06128,,Prescriber5291,5391 Main St,Los Angeles,CA,90095,PD,MD,Y,Y,,Y
3437037363,HCP06129,,Prescriber7363,7463 Main St,Foley,AL,36535,FM,MD,Y,Y,,Y
3438288762,HCP06130,,Prescriber8762,8862 Main St,Houston,TX,77030,CD,MD,Y,Y,,Y
3438621192,HCP06131,,Prescriber1192,1292 Main St,Miami,FL,33136,P,NP,Y,Y,,Y
3438970308,HCP06132,,Prescriber0308,408 Main St,Asheboro,NC,27203,FM,MD,Y,Y,,Y
3439002635,HCP06133,,Prescriber2635,2735 Main St,Houston,TX,77030,PD,MD,Y,Y,,Y
3439612857,HCP06134,,Prescriber2857,2957 Main St,Phoenix,AZ,85016,P,MD,Y,Y,,Y
3440005259,HCP06135,,Prescriber5259,5359 Main St,Denison,TX,75020,PD,MD,Y,Y,,Y
3440487740,HCP06136,,Prescriber7740,7840 Main St,Cleveland,OH,44195,N,NP,Y,Y,,Y
3441967332,HCP06137,,Prescriber7332,7432 Main St,Austell,GA,30106,PD,MD,Y,Y,,Y
3442524734,HCP06138,,Prescriber4734,4834 Main St,Saint Louis,MO,63110,FM,NP,Y,Y,,Y
3442770021,HCP06139,,Prescriber0021,121 Main St,Houston,TX,77030,FM,NP,Y,Y,,Y
3443534404,HCP06140,,Prescriber4404,4504 Main St,Durham,NC,27705,PD,MD,Y,Y,,Y
3443748935,HCP06141,,Prescriber8935,9035 Main St,Houston,TX,77030,POD,DPM,Y,Y,,Y
3443940039,Valerie,M,Gates,56 Sugar Creek Center Blvd Ste 350,Sugar Land,TX,77478,P,MD,Y,N,A,
3444036172,Patricia,L,Hill,701 N Goddard Rd Ste A,Haysville,KS,67060,FM,NP,Y,Y,A,
3445326684,HCP06142,,Prescriber6684,6784 Main St,Houston,TX,77030,CD,PA,Y,Y,,Y
3445347181,HCP06143,,Prescriber7181,7281 Main St,Richmond,VA,23226,FM,MD,Y,Y,,Y
3445417840,HCP06144,,Prescriber7840,7940 Main St,York,PA,17408,P,NP,Y,Y,,Y
3446264549,HCP06145,,Prescriber4549,4649 Main St,Daytona Beach,FL,32119,P,MD,Y,Y,,Y
3447247802,HCP06146,,Prescriber7802,7902 Main St,Houston,TX,77030,AN,MD,Y,Y,,Y
3447756380,HCP06147,,Prescriber6380,6480 Main St,Dublin,OH,43017,P,MD,Y,Y,,Y
3447770879,HCP06148,,Prescriber0879,979 Main St,Spartanburg,SC,29307,FM,MD,Y,Y,,Y
3448997248,HCP06149,,Prescriber7248,7348 Main St,Raleigh,NC,27607,ADL,MD,Y,Y,,Y
3449224806,HCP06150,,Prescriber4806,4906 Main St,Phoenix,AZ,85016,P,NP,Y,Y,,Y
3449269390,HCP06151,,Prescriber9390,490 Main St,Kansas City,KS,66160,P,NP,Y,Y,,Y
3450259734,HCP06152,,Prescriber9734,834 Main St,Simpsonville,SC,29681,FM,MD,Y,Y,,Y
3450524521,HCP06153,,Prescriber4521,4621 Main St,Houston,TX,77030,PD,MD,Y,Y,,Y
3451285296,HCP06154,,Prescriber5296,5396 Main St,Houston,TX,77030,FM,MD,Y,Y,,Y
3451807005,HCP06155,,Prescriber7005,7105 Main St,Wallace,NC,28466,PD,NP,Y,Y,,Y
3452265761,HCP06156,,Prescriber5761,5861 Main St,Denver,CO,80227,FM,PA,Y,Y,,Y
3452557191,HCP06157,,Prescriber7191,7291 Main St,Gilbert,AZ,85234,P,NP,Y,Y,,Y
3452759095,HCP06158,,Prescriber9095,195 Main St,Houston,TX,77030,GP,NP,Y,Y,,Y
3452918852,Mark,R,Rogers,1115 Professional Ln,Mount Pleasant,SC,29466,PD,MD,Y,Y,C,
3453465784,HCP06159,,Prescriber5784,5884 Main St,Myrtle Beach,SC,29577,FSM,MD,Y,Y,,Y
3453725702,HCP06160,,Prescriber5702,5802 Main St,Houston,TX,77030,DEN,DDS,Y,Y,,Y
3453890628,Sue,S,Parker,766 Shrewsbury Ave Ste 400,Tinton Falls,NJ,07724,PD,MD,Y,Y,A,
3453975158,Cody,P,Torres MD,19 Coach Lee Hill Blvd,Statesboro,GA,30458,P,DO,Y,Y,C,
3454067331,HCP06161,,Prescriber7331,7431 Main St,Erie,PA,16509,CHP,DO,Y,Y,,Y
3454398495,Terry,R,Villarreal,800 N Carriage Pkwy,Wichita,KS,67208,FM,MD,Y,Y,B,
3455188022,HCP06162,,Prescriber8022,8122 Main St,Houston,TX,77030,OBG,MD,Y,Y,,Y
3455785710,Jennifer,H,Jackson,5189 W Woodmill Dr Ste 30A,Wilmington,DE,19808,P,MD,Y,Y,B,
3456810161,Angela,M,Mckenzie,12525 Perkins Rd Ste C,Baton Rouge,LA,70810,PD,MD,Y,Y,,
3457013898,Luis,J,Fields,16244 S Military Trl Ste 130,Delray Beach,FL,33484,P,NP,Y,Y,B,
3457226156,HCP06163,,Prescriber6156,6256 Main St,Scott,LA,70583,P,NP,Y,Y,,Y
3457289971,HCP06164,,Prescriber9971,1071 Main St,Houston,TX,77030,PD,PVN,Y,Y,,Y
3457414185,HCP06165,,Prescriber4185,4285 Main St,Portage,IN,46368,FM,DO,Y,Y,,Y
3458491324,HCP06166,,Prescriber1324,1424 Main St,Ormond Beach,FL,32174,FM,DO,Y,Y,,Y
3459183466,HCP06167,,Prescriber3466,3566 Main St,Louisville,KY,40212,GP,PA,Y,Y,,Y
3459223538,Monica,D,Nelson,8104 Seaton Pl,Montgomery,AL,36117,PD,MD,Y,Y,A,
3459332312,Susan,M,Willis,902 Frostwood Dr Ste 210,Houston,TX,77024,CHN,PA,Y,Y,,Y
3459531354,HCP06168,,Prescriber1354,1454 Main St,Houston,TX,77030,PD,MD,Y,Y,,Y
3460034090,HCP06169,,Prescriber4090,4190 Main St,Houston,TX,77030,PD,NP,Y,Y,,Y
3461933002,HCP06170,,Prescriber3002,3102 Main St,Sugar Land,TX,77478,FM,MD,Y,Y,,Y
3462842348,HCP06171,,Prescriber2348,2448 Main St,New York,NY,10032,CHN,MD,Y,Y,,Y
3464045377,HCP06172,,Prescriber5377,5477 Main St,Houston,TX,77030,DR,MD,Y,Y,,Y
3465383458,Samuel,E,Alexander,2327 Lime Kiln Ln,Louisville,KY,40222,P,NP,Y,Y,A,
3465712114,HCP06173,,Prescriber2114,2214 Main St,Cincinnati,OH,45241,PD,NP,Y,Y,,Y
3466134295,Scott,Y,Charles PhD,177 Summit Ave,Hackensack,NJ,07601,PD,MD,Y,Y,,Y
3466398982,HCP06174,,Prescriber8982,9082 Main St,Ann Arbor,MI,48109,GP,PA,Y,Y,,Y
3466456643,HCP06175,,Prescriber6643,6743 Main St,Miami,FL,33136,FM,DO,Y,Y,,Y
3467335551,HCP06176,,Prescriber5551,5651 Main St,Houston,TX,77030,P,MD,Y,Y,,Y
3467693335,HCP06177,,Prescriber3335,3435 Main St,Florence,SC,29506,FM,MD,Y,Y,,Y
3468356177,HCP06178,,Prescriber6177,6277 Main St,Houston,TX,77030,NPM,NP,Y,Y,,Y
3468453639,HCP06179,,Prescriber3639,3739 Main St,Indianapolis,IN,46208,P,NP,Y,Y,,Y
3468618310,HCP06180,,Prescriber8310,8410 Main St,Houston,TX,77030,FM,NP,Y,Y,,Y
3468702662,HCP06181,,Prescriber2662,2762 Main St,Birmingham,AL,35233,GP,MD,Y,Y,,Y
3468949379,Tammie,J,Simmons,2540 Windy Hill Rd SE,Marietta,GA,30067,P,MD,Y,Y,B,
3469221566,HCP06182,,Prescriber1566,1666 Main St,Houston,TX,77030,EM,MD,Y,Y,,Y
3469666348,HCP06183,,Prescriber6348,6448 Main St,Troy,MI,48083,P,MD,Y,Y,,Y
3469867506,HCP06184,,Prescriber7506,7606 Main St,Miami,FL,33136,ADU,NP,Y,Y,,Y
3469898080,Courtney,S,Long,140 Saint Julian Pl,North Augusta,SC,29860,PD,PA,Y,Y,,Y
3470105680,HCP06185,,Prescriber5680,5780 Main St,Houston,TX,77030,END,MD,Y,Y,,Y
3470538651,HCP06186,,Prescriber8651,8751 Main St,Houston,TX,77030,GER,NP,Y,Y,,Y
3471726047,HCP06187,,Prescriber6047,6147 Main St,Pooler,GA,31322,FM,DO,Y,Y,,Y
3472202426,HCP06188,,Prescriber2426,2526 Main St,Indianapolis,IN,46202,OTO,MD,Y,Y,,Y
3473409015,HCP06189,,Prescriber9015,115 Main St,Charleston,SC,29425,EM,MD,Y,Y,,Y
3473552981,HCP06190,,Prescriber2981,3081 Main St,Bridge City,TX,77611,FM,DO,Y,Y,,Y
3473719415,HCP06191,,Prescriber9415,515 Main St,Houston,TX,77030,GP,NP,Y,Y,,Y
3474079139,HCP06192,,Prescriber9139,239 Main St,Richmond,VA,23298,P,NP,Y,Y,,Y
3474535674,HCP06193,,Prescriber5674,5774 Main St,Houston,TX,77030,PM,MD,Y,Y,,Y
3475029477,HCP06194,,Prescriber9477,577 Main St,Nixa,MO,65714,FM,MD,Y,Y,,Y
3475048807,Michael,D,Fitzpatrick,17115 Red Oak Dr Ste 109,Houston,TX,77090,P,MD,Y,Y,C,
3475074419,HCP06195,,Prescriber4419,4519 Main St,Cleveland,OH,44195,DEN,DMD,Y,Y,,Y
3475732427,HCP06196,,Prescriber2427,2527 Main St,Oceanside,NY,11572,PD,MD,Y,Y,,Y
3476306355,HCP06197,,Prescriber6355,6455 Main St,Houston,TX,77030,GP,PA,Y,Y,,Y
3476309991,HCP06198,,Prescriber9991,1091 Main St,Southlake,TX,76092,P,MD,Y,Y,,Y
3476723347,HCP06199,,Prescriber3347,3447 Main St,Frisco,TX,75034,P,MD,Y,Y,,Y
3476815603,Jason,D,Bradley,7170 Preston Rd Ste 200,Greenville,TX,75401,P,MD,Y,Y,A,
3477434719,HCP06200,,Prescriber4719,4819 Main St,Atlanta,GA,30322,PD,NP,Y,Y,,Y
3478436545,HCP06201,,Prescriber6545,6645 Main St,Charleston,SC,29425,EM,NP,Y,Y,,Y
3478759521,HCP06202,,Prescriber9521,621 Main St,Houston,TX,77030,PD,MD,Y,Y,,Y
3478840037,HCP06203,,Prescriber0037,137 Main St,Houston,TX,77030,FM,RN,Y,Y,,Y
3482309701,HCP06204,,Prescriber9701,801 Main St,Houston,TX,77030,FM,NP,Y,Y,,Y
3482430147,HCP06205,,Prescriber0147,247 Main St,Huntersville,NC,28078,FM,NP,Y,Y,,Y
3483796923,HCP06206,,Prescriber6923,7023 Main St,Houston,TX,77030,GP,PA,Y,Y,,Y
3483850611,HCP06207,,Prescriber0611,711 Main St,Wilmington,DE,19805,P,NP,Y,Y,,Y
3483965087,HCP06208,,Prescriber5087,5187 Main St,Northbrook,IL,60062,P,MD,Y,Y,,Y
3484181794,HCP06209,,Prescriber1794,1894 Main St,Louisville,KY,40202,FM,NP,Y,Y,,Y
3484378809,HCP06210,,Prescriber8809,8909 Main St,Houston,TX,77030,CD,MD,Y,Y,,Y
3484751967,HCP06211,,Prescriber1967,2067 Main St,Houston,TX,77030,AN,MD,Y,Y,,Y
3485259124,HCP06212,,Prescriber9124,224 Main St,Houston,TX,77030,PD,MD,Y,Y,,Y
3485650936,HCP06213,,Prescriber0936,1036 Main St,Houston,TX,77030,FM,PA,Y,Y,,Y
3488250070,HCP06214,,Prescriber0070,170 Main St,Indianapolis,IN,46202,ORS,MD,Y,Y,,Y
3488256089,Jeffrey,C,Walters,4171 Marietta St Ste 200B,Powder Springs,GA,30127,P,MD,Y,Y,C,
3488499093,HCP06215,,Prescriber9093,193 Main St,Madison,AL,35758,P,MD,Y,Y,,Y
3489182633,HCP06216,,Prescriber2633,2733 Main St,Houston,TX,77030,OPH,MD,Y,Y,,Y
3489387853,HCP06217,,Prescriber7853,7953 Main St,Dade City,FL,33523,CHP,MD,Y,Y,,Y
3489446738,HCP06218,,Prescriber6738,6838 Main St,Sugar Land,TX,77478,P,MD,Y,Y,,Y
3489797762,HCP06219,,Prescriber7762,7862 Main St,Cleveland,OH,44106,P,NP,Y,Y,,Y
3492629363,HCP06220,,Prescriber9363,463 Main St,Houston,TX,77030,GS,NP,Y,Y,,Y
3492976869,HCP06221,,Prescriber6869,6969 Main St,Durham,NC,27713,PYG,PA,Y,Y,,Y
3494136419,HCP06222,,Prescriber6419,6519 Main St,Brooklyn,NY,11229,ADU,NP,Y,Y,,Y
3494657874,HCP06223,,Prescriber7874,7974 Main St,Tallahassee,FL,32308,FM,MD,Y,Y,,Y
3494714251,HCP06224,,Prescriber4251,4351 Main St,Brooklyn,NY,11206,P,MD,Y,Y,,Y
3495270821,HCP06225,,Prescriber0821,921 Main St,Houston,TX,77030,P,NP,Y,Y,,Y
3495346668,HCP06226,,Prescriber6668,6768 Main St,Houston,TX,77030,GP,PA,Y,Y,,Y
3495381641,HCP06227,,Prescriber1641,1741 Main St,Tampa,FL,33606,PD,MD,Y,Y,,Y
3496249909,HCP06228,,Prescriber9909,1009 Main St,Greenfield,IN,46140,AC,NP,Y,Y,,Y
3496573329,HCP06229,,Prescriber3329,3429 Main St,Atlanta,GA,30322,P,MD,Y,Y,,Y
3497397501,HCP06230,,Prescriber7501,7601 Main St,Wilmington,NC,28412,FM,MD,Y,Y,,Y
3498027007,HCP06231,,Prescriber7007,7107 Main St,Wexford,PA,15090,CHP,MD,Y,Y,,Y
3498123097,HCP06232,,Prescriber3097,3197 Main St,Ville Platte,LA,70586,FM,NP,Y,Y,,Y
3498273530,HCP06233,,Prescriber3530,3630 Main St,Houston,TX,77030,IM,MD,Y,Y,,Y
3498433495,HCP06234,,Prescriber3495,3595 Main St,Lake City,FL,32025,PD,MD,Y,Y,,Y
3499211264,HCP06235,,Prescriber1264,1364 Main St,Houston,TX,77030,PD,MD,Y,Y,,Y
3499253309,HCP06236,,Prescriber3309,3409 Main St,York,PA,17408,FM,NP,Y,Y,,Y
3499259917,HCP06237,,Prescriber9917,1017 Main St,Louisville,KY,40202,PD,MD,Y,Y,,Y
3499341886,HCP06238,,Prescriber1886,1986 Main St,Houston,TX,77030,PD,MD,Y,Y,,Y
3499604765,HCP06239,,Prescriber4765,4865 Main St,Houston,TX,77030,GP,PA,Y,Y,,Y
3499622891,HCP06240,,Prescriber2891,2991 Main St,Memphis,TN,38120,CHN,NP,Y,Y,,Y
3499676557,HCP06241,,Prescriber6557,6657 Main St,Wylie,TX,75098,PD,MD,Y,Y,,Y
3500096870,HCP06242,,Prescriber6870,6970 Main St,Hurst,TX,76054,PD,DO,Y,Y,,Y
3500324917,Chad,J,Henry,2705 N Lebanon St Ste 415,Lebanon,IN,46052,PD,MD,Y,Y,C,
3500431317,HCP06243,,Prescriber1317,1417 Main St,Baltimore,MD,21287,FM,NP,Y,Y,,Y
3500992290,Kenneth,D,Farmer,411 E Parkwood Ave,Friendswood,TX,77546,PD,MD,Y,Y,,Y
3501152587,HCP06244,,Prescriber2587,2687 Main St,Houston,TX,77030,EM,DO,Y,Y,,Y
3503648222,HCP06245,,Prescriber8222,8322 Main St,Midlothian,VA,23114,FM,MD,Y,Y,,Y
3504158687,HCP06246,,Prescriber8687,8787 Main St,Atlanta,GA,30342,IM,MD,Y,Y,,Y
3504290075,HCP06247,,Prescriber0075,175 Main St,Pilot Mountain,NC,27041,FM,MD,Y,Y,,Y
3504917058,Becky,A,Lane,3330 Erie Ave Ste 11,Cincinnati,OH,45208,PD,MD,Y,Y,B,
3506015167,HCP06248,,Prescriber5167,5267 Main St,Houston,TX,77030,PD,MD,Y,Y,,Y
3506769560,Jennifer,M,Hicks,300 Centerville Rd Ste 101,Warwick,RI,02886,P,APRN,Y,Y,A,
3506932205,David,L,Wood,2200 Pump Rd Ste 100,Richmond,VA,23233,FM,PA,Y,Y,C,
3507059681,HCP06249,,Prescriber9681,781 Main St,Houston,TX,77030,PS,MD,Y,Y,,Y
3507134493,HCP06250,,Prescriber4493,4593 Main St,Houston,TX,77030,IM,MD,Y,Y,,Y
3507388115,HCP06251,,Prescriber8115,8215 Main St,Simpsonville,SC,29680,PD,MD,Y,Y,,Y
3507509582,HCP06252,,Prescriber9582,682 Main St,Petal,MS,39465,PD,NP,Y,Y,,Y
3508001041,HCP06253,,Prescriber1041,1141 Main St,Houston,TX,77030,ADU,NP,Y,Y,,Y
3508426753,HCP06254,,Prescriber6753,6853 Main St,Walterboro,SC,29488,PD,NP,Y,Y,,Y
3509061192,HCP06255,,Prescriber1192,1292 Main St,Houston,TX,77030,ON,PA,Y,Y,,Y
3509587567,Amanda,S,Nicholson,104 Bluff Chase,Bonaire,GA,31005,PD,MD,Y,Y,,Y
3509785698,Christopher,,Harrell,2211 E Broadway Ave,Maryville,TN,37804,P,NP,Y,Y,A,
3510258778,HCP06256,,Prescriber8778,8878 Main St,Apex,NC,27502,P,NP,Y,Y,,Y
3510281238,HCP06257,,Prescriber1238,1338 Main St,Rocky Mount,NC,27804,GP,PA,Y,Y,,Y
3510609718,HCP06258,,Prescriber9718,818 Main St,Waco,TX,76707,FM,MD,Y,Y,,Y
3510686697,HCP06259,,Prescriber6697,6797 Main St,Houston,TX,77030,R,MD,Y,Y,,Y
3510809992,HCP06260,,Prescriber9992,1092 Main St,Houston,TX,77030,FM,NP,Y,Y,,Y
3512342903,HCP06261,,Prescriber2903,3003 Main St,Atlanta,GA,30322,D,MD,Y,Y,,Y
3512824526,HCP06262,,Prescriber4526,4626 Main St,Morristown,TN,37814,PD,MD,Y,Y,,Y
3513935216,HCP06263,,Prescriber5216,5316 Main St,Miami,FL,33136,SW,PA,Y,Y,,Y
3514268022,HCP06264,,Prescriber8022,8122 Main St,Houston,TX,77030,PD,MD,Y,Y,,Y
3514361871,Douglas,B,Ray,10273 Gould Dr,Saint Francisville,LA,70775,PD,MD,Y,Y,,
3514423438,HCP06265,,Prescriber3438,3538 Main St,Beachwood,OH,44122,P,NP,Y,Y,,Y
3514803532,HCP06266,,Prescriber3532,3632 Main St,Baltimore,MD,21287,N,NP,Y,Y,,Y
3515267514,HCP06267,,Prescriber7514,7614 Main St,New York,NY,10065,GP,MD,Y,Y,,Y
3515719993,HCP06268,,Prescriber9993,1093 Main St,Fort Lauderdale,FL,33317,P,MD,Y,Y,,Y
3516245523,HCP06269,,Prescriber5523,5623 Main St,Omaha,NE,68198,FM,NP,Y,Y,,Y
3516874848,Jonathon,D,Williams,202 Leesville St,Fairmont,NC,28340,FM,NP,Y,Y,,Y
3517029042,Kevin,R,Meyers,2 W 46th St Ste 1008,New York,NY,10036,P,MD,Y,Y,C,
3517492694,HCP06270,,Prescriber2694,2794 Main St,Houston,TX,77030,EM,DO,Y,Y,,Y
3518090713,HCP06271,,Prescriber0713,813 Main St,Houston,TX,77030,IM,MD,Y,Y,,Y
3518489023,HCP06272,,Prescriber9023,123 Main St,Houston,TX,77030,EM,MD,Y,Y,,Y
3518536277,HCP06273,,Prescriber6277,6377 Main St,Houston,TX,77030,GP,PA,Y,Y,,Y
3519468803,HCP06274,,Prescriber8803,8903 Main St,Houston,TX,77030,FM,NP,Y,Y,,Y
3521269634,HCP06275,,Prescriber9634,734 Main St,Jamestown,OH,45335,PD,NP,Y,Y,,Y
3521684547,HCP06276,,Prescriber4547,4647 Main St,Jacksonville,FL,32217,PD,MD,Y,Y,,Y
3521736950,HCP06277,,Prescriber6950,7050 Main St,Fairfax,VA,22030,P,MD,Y,Y,,Y
3521771402,Derrick,M,Gibson,30 S Valley Rd Ste 101,Paoli,PA,19301,GP,NP,Y,Y,B,
3521859420,HCP06278,,Prescriber9420,520 Main St,Kernersville,NC,27284,GP,NP,Y,Y,,Y
3522579374,HCP06279,,Prescriber9374,474 Main St,Orange City,FL,32763,PD,MD,Y,Y,,Y
3522809037,HCP06280,,Prescriber9037,137 Main St,Newport Beach,CA,92660,P,MD,Y,Y,,Y
3523261224,HCP06281,,Prescriber1224,1324 Main St,Fort Lauderdale,FL,33319,P,NP,Y,Y,,Y
3523982862,HCP06282,,Prescriber2862,2962 Main St,Houston,TX,77030,DEN,DDS,Y,Y,,Y
3525092877,HCP06283,,Prescriber2877,2977 Main St,Houston,TX,77030,PD,MD,Y,Y,,Y
3525425170,Daniel,V,Davenport,4480 51st St W,Sarasota,FL,34233,FM,MD,Y,Y,A,
3526648924,HCP06284,,Prescriber8924,9024 Main St,Louisville,KY,40202,CHP,NP,Y,Y,,Y
3527726815,HCP06285,,Prescriber6815,6915 Main St,Cincinnati,OH,45242,PD,MD,Y,Y,,Y
3527788524,HCP06286,,Prescriber8524,8624 Main St,Pearland,TX,77581,PD,MD,Y,Y,,Y
3527895310,Yvonne,R,Holland,4845 Veterans Memorial Blvd,Metairie,LA,70006,P,MD,Y,Y,,
3528464502,Phillip,M,Nelson,150 S Warner Rd Unit 130,Devon,PA,19333,P,NP,Y,Y,B,
3528573126,HCP06287,,Prescriber3126,3226 Main St,Philadelphia,PA,19104,GS,DO,Y,Y,,Y
3528598026,HCP06288,,Prescriber8026,8126 Main St,Bridgeport,WV,26330,FM,MD,Y,Y,,Y
3528828336,HCP06289,,Prescriber8336,8436 Main St,Saint Johns,FL,32259,PD,MD,Y,Y,,Y
3529322818,HCP06290,,Prescriber2818,2918 Main St,Plano,TX,75023,FM,DO,Y,Y,,Y
3529883314,HCP06291,,Prescriber3314,3414 Main St,Chicago,IL,60622,FM,MD,Y,Y,,Y
3530460183,HCP06292,,Prescriber0183,283 Main St,Cincinnati,OH,45230,PD,MD,Y,Y,,Y
3531690335,HCP06293,,Prescriber0335,435 Main St,Charleston,SC,29425,OPT,OD,Y,Y,,Y
3532372696,HCP06294,,Prescriber2696,2796 Main St,West Des Moines,IA,50266,PD,DO,Y,Y,,Y
3532434397,Jennifer,J,Perry,506 Lakeside Park,Southampton,PA,18966,P,NP,Y,Y,C,
3532453115,HCP06295,,Prescriber3115,3215 Main St,Chicago,IL,60612,IM,MD,Y,Y,,Y
3532688522,HCP06296,,Prescriber8522,8622 Main St,Pelham,AL,35124,CHP,MD,Y,Y,,Y
3532804938,HCP06297,,Prescriber4938,5038 Main St,Miami,FL,33136,PM,MD,Y,Y,,Y
3533988214,HCP06298,,Prescriber8214,8314 Main St,Houston,TX,77030,P,NP,Y,Y,,Y
3534278287,HCP06299,,Prescriber8287,8387 Main St,Bethel Park,PA,15102,FM,NP,Y,Y,,Y
3535088449,HCP06300,,Prescriber8449,8549 Main St,Columbia,MD,21045,ADL,MD,Y,Y,,Y
3535875008,Benjamin,L,Willis,1626 Cranium Dr Ste 103,Rock Hill,SC,29732,GP,NP,Y,Y,,Y
3537040126,HCP06301,,Prescriber0126,226 Main St,Miami,FL,33136,U,MD,Y,Y,,Y
3537921041,HCP06302,,Prescriber1041,1141 Main St,Spring Hill,TN,37174,FM,NP,Y,Y,,Y
3538045757,Andrea,K,Torres,100 Brevco Plz Ste 101,Lake St Louis,MO,63367,PD,MD,Y,Y,B,
3538297878,HCP06303,,Prescriber7878,7978 Main St,Los Angeles,CA,90048,IM,MD,Y,Y,,Y
3539261378,HCP06304,,Prescriber1378,1478 Main St,Cumming,GA,30040,PD,MD,Y,Y,,Y
3539322442,HCP06305,,Prescriber2442,2542 Main St,Des Moines,IA,50309,GP,PA,Y,Y,,Y
3539871196,Michael,M,Lee,820 Delta Ave,Cincinnati,OH,45226,CHP,MD,Y,Y,C,
3540563141,HCP06306,,Prescriber3141,3241 Main St,Houston,TX,77030,P,MD,Y,Y,,Y
3541312877,HCP06307,,Prescriber2877,2977 Main St,Kansas City,KS,66109,FM,NP,Y,Y,,Y
3541373312,HCP06308,,Prescriber3312,3412 Main St,Waxhaw,NC,28173,GP,PA,Y,Y,,Y
3541973148,HCP06309,,Prescriber3148,3248 Main St,Louisville,KY,40202,WH,NP,Y,Y,,Y
3542325523,Jennifer,C,Richardson,4848 E Cactus Rd Ste 940,Scottsdale,AZ,85254,DBP,MD,Y,Y,C,
3542553593,HCP06310,,Prescriber3593,3693 Main St,Durham,NC,27705,DEN,DDS,Y,Y,,Y
3543190589,Eric,E,Gregory,5710 Oleander Dr Ste 200,Wilmington,NC,28403,PD,MD,Y,Y,,Y
3543698551,Kevin,M,Bonilla,401 Valley Ave,Birmingham,AL,35209,PUD,NP,Y,Y,,Y
3544380130,HCP06311,,Prescriber0130,230 Main St,Cedarburg,WI,53012,FM,MD,Y,Y,,Y
3544662024,HCP06312,,Prescriber2024,2124 Main St,Durham,NC,27705,CCM,NP,Y,Y,,Y
3547288070,HCP06313,,Prescriber8070,8170 Main St,Houston,TX,77030,CD,MD,Y,Y,,Y
3548161322,HCP06314,,Prescriber1322,1422 Main St,Pompano Beach,FL,33069,P,NP,Y,Y,,Y
3548696725,HCP06315,,Prescriber6725,6825 Main St,Chicago,IL,60612,IM,SLP,Y,Y,,Y
3548849321,HCP06316,,Prescriber9321,421 Main St,Hattiesburg,MS,39402,FM,MD,Y,Y,,Y
3549772662,HCP06317,,Prescriber2662,2762 Main St,Houston,TX,77030,PHO,MD,Y,Y,,Y
3549989630,HCP06318,,Prescriber9630,730 Main St,Powell,OH,43065,PD,DO,Y,Y,,Y
3550010626,HCP06319,,Prescriber0626,726 Main St,Gadsden,AL,35907,FM,MD,Y,Y,,Y
3550150646,HCP06320,,Prescriber0646,746 Main St,Houston,TX,77030,GP,NP,Y,Y,,Y
3550519755,HCP06321,,Prescriber9755,855 Main St,Charleston,SC,29425,IM,MD,Y,Y,,Y
3550603909,HCP06322,,Prescriber3909,4009 Main St,Houston,TX,77030,AI,NP,Y,Y,,Y
3550824552,HCP06323,,Prescriber4552,4652 Main St,Wellington,FL,33414,PD,MD,Y,Y,,Y
3551690222,HCP06324,,Prescriber0222,322 Main St,Houston,TX,77030,PD,NP,Y,Y,,Y
3551852619,Terry,R,Williams,641 Hill Rd N Ste A,Columbus,OH,43201,FM,NP,Y,Y,B,
3551875762,HCP06325,,Prescriber5762,5862 Main St,Birmingham,AL,35226,PYG,MD,Y,Y,,Y
3552061197,HCP06326,,Prescriber1197,1297 Main St,Phoenix,AZ,85016,POD,DPM,Y,Y,,Y
3552430698,HCP06327,,Prescriber0698,798 Main St,Richmond,VA,23298,GP,PA,Y,Y,,Y
3552477899,HCP06328,,Prescriber7899,7999 Main St,Houston,TX,77036,FPG,MD,Y,Y,,Y
3554791998,HCP06329,,Prescriber1998,2098 Main St,Houston,TX,77030,PUD,MD,Y,Y,,Y
3555011102,HCP06330,,Prescriber1102,1202 Main St,Daytona Beach,FL,32117,P,MD,Y,Y,,Y
3555128696,HCP06331,,Prescriber8696,8796 Main St,Louisville,KY,40207,IM,MD,Y,Y,,Y
3556295077,HCP06332,,Prescriber5077,5177 Main St,Charlotte,NC,28210,FM,MD,Y,Y,,Y
3556396099,HCP06333,,Prescriber6099,6199 Main St,Houston,TX,77030,IM,DO,Y,Y,,Y
3556475971,HCP06334,,Prescriber5971,6071 Main St,Houston,TX,77030,FM,NP,Y,Y,,Y
3556584129,HCP06335,,Prescriber4129,4229 Main St,Houston,TX,77030,ORS,PA,Y,Y,,Y
3556723174,HCP06336,,Prescriber3174,3274 Main St,Queenstown,MD,21658,FM,MD,Y,Y,,Y
3557353932,HCP06337,,Prescriber3932,4032 Main St,Mc Gregor,TX,76657,FM,MD,Y,Y,,Y
3557462194,HCP06338,,Prescriber2194,2294 Main St,Houston,TX,77030,PHO,MD,Y,Y,,Y
3558403932,HCP06339,,Prescriber3932,4032 Main St,Houston,TX,77030,OBG,MD,Y,Y,,Y
3558608452,HCP06340,,Prescriber8452,8552 Main St,Tallahassee,FL,32308,P,NP,Y,Y,,Y
3558662043,HCP06341,,Prescriber2043,2143 Main St,Birmingham,AL,35233,AN,MD,Y,Y,,Y
3558814504,HCP06342,,Prescriber4504,4604 Main St,New York,NY,10024,PD,MD,Y,Y,,Y
3558877955,Lauren,O,Ramos,10521 Rosehaven St Ste 100,Fairfax,VA,22030,P,MD,Y,Y,A,
3559067606,HCP06343,,Prescriber7606,7706 Main St,Houston,TX,77030,AN,MD,Y,Y,,Y
3559456134,Kayla,A,Davidson,4519 Hixson Pike,Hixson,TN,37343,PD,MD,Y,Y,C,
3559649846,HCP06344,,Prescriber9846,946 Main St,Matthews,NC,28105,PD,MD,Y,Y,,Y
3560151791,HCP06345,,Prescriber1791,1891 Main St,Plano,TX,75024,N,MD,Y,Y,,Y
3560374848,HCP06346,,Prescriber4848,4948 Main St,Houston,TX,77030,P,NP,Y,Y,,Y
3560864296,HCP06347,,Prescriber4296,4396 Main St,Houston,TX,77030,GER,NP,Y,Y,,Y
3561113579,Jennifer,R,English,202 Williamson Rd Ste 204,Mooresville,NC,28117,P,PA,Y,Y,A,
3561269413,HCP06348,,Prescriber9413,513 Main St,Great Neck,NY,11021,P,DO,Y,Y,,Y
3562629691,HCP06349,,Prescriber9691,791 Main St,Somerville,TN,38068,FM,NP,Y,Y,,Y
3562674531,HCP06350,,Prescriber4531,4631 Main St,Houston,TX,77030,PD,MD,Y,Y,,Y
3562870502,HCP06351,,Prescriber0502,602 Main St,Miami,FL,33136,HOS,DO,Y,Y,,Y
3563323404,HCP06352,,Prescriber3404,3504 Main St,Gillespie,IL,62033,GP,PA,Y,Y,,Y
3563348426,HCP06353,,Prescriber8426,8526 Main St,Pasadena,MD,21122,FM,MD,Y,Y,,Y
3563361459,HCP06354,,Prescriber1459,1559 Main St,Houston,TX,77030,IM,MD,Y,Y,,Y
3563547376,HCP06355,,Prescriber7376,7476 Main St,Orange,CA,92868,GP,PA,Y,Y,,Y
3564418213,HCP06356,,Prescriber8213,8313 Main St,Dallas,TX,75231,FM,MD,Y,Y,,Y
3564810414,HCP06357,,Prescriber0414,514 Main St,Texarkana,TX,75503,P,MD,Y,Y,,Y
3566219541,HCP06358,,Prescriber9541,641 Main St,Phoenix,AZ,85016,NEP,MD,Y,Y,,Y
3566804497,HCP06359,,Prescriber4497,4597 Main St,Lawrence,KS,66044,PD,MD,Y,Y,,Y
3567335369,HCP06360,,Prescriber5369,5469 Main St,Asheville,NC,28801,P,NP,Y,Y,,Y
3568528965,HCP06361,,Prescriber8965,9065 Main St,Chicago,IL,60612,P,MD,Y,Y,,Y
3568541372,HCP06362,,Prescriber1372,1472 Main St,Waterloo,IL,62298,P,NP,Y,Y,,Y
3569499714,HCP06363,,Prescriber9714,814 Main St,Cincinnati,OH,45244,PD,MD,Y,Y,,Y
3570030108,HCP06364,,Prescriber0108,208 Main St,Cedar Rapids,IA,52402,FM,NP,Y,Y,,Y
3571086189,HCP06365,,Prescriber6189,6289 Main St,Oconto,WI,54153,FM,NP,Y,Y,,Y
3571286791,HCP06366,,Prescriber6791,6891 Main St,Hollywood,FL,33021,PD,MD,Y,Y,,Y
3571371328,HCP06367,,Prescriber1328,1428 Main St,Houston,TX,77030,GS,MD,Y,Y,,Y
3572369335,HCP06368,,Prescriber9335,435 Main St,Bronx,NY,10453,HPM,NP,Y,Y,,Y
3573478293,HCP06369,,Prescriber8293,8393 Main St,Snow Hill,NC,28580,FM,NP,Y,Y,,Y
3573716224,HCP06370,,Prescriber6224,6324 Main St,Richmond,VA,23298,IM,MD,Y,Y,,Y
3573720892,HCP06371,,Prescriber0892,992 Main St,Miami,FL,33136,PD,NP,Y,Y,,Y
3573797576,HCP06372,,Prescriber7576,7676 Main St,Indianapolis,IN,46202,FM,MD,Y,Y,,Y
3574694445,HCP06373,,Prescriber4445,4545 Main St,Newtown,PA,18940,P,NP,Y,Y,,Y
3575313011,HCP06374,,Prescriber3011,3111 Main St,Lincoln,NE,68526,P,NP,Y,Y,,Y
3578355932,HCP06375,,Prescriber5932,6032 Main St,O Fallon,IL,62269,PD,MD,Y,Y,,Y
3578449768,HCP06376,,Prescriber9768,868 Main St,Saint Louis,MO,63141,P,MD,Y,Y,,Y
3579097355,HCP06377,,Prescriber7355,7455 Main St,Houston,TX,77030,GP,PA,Y,Y,,Y
3580662483,HCP06378,,Prescriber2483,2583 Main St,Houston,TX,77030,OBG,MD,Y,Y,,Y
3580938444,HCP06379,,Prescriber8444,8544 Main St,Saint Petersburg,FL,33701,PD,MD,Y,Y,,Y
3581229175,HCP06380,,Prescriber9175,275 Main St,Mooresville,NC,28117,FM,MD,Y,Y,,Y
3581253512,HCP06381,,Prescriber3512,3612 Main St,Pasadena,TX,77505,END,DO,Y,Y,,Y
3581664071,HCP06382,,Prescriber4071,4171 Main St,Houston,TX,77030,SO,MD,Y,Y,,Y
3581810857,HCP06383,,Prescriber0857,957 Main St,Tavernier,FL,33070,PD,MD,Y,Y,,Y
3582276102,HCP06384,,Prescriber6102,6202 Main St,Birmingham,AL,35216,PD,MD,Y,Y,,Y
3583074102,HCP06385,,Prescriber4102,4202 Main St,Phoenix,AZ,85016,CCE,MD,Y,Y,,Y
3583201832,Peter,A,Green,1060 Peerless Xing NW Ste 100,Cleveland,TN,37312,PD,MD,Y,Y,C,
3583726948,HCP06386,,Prescriber6948,7048 Main St,Miami,FL,33136,ATP,MD,Y,Y,,Y
3584527139,HCP06387,,Prescriber7139,7239 Main St,Houston,TX,77030,OBG,NP,Y,Y,,Y
3584809126,HCP06388,,Prescriber9126,226 Main St,Largo,FL,33774,PD,MD,Y,Y,,Y
3584924184,James,J,Moreno,402 Osigian Blvd Ste 400,Warner Robins,GA,31088,P,MD,Y,Y,B,
3585087789,HCP06389,,Prescriber7789,7889 Main St,Jackson,MS,39216,PD,MD,Y,Y,,Y
3585973684,HCP06390,,Prescriber3684,3784 Main St,Houston,TX,77030,SW,SW,Y,Y,,Y
3586814488,HCP06391,,Prescriber4488,4588 Main St,Houston,TX,77030,RHU,MD,Y,Y,,Y
3587042208,HCP06392,,Prescriber2208,2308 Main St,Atlanta,GA,30322,FM,NP,Y,Y,,Y
3588539420,HCP06393,,Prescriber9420,520 Main St,Moosic,PA,18507,PD,NP,Y,Y,,Y
3589763633,HCP06394,,Prescriber3633,3733 Main St,Durham,NC,27705,CLP,MD,Y,Y,,Y
3590047288,HCP06395,,Prescriber7288,7388 Main St,Saint Petersburg,FL,33711,CHP,MD,Y,Y,,Y
3590054398,HCP06396,,Prescriber4398,4498 Main St,Milwaukee,WI,53226,P,MD,Y,Y,,Y
3590383055,HCP06397,,Prescriber3055,3155 Main St,Elgin,IL,60123,P,MD,Y,Y,,Y
3590425594,HCP06398,,Prescriber5594,5694 Main St,Saint Petersburg,FL,33701,PD,MD,Y,Y,,Y
3590500293,HCP06399,,Prescriber0293,393 Main St,Cypress,TX,77429,IM,MD,Y,Y,,Y
3590865247,Charles,,Simon,2550 E Guadalupe Rd Ste 115,Gilbert,AZ,85234,PD,MD,Y,Y,C,
3591713673,HCP06400,,Prescriber3673,3773 Main St,Houston,TX,77030,GS,MD,Y,Y,,Y
3591848045,HCP06401,,Prescriber8045,8145 Main St,New Albany,IN,47150,PD,MD,Y,Y,,Y
3591849833,Donna,L,Chambers,3701 Union Dr Ste 100,Lincoln,NE,68516,P,NP,Y,Y,B,
3591857348,HCP06402,,Prescriber7348,7448 Main St,Houston,TX,77030,OBG,MD,Y,Y,,Y
3592908179,HCP06403,,Prescriber8179,8279 Main St,Phoenix,AZ,85016,DEN,DDS,Y,Y,,Y
3592945688,HCP06404,,Prescriber5688,5788 Main St,Houston,TX,77030,P,MD,Y,Y,,Y
3594008419,HCP06405,,Prescriber8419,8519 Main St,Seattle,WA,98195,DEN,DDS,Y,Y,,Y
3594092112,HCP06406,,Prescriber2112,2212 Main St,Brooklyn,NY,11242,FM,NP,Y,Y,,Y
3594248995,HCP06407,,Prescriber8995,9095 Main St,Midlothian,VA,23114,FM,NP,Y,Y,,Y
3595422492,HCP06408,,Prescriber2492,2592 Main St,Miami,FL,33136,IM,MD,Y,Y,,Y
3595807634,HCP06409,,Prescriber7634,7734 Main St,Houston,TX,77030,GP,PA,Y,Y,,Y
3596267349,HCP06410,,Prescriber7349,7449 Main St,Houston,TX,77030,DEN,DDS,Y,Y,,Y
3597252102,HCP06411,,Prescriber2102,2202 Main St,Greenville,SC,29615,IM,MD,Y,Y,,Y
3597393283,HCP06412,,Prescriber3283,3383 Main St,Kansas City,MO,64158,PD,DO,Y,Y,,Y
3597624067,HCP06413,,Prescriber4067,4167 Main St,Yukon,OK,73099,FM,DO,Y,Y,,Y
3597871551,HCP06414,,Prescriber1551,1651 Main St,Houston,TX,77030,GS,MD,Y,Y,,Y
3598313985,HCP06415,,Prescriber3985,4085 Main St,New Bern,NC,28562,FM,NP,Y,Y,,Y
3598405171,HCP06416,,Prescriber5171,5271 Main St,Canton,OH,44708,IM,MD,Y,Y,,Y
3598444846,Sarah,R,Crawford,2327 Lime Kiln Ln,Louisville,KY,40222,P,NP,Y,Y,A,
3600896599,HCP06417,,Prescriber6599,6699 Main St,Houston,TX,77030,PD,MD,Y,Y,,Y
3601013257,HCP06418,,Prescriber3257,3357 Main St,Houston,TX,77030,PD,NP,Y,Y,,Y
3601502572,HCP06419,,Prescriber2572,2672 Main St,Bolingbrook,IL,60440,OSG,DMD,Y,Y,,Y
3601653542,HCP06420,,Prescriber3542,3642 Main St,Birmingham,AL,35213,SM,MD,Y,Y,,Y
3601725003,HCP06421,,Prescriber5003,5103 Main St,Chicago,IL,60622,P,MD,Y,Y,,Y
3602069773,HCP06422,,Prescriber9773,873 Main St,San Antonio,TX,78216,P,MD,Y,Y,,Y
3602666838,HCP06423,,Prescriber6838,6938 Main St,Lehighton,PA,18235,P,NP,Y,Y,,Y
3602871958,HCP06424,,Prescriber1958,2058 Main St,Houston,TX,77030,IM,MD,Y,Y,,Y
3603428721,HCP06425,,Prescriber8721,8821 Main St,Warrior,AL,35180,IM,MD,Y,Y,,Y
3603858313,HCP06426,,Prescriber8313,8413 Main St,Houston,TX,77030,PTH,MD,Y,Y,,Y
3603921670,HCP06427,,Prescriber1670,1770 Main St,Athens,OH,45701,GP,PA,Y,Y,,Y
3604155302,HCP06428,,Prescriber5302,5402 Main St,Raleigh,NC,27609,P,MD,Y,Y,,Y
3604763891,HCP06429,,Prescriber3891,3991 Main St,Houston,TX,77030,GER,NP,Y,Y,,Y
3604850191,HCP06430,,Prescriber0191,291 Main St,Charleston,SC,29412,FM,MD,Y,Y,,Y
3605753387,HCP06431,,Prescriber3387,3487 Main St,Pleasant Grove,UT,84062,FM,MD,Y,Y,,Y
3606054983,HCP06432,,Prescriber4983,5083 Main St,Laurel,MS,39440,P,NP,Y,Y,,Y
3606162532,James,V,Erickson,10209 W Central Ave Ste 1,Wichita,KS,67226,P,NP,Y,Y,A,
3606457263,HCP06433,,Prescriber7263,7363 Main St,Bethlehem,PA,18020,GP,PA,Y,Y,,Y
3607067040,Mark,E,Mitchell,6500 Preston Hwy,Louisville,KY,40219,PD,MD,Y,Y,,Y
3607125884,HCP06434,,Prescriber5884,5984 Main St,Charleston,SC,29425,EM,RN,Y,Y,,Y
3607326756,HCP06435,,Prescriber6756,6856 Main St,Allen,TX,75013,PD,NP,Y,Y,,Y
3608309040,HCP06436,,Prescriber9040,140 Main St,New Albany,IN,47150,FM,NP,Y,Y,,Y
3608344023,HCP06437,,Prescriber4023,4123 Main St,Lincolnton,NC,28092,GP,PA,Y,Y,,Y
3608483074,HCP06438,,Prescriber3074,3174 Main St,New York,NY,10016,P,MD,Y,Y,,Y
3608809132,HCP06439,,Prescriber9132,232 Main St,Houston,TX,77030,PD,MD,Y,Y,,Y
3610349298,HCP06440,,Prescriber9298,398 Main St,Houston,TX,77030,PD,NP,Y,Y,,Y
3610970351,HCP06441,,Prescriber0351,451 Main St,Houston,TX,77030,AN,RN,Y,Y,,Y
3611105295,HCP06442,,Prescriber5295,5395 Main St,Atlanta,GA,30322,GP,PA,Y,Y,,Y
3611377724,HCP06443,,Prescriber7724,7824 Main St,Houston,TX,77030,PD,MD,Y,Y,,Y
3611651852,Amanda,J,Lewis,6906 Kingston Pike Ste 200,Knoxville,TN,37919,P,MD,Y,Y,C,
3611725340,HCP06444,,Prescriber5340,5440 Main St,Mesa,AZ,85207,FM,NP,Y,Y,,Y
3612063821,HCP06445,,Prescriber3821,3921 Main St,Glen Burnie,MD,21061,P,PA,Y,Y,,Y
3612136798,HCP06446,,Prescriber6798,6898 Main St,Houston,TX,77030,GP,RN,Y,Y,,Y
3612281214,Samantha,M,Hale,1350 NW 138th St Ste 200,Clive,IA,50325,P,NP,Y,Y,A,
3613132682,Kelly,H,Jordan,2160 S State Route 157 Ste B,Glen Carbon,IL,62034,PD,MD,Y,Y,C,
3613655472,HCP06447,,Prescriber5472,5572 Main St,Indianapolis,IN,46220,P,NP,Y,Y,,Y
3613754533,HCP06448,,Prescriber4533,4633 Main St,Jacksonville,FL,32258,FM,MD,Y,Y,,Y
3613970651,HCP06449,,Prescriber0651,751 Main St,Kansas City,MO,64158,PD,MD,Y,Y,,Y
3614593086,HCP06450,,Prescriber3086,3186 Main St,Kansas City,MO,64158,PD,MD,Y,Y,,Y
3615054342,HCP06451,,Prescriber4342,4442 Main St,Houston,TX,77030,GS,NP,Y,Y,,Y
3615790851,HCP06452,,Prescriber0851,951 Main St,Miami,FL,33136,CD,MD,Y,Y,,Y
3616022856,HCP06453,,Prescriber2856,2956 Main St,Brookhaven,MS,39601,PD,MD,Y,Y,,Y
3616245071,HCP06454,,Prescriber5071,5171 Main St,Houston,TX,77030,GER,RN,Y,Y,,Y
3616655902,HCP06455,,Prescriber5902,6002 Main St,Sugar Land,TX,77479,HOS,MD,Y,Y,,Y
3616810995,HCP06456,,Prescriber0995,1095 Main St,Houston,TX,77030,IM,MD,Y,Y,,Y
3616886491,HCP06457,,Prescriber6491,6591 Main St,Houston,TX,77030,ORS,MD,Y,Y,,Y
3617983961,Daniel,O,Henry,3560 Delaware St Ste 207,Beaumont,TX,77706,P,DO,Y,Y,A,
3619236438,HCP06458,,Prescriber6438,6538 Main St,Houston,TX,77030,EM,MD,Y,Y,,Y
3620290550,HCP06459,,Prescriber0550,650 Main St,Houston,TX,77030,GP,PA,Y,Y,,Y
3620896134,HCP06460,,Prescriber6134,6234 Main St,Houston,TX,77030,P,NP,Y,Y,,Y
3621061736,HCP06461,,Prescriber1736,1836 Main St,Springboro,OH,45066,FM,DO,Y,Y,,Y
3621730086,Robin,K,Carpenter,560 W Brown Rd Ste 1011,Gilbert,AZ,85295,FM,NP,Y,Y,C,
3622126875,HCP06462,,Prescriber6875,6975 Main St,Macon,GA,31210,P,MD,Y,Y,,Y
3623548487,HCP06463,,Prescriber8487,8587 Main St,Houston,TX,77030,FM,NP,Y,Y,,Y
3623805199,Cynthia,A,Hogan,7670 Old Hickory Dr,Pensacola,FL,32507,ADU,NP,Y,Y,A,
3624081468,HCP06464,,Prescriber1468,1568 Main St,Houston,TX,77030,U,MD,Y,Y,,Y
3624371599,Michael,M,Holder,1200 Shermer Rd Ste 208,Northbrook,IL,60062,P,MD,Y,Y,B,
3624670802,HCP06465,,Prescriber0802,902 Main St,O Fallon,IL,62269,FM,NP,Y,Y,,Y
3625983201,HCP06466,,Prescriber3201,3301 Main St,Houston,TX,77030,FM,NP,Y,Y,,Y
3626998361,HCP06467,,Prescriber8361,8461 Main St,Houston,TX,77030,PD,MD,Y,Y,,Y
3627878141,Dr.,M,Amy Smith,1751 S Naperville Rd Ste 207,Wheaton,IL,60189,P,PA,Y,Y,A,
3627998904,HCP06468,,Prescriber8904,9004 Main St,Philadelphia,PA,19133,P,NP,Y,Y,,Y
3628168743,Antonio,E,Gutierrez,17038 Commerce Centre Dr,Prairieville,LA,70769,PD,MD,Y,Y,,
3628545359,HCP06469,,Prescriber5359,5459 Main St,Charleston,SC,29425,P,MD,Y,Y,,Y
3629231348,HCP06470,,Prescriber1348,1448 Main St,Houston,TX,77030,FM,NP,Y,Y,,Y
3629388437,HCP06471,,Prescriber8437,8537 Main St,Naples,FL,34116,P,NP,Y,Y,,Y
3629870575,HCP06472,,Prescriber0575,675 Main St,Houston,TX,77030,P,MD,Y,Y,,Y
3630136020,HCP06473,,Prescriber6020,6120 Main St,Pearland,TX,77584,PD,MD,Y,Y,,Y
3630415898,HCP06474,,Prescriber5898,5998 Main St,Ann Arbor,MI,48109,GP,PA,Y,Y,,Y
3630710660,HCP06475,,Prescriber0660,760 Main St,Chicago,IL,60612,DEN,DDS,Y,Y,,Y
3630906407,HCP06476,,Prescriber6407,6507 Main St,Riverhead,NY,11901,IM,DO,Y,Y,,Y
3630991906,HCP06477,,Prescriber1906,2006 Main St,Overland Park,KS,66210,FM,MD,Y,Y,,Y
3631004171,HCP06478,,Prescriber4171,4271 Main St,Mason,OH,45040,PD,MD,Y,Y,,Y
3632156938,HCP06479,,Prescriber6938,7038 Main St,Houston,TX,77058,P,MD,Y,Y,,Y
3632752853,HCP06480,,Prescriber2853,2953 Main St,Miami,FL,33136,FM,NP,Y,Y,,Y
3634835954,HCP06481,,Prescriber5954,6054 Main St,Houston,TX,77030,AN,MD,Y,Y,,Y
3634843205,HCP06482,,Prescriber3205,3305 Main St,Knoxville,TN,37920,FM,MD,Y,Y,,Y
3635408476,HCP06483,,Prescriber8476,8576 Main St,Houston,TX,77030,AN,MD,Y,Y,,Y
3635616175,HCP06484,,Prescriber6175,6275 Main St,Cleveland,OH,44195,FM,NP,Y,Y,,Y
3636163677,HCP06485,,Prescriber3677,3777 Main St,Houston,TX,77030,OBG,MD,Y,Y,,Y
3636908186,HCP06486,,Prescriber8186,8286 Main St,Richmond,VA,23298,EM,MD,Y,Y,,Y
3637001940,HCP06487,,Prescriber1940,2040 Main St,Houston,TX,77030,PD,PA,Y,Y,,Y
3637033000,HCP06488,,Prescriber3000,3100 Main St,Oak Ridge,NC,27310,PD,MD,Y,Y,,Y
3640424170,HCP06489,,Prescriber4170,4270 Main St,Thibodaux,LA,70301,FM,MD,Y,Y,,Y
3640434603,HCP06490,,Prescriber4603,4703 Main St,Steele,MO,63877,FM,DO,Y,Y,,Y
3640573547,HCP06491,,Prescriber3547,3647 Main St,Frankfort,KY,40601,P,NP,Y,Y,,Y
3640813304,HCP06492,,Prescriber3304,3404 Main St,Houston,TX,77030,PED,DMD,Y,Y,,Y
3641372886,HCP06493,,Prescriber2886,2986 Main St,Gilbert,AZ,85295,FM,DO,Y,Y,,Y
3641460737,HCP06494,,Prescriber0737,837 Main St,Houston,TX,77030,P,MD,Y,Y,,Y
3642171091,HCP06495,,Prescriber1091,1191 Main St,Baton Rouge,LA,70819,FM,NP,Y,Y,,Y
3642390092,HCP06496,,Prescriber0092,192 Main St,Houston,TX,77030,PD,MD,Y,Y,,Y
3642412993,HCP06497,,Prescriber2993,3093 Main St,Florence,MS,39073,FM,NP,Y,Y,,Y
3642810227,Emily,C,Morrison,1003 Grand Ave,West Des Moines,IA,50265,P,NP,Y,Y,C,
3643124204,Randy,G,Carter,1501 N Gilbert Rd Ste 207,Gilbert,AZ,85234,P,DO,Y,Y,A,
3643351354,HCP06498,,Prescriber1354,1454 Main St,Wilmington,NC,28401,GP,PA,Y,Y,,Y
3643365882,HCP06499,,Prescriber5882,5982 Main St,Grand Rapids,MI,49525,IM,MD,Y,Y,,Y
3643747116,HCP06500,,Prescriber7116,7216 Main St,Fairfield,OH,45014,PD,MD,Y,Y,,Y
3643797376,HCP06501,,Prescriber7376,7476 Main St,Houston,TX,77042,PD,MD,Y,Y,,Y
3644173479,Ariel,J,Morales,17232 Lancaster Hwy Ste 102,Charlotte,NC,28277,IM,PA,Y,Y,A,
3644301075,HCP06502,,Prescriber1075,1175 Main St,Natchez,MS,39120,FM,DO,Y,Y,,Y
3644438775,HCP06503,,Prescriber8775,8875 Main St,Indianapolis,IN,46202,PPR,MD,Y,Y,,Y
3644952308,Sabrina,B,Rogers,515 W 207th St,New York,NY,10034,PD,MD,Y,Y,,
3645452165,HCP06504,,Prescriber2165,2265 Main St,Houston,TX,77030,PD,MD,Y,Y,,Y
3646114575,HCP06505,,Prescriber4575,4675 Main St,Flowood,MS,39232,PD,MD,Y,Y,,Y
3646344200,HCP06506,,Prescriber4200,4300 Main St,Houston,TX,77030,PHT,PT,Y,Y,,Y
3646511108,Nancy,L,Watson,2 Marshland Rd,Hilton Head Island,SC,29926,GP,NP,Y,Y,C,
3647096729,HCP06507,,Prescriber6729,6829 Main St,Gainesville,GA,30501,PD,MD,Y,Y,,Y
3647581316,HCP06508,,Prescriber1316,1416 Main St,Houston,TX,77030,PD,MD,Y,Y,,Y
3647664008,HCP06509,,Prescriber4008,4108 Main St,Houston,TX,77030,ADL,MD,Y,Y,,Y
3648205487,Emily,K,Snyder,201 First Executive Ave,Saint Peters,MO,63376,FM,DO,Y,Y,B,
3648295620,HCP06510,,Prescriber5620,5720 Main St,Newburgh,IN,47630,FM,MD,Y,Y,,Y
3648495127,Allen,M,Miller,900 W North Shore Dr Ste 120,Chicago,IL,60631,P,NP,Y,Y,A,
3648556855,HCP06511,,Prescriber6855,6955 Main St,Houston,TX,77030,PHM,PHAR,Y,Y,,Y
3648684439,HCP06512,,Prescriber4439,4539 Main St,Houston,TX,77030,P,RN,Y,Y,,Y
3648726516,Tina,W,Monroe,15400 Southwest Fwy Ste 300,Sugar Land,TX,77478,PD,MD,Y,Y,,Y
3649295337,Julia,A,Chandler,4280 Sergeant Rd Ste 225,Sioux City,IA,51106,P,NP,Y,Y,B,
3649698989,HCP06513,,Prescriber8989,9089 Main St,Gonzales,LA,70737,PD,MD,Y,Y,,Y
3649724763,HCP06514,,Prescriber4763,4863 Main St,Houston,TX,77024,P,PA,Y,Y,,Y
3649765093,HCP06515,,Prescriber5093,5193 Main St,Houston,TX,77030,PD,MD,Y,Y,,Y
3650135358,HCP06516,,Prescriber5358,5458 Main St,Houston,TX,77030,MOS,MD,Y,Y,,Y
3650202948,HCP06517,,Prescriber2948,3048 Main St,Atlanta,GA,30338,PD,MD,Y,Y,,Y
3650860005,HCP06518,,Prescriber0005,105 Main St,Houston,TX,77030,GP,NP,Y,Y,,Y
3650997377,HCP06519,,Prescriber7377,7477 Main St,Phoenix,AZ,85016,ORS,PA,Y,Y,,Y
3651286502,HCP06520,,Prescriber6502,6602 Main St,Houston,TX,77030,PDC,MD,Y,Y,,Y
3651449741,HCP06521,,Prescriber9741,841 Main St,Denver,CO,80210,P,NP,Y,Y,,Y
3651895495,HCP06522,,Prescriber5495,5595 Main St,Danville,PA,17821,P,MD,Y,Y,,Y
3652830368,HCP06523,,Prescriber0368,468 Main St,Charleston,SC,29425,PD,MD,Y,Y,,Y
3652835409,HCP06524,,Prescriber5409,5509 Main St,Warren,OH,44484,P,NP,Y,Y,,Y
3653039262,HCP06525,,Prescriber9262,362 Main St,Fayetteville,NC,28305,GP,PA,Y,Y,,Y
3653120217,HCP06526,,Prescriber0217,317 Main St,Houston,TX,77030,MID,APRN,Y,Y,,Y
3653436364,HCP06527,,Prescriber6364,6464 Main St,Sherman Oaks,CA,91423,P,MD,Y,Y,,Y
3653497423,HCP06528,,Prescriber7423,7523 Main St,Glendale,AZ,85308,REN,PA,Y,Y,,Y
3653867950,HCP06529,,Prescriber7950,8050 Main St,Houston,TX,77030,HO,MD,Y,Y,,Y
3655136593,Maria,,Martin,7808 W College Dr Ste 2W,Palos Heights,IL,60463,P,MD,Y,Y,B,
3655335267,HCP06530,,Prescriber5267,5367 Main St,Mckinney,TX,75072,FM,MD,Y,Y,,Y
3655863448,William,,Campbell,1273 Coney Island Ave,Brooklyn,NY,11230,PEM,MD,Y,Y,,Y
3656093001,HCP06531,,Prescriber3001,3101 Main St,Edmond,OK,73034,SMI,MD,Y,Y,,Y
3656448253,HCP06532,,Prescriber8253,8353 Main St,Houston,TX,77030,FM,PA,Y,Y,,Y
3656506117,HCP06533,,Prescriber6117,6217 Main St,Houston,TX,77030,NEP,NP,Y,Y,,Y
3657507687,HCP06534,,Prescriber7687,7787 Main St,Charlotte,NC,28226,PD,MD,Y,Y,,Y
3658184527,HCP06535,,Prescriber4527,4627 Main St,O Fallon,MO,63366,PD,MD,Y,Y,,Y
3658676683,HCP06536,,Prescriber6683,6783 Main St,Houston,TX,77030,DEN,DDS,Y,Y,,Y
3659230308,HCP06537,,Prescriber0308,408 Main St,Shreveport,LA,71105,CHP,MD,Y,Y,,Y
3659966200,HCP06538,,Prescriber6200,6300 Main St,Houston,TX,77030,EM,MD,Y,Y,,Y
3660260224,HCP06539,,Prescriber0224,324 Main St,Houston,TX,77030,IM,MD,Y,Y,,Y
3660330792,HCP06540,,Prescriber0792,892 Main St,Atlanta,GA,30322,FM,NP,Y,Y,,Y
3661192832,Mark,,Lewis,333 E 34th St Ofc 1K,New York,NY,10016,P,MD,Y,Y,A,
3662667054,HCP06541,,Prescriber7054,7154 Main St,Westlake,OH,44145,GP,PA,Y,Y,,Y
3662691220,HCP06542,,Prescriber1220,1320 Main St,Calhoun,GA,30701,IM,MD,Y,Y,,Y
3663527868,HCP06543,,Prescriber7868,7968 Main St,Houston,TX,77030,FM,NP,Y,Y,,Y
3663669612,HCP06544,,Prescriber9612,712 Main St,Charleston,SC,29425,CD,NP,Y,Y,,Y
3663980120,HCP06545,,Prescriber0120,220 Main St,Lubbock,TX,79430,PD,MD,Y,Y,,Y
3664224143,HCP06546,,Prescriber4143,4243 Main St,Houston,TX,77030,GP,PA,Y,Y,,Y
3664518013,HCP06547,,Prescriber8013,8113 Main St,Houston,TX,77030,PD,MD,Y,Y,,Y
3665235653,HCP06548,,Prescriber5653,5753 Main St,Wilmington,NC,28405,P,NP,Y,Y,,Y
3666466975,Tina,R,Baker,7452 Fulton Dr NW Ste B,Massillon,OH,44646,PD,MD,Y,Y,A,Y
3667028823,HCP06549,,Prescriber8823,8923 Main St,Kansas City,KS,66160,POD,DPM,Y,Y,,Y
3667546478,HCP06550,,Prescriber6478,6578 Main St,Houston,TX,77030,OBG,MD,Y,Y,,Y
3667571486,Phillip,J,Thompson,12525 Perkins Rd Ste C,Baton Rouge,LA,70810,PD,MD,Y,Y,,
3667619230,Matthew,V,Farmer,1800 Glenside Dr Ste 101,Richmond,VA,23226,FM,MD,Y,N,C,
3667734733,HCP06551,,Prescriber4733,4833 Main St,Ann Arbor,MI,48109,OBG,NP,Y,Y,,Y
3667754285,HCP06552,,Prescriber4285,4385 Main St,Hattiesburg,MS,39401,PD,MD,Y,Y,,Y
3668024935,Steven,J,Stevenson,3643 Ridge Mill Dr,Hilliard,OH,43026,PD,MD,Y,Y,A,
3668741585,Cheryl,L,Walker,5622 E Sam Houston Pkwy N,Houston,TX,77015,PD,MD,Y,Y,,Y
3670474098,HCP06553,,Prescriber4098,4198 Main St,Spring,TX,77380,PD,MD,Y,Y,,Y
3671097429,HCP06554,,Prescriber7429,7529 Main St,Kansas City,KS,66160,FM,DO,Y,Y,,Y
3671182868,HCP06555,,Prescriber2868,2968 Main St,Minot,ND,58703,FM,NP,Y,Y,,Y
3671242147,HCP06556,,Prescriber2147,2247 Main St,Houston,TX,77030,DEN,DDS,Y,Y,,Y
3671739296,Logan,E,Hogan,1751 Gunbarrel Rd,Chattanooga,TN,37421,P,PA,Y,Y,C,
3672215420,Robert,E,Perez,12250 Queenston Blvd Ste E,Cypress,TX,77429,P,MD,Y,Y,A,
3672680103,Susan,K,Figueroa,1645 W Jackson Blvd Ste 200,Chicago,IL,60612,PD,MD,Y,Y,C,
3673189569,HCP06557,,Prescriber9569,669 Main St,Gastonia,NC,28054,IM,MD,Y,Y,,Y
3673671942,HCP06558,,Prescriber1942,2042 Main St,Annapolis,MD,21401,IM,MD,Y,Y,,Y
3673776663,HCP06559,,Prescriber6663,6763 Main St,Houston,TX,77030,EM,DO,Y,Y,,Y
3673989672,HCP06560,,Prescriber9672,772 Main St,Greensboro,NC,27401,DBP,MD,Y,Y,,Y
3674222386,HCP06561,,Prescriber2386,2486 Main St,Durham,NC,27703,P,PA,Y,Y,,Y
3674408055,Jessica,H,Ortega,1902 Macy Dr,Roswell,GA,30076,P,MD,Y,Y,C,
3674780779,HCP06562,,Prescriber0779,879 Main St,Houston,TX,77030,RHU,DO,Y,Y,,Y
3676070702,HCP06563,,Prescriber0702,802 Main St,Cary,NC,27511,IM,PA,Y,Y,,Y
3676299847,HCP06564,,Prescriber9847,947 Main St,Miami,FL,33136,FM,NP,Y,Y,,Y
3676552322,HCP06565,,Prescriber2322,2422 Main St,Houston,TX,77030,HOS,MD,Y,Y,,Y
3676557054,HCP06566,,Prescriber7054,7154 Main St,Livingston,TX,77351,ADL,MD,Y,Y,,Y
3676561395,HCP06567,,Prescriber1395,1495 Main St,Houston,TX,77030,PTH,MD,Y,Y,,Y
3677520036,HCP06568,,Prescriber0036,136 Main St,Houston,TX,77030,PD,NP,Y,Y,,Y
3677670371,HCP06569,,Prescriber0371,471 Main St,North Canton,OH,44720,GP,PA,Y,Y,,Y
3678546969,Brian,E,Conner,2408 Oak Manor Rd,Sparrows Point,MD,21219,PD,NP,Y,Y,B,
3678653050,HCP06570,,Prescriber3050,3150 Main St,Houston,TX,77030,PD,MD,Y,Y,,Y
3679429734,HCP06571,,Prescriber9734,834 Main St,Overland Park,KS,66204,PD,MD,Y,Y,,Y
3679663441,HCP06572,,Prescriber3441,3541 Main St,Houston,TX,77030,DEN,DDS,Y,Y,,Y
3679908712,HCP06573,,Prescriber8712,8812 Main St,Houston,TX,77030,PD,MD,Y,Y,,Y
3679967978,HCP06574,,Prescriber7978,8078 Main St,Charleston,SC,29425,FM,NP,Y,Y,,Y
3680482302,HCP06575,,Prescriber2302,2402 Main St,Indianapolis,IN,46202,PD,MD,Y,Y,,Y
3680593804,HCP06576,,Prescriber3804,3904 Main St,Punta Gorda,FL,33950,P,NP,Y,Y,,Y
3680772947,HCP06577,,Prescriber2947,3047 Main St,Cordova,TN,38016,FM,NP,Y,Y,,Y
3681416921,HCP06578,,Prescriber6921,7021 Main St,Fayetteville,AR,72701,FM,MD,Y,Y,,Y
3681808209,HCP06579,,Prescriber8209,8309 Main St,Iowa City,IA,52242,P,NP,Y,Y,,Y
3682057161,HCP06580,,Prescriber7161,7261 Main St,Houston,TX,77030,PD,MD,Y,Y,,Y
3682090101,Kathleen,J,Wright,4545 E Chandler Blvd Ste 308,South Miami,FL,33143,P,DO,Y,Y,A,
3682352704,Brian,M,Cook,4500 Salisbury Rd Ste 490,Jacksonville,FL,32216,P,NP,Y,Y,C,
3683139106,HCP06581,,Prescriber9106,206 Main St,Staten Island,NY,10314,GP,PA,Y,Y,,Y
3683163306,HCP06582,,Prescriber3306,3406 Main St,Palm Beach Gardens,FL,33410,FM,DO,Y,Y,,Y
3683548301,HCP06583,,Prescriber8301,8401 Main St,Phoenix,AZ,85053,PD,MD,Y,Y,,Y
3683804167,HCP06584,,Prescriber4167,4267 Main St,Kansas City,KS,66160,NS,MD,Y,Y,,Y
3684344207,Katelyn,K,Gilmore,2713 Dantzler Dr,North Charleston,SC,29406,PD,MD,Y,Y,C,
3685131900,HCP06585,,Prescriber1900,2000 Main St,New York,NY,10016,P,MD,Y,Y,,Y
3686222649,Sally,L,Hill,100 Bourland Rd Ste 170,Keller,TX,76248,FM,MD,Y,N,A,Y
3688828312,HCP06586,,Prescriber8312,8412 Main St,Gilbert,AZ,85296,P,NP,Y,Y,,Y
3689085692,HCP06587,,Prescriber5692,5792 Main St,Houston,TX,77030,OBG,NP,Y,Y,,Y
3689442743,HCP06588,,Prescriber2743,2843 Main St,Houston,TX,77030,OBG,MD,Y,Y,,Y
3689538214,HCP06589,,Prescriber8214,8314 Main St,Houston,TX,77030,IM,MD,Y,Y,,Y
3690125165,HCP06590,,Prescriber5165,5265 Main St,Houston,TX,77030,CD,MD,Y,Y,,Y
3690532728,HCP06591,,Prescriber2728,2828 Main St,Round Rock,TX,78681,PD,MD,Y,Y,,Y
3691571268,HCP06592,,Prescriber1268,1368 Main St,Marietta,GA,30064,PD,NP,Y,Y,,Y
3691740621,HCP06593,,Prescriber0621,721 Main St,Evansville,IN,47710,PD,NP,Y,Y,,Y
3692457406,HCP06594,,Prescriber7406,7506 Main St,Houston,TX,77030,GP,PA,Y,Y,,Y
3692805180,HCP06595,,Prescriber5180,5280 Main St,Kansas City,KS,66160,GS,PA,Y,Y,,Y
3692841403,HCP06596,,Prescriber1403,1503 Main St,Houston,TX,77030,GS,NP,Y,Y,,Y
3692849223,HCP06597,,Prescriber9223,323 Main St,Houston,TX,77030,PD,MD,Y,Y,,Y
3693216971,HCP06598,,Prescriber6971,7071 Main St,Baton Rouge,LA,70806,P,NP,Y,Y,,Y
3693590020,HCP06599,,Prescriber0020,120 Main St,Tifton,GA,31794,PD,MD,Y,Y,,Y
3693635187,HCP06600,,Prescriber5187,5287 Main St,Hinsdale,IL,60521,P,MD,Y,Y,,Y
3694063597,HCP06601,,Prescriber3597,3697 Main St,Houston,TX,77030,OTH,RN,Y,Y,,Y
3696004280,HCP06602,,Prescriber4280,4380 Main St,Houston,TX,77030,CLP,MD,Y,Y,,Y
3696168783,HCP06603,,Prescriber8783,8883 Main St,Kansas City,KS,66160,GP,PA,Y,Y,,Y
3696211372,HCP06604,,Prescriber1372,1472 Main St,Houston,TX,77030,PD,MD,Y,Y,,Y
3696457211,HCP06605,,Prescriber7211,7311 Main St,Milwaukee,WI,53213,FM,MD,Y,Y,,Y
3696626497,Jason,N,Burton,3855 Trueman Ct,Columbus,OH,43205,PD,MD,Y,Y,C,
3696742347,HCP06606,,Prescriber2347,2447 Main St,Clinton,SC,29325,FM,NP,Y,Y,,Y
3697144379,Helen,R,Avila,6000A Sawgrass Village Cir,Ponte Vedra Beach,FL,32082,P,MD,Y,Y,C,
3698395927,Maurice,L,Barnes,6920 Parkdale Pl Ste 109,Indianapolis,IN,46254,ADL,MD,Y,Y,B,
3698987294,Jonathan,L,Johnson,256 Bunn Dr Ste 6,Watchung,NJ,07069,P,NP,Y,Y,A,
3699467794,HCP06607,,Prescriber7794,7894 Main St,Houston,TX,77030,PTH,MD,Y,Y,,Y
3700408411,HCP06608,,Prescriber8411,8511 Main St,Atlanta,GA,30322,PD,DO,Y,Y,,Y
3700508987,HCP06609,,Prescriber8987,9087 Main St,Baton Rouge,LA,70806,ADL,MD,Y,Y,,Y
3700872645,HCP06610,,Prescriber2645,2745 Main St,Parkersburg,IA,50665,P,NP,Y,Y,,Y
3701226882,HCP06611,,Prescriber6882,6982 Main St,Kansas City,KS,66160,EM,NP,Y,Y,,Y
3701484639,Teresa,M,Ramirez,1140 N Milwaukee Ave Ste 1,Arlington Heights,IL,60005,P,NP,Y,Y,B,
3701851616,HCP06612,,Prescriber1616,1716 Main St,Hoffman Estates,IL,60169,PD,MD,Y,Y,,Y
3702768711,HCP06613,,Prescriber8711,8811 Main St,Hamilton,OH,45011,PD,DO,Y,Y,,Y
3702994495,HCP06614,,Prescriber4495,4595 Main St,Atlanta,GA,30322,GP,RN,Y,Y,,Y
3703129124,HCP06615,,Prescriber9124,224 Main St,Houston,TX,77030,AC,NP,Y,Y,,Y
3703176268,Cheryl,B,Washington,100 Nash Medical Arts Mall,Rocky Mount,NC,27804,PD,MD,Y,Y,,Y
3703547412,HCP06616,,Prescriber7412,7512 Main St,Boca Raton,FL,33486,CHN,MD,Y,Y,,Y
3704286373,HCP06617,,Prescriber6373,6473 Main St,Wichita,KS,67218,CHP,MD,Y,Y,,Y
3704878064,HCP06618,,Prescriber8064,8164 Main St,Fort Wayne,IN,46808,DBP,NP,Y,Y,,Y
3705706077,Theodore,J,Pruitt,710 Colonial Dr,Baton Rouge,LA,70806,PD,MD,Y,Y,,
3706243590,HCP06619,,Prescriber3590,3690 Main St,New York,NY,10003,ADM,MD,Y,Y,,Y
3706391311,HCP06620,,Prescriber1311,1411 Main St,Piedmont,SC,29673,PD,MD,Y,Y,,Y
3706490393,John,L,Ayala,7700 Lakeview Pkwy Ste 300 B,Rowlett,TX,75088,AI,MD,Y,Y,,Y
3706895096,HCP06621,,Prescriber5096,5196 Main St,Houston,TX,77030,FM,MD,Y,Y,,Y
3707106875,HCP06622,,Prescriber6875,6975 Main St,Lincoln,NE,68516,P,NP,Y,Y,,Y
3707120545,HCP06623,,Prescriber0545,645 Main St,High Point,NC,27265,PD,MD,Y,Y,,Y
3707270009,HCP06624,,Prescriber0009,109 Main St,Simpsonville,SC,29681,PD,MD,Y,Y,,Y
3707463692,HCP06625,,Prescriber3692,3792 Main St,Houston,TX,77030,PD,MD,Y,Y,,Y
3708823429,HCP06626,,Prescriber3429,3529 Main St,Atlanta,GA,30322,FM,NP,Y,Y,,Y
3709193342,HCP06627,,Prescriber3342,3442 Main St,Muskegon,MI,49445,P,NP,Y,Y,,Y
3710358532,HCP06628,,Prescriber8532,8632 Main St,Houston,TX,77030,IM,MD,Y,Y,,Y
3710825728,HCP06629,,Prescriber5728,5828 Main St,Houston,TX,77030,PTH,MD,Y,Y,,Y
3710929551,HCP06630,,Prescriber9551,651 Main St,Knoxville,TN,37938,FM,NP,Y,Y,,Y
3711005537,HCP06631,,Prescriber5537,5637 Main St,Houston,TX,77030,PDC,MD,Y,Y,,Y
3711020288,HCP06632,,Prescriber0288,388 Main St,Houston,TX,77030,EM,DO,Y,Y,,Y
3711154891,HCP06633,,Prescriber4891,4991 Main St,Houston,TX,77030,FM,NP,Y,Y,,Y
3711789153,HCP06634,,Prescriber9153,253 Main St,Saint Joseph,MI,49085,FM,MD,Y,Y,,Y
3711796461,HCP06635,,Prescriber6461,6561 Main St,Chicago,IL,60612,GS,PA,Y,Y,,Y
3711844650,HCP06636,,Prescriber4650,4750 Main St,Houston,TX,77030,NEP,MD,Y,Y,,Y
3711989984,Jacob,M,Jones,180 Fort Washington Ave,New York,NY,10032,CHN,MD,Y,Y,C,
3712405394,HCP06637,,Prescriber5394,5494 Main St,Davenport,IA,52807,FM,MD,Y,Y,,Y
3713292090,HCP06638,,Prescriber2090,2190 Main St,Philadelphia,PA,19104,NS,PA,Y,Y,,Y
3713636883,HCP06639,,Prescriber6883,6983 Main St,Columbus,OH,43222,GP,NP,Y,Y,,Y
3714561964,HCP06640,,Prescriber1964,2064 Main St,Miami,FL,33136,PSC,PSY,Y,Y,,Y
3714678916,HCP06641,,Prescriber8916,9016 Main St,Houston,TX,77030,PD,MD,Y,Y,,Y
3714938057,HCP06642,,Prescriber8057,8157 Main St,Chicago,IL,60612,POD,DPM,Y,Y,,Y
3715392712,HCP06643,,Prescriber2712,2812 Main St,Iowa City,IA,52242,P,MD,Y,Y,,Y
3715799456,Anthony,A,Hodge,1030 E Guadalupe Rd,Surprise,AZ,85374,P,PA,Y,Y,C,
3716537913,HCP06644,,Prescriber7913,8013 Main St,Houston,TX,77030,PMD,PA,Y,Y,,Y
3716807494,HCP06645,,Prescriber7494,7594 Main St,Babylon,NY,11702,CHN,NP,Y,Y,,Y
3716870652,HCP06646,,Prescriber0652,752 Main St,Atlanta,GA,30322,FM,NP,Y,Y,,Y
3716924634,HCP06647,,Prescriber4634,4734 Main St,Yonkers,NY,10701,FPG,MD,Y,Y,,Y
3717213444,Rebecca,B,Miller,8701 New Trails Dr Ste 150,The Woodlands,TX,77381,P,MD,Y,Y,A,
3717757400,HCP06648,,Prescriber7400,7500 Main St,New Orleans,LA,70115,IM,MD,Y,Y,,Y
3717793419,HCP06649,,Prescriber3419,3519 Main St,Houston,TX,77030,CD,NP,Y,Y,,Y
3718054865,HCP06650,,Prescriber4865,4965 Main St,Houston,TX,77030,PD,MD,Y,Y,,Y
3718881668,HCP06651,,Prescriber1668,1768 Main St,Brooklyn,NY,11218,P,NP,Y,Y,,Y
3719619691,HCP06652,,Prescriber9691,791 Main St,Savannah,GA,31408,FM,MD,Y,Y,,Y
3719806290,HCP06653,,Prescriber6290,6390 Main St,Brooklyn,NY,11249,FM,DO,Y,Y,,Y
3719900868,HCP06654,,Prescriber0868,968 Main St,Fort Worth,TX,76132,PD,MD,Y,Y,,Y
3720568279,HCP06655,,Prescriber8279,8379 Main St,Liverpool,NY,13090,FM,MD,Y,Y,,Y
3720724605,HCP06656,,Prescriber4605,4705 Main St,Augusta,GA,30912,P,MD,Y,Y,,Y
3720892682,Penny,L,Cruz,111 Hilltop St,Rutherford College,NC,28671,PD,NP,Y,Y,,Y
3721293036,HCP06657,,Prescriber3036,3136 Main St,New Orleans,LA,70112,GP,PA,Y,Y,,Y
3721610732,HCP06658,,Prescriber0732,832 Main St,Columbus,OH,43205,PD,DO,Y,Y,,Y
3721937380,HCP06659,,Prescriber7380,7480 Main St,Houston,TX,77030,PD,MD,Y,Y,,Y
3723443744,Louis,W,Perry,2 Wheeler St,Savannah,GA,31405,PD,MD,N,Y,B,
3723724457,HCP06660,,Prescriber4457,4557 Main St,Greenville,SC,29607,P,NP,Y,Y,,Y
3724214978,Marcus,I,Fletcher,508 S Habana Ave Ste 340,Tampa,FL,33609,CHN,MD,Y,Y,A,
3724464283,HCP06661,,Prescriber4283,4383 Main St,Roanoke,VA,24013,PD,NP,Y,Y,,Y
3724913169,HCP06662,,Prescriber3169,3269 Main St,Nashville,TN,37232,GP,MD,Y,Y,,Y
3725559874,HCP06663,,Prescriber9874,974 Main St,Houston,TX,77030,PS,MD,Y,Y,,Y
3726018119,HCP06664,,Prescriber8119,8219 Main St,Houston,TX,77030,GP,NP,Y,Y,,Y
3726816172,HCP06665,,Prescriber6172,6272 Main St,Madison,WI,53792,GP,MD,Y,Y,,Y
3727617738,HCP06666,,Prescriber7738,7838 Main St,Charleston,SC,29425,CD,MD,Y,Y,,Y
3728108132,HCP06667,,Prescriber8132,8232 Main St,Richmond,VA,23298,GS,PA,Y,Y,,Y
3728644177,HCP06668,,Prescriber4177,4277 Main St,Iowa City,IA,52242,FM,MD,Y,Y,,Y
3728711829,HCP06669,,Prescriber1829,1929 Main St,Houston,TX,77030,GPM,DO,Y,Y,,Y
3729799673,HCP06670,,Prescriber9673,773 Main St,Alpharetta,GA,30022,P,MD,Y,Y,,Y
3730002160,HCP06671,,Prescriber2160,2260 Main St,Durham,NC,27705,P,NP,Y,Y,,Y
3730663488,Jessica,V,Johnson,400 Altair Pkwy Ste 4100,Westerville,OH,43082,PD,MD,Y,Y,C,
3730727445,HCP06672,,Prescriber7445,7545 Main St,Houston,TX,77030,PTH,MD,Y,Y,,Y
3730871458,HCP06673,,Prescriber1458,1558 Main St,Cleveland,OH,44195,GP,PA,Y,Y,,Y
3730895836,Jennifer,J,Molina,11840 Nicholas St Ste 101,Council Bluffs,IA,51501,P,NP,Y,Y,B,
3730989704,HCP06674,,Prescriber9704,804 Main St,Birmingham,AL,35209,PD,MD,Y,Y,,Y
3731091394,HCP06675,,Prescriber1394,1494 Main St,Denver,CO,80204,P,MD,Y,Y,,Y
3731252840,Brian,R,Hunter,6150 SW 76th St Fl 1,South Miami,FL,33143,GP,NP,Y,Y,,Y
3731575198,HCP06676,,Prescriber5198,5298 Main St,Houston,TX,77030,GP,PA,Y,Y,,Y
3731857808,Kayla,,Hernandez,7940 Shoal Creek Blvd Ste 100,Austin,TX,78757,PPR,MD,N,Y,,Y
3731930809,HCP06677,,Prescriber0809,909 Main St,Houston,TX,77030,FM,MD,Y,Y,,Y
3732628690,HCP06678,,Prescriber8690,8790 Main St,Carrollton,GA,30117,DBP,MD,Y,Y,,Y
3733316508,HCP06679,,Prescriber6508,6608 Main St,Houston,TX,77030,FM,NP,Y,Y,,Y
3733921702,HCP06680,,Prescriber1702,1802 Main St,Houston,TX,77030,CD,MD,Y,Y,,Y
3734366709,HCP06681,,Prescriber6709,6809 Main St,New Orleans,LA,70112,FM,NP,Y,Y,,Y
3734801916,HCP06682,,Prescriber1916,2016 Main St,Bronx,NY,10457,PED,DMD,Y,Y,,Y
3734970385,HCP06683,,Prescriber0385,485 Main St,Houston,TX,77030,FM,DO,Y,Y,,Y
3734977944,HCP06684,,Prescriber7944,8044 Main St,Manhasset,NY,11030,P,MD,Y,Y,,Y
3735195909,HCP06685,,Prescriber5909,6009 Main St,Americus,GA,31709,PD,MD,Y,Y,,Y
3736175307,Nathan,A,Barnes,1925 W Park Dr,N Wilkesboro,NC,28659,PD,MD,Y,Y,,Y
3736714602,HCP06686,,Prescriber4602,4702 Main St,Richmond,VA,23298,GP,PA,Y,Y,,Y
3736814774,HCP06687,,Prescriber4774,4874 Main St,Houston,TX,77030,N,MD,Y,Y,,Y
3737571298,HCP06688,,Prescriber1298,1398 Main St,Louisville,KY,40218,P,NP,Y,Y,,Y
3738033428,HCP06689,,Prescriber3428,3528 Main St,Fort Mill,SC,29707,FM,NP,Y,Y,,Y
3739380491,HCP06690,,Prescriber0491,591 Main St,Nashville,TN,37204,PD,MD,Y,Y,,Y
3739979882,HCP06691,,Prescriber9882,982 Main St,New York,NY,10032,CHP,MD,Y,Y,,Y
3740521836,HCP06692,,Prescriber1836,1936 Main St,Washington,DC,20024,HO,NP,Y,Y,,Y
3740836391,HCP06693,,Prescriber6391,6491 Main St,Greenville,NC,27834,P,NP,Y,Y,,Y
3741077153,HCP06694,,Prescriber7153,7253 Main St,Houston,TX,77030,D,MD,Y,Y,,Y
3741631171,Richard,L,Espinoza,2607 W Arrowood Rd,Charlotte,NC,28273,PD,NP,Y,Y,,Y
3741698240,HCP06695,,Prescriber8240,8340 Main St,Mobile,AL,36693,P,NP,Y,Y,,Y
3741717045,HCP06696,,Prescriber7045,7145 Main St,Cleveland,OH,44195,PHO,MD,Y,Y,,Y
3742994881,HCP06697,,Prescriber4881,4981 Main St,Houston,TX,77030,PD,MD,Y,Y,,Y
3743576629,HCP06698,,Prescriber6629,6729 Main St,Brentwood,TN,37027,P,NP,Y,Y,,Y
3744245817,HCP06699,,Prescriber5817,5917 Main St,Saint Louis,MO,63110,FM,MD,Y,Y,,Y
3745483128,HCP06700,,Prescriber3128,3228 Main St,Phoenix,AZ,85032,P,NP,Y,Y,,Y
3746769207,HCP06701,,Prescriber9207,307 Main St,Monticello,IL,61856,FM,DO,Y,Y,,Y
3747098890,Joan,C,Ellison,1861 Sh-276,Rockwall,TX,75032,PD,MD,Y,Y,,Y
3747356505,HCP06702,,Prescriber6505,6605 Main St,Houston,TX,77030,IM,MD,Y,Y,,Y
3748827026,HCP06703,,Prescriber7026,7126 Main St,Chicago,IL,60612,ON,PA,Y,Y,,Y
3750452419,HCP06704,,Prescriber2419,2519 Main St,Houston,TX,77030,OBG,MD,Y,Y,,Y
3751870388,HCP06705,,Prescriber0388,488 Main St,Sewickley,PA,15143,PD,MD,Y,Y,,Y
3752162830,HCP06706,,Prescriber2830,2930 Main St,Orlando,FL,32803,GP,DO,Y,Y,,Y
3752222216,HCP06707,,Prescriber2216,2316 Main St,Nashville,TN,37228,P,NP,Y,Y,,Y
3754151108,HCP06708,,Prescriber1108,1208 Main St,Cincinnati,OH,45224,P,NP,Y,Y,,Y
3754752812,Janice,W,Perkins,8200 W Central Ave,Scott City,KS,67871,FM,DO,Y,Y,B,
3754870129,HCP06709,,Prescriber0129,229 Main St,Houston,TX,77030,OTO,MD,Y,Y,,Y
3755323275,HCP06710,,Prescriber3275,3375 Main St,Lancaster,PA,17601,IM,MD,Y,Y,,Y
3755348340,HCP06711,,Prescriber8340,8440 Main St,Richmond,VA,23298,EM,MD,Y,Y,,Y
3756039013,HCP06712,,Prescriber9013,113 Main St,Dallas,TX,75246,PTH,MD,Y,Y,,Y
3756978072,Jamie,E,Rivera,575 Madison Ave Ste 1016 Fl 10,New York,NY,10022,P,MD,Y,Y,C,
3756982944,HCP06713,,Prescriber2944,3044 Main St,Oswego,IL,60543,OBG,NP,Y,Y,,Y
3757191227,HCP06714,,Prescriber1227,1327 Main St,Baton Rouge,LA,70817,GP,DO,Y,Y,,Y
3757342176,HCP06715,,Prescriber2176,2276 Main St,Ninety Six,SC,29666,FM,MD,Y,Y,,Y
3759182760,Paul,A,Nguyen,3333 Burnet Ave,Cincinnati,OH,45229,PD,MD,Y,Y,B,
3759564544,HCP06716,,Prescriber4544,4644 Main St,Howard Beach,NY,11414,PD,NP,Y,Y,,Y
3759620125,HCP06717,,Prescriber0125,225 Main St,Houston,TX,77030,CHP,MD,Y,Y,,Y
3759877283,HCP06718,,Prescriber7283,7383 Main St,Westlake,OH,44145,PD,MD,Y,Y,,Y
3760576874,HCP06719,,Prescriber6874,6974 Main St,Anniston,AL,36201,P,MD,Y,Y,,Y
3760922716,HCP06720,,Prescriber2716,2816 Main St,Roswell,GA,30076,FM,MD,Y,Y,,Y
3760966608,HCP06721,,Prescriber6608,6708 Main St,Houston,TX,77030,FM,NP,Y,Y,,Y
3760985196,HCP06722,,Prescriber5196,5296 Main St,Houston,TX,77030,OBG,MD,Y,Y,,Y
3761255979,HCP06723,,Prescriber5979,6079 Main St,Houston,TX,77030,PD,PVN,Y,Y,,Y
3761653916,Wendy,T,Ramirez,5000 Cedar Plaza Pkwy Ste 350,Saint Louis,MO,63128,P,MD,Y,Y,A,
3762087990,Omar,,Adams,111 3rd Ave,New York,NY,10003,FM,MD,Y,Y,A,
3762784232,HCP06724,,Prescriber4232,4332 Main St,Austin,TX,78738,FM,DO,Y,Y,,Y
3763084610,HCP06725,,Prescriber4610,4710 Main St,Middletown,NY,10940,PD,NP,Y,Y,,Y
3763477319,HCP06726,,Prescriber7319,7419 Main St,Towson,MD,21204,P,MD,Y,Y,,Y
3765365187,HCP06727,,Prescriber5187,5287 Main St,Houston,TX,77030,PD,MD,Y,Y,,Y
3766947750,HCP06728,,Prescriber7750,7850 Main St,Miami,FL,33136,P,MD,Y,Y,,Y
3766961162,HCP06729,,Prescriber1162,1262 Main St,Houston,TX,77030,PD,MD,Y,Y,,Y
3767580288,Jared,M,Cox,2 Lincoln Ave Ste 302,Rockville Centre,NY,11570,AI,DO,Y,Y,,Y
3767691696,HCP06730,,Prescriber1696,1796 Main St,Houston,TX,77030,PD,MD,Y,Y,,Y
3767741709,HCP06731,,Prescriber1709,1809 Main St,Raleigh,NC,27609,PD,NP,Y,Y,,Y
3768028401,HCP06732,,Prescriber8401,8501 Main St,New York,NY,10016,RHU,MD,Y,Y,,Y
3768112741,HCP06733,,Prescriber2741,2841 Main St,Houston,TX,77030,ADL,MD,Y,Y,,Y
3768281866,HCP06734,,Prescriber1866,1966 Main St,Richmond,VA,23298,PS,MD,Y,Y,,Y
3768727582,HCP06735,,Prescriber7582,7682 Main St,Tulsa,OK,74135,US,MD,Y,Y,,Y
3769449677,HCP06736,,Prescriber9677,777 Main St,Sugar Land,TX,77479,FM,MD,Y,Y,,Y
3769988024,HCP06737,,Prescriber8024,8124 Main St,Maumee,OH,43537,PD,MD,Y,Y,,Y
3770017539,HCP06738,,Prescriber7539,7639 Main St,Hallandale,FL,33009,P,NP,Y,Y,,Y
3771194031,HCP06739,,Prescriber4031,4131 Main St,Gulfport,MS,39503,PD,MD,Y,Y,,Y
3771327462,HCP06740,,Prescriber7462,7562 Main St,Houston,TX,77030,IM,MD,Y,Y,,Y
3771360591,HCP06741,,Prescriber0591,691 Main St,Franklin,TN,37064,P,NP,Y,Y,,Y
3772339673,HCP06742,,Prescriber9673,773 Main St,Houston,TX,77030,CD,MD,Y,Y,,Y
3772670676,HCP06743,,Prescriber0676,776 Main St,Miami,FL,33136,EM,DO,Y,Y,,Y
3772949179,Patricia,F,Cunningham,46325 W 12 Mile Rd Ste 240,Novi,MI,48377,PD,PA,Y,Y,,Y
3772987335,HCP06744,,Prescriber7335,7435 Main St,Houston,TX,77030,IM,MD,Y,Y,,Y
3773091008,HCP06745,,Prescriber1008,1108 Main St,San Antonio,TX,78209,PD,MD,Y,Y,,Y
3773126272,HCP06746,,Prescriber6272,6372 Main St,Indianapolis,IN,46202,GP,PA,Y,Y,,Y
3773451858,HCP06747,,Prescriber1858,1958 Main St,Canton,OH,44718,IM,MD,Y,Y,,Y
3773742052,HCP06748,,Prescriber2052,2152 Main St,Syosset,NY,11791,PD,MD,Y,Y,,Y
3773789856,HCP06749,,Prescriber9856,956 Main St,Houston,TX,77030,NEP,MD,Y,Y,,Y
3774571578,HCP06750,,Prescriber1578,1678 Main St,Houston,TX,77030,P,NP,Y,Y,,Y
3774848690,HCP06751,,Prescriber8690,8790 Main St,Houston,TX,77030,IM,MD,Y,Y,,Y
3775547207,HCP06752,,Prescriber7207,7307 Main St,Altamonte Springs,FL,32701,FM,PA,Y,Y,,Y
3776385404,HCP06753,,Prescriber5404,5504 Main St,Fort Lauderdale,FL,33324,P,NP,Y,Y,,Y
3776424938,HCP06754,,Prescriber4938,5038 Main St,Houston,TX,77030,DEN,DDS,Y,Y,,Y
3776836732,HCP06755,,Prescriber6732,6832 Main St,Richmond,VA,23298,GE,MD,Y,Y,,Y
3777775384,James,D,James,12461 Timberland Blvd Ste 309,Fort Worth,TX,76244,PD,MD,Y,Y,,Y
3778397428,HCP06756,,Prescriber7428,7528 Main St,Lincoln,NE,68510,NEP,NP,Y,Y,,Y
3778399151,Elizabeth,B,Hall,4630 Ambassador Caffery Pkwy Ste 308,Lafayette,LA,70508,PDP,NP,Y,Y,,Y
3778501396,HCP06757,,Prescriber1396,1496 Main St,Navarre,FL,32566,FM,MD,Y,Y,,Y
3778764258,HCP06758,,Prescriber4258,4358 Main St,Fishers,IN,46037,FM,MD,Y,Y,,Y
3778776490,HCP06759,,Prescriber6490,6590 Main St,Miami,FL,33136,VS,MD,Y,Y,,Y
3778998706,HCP06760,,Prescriber8706,8806 Main St,Atlanta,GA,30310,PD,MD,Y,Y,,Y
3779350596,HCP06761,,Prescriber0596,696 Main St,Atlanta,GA,30319,FM,MD,Y,Y,,Y
3779544662,HCP06762,,Prescriber4662,4762 Main St,Houston,TX,77030,HOS,MD,Y,Y,,Y
3779787830,HCP06763,,Prescriber7830,7930 Main St,North Babylon,NY,11703,PD,NP,Y,Y,,Y
3779857310,HCP06764,,Prescriber7310,7410 Main St,Houston,TX,77030,PD,MD,Y,Y,,Y
3780418282,HCP06765,,Prescriber8282,8382 Main St,Houston,TX,77030,CHN,MD,Y,Y,,Y
3780634646,HCP06766,,Prescriber4646,4746 Main St,Houston,TX,77030,DEN,DDS,Y,Y,,Y
3781092901,HCP06767,,Prescriber2901,3001 Main St,Wilkes Barre,PA,18711,FM,DO,Y,Y,,Y
3782512298,HCP06768,,Prescriber2298,2398 Main St,Beverly Hills,CA,90212,ADU,NP,Y,Y,,Y
3782534517,HCP06769,,Prescriber4517,4617 Main St,Houston,TX,77030,AN,MD,Y,Y,,Y
3782977182,HCP06770,,Prescriber7182,7282 Main St,Charleston,SC,29425,PD,MD,Y,Y,,Y
3783361307,Adam,M,Gray,1451 10th St,Sarasota,FL,34236,P,NP,Y,Y,C,
3783516312,HCP06771,,Prescriber6312,6412 Main St,Annapolis,MD,21401,P,NP,Y,Y,,Y
3785629658,Tina,R,Castaneda,3000 Johnson Ferry Rd Ste 204,Marietta,GA,30062,PD,MD,Y,Y,C,
3785697832,HCP06772,,Prescriber7832,7932 Main St,Denver,CO,80214,P,NP,Y,Y,,Y
3786822841,HCP06773,,Prescriber2841,2941 Main St,Morehead,KY,40351,FM,DO,Y,Y,,Y
3786878959,HCP06774,,Prescriber8959,9059 Main St,Houston,TX,77030,OTO,MD,Y,Y,,Y
3786931099,HCP06775,,Prescriber1099,1199 Main St,Houston,TX,77030,IM,MD,Y,Y,,Y
3787626858,HCP06776,,Prescriber6858,6958 Main St,Houston,TX,77030,AN,MD,Y,Y,,Y
3787917319,HCP06777,,Prescriber7319,7419 Main St,Lebanon,IN,46052,PD,NP,Y,Y,,Y
3788080505,Erica,M,Novak,14315 108th Ave Ste 215,Orland Park,IL,60467,P,NP,Y,Y,C,
3788359507,HCP06778,,Prescriber9507,607 Main St,Ashtabula,OH,44004,P,NP,Y,Y,,Y
3788395173,Carl,N,Conway,15521 Midlothian Tpke Ste 105,Midlothian,VA,23113,P,NP,Y,Y,A,
3789164948,HCP06779,,Prescriber4948,5048 Main St,Noblesville,IN,46062,PD,MD,Y,Y,,Y
3789228103,HCP06780,,Prescriber8103,8203 Main St,New York,NY,10017,FM,MD,Y,Y,,Y
3789381174,HCP06781,,Prescriber1174,1274 Main St,Glen Burnie,MD,21061,GP,PA,Y,Y,,Y
3789574211,James,B,Payne,215 Rue Fontaine,Lafayette,LA,70508,P,NP,Y,Y,A,
3789875744,Kathryn,M,Campbell,6812 Harrisburg Blvd,Houston,TX,77011,PD,MD,Y,Y,,Y
3789967642,HCP06782,,Prescriber7642,7742 Main St,Indianapolis,IN,46202,PD,MD,Y,Y,,Y
3790142246,HCP06783,,Prescriber2246,2346 Main St,Philadelphia,PA,19133,P,NP,Y,Y,,Y
3790685799,HCP06784,,Prescriber5799,5899 Main St,Charleston,SC,29425,PD,MD,Y,Y,,Y
3791188201,HCP06785,,Prescriber8201,8301 Main St,Durham,NC,27705,PM,MD,Y,Y,,Y
3791353786,HCP06786,,Prescriber3786,3886 Main St,Houston,TX,77030,OPH,MD,Y,Y,,Y
3791511644,HCP06787,,Prescriber1644,1744 Main St,Philadelphia,PA,19104,FM,DO,Y,Y,,Y
3791629568,HCP06788,,Prescriber9568,668 Main St,Houston,TX,77030,N,MD,Y,Y,,Y
3792305671,HCP06789,,Prescriber5671,5771 Main St,Houston,TX,77030,CHP,MD,Y,Y,,Y
3792481207,HCP06790,,Prescriber1207,1307 Main St,Newburgh,IN,47630,PD,MD,Y,Y,,Y
3793123307,HCP06791,,Prescriber3307,3407 Main St,Houston,TX,77030,EM,MD,Y,Y,,Y
3794327946,HCP06792,,Prescriber7946,8046 Main St,Houston,TX,77030,OBG,MD,Y,Y,,Y
3794526868,HCP06793,,Prescriber6868,6968 Main St,Richmond,VA,23298,GP,PA,Y,Y,,Y
3795205962,HCP06794,,Prescriber5962,6062 Main St,Houston,TX,77030,REN,MD,Y,Y,,Y
3795894859,HCP06795,,Prescriber4859,4959 Main St,Altamonte Springs,FL,32714,P,NP,Y,Y,,Y
3797216223,HCP06796,,Prescriber6223,6323 Main St,Queen Creek,AZ,85142,FM,NP,Y,Y,,Y
3797743068,HCP06797,,Prescriber3068,3168 Main St,Houston,TX,77030,HO,MD,Y,Y,,Y
3797928469,HCP06798,,Prescriber8469,8569 Main St,Auburn,AL,36830,PD,MD,Y,Y,,Y
3798979796,HCP06799,,Prescriber9796,896 Main St,Lutherville Timonium,MD,21093,PD,MD,Y,Y,,Y
3799718567,HCP06800,,Prescriber8567,8667 Main St,Troutdale,OR,97060,GP,DO,Y,Y,,Y
3799811468,HCP06801,,Prescriber1468,1568 Main St,Miami,FL,33165,P,NP,Y,Y,,Y
3799841616,HCP06802,,Prescriber1616,1716 Main St,Mooresville,NC,28117,P,PA,Y,Y,,Y
3800050622,HCP06803,,Prescriber0622,722 Main St,Milwaukee,WI,53226,PHM,PHAR,Y,Y,,Y
3800177365,HCP06804,,Prescriber7365,7465 Main St,Bridgeville,PA,15017,FM,NP,Y,Y,,Y
3801745977,HCP06805,,Prescriber5977,6077 Main St,Houston,TX,77030,N,MD,Y,Y,,Y
3802043807,HCP06806,,Prescriber3807,3907 Main St,Houston,TX,77030,DEN,DDS,Y,Y,,Y
3802320350,HCP06807,,Prescriber0350,450 Main St,Hiram,GA,30141,PD,MD,Y,Y,,Y
3803040940,HCP06808,,Prescriber0940,1040 Main St,Atlanta,GA,30322,HO,PA,Y,Y,,Y
3803340551,HCP06809,,Prescriber0551,651 Main St,Cleveland,OH,44195,EM,MD,Y,Y,,Y
3803342670,HCP06810,,Prescriber2670,2770 Main St,Flowood,MS,39232,PD,DO,Y,Y,,Y
3803545700,HCP06811,,Prescriber5700,5800 Main St,Kansas City,KS,66160,CD,PA,Y,Y,,Y
3803782914,HCP06812,,Prescriber2914,3014 Main St,Charlotte,NC,28208,GP,NP,Y,Y,,Y
3804790815,HCP06813,,Prescriber0815,915 Main St,Houston,TX,77030,FM,MD,Y,Y,,Y
3804942149,HCP06814,,Prescriber2149,2249 Main St,Lafayette,LA,70508,P,NP,Y,Y,,Y
3804978860,HCP06815,,Prescriber8860,8960 Main St,Houston,TX,77004,FM,DO,Y,Y,,Y
3805188414,HCP06816,,Prescriber8414,8514 Main St,Jackson,MS,39216,P,MD,Y,Y,,Y
3805444943,HCP06817,,Prescriber4943,5043 Main St,Miami,FL,33136,ADU,NP,Y,Y,,Y
3805925294,HCP06818,,Prescriber5294,5394 Main St,Sunset,LA,70584,FM,NP,Y,Y,,Y
3806063091,HCP06819,,Prescriber3091,3191 Main St,Northport,NY,11768,PD,MD,Y,Y,,Y
3806417249,HCP06820,,Prescriber7249,7349 Main St,Charlotte,NC,28273,P,PA,Y,Y,,Y
3807722683,HCP06821,,Prescriber2683,2783 Main St,Pittsburgh,PA,15213,P,MD,Y,Y,,Y
3807798162,Heather,,Rowland,3755 15 Mile Rd,Sterling Heights,MI,48310,PD,MD,Y,Y,,Y
3808341670,HCP06822,,Prescriber1670,1770 Main St,Kansas City,KS,66160,OPT,OD,Y,Y,,Y
3808517241,HCP06823,,Prescriber7241,7341 Main St,Walled Lake,MI,48390,PD,MD,Y,Y,,Y
3808623596,Tammy,L,Wilson,2545 106th St,West Des Moines,IA,50266,P,NP,Y,Y,B,
3808729076,HCP06824,,Prescriber9076,176 Main St,Houston,TX,77030,PD,MD,Y,Y,,Y
3810271588,HCP06825,,Prescriber1588,1688 Main St,Columbus,GA,31904,FM,MD,Y,Y,,Y
3810648470,HCP06826,,Prescriber8470,8570 Main St,Houston,TX,77030,FM,NP,Y,Y,,Y
3810655245,HCP06827,,Prescriber5245,5345 Main St,Houston,TX,77030,PER,DDS,Y,Y,,Y
3810705322,Scott,A,Alexander,14405 Arbor Green Trl Ste 101,Lakewood Ranch,FL,34202,ADL,MD,Y,Y,B,
3811258416,HCP06828,,Prescriber8416,8516 Main St,Birmingham,AL,35242,PD,MD,Y,Y,,Y
3811998621,HCP06829,,Prescriber8621,8721 Main St,Flushing,NY,11354,PD,MD,Y,Y,,Y
3812022315,HCP06830,,Prescriber2315,2415 Main St,Phoenix,AZ,85016,PD,MD,Y,Y,,Y
3813611861,HCP06831,,Prescriber1861,1961 Main St,Hattiesburg,MS,39402,FM,NP,Y,Y,,Y
3813958913,HCP06832,,Prescriber8913,9013 Main St,Raleigh,NC,27616,P,NP,Y,Y,,Y
3814367988,Joshua,P,Daniel,2121 Park St,Jacksonville,FL,32204,PD,MD,Y,Y,B,
3814398821,HCP06833,,Prescriber8821,8921 Main St,Houston,TX,77030,EM,MD,Y,Y,,Y
3814554714,HCP06834,,Prescriber4714,4814 Main St,Houston,TX,77030,OPH,MD,Y,Y,,Y
3814606146,Kyle,B,Smith,720 Kenyon Rd,Fort Dodge,IA,50501,P,MD,Y,Y,C,
3814697814,Alec,E,Rojas,9017 Cross Park Dr,Knoxville,TN,37923,PD,NP,Y,Y,C,
3815229521,HCP06835,,Prescriber9521,621 Main St,Baltimore,MD,21209,P,MD,Y,Y,,Y
3815285018,Jeremy,T,Morrison,4775 Knightsbridge Blvd Ste 207,Columbus,OH,43214,PD,MD,Y,Y,C,
3816016406,HCP06836,,Prescriber6406,6506 Main St,Houston,TX,77030,FM,NP,Y,Y,,Y
3816485361,Kendra,E,Guzman,1120 Polaris Pkwy Ste 200,Columbus,OH,43240,FM,DO,Y,Y,C,
3816650856,HCP06837,,Prescriber0856,956 Main St,Jackson,MS,39216,PD,MD,Y,Y,,Y
3817020093,HCP06838,,Prescriber0093,193 Main St,Saint Louis,MO,63110,U,MD,Y,Y,,Y
3817045042,HCP06839,,Prescriber5042,5142 Main St,Cleveland,OH,44195,GS,RN,Y,Y,,Y
3818195979,HCP06840,,Prescriber5979,6079 Main St,Houston,TX,77030,PD,MD,Y,Y,,Y
3818516767,HCP06841,,Prescriber6767,6867 Main St,Houston,TX,77030,FM,MD,Y,Y,,Y
3818560543,HCP06842,,Prescriber0543,643 Main St,San Antonio,TX,78229,P,MD,Y,Y,,Y
3819917265,HCP06843,,Prescriber7265,7365 Main St,Houston,TX,77030,GP,PA,Y,Y,,Y
3820032058,HCP06844,,Prescriber2058,2158 Main St,Scottsdale,AZ,85251,P,MD,Y,Y,,Y
3820602002,Joshua,,Mcdonald,75 Veronica Ave Ste 202,Somerset,NJ,08873,P,MD,Y,Y,C,
3820960354,HCP06845,,Prescriber0354,454 Main St,Chicago,IL,60612,PTH,MD,Y,Y,,Y
3821143208,HCP06846,,Prescriber3208,3308 Main St,College Station,TX,77840,FM,MD,Y,Y,,Y
3821221999,HCP06847,,Prescriber1999,2099 Main St,Dunn,NC,28334,PD,MD,Y,Y,,Y
3821541158,HCP06848,,Prescriber1158,1258 Main St,Nashville,TN,37208,P,PA,Y,Y,,Y
3822328386,HCP06849,,Prescriber8386,8486 Main St,Miami,FL,33136,GE,MD,Y,Y,,Y
3822812788,HCP06850,,Prescriber2788,2888 Main St,Great Neck,NY,11021,PD,MD,Y,Y,,Y
3822920797,HCP06851,,Prescriber0797,897 Main St,Arlington Heights,IL,60004,PD,MD,Y,Y,,Y
3823339649,HCP06852,,Prescriber9649,749 Main St,Cleveland,OH,44195,PS,MD,Y,Y,,Y
3823365739,Stephanie,E,Malone,3330 Erie Ave Ste 7,Cincinnati,OH,45208,P,NP,Y,Y,A,
3823703738,Antonio,C,Kim,115 Christopher Columbus Dr Ste 301,Jersey City,NJ,07302,IM,MD,Y,Y,,Y
3824118504,HCP06853,,Prescriber8504,8604 Main St,Houston,TX,77030,FM,NP,Y,Y,,Y
3824840208,Heather,E,Smith,358 San Lorenzo Ave Ste 3230,Coral Gables,FL,33146,PD,MD,Y,Y,,Y
3825039502,HCP06854,,Prescriber9502,602 Main St,Hatboro,PA,19040,PD,DO,Y,Y,,Y
3825117140,HCP06855,,Prescriber7140,7240 Main St,Atlanta,GA,30322,GP,PA,Y,Y,,Y
3826023208,HCP06856,,Prescriber3208,3308 Main St,Lithia Springs,GA,30122,P,NP,Y,Y,,Y
3826390117,HCP06857,,Prescriber0117,217 Main St,Norfolk,VA,23507,ADM,MD,Y,Y,,Y
3826453836,HCP06858,,Prescriber3836,3936 Main St,Cleveland,OH,44195,GP,NP,Y,Y,,Y
3826811918,Whitney,N,Marquez,10950 W 86th St,Shawnee Mission,KS,66204,FM,NP,Y,Y,A,
3826935708,HCP06859,,Prescriber5708,5808 Main St,Midlothian,VA,23114,PD,DO,Y,Y,,Y
3827185550,HCP06860,,Prescriber5550,5650 Main St,Houston,TX,77030,CCM,MD,Y,Y,,Y
3827660334,Samuel,A,Johnson,1110 E Missouri Ave Ste 360,Phoenix,AZ,85042,P,NP,Y,Y,B,
3828135175,HCP06861,,Prescriber5175,5275 Main St,Norfolk,VA,23510,FM,MD,Y,Y,,Y
3828335118,Manuel,F,Douglas,10745 165th St,Orland Park,IL,60467,P,NP,Y,Y,A,
3828448897,HCP06862,,Prescriber8897,8997 Main St,Chicago,IL,60612,PD,MD,Y,Y,,Y
3829342520,HCP06863,,Prescriber2520,2620 Main St,Houston,TX,77030,DEN,DDS,Y,Y,,Y
3829888544,Brianna,,Zimmerman,10910 Little Patuxent Pkwy Ste 201,Columbia,MD,21044,PD,MD,Y,Y,,Y
3829972111,HCP06864,,Prescriber2111,2211 Main St,Houston,TX,77030,EM,PA,Y,Y,,Y
3830022552,HCP06865,,Prescriber2552,2652 Main St,Kansas City,KS,66160,OPH,MD,Y,Y,,Y
3830277992,HCP06866,,Prescriber7992,8092 Main St,Zanesville,OH,43701,P,NP,Y,Y,,Y
3830745661,HCP06867,,Prescriber5661,5761 Main St,Atlanta,GA,30322,EM,MD,Y,Y,,Y
3831864480,HCP06868,,Prescriber4480,4580 Main St,Houston,TX,77030,OBG,MD,Y,Y,,Y
3831867132,HCP06869,,Prescriber7132,7232 Main St,Bryn Mawr,PA,19010,P,MD,Y,Y,,Y
3832753762,Edward,K,Avery,77 Sugar Creek Center Blvd Ste 330,Sugar Land,TX,77478,P,MD,Y,Y,A,
3833424760,HCP06870,,Prescriber4760,4860 Main St,Miami,FL,33134,P,MD,Y,Y,,Y
3833489784,Sarah,L,Juarez,213 W 4th North St,Summerville,SC,29483,FM,MD,Y,Y,C,
3833805040,HCP06871,,Prescriber5040,5140 Main St,Houston,TX,77030,PED,DDS,Y,Y,,Y
3833931820,HCP06872,,Prescriber1820,1920 Main St,Halethorpe,MD,21227,PD,MD,Y,Y,,Y
3835900749,HCP06873,,Prescriber0749,849 Main St,Houston,TX,77030,GS,DO,Y,Y,,Y
3835962836,HCP06874,,Prescriber2836,2936 Main St,Houston,TX,77030,OBG,MD,Y,Y,,Y
3836336057,Mark,E,Smith,499 Marlboro Rd Ste 1,Old Bridge,NJ,08857,P,NP,Y,Y,C,
3836480964,HCP06875,,Prescriber0964,1064 Main St,Boerne,TX,78006,FM,MD,Y,Y,,Y
3836834599,HCP06876,,Prescriber4599,4699 Main St,Houston,TX,77030,P,NP,Y,Y,,Y
3837059191,Paul,L,Rice,3945 San Jose Park Dr,Jacksonville,FL,32217,PD,MD,Y,Y,C,
3837581101,HCP06877,,Prescriber1101,1201 Main St,Seal Beach,CA,90740,P,NP,Y,Y,,Y
3838883305,HCP06878,,Prescriber3305,3405 Main St,Hattiesburg,MS,39402,FM,NP,Y,Y,,Y
3838903780,Gregory,M,Castaneda,5539 S 27th St Ste 101,Lincoln,NE,68508,P,NP,Y,Y,C,
3839705988,HCP06879,,Prescriber5988,6088 Main St,Houston,TX,77030,FM,DO,Y,Y,,Y
3841878025,HCP06880,,Prescriber8025,8125 Main St,Houston,TX,77030,PTH,MD,Y,Y,,Y
3842938273,HCP06881,,Prescriber8273,8373 Main St,Charleston,SC,29425,FM,NP,Y,Y,,Y
3843259316,HCP06882,,Prescriber9316,416 Main St,Huntersville,NC,28078,FM,MD,Y,Y,,Y
3843689901,Kelly,S,Pugh,823 Ira E Woods Ave Ste 200,Grapevine,TX,76051,P,MD,Y,Y,A,
3843692649,HCP06883,,Prescriber2649,2749 Main St,Englewood,CO,80112,PD,MD,Y,Y,,Y
3844231540,Stephanie,,Kennedy,14410 Sommerville Ct Ste 101,Midlothian,VA,23113,P,MD,Y,Y,A,
3844268433,Kristin,F,Nunez,25097 E Olympia Ave Ste 201,Sarasota,FL,34236,P,MD,Y,Y,C,
3844312218,HCP06884,,Prescriber2218,2318 Main St,Thompsons Station,TN,37179,PD,NP,Y,Y,,Y
3844452733,HCP06885,,Prescriber2733,2833 Main St,Houston,TX,77030,AC,NP,Y,Y,,Y
3844500648,HCP06886,,Prescriber0648,748 Main St,Houston,TX,77030,FM,DO,Y,Y,,Y
3844605826,Ronald,C,Parker,18 8th Street Dr SE Pa 240,Hickory,NC,28602,PD,MD,Y,Y,,Y
3844633864,Edward,A,Herrera,103 Southpointe Dr Ste A,Edwardsville,IL,62025,P,MD,Y,N,C,
3844681271,HCP06887,,Prescriber1271,1371 Main St,Houston,TX,77030,OBG,MD,Y,Y,,Y
3844867542,HCP06888,,Prescriber7542,7642 Main St,Rancho Santa Margarita,CA,92688,PD,MD,Y,Y,,Y
3845422584,Colleen,W,Jones,314 E Highland Mall Blvd Ste 305,San Antonio,TX,78232,FM,DO,Y,Y,A,
3845640223,James,,King,10100 Lantern Rd Ste 125,Fishers,IN,46037,US,NP,Y,Y,C,
3845697854,HCP06889,,Prescriber7854,7954 Main St,Dallas,TX,75231,FM,DO,Y,Y,,Y
3846022571,HCP06890,,Prescriber2571,2671 Main St,Bradenton,FL,34205,PD,MD,Y,Y,,Y
3846427765,HCP06891,,Prescriber7765,7865 Main St,Garden City,NY,11530,N,MD,Y,Y,,Y
3846451268,HCP06892,,Prescriber1268,1368 Main St,Fresno,CA,93702,P,MD,Y,Y,,Y
3846850015,HCP06893,,Prescriber0015,115 Main St,Atlanta,GA,30322,IM,MD,Y,Y,,Y
3847649084,HCP06894,,Prescriber9084,184 Main St,Louisville,KY,40202,FM,NP,Y,Y,,Y
3847960018,HCP06895,,Prescriber0018,118 Main St,Atlanta,GA,30342,PD,MD,Y,Y,,Y
3847967198,HCP06896,,Prescriber7198,7298 Main St,Houston,TX,77030,PDP,MD,Y,Y,,Y
3848495701,HCP06897,,Prescriber5701,5801 Main St,Phoenix,AZ,85016,BAR,NP,Y,Y,,Y
3848735130,Luis,J,Mann,6365 Clayton Rd,Clayton,MO,63117,P,MD,Y,Y,A,
3849563779,HCP06898,,Prescriber3779,3879 Main St,Saint Louis,MO,63110,PS,MD,Y,Y,,Y
3849754688,HCP06899,,Prescriber4688,4788 Main St,Houston,TX,77030,DR,MD,Y,Y,,Y
3850334841,HCP06900,,Prescriber4841,4941 Main St,Houston,TX,77030,FM,MD,Y,Y,,Y
3850719540,HCP06901,,Prescriber9540,640 Main St,Atlanta,GA,30322,GP,PA,Y,Y,,Y
3851074760,HCP06902,,Prescriber4760,4860 Main St,Phoenix,AZ,85016,ACU,PA,Y,Y,,Y
3851151674,Mr.,M,Wesley Perez,1211 Manor Dr,Kissimmee,FL,34741,FM,NP,Y,Y,,Y
3851199295,HCP06903,,Prescriber9295,395 Main St,Houston,TX,77030,FM,NP,Y,Y,,Y
3851236698,HCP06904,,Prescriber6698,6798 Main St,Philadelphia,PA,19104,P,MD,Y,Y,,Y
3851297361,HCP06905,,Prescriber7361,7461 Main St,Baytown,TX,77521,PD,MD,Y,Y,,Y
3852449770,HCP06906,,Prescriber9770,870 Main St,Belmont,NC,28012,PD,MD,Y,Y,,Y
3852926399,HCP06907,,Prescriber6399,6499 Main St,Houston,TX,77058,CHP,MD,Y,Y,,Y
3853266185,HCP06908,,Prescriber6185,6285 Main St,Baytown,TX,77521,PD,MD,Y,Y,,Y
3853563951,HCP06909,,Prescriber3951,4051 Main St,Houston,TX,77030,GP,PA,Y,Y,,Y
3853777708,HCP06910,,Prescriber7708,7808 Main St,Scottsdale,AZ,85260,P,MD,Y,Y,,Y
3853951380,HCP06911,,Prescriber1380,1480 Main St,Richmond,VA,23298,DEN,DDS,Y,Y,,Y
3854203191,HCP06912,,Prescriber3191,3291 Main St,Houston,TX,77030,PTH,MD,Y,Y,,Y
3854762157,HCP06913,,Prescriber2157,2257 Main St,Columbia,MD,21045,P,MD,Y,Y,,Y
3855242985,Denise,R,Wells,524 N Andover Rd,Andover,KS,67002,GP,PA,Y,Y,C,
3855460741,HCP06914,,Prescriber0741,841 Main St,Charleston,SC,29425,P,MD,Y,Y,,Y
3855786023,Michael,S,Daniel,201 E Interstate 30 Ste 100,Rockwall,TX,75087,PD,MD,Y,Y,,Y
3856411375,HCP06915,,Prescriber1375,1475 Main St,Cleveland,OH,44195,IM,MD,Y,Y,,Y
3856667475,HCP06916,,Prescriber7475,7575 Main St,Houston,TX,77030,PD,MD,Y,Y,,Y
3856955654,HCP06917,,Prescriber5654,5754 Main St,Bellmore,NY,11710,P,NP,Y,Y,,Y
3856990852,Julie,S,Brown,19059 Champion Forest Dr Ste 101,Spring,TX,77379,PD,MD,Y,Y,,Y
3857297362,HCP06918,,Prescriber7362,7462 Main St,Houston,TX,77030,CCM,MD,Y,Y,,Y
3857637325,HCP06919,,Prescriber7325,7425 Main St,Plano,TX,75024,PD,MD,Y,Y,,Y
3857849165,HCP06920,,Prescriber9165,265 Main St,Indianapolis,IN,46202,MID,NP,Y,Y,,Y
3858198138,HCP06921,,Prescriber8138,8238 Main St,Beachwood,OH,44122,PD,NP,Y,Y,,Y
3858895912,HCP06922,,Prescriber5912,6012 Main St,Houston,TX,77030,CCM,MD,Y,Y,,Y
3859537638,HCP06923,,Prescriber7638,7738 Main St,Milwaukee,WI,53226,P,MD,Y,Y,,Y
3859612989,HCP06924,,Prescriber2989,3089 Main St,Fort Worth,TX,76104,PD,MD,Y,Y,,Y
3859688915,HCP06925,,Prescriber8915,9015 Main St,Houston,TX,77030,OPH,MD,Y,Y,,Y
3859862569,HCP06926,,Prescriber2569,2669 Main St,Houston,TX,77030,HOS,MD,Y,Y,,Y
3860091495,HCP06927,,Prescriber1495,1595 Main St,Wilmington,DE,19803,PD,DO,Y,Y,,Y
3860372171,Parker,L,Patel,3330 Erie Ave Ste 8,Cincinnati,OH,45208,P,NP,Y,Y,A,
3860670406,HCP06928,,Prescriber0406,506 Main St,Houston,TX,77030,OPH,MD,Y,Y,,Y
3860892353,HCP06929,,Prescriber2353,2453 Main St,Houston,TX,77030,OBG,MD,Y,Y,,Y
3861980015,HCP06930,,Prescriber0015,115 Main St,Houston,TX,77030,IM,MD,Y,Y,,Y
3863356286,HCP06931,,Prescriber6286,6386 Main St,Houston,TX,77030,VS,MD,Y,Y,,Y
3863389239,HCP06932,,Prescriber9239,339 Main St,Philadelphia,PA,19104,AC,NP,Y,Y,,Y
3863501698,HCP06933,,Prescriber1698,1798 Main St,Birmingham,AL,35244,P,MD,Y,Y,,Y
3863892969,HCP06934,,Prescriber2969,3069 Main St,Jackson,MS,39216,P,NP,Y,Y,,Y
3864084059,Julia,S,Wilson,12385 Crabapple Rd Ste 100,Alpharetta,GA,30004,PD,MD,Y,Y,C,
3864379877,HCP06935,,Prescriber9877,977 Main St,Atlanta,GA,30322,OPT,OD,Y,Y,,Y
3865115207,HCP06936,,Prescriber5207,5307 Main St,Houston,TX,77030,PD,MD,Y,Y,,Y
3865379300,HCP06937,,Prescriber9300,400 Main St,Houston,TX,77030,ADU,NP,Y,Y,,Y
3865421798,Darren,J,Phillips,4712 N Armenia Ave Ste 102,Tampa,FL,33603,PD,MD,Y,Y,C,
3865616543,HCP06938,,Prescriber6543,6643 Main St,Houston,TX,77030,GP,PA,Y,Y,,Y
3866125178,HCP06939,,Prescriber5178,5278 Main St,Miami,FL,33136,GP,NP,Y,Y,,Y
3866533705,HCP06940,,Prescriber3705,3805 Main St,Charleston,SC,29425,DR,MD,Y,Y,,Y
3866715775,HCP06941,,Prescriber5775,5875 Main St,Houston,TX,77030,DEN,DDS,Y,Y,,Y
3867387924,HCP06942,,Prescriber7924,8024 Main St,Bala Cynwyd,PA,19004,P,MD,Y,Y,,Y
3867442118,Nicole,M,Gonzalez,1524 Independence Pkwy Ste A1,Plano,TX,75075,FM,PA,Y,Y,A,
3867895871,HCP06943,,Prescriber5871,5971 Main St,Charleston,SC,29425,DR,MD,Y,Y,,Y
3868438326,HCP06944,,Prescriber8326,8426 Main St,Boca Raton,FL,33434,PD,MD,Y,Y,,Y
3868808107,HCP06945,,Prescriber8107,8207 Main St,New York,NY,10016,P,MD,Y,Y,,Y
3869205480,HCP06946,,Prescriber5480,5580 Main St,Houston,TX,77030,CD,DO,Y,Y,,Y
3869789734,HCP06947,,Prescriber9734,834 Main St,Houston,TX,77030,GP,NP,Y,Y,,Y
3869950116,HCP06948,,Prescriber0116,216 Main St,Chicago,IL,60612,PD,MD,Y,Y,,Y
3870029980,HCP06949,,Prescriber9980,1080 Main St,Jeffersonville,IN,47130,PD,NP,Y,Y,,Y
3870573003,HCP06950,,Prescriber3003,3103 Main St,Chicago,IL,60612,NPM,MD,Y,Y,,Y
3870593199,HCP06951,,Prescriber3199,3299 Main St,Beachwood,OH,44122,P,NP,Y,Y,,Y
3871043455,HCP06952,,Prescriber3455,3555 Main St,Kansas City,KS,66160,GS,NP,Y,Y,,Y
3871049776,HCP06953,,Prescriber9776,876 Main St,Jenkintown,PA,19046,FM,MD,Y,Y,,Y
3871093455,Courtney,R,Peck,1201 S Alma School Rd Ste 11000,Mesa,AZ,85210,P,NP,Y,Y,C,
3871695958,HCP06954,,Prescriber5958,6058 Main St,Chicago,IL,60612,GP,NP,Y,Y,,Y
3871791359,HCP06955,,Prescriber1359,1459 Main St,Gastonia,NC,28054,FM,PA,Y,Y,,Y
3871906232,HCP06956,,Prescriber6232,6332 Main St,Livonia,MI,48152,GP,PA,Y,Y,,Y
3872546765,HCP06957,,Prescriber6765,6865 Main St,Cary,NC,27518,P,PA,Y,Y,,Y
3872824528,HCP06958,,Prescriber4528,4628 Main St,Atlanta,GA,30322,EM,MD,Y,Y,,Y
3872976597,HCP06959,,Prescriber6597,6697 Main St,Flowood,MS,39232,PD,MD,Y,Y,,Y
3873846306,HCP06960,,Prescriber6306,6406 Main St,Charlotte,NC,28277,IM,MD,Y,Y,,Y
3874439954,HCP06961,,Prescriber9954,1054 Main St,Lake Jackson,TX,77566,P,MD,Y,Y,,Y
3875555843,HCP06962,,Prescriber5843,5943 Main St,Humble,TX,77346,PD,MD,Y,Y,,Y
3875626316,HCP06963,,Prescriber6316,6416 Main St,Atlanta,GA,30322,PD,NP,Y,Y,,Y
3876081332,HCP06964,,Prescriber1332,1432 Main St,Bridgeville,PA,15017,P,NP,Y,Y,,Y
3876882884,HCP06965,,Prescriber2884,2984 Main St,Phoenix,AZ,85016,GP,PA,Y,Y,,Y
3877632111,HCP06966,,Prescriber2111,2211 Main St,Johnson City,TN,37601,FM,NP,Y,Y,,Y
3878035743,HCP06967,,Prescriber5743,5843 Main St,Houston,TX,77030,PD,MD,Y,Y,,Y
3878329153,HCP06968,,Prescriber9153,253 Main St,Mcdonough,GA,30253,PD,NP,Y,Y,,Y
3878719404,HCP06969,,Prescriber9404,504 Main St,Houston,TX,77030,PD,MD,Y,Y,,Y
3878976041,Ashley,K,Johnson,601 Beacon Pkwy W Ste 201,Oviedo,FL,32765,P,DO,Y,Y,B,
3880018135,HCP06970,,Prescriber8135,8235 Main St,Myrtle Beach,SC,29588,GP,PA,Y,Y,,Y
3881118019,HCP06971,,Prescriber8019,8119 Main St,Houston,TX,77030,GE,MD,Y,Y,,Y
3881308133,HCP06972,,Prescriber8133,8233 Main St,Houston,TX,77030,EM,PA,Y,Y,,Y
3881343943,HCP06973,,Prescriber3943,4043 Main St,Miami,FL,33143,PD,MD,Y,Y,,Y
3881379072,HCP06974,,Prescriber9072,172 Main St,Baton Rouge,LA,70808,PD,MD,Y,Y,,Y
3881997062,HCP06975,,Prescriber7062,7162 Main St,New York,NY,10016,P,MD,Y,Y,,Y
3882271668,HCP06976,,Prescriber1668,1768 Main St,Plano,TX,75024,P,NP,Y,Y,,Y
3882365926,HCP06977,,Prescriber5926,6026 Main St,Houston,TX,77030,EM,MD,Y,Y,,Y
3884715660,HCP06978,,Prescriber5660,5760 Main St,Phoenix,AZ,85016,IM,MD,Y,Y,,Y
3886012527,HCP06979,,Prescriber2527,2627 Main St,Erie,PA,16508,P,MD,Y,Y,,Y
3887130495,HCP06980,,Prescriber0495,595 Main St,Houston,TX,77030,PD,NP,Y,Y,,Y
3887173913,HCP06981,,Prescriber3913,4013 Main St,Midland,TX,79706,P,MD,Y,Y,,Y
3887666293,HCP06982,,Prescriber6293,6393 Main St,Jacksonville,NC,28546,GP,PA,Y,Y,,Y
3887849266,HCP06983,,Prescriber9266,366 Main St,Indianapolis,IN,46202,PDC,MD,Y,Y,,Y
3888689345,HCP06984,,Prescriber9345,445 Main St,Durham,NC,27713,P,NP,Y,Y,,Y
3888867939,HCP06985,,Prescriber7939,8039 Main St,Hermitage,TN,37076,PD,MD,Y,Y,,Y
3889180115,HCP06986,,Prescriber0115,215 Main St,Houston,TX,77030,HOS,MD,Y,Y,,Y
3889959958,HCP06987,,Prescriber9958,1058 Main St,Miami,FL,33136,EM,PA,Y,Y,,Y
3891053343,HCP06988,,Prescriber3343,3443 Main St,Miami,FL,33136,GP,NP,Y,Y,,Y
3891106949,HCP06989,,Prescriber6949,7049 Main St,Pittsburgh,PA,15212,CHP,DO,Y,Y,,Y
3892014723,HCP06990,,Prescriber4723,4823 Main St,Houston,TX,77030,DBP,MD,Y,Y,,Y
3893035027,HCP06991,,Prescriber5027,5127 Main St,Mount Pleasant,SC,29464,U,PA,Y,Y,,Y
3893076825,HCP06992,,Prescriber6825,6925 Main St,Houston,TX,77030,GP,PA,Y,Y,,Y
3893341050,HCP06993,,Prescriber1050,1150 Main St,Houston,TX,77030,U,MD,Y,Y,,Y
3893356031,HCP06994,,Prescriber6031,6131 Main St,Houston,TX,77030,P,MD,Y,Y,,Y
3893935844,HCP06995,,Prescriber5844,5944 Main St,Houston,TX,77030,PD,MD,Y,Y,,Y
3893955906,HCP06996,,Prescriber5906,6006 Main St,Goodyear,AZ,85395,P,NP,Y,Y,,Y
3895082098,HCP06997,,Prescriber2098,2198 Main St,Miami,FL,33136,GS,MD,Y,Y,,Y
3895325424,HCP06998,,Prescriber5424,5524 Main St,Clive,IA,50325,P,APRN,Y,Y,,Y
3895767922,HCP06999,,Prescriber7922,8022 Main St,Cincinnati,OH,45242,CHP,MD,Y,Y,,Y
3895998836,HCP07000,,Prescriber8836,8936 Main St,Houston,TX,77030,EM,DO,Y,Y,,Y
3896093305,HCP07001,,Prescriber3305,3405 Main St,Birmingham,AL,35244,PD,MD,Y,Y,,Y
3896093677,HCP07002,,Prescriber3677,3777 Main St,Davidson,NC,28036,PD,MD,Y,Y,,Y
3896470566,HCP07003,,Prescriber0566,666 Main St,Raleigh,NC,27607,P,NP,Y,Y,,Y
3896613618,HCP07004,,Prescriber3618,3718 Main St,Milwaukee,WI,53226,PD,MD,Y,Y,,Y
3897522700,HCP07005,,Prescriber2700,2800 Main St,Tampa,FL,33613,P,MD,Y,Y,,Y
3897681521,HCP07006,,Prescriber1521,1621 Main St,Hilliard,OH,43026,PD,MD,Y,Y,,Y
3897772217,HCP07007,,Prescriber2217,2317 Main St,Saint Louis,MO,63110,TTS,PA,Y,Y,,Y
3898170535,HCP07008,,Prescriber0535,635 Main St,San Antonio,TX,78230,P,MD,Y,Y,,Y
3898633139,Rachel,A,Brooks,34225 N 27th Dr Ste 140,Phoenix,AZ,85085,P,NP,Y,Y,B,
3898955116,Monica,D,Parks,1 Perkins Sq,Akron,OH,44308,AI,MD,Y,Y,,Y
3899753350,HCP07009,,Prescriber3350,3450 Main St,Greenville,NC,27834,PD,DO,Y,Y,,Y
3900363360,HCP07010,,Prescriber3360,3460 Main St,Phoenix,AZ,85016,PD,MD,Y,Y,,Y
3900829708,HCP07011,,Prescriber9708,808 Main St,Miami,FL,33133,IM,MD,Y,Y,,Y
3901231993,HCP07012,,Prescriber1993,2093 Main St,Cary,NC,27518,P,PA,Y,Y,,Y
3901940387,Angel,,King,311 Claremont Ave Bsmt,Montclair,NJ,07042,P,NP,Y,Y,A,
3902142346,HCP07013,,Prescriber2346,2446 Main St,Lakeland,FL,33813,CHN,MD,Y,Y,,Y
3902240659,HCP07014,,Prescriber0659,759 Main St,Leavenworth,KS,66048,P,MD,Y,Y,,Y
3902839526,HCP07015,,Prescriber9526,626 Main St,Houston,TX,77030,EM,MD,Y,Y,,Y
3902960176,Raymond,F,Harris,1000 E John Rowan Blvd Ste 104,Bardstown,KY,40004,GP,NP,Y,Y,,Y
3903283143,HCP07016,,Prescriber3143,3243 Main St,Tampa,FL,33606,PD,DO,Y,Y,,Y
3903530475,Deborah,J,Rodriguez,16554 N Dale Mabry Hwy,Tampa,FL,33618,P,MD,N,Y,C,
3903609688,HCP07017,,Prescriber9688,788 Main St,Fort Lauderdale,FL,33334,P,NP,Y,Y,,Y
3903828159,HCP07018,,Prescriber8159,8259 Main St,Nashville,TN,37232,FM,PA,Y,Y,,Y
3904364320,HCP07019,,Prescriber4320,4420 Main St,Houston,TX,77030,AN,MD,Y,Y,,Y
3905288506,HCP07020,,Prescriber8506,8606 Main St,Houston,TX,77030,OBG,MD,Y,Y,,Y
3905368262,HCP07021,,Prescriber8262,8362 Main St,Iowa City,IA,52242,AN,APRN,Y,Y,,Y
3905889013,HCP07022,,Prescriber9013,113 Main St,Provo,UT,84604,FM,MD,Y,Y,,Y
3907297452,HCP07023,,Prescriber7452,7552 Main St,Atlanta,GA,30322,FM,DO,Y,Y,,Y
3908474467,HCP07024,,Prescriber4467,4567 Main St,Bay Shore,NY,11706,PD,MD,Y,Y,,Y
3909152331,HCP07025,,Prescriber2331,2431 Main St,Miami,FL,33136,GP,PA,Y,Y,,Y
3910072158,HCP07026,,Prescriber2158,2258 Main St,Houston,TX,77030,POD,DPM,Y,Y,,Y
3910201416,HCP07027,,Prescriber1416,1516 Main St,Charleston,WV,25302,PD,MD,Y,Y,,Y
3910322902,HCP07028,,Prescriber2902,3002 Main St,Houston,TX,77030,OBG,MD,Y,Y,,Y
3910641063,HCP07029,,Prescriber1063,1163 Main St,Houston,TX,77030,GS,PA,Y,Y,,Y
3911299522,HCP07030,,Prescriber9522,622 Main St,New York,NY,10065,PD,MD,Y,Y,,Y
3911358220,HCP07031,,Prescriber8220,8320 Main St,Sioux Falls,SD,57105,PD,MD,Y,Y,,Y
3911387645,HCP07032,,Prescriber7645,7745 Main St,Houston,TX,77030,PHO,DO,Y,Y,,Y
3913582534,HCP07033,,Prescriber2534,2634 Main St,Houston,TX,77030,GP,PA,Y,Y,,Y
3913927898,Joseph,E,Parker,4775 Knightsbridge Blvd Ste 207,Columbus,OH,43214,GP,MD,Y,Y,C,
3914447030,HCP07034,,Prescriber7030,7130 Main St,Houston,TX,77030,PHO,MD,Y,Y,,Y
3915038933,HCP07035,,Prescriber8933,9033 Main St,Houston,TX,77030,IM,MD,Y,Y,,Y
3916177126,HCP07036,,Prescriber7126,7226 Main St,Miami,FL,33136,FM,NP,Y,Y,,Y
3916229313,HCP07037,,Prescriber9313,413 Main St,Durham,NC,27705,EM,MD,Y,Y,,Y
3917403308,HCP07038,,Prescriber3308,3408 Main St,Houston,TX,77030,PD,MD,Y,Y,,Y
3918584498,HCP07039,,Prescriber4498,4598 Main St,Houston,TX,77030,PD,MD,Y,Y,,Y
3919235802,HCP07040,,Prescriber5802,5902 Main St,Columbus,OH,43219,P,NP,Y,Y,,Y
3920030794,HCP07041,,Prescriber0794,894 Main St,Renton,WA,98055,P,MD,Y,Y,,Y
3920099304,HCP07042,,Prescriber9304,404 Main St,Houston,TX,77030,PUD,MD,Y,Y,,Y
3920194855,HCP07043,,Prescriber4855,4955 Main St,Houston,TX,77030,OBG,MD,Y,Y,,Y
3920308980,HCP07044,,Prescriber8980,9080 Main St,Houston,TX,77030,HEM,MD,Y,Y,,Y
3921388144,HCP07045,,Prescriber8144,8244 Main St,Richmond,VA,23298,OSM,MD,Y,Y,,Y
3921410288,HCP07046,,Prescriber0288,388 Main St,Omaha,NE,68137,P,NP,Y,Y,,Y
3922624587,HCP07047,,Prescriber4587,4687 Main St,Chapel Hill,NC,27514,PD,MD,Y,Y,,Y
3922644321,HCP07048,,Prescriber4321,4421 Main St,Houston,TX,77030,DEN,DDS,Y,Y,,Y
3923381854,HCP07049,,Prescriber1854,1954 Main St,Salisbury,NC,28144,PD,MD,Y,Y,,Y
3923507516,HCP07050,,Prescriber7516,7616 Main St,Houston,TX,77030,PD,MD,Y,Y,,Y
3923725049,HCP07051,,Prescriber5049,5149 Main St,Cincinnati,OH,45231,PD,MD,Y,Y,,Y
3923882132,Tara,T,Phillips,211 Border Rd,Goose Creek,SC,29445,GP,PA,Y,Y,B,
3924009702,HCP07052,,Prescriber9702,802 Main St,Iowa City,IA,52242,CD,NP,Y,Y,,Y
3924608603,HCP07053,,Prescriber8603,8703 Main St,Nashville,TN,37232,PTH,MD,Y,Y,,Y
3925244975,Yolanda,A,Tucker,4105 Hospital St Ste 103,Pascagoula,MS,39581,PD,MD,Y,Y,,Y
3925600508,HCP07054,,Prescriber0508,608 Main St,Houston,TX,77030,N,MD,Y,Y,,Y
3925682716,HCP07055,,Prescriber2716,2816 Main St,Miami,FL,33146,IMG,MD,Y,Y,,Y
3926859187,HCP07056,,Prescriber9187,287 Main St,Houston,TX,77030,PD,MD,Y,Y,,Y
3926931741,HCP07057,,Prescriber1741,1841 Main St,Houston,TX,77030,EM,DO,Y,Y,,Y
3927308317,HCP07058,,Prescriber8317,8417 Main St,Houston,TX,77030,FM,NP,Y,Y,,Y
3927316157,HCP07059,,Prescriber6157,6257 Main St,Oklahoma City,OK,73134,P,MD,Y,Y,,Y
3927385714,HCP07060,,Prescriber5714,5814 Main St,Ocala,FL,34471,PD,MD,Y,Y,,Y
3928005246,Jessica,L,Jackson,2017 Broadway St,Pearland,TX,77581,PD,MD,Y,Y,A,
3928554720,HCP07061,,Prescriber4720,4820 Main St,Tampa,FL,33606,FM,MD,Y,Y,,Y
3929124484,HCP07062,,Prescriber4484,4584 Main St,Lake Saint Louis,MO,63367,PD,MD,Y,Y,,Y
3929338276,HCP07063,,Prescriber8276,8376 Main St,Orangeburg,NY,10962,PD,NP,Y,Y,,Y
3929595234,HCP07064,,Prescriber5234,5334 Main St,Houston,TX,77030,P,NP,Y,Y,,Y
3929909429,HCP07065,,Prescriber9429,529 Main St,Charleston,SC,29425,DEN,DDS,Y,Y,,Y
3930019196,HCP07066,,Prescriber9196,296 Main St,Houston,TX,77030,PD,MD,Y,Y,,Y
3930253395,HCP07067,,Prescriber3395,3495 Main St,Brighton,CO,80601,PD,MD,Y,Y,,Y
3931303537,HCP07068,,Prescriber3537,3637 Main St,Chicago,IL,60612,EM,MD,Y,Y,,Y
3931459316,HCP07069,,Prescriber9316,416 Main St,Hattiesburg,MS,39402,FM,MD,Y,Y,,Y
3931515714,HCP07070,,Prescriber5714,5814 Main St,Miami,FL,33136,EM,MD,Y,Y,,Y
3931979249,HCP07071,,Prescriber9249,349 Main St,Houston,TX,77030,MFM,MD,Y,Y,,Y
3932403521,HCP07072,,Prescriber3521,3621 Main St,Columbia,TN,38401,PD,MD,Y,Y,,Y
3932935831,Matthew,E,Williams,705 Town Blvd NE Ste 560,Atlanta,GA,30319,PD,MD,Y,Y,,Y
3933047516,HCP07073,,Prescriber7516,7616 Main St,Thompsons Station,TN,37179,PD,MD,Y,Y,,Y
3933123927,HCP07074,,Prescriber3927,4027 Main St,Conover,NC,28613,PD,NP,Y,Y,,Y
3933761725,HCP07075,,Prescriber1725,1825 Main St,Houston,TX,77030,PD,MD,Y,Y,,Y
3933953055,HCP07076,,Prescriber3055,3155 Main St,Houston,TX,77030,CD,NP,Y,Y,,Y
3934335043,HCP07077,,Prescriber5043,5143 Main St,Houston,TX,77030,IM,MD,Y,Y,,Y
3935133523,HCP07078,,Prescriber3523,3623 Main St,Houston,TX,77030,PD,MD,Y,Y,,Y
3936246307,HCP07079,,Prescriber6307,6407 Main St,New York,NY,10024,P,MD,Y,Y,,Y
3936693045,Andrea,T,Duran,1952 McDowell Rd Ste 305,Naperville,IL,60563,P,PA,Y,Y,B,
3937448392,HCP07080,,Prescriber8392,8492 Main St,Indianapolis,IN,46202,PED,DDS,Y,Y,,Y
3937556911,HCP07081,,Prescriber6911,7011 Main St,Chicago,IL,60613,P,PA,Y,Y,,Y
3937945535,HCP07082,,Prescriber5535,5635 Main St,Miami,FL,33136,AN,MD,Y,Y,,Y
3937989031,HCP07083,,Prescriber9031,131 Main St,Houston,TX,77030,PD,MD,Y,Y,,Y
3938076133,HCP07084,,Prescriber6133,6233 Main St,Baltimore,MD,21287,PD,MD,Y,Y,,Y
3938144269,HCP07085,,Prescriber4269,4369 Main St,Durham,NC,27705,PD,MD,Y,Y,,Y
3938232872,HCP07086,,Prescriber2872,2972 Main St,Charleston,SC,29425,FM,NP,Y,Y,,Y
3939061227,HCP07087,,Prescriber1227,1327 Main St,Houston,TX,77030,DR,MD,Y,Y,,Y
3939550050,Christopher,L,Scott,1707 Cedar Grove Rd Ste 20,Shepherdsville,KY,40165,PD,NP,Y,Y,,Y
3939971606,HCP07088,,Prescriber1606,1706 Main St,Houston,TX,77030,IM,MD,Y,Y,,Y
3939975121,Eric,N,Cunningham,300 Republic Ave,Joliet,IL,60435,P,MD,Y,Y,C,
3940524925,HCP07089,,Prescriber4925,5025 Main St,Fort Worth,TX,76109,AI,MD,Y,Y,,Y
3940715941,HCP07090,,Prescriber5941,6041 Main St,Hendersonville,TN,37075,FM,PA,Y,Y,,Y
3940821458,HCP07091,,Prescriber1458,1558 Main St,Holly Springs,NC,27540,FM,MD,Y,Y,,Y
3940864682,HCP07092,,Prescriber4682,4782 Main St,Brentwood,TN,37027,FM,MD,Y,Y,,Y
3941073713,HCP07093,,Prescriber3713,3813 Main St,Atlanta,GA,30345,PE,NP,Y,Y,,Y
3941524653,HCP07094,,Prescriber4653,4753 Main St,Wilmington,NC,28401,P,MD,Y,Y,,Y
3941589278,Deborah,,White,1500 Pleasant Valley Way Ste 306,Chatham,NJ,07928,PD,MD,Y,Y,B,
3941836434,HCP07095,,Prescriber6434,6534 Main St,Houston,TX,77030,PD,MD,Y,Y,,Y
3941889398,HCP07096,,Prescriber9398,498 Main St,Wilmington,DE,19803,GS,PA,Y,Y,,Y
3942276168,HCP07097,,Prescriber6168,6268 Main St,Houston,TX,77030,CCP,NP,Y,Y,,Y
3942505343,HCP07098,,Prescriber5343,5443 Main St,Wichita,KS,67214,FM,MD,Y,Y,,Y
3942526783,Anna,A,Snyder,10967 Allisonville Rd Ste 240,Fishers,IN,46038,P,NP,Y,Y,C,
3943470425,Kelsey,,Rogers,110 Marter Ave Ste 507,Moorestown,NJ,08057,FM,MD,Y,Y,,Y
3944788720,HCP07099,,Prescriber8720,8820 Main St,Duluth,GA,30096,PD,MD,Y,Y,,Y
3945134434,HCP07100,,Prescriber4434,4534 Main St,Houston,TX,77030,IM,MD,Y,Y,,Y
3945204897,HCP07101,,Prescriber4897,4997 Main St,Houston,TX,77030,AI,PA,Y,Y,,Y
3945751282,HCP07102,,Prescriber1282,1382 Main St,Philadelphia,PA,19104,PD,MD,Y,Y,,Y
3946273283,HCP07103,,Prescriber3283,3383 Main St,Houston,TX,77030,OPT,OD,Y,Y,,Y
3946607030,HCP07104,,Prescriber7030,7130 Main St,Houston,TX,77030,D,MD,Y,Y,,Y
3947295392,HCP07105,,Prescriber5392,5492 Main St,Columbia,SC,29203,PD,MD,Y,Y,,Y
3947382914,HCP07106,,Prescriber2914,3014 Main St,Houston,TX,77030,SLP,SLP,Y,Y,,Y
3948692348,HCP07107,,Prescriber2348,2448 Main St,Houston,TX,77030,GER,PVN,Y,Y,,Y
3948795788,HCP07108,,Prescriber5788,5888 Main St,Miami,FL,33136,EM,MD,Y,Y,,Y
3948962607,HCP07109,,Prescriber2607,2707 Main St,Houston,TX,77030,EM,MD,Y,Y,,Y
3949010054,Robert,A,Clark,5479 N Rhett Ave,North Charleston,SC,29406,GP,PA,Y,Y,B,
3949059961,HCP07110,,Prescriber9961,1061 Main St,Hutchinson,KS,67502,PD,MD,Y,Y,,Y
3949081536,HCP07111,,Prescriber1536,1636 Main St,Houston,TX,77030,OBG,NP,Y,Y,,Y
3949186334,HCP07112,,Prescriber6334,6434 Main St,Philadelphia,PA,19104,P,MD,Y,Y,,Y
3950773840,HCP07113,,Prescriber3840,3940 Main St,Saint Louis,MO,63141,OBG,MD,Y,Y,,Y
3951578282,HCP07114,,Prescriber8282,8382 Main St,Houston,TX,77030,FM,MD,Y,Y,,Y
3951857510,HCP07115,,Prescriber7510,7610 Main St,Durham,NC,27705,NPM,NP,Y,Y,,Y
3951961092,April,C,Jordan,3411 Graystone Pl,Hickory,NC,28603,PD,NP,Y,Y,,Y
3952180157,HCP07116,,Prescriber0157,257 Main St,Houston,TX,77030,FM,NP,Y,Y,,Y
3953240745,HCP07117,,Prescriber0745,845 Main St,Houston,TX,77030,ON,PA,Y,Y,,Y
3953311840,HCP07118,,Prescriber1840,1940 Main St,Houston,TX,77030,CD,DO,Y,Y,,Y
3953851210,HCP07119,,Prescriber1210,1310 Main St,Chalfont,PA,18914,FM,MD,Y,Y,,Y
3954251575,HCP07120,,Prescriber1575,1675 Main St,Greensboro,NC,27410,P,NP,Y,Y,,Y
3954944634,David,T,Perez,9049 Springboro Pike Ste A,Miamisburg,OH,45342,P,NP,Y,Y,A,
3955123899,James,J,Rose,3741 Rome Dr Ste B,Lafayette,IN,47905,PD,NP,Y,Y,,Y
3955919040,HCP07121,,Prescriber9040,140 Main St,Spring,TX,77380,P,DO,Y,Y,,Y
3956051422,HCP07122,,Prescriber1422,1522 Main St,Bronx,NY,10451,IM,DO,Y,Y,,Y
3956274344,HCP07123,,Prescriber4344,4444 Main St,Houston,TX,77030,PD,NP,Y,Y,,Y
3956332631,HCP07124,,Prescriber2631,2731 Main St,Mishawaka,IN,46545,FM,DO,Y,Y,,Y
3956504011,HCP07125,,Prescriber4011,4111 Main St,Houston,TX,77030,P,MD,Y,Y,,Y
3956921969,HCP07126,,Prescriber1969,2069 Main St,Baltic,SD,57003,P,DO,Y,Y,,Y
3957400901,HCP07127,,Prescriber0901,1001 Main St,Andover,KS,67002,FM,DO,Y,Y,,Y
3957647263,HCP07128,,Prescriber7263,7363 Main St,Texas City,TX,77591,GP,NP,Y,Y,,Y
3958258811,Nathan,,Griffin,2133 Highway 33,MERCERVILLE,NJ,08619,PD,MD,Y,Y,B,
3958705638,HCP07129,,Prescriber5638,5738 Main St,Newtown,PA,18940,FM,DO,Y,Y,,Y
3959909871,HCP07130,,Prescriber9871,971 Main St,Albany,GA,31701,P,MD,Y,Y,,Y
3960140122,HCP07131,,Prescriber0122,222 Main St,Durham,NC,27705,EM,MD,Y,Y,,Y
3960179387,HCP07132,,Prescriber9387,487 Main St,Dayton,OH,45440,GP,MD,Y,Y,,Y
3960489084,HCP07133,,Prescriber9084,184 Main St,Durham,NC,27707,P,PA,Y,Y,,Y
3960673304,HCP07134,,Prescriber3304,3404 Main St,Houston,TX,77030,PER,DDS,Y,Y,,Y
3961037974,HCP07135,,Prescriber7974,8074 Main St,Houston,TX,77030,CCM,NP,Y,Y,,Y
3961064253,HCP07136,,Prescriber4253,4353 Main St,Summersville,WV,26651,PD,DO,Y,Y,,Y
3962636647,HCP07137,,Prescriber6647,6747 Main St,Atlanta,GA,30322,FM,MD,Y,Y,,Y
3962753908,HCP07138,,Prescriber3908,4008 Main St,Houston,TX,77030,FM,NP,Y,Y,,Y
3963187161,HCP07139,,Prescriber7161,7261 Main St,Timmonsville,SC,29161,P,NP,Y,Y,,Y
3963602058,HCP07140,,Prescriber2058,2158 Main St,Houston,TX,77030,FM,MD,Y,Y,,Y
3963936593,HCP07141,,Prescriber6593,6693 Main St,Houston,TX,77030,POD,DPM,Y,Y,,Y
3964047564,HCP07142,,Prescriber7564,7664 Main St,Dallas,TX,75204,FM,MD,Y,Y,,Y
3965272292,HCP07143,,Prescriber2292,2392 Main St,Cary,NC,27511,GP,PA,Y,Y,,Y
3966148004,HCP07144,,Prescriber8004,8104 Main St,Houston,TX,77030,HPM,MD,Y,Y,,Y
3966296573,HCP07145,,Prescriber6573,6673 Main St,Houston,TX,77030,PSC,PSY,Y,Y,,Y
3966311200,HCP07146,,Prescriber1200,1300 Main St,Phoenix,AZ,85018,FM,NP,Y,Y,,Y
3967212029,HCP07147,,Prescriber2029,2129 Main St,Houston,TX,77030,PD,MD,Y,Y,,Y
3968305013,HCP07148,,Prescriber5013,5113 Main St,Houston,TX,77030,PD,MD,Y,Y,,Y
3968482911,HCP07149,,Prescriber2911,3011 Main St,Houston,TX,77030,CD,NP,Y,Y,,Y
3969133673,HCP07150,,Prescriber3673,3773 Main St,Kansas City,KS,66160,P,NP,Y,Y,,Y
3969532955,HCP07151,,Prescriber2955,3055 Main St,Grand Rapids,MI,49503,HO,PA,Y,Y,,Y
3969881137,Elizabeth,R,Vega,104 Tilghman Dr,Dunn,NC,28334,P,PA,Y,Y,,Y
3970308908,HCP07152,,Prescriber8908,9008 Main St,Houston,TX,77030,OSG,MD,Y,Y,,Y
3971174956,HCP07153,,Prescriber4956,5056 Main St,Washington,DC,20002,P,NP,Y,Y,,Y
3971579993,HCP07154,,Prescriber9993,1093 Main St,Houston,TX,77030,EM,NP,Y,Y,,Y
3971830738,HCP07155,,Prescriber0738,838 Main St,Charlotte,NC,28211,PD,MD,Y,Y,,Y
3972034717,Gloria,C,Lester,14410 Sommerville Ct Ste 101,Midlothian,VA,23113,P,NP,Y,Y,B,
3972370365,HCP07156,,Prescriber0365,465 Main St,Houston,TX,77030,EM,MD,Y,Y,,Y
3972396404,HCP07157,,Prescriber6404,6504 Main St,Houston,TX,77030,FM,NP,Y,Y,,Y
3972563979,Jason,D,Miles,28 Mine St,Flemington,NJ,08822,P,MD,Y,Y,C,
3974055078,HCP07158,,Prescriber5078,5178 Main St,Atlanta,GA,30322,DR,MD,Y,Y,,Y
3974193779,HCP07159,,Prescriber3779,3879 Main St,Houston,TX,77030,MID,APRN,Y,Y,,Y
3974628976,Mary,K,Jackson,251 Najoles Rd Ste E,Millersville,MD,21108,PD,NP,Y,Y,B,Y
3974659327,HCP07160,,Prescriber9327,427 Main St,Huntersville,NC,28078,FM,PA,Y,Y,,Y
3975041000,Daniel,C,Duncan,4122 County Road 516,Matawan,NJ,07747,P,NP,Y,Y,C,
3975181956,HCP07161,,Prescriber1956,2056 Main St,Chicago,IL,60612,END,NP,Y,Y,,Y
3975379685,HCP07162,,Prescriber9685,785 Main St,Houston,TX,77030,GS,NP,Y,Y,,Y
3975382721,HCP07163,,Prescriber2721,2821 Main St,Houston,TX,77030,PD,MD,Y,Y,,Y
3975679157,HCP07164,,Prescriber9157,257 Main St,Houston,TX,77030,OSS,NP,Y,Y,,Y
3975817220,Debra,W,Kramer,14400 Sommerville Ct,Midlothian,VA,23114,PD,MD,Y,Y,A,
3976190250,Sara,M,Edwards,801 Route 73 N Ste B,Marlton,NJ,08053,AI,DO,Y,Y,,Y
3976258034,HCP07165,,Prescriber8034,8134 Main St,Houston,TX,77030,CCM,NP,Y,Y,,Y
3976765908,Jesse,J,Vargas,6128 S Tamiami Trl,Sarasota,FL,34231,FM,MD,Y,Y,A,
3977041196,HCP07166,,Prescriber1196,1296 Main St,Houston,TX,77030,FM,NP,Y,Y,,Y
3977239138,HCP07167,,Prescriber9138,238 Main St,Houston,TX,77030,ORS,MD,Y,Y,,Y
3977405718,HCP07168,,Prescriber5718,5818 Main St,Houston,TX,77030,PUD,MD,Y,Y,,Y
3977498721,HCP07169,,Prescriber8721,8821 Main St,Tampa,FL,33625,IM,MD,Y,Y,,Y
3977817897,Michael,,Hill,6817 Southpoint Pkwy Ste 1301,Orange Park,FL,32073,P,MD,Y,Y,A,
3978027684,HCP07170,,Prescriber7684,7784 Main St,Westminster,MD,21157,PD,NP,Y,Y,,Y
3978752053,HCP07171,,Prescriber2053,2153 Main St,Staten Island,NY,10314,FM,NP,Y,Y,,Y
3980176934,HCP07172,,Prescriber6934,7034 Main St,Houston,TX,77030,AN,MD,Y,Y,,Y
3980899377,Jasmine,L,Owen,2600 N Mayfair Rd Ste 305,Wauwatosa,WI,53226,P,NP,Y,Y,C,
3981870846,HCP07173,,Prescriber0846,946 Main St,Atlanta,GA,30328,P,MD,Y,Y,,Y
3982124415,Veronica,S,Vasquez,2012 Garfield Ave Ste 2,Parkersburg,WV,26101,FM,NP,Y,Y,B,
3982246770,HCP07174,,Prescriber6770,6870 Main St,New Orleans,LA,70112,P,MD,Y,Y,,Y
3982691537,HCP07175,,Prescriber1537,1637 Main St,Sugar Land,TX,77479,FM,MD,Y,Y,,Y
3982706919,HCP07176,,Prescriber6919,7019 Main St,Bardstown,KY,40004,P,NP,Y,Y,,Y
3983023396,Dustin,P,Garcia,10300 W 8 Mile Rd,Ferndale,MI,48220,P,NP,Y,Y,A,
3983072941,Dwayne,C,Taylor,877 Baltimore Annapolis Blvd,Severna Park,MD,21146,P,NP,Y,Y,A,
3983545601,HCP07177,,Prescriber5601,5701 Main St,Houston,TX,77030,PD,NP,Y,Y,,Y
3984947066,Savannah,A,Wright,7741 Point Meadows Dr Ste 207,Jacksonville,FL,32256,ADL,MD,Y,Y,B,
3985469585,HCP07178,,Prescriber9585,685 Main St,Marietta,GA,30068,PD,MD,Y,Y,,Y
3986259224,HCP07179,,Prescriber9224,324 Main St,Durham,NC,27705,DEN,DDS,Y,Y,,Y
3986581210,HCP07180,,Prescriber1210,1310 Main St,Houston,TX,77030,DEN,DMD,Y,Y,,Y
3986735536,HCP07181,,Prescriber5536,5636 Main St,San Diego,CA,92102,P,DO,Y,Y,,Y
3986850417,Emily,N,Hamilton,2606 Centennial Pl,Tallahassee,FL,32308,P,NP,Y,Y,C,
3987014028,HCP07182,,Prescriber4028,4128 Main St,Miami,FL,33136,CH,DC,Y,Y,,Y
3987094655,HCP07183,,Prescriber4655,4755 Main St,Charleston,SC,29425,DEN,DMD,Y,Y,,Y
3987136736,James,C,Martin,219 W 20th St Apt 1A,New York,NY,10011,P,MD,Y,Y,C,
3987400489,HCP07184,,Prescriber0489,589 Main St,Macon,GA,31201,PD,MD,Y,Y,,Y
3987519937,HCP07185,,Prescriber9937,1037 Main St,Brooklyn,NY,11201,PD,MD,Y,Y,,Y
3989335238,HCP07186,,Prescriber5238,5338 Main St,Birmingham,AL,35233,FM,NP,Y,Y,,Y
3990002166,HCP07187,,Prescriber2166,2266 Main St,New Albany,IN,47150,FM,NP,Y,Y,,Y
3990018874,HCP07188,,Prescriber8874,8974 Main St,Charleston,SC,29425,FM,NP,Y,Y,,Y
3990683033,HCP07189,,Prescriber3033,3133 Main St,Dublin,OH,43017,FM,MD,Y,Y,,Y
3991100311,Jeffrey,A,Moore,2299 Brodhead Rd Ste N,Bethlehem,PA,18020,P,MD,Y,Y,C,
3991231139,James,R,Phillips,6918 McGinnis Ferry Rd,Suwanee,GA,30024,PD,MD,Y,Y,,Y
3991349791,HCP07190,,Prescriber9791,891 Main St,Houston,TX,77030,ID,MD,Y,Y,,Y
3991902848,Barbara,D,Tucker,7777 Hennessy Blvd Ste 408,Baton Rouge,LA,70808,AI,MD,Y,Y,,
3991951022,HCP07191,,Prescriber1022,1122 Main St,Houston,TX,77030,P,NP,Y,Y,,Y
3992602630,HCP07192,,Prescriber2630,2730 Main St,Houston,TX,77030,RHU,MD,Y,Y,,Y
3993059858,HCP07193,,Prescriber9858,958 Main St,Houston,TX,77030,FM,NP,Y,Y,,Y
3993354767,HCP07194,,Prescriber4767,4867 Main St,Houston,TX,77030,GP,DO,Y,Y,,Y
3993390218,HCP07195,,Prescriber0218,318 Main St,Hendersonville,TN,37075,N,PA,Y,Y,,Y
3993658160,HCP07196,,Prescriber8160,8260 Main St,Davidson,NC,28036,FM,PA,Y,Y,,Y
3994423101,HCP07197,,Prescriber3101,3201 Main St,Houston,TX,77030,P,NP,Y,Y,,Y
3994459200,HCP07198,,Prescriber9200,300 Main St,Houston,TX,77030,AN,MD,Y,Y,,Y
3994709404,Anthony,W,Davis,14975 US Highway 98,Magnolia Springs,AL,36555,PD,NP,Y,Y,,Y
3995426450,HCP07199,,Prescriber6450,6550 Main St,Dothan,AL,36303,PD,DO,Y,Y,,Y
3995429478,HCP07200,,Prescriber9478,578 Main St,Houston,TX,77030,DEN,DDS,Y,Y,,Y
3995687241,HCP07201,,Prescriber7241,7341 Main St,Iowa City,IA,52242,GP,PA,Y,Y,,Y
3996475740,HCP07202,,Prescriber5740,5840 Main St,Pensacola,FL,32501,GP,PA,Y,Y,,Y
3996506412,HCP07203,,Prescriber6412,6512 Main St,Davenport,FL,33837,P,NP,Y,Y,,Y
3997035503,Raymond,M,Knight,8203 S Saginaw St,Grand Blanc,MI,48439,GP,PA,Y,Y,,Y
3998245627,HCP07204,,Prescriber5627,5727 Main St,Indianapolis,IN,46202,U,MD,Y,Y,,Y
3998579719,HCP07205,,Prescriber9719,819 Main St,Cleveland,OH,44195,FM,DO,Y,Y,,Y
3998597311,HCP07206,,Prescriber7311,7411 Main St,Greensboro,NC,27405,PD,MD,Y,Y,,Y
3999243819,HCP07207,,Prescriber3819,3919 Main St,Houston,TX,77030,FM,NP,Y,Y,,Y
3999255037,HCP07208,,Prescriber5037,5137 Main St,Philadelphia,PA,19104,PED,DDS,Y,Y,,Y
3999743629,HCP07209,,Prescriber3629,3729 Main St,Reading,PA,19611,PD,MD,Y,Y,,Y
4000244134,James,J,Bell,903 Northeast Dr Ste 301,Davidson,NC,28036,P,PA,Y,Y,A,
4000849781,Anthony,,Carter,3119 Newtown Ave Ste 201,Astoria,NY,11102,AI,MD,Y,Y,,Y
4001338837,HCP07210,,Prescriber8837,8937 Main St,Houston,TX,77030,EM,MD,Y,Y,,Y
4001542178,HCP07211,,Prescriber2178,2278 Main St,Durham,NC,27705,DS,MD,Y,Y,,Y
4002810711,HCP07212,,Prescriber0711,811 Main St,Houston,TX,77030,EM,MD,Y,Y,,Y
4002904491,HCP07213,,Prescriber4491,4591 Main St,Charlottesville,VA,22908,PD,MD,Y,Y,,Y
4004565286,HCP07214,,Prescriber5286,5386 Main St,Overland Park,KS,66214,P,NP,Y,Y,,Y
4006186784,HCP07215,,Prescriber6784,6884 Main St,Cleveland,OH,44195,OBG,MD,Y,Y,,Y
4006491074,HCP07216,,Prescriber1074,1174 Main St,Houston,TX,77030,MID,APRN,Y,Y,,Y
4006733590,Mary,,Jackson,5 W 86th St Apt 9C,BRONX,NY,10467,P,MD,Y,Y,C,
4007340964,HCP07217,,Prescriber0964,1064 Main St,Houston,TX,77030,EM,MD,Y,Y,,Y
4008041197,HCP07218,,Prescriber1197,1297 Main St,Greenville,SC,29611,P,NP,Y,Y,,Y
4008707715,HCP07219,,Prescriber7715,7815 Main St,Plano,TX,75024,P,MD,Y,Y,,Y
4008891540,HCP07220,,Prescriber1540,1640 Main St,Indianapolis,IN,46202,NEP,MD,Y,Y,,Y
4009247827,HCP07221,,Prescriber7827,7927 Main St,Greenville,NC,27834,P,MD,Y,Y,,Y
4010325683,HCP07222,,Prescriber5683,5783 Main St,Springfield,PA,19064,P,MD,Y,Y,,Y
4011351505,HCP07223,,Prescriber1505,1605 Main St,Houston,TX,77030,MID,APRN,Y,Y,,Y
4011628572,HCP07224,,Prescriber8572,8672 Main St,Austin,TX,78748,PD,MD,Y,Y,,Y
4012797901,HCP07225,,Prescriber7901,8001 Main St,Spring,TX,77380,ADM,MD,Y,Y,,Y
4012857951,HCP07226,,Prescriber7951,8051 Main St,Chicago,IL,60612,GP,PA,Y,Y,,Y
4013072407,HCP07227,,Prescriber2407,2507 Main St,Springfield,MO,65802,FM,MD,Y,Y,,Y
4013539283,HCP07228,,Prescriber9283,383 Main St,Atlanta,GA,30338,PD,MD,Y,Y,,Y
4014039648,HCP07229,,Prescriber9648,748 Main St,Houston,TX,77030,OBG,MD,Y,Y,,Y
4014796107,Judith,B,Gray,1770 Dennis Kemp Ln NW,Kennesaw,GA,30152,PD,MD,Y,Y,C,
4017449076,HCP07230,,Prescriber9076,176 Main St,Houston,TX,77030,P,MD,Y,Y,,Y
4017659824,HCP07231,,Prescriber9824,924 Main St,Miami,FL,33136,ADU,NP,Y,Y,,Y
4017828468,HCP07232,,Prescriber8468,8568 Main St,Wilmington,NC,28405,PD,NP,Y,Y,,Y
4017900702,HCP07233,,Prescriber0702,802 Main St,Houston,TX,77030,P,DO,Y,Y,,Y
4018658977,Tommy,N,Harrison,2201 Libbie Ave Ste 220,Glen Allen,VA,23060,P,NP,Y,Y,C,
4018707810,HCP07234,,Prescriber7810,7910 Main St,Woodmere,NY,11598,P,MD,Y,Y,,Y
4019333735,HCP07235,,Prescriber3735,3835 Main St,Houston,TX,77030,NEP,MD,Y,Y,,Y
4019789003,HCP07236,,Prescriber9003,103 Main St,Mckinney,TX,75069,P,MD,Y,Y,,Y
4020536633,HCP07237,,Prescriber6633,6733 Main St,Brandon,MS,39042,P,NP,Y,Y,,Y
4021335933,HCP07238,,Prescriber5933,6033 Main St,Rockville Centre,NY,11570,PD,MD,Y,Y,,Y
4021405548,HCP07239,,Prescriber5548,5648 Main St,Saint Louis,MO,63110,FM,NP,Y,Y,,Y
4021467735,HCP07240,,Prescriber7735,7835 Main St,Omaha,NE,68152,P,NP,Y,Y,,Y
4022768910,Tammy,,Roberts,401 Valley Ave,Birmingham,AL,35209,ADL,MD,Y,Y,,Y
4022849294,Monica,T,Wilson,1455 Farr Rd,Norton Shores,MI,49444,PD,MD,Y,Y,A,
4023025447,HCP07241,,Prescriber5447,5547 Main St,Houston,TX,77030,PHM,PHAR,Y,Y,,Y
4023171604,HCP07242,,Prescriber1604,1704 Main St,Colleyville,TX,76034,FM,MD,Y,Y,,Y
4023695679,HCP07243,,Prescriber5679,5779 Main St,Houston,TX,77030,DEN,DDS,Y,Y,,Y
4023711067,Tammy,,Bell,25 Crossroads Dr Ste 410,Owings Mills,MD,21117,AI,MD,Y,Y,,Y
4024322578,Mitchell,P,Miller,400 Liberty Hill Rd,Lumberton,NC,28358,HFT,NP,Y,Y,,Y
4024421873,HCP07244,,Prescriber1873,1973 Main St,Houston,TX,77030,P,NP,Y,Y,,Y
4024843743,HCP07245,,Prescriber3743,3843 Main St,Indianapolis,IN,46217,FM,NP,Y,Y,,Y
4024974647,HCP07246,,Prescriber4647,4747 Main St,Gastonia,NC,28054,P,NP,Y,Y,,Y
4024978283,HCP07247,,Prescriber8283,8383 Main St,Miami,FL,33136,FM,NP,Y,Y,,Y
4025677469,HCP07248,,Prescriber7469,7569 Main St,Houston,TX,77030,ON,NP,Y,Y,,Y
4026311297,HCP07249,,Prescriber1297,1397 Main St,Savannah,GA,31404,FM,MD,Y,Y,,Y
4027133597,HCP07250,,Prescriber3597,3697 Main St,Atlanta,GA,30322,IM,MD,Y,Y,,Y
4027163907,Brianna,J,Wright,4132 Keaton Crossing Blvd Ste 201,O Fallon,MO,63368,P,MD,Y,Y,A,
4027276790,HCP07251,,Prescriber6790,6890 Main St,Milwaukee,WI,53226,FM,MD,Y,Y,,Y
4027564360,HCP07252,,Prescriber4360,4460 Main St,Charleston,SC,29425,AN,MD,Y,Y,,Y
4027983063,Anna,M,Dominguez,150 S Warner Rd # St 130,Ambler,PA,19002,P,MD,Y,Y,A,
4028009683,HCP07253,,Prescriber9683,783 Main St,Cleveland,OH,44195,REN,MD,Y,Y,,Y
4028333137,HCP07254,,Prescriber3137,3237 Main St,Miami,FL,33136,HO,NP,Y,Y,,Y
4028357131,HCP07255,,Prescriber7131,7231 Main St,Houston,TX,77030,P,NP,Y,Y,,Y
4028488757,HCP07256,,Prescriber8757,8857 Main St,Chillicothe,OH,45601,P,DO,Y,Y,,Y
4028816629,HCP07257,,Prescriber6629,6729 Main St,Houston,TX,77030,FM,NP,Y,Y,,Y
4029108147,HCP07258,,Prescriber8147,8247 Main St,Kansas City,KS,66160,OFA,DO,Y,Y,,Y
4029197791,Mikayla,E,Taylor,58 Bear Dr,Greenville,SC,29605,PD,MD,Y,Y,,Y
4029213692,HCP07259,,Prescriber3692,3792 Main St,Atlanta,GA,30305,IM,MD,Y,Y,,Y
4029832836,Jennifer,A,Evans,69 N Dixie Dr Ste B,Vandalia,OH,45377,ADL,MD,Y,Y,B,
4030117755,HCP07260,,Prescriber7755,7855 Main St,Houston,TX,77030,AN,MD,Y,Y,,Y
4030192492,HCP07261,,Prescriber2492,2592 Main St,Decatur,GA,30035,PD,MD,Y,Y,,Y
4030940555,HCP07262,,Prescriber0555,655 Main St,New York,NY,10016,FM,NP,Y,Y,,Y
4031291808,HCP07263,,Prescriber1808,1908 Main St,Richmond,VA,23298,FM,NP,Y,Y,,Y
4031322949,HCP07264,,Prescriber2949,3049 Main St,Houston,TX,77005,OBS,MD,Y,Y,,Y
4032462101,HCP07265,,Prescriber2101,2201 Main St,Birmingham,AL,35223,PD,MD,Y,Y,,Y
4033407069,Steven,L,Mack,2705 N Lebanon St Ste 300,Lebanon,IN,46052,FM,MD,Y,Y,C,
4034516811,HCP07266,,Prescriber6811,6911 Main St,Houston,TX,77030,PD,MD,Y,Y,,Y
4034608773,HCP07267,,Prescriber8773,8873 Main St,Lake Zurich,IL,60047,IM,MD,Y,Y,,Y
4034691092,Jaime,K,White,13917 W Highway 71 Ste A,Austin,TX,78738,PD,NP,Y,Y,,Y
4035486480,HCP07268,,Prescriber6480,6580 Main St,Oakland,CA,94601,FM,MD,Y,Y,,Y
4036329204,Kathleen,S,Mills,100 College Ave SE,Gainesville,GA,30501,GP,NP,Y,Y,,Y
4036803914,HCP07269,,Prescriber3914,4014 Main St,Richmond,VA,23298,FM,DO,Y,Y,,Y
4037937031,HCP07270,,Prescriber7031,7131 Main St,Houston,TX,77030,GP,PA,Y,Y,,Y
4038263519,HCP07271,,Prescriber3519,3619 Main St,Wichita,KS,67205,FM,MD,Y,Y,,Y
4038314779,HCP07272,,Prescriber4779,4879 Main St,Covington,LA,70433,PD,MD,Y,Y,,Y
4038484755,HCP07273,,Prescriber4755,4855 Main St,Houston,TX,77030,FM,MD,Y,Y,,Y
4039519283,HCP07274,,Prescriber9283,383 Main St,Houston,TX,77030,PD,MD,Y,Y,,Y
4039904487,HCP07275,,Prescriber4487,4587 Main St,Rincon,GA,31326,FM,MD,Y,Y,,Y
4041655562,HCP07276,,Prescriber5562,5662 Main St,Albany,NY,12208,P,DO,Y,Y,,Y
4041753155,Alexander,R,Wilcox,3431 Morganton Blvd SW,Lenoir,NC,28645,PD,MD,Y,Y,,Y
4042000317,James,F,Rivera,2606 Centennial Pl,Tallahassee,FL,32308,P,NP,Y,Y,C,
4042130995,HCP07277,,Prescriber0995,1095 Main St,Miami,FL,33136,GP,PA,Y,Y,,Y
4042838608,HCP07278,,Prescriber8608,8708 Main St,Birmingham,AL,35233,GP,PA,Y,Y,,Y
4042849072,HCP07279,,Prescriber9072,172 Main St,Phoenix,AZ,85016,FM,DO,Y,Y,,Y
4043326908,HCP07280,,Prescriber6908,7008 Main St,Houston,TX,77030,IM,NP,Y,Y,,Y
4043660900,HCP07281,,Prescriber0900,1000 Main St,Houston,TX,77030,P,MD,Y,Y,,Y
4043851233,HCP07282,,Prescriber1233,1333 Main St,Houston,TX,77030,GE,MD,Y,Y,,Y
4044490088,Mario,R,Bates,255 W Lancaster Ave Ste 209,Paoli,PA,19301,AI,MD,Y,Y,,Y
4044789128,HCP07283,,Prescriber9128,228 Main St,Houston,TX,77030,N,MD,Y,Y,,Y
4044866151,HCP07284,,Prescriber6151,6251 Main St,Houston,TX,77030,FM,DO,Y,Y,,Y
4045418488,HCP07285,,Prescriber8488,8588 Main St,Pittsburgh,PA,15223,IM,MD,Y,Y,,Y
4046662778,HCP07286,,Prescriber2778,2878 Main St,Miami,FL,33136,GE,MD,Y,Y,,Y
4046853824,HCP07287,,Prescriber3824,3924 Main St,Houston,TX,77030,GS,RN,Y,Y,,Y
4047742516,HCP07288,,Prescriber2516,2616 Main St,Houston,TX,77030,OBG,DO,Y,Y,,Y
4048534097,HCP07289,,Prescriber4097,4197 Main St,Henagar,AL,35978,FM,MD,Y,Y,,Y
4048550153,HCP07290,,Prescriber0153,253 Main St,Gastonia,NC,28054,FM,NP,Y,Y,,Y
4048671112,HCP07291,,Prescriber1112,1212 Main St,Indianapolis,IN,46260,FM,PA,Y,Y,,Y
4048672769,HCP07292,,Prescriber2769,2869 Main St,Houston,TX,77030,FM,MD,Y,Y,,Y
4048962729,Sara,S,Ward,107 Cedar Grove Ln Ste 104,Somerset,NJ,08873,P,MD,Y,Y,C,
4049160704,HCP07293,,Prescriber0704,804 Main St,Philadelphia,PA,19141,P,DO,Y,Y,,Y
4049204508,HCP07294,,Prescriber4508,4608 Main St,Houston,TX,77030,IM,MD,Y,Y,,Y
4049581563,Kimberly,D,Jones,4841 Hixson Pike Ste A,Hixson,TN,37343,FM,NP,Y,Y,C,
4050055232,Norma,L,Ray,1626 Cranium Dr Ste 101,Rock Hill,SC,29732,P,NP,Y,Y,B,
4051588504,HCP07295,,Prescriber8504,8604 Main St,Houston,TX,77030,CCM,NP,Y,Y,,Y
4052543581,HCP07296,,Prescriber3581,3681 Main St,Houston,TX,77030,PD,MD,Y,Y,,Y
4052583095,HCP07297,,Prescriber3095,3195 Main St,Houston,TX,77030,PD,MD,Y,Y,,Y
4052979274,HCP07298,,Prescriber9274,374 Main St,Houston,TX,77030,DR,DO,Y,Y,,Y
4053404480,HCP07299,,Prescriber4480,4580 Main St,Boone,NC,28607,P,NP,Y,Y,,Y
4053709598,Amy,A,Padilla,110 Braxton Ct,Fayetteville,GA,30214,P,MD,Y,Y,A,
4054099760,HCP07300,,Prescriber9760,860 Main St,Gaffney,SC,29340,FM,MD,Y,Y,,Y
4054876487,Brandon,A,Baker,441 S Livernois Rd Ste 100,Rochester Hills,MI,48307,P,PA,Y,Y,A,
4055216579,HCP07301,,Prescriber6579,6679 Main St,Indianapolis,IN,46202,OBG,MD,Y,Y,,Y
4055368426,HCP07302,,Prescriber8426,8526 Main St,Grand Junction,CO,81505,PD,MD,Y,Y,,Y
4056141421,HCP07303,,Prescriber1421,1521 Main St,Austin,TX,78746,PD,MD,Y,Y,,Y
4056445614,HCP07304,,Prescriber5614,5714 Main St,Tucker,GA,30084,PD,MD,Y,Y,,Y
4056509609,HCP07305,,Prescriber9609,709 Main St,Indianapolis,IN,46202,IM,MD,Y,Y,,Y
4056713121,HCP07306,,Prescriber3121,3221 Main St,Brooklyn,NY,11223,PD,MD,Y,Y,,Y
4057028060,HCP07307,,Prescriber8060,8160 Main St,Houston,TX,77030,PTH,MD,Y,Y,,Y
4058723346,HCP07308,,Prescriber3346,3446 Main St,Amarillo,TX,79124,P,MD,Y,Y,,Y
4058903917,HCP07309,,Prescriber3917,4017 Main St,Jacksonville,FL,32209,CHP,MD,Y,Y,,Y
4059798007,HCP07310,,Prescriber8007,8107 Main St,Houston,TX,77030,GP,PA,Y,Y,,Y
4062774413,HCP07311,,Prescriber4413,4513 Main St,Miami,FL,33136,PD,MD,Y,Y,,Y
4063627828,HCP07312,,Prescriber7828,7928 Main St,Salisbury,NC,28147,P,NP,Y,Y,,Y
4063708130,HCP07313,,Prescriber8130,8230 Main St,Houston,TX,77030,EM,MD,Y,Y,,Y
4063768478,HCP07314,,Prescriber8478,8578 Main St,Cleveland,OH,44195,ORS,DO,Y,Y,,Y
4064369210,HCP07315,,Prescriber9210,310 Main St,Cleveland,OH,44195,P,MD,Y,Y,,Y
4064452788,HCP07316,,Prescriber2788,2888 Main St,Jacksonville,FL,32258,PD,MD,Y,Y,,Y
4064565999,HCP07317,,Prescriber5999,6099 Main St,Miami,FL,33136,FM,MD,Y,Y,,Y
4065301523,HCP07318,,Prescriber1523,1623 Main St,Vancouver,WA,98662,P,NP,Y,Y,,Y
4065339538,HCP07319,,Prescriber9538,638 Main St,Houston,TX,77030,IC,MD,Y,Y,,Y
4065948754,Robin,L,Sanchez,1350 NW 138th St Ste 200,Des Moines,IA,50314,P,NP,Y,Y,B,
4066274228,HCP07320,,Prescriber4228,4328 Main St,Houston,TX,77030,IM,MD,Y,Y,,Y
4066400366,Raymond,J,Summers,9191 Kyser Way Ste 300,Frisco,TX,75033,AI,MD,Y,Y,,Y
4067117816,HCP07321,,Prescriber7816,7916 Main St,Atlanta,GA,30322,PD,NP,Y,Y,,Y
4068541687,Larry,,Allen,505 W 168th St Fl 1,New York,NY,10032,PD,NP,Y,Y,,
4069720128,HCP07322,,Prescriber0128,228 Main St,Cleveland,OH,44195,PD,NP,Y,Y,,Y
4069888082,HCP07323,,Prescriber8082,8182 Main St,Houston,TX,77030,GO,MD,Y,Y,,Y
4070166799,Mr.,T,Jeremy Oconnell,4420 Dixie Hwy Ste 126,Louisville,KY,40216,PD,MD,Y,Y,,Y
4070385032,HCP07324,,Prescriber5032,5132 Main St,Miami,FL,33136,FM,MD,Y,Y,,Y
4070602773,Steven,N,Vasquez,551 W Lancaster Ave Ste 212,Haverford,PA,19041,P,MD,Y,Y,A,
4071119897,HCP07325,,Prescriber9897,997 Main St,San Antonio,TX,78258,FM,MD,Y,Y,,Y
4071239530,Calvin,R,Torres,17505 N 79th Ave Ste 203,Glendale,AZ,85308,P,PA,Y,Y,C,
4071501875,HCP07326,,Prescriber1875,1975 Main St,Houston,TX,77030,PD,NP,Y,Y,,Y
4071518606,HCP07327,,Prescriber8606,8706 Main St,Sugar Land,TX,77478,P,MD,Y,Y,,Y
4073472823,HCP07328,,Prescriber2823,2923 Main St,Jackson,MS,39216,FM,NP,Y,Y,,Y
4073813950,Anthony,E,Stevens,1603 22nd St Ste 200,West Des Moines,IA,50266,P,PA,Y,Y,C,
4073985105,HCP07329,,Prescriber5105,5205 Main St,Bonney Lake,WA,98391,FM,MD,Y,Y,,Y
4074362504,Mary,N,Pace,8401 Harcourt Rd,Indianapolis,IN,46260,P,NP,Y,Y,B,
4075408412,HCP07330,,Prescriber8412,8512 Main St,Bellmore,NY,11710,FM,MD,Y,Y,,Y
4075746355,HCP07331,,Prescriber6355,6455 Main St,Houston,TX,77030,NS,MD,Y,Y,,Y
4075749408,HCP07332,,Prescriber9408,508 Main St,Prairieville,LA,70769,FM,NP,Y,Y,,Y
4075812031,HCP07333,,Prescriber2031,2131 Main St,Indianapolis,IN,46202,HOS,DO,Y,Y,,Y
4076057283,HCP07334,,Prescriber7283,7383 Main St,Phoenix,AZ,85016,R,NP,Y,Y,,Y
4076250134,HCP07335,,Prescriber0134,234 Main St,Houston,TX,77030,GP,PA,Y,Y,,Y
4076271984,HCP07336,,Prescriber1984,2084 Main St,Kansas City,MO,64114,IM,DO,Y,Y,,Y
4076815336,HCP07337,,Prescriber5336,5436 Main St,Houston,TX,77030,PD,MD,Y,Y,,Y
4077117445,HCP07338,,Prescriber7445,7545 Main St,Phoenix,AZ,85016,IM,MD,Y,Y,,Y
4078146992,HCP07339,,Prescriber6992,7092 Main St,Kenosha,WI,53143,FM,NP,Y,Y,,Y
4078215226,HCP07340,,Prescriber5226,5326 Main St,Durham,NC,27705,PD,MD,Y,Y,,Y
4078306270,Crystal,S,Hays,2020 Brown St,Anderson,IN,46016,P,NP,Y,Y,A,
4079788479,HCP07341,,Prescriber8479,8579 Main St,Houston,TX,77030,PD,MD,Y,Y,,Y
4080287257,HCP07342,,Prescriber7257,7357 Main St,Durham,NC,27705,CHP,MD,Y,Y,,Y
4080333523,Ryan,A,Martin,6135 Barfield Rd Ste 200,Atlanta,GA,30328,FM,NP,Y,Y,B,
4080631060,HCP07343,,Prescriber1060,1160 Main St,Houston,TX,77030,DR,MD,Y,Y,,Y
4082401582,HCP07344,,Prescriber1582,1682 Main St,Baton Rouge,LA,70808,P,MD,Y,Y,,Y
4082788574,HCP07345,,Prescriber8574,8674 Main St,Cheyenne,WY,82001,PEM,MD,Y,Y,,Y
4082982820,HCP07346,,Prescriber2820,2920 Main St,Durham,NC,27705,P,NP,Y,Y,,Y
4084128059,HCP07347,,Prescriber8059,8159 Main St,Pickerington,OH,43147,FM,NP,Y,Y,,Y
4084549662,HCP07348,,Prescriber9662,762 Main St,Berwyn,IL,60402,IM,MD,Y,Y,,Y
4085430557,Taylor,W,Aguirre,13917 W Highway 71 Ste A,Austin,TX,78738,PD,MD,Y,Y,A,
4085984344,Martha,J,Potter,2051 Charlie Hall Blvd,Charleston,SC,29414,PD,MD,Y,Y,A,
4086262110,HCP07349,,Prescriber2110,2210 Main St,West Harrison,NY,10604,IM,MD,Y,Y,,Y
4087051379,HCP07350,,Prescriber1379,1479 Main St,Franklin,TN,37067,CHP,MD,Y,Y,,Y
4087138934,HCP07351,,Prescriber8934,9034 Main St,Miami,FL,33136,FM,DO,Y,Y,,Y
4087377240,HCP07352,,Prescriber7240,7340 Main St,Birmingham,AL,35233,FM,NP,Y,Y,,Y
4087819486,HCP07353,,Prescriber9486,586 Main St,Houston,TX,77030,OBG,MD,Y,Y,,Y
4088364157,HCP07354,,Prescriber4157,4257 Main St,Houston,TX,77030,TS,MD,Y,Y,,Y
4088725196,HCP07355,,Prescriber5196,5296 Main St,Houston,TX,77030,OBG,MD,Y,Y,,Y
4090129063,HCP07356,,Prescriber9063,163 Main St,Murfreesboro,TN,37129,PD,MD,Y,Y,,Y
4090364369,HCP07357,,Prescriber4369,4469 Main St,Owens Cross Roads,AL,35763,FM,MD,Y,Y,,Y
4090540796,HCP07358,,Prescriber0796,896 Main St,Houston,TX,77030,NEP,MD,Y,Y,,Y
4090744676,Andrew,A,Fuentes,656 W Lincoln Hwy,Exton,PA,19341,AI,MD,Y,Y,,Y
4092204690,HCP07359,,Prescriber4690,4790 Main St,Leland,NC,28451,FM,PA,Y,Y,,Y
4092944614,HCP07360,,Prescriber4614,4714 Main St,Houston,TX,77030,PD,NP,Y,Y,,Y
4093127036,HCP07361,,Prescriber7036,7136 Main St,Palm Harbor,FL,34683,P,NP,Y,Y,,Y
4094125406,HCP07362,,Prescriber5406,5506 Main St,Saint Louis,MO,63110,PUD,MD,Y,Y,,Y
4095024033,HCP07363,,Prescriber4033,4133 Main St,Houston,TX,77030,GP,PA,Y,Y,,Y
4095426620,HCP07364,,Prescriber6620,6720 Main St,Phoenix,AZ,85016,HO,MD,Y,Y,,Y
4095956426,HCP07365,,Prescriber6426,6526 Main St,Houston,TX,77030,RO,NP,Y,Y,,Y
4096299733,HCP07366,,Prescriber9733,833 Main St,Saint Peters,MO,63376,PD,MD,Y,Y,,Y
4096523319,Darryl,B,Decker,1409 Kingsley Ave Ste 8,Orange Park,FL,32073,P,MD,Y,Y,B,
4097451592,HCP07367,,Prescriber1592,1692 Main St,Houston,TX,77030,FM,MD,Y,Y,,Y
4097732084,Megan,,Payne,52 Beach Rd,Fairfield,CT,06824,P,MD,Y,Y,A,
4097810743,HCP07368,,Prescriber0743,843 Main St,Houston,TX,77030,P,NP,Y,Y,,Y
4098319995,Michael,L,Williams,2555 Berkshire Pkwy Ste A,Clive,IA,50325,PD,MD,Y,Y,C,
4098628213,HCP07369,,Prescriber8213,8313 Main St,Gastonia,NC,28054,P,PA,Y,Y,,Y
4099143785,HCP07370,,Prescriber3785,3885 Main St,Paducah,KY,42001,FM,MD,Y,Y,,Y
4100000200,HCP07371,,Prescriber0200,300 Main St,Houston,TX,77030,POD,DPM,Y,Y,,Y
4101681552,HCP07372,,Prescriber1552,1652 Main St,Moosic,PA,18507,P,PA,Y,Y,,Y
4102665815,HCP07373,,Prescriber5815,5915 Main St,Houston,TX,77030,NEP,MD,Y,Y,,Y
4104595809,HCP07374,,Prescriber5809,5909 Main St,Philadelphia,PA,19104,PD,NP,Y,Y,,Y
4104921491,HCP07375,,Prescriber1491,1591 Main St,Houston,TX,77030,FM,NP,Y,Y,,Y
4105340609,Mark,N,Stewart,6830 Hospital Dr Ste 206,Baltimore,MD,21237,PD,NP,Y,Y,B,
4105906699,HCP07376,,Prescriber6699,6799 Main St,Houston,TX,77030,TS,MD,Y,Y,,Y
4106812421,HCP07377,,Prescriber2421,2521 Main St,Richmond,VA,23298,FM,MD,Y,Y,,Y
4106920701,HCP07378,,Prescriber0701,801 Main St,Durham,NC,27705,FM,MD,Y,Y,,Y
4106932761,HCP07379,,Prescriber2761,2861 Main St,Atlanta,GA,30322,FM,NP,Y,Y,,Y
4106945960,HCP07380,,Prescriber5960,6060 Main St,Cartersville,GA,30120,FM,DO,Y,Y,,Y
4107392788,HCP07381,,Prescriber2788,2888 Main St,Livonia,MI,48152,GP,PA,Y,Y,,Y
4108556502,HCP07382,,Prescriber6502,6602 Main St,Chicago,IL,60612,GP,MHC,Y,Y,,Y
4109521267,HCP07383,,Prescriber1267,1367 Main St,Houston,TX,77030,GER,DO,Y,Y,,Y
4109972527,HCP07384,,Prescriber2527,2627 Main St,Houston,TX,77030,HOS,MD,Y,Y,,Y
4110250266,HCP07385,,Prescriber0266,366 Main St,Overland Park,KS,66204,PD,MD,Y,Y,,Y
4110622138,HCP07386,,Prescriber2138,2238 Main St,Houston,TX,77030,U,MD,Y,Y,,Y
4111105189,HCP07387,,Prescriber5189,5289 Main St,Houston,TX,77030,FM,MD,Y,Y,,Y
4111195125,HCP07388,,Prescriber5125,5225 Main St,Manhattan,KS,66502,P,MD,Y,Y,,Y
4112326856,HCP07389,,Prescriber6856,6956 Main St,Durham,NC,27705,U,MD,Y,Y,,Y
4112683677,HCP07390,,Prescriber3677,3777 Main St,Houston,TX,77030,PED,DDS,Y,Y,,Y
4113839260,HCP07391,,Prescriber9260,360 Main St,Houston,TX,77030,PD,MD,Y,Y,,Y
4114370843,James,M,Obrien,407 N Parsons Ave Ste 104,Brandon,FL,33510,P,NP,Y,Y,A,
4114479406,Kristy,I,Kelly,7521 Woodcrest Ave,Paoli,PA,19301,P,NP,Y,Y,A,
4114641853,Destiny,L,Walsh,7300 Turfway Rd Fl 2,Florence,KY,41042,PD,MD,Y,Y,C,
4114967560,Kim,I,Hill,24800 Highpoint Rd,Beachwood,OH,44122,P,MD,Y,Y,A,
4115465399,HCP07392,,Prescriber5399,5499 Main St,El Paso,TX,79912,IM,MD,Y,Y,,Y
4115719166,Jacqueline,M,Moreno,160 Hawley Ln Ste 200,Trumbull,CT,06611,GP,PA,Y,Y,B,
4115803290,HCP07393,,Prescriber3290,3390 Main St,Allen,TX,75002,GP,DO,Y,Y,,Y
4116116285,HCP07394,,Prescriber6285,6385 Main St,Houston,TX,77042,P,MD,Y,Y,,Y
4116350004,HCP07395,,Prescriber0004,104 Main St,Manhattan,KS,66502,P,NP,Y,Y,,Y
4117274557,HCP07396,,Prescriber4557,4657 Main St,Houston,TX,77030,NM,MD,Y,Y,,Y
4117319699,HCP07397,,Prescriber9699,799 Main St,Great Neck,NY,11021,PD,MD,Y,Y,,Y
4117743401,Daniel,H,Burns,1S443 Summit Ave Ste 201,Oakbrook Terrace,IL,60181,P,MD,Y,Y,B,
4118229087,HCP07398,,Prescriber9087,187 Main St,Saint Louis,MO,63132,GP,PA,Y,Y,,Y
4118686257,HCP07399,,Prescriber6257,6357 Main St,Columbus,GA,31909,PD,MD,Y,Y,,Y
4118812584,HCP07400,,Prescriber2584,2684 Main St,Milwaukee,WI,53210,GP,PA,Y,Y,,Y
4119444997,HCP07401,,Prescriber4997,5097 Main St,Durham,NC,27705,FM,NP,Y,Y,,Y
4119925779,HCP07402,,Prescriber5779,5879 Main St,Houston,TX,77030,PED,DDS,Y,Y,,Y
4120400192,HCP07403,,Prescriber0192,292 Main St,Richmond,VA,23298,IM,NP,Y,Y,,Y
4120724099,HCP07404,,Prescriber4099,4199 Main St,Cleveland,OH,44195,FSM,DO,Y,Y,,Y
4120967454,HCP07405,,Prescriber7454,7554 Main St,Atlanta,GA,30342,PD,MD,Y,Y,,Y
4122510790,HCP07406,,Prescriber0790,890 Main St,Elyria,OH,44035,N,MD,Y,Y,,Y
4122749099,HCP07407,,Prescriber9099,199 Main St,Lafayette,LA,70503,FM,NP,Y,Y,,Y
4122913584,HCP07408,,Prescriber3584,3684 Main St,Lawrenceville,GA,30046,ADL,MD,Y,Y,,Y
4123270767,HCP07409,,Prescriber0767,867 Main St,Houston,TX,77030,ED,DDS,Y,Y,,Y
4124410493,HCP07410,,Prescriber0493,593 Main St,Houston,TX,77008,IM,MD,Y,Y,,Y
4124635592,HCP07411,,Prescriber5592,5692 Main St,Eureka,MO,63025,PD,MD,Y,Y,,Y
4124732452,HCP07412,,Prescriber2452,2552 Main St,Franklin,TN,37067,FM,MD,Y,Y,,Y
4125337965,HCP07413,,Prescriber7965,8065 Main St,Louisville,KY,40204,IM,MD,Y,Y,,Y
4125550394,HCP07414,,Prescriber0394,494 Main St,Houston,TX,77030,OBG,MD,Y,Y,,Y
4125742813,HCP07415,,Prescriber2813,2913 Main St,Houston,TX,77030,NPM,MD,Y,Y,,Y
4125809803,HCP07416,,Prescriber9803,903 Main St,Houston,TX,77030,HOS,MD,Y,Y,,Y
4126178281,HCP07417,,Prescriber8281,8381 Main St,Houston,TX,77030,PTH,MD,Y,Y,,Y
4126766267,HCP07418,,Prescriber6267,6367 Main St,Houston,TX,77030,DR,MD,Y,Y,,Y
4127000112,HCP07419,,Prescriber0112,212 Main St,Houston,TX,77030,P,MD,Y,Y,,Y
4127041836,HCP07420,,Prescriber1836,1936 Main St,Louisville,KY,40241,P,MD,Y,Y,,Y
4127587068,HCP07421,,Prescriber7068,7168 Main St,Cortland,OH,44410,PD,NP,Y,Y,,Y
4128513227,Alan,L,Santana,3659 Green Rd Ste 102,Beachwood,OH,44122,CHP,MD,Y,Y,A,
4128622601,HCP07422,,Prescriber2601,2701 Main St,Miami,FL,33136,VS,MD,Y,Y,,Y
4128789988,HCP07423,,Prescriber9988,1088 Main St,O Fallon,MO,63368,FM,DO,Y,Y,,Y
4129284825,HCP07424,,Prescriber4825,4925 Main St,Houston,TX,77030,PD,NP,Y,Y,,Y
4129993584,Maureen,J,Marks DVM,418 S King St,Laurinburg,NC,28352,PD,NP,Y,Y,,Y
4130078501,HCP07425,,Prescriber8501,8601 Main St,Erie,PA,16501,P,MD,Y,Y,,Y
4130409658,Vanessa,E,Tran,5131 Odonovan Dr Ste 301,Baton Rouge,LA,70808,PD,NP,Y,Y,,
4130821293,HCP07426,,Prescriber1293,1393 Main St,Woodridge,IL,60517,P,NP,Y,Y,,Y
4131027864,HCP07427,,Prescriber7864,7964 Main St,Spring,TX,77380,PD,MD,Y,Y,,Y
4132767459,HCP07428,,Prescriber7459,7559 Main St,National City,CA,91950,P,NP,Y,Y,,Y
4133409593,HCP07429,,Prescriber9593,693 Main St,Houston,TX,77030,GP,NP,Y,Y,,Y
4133494025,HCP07430,,Prescriber4025,4125 Main St,Houston,TX,77030,BAR,MD,Y,Y,,Y
4133728399,HCP07431,,Prescriber8399,8499 Main St,Omaha,NE,68164,PD,MD,Y,Y,,Y
4134032310,HCP07432,,Prescriber2310,2410 Main St,Iowa City,IA,52242,AC,NP,Y,Y,,Y
4134034908,Katherine,M,Crawford,10806 Monroe Rd Ste A,Matthews,NC,28105,PD,NP,Y,Y,,Y
4134077757,HCP07433,,Prescriber7757,7857 Main St,Houston,TX,77030,GS,DO,Y,Y,,Y
4134151600,HCP07434,,Prescriber1600,1700 Main St,Washington,PA,15301,PD,NP,Y,Y,,Y
4134175854,HCP07435,,Prescriber5854,5954 Main St,Ann Arbor,MI,48109,IM,MD,Y,Y,,Y
4134239616,HCP07436,,Prescriber9616,716 Main St,Saint Louis,MO,63110,ADU,APRN,Y,Y,,Y
4134519594,HCP07437,,Prescriber9594,694 Main St,Durham,NC,27705,GP,DO,Y,Y,,Y
4134646065,Katie,N,Burnett,3255 N Point Pkwy Ste 202,Alpharetta,GA,30005,P,NP,Y,Y,C,
4135245783,HCP07438,,Prescriber5783,5883 Main St,Houston,TX,77030,IM,DO,Y,Y,,Y
4135716251,HCP07439,,Prescriber6251,6351 Main St,Houston,TX,77030,GP,PA,Y,Y,,Y
4136188028,HCP07440,,Prescriber8028,8128 Main St,Staten Island,NY,10305,PD,NP,Y,Y,,Y
4136525459,HCP07441,,Prescriber5459,5559 Main St,Charlotte,NC,28210,P,NP,Y,Y,,Y
4136668688,HCP07442,,Prescriber8688,8788 Main St,Atlanta,GA,30322,PHT,PT,Y,Y,,Y
4136822666,HCP07443,,Prescriber2666,2766 Main St,Nashville,TN,37232,CCM,NP,Y,Y,,Y
4137174875,HCP07444,,Prescriber4875,4975 Main St,Evans,GA,30809,PD,MD,Y,Y,,Y
4137748446,HCP07445,,Prescriber8446,8546 Main St,Houston,TX,77030,GS,NP,Y,Y,,Y
4138538157,HCP07446,,Prescriber8157,8257 Main St,Cleveland,OH,44195,IM,MD,Y,Y,,Y
4138645141,HCP07447,,Prescriber5141,5241 Main St,Lake Charles,LA,70601,PD,MD,Y,Y,,Y
4139008213,HCP07448,,Prescriber8213,8313 Main St,Pompano Beach,FL,33073,P,NP,Y,Y,,Y
4140430073,HCP07449,,Prescriber0073,173 Main St,Nashville,TN,37232,PD,PVN,Y,Y,,Y
4141135860,Jacob,D,Fleming,128 Chestnut St Ste 104,Philadelphia,PA,19106,P,MD,Y,Y,B,
4141171791,HCP07450,,Prescriber1791,1891 Main St,Brooklyn,NY,11238,GP,PA,Y,Y,,Y
4141222686,HCP07451,,Prescriber2686,2786 Main St,Houston,TX,77030,RHU,MD,Y,Y,,Y
4141491376,HCP07452,,Prescriber1376,1476 Main St,Bellaire,TX,77401,P,MD,Y,Y,,Y
4142997421,HCP07453,,Prescriber7421,7521 Main St,Atlanta,GA,30322,DS,PA,Y,Y,,Y
4143266519,HCP07454,,Prescriber6519,6619 Main St,Scottsdale,AZ,85260,GP,NP,Y,Y,,Y
4143367432,HCP07455,,Prescriber7432,7532 Main St,Houston,TX,77030,FM,MD,Y,Y,,Y
4143404005,HCP07456,,Prescriber4005,4105 Main St,Cincinnati,OH,45241,GP,NP,Y,Y,,Y
4143934848,HCP07457,,Prescriber4848,4948 Main St,Miami,FL,33136,RCT,NP,Y,Y,,Y
4144012308,HCP07458,,Prescriber2308,2408 Main St,Indianola,IA,50125,PD,DO,Y,Y,,Y
4144477825,HCP07459,,Prescriber7825,7925 Main St,Elmhurst,IL,60126,PD,DO,Y,Y,,Y
4144717980,HCP07460,,Prescriber7980,8080 Main St,Lexington,SC,29072,FM,MD,Y,Y,,Y
4145142048,Jennifer,D,Larson,3300 Riverside Dr Ste 200,Upper Arlington,OH,43221,PD,NP,Y,Y,A,
4145953312,HCP07461,,Prescriber3312,3412 Main St,Chandler,AZ,85248,PD,DO,Y,Y,,Y
4146127002,HCP07462,,Prescriber7002,7102 Main St,Houston,TX,77030,GS,MD,Y,Y,,Y
4146427900,HCP07463,,Prescriber7900,8000 Main St,Houston,TX,77030,AN,MD,Y,Y,,Y
4147165960,HCP07464,,Prescriber5960,6060 Main St,Thibodaux,LA,70301,PD,MD,Y,Y,,Y
4147264410,Cory,,Miller,9238 Madison Blvd Ste 750,Madison,AL,35758,P,MD,Y,Y,A,
4147325323,HCP07465,,Prescriber5323,5423 Main St,Williamsburg,VA,23188,FM,MD,Y,Y,,Y
4147726314,HCP07466,,Prescriber6314,6414 Main St,Houston,TX,77030,NTR,DN,Y,Y,,Y
4147763978,Veronica,L,Diaz,665 Emory Valley Rd Ste B,Oak Ridge,TN,37830,P,NP,Y,Y,C,
4149353141,HCP07467,,Prescriber3141,3241 Main St,Walker,LA,70785,FM,MD,Y,Y,,Y
4150102663,HCP07468,,Prescriber2663,2763 Main St,Philadelphia,PA,19104,HO,MD,Y,Y,,Y
4150442620,HCP07469,,Prescriber2620,2720 Main St,Charleston,SC,29425,PHT,PT,Y,Y,,Y
4151657095,HCP07470,,Prescriber7095,7195 Main St,Houston,TX,77030,FM,NP,Y,Y,,Y
4151726466,HCP07471,,Prescriber6466,6566 Main St,Houston,TX,77030,EM,DO,Y,Y,,Y
4152109161,HCP07472,,Prescriber9161,261 Main St,Houston,TX,77030,FM,NP,Y,Y,,Y
4152948319,HCP07473,,Prescriber8319,8419 Main St,Houston,TX,77030,IM,MD,Y,Y,,Y
4153048164,HCP07474,,Prescriber8164,8264 Main St,Houston,TX,77030,GS,MD,Y,Y,,Y
4153149818,HCP07475,,Prescriber9818,918 Main St,Houston,TX,77030,GP,NP,Y,Y,,Y
4153433940,HCP07476,,Prescriber3940,4040 Main St,Pekin,IL,61554,PD,NP,Y,Y,,Y
4154222923,HCP07477,,Prescriber2923,3023 Main St,Huntsville,AL,35801,PD,MD,Y,Y,,Y
4154639631,HCP07478,,Prescriber9631,731 Main St,Charleston,SC,29425,UCM,PA,Y,Y,,Y
4155057450,Maria,,Sellers,601 Ewing St # C-12,Newark,NJ,07103,P,MD,Y,Y,C,
4155470235,HCP07479,,Prescriber0235,335 Main St,Phoenix,AZ,85016,FM,NP,Y,Y,,Y
4157009327,HCP07480,,Prescriber9327,427 Main St,Atlanta,GA,30322,NEP,MD,Y,Y,,Y
4157650233,HCP07481,,Prescriber0233,333 Main St,Houston,TX,77030,GP,PA,Y,Y,,Y
4157663088,HCP07482,,Prescriber3088,3188 Main St,Indianapolis,IN,46227,P,NP,Y,Y,,Y
4157735349,HCP07483,,Prescriber5349,5449 Main St,Houston,TX,77030,POD,DPM,Y,Y,,Y
4157947419,HCP07484,,Prescriber7419,7519 Main St,Greenville,SC,29615,FM,MD,Y,Y,,Y
4158048799,Deborah,,Cole,107 Commerce Centre Dr Ste 201,Huntersville,NC,28078,CHP,MD,Y,Y,B,
4158744116,HCP07485,,Prescriber4116,4216 Main St,Evansville,IN,47715,P,NP,Y,Y,,Y
4159269963,HCP07486,,Prescriber9963,1063 Main St,Hillsborough,NC,27278,P,MD,Y,Y,,Y
4159342782,HCP07487,,Prescriber2782,2882 Main St,Houston,TX,77030,PDP,MD,Y,Y,,Y
4159676556,HCP07488,,Prescriber6556,6656 Main St,Saint Peters,MO,63376,IM,MD,Y,Y,,Y
4160817219,HCP07489,,Prescriber7219,7319 Main St,Frisco,TX,75034,PD,MD,Y,Y,,Y
4161504969,HCP07490,,Prescriber4969,5069 Main St,Houston,TX,77030,DR,MD,Y,Y,,Y
4161508846,HCP07491,,Prescriber8846,8946 Main St,Atlanta,GA,30322,GP,MD,Y,Y,,Y
4162329067,Brian,K,Fitzgerald,16611 S 40th St Ste 160,Phoenix,AZ,85048,PD,MD,Y,Y,C,
4162946887,HCP07492,,Prescriber6887,6987 Main St,Fort Lauderdale,FL,33316,IM,MD,Y,Y,,Y
4163245488,HCP07493,,Prescriber5488,5588 Main St,Houston,TX,77030,FM,DO,Y,Y,,Y
4164133829,HCP07494,,Prescriber3829,3929 Main St,Greenville,NC,27834,PD,DO,Y,Y,,Y
4164870078,HCP07495,,Prescriber0078,178 Main St,Denver,CO,80230,IM,MD,Y,Y,,Y
4164944657,HCP07496,,Prescriber4657,4757 Main St,Miami,FL,33136,N,NP,Y,Y,,Y
4165247640,HCP07497,,Prescriber7640,7740 Main St,Miami,FL,33136,GS,PA,Y,Y,,Y
4165844376,HCP07498,,Prescriber4376,4476 Main St,Atlanta,GA,30322,AN,MD,Y,Y,,Y
4166394937,HCP07499,,Prescriber4937,5037 Main St,Houston,TX,77030,PSM,DO,Y,Y,,Y
4166607204,HCP07500,,Prescriber7204,7304 Main St,Toledo,OH,43617,PD,MD,Y,Y,,Y
4167169748,HCP07501,,Prescriber9748,848 Main St,Scottsdale,AZ,85254,PD,DO,Y,Y,,Y
4167509033,Patrick,V,Garcia,1035 Proprietors Rd,Worthington,OH,43085,P,MD,Y,Y,C,
4167714897,HCP07502,,Prescriber4897,4997 Main St,Astoria,NY,11102,OTO,MD,Y,Y,,Y
4167981222,HCP07503,,Prescriber1222,1322 Main St,Houston,TX,77030,AC,NP,Y,Y,,Y
4168100426,HCP07504,,Prescriber0426,526 Main St,Houston,TX,77030,IM,MD,Y,Y,,Y
4168461850,HCP07505,,Prescriber1850,1950 Main St,Lewisville,TX,75077,PD,MD,Y,Y,,Y
4168616485,HCP07506,,Prescriber6485,6585 Main St,New York,NY,10016,P,MD,Y,Y,,Y
4170194750,HCP07507,,Prescriber4750,4850 Main St,Miami,FL,33136,CD,MD,Y,Y,,Y
4170297573,HCP07508,,Prescriber7573,7673 Main St,Houston,TX,77030,PD,MD,Y,Y,,Y
4170829509,Mrs.,A,Kayla Carter DDS,3555 Sunset Office Dr Ste 101,Saint Louis,MO,63127,PD,MD,Y,Y,C,
4171764576,HCP07509,,Prescriber4576,4676 Main St,Atlanta,GA,30322,P,NP,Y,Y,,Y
4172019519,HCP07510,,Prescriber9519,619 Main St,Houston,TX,77030,ORS,DO,Y,Y,,Y
4172720290,HCP07511,,Prescriber0290,390 Main St,Midlothian,VA,23114,FM,MD,Y,Y,,Y
4172771996,Rachel,D,Griffin,1907 S 17th St Ste 1,Wilmington,NC,28401,P,PA,Y,Y,A,
4173291754,HCP07512,,Prescriber1754,1854 Main St,Houston,TX,77030,GER,NP,Y,Y,,Y
4173868877,James,,Francis,2101 S Arlington Heights Rd Ste 116,Arlington Heights,IL,60005,P,MD,Y,Y,C,
4174715745,HCP07513,,Prescriber5745,5845 Main St,Miami,FL,33136,FM,NP,Y,Y,,Y
4174716653,HCP07514,,Prescriber6653,6753 Main St,Houston,TX,77030,FM,NP,Y,Y,,Y
4175302823,HCP07515,,Prescriber2823,2923 Main St,Wetumpka,AL,36092,PD,MD,Y,Y,,Y
4175868807,HCP07516,,Prescriber8807,8907 Main St,Waukee,IA,50263,FM,DO,Y,Y,,Y
4176359308,HCP07517,,Prescriber9308,408 Main St,Houston,TX,77030,ADU,NP,Y,Y,,Y
4176575929,HCP07518,,Prescriber5929,6029 Main St,Miami,FL,33136,CCM,NP,Y,Y,,Y
4176895569,HCP07519,,Prescriber5569,5669 Main St,Miami,FL,33136,VIR,MD,Y,Y,,Y
4177145388,HCP07520,,Prescriber5388,5488 Main St,Lancaster,OH,43130,P,NP,Y,Y,,Y
4177171470,HCP07521,,Prescriber1470,1570 Main St,Dallas,TX,75390,P,MD,Y,Y,,Y
4177309705,HCP07522,,Prescriber9705,805 Main St,Houston,TX,77030,HOS,MD,Y,Y,,Y
4177753278,HCP07523,,Prescriber3278,3378 Main St,Houston,TX,77030,GP,PA,Y,Y,,Y
4180129089,HCP07524,,Prescriber9089,189 Main St,Jbsa Randolph,TX,78150,PD,DO,Y,Y,,Y
4180601953,HCP07525,,Prescriber1953,2053 Main St,Houston,TX,77030,PD,RN,Y,Y,,Y
4181938502,HCP07526,,Prescriber8502,8602 Main St,Omaha,NE,68134,CD,MD,Y,Y,,Y
4182493799,HCP07527,,Prescriber3799,3899 Main St,Houston,TX,77030,FM,RN,Y,Y,,Y
4183015134,HCP07528,,Prescriber5134,5234 Main St,Houston,TX,77030,IM,DO,Y,Y,,Y
4183791950,HCP07529,,Prescriber1950,2050 Main St,Mcallen,TX,78501,P,NP,Y,Y,,Y
4184038379,HCP07530,,Prescriber8379,8479 Main St,Louisville,KY,40202,P,NP,Y,Y,,Y
4184319992,Robert,C,Morgan,10745 165th St,Orland Park,IL,60467,P,PA,Y,Y,A,
4184461222,HCP07531,,Prescriber1222,1322 Main St,Salisbury,NC,28144,P,NP,Y,Y,,Y
4185267102,HCP07532,,Prescriber7102,7202 Main St,Kissimmee,FL,34741,P,NP,Y,Y,,Y
4185543942,HCP07533,,Prescriber3942,4042 Main St,Plainfield,IL,60585,PDD,MD,Y,Y,,Y
4185614896,HCP07534,,Prescriber4896,4996 Main St,Metairie,LA,70005,PD,MD,Y,Y,,Y
4185742460,HCP07535,,Prescriber2460,2560 Main St,Houston,TX,77030,PUD,MD,Y,Y,,Y
4185833956,HCP07536,,Prescriber3956,4056 Main St,Richmond,VA,23236,IM,MD,Y,Y,,Y
4186032767,HCP07537,,Prescriber2767,2867 Main St,Wilmington,NC,28405,IM,NP,Y,Y,,Y
4186163235,HCP07538,,Prescriber3235,3335 Main St,Houston,TX,77030,GP,DO,Y,Y,,Y
4187353341,HCP07539,,Prescriber3341,3441 Main St,Houston,TX,77030,GP,PA,Y,Y,,Y
4188611209,HCP07540,,Prescriber1209,1309 Main St,Gastonia,NC,28054,UCM,NP,Y,Y,,Y
4189159057,Jessica,I,Krause,1925 Old Peachtree Rd NE,Lawrenceville,GA,30043,FM,DO,Y,Y,A,N
4190376609,HCP07541,,Prescriber6609,6709 Main St,Columbus,OH,43205,PD,NP,Y,Y,,Y
4190898185,HCP07542,,Prescriber8185,8285 Main St,Mount Pleasant,SC,29466,OBG,MD,Y,Y,,Y
4191661951,HCP07543,,Prescriber1951,2051 Main St,Detroit,MI,48201,PD,MD,Y,Y,,Y
4192158101,HCP07544,,Prescriber8101,8201 Main St,Charlestown,IN,47111,ADM,NP,Y,Y,,Y
4192587454,James,B,Gross,8675 S Priest Dr Ste 102,Tempe,AZ,85284,GP,PA,Y,Y,B,
4192729884,Bryan,A,Perez,3824 Hearne Ave,Shreveport,LA,71103,PD,MD,Y,Y,,Y
4192963624,HCP07545,,Prescriber3624,3724 Main St,Houston,TX,77030,FM,NP,Y,Y,,Y
4193353310,HCP07546,,Prescriber3310,3410 Main St,Venice,FL,34292,FM,NP,Y,Y,,Y
4193731699,HCP07547,,Prescriber1699,1799 Main St,Wilmette,IL,60091,PD,MD,Y,Y,,Y
4193829474,HCP07548,,Prescriber9474,574 Main St,Kansas City,KS,66160,OCT,OT,Y,Y,,Y
4194030797,HCP07549,,Prescriber0797,897 Main St,North Wales,PA,19454,P,NP,Y,Y,,Y
4194033337,HCP07550,,Prescriber3337,3437 Main St,Omaha,NE,68198,GP,PA,Y,Y,,Y
4194816174,HCP07551,,Prescriber6174,6274 Main St,Atlanta,GA,30322,IM,MD,Y,Y,,Y
4195601585,HCP07552,,Prescriber1585,1685 Main St,Iowa City,IA,52242,PHM,PHAR,Y,Y,,Y
4195985796,HCP07553,,Prescriber5796,5896 Main St,Tempe,AZ,85283,FM,NP,Y,Y,,Y
4196773518,HCP07554,,Prescriber3518,3618 Main St,Houston,TX,77030,OBG,MD,Y,Y,,Y
4197656817,HCP07555,,Prescriber6817,6917 Main St,Durham,NC,27705,FM,DO,Y,Y,,Y
4197948523,HCP07556,,Prescriber8523,8623 Main St,Houston,TX,77030,CH,DC,Y,Y,,Y
4198238224,HCP07557,,Prescriber8224,8324 Main St,Oshkosh,WI,54902,PD,MD,Y,Y,,Y
4199099701,HCP07558,,Prescriber9701,801 Main St,Miami,FL,33136,GE,MD,Y,Y,,Y
4200116297,HCP07559,,Prescriber6297,6397 Main St,Houston,TX,77030,DEN,DDS,Y,Y,,Y
4200240497,HCP07560,,Prescriber0497,597 Main St,Houston,TX,77030,PS,MD,Y,Y,,Y
4200477160,HCP07561,,Prescriber7160,7260 Main St,Philadelphia,PA,19104,DR,MD,Y,Y,,Y
4202222946,HCP07562,,Prescriber2946,3046 Main St,Woodstock,GA,30189,IM,MD,Y,Y,,Y
4202857844,HCP07563,,Prescriber7844,7944 Main St,Houston,TX,77030,PD,RN,Y,Y,,Y
4202977201,HCP07564,,Prescriber7201,7301 Main St,Houston,TX,77030,AMD,MD,Y,Y,,Y
4203539108,HCP07565,,Prescriber9108,208 Main St,Naperville,IL,60564,PD,DO,Y,Y,,Y
4203599510,HCP07566,,Prescriber9510,610 Main St,Omaha,NE,68198,PD,MD,Y,Y,,Y
4203690495,Victoria,,Young,10806 Monroe Rd Ste A,Matthews,NC,28105,GP,PA,Y,Y,,Y
4204500274,HCP07567,,Prescriber0274,374 Main St,Houston,TX,77030,GS,NP,Y,Y,,Y
4204945096,HCP07568,,Prescriber5096,5196 Main St,Atlanta,GA,30322,GP,NP,Y,Y,,Y
4205013016,HCP07569,,Prescriber3016,3116 Main St,Manhasset,NY,11030,PD,MD,Y,Y,,Y
4205079190,HCP07570,,Prescriber9190,290 Main St,Houston,TX,77030,PD,PA,Y,Y,,Y
4205087886,HCP07571,,Prescriber7886,7986 Main St,Buffalo,NY,14221,P,MD,Y,Y,,Y
4206576968,HCP07572,,Prescriber6968,7068 Main St,Saint Louis,MO,63132,P,MD,Y,Y,,Y
4206834880,HCP07573,,Prescriber4880,4980 Main St,Indianapolis,IN,46202,EM,MD,Y,Y,,Y
4207014474,HCP07574,,Prescriber4474,4574 Main St,Fort Lauderdale,FL,33306,PD,MD,Y,Y,,Y
4207142860,Candace,D,Foster,6440 W Newberry Rd Ste 402,Gainesville,FL,32605,PD,MD,Y,Y,A,Y
4208552943,HCP07575,,Prescriber2943,3043 Main St,Grand Rapids,MI,49525,FM,MD,Y,Y,,Y
4208718267,HCP07576,,Prescriber8267,8367 Main St,Santa Fe,TX,77510,FM,MD,Y,Y,,Y
4209426989,HCP07577,,Prescriber6989,7089 Main St,Houston,TX,77030,CD,MD,Y,Y,,Y
4210248299,Jeffrey,M,Mitchell,8675 College Blvd Ste 100,Overland Park,KS,66210,PD,MD,Y,Y,C,
4210372170,HCP07578,,Prescriber2170,2270 Main St,Miami,FL,33136,GP,RN,Y,Y,,Y
4211013514,HCP07579,,Prescriber3514,3614 Main St,Houston,TX,77030,OPH,MD,Y,Y,,Y
4211196597,HCP07580,,Prescriber6597,6697 Main St,Houston,TX,77030,ORS,PA,Y,Y,,Y
4211247980,HCP07581,,Prescriber7980,8080 Main St,Towson,MD,21204,P,NP,Y,Y,,Y
4211632359,HCP07582,,Prescriber2359,2459 Main St,Houston,TX,77030,GP,DN,Y,Y,,Y
4211694647,HCP07583,,Prescriber4647,4747 Main St,Houston,TX,77030,FM,NP,Y,Y,,Y
4212037622,HCP07584,,Prescriber7622,7722 Main St,Dalton,GA,30721,PD,MD,Y,Y,,Y
4212301685,Joshua,J,Hernandez,200 W 57th St Ste 305,New York,NY,10019,P,MD,Y,Y,C,
4212487388,HCP07585,,Prescriber7388,7488 Main St,Durham,NC,27705,PD,MD,Y,Y,,Y
4213822053,HCP07586,,Prescriber2053,2153 Main St,Houston,TX,77030,IM,MD,Y,Y,,Y
4214025495,Alexis,,Carroll,4600 Green Bay Rd,Kenosha,WI,53144,GP,PA,Y,Y,C,
4214033863,HCP07587,,Prescriber3863,3963 Main St,Houston,TX,77030,CD,NP,Y,Y,,Y
4214728175,HCP07588,,Prescriber8175,8275 Main St,Miami,FL,33146,P,NP,Y,Y,,Y
4214910218,HCP07589,,Prescriber0218,318 Main St,Oak Ridge,NC,27310,PD,MD,Y,Y,,Y
4215289342,HCP07590,,Prescriber9342,442 Main St,Seattle,WA,98195,FM,NP,Y,Y,,Y
4215321087,HCP07591,,Prescriber1087,1187 Main St,Houston,TX,77030,OBG,MD,Y,Y,,Y
4215810395,HCP07592,,Prescriber0395,495 Main St,Baltimore,MD,21229,IM,MD,Y,Y,,Y
4216555814,Eric,H,White,42124 Veterans Ave,Hammond,LA,70403,PD,NP,Y,Y,,
4217621925,HCP07593,,Prescriber1925,2025 Main St,Houston,TX,77030,GP,PA,Y,Y,,Y
4217733131,HCP07594,,Prescriber3131,3231 Main St,Houston,TX,77030,FM,MD,Y,Y,,Y
4217826740,HCP07595,,Prescriber6740,6840 Main St,Plainview,NY,11803,ADL,MD,Y,Y,,Y
4218154997,HCP07596,,Prescriber4997,5097 Main St,Fort Bragg,NC,28310,AI,MD,Y,Y,,Y
4218236731,HCP07597,,Prescriber6731,6831 Main St,Beachwood,OH,44122,P,MD,Y,Y,,Y
4218331853,Kevin,J,Wallace,1251 SW Arrowhead Rd Ste 120,Topeka,KS,66604,P,NP,Y,Y,C,
4219043717,HCP07598,,Prescriber3717,3817 Main St,Houston,TX,77030,FM,NP,Y,Y,,Y
4219071994,HCP07599,,Prescriber1994,2094 Main St,Miami,FL,33134,IM,MD,Y,Y,,Y
4219959379,Philip,J,Martin,3261 24th Ave NW Ste 101,Norman,OK,73069,FM,NP,Y,Y,C,
4220250774,HCP07600,,Prescriber0774,874 Main St,Hagerstown,MD,21740,FM,NP,Y,Y,,Y
4220816094,HCP07601,,Prescriber6094,6194 Main St,Houston,TX,77030,AN,MD,Y,Y,,Y
4220896216,HCP07602,,Prescriber6216,6316 Main St,Atlanta,GA,30322,GP,PA,Y,Y,,Y
4220986555,HCP07603,,Prescriber6555,6655 Main St,Windermere,FL,34786,PD,MD,Y,Y,,Y
4221793279,HCP07604,,Prescriber3279,3379 Main St,Ankeny,IA,50023,PD,DO,Y,Y,,Y
4222119807,HCP07605,,Prescriber9807,907 Main St,Franklin,TN,37067,P,NP,Y,Y,,Y
4222184323,HCP07606,,Prescriber4323,4423 Main St,Houston,TX,77030,GE,MD,Y,Y,,Y
4222433945,HCP07607,,Prescriber3945,4045 Main St,Houston,TX,77030,HOS,MD,Y,Y,,Y
4223429352,HCP07608,,Prescriber9352,452 Main St,Houston,TX,77030,PMD,NP,Y,Y,,Y
4223842415,HCP07609,,Prescriber2415,2515 Main St,Houston,TX,77030,DEN,DDS,Y,Y,,Y
4223989082,HCP07610,,Prescriber9082,182 Main St,Grand Rapids,MI,49506,P,MD,Y,Y,,Y
4224755933,HCP07611,,Prescriber5933,6033 Main St,Rock Hill,SC,29732,FM,DO,Y,Y,,Y
4224955312,HCP07612,,Prescriber5312,5412 Main St,Maitland,FL,32751,PD,MD,Y,Y,,Y
4225275252,Sarah,J,Mejia,4 Carriage Ln Ste 200,Charleston,SC,29414,P,NP,Y,Y,C,
4226258093,HCP07613,,Prescriber8093,8193 Main St,Houston,TX,77030,OBG,MD,Y,Y,,Y
4226276224,HCP07614,,Prescriber6224,6324 Main St,Chicago,IL,60612,FM,NP,Y,Y,,Y
4226524032,Tammy,,Davis,4711 Golf Rd,Wheeling,IL,60090,GP,PA,Y,Y,C,
4226886942,HCP07615,,Prescriber6942,7042 Main St,Charlotte,NC,28273,GP,NP,Y,Y,,Y
4227291601,HCP07616,,Prescriber1601,1701 Main St,Pinellas Park,FL,33781,P,MD,Y,Y,,Y
4227466304,HCP07617,,Prescriber6304,6404 Main St,Miami,FL,33136,GP,NP,Y,Y,,Y
4228255701,Lauren,,Arnold,9041 Executive Park Dr Ste 104,Knoxville,TN,37919,P,NP,Y,Y,C,
4228629609,HCP07618,,Prescriber9609,709 Main St,Houston,TX,77030,PD,NP,Y,Y,,Y
4229021548,HCP07619,,Prescriber1548,1648 Main St,Novi,MI,48374,ADL,MD,Y,Y,,Y
4229347571,HCP07620,,Prescriber7571,7671 Main St,Columbia,SC,29223,P,NP,Y,Y,,Y
4229677541,HCP07621,,Prescriber7541,7641 Main St,Broussard,LA,70518,FM,MD,Y,Y,,Y
4229786366,HCP07622,,Prescriber6366,6466 Main St,Newnan,GA,30263,PD,MD,Y,Y,,Y
4230116836,Sara,G,Harvey,1401 Bridgewater Ln,Kingsport,TN,37660,P,NP,Y,Y,C,
4230275165,HCP07623,,Prescriber5165,5265 Main St,Germantown,MD,20876,FM,MD,Y,Y,,Y
4231120430,HCP07624,,Prescriber0430,530 Main St,Houston,TX,77030,PD,RN,Y,Y,,Y
4231846137,HCP07625,,Prescriber6137,6237 Main St,Winston-Salem,NC,27103,GP,NP,Y,Y,,Y
4232789866,HCP07626,,Prescriber9866,966 Main St,Milwaukee,WI,53226,NEP,NP,Y,Y,,Y
4232790809,HCP07627,,Prescriber0809,909 Main St,Spring,TX,77382,PD,MD,Y,Y,,Y
4232861093,HCP07628,,Prescriber1093,1193 Main St,Houston,TX,77030,HOS,MD,Y,Y,,Y
4232869594,HCP07629,,Prescriber9594,694 Main St,Lakeland,FL,33813,P,NP,Y,Y,,Y
4233010370,HCP07630,,Prescriber0370,470 Main St,New York,NY,10001,P,DO,Y,Y,,Y
4233698508,HCP07631,,Prescriber8508,8608 Main St,Houston,TX,77030,IM,MD,Y,Y,,Y
4233766456,Edward,C,Rivera,9611 Louetta Rd,Spring,TX,77379,CHP,MD,Y,Y,A,
4233967134,HCP07632,,Prescriber7134,7234 Main St,Miami,FL,33136,FM,MD,Y,Y,,Y
4234750537,HCP07633,,Prescriber0537,637 Main St,Minot,ND,58701,FM,MD,Y,Y,,Y
4235413314,HCP07634,,Prescriber3314,3414 Main St,Houston,TX,77030,PD,PVN,Y,Y,,Y
4235443876,HCP07635,,Prescriber3876,3976 Main St,Durham,NC,27705,FM,NP,Y,Y,,Y
4235617116,Judy,M,Chan,765 State Route 10 Ste 203,Randolph,NJ,07869,PD,NP,Y,Y,,Y
4235834425,HCP07636,,Prescriber4425,4525 Main St,Houston,TX,77030,DR,MD,Y,Y,,Y
4236101989,HCP07637,,Prescriber1989,2089 Main St,Medina,OH,44256,P,NP,Y,Y,,Y
4236108210,HCP07638,,Prescriber8210,8310 Main St,Leawood,KS,66209,FM,DO,Y,Y,,Y
4236110405,HCP07639,,Prescriber0405,505 Main St,Brentwood,TN,37027,FM,MD,Y,Y,,Y
4236198472,HCP07640,,Prescriber8472,8572 Main St,Phoenix,AZ,85016,GS,MD,Y,Y,,Y
4236251023,HCP07641,,Prescriber1023,1123 Main St,Sharpsburg,GA,30277,FM,MD,Y,Y,,Y
4236394342,HCP07642,,Prescriber4342,4442 Main St,Houston,TX,77030,AN,DO,Y,Y,,Y
4237146082,HCP07643,,Prescriber6082,6182 Main St,Houston,TX,77030,ADU,APRN,Y,Y,,Y
4237951854,HCP07644,,Prescriber1854,1954 Main St,Atlanta,GA,30322,OSS,MD,Y,Y,,Y
4238910926,HCP07645,,Prescriber0926,1026 Main St,Houston,TX,77030,CHP,MD,Y,Y,,Y
4239050841,Jose,L,Gonzalez,5560 Independence Pkwy,Frisco,TX,75035,PD,MD,N,Y,,Y
4239654867,Sheila,M,Juarez,4034 N Hampton Dr,Powell,OH,43065,P,NP,Y,Y,A,
4239861589,HCP07646,,Prescriber1589,1689 Main St,Miami,FL,33136,FM,MD,Y,Y,,Y
4241085302,HCP07647,,Prescriber5302,5402 Main St,Alexandria,VA,22314,OBG,NP,Y,Y,,Y
4242109261,HCP07648,,Prescriber9261,361 Main St,Houston,TX,77030,OTH,RN,Y,Y,,Y
4243630594,David,M,Duran,2450 Old Milton Pkwy Ste 201,Dawsonville,GA,30534,FM,DO,Y,Y,B,
