campaign_name,ad_group,currency,clicks_ad,impressions,cost,indication,brand_target,date
|CN|DTCB|BR|mBC|NEU|NEU|Competitive|Competitor,Competitors|TXT|National|A:A|1|EX,USD,1,48,6.05,BZS,DTC,2024-04-26
|CN|DTCB|BR|mBC|NEU|NEU|Competitive|Competitor,Competitors|TXT|National|A:A|1|PH,USD,9,45,51.21,BZS,DTC,2024-04-26
|CN|DTCB|BR|mBC|NEU|NEU|Competitive|Competitor,Competitor|TXT|National|A:A|1|EX,USD,1,29,7.65,BZS,DTC,2024-04-26
|CN|DTCB|BR|mBC|NEU|NEU|Competitive|Competitor,Competitor|TXT|National|A:A|1|PH,USD,1,30,8.32,BZS,DTC,2024-04-26
|CN|DTCB|BR|mBC|NEU|NEU|Condition|BZS,BZS|TXT|National|A:A|1|EX,USD,23,158,185.5,BZS,DTC,2024-04-26
|CN|DTCB|BR|mBC|NEU|NEU|Condition|BZS,BZS|TXT|National|A:A|1|EX,USD,0,20,0.0,BZS,DTC,2024-04-26
|CN|DTCB|BR|mBC|NEU|NEU|Condition|BZS,BZS|TXT|National|A:A|1|PH,USD,23,190,187.4,BZS,DTC,2024-04-26
|CN|DTCB|BR|mBC|NEU|NEU|Condition|BZS,BZS|TXT|National|A:A|1|PH,USD,1,46,12.0,BZS,DTC,2024-04-26
|CN|DTCB|BR|mBC|NEU|NEU|Core|Alone,Alone|TXT|National|A:A|1|EX,USD,51,412,299.34,BZS,DTC,2024-04-26
|CN|DTCB|BR|mBC|NEU|NEU|Core|Alone,Alone|TXT|National|A:A|1|PH,USD,42,516,329.35,BZS,DTC,2024-04-26
|CN|DTCB|BR|mBC|NEU|NEU|Core|Branded,Alone|TXT|National|A:A|1|EX,USD,11,87,81.88,BZS,DTC,2024-04-26
|CN|DTCB|BR|mBC|NEU|NEU|Core|Branded,Alone|TXT|National|A:A|1|PH,USD,1,33,10.83,BZS,DTC,2024-04-26
|CN|DTCB|BR|mBC|NEU|NEU|Information|Info,Dosing|TXT|National|A:A|1|EX,USD,1,6,5.36,BZS,DTC,2024-04-26
|CN|DTCB|BR|mBC|NEU|NEU|Information|Info,Info|TXT|National|A:A|1|EX,USD,9,31,48.63,BZS,DTC,2024-04-26
|CN|DTCB|BR|mBC|NEU|NEU|Information|Info,Info|TXT|National|A:A|1|PH,USD,2,23,15.49,BZS,DTC,2024-04-26
|CN|DTCB|BR|mBC|NEU|NEU|Information|Info,Resources|TXT|National|A:A|1|EX,USD,0,8,0.0,BZS,DTC,2024-04-26
|CN|DTCB|BR|mBC|NEU|NEU|Information|Info,Results|TXT|National|A:A|1|EX,USD,0,3,0.0,BZS,DTC,2024-04-26
|CN|DTCB|BR|mBC|NEU|NEU|Information|Info,Results|TXT|National|A:A|1|EX,USD,0,3,0.0,BZS,DTC,2024-04-26
|CN|DTCB|BR|mBC|NEU|NEU|Information|Info,Results|TXT|National|A:A|1|PH,USD,0,5,0.0,BZS,DTC,2024-04-26
|CN|DTCB|BR|mBC|NEU|NEU|Information|Info,Results|TXT|National|A:A|1|PH,USD,0,1,0.0,BZS,DTC,2024-04-26
|CN|DTCB|BR|mBC|NEU|NEU|Information|Info,Risk|TXT|National|A:A|1|EX,USD,1,23,6.48,BZS,DTC,2024-04-26
|CN|DTCB|BR|mBC|NEU|NEU|Information|Info,Risk|TXT|National|A:A|1|PH,USD,0,1,0.0,BZS,DTC,2024-04-26
|CN|DTCB|BR|mBC|NEU|NEU|Information|Info,Safety|TXT|National|A:A|1|EX,USD,2,28,10.73,BZS,DTC,2024-04-26
|CN|DTCB|BR|mBC|NEU|NEU|Information|Info,Safety|TXT|National|A:A|1|PH,USD,1,8,8.31,BZS,DTC,2024-04-26
|CN|DTCB|BR|mBC|NEU|NEU|Information|Info,Study|TXT|National|A:A|1|EX,USD,0,5,0.0,BZS,DTC,2024-04-26
|CN|DTCB|BR|mBC|NEU|NEU|Information|Info,Study|TXT|National|A:A|1|PH,USD,0,6,0.0,BZS,DTC,2024-04-26
|CN|DTCB|BR|mBC|NEU|NEU|Information|Info,Treatment|TXT|National|A:A|1|EX,USD,14,102,117.48,BZS,DTC,2024-04-26
|CN|DTCB|BR|mBC|NEU|NEU|Information|Info,Treatment|TXT|National|A:A|1|PH,USD,0,22,0.0,BZS,DTC,2024-04-26
|CN|DTCB|BR|mBC|NEU|NEU|Information|Info,Understanding|TXT|National|A:A|1|EX,USD,0,7,0.0,BZS,DTC,2024-04-26
|CN|DTCB|UB|mBC|NEU|NEU|Condition|BZS Condition,BZS General|TXT|National|A:A|1|EX,USD,0,4,0.0,BZS,DTC,2024-04-26
|CN|DTCB|UB|mBC|NEU|NEU|Condition|BZS Condition,BZS General|TXT|National|A:A|1|EX,USD,5,43,48.05,BZS,DTC,2024-04-26
|CN|DTCB|UB|mBC|NEU|NEU|Condition|BZS Condition,BZS General|TXT|National|A:A|1|PH,USD,1,30,6.79,BZS,DTC,2024-04-26
|CN|DTCB|UB|mBC|NEU|NEU|Condition|BZS Condition,BZS General|TXT|National|A:A|1|PH,USD,8,103,95.36,BZS,DTC,2024-04-26
|CN|DTCB|UB|mBC|NEU|NEU|Condition|BZS Condition,BZS general|TXT|National|A:A|1|EX,USD,0,1,0.0,BZS,DTC,2024-04-26
|CN|DTCB|UB|mBC|NEU|NEU|Condition|BZS Condition,BZS general|TXT|National|A:A|1|PH,USD,1,5,6.82,BZS,DTC,2024-04-26
|CN|DTCB|UB|mBC|NEU|NEU|Condition|BZS ITT Condition,BZS general|TXT|National|A:A|1|EX,USD,0,4,0.0,BZS,DTC,2024-04-26
|CN|DTCB|UB|mBC|NEU|NEU|Condition|BZS ITT Condition,BZS general|TXT|National|A:A|1|PH,USD,7,78,61.61,BZS,DTC,2024-04-26
|CN|DTCB|UB|mBC|NEU|NEU|Condition|Condition,Alone|TXT|National|A:A|1|EX,USD,2,42,13.77,BZS,DTC,2024-04-26
|CN|DTCB|UB|mBC|NEU|NEU|Condition|Condition,Alone|TXT|National|A:A|1|PH,USD,7,158,47.05,BZS,DTC,2024-04-26
|CN|DTCB|UB|mBC|NEU|NEU|Core|BZS,BZS|TXT|National|A:A|1|EX,USD,6,25,54.59,BZS,DTC,2024-04-26
|CN|DTCB|UB|mBC|NEU|NEU|Core|BZS,BZS|TXT|National|A:A|1|PH,USD,3,27,18.55,BZS,DTC,2024-04-26
|CN|DTCB|UB|mBC|NEU|NEU|Core|BZS,BZS|TXT|National|A:A|1|PH,USD,2,21,17.95,BZS,DTC,2024-04-26
|CN|DTCB|UB|mBC|NEU|NEU|Core|BZS+,About|TXT|National|A:A|1|EX,USD,2,9,13.47,BZS,DTC,2024-04-26
|CN|DTCB|UB|mBC|NEU|NEU|Core|BZS+,About|TXT|National|A:A|1|PH,USD,0,2,0.0,BZS,DTC,2024-04-26
|CN|DTCB|UB|mBC|NEU|NEU|Core|BZS+,Causes|TXT|National|A:A|1|PH,USD,0,1,0.0,BZS,DTC,2024-04-26
|CN|DTCB|UB|mBC|NEU|NEU|Core|BZS+,Medication|TXT|National|A:A|1|EX,USD,0,0,0.0,BZS,DTC,2024-04-26
|CN|DTCB|UB|mBC|NEU|NEU|Core|BZS+,Medication|TXT|National|A:A|1|PH,USD,0,7,0.0,BZS,DTC,2024-04-26
|CN|DTCB|UB|mBC|NEU|NEU|Core|BZS+,Study|TXT|National|A:A|1|PH,USD,0,4,0.0,BZS,DTC,2024-04-26
|CN|DTCB|UB|mBC|NEU|NEU|Core|BZS+,What Is|TXT|National|A:A|1|EX,USD,0,12,0.0,BZS,DTC,2024-04-26
|CN|DTCB|UB|mBC|NEU|NEU|Core|BZS+,What Is|TXT|National|A:A|1|PH,USD,0,4,0.0,BZS,DTC,2024-04-26
|CN|DTCB|UB|mBC|NEU|NEU|Information|BZS Info,BZS Info|TXT|National|A:A|1|EX,USD,0,3,0.0,BZS,DTC,2024-04-26
|CN|DTCB|UB|mBC|NEU|NEU|Information|BZS Info,BZS Info|TXT|National|A:A|1|EX,USD,1,2,4.9399999999999995,BZS,DTC,2024-04-26
|CN|DTCB|UB|mBC|NEU|NEU|Information|BZS Info,BZS Info|TXT|National|A:A|1|PH,USD,1,26,7.26,BZS,DTC,2024-04-26
|CN|DTCB|UB|mBC|NEU|NEU|Information|BZS Info,BZS Info|TXT|National|A:A|1|PH,USD,0,7,0.0,BZS,DTC,2024-04-26
|CN|DTCB|UB|mBC|NEU|NEU|Information|BZS Info,BZS Info|TXT|National|A:A|1|PH,USD,2,9,13.29,BZS,DTC,2024-04-26
|CN|DTCB|UB|mBC|NEU|NEU|Resources|BZS Resources,BZS Resources|TXT|National|A:A|1|PH,USD,1,21,4.9,BZS,DTC,2024-04-26
|CN|DTCB|UB|mBC|NEU|NEU|Resources|BZS Resources,BZS Resources|TXT|National|A:A|1|PH,USD,0,5,0.0,BZS,DTC,2024-04-26
|CN|DTCB|UB|mBC|NEU|NEU|Resources|BZS Resources,BZS Safety|TXT|National|A:A|1|PH,USD,0,8,0.0,BZS,DTC,2024-04-26
|CN|DTCB|UB|mBC|NEU|NEU|Resources|BZS Resources,BZS Safety|TXT|National|A:A|1|PH,USD,1,9,3.63,BZS,DTC,2024-04-26
|CN|DTCB|UB|mBC|NEU|NEU|Resources|BZS Resources,BZS Trial|TXT|National|A:A|1|PH,USD,0,3,0.0,BZS,DTC,2024-04-26
|CN|DTCB|UB|mBC|NEU|NEU|Resources|BZS Resources,BZS Trial|TXT|National|A:A|1|PH,USD,0,3,0.0,BZS,DTC,2024-04-26
|CN|DTCB|UB|mBC|NEU|NEU|Resources|BZS Resources,BZS Trial|TXT|National|A:A|1|PH,USD,5,18,32.17,BZS,DTC,2024-04-26
|CN|DTCB|UB|mBC|NEU|NEU|Resources|BZS Resources,BZS Understanding|TXT|National|A:A|1|EX,USD,1,9,4.79,BZS,DTC,2024-04-26
|CN|DTCB|UB|mBC|NEU|NEU|Resources|BZS Resources,BZS Understanding|TXT|National|A:A|1|PH,USD,0,9,0.0,BZS,DTC,2024-04-26
|CN|DTCB|UB|mBC|NEU|NEU|Treatment|BZS Treatment,BZS Treatment|TXT|National|A:A|1|EX,USD,0,0,0.0,BZS,DTC,2024-04-26
|CN|DTCB|UB|mBC|NEU|NEU|Treatment|BZS Treatment,BZS Treatment|TXT|National|A:A|1|PH,USD,2,54,9.76,BZS,DTC,2024-04-26
|CN|DTCB|UB|mBC|NEU|NEU|Treatment|BZS Treatment,BZS Treatment|TXT|National|A:A|1|PH,USD,2,3,10.98,BZS,DTC,2024-04-26
|CN|DTCB|UB|mBC|NEU|NEU|Treatment|BZS Treatment,BZS Treatment|TXT|National|A:A|1|PH,USD,1,6,6.46,BZS,DTC,2024-04-26
|CN|DTCB|UB|mBC|NEU|NEU|Treatment|Treatment,Management|TXT|National|A:A|1|EX,USD,2,12,13.09,BZS,DTC,2024-04-26
|CN|DTCB|UB|mBC|NEU|NEU|Treatment|Treatment,Side Effects|TXT|National|A:A|1|EX,USD,1,4,2.94,BZS,DTC,2024-04-26
|CN|DTCB|UB|mBC|NEU|NEU|Treatment|Treatment,Side Effects|TXT|National|A:A|1|PH,USD,0,1,0.0,BZS,DTC,2024-04-26
|CN|DTCB|UB|mBC|NEU|NEU|Treatment|Treatment,Therapy|TXT|National|A:A|1|EX,USD,0,2,0.0,BZS,DTC,2024-04-26
|CN|DTCB|UB|mBC|NEU|NEU|Treatment|Treatment,Therapy|TXT|National|A:A|1|PH,USD,0,14,0.0,BZS,DTC,2024-04-26
|CN|DTCB|UB|mBC|NEU|NEU|Treatment|Treatment Priority,Treatment|TXT|National|A:A|1|EX,USD,0,0,0.0,BZS,DTC,2024-04-26
|CN|DTCB|UB|mBC|NEU|NEU|Treatment|Treatment Priority,Treatment|TXT|National|A:A|1|PH,USD,2,34,15.6,BZS,DTC,2024-04-26
|CN|DTCB|BR|mBC|NEU|NEU|Competitive|Competitor,Competitors|TXT|National|A:A|1|EX,USD,2,55,14.71,BZS,DTC,2024-04-27
|CN|DTCB|BR|mBC|NEU|NEU|Competitive|Competitor,Competitors|TXT|National|A:A|1|PH,USD,6,89,37.24,BZS,DTC,2024-04-27
|CN|DTCB|BR|mBC|NEU|NEU|Competitive|Competitor,Competitor|TXT|National|A:A|1|EX,USD,0,64,0.0,BZS,DTC,2024-04-27
|CN|DTCB|BR|mBC|NEU|NEU|Competitive|Competitor,Competitor|TXT|National|A:A|1|PH,USD,2,52,22.03,BZS,DTC,2024-04-27
|CN|DTCB|BR|mBC|NEU|NEU|Condition|BZS,BZS|TXT|National|A:A|1|EX,USD,6,19,45.64,BZS,DTC,2024-04-27
|CN|DTCB|BR|mBC|NEU|NEU|Condition|BZS,BZS|TXT|National|A:A|1|EX,USD,0,1,0.0,BZS,DTC,2024-04-27
|CN|DTCB|BR|mBC|NEU|NEU|Condition|BZS,BZS|TXT|National|A:A|1|PH,USD,6,28,45.25,BZS,DTC,2024-04-27
|CN|DTCB|BR|mBC|NEU|NEU|Condition|BZS,BZS|TXT|National|A:A|1|PH,USD,0,21,0.0,BZS,DTC,2024-04-27
|CN|DTCB|BR|mBC|NEU|NEU|Core|Alone,Alone|TXT|National|A:A|1|EX,USD,35,214,211.44,BZS,DTC,2024-04-27
|CN|DTCB|BR|mBC|NEU|NEU|Core|Alone,Alone|TXT|National|A:A|1|PH,USD,23,342,189.15,BZS,DTC,2024-04-27
|CN|DTCB|BR|mBC|NEU|NEU|Core|Branded,Alone|TXT|National|A:A|1|EX,USD,3,23,26.43,BZS,DTC,2024-04-27
|CN|DTCB|BR|mBC|NEU|NEU|Core|Branded,Alone|TXT|National|A:A|1|PH,USD,0,8,0.0,BZS,DTC,2024-04-27
|CN|DTCB|BR|mBC|NEU|NEU|Information|Info,Dosing|TXT|National|A:A|1|EX,USD,0,3,0.0,BZS,DTC,2024-04-27
|CN|DTCB|BR|mBC|NEU|NEU|Information|Info,Dosing|TXT|National|A:A|1|PH,USD,0,1,0.0,BZS,DTC,2024-04-27
|CN|DTCB|BR|mBC|NEU|NEU|Information|Info,Info|TXT|National|A:A|1|EX,USD,0,15,0.0,BZS,DTC,2024-04-27
|CN|DTCB|BR|mBC|NEU|NEU|Information|Info,Info|TXT|National|A:A|1|PH,USD,0,17,0.0,BZS,DTC,2024-04-27
|CN|DTCB|BR|mBC|NEU|NEU|Information|Info,Resources|TXT|National|A:A|1|EX,USD,1,4,5.34,BZS,DTC,2024-04-27
|CN|DTCB|BR|mBC|NEU|NEU|Information|Info,Resources|TXT|National|A:A|1|PH,USD,0,2,0.0,BZS,DTC,2024-04-27
|CN|DTCB|BR|mBC|NEU|NEU|Information|Info,Results|TXT|National|A:A|1|EX,USD,0,1,0.0,BZS,DTC,2024-04-27
|CN|DTCB|BR|mBC|NEU|NEU|Information|Info,Results|TXT|National|A:A|1|EX,USD,0,1,0.0,BZS,DTC,2024-04-27
|CN|DTCB|BR|mBC|NEU|NEU|Information|Info,Results|TXT|National|A:A|1|PH,USD,0,7,0.0,BZS,DTC,2024-04-27
|CN|DTCB|BR|mBC|NEU|NEU|Information|Info,Results|TXT|National|A:A|1|PH,USD,1,2,8.35,BZS,DTC,2024-04-27
|CN|DTCB|BR|mBC|NEU|NEU|Information|Info,Risk|TXT|National|A:A|1|EX,USD,5,31,30.75,BZS,DTC,2024-04-27
|CN|DTCB|BR|mBC|NEU|NEU|Information|Info,Risk|TXT|National|A:A|1|PH,USD,0,4,0.0,BZS,DTC,2024-04-27
|CN|DTCB|BR|mBC|NEU|NEU|Information|Info,Safety|TXT|National|A:A|1|EX,USD,5,25,24.28,BZS,DTC,2024-04-27
|CN|DTCB|BR|mBC|NEU|NEU|Information|Info,Safety|TXT|National|A:A|1|PH,USD,0,12,0.0,BZS,DTC,2024-04-27
|CN|DTCB|BR|mBC|NEU|NEU|Information|Info,Study|TXT|National|A:A|1|EX,USD,0,5,0.0,BZS,DTC,2024-04-27
|CN|DTCB|BR|mBC|NEU|NEU|Information|Info,Study|TXT|National|A:A|1|PH,USD,0,15,0.0,BZS,DTC,2024-04-27
|CN|DTCB|BR|mBC|NEU|NEU|Information|Info,Treatment|TXT|National|A:A|1|EX,USD,8,48,58.93,BZS,DTC,2024-04-27
|CN|DTCB|BR|mBC|NEU|NEU|Information|Info,Treatment|TXT|National|A:A|1|PH,USD,0,5,0.0,BZS,DTC,2024-04-27
|CN|DTCB|BR|mBC|NEU|NEU|Information|Info,Understanding|TXT|National|A:A|1|EX,USD,0,9,0.0,BZS,DTC,2024-04-27
|CN|DTCB|UB|mBC|NEU|NEU|Condition|BZS Condition,BZS General|TXT|National|A:A|1|EX,USD,0,1,0.0,BZS,DTC,2024-04-27
|CN|DTCB|UB|mBC|NEU|NEU|Condition|BZS Condition,BZS General|TXT|National|A:A|1|EX,USD,1,32,10.97,BZS,DTC,2024-04-27
|CN|DTCB|UB|mBC|NEU|NEU|Condition|BZS Condition,BZS General|TXT|National|A:A|1|PH,USD,1,20,6.44,BZS,DTC,2024-04-27
|CN|DTCB|UB|mBC|NEU|NEU|Condition|BZS Condition,BZS General|TXT|National|A:A|1|PH,USD,9,95,126.82,BZS,DTC,2024-04-27
|CN|DTCB|UB|mBC|NEU|NEU|Condition|BZS Condition,BZS general|TXT|National|A:A|1|EX,USD,0,1,0.0,BZS,DTC,2024-04-27
|CN|DTCB|UB|mBC|NEU|NEU|Condition|BZS Condition,BZS general|TXT|National|A:A|1|PH,USD,2,3,13.26,BZS,DTC,2024-04-27
|CN|DTCB|UB|mBC|NEU|NEU|Condition|BZS ITT Condition,BZS general|TXT|National|A:A|1|EX,USD,0,4,0.0,BZS,DTC,2024-04-27
|CN|DTCB|UB|mBC|NEU|NEU|Condition|BZS ITT Condition,BZS general|TXT|National|A:A|1|PH,USD,6,57,52.54,BZS,DTC,2024-04-27
|CN|DTCB|UB|mBC|NEU|NEU|Condition|Condition,Alone|TXT|National|A:A|1|EX,USD,1,31,6.77,BZS,DTC,2024-04-27
|CN|DTCB|UB|mBC|NEU|NEU|Condition|Condition,Alone|TXT|National|A:A|1|PH,USD,6,120,39.53,BZS,DTC,2024-04-27
|CN|DTCB|UB|mBC|NEU|NEU|Core|BZS,BZS|TXT|National|A:A|1|EX,USD,0,0,0.0,BZS,DTC,2024-04-27
|CN|DTCB|UB|mBC|NEU|NEU|Core|BZS,BZS|TXT|National|A:A|1|EX,USD,1,21,10.03,BZS,DTC,2024-04-27
|CN|DTCB|UB|mBC|NEU|NEU|Core|BZS,BZS|TXT|National|A:A|1|PH,USD,1,30,6.43,BZS,DTC,2024-04-27
|CN|DTCB|UB|mBC|NEU|NEU|Core|BZS,BZS|TXT|National|A:A|1|PH,USD,4,31,35.29,BZS,DTC,2024-04-27
|CN|DTCB|UB|mBC|NEU|NEU|Core|BZS+,About|TXT|National|A:A|1|EX,USD,0,4,0.0,BZS,DTC,2024-04-27
|CN|DTCB|UB|mBC|NEU|NEU|Core|BZS+,About|TXT|National|A:A|1|PH,USD,0,8,0.0,BZS,DTC,2024-04-27
|CN|DTCB|UB|mBC|NEU|NEU|Core|BZS+,Causes|TXT|National|A:A|1|PH,USD,0,1,0.0,BZS,DTC,2024-04-27
|CN|DTCB|UB|mBC|NEU|NEU|Core|BZS+,Medication|TXT|National|A:A|1|PH,USD,0,5,0.0,BZS,DTC,2024-04-27
|CN|DTCB|UB|mBC|NEU|NEU|Core|BZS+,Study|TXT|National|A:A|1|PH,USD,0,1,0.0,BZS,DTC,2024-04-27
|CN|DTCB|UB|mBC|NEU|NEU|Core|BZS+,What Is|TXT|National|A:A|1|EX,USD,2,16,14.31,BZS,DTC,2024-04-27
|CN|DTCB|UB|mBC|NEU|NEU|Core|BZS+,What Is|TXT|National|A:A|1|PH,USD,0,10,0.0,BZS,DTC,2024-04-27
|CN|DTCB|UB|mBC|NEU|NEU|Information|BZS Info,BZS Info|TXT|National|A:A|1|EX,USD,0,10,0.0,BZS,DTC,2024-04-27
|CN|DTCB|UB|mBC|NEU|NEU|Information|BZS Info,BZS Info|TXT|National|A:A|1|PH,USD,1,9,8.51,BZS,DTC,2024-04-27
|CN|DTCB|UB|mBC|NEU|NEU|Information|BZS Info,BZS Info|TXT|National|A:A|1|PH,USD,1,2,6.76,BZS,DTC,2024-04-27
|CN|DTCB|UB|mBC|NEU|NEU|Information|BZS Info,BZS Info|TXT|National|A:A|1|PH,USD,2,76,9.23,BZS,DTC,2024-04-27
|CN|DTCB|UB|mBC|NEU|NEU|Resources|BZS Resources,BZS Resources|TXT|National|A:A|1|PH,USD,1,11,5.84,BZS,DTC,2024-04-27
|CN|DTCB|UB|mBC|NEU|NEU|Resources|BZS Resources,BZS Resources|TXT|National|A:A|1|PH,USD,0,7,0.0,BZS,DTC,2024-04-27
|CN|DTCB|UB|mBC|NEU|NEU|Resources|BZS Resources,BZS Safety|TXT|National|A:A|1|PH,USD,1,6,6.92,BZS,DTC,2024-04-27
|CN|DTCB|UB|mBC|NEU|NEU|Resources|BZS Resources,BZS Safety|TXT|National|A:A|1|PH,USD,1,3,5.67,BZS,DTC,2024-04-27
|CN|DTCB|UB|mBC|NEU|NEU|Resources|BZS Resources,BZS Trial|TXT|National|A:A|1|PH,USD,0,3,0.0,BZS,DTC,2024-04-27
|CN|DTCB|UB|mBC|NEU|NEU|Resources|BZS Resources,BZS Trial|TXT|National|A:A|1|PH,USD,0,1,0.0,BZS,DTC,2024-04-27
|CN|DTCB|UB|mBC|NEU|NEU|Resources|BZS Resources,BZS Trial|TXT|National|A:A|1|PH,USD,4,30,23.33,BZS,DTC,2024-04-27
|CN|DTCB|UB|mBC|NEU|NEU|Resources|BZS Resources,BZS Understanding|TXT|National|A:A|1|EX,USD,0,8,0.0,BZS,DTC,2024-04-27
|CN|DTCB|UB|mBC|NEU|NEU|Resources|BZS Resources,BZS Understanding|TXT|National|A:A|1|PH,USD,1,2,2.93,BZS,DTC,2024-04-27
|CN|DTCB|UB|mBC|NEU|NEU|Resources|BZS Resources,BZS Understanding|TXT|National|A:A|1|PH,USD,0,4,0.0,BZS,DTC,2024-04-27
|CN|DTCB|UB|mBC|NEU|NEU|Treatment|BZS Treatment,BZS Treatment|TXT|National|A:A|1|PH,USD,1,4,6.43,BZS,DTC,2024-04-27
|CN|DTCB|UB|mBC|NEU|NEU|Treatment|BZS Treatment,BZS Treatment|TXT|National|A:A|1|PH,USD,0,1,0.0,BZS,DTC,2024-04-27
|CN|DTCB|UB|mBC|NEU|NEU|Treatment|BZS Treatment,BZS Treatment|TXT|National|A:A|1|PH,USD,2,37,9.48,BZS,DTC,2024-04-27
|CN|DTCB|UB|mBC|NEU|NEU|Treatment|Treatment,Management|TXT|National|A:A|1|EX,USD,0,0,0.0,BZS,DTC,2024-04-27
|CN|DTCB|UB|mBC|NEU|NEU|Treatment|Treatment,Side Effects|TXT|National|A:A|1|EX,USD,0,1,0.0,BZS,DTC,2024-04-27
|CN|DTCB|UB|mBC|NEU|NEU|Treatment|Treatment,Therapy|TXT|National|A:A|1|EX,USD,1,2,5.92,BZS,DTC,2024-04-27
|CN|DTCB|UB|mBC|NEU|NEU|Treatment|Treatment,Therapy|TXT|National|A:A|1|PH,USD,1,1,7.37,BZS,DTC,2024-04-27
|CN|DTCB|UB|mBC|NEU|NEU|Treatment|Treatment Priority,Treatment|TXT|National|A:A|1|EX,USD,0,2,0.0,BZS,DTC,2024-04-27
|CN|DTCB|UB|mBC|NEU|NEU|Treatment|Treatment Priority,Treatment|TXT|National|A:A|1|PH,USD,3,211,21.79,BZS,DTC,2024-04-27
|CN|DTCB|BR|mBC|NEU|NEU|Competitive|Competitor,Competitors|TXT|National|A:A|1|EX,USD,0,30,0.0,BZS,DTC,2024-04-28
|CN|DTCB|BR|mBC|NEU|NEU|Competitive|Competitor,Competitors|TXT|National|A:A|1|PH,USD,8,50,48.88,BZS,DTC,2024-04-28
|CN|DTCB|BR|mBC|NEU|NEU|Competitive|Competitor,Competitor|TXT|National|A:A|1|EX,USD,1,49,11.08,BZS,DTC,2024-04-28
|CN|DTCB|BR|mBC|NEU|NEU|Competitive|Competitor,Competitor|TXT|National|A:A|1|PH,USD,1,66,7.63,BZS,DTC,2024-04-28
|CN|DTCB|BR|mBC|NEU|NEU|Condition|BZS,BZS|TXT|National|A:A|1|EX,USD,1,6,6.77,BZS,DTC,2024-04-28
|CN|DTCB|BR|mBC|NEU|NEU|Condition|BZS,BZS|TXT|National|A:A|1|EX,USD,0,2,0.0,BZS,DTC,2024-04-28
|CN|DTCB|BR|mBC|NEU|NEU|Condition|BZS,BZS|TXT|National|A:A|1|PH,USD,3,30,23.08,BZS,DTC,2024-04-28
|CN|DTCB|BR|mBC|NEU|NEU|Condition|BZS,BZS|TXT|National|A:A|1|PH,USD,3,32,27.42,BZS,DTC,2024-04-28
|CN|DTCB|BR|mBC|NEU|NEU|Core|Alone,Alone|TXT|National|A:A|1|EX,USD,36,242,213.33,BZS,DTC,2024-04-28
|CN|DTCB|BR|mBC|NEU|NEU|Core|Alone,Alone|TXT|National|A:A|1|PH,USD,18,330,149.12,BZS,DTC,2024-04-28
|CN|DTCB|BR|mBC|NEU|NEU|Core|Branded,Alone|TXT|National|A:A|1|EX,USD,0,9,0.0,BZS,DTC,2024-04-28
|CN|DTCB|BR|mBC|NEU|NEU|Core|Branded,Alone|TXT|National|A:A|1|PH,USD,1,18,12.78,BZS,DTC,2024-04-28
|CN|DTCB|BR|mBC|NEU|NEU|Information|Info,Dosing|TXT|National|A:A|1|EX,USD,1,6,5.34,BZS,DTC,2024-04-28
|CN|DTCB|BR|mBC|NEU|NEU|Information|Info,Dosing|TXT|National|A:A|1|PH,USD,0,0,0.0,BZS,DTC,2024-04-28
|CN|DTCB|BR|mBC|NEU|NEU|Information|Info,Info|TXT|National|A:A|1|EX,USD,5,17,26.66,BZS,DTC,2024-04-28
|CN|DTCB|BR|mBC|NEU|NEU|Information|Info,Info|TXT|National|A:A|1|PH,USD,1,17,8.05,BZS,DTC,2024-04-28
|CN|DTCB|BR|mBC|NEU|NEU|Information|Info,Resources|TXT|National|A:A|1|EX,USD,1,5,5.26,BZS,DTC,2024-04-28
|CN|DTCB|BR|mBC|NEU|NEU|Information|Info,Results|TXT|National|A:A|1|EX,USD,0,3,0.0,BZS,DTC,2024-04-28
|CN|DTCB|BR|mBC|NEU|NEU|Information|Info,Results|TXT|National|A:A|1|PH,USD,0,4,0.0,BZS,DTC,2024-04-28
|CN|DTCB|BR|mBC|NEU|NEU|Information|Info,Results|TXT|National|A:A|1|PH,USD,0,2,0.0,BZS,DTC,2024-04-28
|CN|DTCB|BR|mBC|NEU|NEU|Information|Info,Risk|TXT|National|A:A|1|EX,USD,2,29,13.65,BZS,DTC,2024-04-28
|CN|DTCB|BR|mBC|NEU|NEU|Information|Info,Risk|TXT|National|A:A|1|PH,USD,1,9,6.59,BZS,DTC,2024-04-28
|CN|DTCB|BR|mBC|NEU|NEU|Information|Info,Safety|TXT|National|A:A|1|EX,USD,5,52,26.51,BZS,DTC,2024-04-28
|CN|DTCB|BR|mBC|NEU|NEU|Information|Info,Safety|TXT|National|A:A|1|PH,USD,0,5,0.0,BZS,DTC,2024-04-28
|CN|DTCB|BR|mBC|NEU|NEU|Information|Info,Study|TXT|National|A:A|1|EX,USD,0,3,0.0,BZS,DTC,2024-04-28
|CN|DTCB|BR|mBC|NEU|NEU|Information|Info,Study|TXT|National|A:A|1|PH,USD,0,19,0.0,BZS,DTC,2024-04-28
|CN|DTCB|BR|mBC|NEU|NEU|Information|Info,Treatment|TXT|National|A:A|1|EX,USD,7,48,50.82,BZS,DTC,2024-04-28
|CN|DTCB|BR|mBC|NEU|NEU|Information|Info,Treatment|TXT|National|A:A|1|PH,USD,0,0,0.0,BZS,DTC,2024-04-28
|CN|DTCB|BR|mBC|NEU|NEU|Information|Info,Understanding|TXT|National|A:A|1|EX,USD,0,2,0.0,BZS,DTC,2024-04-28
|CN|DTCB|BR|mBC|NEU|NEU|Information|Info,Understanding|TXT|National|A:A|1|PH,USD,0,0,0.0,BZS,DTC,2024-04-28
|CN|DTCB|UB|mBC|NEU|NEU|Condition|BZS Condition,BZS General|TXT|National|A:A|1|EX,USD,4,36,39.12,BZS,DTC,2024-04-28
|CN|DTCB|UB|mBC|NEU|NEU|Condition|BZS Condition,BZS General|TXT|National|A:A|1|PH,USD,1,4,7.39,BZS,DTC,2024-04-28
|CN|DTCB|UB|mBC|NEU|NEU|Condition|BZS Condition,BZS General|TXT|National|A:A|1|PH,USD,6,147,81.6,BZS,DTC,2024-04-28
|CN|DTCB|UB|mBC|NEU|NEU|Condition|BZS Condition,BZS general|TXT|National|A:A|1|EX,USD,0,4,0.0,BZS,DTC,2024-04-28
|CN|DTCB|UB|mBC|NEU|NEU|Condition|BZS Condition,BZS general|TXT|National|A:A|1|PH,USD,1,16,6.83,BZS,DTC,2024-04-28
|CN|DTCB|UB|mBC|NEU|NEU|Condition|BZS ITT Condition,BZS general|TXT|National|A:A|1|EX,USD,1,6,12.0,BZS,DTC,2024-04-28
|CN|DTCB|UB|mBC|NEU|NEU|Condition|BZS ITT Condition,BZS general|TXT|National|A:A|1|PH,USD,3,65,27.4,BZS,DTC,2024-04-28
|CN|DTCB|UB|mBC|NEU|NEU|Condition|Condition,Alone|TXT|National|A:A|1|EX,USD,0,43,0.0,BZS,DTC,2024-04-28
|CN|DTCB|UB|mBC|NEU|NEU|Condition|Condition,Alone|TXT|National|A:A|1|PH,USD,8,238,52.41,BZS,DTC,2024-04-28
|CN|DTCB|UB|mBC|NEU|NEU|Core|BZS,BZS|TXT|National|A:A|1|EX,USD,0,0,0.0,BZS,DTC,2024-04-28
|CN|DTCB|UB|mBC|NEU|NEU|Core|BZS,BZS|TXT|National|A:A|1|EX,USD,1,25,9.77,BZS,DTC,2024-04-28
|CN|DTCB|UB|mBC|NEU|NEU|Core|BZS,BZS|TXT|National|A:A|1|PH,USD,1,17,6.47,BZS,DTC,2024-04-28
|CN|DTCB|UB|mBC|NEU|NEU|Core|BZS,BZS|TXT|National|A:A|1|PH,USD,4,43,32.92,BZS,DTC,2024-04-28
|CN|DTCB|UB|mBC|NEU|NEU|Core|BZS+,About|TXT|National|A:A|1|EX,USD,0,9,0.0,BZS,DTC,2024-04-28
|CN|DTCB|UB|mBC|NEU|NEU|Core|BZS+,About|TXT|National|A:A|1|PH,USD,0,14,0.0,BZS,DTC,2024-04-28
|CN|DTCB|UB|mBC|NEU|NEU|Core|BZS+,Medication|TXT|National|A:A|1|PH,USD,0,9,0.0,BZS,DTC,2024-04-28
|CN|DTCB|UB|mBC|NEU|NEU|Core|BZS+,Study|TXT|National|A:A|1|PH,USD,0,5,0.0,BZS,DTC,2024-04-28
|CN|DTCB|UB|mBC|NEU|NEU|Core|BZS+,Symptoms|TXT|National|A:A|1|EX,USD,0,1,0.0,BZS,DTC,2024-04-28
|CN|DTCB|UB|mBC|NEU|NEU|Core|BZS+,Symptoms|TXT|National|A:A|1|PH,USD,0,1,0.0,BZS,DTC,2024-04-28
|CN|DTCB|UB|mBC|NEU|NEU|Core|BZS+,What Is|TXT|National|A:A|1|EX,USD,2,23,14.15,BZS,DTC,2024-04-28
|CN|DTCB|UB|mBC|NEU|NEU|Core|BZS+,What Is|TXT|National|A:A|1|PH,USD,0,9,0.0,BZS,DTC,2024-04-28
|CN|DTCB|UB|mBC|NEU|NEU|Information|BZS Info,BZS Info|TXT|National|A:A|1|EX,USD,0,3,0.0,BZS,DTC,2024-04-28
|CN|DTCB|UB|mBC|NEU|NEU|Information|BZS Info,BZS Info|TXT|National|A:A|1|PH,USD,2,7,8.91,BZS,DTC,2024-04-28
|CN|DTCB|UB|mBC|NEU|NEU|Information|BZS Info,BZS Info|TXT|National|A:A|1|PH,USD,1,10,8.9,BZS,DTC,2024-04-28
|CN|DTCB|UB|mBC|NEU|NEU|Information|BZS Info,BZS Info|TXT|National|A:A|1|PH,USD,0,7,0.0,BZS,DTC,2024-04-28
|CN|DTCB|UB|mBC|NEU|NEU|Resources|BZS Resources,BZS Resources|TXT|National|A:A|1|PH,USD,1,28,6.22,BZS,DTC,2024-04-28
|CN|DTCB|UB|mBC|NEU|NEU|Resources|BZS Resources,BZS Resources|TXT|National|A:A|1|PH,USD,0,5,0.0,BZS,DTC,2024-04-28
|CN|DTCB|UB|mBC|NEU|NEU|Resources|BZS Resources,BZS Safety|TXT|National|A:A|1|PH,USD,0,8,0.0,BZS,DTC,2024-04-28
|CN|DTCB|UB|mBC|NEU|NEU|Resources|BZS Resources,BZS Safety|TXT|National|A:A|1|PH,USD,1,3,6.79,BZS,DTC,2024-04-28
|CN|DTCB|UB|mBC|NEU|NEU|Resources|BZS Resources,BZS Trial|TXT|National|A:A|1|PH,USD,4,40,25.39,BZS,DTC,2024-04-28
|CN|DTCB|UB|mBC|NEU|NEU|Resources|BZS Resources,BZS Trial|TXT|National|A:A|1|PH,USD,0,0,0.0,BZS,DTC,2024-04-28
|CN|DTCB|UB|mBC|NEU|NEU|Resources|BZS Resources,BZS Trial|TXT|National|A:A|1|PH,USD,0,1,0.0,BZS,DTC,2024-04-28
|CN|DTCB|UB|mBC|NEU|NEU|Resources|BZS Resources,BZS Understanding|TXT|National|A:A|1|EX,USD,0,14,0.0,BZS,DTC,2024-04-28
|CN|DTCB|UB|mBC|NEU|NEU|Resources|BZS Resources,BZS Understanding|TXT|National|A:A|1|PH,USD,1,21,4.9399999999999995,BZS,DTC,2024-04-28
|CN|DTCB|UB|mBC|NEU|NEU|Treatment|BZS Treatment,BZS Treatment|TXT|National|A:A|1|EX,USD,0,0,0.0,BZS,DTC,2024-04-28
|CN|DTCB|UB|mBC|NEU|NEU|Treatment|BZS Treatment,BZS Treatment|TXT|National|A:A|1|EX,USD,0,6,0.0,BZS,DTC,2024-04-28
|CN|DTCB|UB|mBC|NEU|NEU|Treatment|BZS Treatment,BZS Treatment|TXT|National|A:A|1|PH,USD,1,11,6.83,BZS,DTC,2024-04-28
|CN|DTCB|UB|mBC|NEU|NEU|Treatment|BZS Treatment,BZS Treatment|TXT|National|A:A|1|PH,USD,2,29,9.25,BZS,DTC,2024-04-28
|CN|DTCB|UB|mBC|NEU|NEU|Treatment|BZS Treatment,BZS Treatment|TXT|National|A:A|1|PH,USD,0,0,0.0,BZS,DTC,2024-04-28
|CN|DTCB|UB|mBC|NEU|NEU|Treatment|Treatment,Management|TXT|National|A:A|1|EX,USD,0,11,0.0,BZS,DTC,2024-04-28
|CN|DTCB|UB|mBC|NEU|NEU|Treatment|Treatment,Management|TXT|National|A:A|1|PH,USD,0,1,0.0,BZS,DTC,2024-04-28
|CN|DTCB|UB|mBC|NEU|NEU|Treatment|Treatment,Side Effects|TXT|National|A:A|1|EX,USD,1,6,4.37,BZS,DTC,2024-04-28
|CN|DTCB|UB|mBC|NEU|NEU|Treatment|Treatment,Side Effects|TXT|National|A:A|1|PH,USD,1,4,3.82,BZS,DTC,2024-04-28
|CN|DTCB|UB|mBC|NEU|NEU|Treatment|Treatment,Therapy|TXT|National|A:A|1|EX,USD,0,2,0.0,BZS,DTC,2024-04-28
|CN|DTCB|UB|mBC|NEU|NEU|Treatment|Treatment,Therapy|TXT|National|A:A|1|PH,USD,0,6,0.0,BZS,DTC,2024-04-28
|CN|DTCB|UB|mBC|NEU|NEU|Treatment|Treatment Priority,Treatment|TXT|National|A:A|1|EX,USD,0,0,0.0,BZS,DTC,2024-04-28
|CN|DTCB|UB|mBC|NEU|NEU|Treatment|Treatment Priority,Treatment|TXT|National|A:A|1|PH,USD,2,32,12.43,BZS,DTC,2024-04-28
|CN|DTCB|BR|mBC|NEU|NEU|Competitive|Competitor,Competitors|TXT|National|A:A|1|EX,USD,4,98,27.14,BZS,DTC,2024-04-29
|CN|DTCB|BR|mBC|NEU|NEU|Competitive|Competitor,Competitors|TXT|National|A:A|1|PH,USD,5,114,27.82,BZS,DTC,2024-04-29
|CN|DTCB|BR|mBC|NEU|NEU|Competitive|Competitor,Competitor|TXT|National|A:A|1|EX,USD,0,101,0.0,BZS,DTC,2024-04-29
|CN|DTCB|BR|mBC|NEU|NEU|Competitive|Competitor,Competitor|TXT|National|A:A|1|PH,USD,2,76,20.41,BZS,DTC,2024-04-29
|CN|DTCB|BR|mBC|NEU|NEU|Condition|BZS,BZS|TXT|National|A:A|1|EX,USD,1,16,7.7,BZS,DTC,2024-04-29
|CN|DTCB|BR|mBC|NEU|NEU|Condition|BZS,BZS|TXT|National|A:A|1|EX,USD,0,4,0.0,BZS,DTC,2024-04-29
|CN|DTCB|BR|mBC|NEU|NEU|Condition|BZS,BZS|TXT|National|A:A|1|PH,USD,2,49,18.15,BZS,DTC,2024-04-29
|CN|DTCB|BR|mBC|NEU|NEU|Condition|BZS,BZS|TXT|National|A:A|1|PH,USD,10,75,130.94,BZS,DTC,2024-04-29
|CN|DTCB|BR|mBC|NEU|NEU|Core|Alone,Alone|TXT|National|A:A|1|EX,USD,141,879,838.98,BZS,DTC,2024-04-29
|CN|DTCB|BR|mBC|NEU|NEU|Core|Alone,Alone|TXT|National|A:A|1|PH,USD,45,832,370.96,BZS,DTC,2024-04-29
|CN|DTCB|BR|mBC|NEU|NEU|Core|Branded,Alone|TXT|National|A:A|1|EX,USD,2,24,25.16,BZS,DTC,2024-04-29
|CN|DTCB|BR|mBC|NEU|NEU|Core|Branded,Alone|TXT|National|A:A|1|PH,USD,2,49,23.39,BZS,DTC,2024-04-29
|CN|DTCB|BR|mBC|NEU|NEU|Information|Info,Dosing|TXT|National|A:A|1|EX,USD,2,16,11.98,BZS,DTC,2024-04-29
|CN|DTCB|BR|mBC|NEU|NEU|Information|Info,Dosing|TXT|National|A:A|1|PH,USD,0,2,0.0,BZS,DTC,2024-04-29
|CN|DTCB|BR|mBC|NEU|NEU|Information|Info,Info|TXT|National|A:A|1|EX,USD,25,87,135.07,BZS,DTC,2024-04-29
|CN|DTCB|BR|mBC|NEU|NEU|Information|Info,Info|TXT|National|A:A|1|PH,USD,2,60,19.76,BZS,DTC,2024-04-29
|CN|DTCB|BR|mBC|NEU|NEU|Information|Info,Resources|TXT|National|A:A|1|EX,USD,1,16,5.36,BZS,DTC,2024-04-29
|CN|DTCB|BR|mBC|NEU|NEU|Information|Info,Results|TXT|National|A:A|1|EX,USD,0,11,0.0,BZS,DTC,2024-04-29
|CN|DTCB|BR|mBC|NEU|NEU|Information|Info,Results|TXT|National|A:A|1|EX,USD,0,7,0.0,BZS,DTC,2024-04-29
|CN|DTCB|BR|mBC|NEU|NEU|Information|Info,Results|TXT|National|A:A|1|PH,USD,0,9,0.0,BZS,DTC,2024-04-29
|CN|DTCB|BR|mBC|NEU|NEU|Information|Info,Results|TXT|National|A:A|1|PH,USD,0,5,0.0,BZS,DTC,2024-04-29
|CN|DTCB|BR|mBC|NEU|NEU|Information|Info,Risk|TXT|National|A:A|1|EX,USD,5,44,27.88,BZS,DTC,2024-04-29
|CN|DTCB|BR|mBC|NEU|NEU|Information|Info,Risk|TXT|National|A:A|1|PH,USD,1,4,6.89,BZS,DTC,2024-04-29
|CN|DTCB|BR|mBC|NEU|NEU|Information|Info,Safety|TXT|National|A:A|1|EX,USD,12,85,56.94,BZS,DTC,2024-04-29
|CN|DTCB|BR|mBC|NEU|NEU|Information|Info,Safety|TXT|National|A:A|1|PH,USD,2,12,17.57,BZS,DTC,2024-04-29
|CN|DTCB|BR|mBC|NEU|NEU|Information|Info,Study|TXT|National|A:A|1|EX,USD,0,7,0.0,BZS,DTC,2024-04-29
|CN|DTCB|BR|mBC|NEU|NEU|Information|Info,Study|TXT|National|A:A|1|PH,USD,0,18,0.0,BZS,DTC,2024-04-29
|CN|DTCB|BR|mBC|NEU|NEU|Information|Info,Treatment|TXT|National|A:A|1|EX,USD,13,136,104.95,BZS,DTC,2024-04-29
|CN|DTCB|BR|mBC|NEU|NEU|Information|Info,Treatment|TXT|National|A:A|1|PH,USD,0,2,0.0,BZS,DTC,2024-04-29
|CN|DTCB|BR|mBC|NEU|NEU|Information|Info,Understanding|TXT|National|A:A|1|EX,USD,1,27,8.96,BZS,DTC,2024-04-29
|CN|DTCB|UB|mBC|NEU|NEU|Condition|BZS Condition,BZS General|TXT|National|A:A|1|EX,USD,0,1,0.0,BZS,DTC,2024-04-29
|CN|DTCB|UB|mBC|NEU|NEU|Condition|BZS Condition,BZS General|TXT|National|A:A|1|EX,USD,2,28,27.84,BZS,DTC,2024-04-29
|CN|DTCB|UB|mBC|NEU|NEU|Condition|BZS Condition,BZS General|TXT|National|A:A|1|PH,USD,0,6,0.0,BZS,DTC,2024-04-29
|CN|DTCB|UB|mBC|NEU|NEU|Condition|BZS Condition,BZS General|TXT|National|A:A|1|PH,USD,12,178,156.17,BZS,DTC,2024-04-29
|CN|DTCB|UB|mBC|NEU|NEU|Condition|BZS Condition,BZS general|TXT|National|A:A|1|EX,USD,0,0,0.0,BZS,DTC,2024-04-29
|CN|DTCB|UB|mBC|NEU|NEU|Condition|BZS Condition,BZS general|TXT|National|A:A|1|PH,USD,2,10,8.88,BZS,DTC,2024-04-29
|CN|DTCB|UB|mBC|NEU|NEU|Condition|BZS ITT Condition,BZS general|TXT|National|A:A|1|EX,USD,1,5,11.14,BZS,DTC,2024-04-29
|CN|DTCB|UB|mBC|NEU|NEU|Condition|BZS ITT Condition,BZS general|TXT|National|A:A|1|PH,USD,6,53,51.23,BZS,DTC,2024-04-29
|CN|DTCB|UB|mBC|NEU|NEU|Condition|Condition,Alone|TXT|National|A:A|1|EX,USD,2,16,13.42,BZS,DTC,2024-04-29
|CN|DTCB|UB|mBC|NEU|NEU|Condition|Condition,Alone|TXT|National|A:A|1|PH,USD,4,81,27.35,BZS,DTC,2024-04-29
|CN|DTCB|UB|mBC|NEU|NEU|Core|BZS,BZS|TXT|National|A:A|1|EX,USD,0,0,0.0,BZS,DTC,2024-04-29
|CN|DTCB|UB|mBC|NEU|NEU|Core|BZS,BZS|TXT|National|A:A|1|EX,USD,1,36,9.44,BZS,DTC,2024-04-29
|CN|DTCB|UB|mBC|NEU|NEU|Core|BZS,BZS|TXT|National|A:A|1|PH,USD,1,7,6.45,BZS,DTC,2024-04-29
|CN|DTCB|UB|mBC|NEU|NEU|Core|BZS,BZS|TXT|National|A:A|1|PH,USD,5,78,41.84,BZS,DTC,2024-04-29
|CN|DTCB|UB|mBC|NEU|NEU|Core|BZS+,About|TXT|National|A:A|1|EX,USD,0,8,0.0,BZS,DTC,2024-04-29
|CN|DTCB|UB|mBC|NEU|NEU|Core|BZS+,About|TXT|National|A:A|1|PH,USD,0,9,0.0,BZS,DTC,2024-04-29
|CN|DTCB|UB|mBC|NEU|NEU|Core|BZS+,Causes|TXT|National|A:A|1|PH,USD,0,4,0.0,BZS,DTC,2024-04-29
|CN|DTCB|UB|mBC|NEU|NEU|Core|BZS+,Medication|TXT|National|A:A|1|PH,USD,0,12,0.0,BZS,DTC,2024-04-29
|CN|DTCB|UB|mBC|NEU|NEU|Core|BZS+,Study|TXT|National|A:A|1|PH,USD,0,2,0.0,BZS,DTC,2024-04-29
|CN|DTCB|UB|mBC|NEU|NEU|Core|BZS+,Symptoms|TXT|National|A:A|1|EX,USD,0,0,0.0,BZS,DTC,2024-04-29
|CN|DTCB|UB|mBC|NEU|NEU|Core|BZS+,Symptoms|TXT|National|A:A|1|PH,USD,0,0,0.0,BZS,DTC,2024-04-29
|CN|DTCB|UB|mBC|NEU|NEU|Core|BZS+,What Is|TXT|National|A:A|1|EX,USD,3,18,16.04,BZS,DTC,2024-04-29
|CN|DTCB|UB|mBC|NEU|NEU|Core|BZS+,What Is|TXT|National|A:A|1|PH,USD,0,6,0.0,BZS,DTC,2024-04-29
|CN|DTCB|UB|mBC|NEU|NEU|Information|BZS Info,BZS Info|TXT|National|A:A|1|EX,USD,0,1,0.0,BZS,DTC,2024-04-29
|CN|DTCB|UB|mBC|NEU|NEU|Information|BZS Info,BZS Info|TXT|National|A:A|1|EX,USD,0,1,0.0,BZS,DTC,2024-04-29
|CN|DTCB|UB|mBC|NEU|NEU|Information|BZS Info,BZS Info|TXT|National|A:A|1|PH,USD,2,42,8.62,BZS,DTC,2024-04-29
|CN|DTCB|UB|mBC|NEU|NEU|Information|BZS Info,BZS Info|TXT|National|A:A|1|PH,USD,2,21,9.62,BZS,DTC,2024-04-29
|CN|DTCB|UB|mBC|NEU|NEU|Information|BZS Info,BZS Info|TXT|National|A:A|1|PH,USD,0,4,0.0,BZS,DTC,2024-04-29
|CN|DTCB|UB|mBC|NEU|NEU|Resources|BZS Resources,BZS Resources|TXT|National|A:A|1|PH,USD,0,14,0.0,BZS,DTC,2024-04-29
|CN|DTCB|UB|mBC|NEU|NEU|Resources|BZS Resources,BZS Resources|TXT|National|A:A|1|PH,USD,2,29,9.67,BZS,DTC,2024-04-29
|CN|DTCB|UB|mBC|NEU|NEU|Resources|BZS Resources,BZS Safety|TXT|National|A:A|1|PH,USD,0,19,0.0,BZS,DTC,2024-04-29
|CN|DTCB|UB|mBC|NEU|NEU|Resources|BZS Resources,BZS Safety|TXT|National|A:A|1|PH,USD,1,5,5.36,BZS,DTC,2024-04-29
|CN|DTCB|UB|mBC|NEU|NEU|Resources|BZS Resources,BZS Trial|TXT|National|A:A|1|PH,USD,0,6,0.0,BZS,DTC,2024-04-29
|CN|DTCB|UB|mBC|NEU|NEU|Resources|BZS Resources,BZS Trial|TXT|National|A:A|1|PH,USD,4,27,25.26,BZS,DTC,2024-04-29
|CN|DTCB|UB|mBC|NEU|NEU|Resources|BZS Resources,BZS Understanding|TXT|National|A:A|1|EX,USD,0,3,0.0,BZS,DTC,2024-04-29
|CN|DTCB|UB|mBC|NEU|NEU|Resources|BZS Resources,BZS Understanding|TXT|National|A:A|1|PH,USD,0,2,0.0,BZS,DTC,2024-04-29
|CN|DTCB|UB|mBC|NEU|NEU|Resources|BZS Resources,BZS Understanding|TXT|National|A:A|1|PH,USD,1,5,5.16,BZS,DTC,2024-04-29
|CN|DTCB|UB|mBC|NEU|NEU|Treatment|BZS Treatment,BZS Treatment|TXT|National|A:A|1|EX,USD,0,4,0.0,BZS,DTC,2024-04-29
|CN|DTCB|UB|mBC|NEU|NEU|Treatment|BZS Treatment,BZS Treatment|TXT|National|A:A|1|PH,USD,3,10,12.75,BZS,DTC,2024-04-29
|CN|DTCB|UB|mBC|NEU|NEU|Treatment|BZS Treatment,BZS Treatment|TXT|National|A:A|1|PH,USD,1,64,6.31,BZS,DTC,2024-04-29
|CN|DTCB|UB|mBC|NEU|NEU|Treatment|BZS Treatment,BZS Treatment|TXT|National|A:A|1|PH,USD,0,1,0.0,BZS,DTC,2024-04-29
|CN|DTCB|UB|mBC|NEU|NEU|Treatment|Treatment,Management|TXT|National|A:A|1|EX,USD,1,18,6.03,BZS,DTC,2024-04-29
|CN|DTCB|UB|mBC|NEU|NEU|Treatment|Treatment,Management|TXT|National|A:A|1|PH,USD,0,1,0.0,BZS,DTC,2024-04-29
|CN|DTCB|UB|mBC|NEU|NEU|Treatment|Treatment,Side Effects|TXT|National|A:A|1|EX,USD,1,6,3.67,BZS,DTC,2024-04-29
|CN|DTCB|UB|mBC|NEU|NEU|Treatment|Treatment,Side Effects|TXT|National|A:A|1|PH,USD,1,5,3.93,BZS,DTC,2024-04-29
|CN|DTCB|UB|mBC|NEU|NEU|Treatment|Treatment,Therapy|TXT|National|A:A|1|EX,USD,0,8,0.0,BZS,DTC,2024-04-29
|CN|DTCB|UB|mBC|NEU|NEU|Treatment|Treatment,Therapy|TXT|National|A:A|1|PH,USD,1,21,7.4,BZS,DTC,2024-04-29
|CN|DTCB|UB|mBC|NEU|NEU|Treatment|Treatment Priority,Treatment|TXT|National|A:A|1|PH,USD,2,3,19.36,BZS,DTC,2024-04-29
|CN|DTCB|BR|mBC|NEU|NEU|Competitive|Competitor,Competitors|TXT|National|A:A|1|EX,USD,2,64,13.24,BZS,DTC,2024-04-30
|CN|DTCB|BR|mBC|NEU|NEU|Competitive|Competitor,Competitors|TXT|National|A:A|1|EX,USD,1,57,6.0,BZS,DTC,2024-04-30
|CN|DTCB|BR|mBC|NEU|NEU|Competitive|Competitor,Competitors|TXT|National|A:A|1|PH,USD,6,83,36.35,BZS,DTC,2024-04-30
|CN|DTCB|BR|mBC|NEU|NEU|Competitive|Competitor,Competitors|TXT|National|A:A|1|PH,USD,5,76,29.16,BZS,DTC,2024-04-30
|CN|DTCB|BR|mBC|NEU|NEU|Competitive|Competitor,Competitor|TXT|National|A:A|1|EX,USD,0,18,0.0,BZS,DTC,2024-04-30
|CN|DTCB|BR|mBC|NEU|NEU|Competitive|Competitor,Competitor|TXT|National|A:A|1|EX,USD,1,61,11.48,BZS,DTC,2024-04-30
|CN|DTCB|BR|mBC|NEU|NEU|Competitive|Competitor,Competitor|TXT|National|A:A|1|PH,USD,1,25,14.3,BZS,DTC,2024-04-30
|CN|DTCB|BR|mBC|NEU|NEU|Competitive|Competitor,Competitor|TXT|National|A:A|1|PH,USD,0,38,0.0,BZS,DTC,2024-04-30
|CN|DTCB|BR|mBC|NEU|NEU|Condition|BZS,BZS|TXT|National|A:A|1|EX,USD,0,20,0.0,BZS,DTC,2024-04-30
|CN|DTCB|BR|mBC|NEU|NEU|Condition|BZS,BZS|TXT|National|A:A|1|EX,USD,4,27,28.13,BZS,DTC,2024-04-30
|CN|DTCB|BR|mBC|NEU|NEU|Condition|BZS,BZS|TXT|National|A:A|1|EX,USD,1,14,6.9,BZS,DTC,2024-04-30
|CN|DTCB|BR|mBC|NEU|NEU|Condition|BZS,BZS|TXT|National|A:A|1|EX,USD,0,13,0.0,BZS,DTC,2024-04-30
|CN|DTCB|BR|mBC|NEU|NEU|Condition|BZS,BZS|TXT|National|A:A|1|PH,USD,1,50,19.24,BZS,DTC,2024-04-30
|CN|DTCB|BR|mBC|NEU|NEU|Condition|BZS,BZS|TXT|National|A:A|1|PH,USD,10,94,99.22,BZS,DTC,2024-04-30
|CN|DTCB|BR|mBC|NEU|NEU|Condition|BZS,BZS|TXT|National|A:A|1|PH,USD,8,63,69.16,BZS,DTC,2024-04-30
|CN|DTCB|BR|mBC|NEU|NEU|Condition|BZS,BZS|TXT|National|A:A|1|PH,USD,6,72,79.29,BZS,DTC,2024-04-30
|CN|DTCB|BR|mBC|NEU|NEU|Core|Alone,Alone|TXT|National|A:A|1|EX,USD,114,880,660.08,BZS,DTC,2024-04-30
|CN|DTCB|BR|mBC|NEU|NEU|Core|Alone,Alone|TXT|National|A:A|1|EX,USD,113,895,679.71,BZS,DTC,2024-04-30
|CN|DTCB|BR|mBC|NEU|NEU|Core|Alone,Alone|TXT|National|A:A|1|PH,USD,58,853,525.28,BZS,DTC,2024-04-30
|CN|DTCB|BR|mBC|NEU|NEU|Core|Alone,Alone|TXT|National|A:A|1|PH,USD,48,696,454.33,BZS,DTC,2024-04-30
|CN|DTCB|BR|mBC|NEU|NEU|Core|Branded,Alone|TXT|National|A:A|1|EX,USD,2,31,18.08,BZS,DTC,2024-04-30
|CN|DTCB|BR|mBC|NEU|NEU|Core|Branded,Alone|TXT|National|A:A|1|EX,USD,2,15,17.59,BZS,DTC,2024-04-30
|CN|DTCB|BR|mBC|NEU|NEU|Core|Branded,Alone|TXT|National|A:A|1|PH,USD,1,35,11.45,BZS,DTC,2024-04-30
|CN|DTCB|BR|mBC|NEU|NEU|Core|Branded,Alone|TXT|National|A:A|1|PH,USD,1,40,11.21,BZS,DTC,2024-04-30
|CN|DTCB|BR|mBC|NEU|NEU|Information|Info,Dosing|TXT|National|A:A|1|EX,USD,1,7,3.7199999999999998,BZS,DTC,2024-04-30
|CN|DTCB|BR|mBC|NEU|NEU|Information|Info,Dosing|TXT|National|A:A|1|EX,USD,0,8,0.0,BZS,DTC,2024-04-30
|CN|DTCB|BR|mBC|NEU|NEU|Information|Info,Dosing|TXT|National|A:A|1|PH,USD,2,6,8.69,BZS,DTC,2024-04-30
|CN|DTCB|BR|mBC|NEU|NEU|Information|Info,Dosing|TXT|National|A:A|1|PH,USD,0,7,0.0,BZS,DTC,2024-04-30
|CN|DTCB|BR|mBC|NEU|NEU|Information|Info,Info|TXT|National|A:A|1|EX,USD,15,66,78.43,BZS,DTC,2024-04-30
|CN|DTCB|BR|mBC|NEU|NEU|Information|Info,Info|TXT|National|A:A|1|EX,USD,21,75,111.22,BZS,DTC,2024-04-30
|CN|DTCB|BR|mBC|NEU|NEU|Information|Info,Info|TXT|National|A:A|1|PH,USD,6,32,57.93,BZS,DTC,2024-04-30
|CN|DTCB|BR|mBC|NEU|NEU|Information|Info,Info|TXT|National|A:A|1|PH,USD,0,5,0.0,BZS,DTC,2024-04-30
|CN|DTCB|BR|mBC|NEU|NEU|Information|Info,Resources|TXT|National|A:A|1|EX,USD,0,5,0.0,BZS,DTC,2024-04-30
|CN|DTCB|BR|mBC|NEU|NEU|Information|Info,Resources|TXT|National|A:A|1|EX,USD,0,15,0.0,BZS,DTC,2024-04-30
|CN|DTCB|BR|mBC|NEU|NEU|Information|Info,Resources|TXT|National|A:A|1|PH,USD,1,1,3.85,BZS,DTC,2024-04-30
|CN|DTCB|BR|mBC|NEU|NEU|Information|Info,Resources|TXT|National|A:A|1|PH,USD,0,0,0.0,BZS,DTC,2024-04-30
|CN|DTCB|BR|mBC|NEU|NEU|Information|Info,Results|TXT|National|A:A|1|EX,USD,0,4,0.0,BZS,DTC,2024-04-30
|CN|DTCB|BR|mBC|NEU|NEU|Information|Info,Results|TXT|National|A:A|1|EX,USD,0,2,0.0,BZS,DTC,2024-04-30
|CN|DTCB|BR|mBC|NEU|NEU|Information|Info,Results|TXT|National|A:A|1|EX,USD,1,6,8.3,BZS,DTC,2024-04-30
|CN|DTCB|BR|mBC|NEU|NEU|Information|Info,Results|TXT|National|A:A|1|EX,USD,0,3,0.0,BZS,DTC,2024-04-30
|CN|DTCB|BR|mBC|NEU|NEU|Information|Info,Results|TXT|National|A:A|1|PH,USD,0,8,0.0,BZS,DTC,2024-04-30
|CN|DTCB|BR|mBC|NEU|NEU|Information|Info,Results|TXT|National|A:A|1|PH,USD,0,7,0.0,BZS,DTC,2024-04-30
|CN|DTCB|BR|mBC|NEU|NEU|Information|Info,Results|TXT|National|A:A|1|PH,USD,0,8,0.0,BZS,DTC,2024-04-30
|CN|DTCB|BR|mBC|NEU|NEU|Information|Info,Results|TXT|National|A:A|1|PH,USD,1,9,12.7,BZS,DTC,2024-04-30
|CN|DTCB|BR|mBC|NEU|NEU|Information|Info,Risk|TXT|National|A:A|1|EX,USD,3,37,23.62,BZS,DTC,2024-04-30
|CN|DTCB|BR|mBC|NEU|NEU|Information|Info,Risk|TXT|National|A:A|1|EX,USD,7,52,50.0,BZS,DTC,2024-04-30
|CN|DTCB|BR|mBC|NEU|NEU|Information|Info,Risk|TXT|National|A:A|1|PH,USD,0,11,0.0,BZS,DTC,2024-04-30
|CN|DTCB|BR|mBC|NEU|NEU|Information|Info,Risk|TXT|National|A:A|1|PH,USD,0,5,0.0,BZS,DTC,2024-04-30
|CN|DTCB|BR|mBC|NEU|NEU|Information|Info,Safety|TXT|National|A:A|1|EX,USD,6,49,33.95,BZS,DTC,2024-04-30
|CN|DTCB|BR|mBC|NEU|NEU|Information|Info,Safety|TXT|National|A:A|1|EX,USD,8,64,54.05,BZS,DTC,2024-04-30
|CN|DTCB|BR|mBC|NEU|NEU|Information|Info,Safety|TXT|National|A:A|1|PH,USD,2,23,19.56,BZS,DTC,2024-04-30
|CN|DTCB|BR|mBC|NEU|NEU|Information|Info,Safety|TXT|National|A:A|1|PH,USD,0,1,0.0,BZS,DTC,2024-04-30
|CN|DTCB|BR|mBC|NEU|NEU|Information|Info,Study|TXT|National|A:A|1|EX,USD,0,7,0.0,BZS,DTC,2024-04-30
|CN|DTCB|BR|mBC|NEU|NEU|Information|Info,Study|TXT|National|A:A|1|EX,USD,1,10,5.49,BZS,DTC,2024-04-30
|CN|DTCB|BR|mBC|NEU|NEU|Information|Info,Study|TXT|National|A:A|1|PH,USD,1,22,7.44,BZS,DTC,2024-04-30
|CN|DTCB|BR|mBC|NEU|NEU|Information|Info,Study|TXT|National|A:A|1|PH,USD,1,24,10.98,BZS,DTC,2024-04-30
|CN|DTCB|BR|mBC|NEU|NEU|Information|Info,Treatment|TXT|National|A:A|1|EX,USD,14,116,165.6,BZS,DTC,2024-04-30
|CN|DTCB|BR|mBC|NEU|NEU|Information|Info,Treatment|TXT|National|A:A|1|EX,USD,13,101,157.62,BZS,DTC,2024-04-30
|CN|DTCB|BR|mBC|NEU|NEU|Information|Info,Treatment|TXT|National|A:A|1|PH,USD,29,247,305.42,BZS,DTC,2024-04-30
|CN|DTCB|BR|mBC|NEU|NEU|Information|Info,Treatment|TXT|National|A:A|1|PH,USD,26,447,274.09,BZS,DTC,2024-04-30
|CN|DTCB|BR|mBC|NEU|NEU|Information|Info,Understanding|TXT|National|A:A|1|EX,USD,0,13,0.0,BZS,DTC,2024-04-30
|CN|DTCB|BR|mBC|NEU|NEU|Information|Info,Understanding|TXT|National|A:A|1|EX,USD,0,4,0.0,BZS,DTC,2024-04-30
|CN|DTCB|UB|mBC|NEU|NEU|Condition|BZS Condition,BZS General|TXT|National|A:A|1|EX,USD,2,17,22.36,BZS,DTC,2024-04-30
|CN|DTCB|UB|mBC|NEU|NEU|Condition|BZS Condition,BZS General|TXT|National|A:A|1|EX,USD,0,0,0.0,BZS,DTC,2024-04-30
|CN|DTCB|UB|mBC|NEU|NEU|Condition|BZS Condition,BZS General|TXT|National|A:A|1|EX,USD,2,30,29.02,BZS,DTC,2024-04-30
|CN|DTCB|UB|mBC|NEU|NEU|Condition|BZS Condition,BZS General|TXT|National|A:A|1|PH,USD,8,121,104.2,BZS,DTC,2024-04-30
|CN|DTCB|UB|mBC|NEU|NEU|Condition|BZS Condition,BZS General|TXT|National|A:A|1|PH,USD,3,2,21.51,BZS,DTC,2024-04-30
|CN|DTCB|UB|mBC|NEU|NEU|Condition|BZS Condition,BZS General|TXT|National|A:A|1|PH,USD,1,12,6.05,BZS,DTC,2024-04-30
|CN|DTCB|UB|mBC|NEU|NEU|Condition|BZS Condition,BZS General|TXT|National|A:A|1|PH,USD,8,150,117.54,BZS,DTC,2024-04-30
|CN|DTCB|UB|mBC|NEU|NEU|Condition|BZS Condition,BZS general|TXT|National|A:A|1|EX,USD,0,6,0.0,BZS,DTC,2024-04-30
|CN|DTCB|UB|mBC|NEU|NEU|Condition|BZS Condition,BZS general|TXT|National|A:A|1|EX,USD,0,2,0.0,BZS,DTC,2024-04-30
|CN|DTCB|UB|mBC|NEU|NEU|Condition|BZS Condition,BZS general|TXT|National|A:A|1|PH,USD,6,52,39.86,BZS,DTC,2024-04-30
|CN|DTCB|UB|mBC|NEU|NEU|Condition|BZS Condition,BZS general|TXT|National|A:A|1|PH,USD,6,19,37.14,BZS,DTC,2024-04-30
|CN|DTCB|UB|mBC|NEU|NEU|Condition|BZS ITT Condition,BZS general|TXT|National|A:A|1|EX,USD,0,6,0.0,BZS,DTC,2024-04-30
|CN|DTCB|UB|mBC|NEU|NEU|Condition|BZS ITT Condition,BZS general|TXT|National|A:A|1|EX,USD,0,3,0.0,BZS,DTC,2024-04-30
|CN|DTCB|UB|mBC|NEU|NEU|Condition|BZS ITT Condition,BZS general|TXT|National|A:A|1|PH,USD,5,59,48.45,BZS,DTC,2024-04-30
|CN|DTCB|UB|mBC|NEU|NEU|Condition|BZS ITT Condition,BZS general|TXT|National|A:A|1|PH,USD,5,21,52.2,BZS,DTC,2024-04-30
|CN|DTCB|UB|mBC|NEU|NEU|Condition|Condition,Alone|TXT|National|A:A|1|EX,USD,5,19,31.71,BZS,DTC,2024-04-30
|CN|DTCB|UB|mBC|NEU|NEU|Condition|Condition,Alone|TXT|National|A:A|1|EX,USD,1,21,6.96,BZS,DTC,2024-04-30
|CN|DTCB|UB|mBC|NEU|NEU|Condition|Condition,Alone|TXT|National|A:A|1|PH,USD,2,66,13.37,BZS,DTC,2024-04-30
|CN|DTCB|UB|mBC|NEU|NEU|Condition|Condition,Alone|TXT|National|A:A|1|PH,USD,5,59,29.01,BZS,DTC,2024-04-30
|CN|DTCB|UB|mBC|NEU|NEU|Core|BZS,BZS|TXT|National|A:A|1|EX,USD,2,29,19.19,BZS,DTC,2024-04-30
|CN|DTCB|UB|mBC|NEU|NEU|Core|BZS,BZS|TXT|National|A:A|1|EX,USD,0,2,0.0,BZS,DTC,2024-04-30
|CN|DTCB|UB|mBC|NEU|NEU|Core|BZS,BZS|TXT|National|A:A|1|EX,USD,7,42,64.98,BZS,DTC,2024-04-30
|CN|DTCB|UB|mBC|NEU|NEU|Core|BZS,BZS|TXT|National|A:A|1|PH,USD,4,52,38.36,BZS,DTC,2024-04-30
|CN|DTCB|UB|mBC|NEU|NEU|Core|BZS,BZS|TXT|National|A:A|1|PH,USD,3,53,19.32,BZS,DTC,2024-04-30
|CN|DTCB|UB|mBC|NEU|NEU|Core|BZS,BZS|TXT|National|A:A|1|PH,USD,7,129,61.41,BZS,DTC,2024-04-30
|CN|DTCB|UB|mBC|NEU|NEU|Core|BZS+,About|TXT|National|A:A|1|EX,USD,1,13,7.4,BZS,DTC,2024-04-30
|CN|DTCB|UB|mBC|NEU|NEU|Core|BZS+,About|TXT|National|A:A|1|EX,USD,0,25,0.0,BZS,DTC,2024-04-30
|CN|DTCB|UB|mBC|NEU|NEU|Core|BZS+,About|TXT|National|A:A|1|PH,USD,2,21,13.09,BZS,DTC,2024-04-30
|CN|DTCB|UB|mBC|NEU|NEU|Core|BZS+,About|TXT|National|A:A|1|PH,USD,0,27,0.0,BZS,DTC,2024-04-30
|CN|DTCB|UB|mBC|NEU|NEU|Core|BZS+,Causes|TXT|National|A:A|1|PH,USD,0,1,0.0,BZS,DTC,2024-04-30
|CN|DTCB|UB|mBC|NEU|NEU|Core|BZS+,Causes|TXT|National|A:A|1|PH,USD,0,2,0.0,BZS,DTC,2024-04-30
|CN|DTCB|UB|mBC|NEU|NEU|Core|BZS+,Medication|TXT|National|A:A|1|PH,USD,0,19,0.0,BZS,DTC,2024-04-30
|CN|DTCB|UB|mBC|NEU|NEU|Core|BZS+,Medication|TXT|National|A:A|1|PH,USD,0,28,0.0,BZS,DTC,2024-04-30
|CN|DTCB|UB|mBC|NEU|NEU|Core|BZS+,Study|TXT|National|A:A|1|PH,USD,0,10,0.0,BZS,DTC,2024-04-30
|CN|DTCB|UB|mBC|NEU|NEU|Core|BZS+,Study|TXT|National|A:A|1|PH,USD,0,9,0.0,BZS,DTC,2024-04-30
|CN|DTCB|UB|mBC|NEU|NEU|Core|BZS+,Symptoms|TXT|National|A:A|1|EX,USD,0,1,0.0,BZS,DTC,2024-04-30
|CN|DTCB|UB|mBC|NEU|NEU|Core|BZS+,Symptoms|TXT|National|A:A|1|EX,USD,0,1,0.0,BZS,DTC,2024-04-30
|CN|DTCB|UB|mBC|NEU|NEU|Core|BZS+,Symptoms|TXT|National|A:A|1|PH,USD,0,2,0.0,BZS,DTC,2024-04-30
|CN|DTCB|UB|mBC|NEU|NEU|Core|BZS+,Symptoms|TXT|National|A:A|1|PH,USD,0,2,0.0,BZS,DTC,2024-04-30
|CN|DTCB|UB|mBC|NEU|NEU|Core|BZS+,What Is|TXT|National|A:A|1|EX,USD,6,45,36.11,BZS,DTC,2024-04-30
|CN|DTCB|UB|mBC|NEU|NEU|Core|BZS+,What Is|TXT|National|A:A|1|EX,USD,4,87,26.3,BZS,DTC,2024-04-30
|CN|DTCB|UB|mBC|NEU|NEU|Core|BZS+,What Is|TXT|National|A:A|1|PH,USD,0,14,0.0,BZS,DTC,2024-04-30
|CN|DTCB|UB|mBC|NEU|NEU|Core|BZS+,What Is|TXT|National|A:A|1|PH,USD,2,30,13.08,BZS,DTC,2024-04-30
|CN|DTCB|UB|mBC|NEU|NEU|Information|BZS Info,BZS Info|TXT|National|A:A|1|EX,USD,0,6,0.0,BZS,DTC,2024-04-30
|CN|DTCB|UB|mBC|NEU|NEU|Information|BZS Info,BZS Info|TXT|National|A:A|1|EX,USD,0,1,0.0,BZS,DTC,2024-04-30
|CN|DTCB|UB|mBC|NEU|NEU|Information|BZS Info,BZS Info|TXT|National|A:A|1|EX,USD,0,1,0.0,BZS,DTC,2024-04-30
|CN|DTCB|UB|mBC|NEU|NEU|Information|BZS Info,BZS Info|TXT|National|A:A|1|EX,USD,1,1,7.17,BZS,DTC,2024-04-30
|CN|DTCB|UB|mBC|NEU|NEU|Information|BZS Info,BZS Info|TXT|National|A:A|1|PH,USD,5,83,40.41,BZS,DTC,2024-04-30
|CN|DTCB|UB|mBC|NEU|NEU|Information|BZS Info,BZS Info|TXT|National|A:A|1|PH,USD,1,20,6.1,BZS,DTC,2024-04-30
|CN|DTCB|UB|mBC|NEU|NEU|Information|BZS Info,BZS Info|TXT|National|A:A|1|PH,USD,0,21,0.0,BZS,DTC,2024-04-30
|CN|DTCB|UB|mBC|NEU|NEU|Information|BZS Info,BZS Info|TXT|National|A:A|1|PH,USD,3,28,19.31,BZS,DTC,2024-04-30
|CN|DTCB|UB|mBC|NEU|NEU|Information|BZS Info,BZS Info|TXT|National|A:A|1|PH,USD,1,12,5.83,BZS,DTC,2024-04-30
|CN|DTCB|UB|mBC|NEU|NEU|Information|BZS Info,BZS Info|TXT|National|A:A|1|PH,USD,3,15,24.3,BZS,DTC,2024-04-30
|CN|DTCB|UB|mBC|NEU|NEU|Resources|BZS Resources,BZS Resources|TXT|National|A:A|1|PH,USD,0,4,0.0,BZS,DTC,2024-04-30
|CN|DTCB|UB|mBC|NEU|NEU|Resources|BZS Resources,BZS Resources|TXT|National|A:A|1|PH,USD,2,12,8.94,BZS,DTC,2024-04-30
|CN|DTCB|UB|mBC|NEU|NEU|Resources|BZS Resources,BZS Resources|TXT|National|A:A|1|PH,USD,1,14,4.74,BZS,DTC,2024-04-30
|CN|DTCB|UB|mBC|NEU|NEU|Resources|BZS Resources,BZS Resources|TXT|National|A:A|1|PH,USD,1,16,5.73,BZS,DTC,2024-04-30
|CN|DTCB|UB|mBC|NEU|NEU|Resources|BZS Resources,BZS Safety|TXT|National|A:A|1|PH,USD,1,4,5.79,BZS,DTC,2024-04-30
|CN|DTCB|UB|mBC|NEU|NEU|Resources|BZS Resources,BZS Safety|TXT|National|A:A|1|PH,USD,0,3,0.0,BZS,DTC,2024-04-30
|CN|DTCB|UB|mBC|NEU|NEU|Resources|BZS Resources,BZS Safety|TXT|National|A:A|1|PH,USD,1,7,6.22,BZS,DTC,2024-04-30
|CN|DTCB|UB|mBC|NEU|NEU|Resources|BZS Resources,BZS Safety|TXT|National|A:A|1|PH,USD,0,4,0.0,BZS,DTC,2024-04-30
|CN|DTCB|UB|mBC|NEU|NEU|Resources|BZS Resources,BZS Trial|TXT|National|A:A|1|EX,USD,0,0,0.0,BZS,DTC,2024-04-30
|CN|DTCB|UB|mBC|NEU|NEU|Resources|BZS Resources,BZS Trial|TXT|National|A:A|1|PH,USD,0,1,0.0,BZS,DTC,2024-04-30
|CN|DTCB|UB|mBC|NEU|NEU|Resources|BZS Resources,BZS Trial|TXT|National|A:A|1|PH,USD,3,10,19.33,BZS,DTC,2024-04-30
|CN|DTCB|UB|mBC|NEU|NEU|Resources|BZS Resources,BZS Trial|TXT|National|A:A|1|PH,USD,0,4,0.0,BZS,DTC,2024-04-30
|CN|DTCB|UB|mBC|NEU|NEU|Resources|BZS Resources,BZS Trial|TXT|National|A:A|1|PH,USD,1,35,5.63,BZS,DTC,2024-04-30
|CN|DTCB|UB|mBC|NEU|NEU|Resources|BZS Resources,BZS Understanding|TXT|National|A:A|1|EX,USD,0,4,0.0,BZS,DTC,2024-04-30
|CN|DTCB|UB|mBC|NEU|NEU|Resources|BZS Resources,BZS Understanding|TXT|National|A:A|1|EX,USD,2,17,9.65,BZS,DTC,2024-04-30
|CN|DTCB|UB|mBC|NEU|NEU|Resources|BZS Resources,BZS Understanding|TXT|National|A:A|1|PH,USD,0,3,0.0,BZS,DTC,2024-04-30
|CN|DTCB|UB|mBC|NEU|NEU|Resources|BZS Resources,BZS Understanding|TXT|National|A:A|1|PH,USD,0,1,0.0,BZS,DTC,2024-04-30
|CN|DTCB|UB|mBC|NEU|NEU|Resources|BZS Resources,BZS Understanding|TXT|National|A:A|1|PH,USD,0,13,0.0,BZS,DTC,2024-04-30
|CN|DTCB|UB|mBC|NEU|NEU|Treatment|BZS Treatment,BZS Treatment|TXT|National|A:A|1|EX,USD,0,1,0.0,BZS,DTC,2024-04-30
|CN|DTCB|UB|mBC|NEU|NEU|Treatment|BZS Treatment,BZS Treatment|TXT|National|A:A|1|EX,USD,0,9,0.0,BZS,DTC,2024-04-30
|CN|DTCB|UB|mBC|NEU|NEU|Treatment|BZS Treatment,BZS Treatment|TXT|National|A:A|1|EX,USD,0,0,0.0,BZS,DTC,2024-04-30
|CN|DTCB|UB|mBC|NEU|NEU|Treatment|BZS Treatment,BZS Treatment|TXT|National|A:A|1|PH,USD,0,1,0.0,BZS,DTC,2024-04-30
|CN|DTCB|UB|mBC|NEU|NEU|Treatment|BZS Treatment,BZS Treatment|TXT|National|A:A|1|PH,USD,1,5,5.54,BZS,DTC,2024-04-30
|CN|DTCB|UB|mBC|NEU|NEU|Treatment|BZS Treatment,BZS Treatment|TXT|National|A:A|1|PH,USD,1,27,6.18,BZS,DTC,2024-04-30
|CN|DTCB|UB|mBC|NEU|NEU|Treatment|BZS Treatment,BZS Treatment|TXT|National|A:A|1|PH,USD,1,23,4.89,BZS,DTC,2024-04-30
|CN|DTCB|UB|mBC|NEU|NEU|Treatment|BZS Treatment,BZS Treatment|TXT|National|A:A|1|PH,USD,0,3,0.0,BZS,DTC,2024-04-30
|CN|DTCB|UB|mBC|NEU|NEU|Treatment|BZS Treatment,BZS Treatment|TXT|National|A:A|1|PH,USD,1,13,6.53,BZS,DTC,2024-04-30
|CN|DTCB|UB|mBC|NEU|NEU|Treatment|Treatment,Management|TXT|National|A:A|1|EX,USD,1,26,7.68,BZS,DTC,2024-04-30
|CN|DTCB|UB|mBC|NEU|NEU|Treatment|Treatment,Management|TXT|National|A:A|1|EX,USD,0,42,0.0,BZS,DTC,2024-04-30
|CN|DTCB|UB|mBC|NEU|NEU|Treatment|Treatment,Management|TXT|National|A:A|1|PH,USD,0,17,0.0,BZS,DTC,2024-04-30
|CN|DTCB|UB|mBC|NEU|NEU|Treatment|Treatment,Management|TXT|National|A:A|1|PH,USD,0,18,0.0,BZS,DTC,2024-04-30
|CN|DTCB|UB|mBC|NEU|NEU|Treatment|Treatment,Side Effects|TXT|National|A:A|1|EX,USD,0,7,0.0,BZS,DTC,2024-04-30
|CN|DTCB|UB|mBC|NEU|NEU|Treatment|Treatment,Side Effects|TXT|National|A:A|1|EX,USD,1,6,4.65,BZS,DTC,2024-04-30
|CN|DTCB|UB|mBC|NEU|NEU|Treatment|Treatment,Side Effects|TXT|National|A:A|1|PH,USD,4,8,13.78,BZS,DTC,2024-04-30
|CN|DTCB|UB|mBC|NEU|NEU|Treatment|Treatment,Side Effects|TXT|National|A:A|1|PH,USD,2,3,7.14,BZS,DTC,2024-04-30
|CN|DTCB|UB|mBC|NEU|NEU|Treatment|Treatment,Therapy|TXT|National|A:A|1|EX,USD,0,8,0.0,BZS,DTC,2024-04-30
|CN|DTCB|UB|mBC|NEU|NEU|Treatment|Treatment,Therapy|TXT|National|A:A|1|EX,USD,1,9,6.09,BZS,DTC,2024-04-30
|CN|DTCB|UB|mBC|NEU|NEU|Treatment|Treatment,Therapy|TXT|National|A:A|1|PH,USD,0,16,0.0,BZS,DTC,2024-04-30
|CN|DTCB|UB|mBC|NEU|NEU|Treatment|Treatment,Therapy|TXT|National|A:A|1|PH,USD,0,24,0.0,BZS,DTC,2024-04-30
|CN|DTCB|UB|mBC|NEU|NEU|Treatment|Treatment Priority,Treatment|TXT|National|A:A|1|EX,USD,0,0,0.0,BZS,DTC,2024-04-30
|CN|DTCB|UB|mBC|NEU|NEU|Treatment|Treatment Priority,Treatment|TXT|National|A:A|1|PH,USD,1,10,2.7800000000000002,BZS,DTC,2024-04-30
|CN|DTCB|UB|mBC|NEU|NEU|Treatment|Treatment Priority,Treatment|TXT|National|A:A|1|PH,USD,1,17,6.83,BZS,DTC,2024-04-30
|CN|DTCB|BR|mBC|NEU|NEU|Competitive|Competitor,Competitors|TXT|National|A:A|1|EX,USD,2,72,10.84,BZS,DTC,2024-05-01
|CN|DTCB|BR|mBC|NEU|NEU|Competitive|Competitor,Competitors|TXT|National|A:A|1|PH,USD,7,105,42.41,BZS,DTC,2024-05-01
|CN|DTCB|BR|mBC|NEU|NEU|Competitive|Competitor,Competitor|TXT|National|A:A|1|EX,USD,1,55,9.25,BZS,DTC,2024-05-01
|CN|DTCB|BR|mBC|NEU|NEU|Competitive|Competitor,Competitor|TXT|National|A:A|1|PH,USD,1,63,14.73,BZS,DTC,2024-05-01
|CN|DTCB|BR|mBC|NEU|NEU|Condition|BZS,BZS|TXT|National|A:A|1|EX,USD,2,9,13.66,BZS,DTC,2024-05-01
|CN|DTCB|BR|mBC|NEU|NEU|Condition|BZS,BZS|TXT|National|A:A|1|EX,USD,1,13,14.63,BZS,DTC,2024-05-01
|CN|DTCB|BR|mBC|NEU|NEU|Condition|BZS,BZS|TXT|National|A:A|1|PH,USD,12,77,161.43,BZS,DTC,2024-05-01
|CN|DTCB|BR|mBC|NEU|NEU|Condition|BZS,BZS|TXT|National|A:A|1|PH,USD,10,171,113.96,BZS,DTC,2024-05-01
|CN|DTCB|BR|mBC|NEU|NEU|Core|Alone,Alone|TXT|National|A:A|1|EX,USD,143,931,897.49,BZS,DTC,2024-05-01
|CN|DTCB|BR|mBC|NEU|NEU|Core|Alone,Alone|TXT|National|A:A|1|PH,USD,48,565,516.22,BZS,DTC,2024-05-01
|CN|DTCB|BR|mBC|NEU|NEU|Core|Branded,Alone|TXT|National|A:A|1|EX,USD,0,23,0.0,BZS,DTC,2024-05-01
|CN|DTCB|BR|mBC|NEU|NEU|Core|Branded,Alone|TXT|National|A:A|1|PH,USD,1,37,14.24,BZS,DTC,2024-05-01
|CN|DTCB|BR|mBC|NEU|NEU|Information|Info,Dosing|TXT|National|A:A|1|EX,USD,0,10,0.0,BZS,DTC,2024-05-01
|CN|DTCB|BR|mBC|NEU|NEU|Information|Info,Dosing|TXT|National|A:A|1|PH,USD,0,3,0.0,BZS,DTC,2024-05-01
|CN|DTCB|BR|mBC|NEU|NEU|Information|Info,Info|TXT|National|A:A|1|EX,USD,25,80,134.73,BZS,DTC,2024-05-01
|CN|DTCB|BR|mBC|NEU|NEU|Information|Info,Info|TXT|National|A:A|1|PH,USD,0,3,0.0,BZS,DTC,2024-05-01
|CN|DTCB|BR|mBC|NEU|NEU|Information|Info,Resources|TXT|National|A:A|1|EX,USD,1,14,7.92,BZS,DTC,2024-05-01
|CN|DTCB|BR|mBC|NEU|NEU|Information|Info,Results|TXT|National|A:A|1|EX,USD,1,7,5.45,BZS,DTC,2024-05-01
|CN|DTCB|BR|mBC|NEU|NEU|Information|Info,Results|TXT|National|A:A|1|EX,USD,0,2,0.0,BZS,DTC,2024-05-01
|CN|DTCB|BR|mBC|NEU|NEU|Information|Info,Results|TXT|National|A:A|1|PH,USD,0,5,0.0,BZS,DTC,2024-05-01
|CN|DTCB|BR|mBC|NEU|NEU|Information|Info,Results|TXT|National|A:A|1|PH,USD,1,5,12.34,BZS,DTC,2024-05-01
|CN|DTCB|BR|mBC|NEU|NEU|Information|Info,Risk|TXT|National|A:A|1|EX,USD,7,39,54.88,BZS,DTC,2024-05-01
|CN|DTCB|BR|mBC|NEU|NEU|Information|Info,Risk|TXT|National|A:A|1|PH,USD,1,24,10.75,BZS,DTC,2024-05-01
|CN|DTCB|BR|mBC|NEU|NEU|Information|Info,Safety|TXT|National|A:A|1|EX,USD,11,78,85.26,BZS,DTC,2024-05-01
|CN|DTCB|BR|mBC|NEU|NEU|Information|Info,Safety|TXT|National|A:A|1|PH,USD,0,6,0.0,BZS,DTC,2024-05-01
|CN|DTCB|BR|mBC|NEU|NEU|Information|Info,Study|TXT|National|A:A|1|EX,USD,0,12,0.0,BZS,DTC,2024-05-01
|CN|DTCB|BR|mBC|NEU|NEU|Information|Info,Study|TXT|National|A:A|1|PH,USD,0,30,0.0,BZS,DTC,2024-05-01
|CN|DTCB|BR|mBC|NEU|NEU|Information|Info,Treatment|TXT|National|A:A|1|EX,USD,15,107,168.23,BZS,DTC,2024-05-01
|CN|DTCB|BR|mBC|NEU|NEU|Information|Info,Treatment|TXT|National|A:A|1|PH,USD,29,450,311.56,BZS,DTC,2024-05-01
|CN|DTCB|BR|mBC|NEU|NEU|Information|Info,Understanding|TXT|National|A:A|1|EX,USD,1,6,10.62,BZS,DTC,2024-05-01
|CN|DTCB|BR|mBC|NEU|NEU|Information|Info,Understanding|TXT|National|A:A|1|PH,USD,0,1,0.0,BZS,DTC,2024-05-01
|CN|DTCB|UB|mBC|NEU|NEU|Condition|BZS Condition,BZS General|TXT|National|A:A|1|EX,USD,2,38,20.67,BZS,DTC,2024-05-01
|CN|DTCB|UB|mBC|NEU|NEU|Condition|BZS Condition,BZS General|TXT|National|A:A|1|PH,USD,1,15,7.47,BZS,DTC,2024-05-01
|CN|DTCB|UB|mBC|NEU|NEU|Condition|BZS Condition,BZS General|TXT|National|A:A|1|PH,USD,12,120,159.95,BZS,DTC,2024-05-01
|CN|DTCB|UB|mBC|NEU|NEU|Condition|BZS Condition,BZS general|TXT|National|A:A|1|EX,USD,0,11,0.0,BZS,DTC,2024-05-01
|CN|DTCB|UB|mBC|NEU|NEU|Condition|BZS Condition,BZS general|TXT|National|A:A|1|PH,USD,7,57,42.37,BZS,DTC,2024-05-01
|CN|DTCB|UB|mBC|NEU|NEU|Condition|BZS ITT Condition,BZS general|TXT|National|A:A|1|EX,USD,0,1,0.0,BZS,DTC,2024-05-01
|CN|DTCB|UB|mBC|NEU|NEU|Condition|BZS ITT Condition,BZS general|TXT|National|A:A|1|PH,USD,7,30,70.44,BZS,DTC,2024-05-01
|CN|DTCB|UB|mBC|NEU|NEU|Condition|Condition,Alone|TXT|National|A:A|1|EX,USD,3,29,20.72,BZS,DTC,2024-05-01
|CN|DTCB|UB|mBC|NEU|NEU|Condition|Condition,Alone|TXT|National|A:A|1|PH,USD,5,120,33.37,BZS,DTC,2024-05-01
|CN|DTCB|UB|mBC|NEU|NEU|Core|BZS,BZS|TXT|National|A:A|1|EX,USD,3,47,28.31,BZS,DTC,2024-05-01
|CN|DTCB|UB|mBC|NEU|NEU|Core|BZS,BZS|TXT|National|A:A|1|EX,USD,0,0,0.0,BZS,DTC,2024-05-01
|CN|DTCB|UB|mBC|NEU|NEU|Core|BZS,BZS|TXT|National|A:A|1|PH,USD,7,84,64.42,BZS,DTC,2024-05-01
|CN|DTCB|UB|mBC|NEU|NEU|Core|BZS,BZS|TXT|National|A:A|1|PH,USD,0,65,0.0,BZS,DTC,2024-05-01
|CN|DTCB|UB|mBC|NEU|NEU|Core|BZS+,About|TXT|National|A:A|1|EX,USD,5,15,36.97,BZS,DTC,2024-05-01
|CN|DTCB|UB|mBC|NEU|NEU|Core|BZS+,About|TXT|National|A:A|1|PH,USD,1,17,5.7,BZS,DTC,2024-05-01
|CN|DTCB|UB|mBC|NEU|NEU|Core|BZS+,Causes|TXT|National|A:A|1|EX,USD,0,1,0.0,BZS,DTC,2024-05-01
|CN|DTCB|UB|mBC|NEU|NEU|Core|BZS+,Causes|TXT|National|A:A|1|PH,USD,0,2,0.0,BZS,DTC,2024-05-01
|CN|DTCB|UB|mBC|NEU|NEU|Core|BZS+,Medication|TXT|National|A:A|1|PH,USD,1,32,8.11,BZS,DTC,2024-05-01
|CN|DTCB|UB|mBC|NEU|NEU|Core|BZS+,Study|TXT|National|A:A|1|PH,USD,0,4,0.0,BZS,DTC,2024-05-01
|CN|DTCB|UB|mBC|NEU|NEU|Core|BZS+,Symptoms|TXT|National|A:A|1|EX,USD,0,2,0.0,BZS,DTC,2024-05-01
|CN|DTCB|UB|mBC|NEU|NEU|Core|BZS+,What Is|TXT|National|A:A|1|EX,USD,2,40,8.29,BZS,DTC,2024-05-01
|CN|DTCB|UB|mBC|NEU|NEU|Core|BZS+,What Is|TXT|National|A:A|1|PH,USD,0,19,0.0,BZS,DTC,2024-05-01
|CN|DTCB|UB|mBC|NEU|NEU|Information|BZS Info,BZS Info|TXT|National|A:A|1|EX,USD,1,1,5.54,BZS,DTC,2024-05-01
|CN|DTCB|UB|mBC|NEU|NEU|Information|BZS Info,BZS Info|TXT|National|A:A|1|EX,USD,0,2,0.0,BZS,DTC,2024-05-01
|CN|DTCB|UB|mBC|NEU|NEU|Information|BZS Info,BZS Info|TXT|National|A:A|1|EX,USD,0,4,0.0,BZS,DTC,2024-05-01
|CN|DTCB|UB|mBC|NEU|NEU|Information|BZS Info,BZS Info|TXT|National|A:A|1|PH,USD,2,17,12.05,BZS,DTC,2024-05-01
|CN|DTCB|UB|mBC|NEU|NEU|Information|BZS Info,BZS Info|TXT|National|A:A|1|PH,USD,5,39,41.79,BZS,DTC,2024-05-01
|CN|DTCB|UB|mBC|NEU|NEU|Information|BZS Info,BZS Info|TXT|National|A:A|1|PH,USD,0,19,0.0,BZS,DTC,2024-05-01
|CN|DTCB|UB|mBC|NEU|NEU|Resources|BZS Resources,BZS Resources|TXT|National|A:A|1|PH,USD,1,3,5.73,BZS,DTC,2024-05-01
|CN|DTCB|UB|mBC|NEU|NEU|Resources|BZS Resources,BZS Resources|TXT|National|A:A|1|PH,USD,1,29,6.38,BZS,DTC,2024-05-01
|CN|DTCB|UB|mBC|NEU|NEU|Resources|BZS Resources,BZS Safety|TXT|National|A:A|1|PH,USD,0,2,0.0,BZS,DTC,2024-05-01
|CN|DTCB|UB|mBC|NEU|NEU|Resources|BZS Resources,BZS Safety|TXT|National|A:A|1|PH,USD,2,22,12.13,BZS,DTC,2024-05-01
|CN|DTCB|UB|mBC|NEU|NEU|Resources|BZS Resources,BZS Trial|TXT|National|A:A|1|PH,USD,2,57,12.3,BZS,DTC,2024-05-01
|CN|DTCB|UB|mBC|NEU|NEU|Resources|BZS Resources,BZS Trial|TXT|National|A:A|1|PH,USD,2,1,11.46,BZS,DTC,2024-05-01
|CN|DTCB|UB|mBC|NEU|NEU|Resources|BZS Resources,BZS Understanding|TXT|National|A:A|1|EX,USD,0,14,0.0,BZS,DTC,2024-05-01
|CN|DTCB|UB|mBC|NEU|NEU|Resources|BZS Resources,BZS Understanding|TXT|National|A:A|1|PH,USD,2,31,10.28,BZS,DTC,2024-05-01
|CN|DTCB|UB|mBC|NEU|NEU|Treatment|BZS Treatment,BZS Treatment|TXT|National|A:A|1|EX,USD,0,12,0.0,BZS,DTC,2024-05-01
|CN|DTCB|UB|mBC|NEU|NEU|Treatment|BZS Treatment,BZS Treatment|TXT|National|A:A|1|EX,USD,0,0,0.0,BZS,DTC,2024-05-01
|CN|DTCB|UB|mBC|NEU|NEU|Treatment|BZS Treatment,BZS Treatment|TXT|National|A:A|1|PH,USD,2,49,11.3,BZS,DTC,2024-05-01
|CN|DTCB|UB|mBC|NEU|NEU|Treatment|BZS Treatment,BZS Treatment|TXT|National|A:A|1|PH,USD,2,34,12.56,BZS,DTC,2024-05-01
|CN|DTCB|UB|mBC|NEU|NEU|Treatment|BZS Treatment,BZS Treatment|TXT|National|A:A|1|PH,USD,0,3,0.0,BZS,DTC,2024-05-01
|CN|DTCB|UB|mBC|NEU|NEU|Treatment|Treatment,Management|TXT|National|A:A|1|EX,USD,1,23,3.49,BZS,DTC,2024-05-01
|CN|DTCB|UB|mBC|NEU|NEU|Treatment|Treatment,Management|TXT|National|A:A|1|PH,USD,0,17,0.0,BZS,DTC,2024-05-01
|CN|DTCB|UB|mBC|NEU|NEU|Treatment|Treatment,Side Effects|TXT|National|A:A|1|EX,USD,3,8,10.45,BZS,DTC,2024-05-01
|CN|DTCB|UB|mBC|NEU|NEU|Treatment|Treatment,Side Effects|TXT|National|A:A|1|PH,USD,1,5,3.29,BZS,DTC,2024-05-01
|CN|DTCB|UB|mBC|NEU|NEU|Treatment|Treatment,Therapy|TXT|National|A:A|1|EX,USD,0,4,0.0,BZS,DTC,2024-05-01
|CN|DTCB|UB|mBC|NEU|NEU|Treatment|Treatment,Therapy|TXT|National|A:A|1|PH,USD,0,14,0.0,BZS,DTC,2024-05-01
|CN|DTCB|UB|mBC|NEU|NEU|Treatment|Treatment Priority,Treatment|TXT|National|A:A|1|EX,USD,0,0,0.0,BZS,DTC,2024-05-01
|CN|DTCB|UB|mBC|NEU|NEU|Treatment|Treatment Priority,Treatment|TXT|National|A:A|1|PH,USD,3,41,18.79,BZS,DTC,2024-05-01
|CN|DTCB|BR|mBC|NEU|NEU|Competitive|Competitor,Competitors|TXT|National|A:A|1|EX,USD,5,66,26.83,BZS,DTC,2024-05-02
|CN|DTCB|BR|mBC|NEU|NEU|Competitive|Competitor,Competitors|TXT|National|A:A|1|PH,USD,5,93,29.79,BZS,DTC,2024-05-02
|CN|DTCB|BR|mBC|NEU|NEU|Competitive|Competitor,Competitor|TXT|National|A:A|1|EX,USD,2,129,18.08,BZS,DTC,2024-05-02
|CN|DTCB|BR|mBC|NEU|NEU|Competitive|Competitor,Competitor|TXT|National|A:A|1|PH,USD,1,116,9.82,BZS,DTC,2024-05-02
|CN|DTCB|BR|mBC|NEU|NEU|Condition|BZS,BZS|TXT|National|A:A|1|EX,USD,3,14,14.83,BZS,DTC,2024-05-02
|CN|DTCB|BR|mBC|NEU|NEU|Condition|BZS,BZS|TXT|National|A:A|1|EX,USD,1,7,11.46,BZS,DTC,2024-05-02
|CN|DTCB|BR|mBC|NEU|NEU|Condition|BZS,BZS|TXT|National|A:A|1|PH,USD,32,276,361.23,BZS,DTC,2024-05-02
|CN|DTCB|BR|mBC|NEU|NEU|Condition|BZS,BZS|TXT|National|A:A|1|PH,USD,7,62,81.92,BZS,DTC,2024-05-02
|CN|DTCB|BR|mBC|NEU|NEU|Core|Alone,Alone|TXT|National|A:A|1|EX,USD,103,708,599.41,BZS,DTC,2024-05-02
|CN|DTCB|BR|mBC|NEU|NEU|Core|Alone,Alone|TXT|National|A:A|1|PH,USD,58,663,656.9,BZS,DTC,2024-05-02
|CN|DTCB|BR|mBC|NEU|NEU|Core|Branded,Alone|TXT|National|A:A|1|EX,USD,0,19,0.0,BZS,DTC,2024-05-02
|CN|DTCB|BR|mBC|NEU|NEU|Core|Branded,Alone|TXT|National|A:A|1|PH,USD,1,18,17.89,BZS,DTC,2024-05-02
|CN|DTCB|BR|mBC|NEU|NEU|Information|Info,Dosing|TXT|National|A:A|1|EX,USD,3,8,21.98,BZS,DTC,2024-05-02
|CN|DTCB|BR|mBC|NEU|NEU|Information|Info,Dosing|TXT|National|A:A|1|PH,USD,1,3,7.6899999999999995,BZS,DTC,2024-05-02
|CN|DTCB|BR|mBC|NEU|NEU|Information|Info,Info|TXT|National|A:A|1|EX,USD,25,87,137.7,BZS,DTC,2024-05-02
|CN|DTCB|BR|mBC|NEU|NEU|Information|Info,Info|TXT|National|A:A|1|PH,USD,0,2,0.0,BZS,DTC,2024-05-02
|CN|DTCB|BR|mBC|NEU|NEU|Information|Info,Resources|TXT|National|A:A|1|EX,USD,0,5,0.0,BZS,DTC,2024-05-02
|CN|DTCB|BR|mBC|NEU|NEU|Information|Info,Results|TXT|National|A:A|1|EX,USD,0,7,0.0,BZS,DTC,2024-05-02
|CN|DTCB|BR|mBC|NEU|NEU|Information|Info,Results|TXT|National|A:A|1|EX,USD,0,3,0.0,BZS,DTC,2024-05-02
|CN|DTCB|BR|mBC|NEU|NEU|Information|Info,Results|TXT|National|A:A|1|PH,USD,3,11,20.28,BZS,DTC,2024-05-02
|CN|DTCB|BR|mBC|NEU|NEU|Information|Info,Results|TXT|National|A:A|1|PH,USD,0,5,0.0,BZS,DTC,2024-05-02
|CN|DTCB|BR|mBC|NEU|NEU|Information|Info,Risk|TXT|National|A:A|1|EX,USD,2,39,13.54,BZS,DTC,2024-05-02
|CN|DTCB|BR|mBC|NEU|NEU|Information|Info,Risk|TXT|National|A:A|1|PH,USD,1,11,6.84,BZS,DTC,2024-05-02
|CN|DTCB|BR|mBC|NEU|NEU|Information|Info,Safety|TXT|National|A:A|1|EX,USD,12,62,80.38,BZS,DTC,2024-05-02
|CN|DTCB|BR|mBC|NEU|NEU|Information|Info,Safety|TXT|National|A:A|1|PH,USD,1,10,10.96,BZS,DTC,2024-05-02
|CN|DTCB|BR|mBC|NEU|NEU|Information|Info,Study|TXT|National|A:A|1|EX,USD,0,5,0.0,BZS,DTC,2024-05-02
|CN|DTCB|BR|mBC|NEU|NEU|Information|Info,Study|TXT|National|A:A|1|PH,USD,0,10,0.0,BZS,DTC,2024-05-02
|CN|DTCB|BR|mBC|NEU|NEU|Information|Info,Treatment|TXT|National|A:A|1|EX,USD,29,102,360.05,BZS,DTC,2024-05-02
|CN|DTCB|BR|mBC|NEU|NEU|Information|Info,Treatment|TXT|National|A:A|1|PH,USD,0,20,0.0,BZS,DTC,2024-05-02
|CN|DTCB|BR|mBC|NEU|NEU|Information|Info,Understanding|TXT|National|A:A|1|EX,USD,0,7,0.0,BZS,DTC,2024-05-02
|CN|DTCB|UB|mBC|NEU|NEU|Condition|BZS Condition,BZS General|TXT|National|A:A|1|EX,USD,2,19,20.62,BZS,DTC,2024-05-02
|CN|DTCB|UB|mBC|NEU|NEU|Condition|BZS Condition,BZS General|TXT|National|A:A|1|EX,USD,0,1,0.0,BZS,DTC,2024-05-02
|CN|DTCB|UB|mBC|NEU|NEU|Condition|BZS Condition,BZS General|TXT|National|A:A|1|PH,USD,1,5,6.6899999999999995,BZS,DTC,2024-05-02
|CN|DTCB|UB|mBC|NEU|NEU|Condition|BZS Condition,BZS General|TXT|National|A:A|1|PH,USD,9,62,110.25,BZS,DTC,2024-05-02
|CN|DTCB|UB|mBC|NEU|NEU|Condition|BZS Condition,BZS general|TXT|National|A:A|1|EX,USD,4,17,14.63,BZS,DTC,2024-05-02
|CN|DTCB|UB|mBC|NEU|NEU|Condition|BZS Condition,BZS general|TXT|National|A:A|1|PH,USD,4,85,22.67,BZS,DTC,2024-05-02
|CN|DTCB|UB|mBC|NEU|NEU|Condition|BZS ITT Condition,BZS general|TXT|National|A:A|1|EX,USD,1,3,10.19,BZS,DTC,2024-05-02
|CN|DTCB|UB|mBC|NEU|NEU|Condition|BZS ITT Condition,BZS general|TXT|National|A:A|1|PH,USD,3,37,28.63,BZS,DTC,2024-05-02
|CN|DTCB|UB|mBC|NEU|NEU|Condition|Condition,Alone|TXT|National|A:A|1|EX,USD,1,46,5.4,BZS,DTC,2024-05-02
|CN|DTCB|UB|mBC|NEU|NEU|Condition|Condition,Alone|TXT|National|A:A|1|PH,USD,9,127,61.32,BZS,DTC,2024-05-02
|CN|DTCB|UB|mBC|NEU|NEU|Core|BZS,BZS|TXT|National|A:A|1|EX,USD,1,7,7.88,BZS,DTC,2024-05-02
|CN|DTCB|UB|mBC|NEU|NEU|Core|BZS,BZS|TXT|National|A:A|1|PH,USD,2,18,17.62,BZS,DTC,2024-05-02
|CN|DTCB|UB|mBC|NEU|NEU|Core|BZS,BZS|TXT|National|A:A|1|PH,USD,2,24,12.97,BZS,DTC,2024-05-02
|CN|DTCB|UB|mBC|NEU|NEU|Core|BZS+,About|TXT|National|A:A|1|EX,USD,1,8,4.66,BZS,DTC,2024-05-02
|CN|DTCB|UB|mBC|NEU|NEU|Core|BZS+,About|TXT|National|A:A|1|PH,USD,0,31,0.0,BZS,DTC,2024-05-02
|CN|DTCB|UB|mBC|NEU|NEU|Core|BZS+,Causes|TXT|National|A:A|1|EX,USD,0,1,0.0,BZS,DTC,2024-05-02
|CN|DTCB|UB|mBC|NEU|NEU|Core|BZS+,Causes|TXT|National|A:A|1|PH,USD,0,6,0.0,BZS,DTC,2024-05-02
|CN|DTCB|UB|mBC|NEU|NEU|Core|BZS+,Medication|TXT|National|A:A|1|PH,USD,1,44,6.51,BZS,DTC,2024-05-02
|CN|DTCB|UB|mBC|NEU|NEU|Core|BZS+,Study|TXT|National|A:A|1|PH,USD,0,19,0.0,BZS,DTC,2024-05-02
|CN|DTCB|UB|mBC|NEU|NEU|Core|BZS+,Symptoms|TXT|National|A:A|1|EX,USD,2,3,12.51,BZS,DTC,2024-05-02
|CN|DTCB|UB|mBC|NEU|NEU|Core|BZS+,Symptoms|TXT|National|A:A|1|PH,USD,0,1,0.0,BZS,DTC,2024-05-02
|CN|DTCB|UB|mBC|NEU|NEU|Core|BZS+,What Is|TXT|National|A:A|1|EX,USD,5,70,27.07,BZS,DTC,2024-05-02
|CN|DTCB|UB|mBC|NEU|NEU|Core|BZS+,What Is|TXT|National|A:A|1|PH,USD,1,22,6.9399999999999995,BZS,DTC,2024-05-02
|CN|DTCB|UB|mBC|NEU|NEU|Information|BZS Info,BZS Info|TXT|National|A:A|1|EX,USD,0,0,0.0,BZS,DTC,2024-05-02
|CN|DTCB|UB|mBC|NEU|NEU|Information|BZS Info,BZS Info|TXT|National|A:A|1|EX,USD,0,4,0.0,BZS,DTC,2024-05-02
|CN|DTCB|UB|mBC|NEU|NEU|Information|BZS Info,BZS Info|TXT|National|A:A|1|EX,USD,0,1,0.0,BZS,DTC,2024-05-02
|CN|DTCB|UB|mBC|NEU|NEU|Information|BZS Info,BZS Info|TXT|National|A:A|1|PH,USD,3,42,12.75,BZS,DTC,2024-05-02
|CN|DTCB|UB|mBC|NEU|NEU|Information|BZS Info,BZS Info|TXT|National|A:A|1|PH,USD,2,21,16.2,BZS,DTC,2024-05-02
|CN|DTCB|UB|mBC|NEU|NEU|Information|BZS Info,BZS Info|TXT|National|A:A|1|PH,USD,1,32,6.59,BZS,DTC,2024-05-02
|CN|DTCB|UB|mBC|NEU|NEU|Resources|BZS Resources,BZS Resources|TXT|National|A:A|1|PH,USD,1,9,5.68,BZS,DTC,2024-05-02
|CN|DTCB|UB|mBC|NEU|NEU|Resources|BZS Resources,BZS Resources|TXT|National|A:A|1|PH,USD,2,1,10.98,BZS,DTC,2024-05-02
|CN|DTCB|UB|mBC|NEU|NEU|Resources|BZS Resources,BZS Safety|TXT|National|A:A|1|PH,USD,0,5,0.0,BZS,DTC,2024-05-02
|CN|DTCB|UB|mBC|NEU|NEU|Resources|BZS Resources,BZS Trial|TXT|National|A:A|1|PH,USD,0,1,0.0,BZS,DTC,2024-05-02
|CN|DTCB|UB|mBC|NEU|NEU|Resources|BZS Resources,BZS Trial|TXT|National|A:A|1|PH,USD,4,24,25.91,BZS,DTC,2024-05-02
|CN|DTCB|UB|mBC|NEU|NEU|Resources|BZS Resources,BZS Trial|TXT|National|A:A|1|PH,USD,1,3,6.99,BZS,DTC,2024-05-02
|CN|DTCB|UB|mBC|NEU|NEU|Resources|BZS Resources,BZS Understanding|TXT|National|A:A|1|EX,USD,1,11,4.74,BZS,DTC,2024-05-02
|CN|DTCB|UB|mBC|NEU|NEU|Resources|BZS Resources,BZS Understanding|TXT|National|A:A|1|PH,USD,0,6,0.0,BZS,DTC,2024-05-02
|CN|DTCB|UB|mBC|NEU|NEU|Treatment|BZS Treatment,BZS Treatment|TXT|National|A:A|1|EX,USD,1,7,6.45,BZS,DTC,2024-05-02
|CN|DTCB|UB|mBC|NEU|NEU|Treatment|BZS Treatment,BZS Treatment|TXT|National|A:A|1|PH,USD,1,27,5.71,BZS,DTC,2024-05-02
|CN|DTCB|UB|mBC|NEU|NEU|Treatment|BZS Treatment,BZS Treatment|TXT|National|A:A|1|PH,USD,0,12,0.0,BZS,DTC,2024-05-02
|CN|DTCB|UB|mBC|NEU|NEU|Treatment|BZS Treatment,BZS Treatment|TXT|National|A:A|1|PH,USD,0,1,0.0,BZS,DTC,2024-05-02
|CN|DTCB|UB|mBC|NEU|NEU|Treatment|Treatment,Management|TXT|National|A:A|1|EX,USD,1,15,5.75,BZS,DTC,2024-05-02
|CN|DTCB|UB|mBC|NEU|NEU|Treatment|Treatment,Management|TXT|National|A:A|1|PH,USD,0,15,0.0,BZS,DTC,2024-05-02
|CN|DTCB|UB|mBC|NEU|NEU|Treatment|Treatment,Side Effects|TXT|National|A:A|1|EX,USD,1,4,3.45,BZS,DTC,2024-05-02
|CN|DTCB|UB|mBC|NEU|NEU|Treatment|Treatment,Side Effects|TXT|National|A:A|1|PH,USD,1,2,3.1,BZS,DTC,2024-05-02
|CN|DTCB|UB|mBC|NEU|NEU|Treatment|Treatment,Therapy|TXT|National|A:A|1|EX,USD,2,3,12.32,BZS,DTC,2024-05-02
|CN|DTCB|UB|mBC|NEU|NEU|Treatment|Treatment,Therapy|TXT|National|A:A|1|PH,USD,0,17,0.0,BZS,DTC,2024-05-02
|CN|DTCB|UB|mBC|NEU|NEU|Treatment|Treatment Priority,Treatment|TXT|National|A:A|1|EX,USD,0,0,0.0,BZS,DTC,2024-05-02
|CN|DTCB|UB|mBC|NEU|NEU|Treatment|Treatment Priority,Treatment|TXT|National|A:A|1|PH,USD,2,25,16.03,BZS,DTC,2024-05-02
|CN|DTCB|BR|mBC|NEU|NEU|Competitive|Competitor,Competitors|TXT|National|A:A|1|EX,USD,3,31,19.65,BZS,DTC,2024-05-03
|CN|DTCB|BR|mBC|NEU|NEU|Competitive|Competitor,Competitors|TXT|National|A:A|1|PH,USD,6,56,35.03,BZS,DTC,2024-05-03
|CN|DTCB|BR|mBC|NEU|NEU|Competitive|Competitor,Competitor|TXT|National|A:A|1|EX,USD,1,43,9.12,BZS,DTC,2024-05-03
|CN|DTCB|BR|mBC|NEU|NEU|Competitive|Competitor,Competitor|TXT|National|A:A|1|PH,USD,1,59,10.77,BZS,DTC,2024-05-03
|CN|DTCB|BR|mBC|NEU|NEU|Condition|BZS,BZS|TXT|National|A:A|1|EX,USD,0,7,0.0,BZS,DTC,2024-05-03
|CN|DTCB|BR|mBC|NEU|NEU|Condition|BZS,BZS|TXT|National|A:A|1|EX,USD,0,2,0.0,BZS,DTC,2024-05-03
|CN|DTCB|BR|mBC|NEU|NEU|Condition|BZS,BZS|TXT|National|A:A|1|PH,USD,14,194,161.35,BZS,DTC,2024-05-03
|CN|DTCB|BR|mBC|NEU|NEU|Condition|BZS,BZS|TXT|National|A:A|1|PH,USD,3,23,42.9,BZS,DTC,2024-05-03
|CN|DTCB|BR|mBC|NEU|NEU|Core|Alone,Alone|TXT|National|A:A|1|EX,USD,41,260,265.17,BZS,DTC,2024-05-03
|CN|DTCB|BR|mBC|NEU|NEU|Core|Alone,Alone|TXT|National|A:A|1|PH,USD,22,339,256.68,BZS,DTC,2024-05-03
|CN|DTCB|BR|mBC|NEU|NEU|Core|Branded,Alone|TXT|National|A:A|1|EX,USD,0,8,0.0,BZS,DTC,2024-05-03
|CN|DTCB|BR|mBC|NEU|NEU|Core|Branded,Alone|TXT|National|A:A|1|PH,USD,0,15,0.0,BZS,DTC,2024-05-03
|CN|DTCB|BR|mBC|NEU|NEU|Information|Info,Dosing|TXT|National|A:A|1|EX,USD,2,3,15.0,BZS,DTC,2024-05-03
|CN|DTCB|BR|mBC|NEU|NEU|Information|Info,Dosing|TXT|National|A:A|1|PH,USD,0,3,0.0,BZS,DTC,2024-05-03
|CN|DTCB|BR|mBC|NEU|NEU|Information|Info,Info|TXT|National|A:A|1|EX,USD,1,18,10.33,BZS,DTC,2024-05-03
|CN|DTCB|BR|mBC|NEU|NEU|Information|Info,Info|TXT|National|A:A|1|PH,USD,0,2,0.0,BZS,DTC,2024-05-03
|CN|DTCB|BR|mBC|NEU|NEU|Information|Info,Resources|TXT|National|A:A|1|EX,USD,1,13,7.89,BZS,DTC,2024-05-03
|CN|DTCB|BR|mBC|NEU|NEU|Information|Info,Resources|TXT|National|A:A|1|PH,USD,0,1,0.0,BZS,DTC,2024-05-03
|CN|DTCB|BR|mBC|NEU|NEU|Information|Info,Results|TXT|National|A:A|1|EX,USD,0,4,0.0,BZS,DTC,2024-05-03
|CN|DTCB|BR|mBC|NEU|NEU|Information|Info,Results|TXT|National|A:A|1|EX,USD,0,1,0.0,BZS,DTC,2024-05-03
|CN|DTCB|BR|mBC|NEU|NEU|Information|Info,Results|TXT|National|A:A|1|PH,USD,0,4,0.0,BZS,DTC,2024-05-03
|CN|DTCB|BR|mBC|NEU|NEU|Information|Info,Results|TXT|National|A:A|1|PH,USD,1,5,12.5,BZS,DTC,2024-05-03
|CN|DTCB|BR|mBC|NEU|NEU|Information|Info,Risk|TXT|National|A:A|1|EX,USD,3,27,19.93,BZS,DTC,2024-05-03
|CN|DTCB|BR|mBC|NEU|NEU|Information|Info,Risk|TXT|National|A:A|1|PH,USD,0,6,0.0,BZS,DTC,2024-05-03
|CN|DTCB|BR|mBC|NEU|NEU|Information|Info,Safety|TXT|National|A:A|1|EX,USD,9,59,63.07,BZS,DTC,2024-05-03
|CN|DTCB|BR|mBC|NEU|NEU|Information|Info,Safety|TXT|National|A:A|1|PH,USD,2,7,21.9,BZS,DTC,2024-05-03
|CN|DTCB|BR|mBC|NEU|NEU|Information|Info,Study|TXT|National|A:A|1|EX,USD,0,10,0.0,BZS,DTC,2024-05-03
|CN|DTCB|BR|mBC|NEU|NEU|Information|Info,Study|TXT|National|A:A|1|PH,USD,0,9,0.0,BZS,DTC,2024-05-03
|CN|DTCB|BR|mBC|NEU|NEU|Information|Info,Treatment|TXT|National|A:A|1|EX,USD,9,54,104.66,BZS,DTC,2024-05-03
|CN|DTCB|BR|mBC|NEU|NEU|Information|Info,Treatment|TXT|National|A:A|1|PH,USD,0,10,0.0,BZS,DTC,2024-05-03
|CN|DTCB|BR|mBC|NEU|NEU|Information|Info,Understanding|TXT|National|A:A|1|EX,USD,0,3,0.0,BZS,DTC,2024-05-03
|CN|DTCB|BR|mBC|NEU|NEU|Information|Info,Understanding|TXT|National|A:A|1|PH,USD,0,1,0.0,BZS,DTC,2024-05-03
|CN|DTCB|UB|mBC|NEU|NEU|Condition|BZS Condition,BZS General|TXT|National|A:A|1|EX,USD,0,0,0.0,BZS,DTC,2024-05-03
|CN|DTCB|UB|mBC|NEU|NEU|Condition|BZS Condition,BZS General|TXT|National|A:A|1|EX,USD,4,45,42.4,BZS,DTC,2024-05-03
|CN|DTCB|UB|mBC|NEU|NEU|Condition|BZS Condition,BZS General|TXT|National|A:A|1|PH,USD,0,5,0.0,BZS,DTC,2024-05-03
|CN|DTCB|UB|mBC|NEU|NEU|Condition|BZS Condition,BZS General|TXT|National|A:A|1|PH,USD,3,123,32.5,BZS,DTC,2024-05-03
|CN|DTCB|UB|mBC|NEU|NEU|Condition|BZS Condition,BZS general|TXT|National|A:A|1|EX,USD,1,14,5.15,BZS,DTC,2024-05-03
|CN|DTCB|UB|mBC|NEU|NEU|Condition|BZS Condition,BZS general|TXT|National|A:A|1|PH,USD,6,57,35.82,BZS,DTC,2024-05-03
|CN|DTCB|UB|mBC|NEU|NEU|Condition|BZS ITT Condition,BZS general|TXT|National|A:A|1|EX,USD,0,1,0.0,BZS,DTC,2024-05-03
|CN|DTCB|UB|mBC|NEU|NEU|Condition|BZS ITT Condition,BZS general|TXT|National|A:A|1|PH,USD,1,15,11.3,BZS,DTC,2024-05-03
|CN|DTCB|UB|mBC|NEU|NEU|Condition|Condition,Alone|TXT|National|A:A|1|EX,USD,2,28,13.85,BZS,DTC,2024-05-03
|CN|DTCB|UB|mBC|NEU|NEU|Condition|Condition,Alone|TXT|National|A:A|1|PH,USD,6,133,40.39,BZS,DTC,2024-05-03
|CN|DTCB|UB|mBC|NEU|NEU|Core|BZS,BZS|TXT|National|A:A|1|EX,USD,0,0,0.0,BZS,DTC,2024-05-03
|CN|DTCB|UB|mBC|NEU|NEU|Core|BZS,BZS|TXT|National|A:A|1|EX,USD,0,3,0.0,BZS,DTC,2024-05-03
|CN|DTCB|UB|mBC|NEU|NEU|Core|BZS,BZS|TXT|National|A:A|1|PH,USD,2,24,12.64,BZS,DTC,2024-05-03
|CN|DTCB|UB|mBC|NEU|NEU|Core|BZS,BZS|TXT|National|A:A|1|PH,USD,2,3,14.16,BZS,DTC,2024-05-03
|CN|DTCB|UB|mBC|NEU|NEU|Core|BZS+,About|TXT|National|A:A|1|EX,USD,0,1,0.0,BZS,DTC,2024-05-03
|CN|DTCB|UB|mBC|NEU|NEU|Core|BZS+,About|TXT|National|A:A|1|PH,USD,2,22,12.82,BZS,DTC,2024-05-03
|CN|DTCB|UB|mBC|NEU|NEU|Core|BZS+,Causes|TXT|National|A:A|1|EX,USD,1,2,7.62,BZS,DTC,2024-05-03
|CN|DTCB|UB|mBC|NEU|NEU|Core|BZS+,Causes|TXT|National|A:A|1|PH,USD,0,9,0.0,BZS,DTC,2024-05-03
|CN|DTCB|UB|mBC|NEU|NEU|Core|BZS+,Medication|TXT|National|A:A|1|PH,USD,4,35,30.25,BZS,DTC,2024-05-03
|CN|DTCB|UB|mBC|NEU|NEU|Core|BZS+,Study|TXT|National|A:A|1|PH,USD,0,3,0.0,BZS,DTC,2024-05-03
|CN|DTCB|UB|mBC|NEU|NEU|Core|BZS+,Symptoms|TXT|National|A:A|1|EX,USD,0,7,0.0,BZS,DTC,2024-05-03
|CN|DTCB|UB|mBC|NEU|NEU|Core|BZS+,Symptoms|TXT|National|A:A|1|PH,USD,0,5,0.0,BZS,DTC,2024-05-03
|CN|DTCB|UB|mBC|NEU|NEU|Core|BZS+,What Is|TXT|National|A:A|1|EX,USD,1,47,6.22,BZS,DTC,2024-05-03
|CN|DTCB|UB|mBC|NEU|NEU|Core|BZS+,What Is|TXT|National|A:A|1|PH,USD,0,21,0.0,BZS,DTC,2024-05-03
|CN|DTCB|UB|mBC|NEU|NEU|Information|BZS Info,BZS Info|TXT|National|A:A|1|EX,USD,0,2,0.0,BZS,DTC,2024-05-03
|CN|DTCB|UB|mBC|NEU|NEU|Information|BZS Info,BZS Info|TXT|National|A:A|1|EX,USD,0,22,0.0,BZS,DTC,2024-05-03
|CN|DTCB|UB|mBC|NEU|NEU|Information|BZS Info,BZS Info|TXT|National|A:A|1|PH,USD,3,19,11.54,BZS,DTC,2024-05-03
|CN|DTCB|UB|mBC|NEU|NEU|Information|BZS Info,BZS Info|TXT|National|A:A|1|PH,USD,1,5,6.04,BZS,DTC,2024-05-03
|CN|DTCB|UB|mBC|NEU|NEU|Information|BZS Info,BZS Info|TXT|National|A:A|1|PH,USD,6,92,40.23,BZS,DTC,2024-05-03
|CN|DTCB|UB|mBC|NEU|NEU|Resources|BZS Resources,BZS Resources|TXT|National|A:A|1|PH,USD,1,8,5.7,BZS,DTC,2024-05-03
|CN|DTCB|UB|mBC|NEU|NEU|Resources|BZS Resources,BZS Resources|TXT|National|A:A|1|PH,USD,1,33,6.43,BZS,DTC,2024-05-03
|CN|DTCB|UB|mBC|NEU|NEU|Resources|BZS Resources,BZS Safety|TXT|National|A:A|1|PH,USD,0,24,0.0,BZS,DTC,2024-05-03
|CN|DTCB|UB|mBC|NEU|NEU|Resources|BZS Resources,BZS Safety|TXT|National|A:A|1|PH,USD,1,4,5.07,BZS,DTC,2024-05-03
|CN|DTCB|UB|mBC|NEU|NEU|Resources|BZS Resources,BZS Trial|TXT|National|A:A|1|PH,USD,0,5,0.0,BZS,DTC,2024-05-03
|CN|DTCB|UB|mBC|NEU|NEU|Resources|BZS Resources,BZS Trial|TXT|National|A:A|1|PH,USD,1,51,6.53,BZS,DTC,2024-05-03
|CN|DTCB|UB|mBC|NEU|NEU|Resources|BZS Resources,BZS Understanding|TXT|National|A:A|1|EX,USD,3,26,14.73,BZS,DTC,2024-05-03
|CN|DTCB|UB|mBC|NEU|NEU|Resources|BZS Resources,BZS Understanding|TXT|National|A:A|1|PH,USD,1,33,4.8100000000000005,BZS,DTC,2024-05-03
|CN|DTCB|UB|mBC|NEU|NEU|Resources|BZS Resources,BZS Understanding|TXT|National|A:A|1|PH,USD,0,2,0.0,BZS,DTC,2024-05-03
|CN|DTCB|UB|mBC|NEU|NEU|Treatment|BZS Treatment,BZS Treatment|TXT|National|A:A|1|EX,USD,0,1,0.0,BZS,DTC,2024-05-03
|CN|DTCB|UB|mBC|NEU|NEU|Treatment|BZS Treatment,BZS Treatment|TXT|National|A:A|1|EX,USD,0,2,0.0,BZS,DTC,2024-05-03
|CN|DTCB|UB|mBC|NEU|NEU|Treatment|BZS Treatment,BZS Treatment|TXT|National|A:A|1|PH,USD,2,10,12.33,BZS,DTC,2024-05-03
|CN|DTCB|UB|mBC|NEU|NEU|Treatment|BZS Treatment,BZS Treatment|TXT|National|A:A|1|PH,USD,2,31,11.38,BZS,DTC,2024-05-03
|CN|DTCB|UB|mBC|NEU|NEU|Treatment|BZS Treatment,BZS Treatment|TXT|National|A:A|1|PH,USD,0,0,0.0,BZS,DTC,2024-05-03
|CN|DTCB|UB|mBC|NEU|NEU|Treatment|Treatment,Management|TXT|National|A:A|1|EX,USD,0,8,0.0,BZS,DTC,2024-05-03
|CN|DTCB|UB|mBC|NEU|NEU|Treatment|Treatment,Management|TXT|National|A:A|1|PH,USD,0,7,0.0,BZS,DTC,2024-05-03
|CN|DTCB|UB|mBC|NEU|NEU|Treatment|Treatment,Side Effects|TXT|National|A:A|1|EX,USD,6,10,24.18,BZS,DTC,2024-05-03
|CN|DTCB|UB|mBC|NEU|NEU|Treatment|Treatment,Side Effects|TXT|National|A:A|1|PH,USD,0,5,0.0,BZS,DTC,2024-05-03
|CN|DTCB|UB|mBC|NEU|NEU|Treatment|Treatment,Therapy|TXT|National|A:A|1|EX,USD,0,1,0.0,BZS,DTC,2024-05-03
|CN|DTCB|UB|mBC|NEU|NEU|Treatment|Treatment,Therapy|TXT|National|A:A|1|PH,USD,0,5,0.0,BZS,DTC,2024-05-03
|CN|DTCB|UB|mBC|NEU|NEU|Treatment|Treatment Priority,Treatment|TXT|National|A:A|1|EX,USD,0,2,0.0,BZS,DTC,2024-05-03
|CN|DTCB|UB|mBC|NEU|NEU|Treatment|Treatment Priority,Treatment|TXT|National|A:A|1|PH,USD,3,17,25.02,BZS,DTC,2024-05-03
|CN|DTCB|BR|mBC|NEU|NEU|Competitive|Competitor,Competitors|TXT|National|A:A|1|EX,USD,2,48,13.79,BZS,DTC,2024-05-04
|CN|DTCB|BR|mBC|NEU|NEU|Competitive|Competitor,Competitors|TXT|National|A:A|1|PH,USD,7,112,40.47,BZS,DTC,2024-05-04
|CN|DTCB|BR|mBC|NEU|NEU|Competitive|Competitor,Competitor|TXT|National|A:A|1|EX,USD,1,91,9.22,BZS,DTC,2024-05-04
|CN|DTCB|BR|mBC|NEU|NEU|Competitive|Competitor,Competitor|TXT|National|A:A|1|PH,USD,2,147,19.18,BZS,DTC,2024-05-04
|CN|DTCB|BR|mBC|NEU|NEU|Condition|BZS,BZS|TXT|National|A:A|1|EX,USD,2,5,14.0,BZS,DTC,2024-05-04
|CN|DTCB|BR|mBC|NEU|NEU|Condition|BZS,BZS|TXT|National|A:A|1|EX,USD,0,4,0.0,BZS,DTC,2024-05-04
|CN|DTCB|BR|mBC|NEU|NEU|Condition|BZS,BZS|TXT|National|A:A|1|PH,USD,13,167,161.19,BZS,DTC,2024-05-04
|CN|DTCB|BR|mBC|NEU|NEU|Condition|BZS,BZS|TXT|National|A:A|1|PH,USD,5,21,65.81,BZS,DTC,2024-05-04
|CN|DTCB|BR|mBC|NEU|NEU|Core|Alone,Alone|TXT|National|A:A|1|EX,USD,48,266,296.16,BZS,DTC,2024-05-04
|CN|DTCB|BR|mBC|NEU|NEU|Core|Alone,Alone|TXT|National|A:A|1|PH,USD,19,313,218.82,BZS,DTC,2024-05-04
|CN|DTCB|BR|mBC|NEU|NEU|Core|Branded,Alone|TXT|National|A:A|1|EX,USD,1,4,12.0,BZS,DTC,2024-05-04
|CN|DTCB|BR|mBC|NEU|NEU|Core|Branded,Alone|TXT|National|A:A|1|PH,USD,7,31,119.91,BZS,DTC,2024-05-04
|CN|DTCB|BR|mBC|NEU|NEU|Information|Info,Dosing|TXT|National|A:A|1|EX,USD,0,8,0.0,BZS,DTC,2024-05-04
|CN|DTCB|BR|mBC|NEU|NEU|Information|Info,Dosing|TXT|National|A:A|1|PH,USD,0,1,0.0,BZS,DTC,2024-05-04
|CN|DTCB|BR|mBC|NEU|NEU|Information|Info,Info|TXT|National|A:A|1|EX,USD,4,20,24.77,BZS,DTC,2024-05-04
|CN|DTCB|BR|mBC|NEU|NEU|Information|Info,Info|TXT|National|A:A|1|PH,USD,0,0,0.0,BZS,DTC,2024-05-04
|CN|DTCB|BR|mBC|NEU|NEU|Information|Info,Resources|TXT|National|A:A|1|EX,USD,1,9,7.87,BZS,DTC,2024-05-04
|CN|DTCB|BR|mBC|NEU|NEU|Information|Info,Results|TXT|National|A:A|1|EX,USD,0,2,0.0,BZS,DTC,2024-05-04
|CN|DTCB|BR|mBC|NEU|NEU|Information|Info,Results|TXT|National|A:A|1|EX,USD,0,1,0.0,BZS,DTC,2024-05-04
|CN|DTCB|BR|mBC|NEU|NEU|Information|Info,Results|TXT|National|A:A|1|PH,USD,0,7,0.0,BZS,DTC,2024-05-04
|CN|DTCB|BR|mBC|NEU|NEU|Information|Info,Results|TXT|National|A:A|1|PH,USD,0,1,0.0,BZS,DTC,2024-05-04
|CN|DTCB|BR|mBC|NEU|NEU|Information|Info,Risk|TXT|National|A:A|1|EX,USD,2,28,13.26,BZS,DTC,2024-05-04
|CN|DTCB|BR|mBC|NEU|NEU|Information|Info,Risk|TXT|National|A:A|1|PH,USD,0,11,0.0,BZS,DTC,2024-05-04
|CN|DTCB|BR|mBC|NEU|NEU|Information|Info,Safety|TXT|National|A:A|1|EX,USD,6,41,46.35,BZS,DTC,2024-05-04
|CN|DTCB|BR|mBC|NEU|NEU|Information|Info,Safety|TXT|National|A:A|1|PH,USD,0,5,0.0,BZS,DTC,2024-05-04
|CN|DTCB|BR|mBC|NEU|NEU|Information|Info,Study|TXT|National|A:A|1|EX,USD,0,3,0.0,BZS,DTC,2024-05-04
|CN|DTCB|BR|mBC|NEU|NEU|Information|Info,Study|TXT|National|A:A|1|PH,USD,1,10,10.12,BZS,DTC,2024-05-04
|CN|DTCB|BR|mBC|NEU|NEU|Information|Info,Treatment|TXT|National|A:A|1|EX,USD,9,38,116.18,BZS,DTC,2024-05-04
|CN|DTCB|BR|mBC|NEU|NEU|Information|Info,Treatment|TXT|National|A:A|1|PH,USD,1,8,10.84,BZS,DTC,2024-05-04
|CN|DTCB|BR|mBC|NEU|NEU|Information|Info,Understanding|TXT|National|A:A|1|EX,USD,1,4,10.88,BZS,DTC,2024-05-04
|CN|DTCB|BR|mBC|NEU|NEU|Information|Info,Understanding|TXT|National|A:A|1|PH,USD,0,0,0.0,BZS,DTC,2024-05-04
|CN|DTCB|UB|mBC|NEU|NEU|Condition|BZS Condition,BZS General|TXT|National|A:A|1|EX,USD,3,35,31.37,BZS,DTC,2024-05-04
|CN|DTCB|UB|mBC|NEU|NEU|Condition|BZS Condition,BZS General|TXT|National|A:A|1|PH,USD,0,1,0.0,BZS,DTC,2024-05-04
|CN|DTCB|UB|mBC|NEU|NEU|Condition|BZS Condition,BZS General|TXT|National|A:A|1|PH,USD,12,79,127.14,BZS,DTC,2024-05-04
|CN|DTCB|UB|mBC|NEU|NEU|Condition|BZS Condition,BZS general|TXT|National|A:A|1|EX,USD,1,12,3.68,BZS,DTC,2024-05-04
|CN|DTCB|UB|mBC|NEU|NEU|Condition|BZS Condition,BZS general|TXT|National|A:A|1|PH,USD,7,93,31.55,BZS,DTC,2024-05-04
|CN|DTCB|UB|mBC|NEU|NEU|Condition|BZS ITT Condition,BZS general|TXT|National|A:A|1|EX,USD,0,1,0.0,BZS,DTC,2024-05-04
|CN|DTCB|UB|mBC|NEU|NEU|Condition|BZS ITT Condition,BZS general|TXT|National|A:A|1|PH,USD,2,13,19.2,BZS,DTC,2024-05-04
|CN|DTCB|UB|mBC|NEU|NEU|Condition|Condition,Alone|TXT|National|A:A|1|EX,USD,1,16,7.0,BZS,DTC,2024-05-04
|CN|DTCB|UB|mBC|NEU|NEU|Condition|Condition,Alone|TXT|National|A:A|1|PH,USD,5,85,32.27,BZS,DTC,2024-05-04
|CN|DTCB|UB|mBC|NEU|NEU|Core|BZS,BZS|TXT|National|A:A|1|EX,USD,0,2,0.0,BZS,DTC,2024-05-04
|CN|DTCB|UB|mBC|NEU|NEU|Core|BZS,BZS|TXT|National|A:A|1|EX,USD,0,10,0.0,BZS,DTC,2024-05-04
|CN|DTCB|UB|mBC|NEU|NEU|Core|BZS,BZS|TXT|National|A:A|1|PH,USD,0,15,0.0,BZS,DTC,2024-05-04
|CN|DTCB|UB|mBC|NEU|NEU|Core|BZS,BZS|TXT|National|A:A|1|PH,USD,0,9,0.0,BZS,DTC,2024-05-04
|CN|DTCB|UB|mBC|NEU|NEU|Core|BZS+,About|TXT|National|A:A|1|PH,USD,0,40,0.0,BZS,DTC,2024-05-04
|CN|DTCB|UB|mBC|NEU|NEU|Core|BZS+,Causes|TXT|National|A:A|1|EX,USD,0,1,0.0,BZS,DTC,2024-05-04
|CN|DTCB|UB|mBC|NEU|NEU|Core|BZS+,Causes|TXT|National|A:A|1|PH,USD,1,9,10.54,BZS,DTC,2024-05-04
|CN|DTCB|UB|mBC|NEU|NEU|Core|BZS+,Medication|TXT|National|A:A|1|PH,USD,1,33,8.2,BZS,DTC,2024-05-04
|CN|DTCB|UB|mBC|NEU|NEU|Core|BZS+,Study|TXT|National|A:A|1|PH,USD,0,17,0.0,BZS,DTC,2024-05-04
|CN|DTCB|UB|mBC|NEU|NEU|Core|BZS+,Symptoms|TXT|National|A:A|1|EX,USD,1,7,6.54,BZS,DTC,2024-05-04
|CN|DTCB|UB|mBC|NEU|NEU|Core|BZS+,Symptoms|TXT|National|A:A|1|PH,USD,0,29,0.0,BZS,DTC,2024-05-04
|CN|DTCB|UB|mBC|NEU|NEU|Core|BZS+,What Is|TXT|National|A:A|1|EX,USD,3,50,16.7,BZS,DTC,2024-05-04
|CN|DTCB|UB|mBC|NEU|NEU|Core|BZS+,What Is|TXT|National|A:A|1|PH,USD,1,41,7.47,BZS,DTC,2024-05-04
|CN|DTCB|UB|mBC|NEU|NEU|Information|BZS Info,BZS Info|TXT|National|A:A|1|EX,USD,0,6,0.0,BZS,DTC,2024-05-04
|CN|DTCB|UB|mBC|NEU|NEU|Information|BZS Info,BZS Info|TXT|National|A:A|1|EX,USD,0,44,0.0,BZS,DTC,2024-05-04
|CN|DTCB|UB|mBC|NEU|NEU|Information|BZS Info,BZS Info|TXT|National|A:A|1|PH,USD,5,128,39.89,BZS,DTC,2024-05-04
|CN|DTCB|UB|mBC|NEU|NEU|Information|BZS Info,BZS Info|TXT|National|A:A|1|PH,USD,4,56,15.5,BZS,DTC,2024-05-04
|CN|DTCB|UB|mBC|NEU|NEU|Information|BZS Info,BZS Info|TXT|National|A:A|1|PH,USD,0,3,0.0,BZS,DTC,2024-05-04
|CN|DTCB|UB|mBC|NEU|NEU|Resources|BZS Resources,BZS Resources|TXT|National|A:A|1|PH,USD,0,11,0.0,BZS,DTC,2024-05-04
|CN|DTCB|UB|mBC|NEU|NEU|Resources|BZS Resources,BZS Resources|TXT|National|A:A|1|PH,USD,1,2,6.42,BZS,DTC,2024-05-04
|CN|DTCB|UB|mBC|NEU|NEU|Resources|BZS Resources,BZS Safety|TXT|National|A:A|1|PH,USD,2,11,11.97,BZS,DTC,2024-05-04
|CN|DTCB|UB|mBC|NEU|NEU|Resources|BZS Resources,BZS Safety|TXT|National|A:A|1|PH,USD,1,1,3.65,BZS,DTC,2024-05-04
|CN|DTCB|UB|mBC|NEU|NEU|Resources|BZS Resources,BZS Trial|TXT|National|A:A|1|PH,USD,3,40,16.99,BZS,DTC,2024-05-04
|CN|DTCB|UB|mBC|NEU|NEU|Resources|BZS Resources,BZS Understanding|TXT|National|A:A|1|EX,USD,0,13,0.0,BZS,DTC,2024-05-04
|CN|DTCB|UB|mBC|NEU|NEU|Resources|BZS Resources,BZS Understanding|TXT|National|A:A|1|PH,USD,2,18,9.99,BZS,DTC,2024-05-04
|CN|DTCB|UB|mBC|NEU|NEU|Treatment|BZS Treatment,BZS Treatment|TXT|National|A:A|1|EX,USD,0,0,0.0,BZS,DTC,2024-05-04
|CN|DTCB|UB|mBC|NEU|NEU|Treatment|BZS Treatment,BZS Treatment|TXT|National|A:A|1|EX,USD,0,2,0.0,BZS,DTC,2024-05-04
|CN|DTCB|UB|mBC|NEU|NEU|Treatment|BZS Treatment,BZS Treatment|TXT|National|A:A|1|PH,USD,0,1,0.0,BZS,DTC,2024-05-04
|CN|DTCB|UB|mBC|NEU|NEU|Treatment|BZS Treatment,BZS Treatment|TXT|National|A:A|1|PH,USD,2,28,9.96,BZS,DTC,2024-05-04
|CN|DTCB|UB|mBC|NEU|NEU|Treatment|BZS Treatment,BZS Treatment|TXT|National|A:A|1|PH,USD,0,9,0.0,BZS,DTC,2024-05-04
|CN|DTCB|UB|mBC|NEU|NEU|Treatment|Treatment,Management|TXT|National|A:A|1|EX,USD,0,5,0.0,BZS,DTC,2024-05-04
|CN|DTCB|UB|mBC|NEU|NEU|Treatment|Treatment,Management|TXT|National|A:A|1|PH,USD,0,1,0.0,BZS,DTC,2024-05-04
|CN|DTCB|UB|mBC|NEU|NEU|Treatment|Treatment,Side Effects|TXT|National|A:A|1|EX,USD,0,3,0.0,BZS,DTC,2024-05-04
|CN|DTCB|UB|mBC|NEU|NEU|Treatment|Treatment,Side Effects|TXT|National|A:A|1|PH,USD,3,9,10.44,BZS,DTC,2024-05-04
|CN|DTCB|UB|mBC|NEU|NEU|Treatment|Treatment Priority,Treatment|TXT|National|A:A|1|EX,USD,0,5,0.0,BZS,DTC,2024-05-04
|CN|DTCB|UB|mBC|NEU|NEU|Treatment|Treatment Priority,Treatment|TXT|National|A:A|1|PH,USD,3,130,18.0,BZS,DTC,2024-05-04
|CN|DTCB|BR|mBC|NEU|NEU|Competitive|Competitor,Competitors|TXT|National|A:A|1|EX,USD,2,56,11.26,BZS,DTC,2024-05-05
|CN|DTCB|BR|mBC|NEU|NEU|Competitive|Competitor,Competitors|TXT|National|A:A|1|PH,USD,8,105,47.04,BZS,DTC,2024-05-05
|CN|DTCB|BR|mBC|NEU|NEU|Competitive|Competitor,Competitor|TXT|National|A:A|1|EX,USD,1,144,5.4,BZS,DTC,2024-05-05
|CN|DTCB|BR|mBC|NEU|NEU|Competitive|Competitor,Competitor|TXT|National|A:A|1|PH,USD,2,125,21.89,BZS,DTC,2024-05-05
|CN|DTCB|BR|mBC|NEU|NEU|Condition|BZS,BZS|TXT|National|A:A|1|EX,USD,0,15,0.0,BZS,DTC,2024-05-05
|CN|DTCB|BR|mBC|NEU|NEU|Condition|BZS,BZS|TXT|National|A:A|1|EX,USD,0,5,0.0,BZS,DTC,2024-05-05
|CN|DTCB|BR|mBC|NEU|NEU|Condition|BZS,BZS|TXT|National|A:A|1|PH,USD,23,300,271.02,BZS,DTC,2024-05-05
|CN|DTCB|BR|mBC|NEU|NEU|Condition|BZS,BZS|TXT|National|A:A|1|PH,USD,4,91,69.44,BZS,DTC,2024-05-05
|CN|DTCB|BR|mBC|NEU|NEU|Core|Alone,Alone|TXT|National|A:A|1|EX,USD,133,769,822.57,BZS,DTC,2024-05-05
|CN|DTCB|BR|mBC|NEU|NEU|Core|Alone,Alone|TXT|National|A:A|1|PH,USD,40,762,449.11,BZS,DTC,2024-05-05
|CN|DTCB|BR|mBC|NEU|NEU|Core|Branded,Alone|TXT|National|A:A|1|EX,USD,1,13,8.94,BZS,DTC,2024-05-05
|CN|DTCB|BR|mBC|NEU|NEU|Core|Branded,Alone|TXT|National|A:A|1|PH,USD,8,54,136.86,BZS,DTC,2024-05-05
|CN|DTCB|BR|mBC|NEU|NEU|Information|Info,Dosing|TXT|National|A:A|1|EX,USD,0,10,0.0,BZS,DTC,2024-05-05
|CN|DTCB|BR|mBC|NEU|NEU|Information|Info,Dosing|TXT|National|A:A|1|PH,USD,1,9,7.73,BZS,DTC,2024-05-05
|CN|DTCB|BR|mBC|NEU|NEU|Information|Info,Info|TXT|National|A:A|1|EX,USD,33,94,198.24,BZS,DTC,2024-05-05
|CN|DTCB|BR|mBC|NEU|NEU|Information|Info,Info|TXT|National|A:A|1|PH,USD,1,2,10.69,BZS,DTC,2024-05-05
|CN|DTCB|BR|mBC|NEU|NEU|Information|Info,Resources|TXT|National|A:A|1|EX,USD,4,18,27.16,BZS,DTC,2024-05-05
|CN|DTCB|BR|mBC|NEU|NEU|Information|Info,Results|TXT|National|A:A|1|EX,USD,2,9,16.53,BZS,DTC,2024-05-05
|CN|DTCB|BR|mBC|NEU|NEU|Information|Info,Results|TXT|National|A:A|1|EX,USD,0,2,0.0,BZS,DTC,2024-05-05
|CN|DTCB|BR|mBC|NEU|NEU|Information|Info,Results|TXT|National|A:A|1|PH,USD,0,6,0.0,BZS,DTC,2024-05-05
|CN|DTCB|BR|mBC|NEU|NEU|Information|Info,Results|TXT|National|A:A|1|PH,USD,0,2,0.0,BZS,DTC,2024-05-05
|CN|DTCB|BR|mBC|NEU|NEU|Information|Info,Risk|TXT|National|A:A|1|EX,USD,4,30,30.44,BZS,DTC,2024-05-05
|CN|DTCB|BR|mBC|NEU|NEU|Information|Info,Risk|TXT|National|A:A|1|PH,USD,0,14,0.0,BZS,DTC,2024-05-05
|CN|DTCB|BR|mBC|NEU|NEU|Information|Info,Safety|TXT|National|A:A|1|EX,USD,10,73,77.39,BZS,DTC,2024-05-05
|CN|DTCB|BR|mBC|NEU|NEU|Information|Info,Safety|TXT|National|A:A|1|PH,USD,1,7,8.72,BZS,DTC,2024-05-05
|CN|DTCB|BR|mBC|NEU|NEU|Information|Info,Study|TXT|National|A:A|1|EX,USD,0,11,0.0,BZS,DTC,2024-05-05
|CN|DTCB|BR|mBC|NEU|NEU|Information|Info,Study|TXT|National|A:A|1|PH,USD,0,10,0.0,BZS,DTC,2024-05-05
|CN|DTCB|BR|mBC|NEU|NEU|Information|Info,Treatment|TXT|National|A:A|1|EX,USD,17,103,196.25,BZS,DTC,2024-05-05
|CN|DTCB|BR|mBC|NEU|NEU|Information|Info,Treatment|TXT|National|A:A|1|PH,USD,0,24,0.0,BZS,DTC,2024-05-05
|CN|DTCB|BR|mBC|NEU|NEU|Information|Info,Understanding|TXT|National|A:A|1|EX,USD,1,14,5.5,BZS,DTC,2024-05-05
|CN|DTCB|BR|mBC|NEU|NEU|Information|Info,Understanding|TXT|National|A:A|1|PH,USD,0,0,0.0,BZS,DTC,2024-05-05
|CN|DTCB|UB|mBC|NEU|NEU|Condition|BZS Condition,BZS General|TXT|National|A:A|1|EX,USD,0,0,0.0,BZS,DTC,2024-05-05
|CN|DTCB|UB|mBC|NEU|NEU|Condition|BZS Condition,BZS General|TXT|National|A:A|1|EX,USD,6,52,66.68,BZS,DTC,2024-05-05
|CN|DTCB|UB|mBC|NEU|NEU|Condition|BZS Condition,BZS General|TXT|National|A:A|1|PH,USD,0,5,0.0,BZS,DTC,2024-05-05
|CN|DTCB|UB|mBC|NEU|NEU|Condition|BZS Condition,BZS General|TXT|National|A:A|1|PH,USD,6,120,67.13,BZS,DTC,2024-05-05
|CN|DTCB|UB|mBC|NEU|NEU|Condition|BZS Condition,BZS general|TXT|National|A:A|1|EX,USD,0,18,0.0,BZS,DTC,2024-05-05
|CN|DTCB|UB|mBC|NEU|NEU|Condition|BZS Condition,BZS general|TXT|National|A:A|1|PH,USD,9,82,40.68,BZS,DTC,2024-05-05
|CN|DTCB|UB|mBC|NEU|NEU|Condition|BZS ITT Condition,BZS general|TXT|National|A:A|1|EX,USD,0,2,0.0,BZS,DTC,2024-05-05
|CN|DTCB|UB|mBC|NEU|NEU|Condition|BZS ITT Condition,BZS general|TXT|National|A:A|1|PH,USD,3,15,20.73,BZS,DTC,2024-05-05
|CN|DTCB|UB|mBC|NEU|NEU|Condition|Condition,Alone|TXT|National|A:A|1|EX,USD,3,41,19.73,BZS,DTC,2024-05-05
|CN|DTCB|UB|mBC|NEU|NEU|Condition|Condition,Alone|TXT|National|A:A|1|PH,USD,7,106,47.61,BZS,DTC,2024-05-05
|CN|DTCB|UB|mBC|NEU|NEU|Core|BZS,BZS|TXT|National|A:A|1|EX,USD,0,1,0.0,BZS,DTC,2024-05-05
|CN|DTCB|UB|mBC|NEU|NEU|Core|BZS,BZS|TXT|National|A:A|1|EX,USD,1,13,7.14,BZS,DTC,2024-05-05
|CN|DTCB|UB|mBC|NEU|NEU|Core|BZS,BZS|TXT|National|A:A|1|PH,USD,0,38,0.0,BZS,DTC,2024-05-05
|CN|DTCB|UB|mBC|NEU|NEU|Core|BZS,BZS|TXT|National|A:A|1|PH,USD,1,29,6.8100000000000005,BZS,DTC,2024-05-05
|CN|DTCB|UB|mBC|NEU|NEU|Core|BZS+,About|TXT|National|A:A|1|EX,USD,1,7,4.93,BZS,DTC,2024-05-05
|CN|DTCB|UB|mBC|NEU|NEU|Core|BZS+,About|TXT|National|A:A|1|PH,USD,0,28,0.0,BZS,DTC,2024-05-05
|CN|DTCB|UB|mBC|NEU|NEU|Core|BZS+,Causes|TXT|National|A:A|1|PH,USD,0,5,0.0,BZS,DTC,2024-05-05
|CN|DTCB|UB|mBC|NEU|NEU|Core|BZS+,Information|TXT|National|A:A|1|PH,USD,0,7,0.0,BZS,DTC,2024-05-05
|CN|DTCB|UB|mBC|NEU|NEU|Core|BZS+,Medication|TXT|National|A:A|1|PH,USD,1,56,6.72,BZS,DTC,2024-05-05
|CN|DTCB|UB|mBC|NEU|NEU|Core|BZS+,Study|TXT|National|A:A|1|PH,USD,1,25,6.23,BZS,DTC,2024-05-05
|CN|DTCB|UB|mBC|NEU|NEU|Core|BZS+,Symptoms|TXT|National|A:A|1|EX,USD,0,2,0.0,BZS,DTC,2024-05-05
|CN|DTCB|UB|mBC|NEU|NEU|Core|BZS+,Symptoms|TXT|National|A:A|1|PH,USD,1,29,6.37,BZS,DTC,2024-05-05
|CN|DTCB|UB|mBC|NEU|NEU|Core|BZS+,What Is|TXT|National|A:A|1|EX,USD,4,28,23.53,BZS,DTC,2024-05-05
|CN|DTCB|UB|mBC|NEU|NEU|Core|BZS+,What Is|TXT|National|A:A|1|PH,USD,2,26,12.94,BZS,DTC,2024-05-05
|CN|DTCB|UB|mBC|NEU|NEU|Information|BZS Info,BZS Info|TXT|National|A:A|1|EX,USD,0,14,0.0,BZS,DTC,2024-05-05
|CN|DTCB|UB|mBC|NEU|NEU|Information|BZS Info,BZS Info|TXT|National|A:A|1|EX,USD,1,7,7.09,BZS,DTC,2024-05-05
|CN|DTCB|UB|mBC|NEU|NEU|Information|BZS Info,BZS Info|TXT|National|A:A|1|PH,USD,3,39,12.94,BZS,DTC,2024-05-05
|CN|DTCB|UB|mBC|NEU|NEU|Information|BZS Info,BZS Info|TXT|National|A:A|1|PH,USD,3,19,19.33,BZS,DTC,2024-05-05
|CN|DTCB|UB|mBC|NEU|NEU|Information|BZS Info,BZS Info|TXT|National|A:A|1|PH,USD,5,34,36.63,BZS,DTC,2024-05-05
|CN|DTCB|UB|mBC|NEU|NEU|Resources|BZS Resources,BZS Resources|TXT|National|A:A|1|PH,USD,1,24,5.9,BZS,DTC,2024-05-05
|CN|DTCB|UB|mBC|NEU|NEU|Resources|BZS Resources,BZS Resources|TXT|National|A:A|1|PH,USD,0,11,0.0,BZS,DTC,2024-05-05
|CN|DTCB|UB|mBC|NEU|NEU|Resources|BZS Resources,BZS Safety|TXT|National|A:A|1|PH,USD,0,20,0.0,BZS,DTC,2024-05-05
|CN|DTCB|UB|mBC|NEU|NEU|Resources|BZS Resources,BZS Safety|TXT|National|A:A|1|PH,USD,0,2,0.0,BZS,DTC,2024-05-05
|CN|DTCB|UB|mBC|NEU|NEU|Resources|BZS Resources,BZS Trial|TXT|National|A:A|1|PH,USD,0,2,0.0,BZS,DTC,2024-05-05
|CN|DTCB|UB|mBC|NEU|NEU|Resources|BZS Resources,BZS Trial|TXT|National|A:A|1|PH,USD,1,39,5.0,BZS,DTC,2024-05-05
|CN|DTCB|UB|mBC|NEU|NEU|Resources|BZS Resources,BZS Trial|TXT|National|A:A|1|PH,USD,1,4,5.39,BZS,DTC,2024-05-05
|CN|DTCB|UB|mBC|NEU|NEU|Resources|BZS Resources,BZS Understanding|TXT|National|A:A|1|EX,USD,4,24,19.29,BZS,DTC,2024-05-05
|CN|DTCB|UB|mBC|NEU|NEU|Resources|BZS Resources,BZS Understanding|TXT|National|A:A|1|PH,USD,2,25,10.16,BZS,DTC,2024-05-05
|CN|DTCB|UB|mBC|NEU|NEU|Resources|BZS Resources,BZS Understanding|TXT|National|A:A|1|PH,USD,0,5,0.0,BZS,DTC,2024-05-05
|CN|DTCB|UB|mBC|NEU|NEU|Treatment|BZS Treatment,BZS Treatment|TXT|National|A:A|1|EX,USD,1,7,6.27,BZS,DTC,2024-05-05
|CN|DTCB|UB|mBC|NEU|NEU|Treatment|BZS Treatment,BZS Treatment|TXT|National|A:A|1|EX,USD,0,0,0.0,BZS,DTC,2024-05-05
|CN|DTCB|UB|mBC|NEU|NEU|Treatment|BZS Treatment,BZS Treatment|TXT|National|A:A|1|PH,USD,2,25,11.41,BZS,DTC,2024-05-05
|CN|DTCB|UB|mBC|NEU|NEU|Treatment|BZS Treatment,BZS Treatment|TXT|National|A:A|1|PH,USD,1,50,6.73,BZS,DTC,2024-05-05
|CN|DTCB|UB|mBC|NEU|NEU|Treatment|BZS Treatment,BZS Treatment|TXT|National|A:A|1|PH,USD,0,2,0.0,BZS,DTC,2024-05-05
|CN|DTCB|UB|mBC|NEU|NEU|Treatment|Treatment,Management|TXT|National|A:A|1|EX,USD,2,25,13.44,BZS,DTC,2024-05-05
|CN|DTCB|UB|mBC|NEU|NEU|Treatment|Treatment,Management|TXT|National|A:A|1|PH,USD,1,21,7.09,BZS,DTC,2024-05-05
|CN|DTCB|UB|mBC|NEU|NEU|Treatment|Treatment,Side Effects|TXT|National|A:A|1|EX,USD,1,7,4.36,BZS,DTC,2024-05-05
|CN|DTCB|UB|mBC|NEU|NEU|Treatment|Treatment,Side Effects|TXT|National|A:A|1|PH,USD,1,12,1.51,BZS,DTC,2024-05-05
|CN|DTCB|UB|mBC|NEU|NEU|Treatment|Treatment,Therapy|TXT|National|A:A|1|EX,USD,1,5,6.18,BZS,DTC,2024-05-05
|CN|DTCB|UB|mBC|NEU|NEU|Treatment|Treatment,Therapy|TXT|National|A:A|1|PH,USD,3,15,21.23,BZS,DTC,2024-05-05
|CN|DTCB|UB|mBC|NEU|NEU|Treatment|Treatment Priority,Treatment|TXT|National|A:A|1|EX,USD,0,2,0.0,BZS,DTC,2024-05-05
|CN|DTCB|UB|mBC|NEU|NEU|Treatment|Treatment Priority,Treatment|TXT|National|A:A|1|PH,USD,3,55,17.48,BZS,DTC,2024-05-05
|CN|DTCB|BR|mBC|NEU|NEU|Competitive|Competitor,Competitors|TXT|National|A:A|1|EX,USD,4,88,22.8,BZS,DTC,2024-05-06
|CN|DTCB|BR|mBC|NEU|NEU|Competitive|Competitor,Competitors|TXT|National|A:A|1|PH,USD,6,100,33.98,BZS,DTC,2024-05-06
|CN|DTCB|BR|mBC|NEU|NEU|Competitive|Competitor,Competitor|TXT|National|A:A|1|EX,USD,1,31,10.34,BZS,DTC,2024-05-06
|CN|DTCB|BR|mBC|NEU|NEU|Competitive|Competitor,Competitor|TXT|National|A:A|1|PH,USD,1,40,14.49,BZS,DTC,2024-05-06
|CN|DTCB|BR|mBC|NEU|NEU|Condition|BZS,BZS|TXT|National|A:A|1|EX,USD,1,12,6.35,BZS,DTC,2024-05-06
|CN|DTCB|BR|mBC|NEU|NEU|Condition|BZS,BZS|TXT|National|A:A|1|EX,USD,0,6,0.0,BZS,DTC,2024-05-06
|CN|DTCB|BR|mBC|NEU|NEU|Condition|BZS,BZS|TXT|National|A:A|1|PH,USD,27,310,308.09,BZS,DTC,2024-05-06
|CN|DTCB|BR|mBC|NEU|NEU|Condition|BZS,BZS|TXT|National|A:A|1|PH,USD,3,83,42.23,BZS,DTC,2024-05-06
|CN|DTCB|BR|mBC|NEU|NEU|Core|Alone,Alone|TXT|National|A:A|1|EX,USD,106,753,654.2,BZS,DTC,2024-05-06
|CN|DTCB|BR|mBC|NEU|NEU|Core|Alone,Alone|TXT|National|A:A|1|PH,USD,43,768,459.21,BZS,DTC,2024-05-06
|CN|DTCB|BR|mBC|NEU|NEU|Core|Branded,Alone|TXT|National|A:A|1|EX,USD,1,32,17.84,BZS,DTC,2024-05-06
|CN|DTCB|BR|mBC|NEU|NEU|Core|Branded,Alone|TXT|National|A:A|1|PH,USD,4,67,69.83,BZS,DTC,2024-05-06
|CN|DTCB|BR|mBC|NEU|NEU|Information|Info,Dosing|TXT|National|A:A|1|EX,USD,3,17,21.07,BZS,DTC,2024-05-06
|CN|DTCB|BR|mBC|NEU|NEU|Information|Info,Dosing|TXT|National|A:A|1|PH,USD,0,6,0.0,BZS,DTC,2024-05-06
|CN|DTCB|BR|mBC|NEU|NEU|Information|Info,Info|TXT|National|A:A|1|EX,USD,20,104,121.01,BZS,DTC,2024-05-06
|CN|DTCB|BR|mBC|NEU|NEU|Information|Info,Info|TXT|National|A:A|1|PH,USD,0,3,0.0,BZS,DTC,2024-05-06
|CN|DTCB|BR|mBC|NEU|NEU|Information|Info,Resources|TXT|National|A:A|1|EX,USD,2,21,13.33,BZS,DTC,2024-05-06
|CN|DTCB|BR|mBC|NEU|NEU|Information|Info,Resources|TXT|National|A:A|1|PH,USD,0,6,0.0,BZS,DTC,2024-05-06
|CN|DTCB|BR|mBC|NEU|NEU|Information|Info,Results|TXT|National|A:A|1|EX,USD,0,5,0.0,BZS,DTC,2024-05-06
|CN|DTCB|BR|mBC|NEU|NEU|Information|Info,Results|TXT|National|A:A|1|EX,USD,0,2,0.0,BZS,DTC,2024-05-06
|CN|DTCB|BR|mBC|NEU|NEU|Information|Info,Results|TXT|National|A:A|1|PH,USD,0,9,0.0,BZS,DTC,2024-05-06
|CN|DTCB|BR|mBC|NEU|NEU|Information|Info,Results|TXT|National|A:A|1|PH,USD,0,8,0.0,BZS,DTC,2024-05-06
|CN|DTCB|BR|mBC|NEU|NEU|Information|Info,Risk|TXT|National|A:A|1|EX,USD,5,33,38.23,BZS,DTC,2024-05-06
|CN|DTCB|BR|mBC|NEU|NEU|Information|Info,Risk|TXT|National|A:A|1|PH,USD,0,12,0.0,BZS,DTC,2024-05-06
|CN|DTCB|BR|mBC|NEU|NEU|Information|Info,Safety|TXT|National|A:A|1|EX,USD,7,65,46.93,BZS,DTC,2024-05-06
|CN|DTCB|BR|mBC|NEU|NEU|Information|Info,Safety|TXT|National|A:A|1|PH,USD,0,5,0.0,BZS,DTC,2024-05-06
|CN|DTCB|BR|mBC|NEU|NEU|Information|Info,Study|TXT|National|A:A|1|EX,USD,0,9,0.0,BZS,DTC,2024-05-06
|CN|DTCB|BR|mBC|NEU|NEU|Information|Info,Study|TXT|National|A:A|1|PH,USD,0,12,0.0,BZS,DTC,2024-05-06
|CN|DTCB|BR|mBC|NEU|NEU|Information|Info,Treatment|TXT|National|A:A|1|EX,USD,18,83,200.14,BZS,DTC,2024-05-06
|CN|DTCB|BR|mBC|NEU|NEU|Information|Info,Treatment|TXT|National|A:A|1|PH,USD,2,22,21.83,BZS,DTC,2024-05-06
|CN|DTCB|BR|mBC|NEU|NEU|Information|Info,Understanding|TXT|National|A:A|1|EX,USD,0,14,0.0,BZS,DTC,2024-05-06
|CN|DTCB|BR|mBC|NEU|NEU|Information|Info,Understanding|TXT|National|A:A|1|PH,USD,0,2,0.0,BZS,DTC,2024-05-06
|CN|DTCB|UB|mBC|NEU|NEU|Condition|BZS Condition,BZS General|TXT|National|A:A|1|EX,USD,0,1,0.0,BZS,DTC,2024-05-06
|CN|DTCB|UB|mBC|NEU|NEU|Condition|BZS Condition,BZS General|TXT|National|A:A|1|EX,USD,5,55,50.18,BZS,DTC,2024-05-06
|CN|DTCB|UB|mBC|NEU|NEU|Condition|BZS Condition,BZS General|TXT|National|A:A|1|PH,USD,1,6,5.49,BZS,DTC,2024-05-06
|CN|DTCB|UB|mBC|NEU|NEU|Condition|BZS Condition,BZS General|TXT|National|A:A|1|PH,USD,6,177,69.23,BZS,DTC,2024-05-06
|CN|DTCB|UB|mBC|NEU|NEU|Condition|BZS Condition,BZS general|TXT|National|A:A|1|EX,USD,1,14,3.57,BZS,DTC,2024-05-06
|CN|DTCB|UB|mBC|NEU|NEU|Condition|BZS Condition,BZS general|TXT|National|A:A|1|PH,USD,8,64,40.65,BZS,DTC,2024-05-06
|CN|DTCB|UB|mBC|NEU|NEU|Condition|BZS ITT Condition,BZS general|TXT|National|A:A|1|EX,USD,1,1,11.67,BZS,DTC,2024-05-06
|CN|DTCB|UB|mBC|NEU|NEU|Condition|BZS ITT Condition,BZS general|TXT|National|A:A|1|PH,USD,1,14,6.44,BZS,DTC,2024-05-06
|CN|DTCB|UB|mBC|NEU|NEU|Condition|Condition,Alone|TXT|National|A:A|1|EX,USD,2,31,13.22,BZS,DTC,2024-05-06
|CN|DTCB|UB|mBC|NEU|NEU|Condition|Condition,Alone|TXT|National|A:A|1|PH,USD,6,108,40.93,BZS,DTC,2024-05-06
|CN|DTCB|UB|mBC|NEU|NEU|Core|BZS,BZS|TXT|National|A:A|1|EX,USD,0,2,0.0,BZS,DTC,2024-05-06
|CN|DTCB|UB|mBC|NEU|NEU|Core|BZS,BZS|TXT|National|A:A|1|EX,USD,2,13,14.82,BZS,DTC,2024-05-06
|CN|DTCB|UB|mBC|NEU|NEU|Core|BZS,BZS|TXT|National|A:A|1|PH,USD,3,47,19.18,BZS,DTC,2024-05-06
|CN|DTCB|UB|mBC|NEU|NEU|Core|BZS,BZS|TXT|National|A:A|1|PH,USD,1,28,8.84,BZS,DTC,2024-05-06
|CN|DTCB|UB|mBC|NEU|NEU|Core|BZS+,About|TXT|National|A:A|1|EX,USD,0,17,0.0,BZS,DTC,2024-05-06
|CN|DTCB|UB|mBC|NEU|NEU|Core|BZS+,About|TXT|National|A:A|1|PH,USD,3,43,21.43,BZS,DTC,2024-05-06
|CN|DTCB|UB|mBC|NEU|NEU|Core|BZS+,Causes|TXT|National|A:A|1|EX,USD,0,2,0.0,BZS,DTC,2024-05-06
|CN|DTCB|UB|mBC|NEU|NEU|Core|BZS+,Causes|TXT|National|A:A|1|PH,USD,0,0,0.0,BZS,DTC,2024-05-06
|CN|DTCB|UB|mBC|NEU|NEU|Core|BZS+,Information|TXT|National|A:A|1|PH,USD,0,3,0.0,BZS,DTC,2024-05-06
|CN|DTCB|UB|mBC|NEU|NEU|Core|BZS+,Medication|TXT|National|A:A|1|PH,USD,1,38,6.65,BZS,DTC,2024-05-06
|CN|DTCB|UB|mBC|NEU|NEU|Core|BZS+,Study|TXT|National|A:A|1|PH,USD,0,20,0.0,BZS,DTC,2024-05-06
|CN|DTCB|UB|mBC|NEU|NEU|Core|BZS+,Symptoms|TXT|National|A:A|1|EX,USD,0,1,0.0,BZS,DTC,2024-05-06
|CN|DTCB|UB|mBC|NEU|NEU|Core|BZS+,Symptoms|TXT|National|A:A|1|PH,USD,3,28,16.8,BZS,DTC,2024-05-06
|CN|DTCB|UB|mBC|NEU|NEU|Core|BZS+,What Is|TXT|National|A:A|1|EX,USD,1,17,6.24,BZS,DTC,2024-05-06
|CN|DTCB|UB|mBC|NEU|NEU|Core|BZS+,What Is|TXT|National|A:A|1|PH,USD,1,15,5.37,BZS,DTC,2024-05-06
|CN|DTCB|UB|mBC|NEU|NEU|Information|BZS Info,BZS Info|TXT|National|A:A|1|EX,USD,0,2,0.0,BZS,DTC,2024-05-06
|CN|DTCB|UB|mBC|NEU|NEU|Information|BZS Info,BZS Info|TXT|National|A:A|1|EX,USD,2,20,13.78,BZS,DTC,2024-05-06
|CN|DTCB|UB|mBC|NEU|NEU|Information|BZS Info,BZS Info|TXT|National|A:A|1|PH,USD,4,44,26.06,BZS,DTC,2024-05-06
|CN|DTCB|UB|mBC|NEU|NEU|Information|BZS Info,BZS Info|TXT|National|A:A|1|PH,USD,4,66,32.61,BZS,DTC,2024-05-06
|CN|DTCB|UB|mBC|NEU|NEU|Information|BZS Info,BZS Info|TXT|National|A:A|1|PH,USD,2,20,10.27,BZS,DTC,2024-05-06
|CN|DTCB|UB|mBC|NEU|NEU|Resources|BZS Resources,BZS Resources|TXT|National|A:A|1|PH,USD,0,6,0.0,BZS,DTC,2024-05-06
|CN|DTCB|UB|mBC|NEU|NEU|Resources|BZS Resources,BZS Resources|TXT|National|A:A|1|PH,USD,1,27,5.91,BZS,DTC,2024-05-06
|CN|DTCB|UB|mBC|NEU|NEU|Resources|BZS Resources,BZS Safety|TXT|National|A:A|1|PH,USD,0,1,0.0,BZS,DTC,2024-05-06
|CN|DTCB|UB|mBC|NEU|NEU|Resources|BZS Resources,BZS Safety|TXT|National|A:A|1|PH,USD,2,15,12.27,BZS,DTC,2024-05-06
|CN|DTCB|UB|mBC|NEU|NEU|Resources|BZS Resources,BZS Trial|TXT|National|A:A|1|EX,USD,0,0,0.0,BZS,DTC,2024-05-06
|CN|DTCB|UB|mBC|NEU|NEU|Resources|BZS Resources,BZS Trial|TXT|National|A:A|1|PH,USD,1,2,6.92,BZS,DTC,2024-05-06
|CN|DTCB|UB|mBC|NEU|NEU|Resources|BZS Resources,BZS Trial|TXT|National|A:A|1|PH,USD,2,3,10.38,BZS,DTC,2024-05-06
|CN|DTCB|UB|mBC|NEU|NEU|Resources|BZS Resources,BZS Trial|TXT|National|A:A|1|PH,USD,4,29,21.85,BZS,DTC,2024-05-06
|CN|DTCB|UB|mBC|NEU|NEU|Resources|BZS Resources,BZS Understanding|TXT|National|A:A|1|EX,USD,1,11,4.91,BZS,DTC,2024-05-06
|CN|DTCB|UB|mBC|NEU|NEU|Resources|BZS Resources,BZS Understanding|TXT|National|A:A|1|PH,USD,0,0,0.0,BZS,DTC,2024-05-06
|CN|DTCB|UB|mBC|NEU|NEU|Resources|BZS Resources,BZS Understanding|TXT|National|A:A|1|PH,USD,0,10,0.0,BZS,DTC,2024-05-06
|CN|DTCB|UB|mBC|NEU|NEU|Treatment|BZS Treatment,BZS Treatment|TXT|National|A:A|1|EX,USD,0,0,0.0,BZS,DTC,2024-05-06
|CN|DTCB|UB|mBC|NEU|NEU|Treatment|BZS Treatment,BZS Treatment|TXT|National|A:A|1|EX,USD,0,4,0.0,BZS,DTC,2024-05-06
|CN|DTCB|UB|mBC|NEU|NEU|Treatment|BZS Treatment,BZS Treatment|TXT|National|A:A|1|PH,USD,0,4,0.0,BZS,DTC,2024-05-06
|CN|DTCB|UB|mBC|NEU|NEU|Treatment|BZS Treatment,BZS Treatment|TXT|National|A:A|1|PH,USD,3,71,13.6,BZS,DTC,2024-05-06
|CN|DTCB|UB|mBC|NEU|NEU|Treatment|BZS Treatment,BZS Treatment|TXT|National|A:A|1|PH,USD,3,15,17.51,BZS,DTC,2024-05-06
|CN|DTCB|UB|mBC|NEU|NEU|Treatment|Treatment,Management|TXT|National|A:A|1|EX,USD,2,53,11.8,BZS,DTC,2024-05-06
|CN|DTCB|UB|mBC|NEU|NEU|Treatment|Treatment,Management|TXT|National|A:A|1|PH,USD,1,38,7.39,BZS,DTC,2024-05-06
|CN|DTCB|UB|mBC|NEU|NEU|Treatment|Treatment,Side Effects|TXT|National|A:A|1|EX,USD,0,8,0.0,BZS,DTC,2024-05-06
|CN|DTCB|UB|mBC|NEU|NEU|Treatment|Treatment,Side Effects|TXT|National|A:A|1|PH,USD,2,4,7.16,BZS,DTC,2024-05-06
|CN|DTCB|UB|mBC|NEU|NEU|Treatment|Treatment,Therapy|TXT|National|A:A|1|EX,USD,1,16,7.3,BZS,DTC,2024-05-06
|CN|DTCB|UB|mBC|NEU|NEU|Treatment|Treatment,Therapy|TXT|National|A:A|1|PH,USD,0,26,0.0,BZS,DTC,2024-05-06
|CN|DTCB|UB|mBC|NEU|NEU|Treatment|Treatment Priority,Treatment|TXT|National|A:A|1|EX,USD,0,2,0.0,BZS,DTC,2024-05-06
|CN|DTCB|UB|mBC|NEU|NEU|Treatment|Treatment Priority,Treatment|TXT|National|A:A|1|PH,USD,3,29,15.05,BZS,DTC,2024-05-06
|CN|DTCB|BR|mBC|NEU|NEU|Competitive|Competitor,Competitors|TXT|National|A:A|1|EX,USD,2,62,13.35,BZS,DTC,2024-05-07
|CN|DTCB|BR|mBC|NEU|NEU|Competitive|Competitor,Competitors|TXT|National|A:A|1|PH,USD,7,72,42.12,BZS,DTC,2024-05-07
|CN|DTCB|BR|mBC|NEU|NEU|Competitive|Competitor,Competitor|TXT|National|A:A|1|EX,USD,0,154,0.0,BZS,DTC,2024-05-07
|CN|DTCB|BR|mBC|NEU|NEU|Competitive|Competitor,Competitor|TXT|National|A:A|1|PH,USD,3,188,26.94,BZS,DTC,2024-05-07
|CN|DTCB|BR|mBC|NEU|NEU|Condition|BZS,BZS|TXT|National|A:A|1|EX,USD,5,19,33.92,BZS,DTC,2024-05-07
|CN|DTCB|BR|mBC|NEU|NEU|Condition|BZS,BZS|TXT|National|A:A|1|EX,USD,1,7,14.75,BZS,DTC,2024-05-07
|CN|DTCB|BR|mBC|NEU|NEU|Condition|BZS,BZS|TXT|National|A:A|1|PH,USD,19,304,211.18,BZS,DTC,2024-05-07
|CN|DTCB|BR|mBC|NEU|NEU|Condition|BZS,BZS|TXT|National|A:A|1|PH,USD,1,52,11.76,BZS,DTC,2024-05-07
|CN|DTCB|BR|mBC|NEU|NEU|Core|Alone,Alone|TXT|National|A:A|1|EX,USD,111,804,681.81,BZS,DTC,2024-05-07
|CN|DTCB|BR|mBC|NEU|NEU|Core|Alone,Alone|TXT|National|A:A|1|PH,USD,52,785,586.78,BZS,DTC,2024-05-07
|CN|DTCB|BR|mBC|NEU|NEU|Core|Branded,Alone|TXT|National|A:A|1|EX,USD,2,34,25.46,BZS,DTC,2024-05-07
|CN|DTCB|BR|mBC|NEU|NEU|Core|Branded,Alone|TXT|National|A:A|1|PH,USD,7,89,112.1,BZS,DTC,2024-05-07
|CN|DTCB|BR|mBC|NEU|NEU|Information|Info,Dosing|TXT|National|A:A|1|EX,USD,3,18,17.51,BZS,DTC,2024-05-07
|CN|DTCB|BR|mBC|NEU|NEU|Information|Info,Dosing|TXT|National|A:A|1|PH,USD,0,5,0.0,BZS,DTC,2024-05-07
|CN|DTCB|BR|mBC|NEU|NEU|Information|Info,Info|TXT|National|A:A|1|EX,USD,30,119,172.35,BZS,DTC,2024-05-07
|CN|DTCB|BR|mBC|NEU|NEU|Information|Info,Resources|TXT|National|A:A|1|EX,USD,2,17,12.84,BZS,DTC,2024-05-07
|CN|DTCB|BR|mBC|NEU|NEU|Information|Info,Resources|TXT|National|A:A|1|PH,USD,0,1,0.0,BZS,DTC,2024-05-07
|CN|DTCB|BR|mBC|NEU|NEU|Information|Info,Results|TXT|National|A:A|1|EX,USD,1,5,8.18,BZS,DTC,2024-05-07
|CN|DTCB|BR|mBC|NEU|NEU|Information|Info,Results|TXT|National|A:A|1|EX,USD,0,2,0.0,BZS,DTC,2024-05-07
|CN|DTCB|BR|mBC|NEU|NEU|Information|Info,Results|TXT|National|A:A|1|PH,USD,0,16,0.0,BZS,DTC,2024-05-07
|CN|DTCB|BR|mBC|NEU|NEU|Information|Info,Results|TXT|National|A:A|1|PH,USD,0,9,0.0,BZS,DTC,2024-05-07
|CN|DTCB|BR|mBC|NEU|NEU|Information|Info,Risk|TXT|National|A:A|1|EX,USD,9,53,63.92,BZS,DTC,2024-05-07
|CN|DTCB|BR|mBC|NEU|NEU|Information|Info,Risk|TXT|National|A:A|1|PH,USD,1,15,10.25,BZS,DTC,2024-05-07
|CN|DTCB|BR|mBC|NEU|NEU|Information|Info,Safety|TXT|National|A:A|1|EX,USD,26,106,190.72,BZS,DTC,2024-05-07
|CN|DTCB|BR|mBC|NEU|NEU|Information|Info,Safety|TXT|National|A:A|1|PH,USD,0,4,0.0,BZS,DTC,2024-05-07
|CN|DTCB|BR|mBC|NEU|NEU|Information|Info,Study|TXT|National|A:A|1|EX,USD,0,7,0.0,BZS,DTC,2024-05-07
|CN|DTCB|BR|mBC|NEU|NEU|Information|Info,Study|TXT|National|A:A|1|PH,USD,0,17,0.0,BZS,DTC,2024-05-07
|CN|DTCB|BR|mBC|NEU|NEU|Information|Info,Treatment|TXT|National|A:A|1|EX,USD,17,88,201.75,BZS,DTC,2024-05-07
|CN|DTCB|BR|mBC|NEU|NEU|Information|Info,Treatment|TXT|National|A:A|1|PH,USD,0,28,0.0,BZS,DTC,2024-05-07
|CN|DTCB|BR|mBC|NEU|NEU|Information|Info,Understanding|TXT|National|A:A|1|EX,USD,1,8,5.32,BZS,DTC,2024-05-07
|CN|DTCB|UB|mBC|NEU|NEU|Condition|BZS Condition,BZS General|TXT|National|A:A|1|EX,USD,4,22,42.84,BZS,DTC,2024-05-07
|CN|DTCB|UB|mBC|NEU|NEU|Condition|BZS Condition,BZS General|TXT|National|A:A|1|PH,USD,1,21,7.25,BZS,DTC,2024-05-07
|CN|DTCB|UB|mBC|NEU|NEU|Condition|BZS Condition,BZS General|TXT|National|A:A|1|PH,USD,8,89,92.85,BZS,DTC,2024-05-07
|CN|DTCB|UB|mBC|NEU|NEU|Condition|BZS Condition,BZS general|TXT|National|A:A|1|EX,USD,2,40,7.02,BZS,DTC,2024-05-07
|CN|DTCB|UB|mBC|NEU|NEU|Condition|BZS Condition,BZS general|TXT|National|A:A|1|PH,USD,8,182,32.44,BZS,DTC,2024-05-07
|CN|DTCB|UB|mBC|NEU|NEU|Condition|BZS ITT Condition,BZS general|TXT|National|A:A|1|EX,USD,0,5,0.0,BZS,DTC,2024-05-07
|CN|DTCB|UB|mBC|NEU|NEU|Condition|BZS ITT Condition,BZS general|TXT|National|A:A|1|PH,USD,2,32,16.9,BZS,DTC,2024-05-07
|CN|DTCB|UB|mBC|NEU|NEU|Condition|Condition,Alone|TXT|National|A:A|1|EX,USD,2,36,13.91,BZS,DTC,2024-05-07
|CN|DTCB|UB|mBC|NEU|NEU|Condition|Condition,Alone|TXT|National|A:A|1|PH,USD,6,121,41.33,BZS,DTC,2024-05-07
|CN|DTCB|UB|mBC|NEU|NEU|Core|BZS,BZS|TXT|National|A:A|1|EX,USD,0,4,0.0,BZS,DTC,2024-05-07
|CN|DTCB|UB|mBC|NEU|NEU|Core|BZS,BZS|TXT|National|A:A|1|EX,USD,1,21,5.95,BZS,DTC,2024-05-07
|CN|DTCB|UB|mBC|NEU|NEU|Core|BZS,BZS|TXT|National|A:A|1|PH,USD,2,75,12.51,BZS,DTC,2024-05-07
|CN|DTCB|UB|mBC|NEU|NEU|Core|BZS,BZS|TXT|National|A:A|1|PH,USD,3,45,22.76,BZS,DTC,2024-05-07
|CN|DTCB|UB|mBC|NEU|NEU|Core|BZS+,About|TXT|National|A:A|1|EX,USD,1,14,5.8100000000000005,BZS,DTC,2024-05-07
|CN|DTCB|UB|mBC|NEU|NEU|Core|BZS+,About|TXT|National|A:A|1|PH,USD,2,71,12.95,BZS,DTC,2024-05-07
|CN|DTCB|UB|mBC|NEU|NEU|Core|BZS+,Causes|TXT|National|A:A|1|PH,USD,0,5,0.0,BZS,DTC,2024-05-07
|CN|DTCB|UB|mBC|NEU|NEU|Core|BZS+,Information|TXT|National|A:A|1|PH,USD,0,20,0.0,BZS,DTC,2024-05-07
|CN|DTCB|UB|mBC|NEU|NEU|Core|BZS+,Medication|TXT|National|A:A|1|PH,USD,3,60,22.93,BZS,DTC,2024-05-07
|CN|DTCB|UB|mBC|NEU|NEU|Core|BZS+,Study|TXT|National|A:A|1|PH,USD,0,13,0.0,BZS,DTC,2024-05-07
|CN|DTCB|UB|mBC|NEU|NEU|Core|BZS+,Symptoms|TXT|National|A:A|1|EX,USD,0,1,0.0,BZS,DTC,2024-05-07
|CN|DTCB|UB|mBC|NEU|NEU|Core|BZS+,Symptoms|TXT|National|A:A|1|PH,USD,0,25,0.0,BZS,DTC,2024-05-07
|CN|DTCB|UB|mBC|NEU|NEU|Core|BZS+,What Is|TXT|National|A:A|1|EX,USD,1,24,4.9,BZS,DTC,2024-05-07
|CN|DTCB|UB|mBC|NEU|NEU|Core|BZS+,What Is|TXT|National|A:A|1|PH,USD,2,17,11.32,BZS,DTC,2024-05-07
|CN|DTCB|UB|mBC|NEU|NEU|Information|BZS Info,BZS Info|TXT|National|A:A|1|EX,USD,1,15,9.64,BZS,DTC,2024-05-07
|CN|DTCB|UB|mBC|NEU|NEU|Information|BZS Info,BZS Info|TXT|National|A:A|1|EX,USD,0,2,0.0,BZS,DTC,2024-05-07
|CN|DTCB|UB|mBC|NEU|NEU|Information|BZS Info,BZS Info|TXT|National|A:A|1|PH,USD,3,47,20.16,BZS,DTC,2024-05-07
|CN|DTCB|UB|mBC|NEU|NEU|Information|BZS Info,BZS Info|TXT|National|A:A|1|PH,USD,3,17,10.09,BZS,DTC,2024-05-07
|CN|DTCB|UB|mBC|NEU|NEU|Information|BZS Info,BZS Info|TXT|National|A:A|1|PH,USD,5,49,34.97,BZS,DTC,2024-05-07
|CN|DTCB|UB|mBC|NEU|NEU|Resources|BZS Resources,BZS Resources|TXT|National|A:A|1|PH,USD,1,7,5.84,BZS,DTC,2024-05-07
|CN|DTCB|UB|mBC|NEU|NEU|Resources|BZS Resources,BZS Resources|TXT|National|A:A|1|PH,USD,3,17,18.02,BZS,DTC,2024-05-07
|CN|DTCB|UB|mBC|NEU|NEU|Resources|BZS Resources,BZS Safety|TXT|National|A:A|1|PH,USD,2,17,11.54,BZS,DTC,2024-05-07
|CN|DTCB|UB|mBC|NEU|NEU|Resources|BZS Resources,BZS Safety|TXT|National|A:A|1|PH,USD,0,2,0.0,BZS,DTC,2024-05-07
|CN|DTCB|UB|mBC|NEU|NEU|Resources|BZS Resources,BZS Trial|TXT|National|A:A|1|PH,USD,1,33,6.45,BZS,DTC,2024-05-07
|CN|DTCB|UB|mBC|NEU|NEU|Resources|BZS Resources,BZS Trial|TXT|National|A:A|1|PH,USD,0,1,0.0,BZS,DTC,2024-05-07
|CN|DTCB|UB|mBC|NEU|NEU|Resources|BZS Resources,BZS Trial|TXT|National|A:A|1|PH,USD,1,2,5.26,BZS,DTC,2024-05-07
|CN|DTCB|UB|mBC|NEU|NEU|Resources|BZS Resources,BZS Trial|TXT|National|A:A|1|PH,USD,0,1,0.0,BZS,DTC,2024-05-07
|CN|DTCB|UB|mBC|NEU|NEU|Resources|BZS Resources,BZS Understanding|TXT|National|A:A|1|EX,USD,0,14,0.0,BZS,DTC,2024-05-07
|CN|DTCB|UB|mBC|NEU|NEU|Resources|BZS Resources,BZS Understanding|TXT|National|A:A|1|PH,USD,1,20,4.97,BZS,DTC,2024-05-07
|CN|DTCB|UB|mBC|NEU|NEU|Resources|BZS Resources,BZS Understanding|TXT|National|A:A|1|PH,USD,0,1,0.0,BZS,DTC,2024-05-07
|CN|DTCB|UB|mBC|NEU|NEU|Treatment|BZS Treatment,BZS Treatment|TXT|National|A:A|1|EX,USD,0,6,0.0,BZS,DTC,2024-05-07
|CN|DTCB|UB|mBC|NEU|NEU|Treatment|BZS Treatment,BZS Treatment|TXT|National|A:A|1|PH,USD,1,15,6.07,BZS,DTC,2024-05-07
|CN|DTCB|UB|mBC|NEU|NEU|Treatment|BZS Treatment,BZS Treatment|TXT|National|A:A|1|PH,USD,0,3,0.0,BZS,DTC,2024-05-07
|CN|DTCB|UB|mBC|NEU|NEU|Treatment|BZS Treatment,BZS Treatment|TXT|National|A:A|1|PH,USD,2,26,10.44,BZS,DTC,2024-05-07
|CN|DTCB|UB|mBC|NEU|NEU|Treatment|Treatment,Management|TXT|National|A:A|1|EX,USD,3,44,18.83,BZS,DTC,2024-05-07
|CN|DTCB|UB|mBC|NEU|NEU|Treatment|Treatment,Management|TXT|National|A:A|1|PH,USD,3,51,16.86,BZS,DTC,2024-05-07
|CN|DTCB|UB|mBC|NEU|NEU|Treatment|Treatment,Side Effects|TXT|National|A:A|1|EX,USD,6,8,21.93,BZS,DTC,2024-05-07
|CN|DTCB|UB|mBC|NEU|NEU|Treatment|Treatment,Side Effects|TXT|National|A:A|1|PH,USD,0,9,0.0,BZS,DTC,2024-05-07
|CN|DTCB|UB|mBC|NEU|NEU|Treatment|Treatment,Therapy|TXT|National|A:A|1|EX,USD,1,15,5.83,BZS,DTC,2024-05-07
|CN|DTCB|UB|mBC|NEU|NEU|Treatment|Treatment,Therapy|TXT|National|A:A|1|PH,USD,0,41,0.0,BZS,DTC,2024-05-07
|CN|DTCB|UB|mBC|NEU|NEU|Treatment|Treatment Priority,Treatment|TXT|National|A:A|1|EX,USD,0,3,0.0,BZS,DTC,2024-05-07
|CN|DTCB|UB|mBC|NEU|NEU|Treatment|Treatment Priority,Treatment|TXT|National|A:A|1|PH,USD,3,63,21.05,BZS,DTC,2024-05-07
|CN|DTCB|BR|mBC|NEU|NEU|Competitive|Competitor,Competitors|TXT|National|A:A|1|EX,USD,2,56,11.98,BZS,DTC,2024-05-08
|CN|DTCB|BR|mBC|NEU|NEU|Competitive|Competitor,Competitors|TXT|National|A:A|1|PH,USD,7,79,38.92,BZS,DTC,2024-05-08
|CN|DTCB|BR|mBC|NEU|NEU|Competitive|Competitor,Competitor|TXT|National|A:A|1|EX,USD,2,25,25.76,BZS,DTC,2024-05-08
|CN|DTCB|BR|mBC|NEU|NEU|Competitive|Competitor,Competitor|TXT|National|A:A|1|PH,USD,0,35,0.0,BZS,DTC,2024-05-08
|CN|DTCB|BR|mBC|NEU|NEU|Condition|BZS,BZS|TXT|National|A:A|1|EX,USD,2,11,13.13,BZS,DTC,2024-05-08
|CN|DTCB|BR|mBC|NEU|NEU|Condition|BZS,BZS|TXT|National|A:A|1|EX,USD,0,5,0.0,BZS,DTC,2024-05-08
|CN|DTCB|BR|mBC|NEU|NEU|Condition|BZS,BZS|TXT|National|A:A|1|PH,USD,26,305,299.69,BZS,DTC,2024-05-08
|CN|DTCB|BR|mBC|NEU|NEU|Condition|BZS,BZS|TXT|National|A:A|1|PH,USD,5,62,81.42,BZS,DTC,2024-05-08
|CN|DTCB|BR|mBC|NEU|NEU|Core|Alone,Alone|TXT|National|A:A|1|EX,USD,136,851,813.08,BZS,DTC,2024-05-08
|CN|DTCB|BR|mBC|NEU|NEU|Core|Alone,Alone|TXT|National|A:A|1|PH,USD,53,718,580.41,BZS,DTC,2024-05-08
|CN|DTCB|BR|mBC|NEU|NEU|Core|Branded,Alone|TXT|National|A:A|1|EX,USD,3,31,41.51,BZS,DTC,2024-05-08
|CN|DTCB|BR|mBC|NEU|NEU|Core|Branded,Alone|TXT|National|A:A|1|PH,USD,1,20,17.87,BZS,DTC,2024-05-08
|CN|DTCB|BR|mBC|NEU|NEU|Information|Info,Dosing|TXT|National|A:A|1|EX,USD,2,14,7.87,BZS,DTC,2024-05-08
|CN|DTCB|BR|mBC|NEU|NEU|Information|Info,Dosing|TXT|National|A:A|1|PH,USD,0,4,0.0,BZS,DTC,2024-05-08
|CN|DTCB|BR|mBC|NEU|NEU|Information|Info,Info|TXT|National|A:A|1|EX,USD,26,91,140.49,BZS,DTC,2024-05-08
|CN|DTCB|BR|mBC|NEU|NEU|Information|Info,Info|TXT|National|A:A|1|PH,USD,0,3,0.0,BZS,DTC,2024-05-08
|CN|DTCB|BR|mBC|NEU|NEU|Information|Info,Resources|TXT|National|A:A|1|EX,USD,2,16,15.54,BZS,DTC,2024-05-08
|CN|DTCB|BR|mBC|NEU|NEU|Information|Info,Results|TXT|National|A:A|1|EX,USD,0,4,0.0,BZS,DTC,2024-05-08
|CN|DTCB|BR|mBC|NEU|NEU|Information|Info,Results|TXT|National|A:A|1|EX,USD,0,1,0.0,BZS,DTC,2024-05-08
|CN|DTCB|BR|mBC|NEU|NEU|Information|Info,Results|TXT|National|A:A|1|PH,USD,0,11,0.0,BZS,DTC,2024-05-08
|CN|DTCB|BR|mBC|NEU|NEU|Information|Info,Results|TXT|National|A:A|1|PH,USD,0,13,0.0,BZS,DTC,2024-05-08
|CN|DTCB|BR|mBC|NEU|NEU|Information|Info,Risk|TXT|National|A:A|1|EX,USD,3,41,23.97,BZS,DTC,2024-05-08
|CN|DTCB|BR|mBC|NEU|NEU|Information|Info,Risk|TXT|National|A:A|1|PH,USD,0,15,0.0,BZS,DTC,2024-05-08
|CN|DTCB|BR|mBC|NEU|NEU|Information|Info,Safety|TXT|National|A:A|1|EX,USD,10,102,76.65,BZS,DTC,2024-05-08
|CN|DTCB|BR|mBC|NEU|NEU|Information|Info,Safety|TXT|National|A:A|1|PH,USD,0,6,0.0,BZS,DTC,2024-05-08
|CN|DTCB|BR|mBC|NEU|NEU|Information|Info,Study|TXT|National|A:A|1|EX,USD,0,9,0.0,BZS,DTC,2024-05-08
|CN|DTCB|BR|mBC|NEU|NEU|Information|Info,Study|TXT|National|A:A|1|PH,USD,0,9,0.0,BZS,DTC,2024-05-08
|CN|DTCB|BR|mBC|NEU|NEU|Information|Info,Treatment|TXT|National|A:A|1|EX,USD,19,105,213.37,BZS,DTC,2024-05-08
|CN|DTCB|BR|mBC|NEU|NEU|Information|Info,Treatment|TXT|National|A:A|1|PH,USD,2,21,20.56,BZS,DTC,2024-05-08
|CN|DTCB|BR|mBC|NEU|NEU|Information|Info,Understanding|TXT|National|A:A|1|EX,USD,1,7,5.44,BZS,DTC,2024-05-08
|CN|DTCB|UB|mBC|NEU|NEU|Condition|BZS Condition,BZS General|TXT|National|A:A|1|EX,USD,0,3,0.0,BZS,DTC,2024-05-08
|CN|DTCB|UB|mBC|NEU|NEU|Condition|BZS Condition,BZS General|TXT|National|A:A|1|EX,USD,3,61,30.87,BZS,DTC,2024-05-08
|CN|DTCB|UB|mBC|NEU|NEU|Condition|BZS Condition,BZS General|TXT|National|A:A|1|PH,USD,0,14,0.0,BZS,DTC,2024-05-08
|CN|DTCB|UB|mBC|NEU|NEU|Condition|BZS Condition,BZS General|TXT|National|A:A|1|PH,USD,10,235,111.56,BZS,DTC,2024-05-08
|CN|DTCB|UB|mBC|NEU|NEU|Condition|BZS Condition,BZS general|TXT|National|A:A|1|EX,USD,3,14,13.71,BZS,DTC,2024-05-08
|CN|DTCB|UB|mBC|NEU|NEU|Condition|BZS Condition,BZS general|TXT|National|A:A|1|PH,USD,6,61,31.42,BZS,DTC,2024-05-08
|CN|DTCB|UB|mBC|NEU|NEU|Condition|BZS ITT Condition,BZS general|TXT|National|A:A|1|EX,USD,0,4,0.0,BZS,DTC,2024-05-08
|CN|DTCB|UB|mBC|NEU|NEU|Condition|BZS ITT Condition,BZS general|TXT|National|A:A|1|PH,USD,3,44,24.08,BZS,DTC,2024-05-08
|CN|DTCB|UB|mBC|NEU|NEU|Condition|Condition,Alone|TXT|National|A:A|1|EX,USD,4,59,27.28,BZS,DTC,2024-05-08
|CN|DTCB|UB|mBC|NEU|NEU|Condition|Condition,Alone|TXT|National|A:A|1|PH,USD,5,187,29.41,BZS,DTC,2024-05-08
|CN|DTCB|UB|mBC|NEU|NEU|Core|BZS,BZS|TXT|National|A:A|1|EX,USD,0,3,0.0,BZS,DTC,2024-05-08
|CN|DTCB|UB|mBC|NEU|NEU|Core|BZS,BZS|TXT|National|A:A|1|EX,USD,1,11,6.98,BZS,DTC,2024-05-08
|CN|DTCB|UB|mBC|NEU|NEU|Core|BZS,BZS|TXT|National|A:A|1|PH,USD,2,67,11.86,BZS,DTC,2024-05-08
|CN|DTCB|UB|mBC|NEU|NEU|Core|BZS,BZS|TXT|National|A:A|1|PH,USD,1,17,5.9399999999999995,BZS,DTC,2024-05-08
|CN|DTCB|UB|mBC|NEU|NEU|Core|BZS+,About|TXT|National|A:A|1|EX,USD,0,4,0.0,BZS,DTC,2024-05-08
|CN|DTCB|UB|mBC|NEU|NEU|Core|BZS+,About|TXT|National|A:A|1|PH,USD,0,29,0.0,BZS,DTC,2024-05-08
|CN|DTCB|UB|mBC|NEU|NEU|Core|BZS+,Causes|TXT|National|A:A|1|EX,USD,0,3,0.0,BZS,DTC,2024-05-08
|CN|DTCB|UB|mBC|NEU|NEU|Core|BZS+,Causes|TXT|National|A:A|1|PH,USD,0,2,0.0,BZS,DTC,2024-05-08
|CN|DTCB|UB|mBC|NEU|NEU|Core|BZS+,Information|TXT|National|A:A|1|PH,USD,3,8,16.19,BZS,DTC,2024-05-08
|CN|DTCB|UB|mBC|NEU|NEU|Core|BZS+,Medication|TXT|National|A:A|1|PH,USD,4,19,30.21,BZS,DTC,2024-05-08
|CN|DTCB|UB|mBC|NEU|NEU|Core|BZS+,Study|TXT|National|A:A|1|PH,USD,0,8,0.0,BZS,DTC,2024-05-08
|CN|DTCB|UB|mBC|NEU|NEU|Core|BZS+,Symptoms|TXT|National|A:A|1|EX,USD,1,3,5.24,BZS,DTC,2024-05-08
|CN|DTCB|UB|mBC|NEU|NEU|Core|BZS+,Symptoms|TXT|National|A:A|1|PH,USD,0,4,0.0,BZS,DTC,2024-05-08
|CN|DTCB|UB|mBC|NEU|NEU|Core|BZS+,What Is|TXT|National|A:A|1|EX,USD,1,11,5.54,BZS,DTC,2024-05-08
|CN|DTCB|UB|mBC|NEU|NEU|Core|BZS+,What Is|TXT|National|A:A|1|PH,USD,1,5,5.92,BZS,DTC,2024-05-08
|CN|DTCB|UB|mBC|NEU|NEU|Information|BZS Info,BZS Info|TXT|National|A:A|1|EX,USD,1,1,3.99,BZS,DTC,2024-05-08
|CN|DTCB|UB|mBC|NEU|NEU|Information|BZS Info,BZS Info|TXT|National|A:A|1|EX,USD,0,5,0.0,BZS,DTC,2024-05-08
|CN|DTCB|UB|mBC|NEU|NEU|Information|BZS Info,BZS Info|TXT|National|A:A|1|PH,USD,1,4,5.6,BZS,DTC,2024-05-08
|CN|DTCB|UB|mBC|NEU|NEU|Information|BZS Info,BZS Info|TXT|National|A:A|1|PH,USD,2,50,13.03,BZS,DTC,2024-05-08
|CN|DTCB|UB|mBC|NEU|NEU|Information|BZS Info,BZS Info|TXT|National|A:A|1|PH,USD,5,29,39.03,BZS,DTC,2024-05-08
|CN|DTCB|UB|mBC|NEU|NEU|Resources|BZS Resources,BZS Resources|TXT|National|A:A|1|PH,USD,3,9,18.02,BZS,DTC,2024-05-08
|CN|DTCB|UB|mBC|NEU|NEU|Resources|BZS Resources,BZS Resources|TXT|National|A:A|1|PH,USD,1,10,5.85,BZS,DTC,2024-05-08
|CN|DTCB|UB|mBC|NEU|NEU|Resources|BZS Resources,BZS Safety|TXT|National|A:A|1|PH,USD,0,11,0.0,BZS,DTC,2024-05-08
|CN|DTCB|UB|mBC|NEU|NEU|Resources|BZS Resources,BZS Safety|TXT|National|A:A|1|PH,USD,2,1,7.4,BZS,DTC,2024-05-08
|CN|DTCB|UB|mBC|NEU|NEU|Resources|BZS Resources,BZS Trial|TXT|National|A:A|1|PH,USD,3,27,17.7,BZS,DTC,2024-05-08
|CN|DTCB|UB|mBC|NEU|NEU|Resources|BZS Resources,BZS Trial|TXT|National|A:A|1|PH,USD,0,3,0.0,BZS,DTC,2024-05-08
|CN|DTCB|UB|mBC|NEU|NEU|Resources|BZS Resources,BZS Trial|TXT|National|A:A|1|PH,USD,0,1,0.0,BZS,DTC,2024-05-08
|CN|DTCB|UB|mBC|NEU|NEU|Resources|BZS Resources,BZS Understanding|TXT|National|A:A|1|EX,USD,0,7,0.0,BZS,DTC,2024-05-08
|CN|DTCB|UB|mBC|NEU|NEU|Resources|BZS Resources,BZS Understanding|TXT|National|A:A|1|PH,USD,1,6,5.08,BZS,DTC,2024-05-08
|CN|DTCB|UB|mBC|NEU|NEU|Resources|BZS Resources,BZS Understanding|TXT|National|A:A|1|PH,USD,0,1,0.0,BZS,DTC,2024-05-08
|CN|DTCB|UB|mBC|NEU|NEU|Treatment|BZS Treatment,BZS Treatment|TXT|National|A:A|1|EX,USD,0,3,0.0,BZS,DTC,2024-05-08
|CN|DTCB|UB|mBC|NEU|NEU|Treatment|BZS Treatment,BZS Treatment|TXT|National|A:A|1|EX,USD,0,4,0.0,BZS,DTC,2024-05-08
|CN|DTCB|UB|mBC|NEU|NEU|Treatment|BZS Treatment,BZS Treatment|TXT|National|A:A|1|PH,USD,0,5,0.0,BZS,DTC,2024-05-08
|CN|DTCB|UB|mBC|NEU|NEU|Treatment|BZS Treatment,BZS Treatment|TXT|National|A:A|1|PH,USD,3,69,12.49,BZS,DTC,2024-05-08
|CN|DTCB|UB|mBC|NEU|NEU|Treatment|BZS Treatment,BZS Treatment|TXT|National|A:A|1|PH,USD,2,42,12.38,BZS,DTC,2024-05-08
|CN|DTCB|UB|mBC|NEU|NEU|Treatment|Treatment,Management|TXT|National|A:A|1|EX,USD,1,63,7.02,BZS,DTC,2024-05-08
|CN|DTCB|UB|mBC|NEU|NEU|Treatment|Treatment,Management|TXT|National|A:A|1|PH,USD,6,77,36.22,BZS,DTC,2024-05-08
|CN|DTCB|UB|mBC|NEU|NEU|Treatment|Treatment,Side Effects|TXT|National|A:A|1|EX,USD,3,11,11.45,BZS,DTC,2024-05-08
|CN|DTCB|UB|mBC|NEU|NEU|Treatment|Treatment,Side Effects|TXT|National|A:A|1|PH,USD,0,2,0.0,BZS,DTC,2024-05-08
|CN|DTCB|UB|mBC|NEU|NEU|Treatment|Treatment,Therapy|TXT|National|A:A|1|EX,USD,4,18,27.85,BZS,DTC,2024-05-08
|CN|DTCB|UB|mBC|NEU|NEU|Treatment|Treatment,Therapy|TXT|National|A:A|1|PH,USD,1,41,5.72,BZS,DTC,2024-05-08
|CN|DTCB|UB|mBC|NEU|NEU|Treatment|Treatment Priority,Treatment|TXT|National|A:A|1|EX,USD,0,0,0.0,BZS,DTC,2024-05-08
|CN|DTCB|UB|mBC|NEU|NEU|Treatment|Treatment Priority,Treatment|TXT|National|A:A|1|PH,USD,3,32,18.45,BZS,DTC,2024-05-08
|CN|DTCB|BR|mBC|NEU|NEU|Competitive|Competitor,Competitors|TXT|National|A:A|1|EX,USD,2,71,12.34,BZS,DTC,2024-05-09
|CN|DTCB|BR|mBC|NEU|NEU|Competitive|Competitor,Competitors|TXT|National|A:A|1|PH,USD,7,69,41.98,BZS,DTC,2024-05-09
|CN|DTCB|BR|mBC|NEU|NEU|Competitive|Competitor,Competitor|TXT|National|A:A|1|EX,USD,0,46,0.0,BZS,DTC,2024-05-09
|CN|DTCB|BR|mBC|NEU|NEU|Competitive|Competitor,Competitor|TXT|National|A:A|1|PH,USD,3,69,26.25,BZS,DTC,2024-05-09
|CN|DTCB|BR|mBC|NEU|NEU|Condition|BZS,BZS|TXT|National|A:A|1|EX,USD,1,11,6.37,BZS,DTC,2024-05-09
|CN|DTCB|BR|mBC|NEU|NEU|Condition|BZS,BZS|TXT|National|A:A|1|EX,USD,1,8,14.35,BZS,DTC,2024-05-09
|CN|DTCB|BR|mBC|NEU|NEU|Condition|BZS,BZS|TXT|National|A:A|1|PH,USD,28,343,333.68,BZS,DTC,2024-05-09
|CN|DTCB|BR|mBC|NEU|NEU|Condition|BZS,BZS|TXT|National|A:A|1|PH,USD,4,58,53.58,BZS,DTC,2024-05-09
|CN|DTCB|BR|mBC|NEU|NEU|Core|Alone,Alone|TXT|National|A:A|1|EX,USD,90,652,578.24,BZS,DTC,2024-05-09
|CN|DTCB|BR|mBC|NEU|NEU|Core|Alone,Alone|TXT|National|A:A|1|PH,USD,50,632,575.68,BZS,DTC,2024-05-09
|CN|DTCB|BR|mBC|NEU|NEU|Core|Branded,Alone|TXT|National|A:A|1|EX,USD,1,18,16.94,BZS,DTC,2024-05-09
|CN|DTCB|BR|mBC|NEU|NEU|Core|Branded,Alone|TXT|National|A:A|1|PH,USD,1,34,13.59,BZS,DTC,2024-05-09
|CN|DTCB|BR|mBC|NEU|NEU|Information|Info,Dosing|TXT|National|A:A|1|EX,USD,1,8,7.82,BZS,DTC,2024-05-09
|CN|DTCB|BR|mBC|NEU|NEU|Information|Info,Dosing|TXT|National|A:A|1|PH,USD,0,4,0.0,BZS,DTC,2024-05-09
|CN|DTCB|BR|mBC|NEU|NEU|Information|Info,Info|TXT|National|A:A|1|EX,USD,15,48,84.97,BZS,DTC,2024-05-09
|CN|DTCB|BR|mBC|NEU|NEU|Information|Info,Info|TXT|National|A:A|1|PH,USD,0,4,0.0,BZS,DTC,2024-05-09
|CN|DTCB|BR|mBC|NEU|NEU|Information|Info,Resources|TXT|National|A:A|1|EX,USD,2,14,13.31,BZS,DTC,2024-05-09
|CN|DTCB|BR|mBC|NEU|NEU|Information|Info,Results|TXT|National|A:A|1|EX,USD,0,3,0.0,BZS,DTC,2024-05-09
|CN|DTCB|BR|mBC|NEU|NEU|Information|Info,Results|TXT|National|A:A|1|PH,USD,0,10,0.0,BZS,DTC,2024-05-09
|CN|DTCB|BR|mBC|NEU|NEU|Information|Info,Results|TXT|National|A:A|1|PH,USD,1,8,8.82,BZS,DTC,2024-05-09
|CN|DTCB|BR|mBC|NEU|NEU|Information|Info,Risk|TXT|National|A:A|1|EX,USD,10,29,90.45,BZS,DTC,2024-05-09
|CN|DTCB|BR|mBC|NEU|NEU|Information|Info,Risk|TXT|National|A:A|1|PH,USD,1,16,10.9,BZS,DTC,2024-05-09
|CN|DTCB|BR|mBC|NEU|NEU|Information|Info,Safety|TXT|National|A:A|1|EX,USD,14,72,102.49,BZS,DTC,2024-05-09
|CN|DTCB|BR|mBC|NEU|NEU|Information|Info,Safety|TXT|National|A:A|1|PH,USD,0,7,0.0,BZS,DTC,2024-05-09
|CN|DTCB|BR|mBC|NEU|NEU|Information|Info,Study|TXT|National|A:A|1|EX,USD,2,7,22.94,BZS,DTC,2024-05-09
|CN|DTCB|BR|mBC|NEU|NEU|Information|Info,Study|TXT|National|A:A|1|PH,USD,0,9,0.0,BZS,DTC,2024-05-09
|CN|DTCB|BR|mBC|NEU|NEU|Information|Info,Treatment|TXT|National|A:A|1|EX,USD,20,85,249.63,BZS,DTC,2024-05-09
|CN|DTCB|BR|mBC|NEU|NEU|Information|Info,Treatment|TXT|National|A:A|1|PH,USD,3,31,32.86,BZS,DTC,2024-05-09
|CN|DTCB|BR|mBC|NEU|NEU|Information|Info,Understanding|TXT|National|A:A|1|EX,USD,0,8,0.0,BZS,DTC,2024-05-09
|CN|DTCB|BR|mBC|NEU|NEU|Information|Info,Understanding|TXT|National|A:A|1|PH,USD,1,1,9.04,BZS,DTC,2024-05-09
|CN|DTCB|UB|mBC|NEU|NEU|Condition|BZS Condition,BZS General|TXT|National|A:A|1|EX,USD,0,0,0.0,BZS,DTC,2024-05-09
|CN|DTCB|UB|mBC|NEU|NEU|Condition|BZS Condition,BZS General|TXT|National|A:A|1|EX,USD,2,28,18.46,BZS,DTC,2024-05-09
|CN|DTCB|UB|mBC|NEU|NEU|Condition|BZS Condition,BZS General|TXT|National|A:A|1|PH,USD,0,4,0.0,BZS,DTC,2024-05-09
|CN|DTCB|UB|mBC|NEU|NEU|Condition|BZS Condition,BZS General|TXT|National|A:A|1|PH,USD,10,176,106.58,BZS,DTC,2024-05-09
|CN|DTCB|UB|mBC|NEU|NEU|Condition|BZS Condition,BZS general|TXT|National|A:A|1|EX,USD,3,13,10.98,BZS,DTC,2024-05-09
|CN|DTCB|UB|mBC|NEU|NEU|Condition|BZS Condition,BZS general|TXT|National|A:A|1|PH,USD,6,79,26.43,BZS,DTC,2024-05-09
|CN|DTCB|UB|mBC|NEU|NEU|Condition|BZS ITT Condition,BZS general|TXT|National|A:A|1|PH,USD,1,5,8.11,BZS,DTC,2024-05-09
|CN|DTCB|UB|mBC|NEU|NEU|Condition|Condition,Alone|TXT|National|A:A|1|EX,USD,4,49,27.3,BZS,DTC,2024-05-09
|CN|DTCB|UB|mBC|NEU|NEU|Condition|Condition,Alone|TXT|National|A:A|1|PH,USD,5,174,34.08,BZS,DTC,2024-05-09
|CN|DTCB|UB|mBC|NEU|NEU|Core|BZS,BZS|TXT|National|A:A|1|EX,USD,0,1,0.0,BZS,DTC,2024-05-09
|CN|DTCB|UB|mBC|NEU|NEU|Core|BZS,BZS|TXT|National|A:A|1|EX,USD,0,4,0.0,BZS,DTC,2024-05-09
|CN|DTCB|UB|mBC|NEU|NEU|Core|BZS,BZS|TXT|National|A:A|1|PH,USD,1,45,6.15,BZS,DTC,2024-05-09
|CN|DTCB|UB|mBC|NEU|NEU|Core|BZS,BZS|TXT|National|A:A|1|PH,USD,2,7,14.04,BZS,DTC,2024-05-09
|CN|DTCB|UB|mBC|NEU|NEU|Core|BZS+,About|TXT|National|A:A|1|EX,USD,0,8,0.0,BZS,DTC,2024-05-09
|CN|DTCB|UB|mBC|NEU|NEU|Core|BZS+,About|TXT|National|A:A|1|PH,USD,1,45,5.87,BZS,DTC,2024-05-09
|CN|DTCB|UB|mBC|NEU|NEU|Core|BZS+,Causes|TXT|National|A:A|1|PH,USD,0,6,0.0,BZS,DTC,2024-05-09
|CN|DTCB|UB|mBC|NEU|NEU|Core|BZS+,Information|TXT|National|A:A|1|PH,USD,0,17,0.0,BZS,DTC,2024-05-09
|CN|DTCB|UB|mBC|NEU|NEU|Core|BZS+,Medication|TXT|National|A:A|1|PH,USD,1,34,6.36,BZS,DTC,2024-05-09
|CN|DTCB|UB|mBC|NEU|NEU|Core|BZS+,Study|TXT|National|A:A|1|PH,USD,0,14,0.0,BZS,DTC,2024-05-09
|CN|DTCB|UB|mBC|NEU|NEU|Core|BZS+,Symptoms|TXT|National|A:A|1|EX,USD,1,4,6.47,BZS,DTC,2024-05-09
|CN|DTCB|UB|mBC|NEU|NEU|Core|BZS+,Symptoms|TXT|National|A:A|1|PH,USD,2,19,12.05,BZS,DTC,2024-05-09
|CN|DTCB|UB|mBC|NEU|NEU|Core|BZS+,What Is|TXT|National|A:A|1|EX,USD,3,18,14.59,BZS,DTC,2024-05-09
|CN|DTCB|UB|mBC|NEU|NEU|Core|BZS+,What Is|TXT|National|A:A|1|PH,USD,2,6,12.84,BZS,DTC,2024-05-09
|CN|DTCB|UB|mBC|NEU|NEU|Information|BZS Info,BZS Info|TXT|National|A:A|1|EX,USD,0,3,0.0,BZS,DTC,2024-05-09
|CN|DTCB|UB|mBC|NEU|NEU|Information|BZS Info,BZS Info|TXT|National|A:A|1|EX,USD,1,6,11.02,BZS,DTC,2024-05-09
|CN|DTCB|UB|mBC|NEU|NEU|Information|BZS Info,BZS Info|TXT|National|A:A|1|PH,USD,4,47,30.35,BZS,DTC,2024-05-09
|CN|DTCB|UB|mBC|NEU|NEU|Information|BZS Info,BZS Info|TXT|National|A:A|1|PH,USD,2,26,13.05,BZS,DTC,2024-05-09
|CN|DTCB|UB|mBC|NEU|NEU|Information|BZS Info,BZS Info|TXT|National|A:A|1|PH,USD,3,28,11.99,BZS,DTC,2024-05-09
|CN|DTCB|UB|mBC|NEU|NEU|Resources|BZS Resources,BZS Resources|TXT|National|A:A|1|PH,USD,0,12,0.0,BZS,DTC,2024-05-09
|CN|DTCB|UB|mBC|NEU|NEU|Resources|BZS Resources,BZS Resources|TXT|National|A:A|1|PH,USD,2,5,11.34,BZS,DTC,2024-05-09
|CN|DTCB|UB|mBC|NEU|NEU|Resources|BZS Resources,BZS Safety|TXT|National|A:A|1|PH,USD,4,13,22.9,BZS,DTC,2024-05-09
|CN|DTCB|UB|mBC|NEU|NEU|Resources|BZS Resources,BZS Trial|TXT|National|A:A|1|PH,USD,0,2,0.0,BZS,DTC,2024-05-09
|CN|DTCB|UB|mBC|NEU|NEU|Resources|BZS Resources,BZS Trial|TXT|National|A:A|1|PH,USD,2,19,12.06,BZS,DTC,2024-05-09
|CN|DTCB|UB|mBC|NEU|NEU|Resources|BZS Resources,BZS Understanding|TXT|National|A:A|1|EX,USD,0,3,0.0,BZS,DTC,2024-05-09
|CN|DTCB|UB|mBC|NEU|NEU|Resources|BZS Resources,BZS Understanding|TXT|National|A:A|1|PH,USD,1,11,5.17,BZS,DTC,2024-05-09
|CN|DTCB|UB|mBC|NEU|NEU|Treatment|BZS Treatment,BZS Treatment|TXT|National|A:A|1|EX,USD,0,2,0.0,BZS,DTC,2024-05-09
|CN|DTCB|UB|mBC|NEU|NEU|Treatment|BZS Treatment,BZS Treatment|TXT|National|A:A|1|EX,USD,0,2,0.0,BZS,DTC,2024-05-09
|CN|DTCB|UB|mBC|NEU|NEU|Treatment|BZS Treatment,BZS Treatment|TXT|National|A:A|1|PH,USD,2,22,11.42,BZS,DTC,2024-05-09
|CN|DTCB|UB|mBC|NEU|NEU|Treatment|BZS Treatment,BZS Treatment|TXT|National|A:A|1|PH,USD,2,36,10.08,BZS,DTC,2024-05-09
|CN|DTCB|UB|mBC|NEU|NEU|Treatment|BZS Treatment,BZS Treatment|TXT|National|A:A|1|PH,USD,0,4,0.0,BZS,DTC,2024-05-09
|CN|DTCB|UB|mBC|NEU|NEU|Treatment|Treatment,Management|TXT|National|A:A|1|EX,USD,2,56,11.17,BZS,DTC,2024-05-09
|CN|DTCB|UB|mBC|NEU|NEU|Treatment|Treatment,Management|TXT|National|A:A|1|PH,USD,6,55,36.06,BZS,DTC,2024-05-09
|CN|DTCB|UB|mBC|NEU|NEU|Treatment|Treatment,Side Effects|TXT|National|A:A|1|EX,USD,1,6,4.45,BZS,DTC,2024-05-09
|CN|DTCB|UB|mBC|NEU|NEU|Treatment|Treatment,Side Effects|TXT|National|A:A|1|PH,USD,1,4,3.86,BZS,DTC,2024-05-09
|CN|DTCB|UB|mBC|NEU|NEU|Treatment|Treatment,Therapy|TXT|National|A:A|1|EX,USD,0,14,0.0,BZS,DTC,2024-05-09
|CN|DTCB|UB|mBC|NEU|NEU|Treatment|Treatment,Therapy|TXT|National|A:A|1|PH,USD,0,25,0.0,BZS,DTC,2024-05-09
|CN|DTCB|UB|mBC|NEU|NEU|Treatment|Treatment Priority,Treatment|TXT|National|A:A|1|EX,USD,0,0,0.0,BZS,DTC,2024-05-09
|CN|DTCB|UB|mBC|NEU|NEU|Treatment|Treatment Priority,Treatment|TXT|National|A:A|1|PH,USD,1,30,6.71,BZS,DTC,2024-05-09
|CN|DTCB|BR|mBC|NEU|NEU|Competitive|Competitor,Competitors|TXT|National|A:A|1|EX,USD,5,92,29.06,BZS,DTC,2024-05-10
|CN|DTCB|BR|mBC|NEU|NEU|Competitive|Competitor,Competitors|TXT|National|A:A|1|PH,USD,3,101,18.25,BZS,DTC,2024-05-10
|CN|DTCB|BR|mBC|NEU|NEU|Competitive|Competitor,Competitor|TXT|National|A:A|1|EX,USD,1,73,14.88,BZS,DTC,2024-05-10
|CN|DTCB|BR|mBC|NEU|NEU|Competitive|Competitor,Competitor|TXT|National|A:A|1|PH,USD,1,89,10.89,BZS,DTC,2024-05-10
|CN|DTCB|BR|mBC|NEU|NEU|Condition|BZS,BZS|TXT|National|A:A|1|EX,USD,1,4,6.86,BZS,DTC,2024-05-10
|CN|DTCB|BR|mBC|NEU|NEU|Condition|BZS,BZS|TXT|National|A:A|1|PH,USD,17,165,204.02,BZS,DTC,2024-05-10
|CN|DTCB|BR|mBC|NEU|NEU|Condition|BZS,BZS|TXT|National|A:A|1|PH,USD,1,9,18.52,BZS,DTC,2024-05-10
|CN|DTCB|BR|mBC|NEU|NEU|Core|Alone,Alone|TXT|National|A:A|1|EX,USD,52,242,335.4,BZS,DTC,2024-05-10
|CN|DTCB|BR|mBC|NEU|NEU|Core|Alone,Alone|TXT|National|A:A|1|PH,USD,19,333,206.82,BZS,DTC,2024-05-10
|CN|DTCB|BR|mBC|NEU|NEU|Core|Branded,Alone|TXT|National|A:A|1|EX,USD,1,6,11.48,BZS,DTC,2024-05-10
|CN|DTCB|BR|mBC|NEU|NEU|Core|Branded,Alone|TXT|National|A:A|1|PH,USD,0,5,0.0,BZS,DTC,2024-05-10
|CN|DTCB|BR|mBC|NEU|NEU|Information|Info,Dosing|TXT|National|A:A|1|EX,USD,1,4,6.84,BZS,DTC,2024-05-10
|CN|DTCB|BR|mBC|NEU|NEU|Information|Info,Info|TXT|National|A:A|1|EX,USD,1,21,5.28,BZS,DTC,2024-05-10
|CN|DTCB|BR|mBC|NEU|NEU|Information|Info,Resources|TXT|National|A:A|1|EX,USD,1,7,7.74,BZS,DTC,2024-05-10
|CN|DTCB|BR|mBC|NEU|NEU|Information|Info,Results|TXT|National|A:A|1|EX,USD,0,1,0.0,BZS,DTC,2024-05-10
|CN|DTCB|BR|mBC|NEU|NEU|Information|Info,Results|TXT|National|A:A|1|EX,USD,0,1,0.0,BZS,DTC,2024-05-10
|CN|DTCB|BR|mBC|NEU|NEU|Information|Info,Results|TXT|National|A:A|1|PH,USD,0,1,0.0,BZS,DTC,2024-05-10
|CN|DTCB|BR|mBC|NEU|NEU|Information|Info,Results|TXT|National|A:A|1|PH,USD,0,1,0.0,BZS,DTC,2024-05-10
|CN|DTCB|BR|mBC|NEU|NEU|Information|Info,Risk|TXT|National|A:A|1|EX,USD,5,23,34.4,BZS,DTC,2024-05-10
|CN|DTCB|BR|mBC|NEU|NEU|Information|Info,Risk|TXT|National|A:A|1|PH,USD,2,6,20.82,BZS,DTC,2024-05-10
|CN|DTCB|BR|mBC|NEU|NEU|Information|Info,Safety|TXT|National|A:A|1|EX,USD,6,40,45.78,BZS,DTC,2024-05-10
|CN|DTCB|BR|mBC|NEU|NEU|Information|Info,Safety|TXT|National|A:A|1|PH,USD,0,5,0.0,BZS,DTC,2024-05-10
|CN|DTCB|BR|mBC|NEU|NEU|Information|Info,Study|TXT|National|A:A|1|EX,USD,0,4,0.0,BZS,DTC,2024-05-10
|CN|DTCB|BR|mBC|NEU|NEU|Information|Info,Study|TXT|National|A:A|1|PH,USD,0,4,0.0,BZS,DTC,2024-05-10
|CN|DTCB|BR|mBC|NEU|NEU|Information|Info,Treatment|TXT|National|A:A|1|EX,USD,9,46,98.28,BZS,DTC,2024-05-10
|CN|DTCB|BR|mBC|NEU|NEU|Information|Info,Treatment|TXT|National|A:A|1|PH,USD,0,13,0.0,BZS,DTC,2024-05-10
|CN|DTCB|BR|mBC|NEU|NEU|Information|Info,Understanding|TXT|National|A:A|1|EX,USD,0,5,0.0,BZS,DTC,2024-05-10
|CN|DTCB|BR|mBC|NEU|NEU|Information|Info,Understanding|TXT|National|A:A|1|PH,USD,0,1,0.0,BZS,DTC,2024-05-10
|CN|DTCB|UB|mBC|NEU|NEU|Condition|BZS Condition,BZS General|TXT|National|A:A|1|EX,USD,0,0,0.0,BZS,DTC,2024-05-10
|CN|DTCB|UB|mBC|NEU|NEU|Condition|BZS Condition,BZS General|TXT|National|A:A|1|EX,USD,4,10,44.55,BZS,DTC,2024-05-10
|CN|DTCB|UB|mBC|NEU|NEU|Condition|BZS Condition,BZS General|TXT|National|A:A|1|PH,USD,0,2,0.0,BZS,DTC,2024-05-10
|CN|DTCB|UB|mBC|NEU|NEU|Condition|BZS Condition,BZS General|TXT|National|A:A|1|PH,USD,7,67,75.45,BZS,DTC,2024-05-10
|CN|DTCB|UB|mBC|NEU|NEU|Condition|BZS Condition,BZS general|TXT|National|A:A|1|EX,USD,6,13,22.23,BZS,DTC,2024-05-10
|CN|DTCB|UB|mBC|NEU|NEU|Condition|BZS Condition,BZS general|TXT|National|A:A|1|PH,USD,4,63,20.72,BZS,DTC,2024-05-10
|CN|DTCB|UB|mBC|NEU|NEU|Condition|BZS ITT Condition,BZS general|TXT|National|A:A|1|PH,USD,2,2,19.64,BZS,DTC,2024-05-10
|CN|DTCB|UB|mBC|NEU|NEU|Condition|Condition,Alone|TXT|National|A:A|1|EX,USD,3,40,20.32,BZS,DTC,2024-05-10
|CN|DTCB|UB|mBC|NEU|NEU|Condition|Condition,Alone|TXT|National|A:A|1|PH,USD,6,159,40.79,BZS,DTC,2024-05-10
|CN|DTCB|UB|mBC|NEU|NEU|Core|BZS,BZS|TXT|National|A:A|1|EX,USD,0,0,0.0,BZS,DTC,2024-05-10
|CN|DTCB|UB|mBC|NEU|NEU|Core|BZS,BZS|TXT|National|A:A|1|EX,USD,0,7,0.0,BZS,DTC,2024-05-10
|CN|DTCB|UB|mBC|NEU|NEU|Core|BZS,BZS|TXT|National|A:A|1|PH,USD,1,29,4.6899999999999995,BZS,DTC,2024-05-10
|CN|DTCB|UB|mBC|NEU|NEU|Core|BZS,BZS|TXT|National|A:A|1|PH,USD,2,17,14.05,BZS,DTC,2024-05-10
|CN|DTCB|UB|mBC|NEU|NEU|Core|BZS+,About|TXT|National|A:A|1|EX,USD,0,3,0.0,BZS,DTC,2024-05-10
|CN|DTCB|UB|mBC|NEU|NEU|Core|BZS+,About|TXT|National|A:A|1|PH,USD,3,83,19.53,BZS,DTC,2024-05-10
|CN|DTCB|UB|mBC|NEU|NEU|Core|BZS+,Causes|TXT|National|A:A|1|EX,USD,0,1,0.0,BZS,DTC,2024-05-10
|CN|DTCB|UB|mBC|NEU|NEU|Core|BZS+,Causes|TXT|National|A:A|1|PH,USD,1,4,8.57,BZS,DTC,2024-05-10
|CN|DTCB|UB|mBC|NEU|NEU|Core|BZS+,Information|TXT|National|A:A|1|PH,USD,0,14,0.0,BZS,DTC,2024-05-10
|CN|DTCB|UB|mBC|NEU|NEU|Core|BZS+,Medication|TXT|National|A:A|1|PH,USD,0,27,0.0,BZS,DTC,2024-05-10
|CN|DTCB|UB|mBC|NEU|NEU|Core|BZS+,Study|TXT|National|A:A|1|PH,USD,2,31,10.84,BZS,DTC,2024-05-10
|CN|DTCB|UB|mBC|NEU|NEU|Core|BZS+,Symptoms|TXT|National|A:A|1|EX,USD,0,3,0.0,BZS,DTC,2024-05-10
|CN|DTCB|UB|mBC|NEU|NEU|Core|BZS+,Symptoms|TXT|National|A:A|1|PH,USD,0,18,0.0,BZS,DTC,2024-05-10
|CN|DTCB|UB|mBC|NEU|NEU|Core|BZS+,What Is|TXT|National|A:A|1|EX,USD,3,21,15.49,BZS,DTC,2024-05-10
|CN|DTCB|UB|mBC|NEU|NEU|Core|BZS+,What Is|TXT|National|A:A|1|PH,USD,0,19,0.0,BZS,DTC,2024-05-10
|CN|DTCB|UB|mBC|NEU|NEU|Information|BZS Info,BZS Info|TXT|National|A:A|1|EX,USD,0,3,0.0,BZS,DTC,2024-05-10
|CN|DTCB|UB|mBC|NEU|NEU|Information|BZS Info,BZS Info|TXT|National|A:A|1|EX,USD,0,6,0.0,BZS,DTC,2024-05-10
|CN|DTCB|UB|mBC|NEU|NEU|Information|BZS Info,BZS Info|TXT|National|A:A|1|PH,USD,3,16,10.13,BZS,DTC,2024-05-10
|CN|DTCB|UB|mBC|NEU|NEU|Information|BZS Info,BZS Info|TXT|National|A:A|1|PH,USD,6,36,47.92,BZS,DTC,2024-05-10
|CN|DTCB|UB|mBC|NEU|NEU|Information|BZS Info,BZS Info|TXT|National|A:A|1|PH,USD,1,15,6.62,BZS,DTC,2024-05-10
|CN|DTCB|UB|mBC|NEU|NEU|Resources|BZS Resources,BZS Resources|TXT|National|A:A|1|EX,USD,0,1,0.0,BZS,DTC,2024-05-10
|CN|DTCB|UB|mBC|NEU|NEU|Resources|BZS Resources,BZS Resources|TXT|National|A:A|1|PH,USD,0,18,0.0,BZS,DTC,2024-05-10
|CN|DTCB|UB|mBC|NEU|NEU|Resources|BZS Resources,BZS Resources|TXT|National|A:A|1|PH,USD,0,7,0.0,BZS,DTC,2024-05-10
|CN|DTCB|UB|mBC|NEU|NEU|Resources|BZS Resources,BZS Safety|TXT|National|A:A|1|PH,USD,0,3,0.0,BZS,DTC,2024-05-10
|CN|DTCB|UB|mBC|NEU|NEU|Resources|BZS Resources,BZS Safety|TXT|National|A:A|1|PH,USD,2,21,12.05,BZS,DTC,2024-05-10
|CN|DTCB|UB|mBC|NEU|NEU|Resources|BZS Resources,BZS Trial|TXT|National|A:A|1|PH,USD,2,3,11.05,BZS,DTC,2024-05-10
|CN|DTCB|UB|mBC|NEU|NEU|Resources|BZS Resources,BZS Trial|TXT|National|A:A|1|PH,USD,4,67,24.8,BZS,DTC,2024-05-10
|CN|DTCB|UB|mBC|NEU|NEU|Resources|BZS Resources,BZS Understanding|TXT|National|A:A|1|EX,USD,0,6,0.0,BZS,DTC,2024-05-10
|CN|DTCB|UB|mBC|NEU|NEU|Resources|BZS Resources,BZS Understanding|TXT|National|A:A|1|PH,USD,0,3,0.0,BZS,DTC,2024-05-10
|CN|DTCB|UB|mBC|NEU|NEU|Resources|BZS Resources,BZS Understanding|TXT|National|A:A|1|PH,USD,1,15,5.05,BZS,DTC,2024-05-10
|CN|DTCB|UB|mBC|NEU|NEU|Treatment|BZS Treatment,BZS Treatment|TXT|National|A:A|1|EX,USD,0,4,0.0,BZS,DTC,2024-05-10
|CN|DTCB|UB|mBC|NEU|NEU|Treatment|BZS Treatment,BZS Treatment|TXT|National|A:A|1|PH,USD,2,33,9.29,BZS,DTC,2024-05-10
|CN|DTCB|UB|mBC|NEU|NEU|Treatment|BZS Treatment,BZS Treatment|TXT|National|A:A|1|PH,USD,0,1,0.0,BZS,DTC,2024-05-10
|CN|DTCB|UB|mBC|NEU|NEU|Treatment|BZS Treatment,BZS Treatment|TXT|National|A:A|1|PH,USD,1,42,6.45,BZS,DTC,2024-05-10
|CN|DTCB|UB|mBC|NEU|NEU|Treatment|Treatment,Management|TXT|National|A:A|1|EX,USD,1,28,7.4,BZS,DTC,2024-05-10
|CN|DTCB|UB|mBC|NEU|NEU|Treatment|Treatment,Management|TXT|National|A:A|1|PH,USD,0,23,0.0,BZS,DTC,2024-05-10
|CN|DTCB|UB|mBC|NEU|NEU|Treatment|Treatment,Side Effects|TXT|National|A:A|1|EX,USD,2,9,8.17,BZS,DTC,2024-05-10
|CN|DTCB|UB|mBC|NEU|NEU|Treatment|Treatment,Side Effects|TXT|National|A:A|1|PH,USD,1,8,3.3,BZS,DTC,2024-05-10
|CN|DTCB|UB|mBC|NEU|NEU|Treatment|Treatment,Therapy|TXT|National|A:A|1|EX,USD,0,13,0.0,BZS,DTC,2024-05-10
|CN|DTCB|UB|mBC|NEU|NEU|Treatment|Treatment,Therapy|TXT|National|A:A|1|PH,USD,1,23,5.74,BZS,DTC,2024-05-10
|CN|DTCB|UB|mBC|NEU|NEU|Treatment|Treatment Priority,Treatment|TXT|National|A:A|1|EX,USD,0,1,0.0,BZS,DTC,2024-05-10
|CN|DTCB|UB|mBC|NEU|NEU|Treatment|Treatment Priority,Treatment|TXT|National|A:A|1|PH,USD,2,31,17.0,BZS,DTC,2024-05-10
|CN|DTCB|BR|mBC|NEU|NEU|Competitive|Competitor,Competitors|TXT|National|A:A|1|EX,USD,1,40,7.08,BZS,DTC,2024-05-11
|CN|DTCB|BR|mBC|NEU|NEU|Competitive|Competitor,Competitors|TXT|National|A:A|1|PH,USD,9,47,53.46,BZS,DTC,2024-05-11
|CN|DTCB|BR|mBC|NEU|NEU|Competitive|Competitor,Competitor|TXT|National|A:A|1|EX,USD,1,99,8.14,BZS,DTC,2024-05-11
|CN|DTCB|BR|mBC|NEU|NEU|Competitive|Competitor,Competitor|TXT|National|A:A|1|PH,USD,1,147,14.09,BZS,DTC,2024-05-11
|CN|DTCB|BR|mBC|NEU|NEU|Condition|BZS,BZS|TXT|National|A:A|1|EX,USD,0,3,0.0,BZS,DTC,2024-05-11
|CN|DTCB|BR|mBC|NEU|NEU|Condition|BZS,BZS|TXT|National|A:A|1|PH,USD,15,143,164.28,BZS,DTC,2024-05-11
|CN|DTCB|BR|mBC|NEU|NEU|Condition|BZS,BZS|TXT|National|A:A|1|PH,USD,1,31,19.99,BZS,DTC,2024-05-11
|CN|DTCB|BR|mBC|NEU|NEU|Core|Alone,Alone|TXT|National|A:A|1|EX,USD,35,185,218.46,BZS,DTC,2024-05-11
|CN|DTCB|BR|mBC|NEU|NEU|Core|Alone,Alone|TXT|National|A:A|1|PH,USD,26,248,294.74,BZS,DTC,2024-05-11
|CN|DTCB|BR|mBC|NEU|NEU|Core|Branded,Alone|TXT|National|A:A|1|EX,USD,1,9,11.7,BZS,DTC,2024-05-11
|CN|DTCB|BR|mBC|NEU|NEU|Core|Branded,Alone|TXT|National|A:A|1|PH,USD,0,12,0.0,BZS,DTC,2024-05-11
|CN|DTCB|BR|mBC|NEU|NEU|Information|Info,Dosing|TXT|National|A:A|1|EX,USD,1,2,5.36,BZS,DTC,2024-05-11
|CN|DTCB|BR|mBC|NEU|NEU|Information|Info,Dosing|TXT|National|A:A|1|PH,USD,0,4,0.0,BZS,DTC,2024-05-11
|CN|DTCB|BR|mBC|NEU|NEU|Information|Info,Info|TXT|National|A:A|1|EX,USD,4,25,26.11,BZS,DTC,2024-05-11
|CN|DTCB|BR|mBC|NEU|NEU|Information|Info,Resources|TXT|National|A:A|1|EX,USD,3,6,20.73,BZS,DTC,2024-05-11
|CN|DTCB|BR|mBC|NEU|NEU|Information|Info,Results|TXT|National|A:A|1|EX,USD,0,3,0.0,BZS,DTC,2024-05-11
|CN|DTCB|BR|mBC|NEU|NEU|Information|Info,Results|TXT|National|A:A|1|PH,USD,0,3,0.0,BZS,DTC,2024-05-11
|CN|DTCB|BR|mBC|NEU|NEU|Information|Info,Results|TXT|National|A:A|1|PH,USD,0,1,0.0,BZS,DTC,2024-05-11
|CN|DTCB|BR|mBC|NEU|NEU|Information|Info,Risk|TXT|National|A:A|1|EX,USD,2,30,17.37,BZS,DTC,2024-05-11
|CN|DTCB|BR|mBC|NEU|NEU|Information|Info,Risk|TXT|National|A:A|1|PH,USD,0,6,0.0,BZS,DTC,2024-05-11
|CN|DTCB|BR|mBC|NEU|NEU|Information|Info,Safety|TXT|National|A:A|1|EX,USD,5,42,31.23,BZS,DTC,2024-05-11
|CN|DTCB|BR|mBC|NEU|NEU|Information|Info,Safety|TXT|National|A:A|1|PH,USD,0,1,0.0,BZS,DTC,2024-05-11
|CN|DTCB|BR|mBC|NEU|NEU|Information|Info,Study|TXT|National|A:A|1|EX,USD,0,7,0.0,BZS,DTC,2024-05-11
|CN|DTCB|BR|mBC|NEU|NEU|Information|Info,Study|TXT|National|A:A|1|PH,USD,1,5,10.89,BZS,DTC,2024-05-11
|CN|DTCB|BR|mBC|NEU|NEU|Information|Info,Treatment|TXT|National|A:A|1|EX,USD,10,30,115.73,BZS,DTC,2024-05-11
|CN|DTCB|BR|mBC|NEU|NEU|Information|Info,Treatment|TXT|National|A:A|1|PH,USD,1,9,10.21,BZS,DTC,2024-05-11
|CN|DTCB|BR|mBC|NEU|NEU|Information|Info,Understanding|TXT|National|A:A|1|EX,USD,0,2,0.0,BZS,DTC,2024-05-11
|CN|DTCB|BR|mBC|NEU|NEU|Information|Info,Understanding|TXT|National|A:A|1|PH,USD,0,1,0.0,BZS,DTC,2024-05-11
|CN|DTCB|UB|mBC|NEU|NEU|Condition|BZS Condition,BZS General|TXT|National|A:A|1|EX,USD,4,26,43.39,BZS,DTC,2024-05-11
|CN|DTCB|UB|mBC|NEU|NEU|Condition|BZS Condition,BZS General|TXT|National|A:A|1|PH,USD,1,1,6.08,BZS,DTC,2024-05-11
|CN|DTCB|UB|mBC|NEU|NEU|Condition|BZS Condition,BZS General|TXT|National|A:A|1|PH,USD,6,141,62.92,BZS,DTC,2024-05-11
|CN|DTCB|UB|mBC|NEU|NEU|Condition|BZS Condition,BZS general|TXT|National|A:A|1|EX,USD,1,12,6.82,BZS,DTC,2024-05-11
|CN|DTCB|UB|mBC|NEU|NEU|Condition|BZS Condition,BZS general|TXT|National|A:A|1|PH,USD,7,64,33.69,BZS,DTC,2024-05-11
|CN|DTCB|UB|mBC|NEU|NEU|Condition|BZS ITT Condition,BZS general|TXT|National|A:A|1|EX,USD,0,1,0.0,BZS,DTC,2024-05-11
|CN|DTCB|UB|mBC|NEU|NEU|Condition|BZS ITT Condition,BZS general|TXT|National|A:A|1|PH,USD,2,8,14.17,BZS,DTC,2024-05-11
|CN|DTCB|UB|mBC|NEU|NEU|Condition|Condition,Alone|TXT|National|A:A|1|EX,USD,2,36,13.78,BZS,DTC,2024-05-11
|CN|DTCB|UB|mBC|NEU|NEU|Condition|Condition,Alone|TXT|National|A:A|1|PH,USD,6,151,41.02,BZS,DTC,2024-05-11
|CN|DTCB|UB|mBC|NEU|NEU|Core|BZS,BZS|TXT|National|A:A|1|EX,USD,0,0,0.0,BZS,DTC,2024-05-11
|CN|DTCB|UB|mBC|NEU|NEU|Core|BZS,BZS|TXT|National|A:A|1|EX,USD,0,6,0.0,BZS,DTC,2024-05-11
|CN|DTCB|UB|mBC|NEU|NEU|Core|BZS,BZS|TXT|National|A:A|1|PH,USD,0,17,0.0,BZS,DTC,2024-05-11
|CN|DTCB|UB|mBC|NEU|NEU|Core|BZS,BZS|TXT|National|A:A|1|PH,USD,1,6,6.99,BZS,DTC,2024-05-11
|CN|DTCB|UB|mBC|NEU|NEU|Core|BZS+,About|TXT|National|A:A|1|EX,USD,0,6,0.0,BZS,DTC,2024-05-11
|CN|DTCB|UB|mBC|NEU|NEU|Core|BZS+,About|TXT|National|A:A|1|PH,USD,2,51,12.77,BZS,DTC,2024-05-11
|CN|DTCB|UB|mBC|NEU|NEU|Core|BZS+,Causes|TXT|National|A:A|1|EX,USD,0,1,0.0,BZS,DTC,2024-05-11
|CN|DTCB|UB|mBC|NEU|NEU|Core|BZS+,Causes|TXT|National|A:A|1|PH,USD,0,1,0.0,BZS,DTC,2024-05-11
|CN|DTCB|UB|mBC|NEU|NEU|Core|BZS+,Information|TXT|National|A:A|1|PH,USD,0,13,0.0,BZS,DTC,2024-05-11
|CN|DTCB|UB|mBC|NEU|NEU|Core|BZS+,Medication|TXT|National|A:A|1|PH,USD,3,44,19.07,BZS,DTC,2024-05-11
|CN|DTCB|UB|mBC|NEU|NEU|Core|BZS+,Study|TXT|National|A:A|1|PH,USD,1,24,5.4,BZS,DTC,2024-05-11
|CN|DTCB|UB|mBC|NEU|NEU|Core|BZS+,Symptoms|TXT|National|A:A|1|EX,USD,0,1,0.0,BZS,DTC,2024-05-11
|CN|DTCB|UB|mBC|NEU|NEU|Core|BZS+,Symptoms|TXT|National|A:A|1|PH,USD,0,8,0.0,BZS,DTC,2024-05-11
|CN|DTCB|UB|mBC|NEU|NEU|Core|BZS+,What Is|TXT|National|A:A|1|EX,USD,2,15,8.58,BZS,DTC,2024-05-11
|CN|DTCB|UB|mBC|NEU|NEU|Core|BZS+,What Is|TXT|National|A:A|1|PH,USD,1,17,5.8100000000000005,BZS,DTC,2024-05-11
|CN|DTCB|UB|mBC|NEU|NEU|Information|BZS Info,BZS Info|TXT|National|A:A|1|EX,USD,0,6,0.0,BZS,DTC,2024-05-11
|CN|DTCB|UB|mBC|NEU|NEU|Information|BZS Info,BZS Info|TXT|National|A:A|1|EX,USD,1,4,6.8100000000000005,BZS,DTC,2024-05-11
|CN|DTCB|UB|mBC|NEU|NEU|Information|BZS Info,BZS Info|TXT|National|A:A|1|EX,USD,0,1,0.0,BZS,DTC,2024-05-11
|CN|DTCB|UB|mBC|NEU|NEU|Information|BZS Info,BZS Info|TXT|National|A:A|1|PH,USD,1,6,6.52,BZS,DTC,2024-05-11
|CN|DTCB|UB|mBC|NEU|NEU|Information|BZS Info,BZS Info|TXT|National|A:A|1|PH,USD,3,19,24.17,BZS,DTC,2024-05-11
|CN|DTCB|UB|mBC|NEU|NEU|Information|BZS Info,BZS Info|TXT|National|A:A|1|PH,USD,2,72,10.44,BZS,DTC,2024-05-11
|CN|DTCB|UB|mBC|NEU|NEU|Resources|BZS Resources,BZS Resources|TXT|National|A:A|1|PH,USD,1,12,6.03,BZS,DTC,2024-05-11
|CN|DTCB|UB|mBC|NEU|NEU|Resources|BZS Resources,BZS Resources|TXT|National|A:A|1|PH,USD,2,12,11.34,BZS,DTC,2024-05-11
|CN|DTCB|UB|mBC|NEU|NEU|Resources|BZS Resources,BZS Safety|TXT|National|A:A|1|PH,USD,1,22,5.77,BZS,DTC,2024-05-11
|CN|DTCB|UB|mBC|NEU|NEU|Resources|BZS Resources,BZS Safety|TXT|National|A:A|1|PH,USD,0,1,0.0,BZS,DTC,2024-05-11
|CN|DTCB|UB|mBC|NEU|NEU|Resources|BZS Resources,BZS Trial|TXT|National|A:A|1|EX,USD,0,1,0.0,BZS,DTC,2024-05-11
|CN|DTCB|UB|mBC|NEU|NEU|Resources|BZS Resources,BZS Trial|TXT|National|A:A|1|PH,USD,3,48,16.32,BZS,DTC,2024-05-11
|CN|DTCB|UB|mBC|NEU|NEU|Resources|BZS Resources,BZS Trial|TXT|National|A:A|1|PH,USD,0,2,0.0,BZS,DTC,2024-05-11
|CN|DTCB|UB|mBC|NEU|NEU|Resources|BZS Resources,BZS Trial|TXT|National|A:A|1|PH,USD,1,2,7.03,BZS,DTC,2024-05-11
|CN|DTCB|UB|mBC|NEU|NEU|Resources|BZS Resources,BZS Understanding|TXT|National|A:A|1|EX,USD,0,4,0.0,BZS,DTC,2024-05-11
|CN|DTCB|UB|mBC|NEU|NEU|Resources|BZS Resources,BZS Understanding|TXT|National|A:A|1|PH,USD,2,23,9.31,BZS,DTC,2024-05-11
|CN|DTCB|UB|mBC|NEU|NEU|Resources|BZS Resources,BZS Understanding|TXT|National|A:A|1|PH,USD,0,2,0.0,BZS,DTC,2024-05-11
|CN|DTCB|UB|mBC|NEU|NEU|Treatment|BZS Treatment,BZS Treatment|TXT|National|A:A|1|EX,USD,0,2,0.0,BZS,DTC,2024-05-11
|CN|DTCB|UB|mBC|NEU|NEU|Treatment|BZS Treatment,BZS Treatment|TXT|National|A:A|1|EX,USD,0,0,0.0,BZS,DTC,2024-05-11
|CN|DTCB|UB|mBC|NEU|NEU|Treatment|BZS Treatment,BZS Treatment|TXT|National|A:A|1|PH,USD,2,66,8.74,BZS,DTC,2024-05-11
|CN|DTCB|UB|mBC|NEU|NEU|Treatment|BZS Treatment,BZS Treatment|TXT|National|A:A|1|PH,USD,2,53,10.47,BZS,DTC,2024-05-11
|CN|DTCB|UB|mBC|NEU|NEU|Treatment|Treatment,Management|TXT|National|A:A|1|EX,USD,0,11,0.0,BZS,DTC,2024-05-11
|CN|DTCB|UB|mBC|NEU|NEU|Treatment|Treatment,Management|TXT|National|A:A|1|PH,USD,1,24,7.37,BZS,DTC,2024-05-11
|CN|DTCB|UB|mBC|NEU|NEU|Treatment|Treatment,Side Effects|TXT|National|A:A|1|EX,USD,1,2,3.44,BZS,DTC,2024-05-11
|CN|DTCB|UB|mBC|NEU|NEU|Treatment|Treatment,Therapy|TXT|National|A:A|1|EX,USD,1,8,6.16,BZS,DTC,2024-05-11
|CN|DTCB|UB|mBC|NEU|NEU|Treatment|Treatment,Therapy|TXT|National|A:A|1|PH,USD,1,23,5.54,BZS,DTC,2024-05-11
|CN|DTCB|UB|mBC|NEU|NEU|Treatment|Treatment Priority,Treatment|TXT|National|A:A|1|EX,USD,0,2,0.0,BZS,DTC,2024-05-11
|CN|DTCB|UB|mBC|NEU|NEU|Treatment|Treatment Priority,Treatment|TXT|National|A:A|1|PH,USD,2,76,15.16,BZS,DTC,2024-05-11
|CN|DTCB|BR|mBC|NEU|NEU|Competitive|Competitor,Competitors|TXT|National|A:A|1|EX,USD,2,35,14.49,BZS,DTC,2024-05-12
|CN|DTCB|BR|mBC|NEU|NEU|Competitive|Competitor,Competitors|TXT|National|A:A|1|PH,USD,7,51,41.43,BZS,DTC,2024-05-12
|CN|DTCB|BR|mBC|NEU|NEU|Competitive|Competitor,Competitor|TXT|National|A:A|1|EX,USD,1,195,9.5,BZS,DTC,2024-05-12
|CN|DTCB|BR|mBC|NEU|NEU|Competitive|Competitor,Competitor|TXT|National|A:A|1|PH,USD,1,183,14.46,BZS,DTC,2024-05-12
|CN|DTCB|BR|mBC|NEU|NEU|Condition|BZS,BZS|TXT|National|A:A|1|EX,USD,1,7,6.32,BZS,DTC,2024-05-12
|CN|DTCB|BR|mBC|NEU|NEU|Condition|BZS,BZS|TXT|National|A:A|1|EX,USD,0,4,0.0,BZS,DTC,2024-05-12
|CN|DTCB|BR|mBC|NEU|NEU|Condition|BZS,BZS|TXT|National|A:A|1|PH,USD,17,277,199.55,BZS,DTC,2024-05-12
|CN|DTCB|BR|mBC|NEU|NEU|Condition|BZS,BZS|TXT|National|A:A|1|PH,USD,7,67,121.48,BZS,DTC,2024-05-12
|CN|DTCB|BR|mBC|NEU|NEU|Core|Alone,Alone|TXT|National|A:A|1|EX,USD,118,667,728.49,BZS,DTC,2024-05-12
|CN|DTCB|BR|mBC|NEU|NEU|Core|Alone,Alone|TXT|National|A:A|1|PH,USD,61,692,693.62,BZS,DTC,2024-05-12
|CN|DTCB|BR|mBC|NEU|NEU|Core|Branded,Alone|TXT|National|A:A|1|EX,USD,2,24,26.89,BZS,DTC,2024-05-12
|CN|DTCB|BR|mBC|NEU|NEU|Core|Branded,Alone|TXT|National|A:A|1|PH,USD,4,32,53.22,BZS,DTC,2024-05-12
|CN|DTCB|BR|mBC|NEU|NEU|Information|Info,Dosing|TXT|National|A:A|1|EX,USD,3,14,23.54,BZS,DTC,2024-05-12
|CN|DTCB|BR|mBC|NEU|NEU|Information|Info,Dosing|TXT|National|A:A|1|PH,USD,1,19,7.55,BZS,DTC,2024-05-12
|CN|DTCB|BR|mBC|NEU|NEU|Information|Info,Info|TXT|National|A:A|1|EX,USD,14,71,76.91,BZS,DTC,2024-05-12
|CN|DTCB|BR|mBC|NEU|NEU|Information|Info,Resources|TXT|National|A:A|1|EX,USD,2,17,10.95,BZS,DTC,2024-05-12
|CN|DTCB|BR|mBC|NEU|NEU|Information|Info,Results|TXT|National|A:A|1|EX,USD,0,6,0.0,BZS,DTC,2024-05-12
|CN|DTCB|BR|mBC|NEU|NEU|Information|Info,Results|TXT|National|A:A|1|EX,USD,0,1,0.0,BZS,DTC,2024-05-12
|CN|DTCB|BR|mBC|NEU|NEU|Information|Info,Results|TXT|National|A:A|1|PH,USD,0,12,0.0,BZS,DTC,2024-05-12
|CN|DTCB|BR|mBC|NEU|NEU|Information|Info,Results|TXT|National|A:A|1|PH,USD,0,5,0.0,BZS,DTC,2024-05-12
|CN|DTCB|BR|mBC|NEU|NEU|Information|Info,Risk|TXT|National|A:A|1|EX,USD,12,60,86.89,BZS,DTC,2024-05-12
|CN|DTCB|BR|mBC|NEU|NEU|Information|Info,Risk|TXT|National|A:A|1|PH,USD,1,13,6.5,BZS,DTC,2024-05-12
|CN|DTCB|BR|mBC|NEU|NEU|Information|Info,Safety|TXT|National|A:A|1|EX,USD,14,80,104.35,BZS,DTC,2024-05-12
|CN|DTCB|BR|mBC|NEU|NEU|Information|Info,Safety|TXT|National|A:A|1|PH,USD,0,8,0.0,BZS,DTC,2024-05-12
|CN|DTCB|BR|mBC|NEU|NEU|Information|Info,Study|TXT|National|A:A|1|EX,USD,0,10,0.0,BZS,DTC,2024-05-12
|CN|DTCB|BR|mBC|NEU|NEU|Information|Info,Study|TXT|National|A:A|1|PH,USD,0,13,0.0,BZS,DTC,2024-05-12
|CN|DTCB|BR|mBC|NEU|NEU|Information|Info,Treatment|TXT|National|A:A|1|EX,USD,17,89,177.46,BZS,DTC,2024-05-12
|CN|DTCB|BR|mBC|NEU|NEU|Information|Info,Treatment|TXT|National|A:A|1|PH,USD,2,26,21.71,BZS,DTC,2024-05-12
|CN|DTCB|BR|mBC|NEU|NEU|Information|Info,Understanding|TXT|National|A:A|1|EX,USD,0,13,0.0,BZS,DTC,2024-05-12
|CN|DTCB|BR|mBC|NEU|NEU|Information|Info,Understanding|TXT|National|A:A|1|PH,USD,0,1,0.0,BZS,DTC,2024-05-12
|CN|DTCB|UB|mBC|NEU|NEU|Condition|BZS Condition,BZS General|TXT|National|A:A|1|EX,USD,0,2,0.0,BZS,DTC,2024-05-12
|CN|DTCB|UB|mBC|NEU|NEU|Condition|BZS Condition,BZS General|TXT|National|A:A|1|EX,USD,0,13,0.0,BZS,DTC,2024-05-12
|CN|DTCB|UB|mBC|NEU|NEU|Condition|BZS Condition,BZS General|TXT|National|A:A|1|PH,USD,0,5,0.0,BZS,DTC,2024-05-12
|CN|DTCB|UB|mBC|NEU|NEU|Condition|BZS Condition,BZS General|TXT|National|A:A|1|PH,USD,11,75,124.25,BZS,DTC,2024-05-12
|CN|DTCB|UB|mBC|NEU|NEU|Condition|BZS Condition,BZS general|TXT|National|A:A|1|EX,USD,1,5,3.65,BZS,DTC,2024-05-12
|CN|DTCB|UB|mBC|NEU|NEU|Condition|BZS Condition,BZS general|TXT|National|A:A|1|PH,USD,6,36,37.32,BZS,DTC,2024-05-12
|CN|DTCB|UB|mBC|NEU|NEU|Condition|BZS ITT Condition,BZS general|TXT|National|A:A|1|EX,USD,1,4,8.68,BZS,DTC,2024-05-12
|CN|DTCB|UB|mBC|NEU|NEU|Condition|BZS ITT Condition,BZS general|TXT|National|A:A|1|PH,USD,1,30,6.28,BZS,DTC,2024-05-12
|CN|DTCB|UB|mBC|NEU|NEU|Condition|Condition,Alone|TXT|National|A:A|1|EX,USD,1,36,6.79,BZS,DTC,2024-05-12
|CN|DTCB|UB|mBC|NEU|NEU|Condition|Condition,Alone|TXT|National|A:A|1|PH,USD,7,151,48.44,BZS,DTC,2024-05-12
|CN|DTCB|UB|mBC|NEU|NEU|Core|BZS,BZS|TXT|National|A:A|1|EX,USD,0,2,0.0,BZS,DTC,2024-05-12
|CN|DTCB|UB|mBC|NEU|NEU|Core|BZS,BZS|TXT|National|A:A|1|EX,USD,2,18,17.78,BZS,DTC,2024-05-12
|CN|DTCB|UB|mBC|NEU|NEU|Core|BZS,BZS|TXT|National|A:A|1|PH,USD,1,49,6.34,BZS,DTC,2024-05-12
|CN|DTCB|UB|mBC|NEU|NEU|Core|BZS,BZS|TXT|National|A:A|1|PH,USD,1,48,7.06,BZS,DTC,2024-05-12
|CN|DTCB|UB|mBC|NEU|NEU|Core|BZS+,About|TXT|National|A:A|1|EX,USD,1,4,5.64,BZS,DTC,2024-05-12
|CN|DTCB|UB|mBC|NEU|NEU|Core|BZS+,About|TXT|National|A:A|1|PH,USD,2,17,9.45,BZS,DTC,2024-05-12
|CN|DTCB|UB|mBC|NEU|NEU|Core|BZS+,Causes|TXT|National|A:A|1|EX,USD,0,1,0.0,BZS,DTC,2024-05-12
|CN|DTCB|UB|mBC|NEU|NEU|Core|BZS+,Causes|TXT|National|A:A|1|PH,USD,0,1,0.0,BZS,DTC,2024-05-12
|CN|DTCB|UB|mBC|NEU|NEU|Core|BZS+,Information|TXT|National|A:A|1|PH,USD,0,10,0.0,BZS,DTC,2024-05-12
|CN|DTCB|UB|mBC|NEU|NEU|Core|BZS+,Medication|TXT|National|A:A|1|PH,USD,2,25,14.96,BZS,DTC,2024-05-12
|CN|DTCB|UB|mBC|NEU|NEU|Core|BZS+,Study|TXT|National|A:A|1|PH,USD,0,10,0.0,BZS,DTC,2024-05-12
|CN|DTCB|UB|mBC|NEU|NEU|Core|BZS+,Symptoms|TXT|National|A:A|1|EX,USD,0,4,0.0,BZS,DTC,2024-05-12
|CN|DTCB|UB|mBC|NEU|NEU|Core|BZS+,Symptoms|TXT|National|A:A|1|PH,USD,1,5,5.23,BZS,DTC,2024-05-12
|CN|DTCB|UB|mBC|NEU|NEU|Core|BZS+,What Is|TXT|National|A:A|1|EX,USD,2,8,10.83,BZS,DTC,2024-05-12
|CN|DTCB|UB|mBC|NEU|NEU|Core|BZS+,What Is|TXT|National|A:A|1|PH,USD,1,11,5.96,BZS,DTC,2024-05-12
|CN|DTCB|UB|mBC|NEU|NEU|Information|BZS Info,BZS Info|TXT|National|A:A|1|EX,USD,1,4,4.63,BZS,DTC,2024-05-12
|CN|DTCB|UB|mBC|NEU|NEU|Information|BZS Info,BZS Info|TXT|National|A:A|1|EX,USD,0,3,0.0,BZS,DTC,2024-05-12
|CN|DTCB|UB|mBC|NEU|NEU|Information|BZS Info,BZS Info|TXT|National|A:A|1|PH,USD,0,24,0.0,BZS,DTC,2024-05-12
|CN|DTCB|UB|mBC|NEU|NEU|Information|BZS Info,BZS Info|TXT|National|A:A|1|PH,USD,7,75,48.73,BZS,DTC,2024-05-12
|CN|DTCB|UB|mBC|NEU|NEU|Information|BZS Info,BZS Info|TXT|National|A:A|1|PH,USD,1,35,4.7,BZS,DTC,2024-05-12
|CN|DTCB|UB|mBC|NEU|NEU|Resources|BZS Resources,BZS Resources|TXT|National|A:A|1|EX,USD,0,1,0.0,BZS,DTC,2024-05-12
|CN|DTCB|UB|mBC|NEU|NEU|Resources|BZS Resources,BZS Resources|TXT|National|A:A|1|PH,USD,1,8,5.86,BZS,DTC,2024-05-12
|CN|DTCB|UB|mBC|NEU|NEU|Resources|BZS Resources,BZS Resources|TXT|National|A:A|1|PH,USD,0,6,0.0,BZS,DTC,2024-05-12
|CN|DTCB|UB|mBC|NEU|NEU|Resources|BZS Resources,BZS Safety|TXT|National|A:A|1|PH,USD,0,4,0.0,BZS,DTC,2024-05-12
|CN|DTCB|UB|mBC|NEU|NEU|Resources|BZS Resources,BZS Safety|TXT|National|A:A|1|PH,USD,1,10,5.62,BZS,DTC,2024-05-12
|CN|DTCB|UB|mBC|NEU|NEU|Resources|BZS Resources,BZS Trial|TXT|National|A:A|1|PH,USD,0,2,0.0,BZS,DTC,2024-05-12
|CN|DTCB|UB|mBC|NEU|NEU|Resources|BZS Resources,BZS Trial|TXT|National|A:A|1|PH,USD,5,22,27.39,BZS,DTC,2024-05-12
|CN|DTCB|UB|mBC|NEU|NEU|Resources|BZS Resources,BZS Trial|TXT|National|A:A|1|PH,USD,1,7,4.59,BZS,DTC,2024-05-12
|CN|DTCB|UB|mBC|NEU|NEU|Resources|BZS Resources,BZS Trial|TXT|National|A:A|1|PH,USD,0,1,0.0,BZS,DTC,2024-05-12
|CN|DTCB|UB|mBC|NEU|NEU|Resources|BZS Resources,BZS Understanding|TXT|National|A:A|1|PH,USD,0,0,0.0,BZS,DTC,2024-05-12
|CN|DTCB|UB|mBC|NEU|NEU|Resources|BZS Resources,BZS Understanding|TXT|National|A:A|1|PH,USD,1,6,5.01,BZS,DTC,2024-05-12
|CN|DTCB|UB|mBC|NEU|NEU|Treatment|BZS Treatment,BZS Treatment|TXT|National|A:A|1|EX,USD,0,0,0.0,BZS,DTC,2024-05-12
|CN|DTCB|UB|mBC|NEU|NEU|Treatment|BZS Treatment,BZS Treatment|TXT|National|A:A|1|EX,USD,1,5,6.54,BZS,DTC,2024-05-12
|CN|DTCB|UB|mBC|NEU|NEU|Treatment|BZS Treatment,BZS Treatment|TXT|National|A:A|1|PH,USD,2,11,10.63,BZS,DTC,2024-05-12
|CN|DTCB|UB|mBC|NEU|NEU|Treatment|BZS Treatment,BZS Treatment|TXT|National|A:A|1|PH,USD,1,76,3.82,BZS,DTC,2024-05-12
|CN|DTCB|UB|mBC|NEU|NEU|Treatment|BZS Treatment,BZS Treatment|TXT|National|A:A|1|PH,USD,0,2,0.0,BZS,DTC,2024-05-12
|CN|DTCB|UB|mBC|NEU|NEU|Treatment|Treatment,Management|TXT|National|A:A|1|EX,USD,1,40,7.13,BZS,DTC,2024-05-12
|CN|DTCB|UB|mBC|NEU|NEU|Treatment|Treatment,Management|TXT|National|A:A|1|PH,USD,3,46,22.2,BZS,DTC,2024-05-12
|CN|DTCB|UB|mBC|NEU|NEU|Treatment|Treatment,Side Effects|TXT|National|A:A|1|EX,USD,1,4,4.61,BZS,DTC,2024-05-12
|CN|DTCB|UB|mBC|NEU|NEU|Treatment|Treatment,Side Effects|TXT|National|A:A|1|PH,USD,0,3,0.0,BZS,DTC,2024-05-12
|CN|DTCB|UB|mBC|NEU|NEU|Treatment|Treatment,Therapy|TXT|National|A:A|1|EX,USD,5,33,31.65,BZS,DTC,2024-05-12
|CN|DTCB|UB|mBC|NEU|NEU|Treatment|Treatment,Therapy|TXT|National|A:A|1|PH,USD,5,48,33.09,BZS,DTC,2024-05-12
|CN|DTCB|UB|mBC|NEU|NEU|Treatment|Treatment Priority,Treatment|TXT|National|A:A|1|EX,USD,1,2,4.68,BZS,DTC,2024-05-12
|CN|DTCB|UB|mBC|NEU|NEU|Treatment|Treatment Priority,Treatment|TXT|National|A:A|1|PH,USD,3,46,11.26,BZS,DTC,2024-05-12
|CN|DTCB|BR|mBC|NEU|NEU|Competitive|Competitor,Competitors|TXT|National|A:A|1|EX,USD,2,36,13.74,BZS,DTC,2024-05-13
|CN|DTCB|BR|mBC|NEU|NEU|Competitive|Competitor,Competitors|TXT|National|A:A|1|PH,USD,7,52,39.78,BZS,DTC,2024-05-13
|CN|DTCB|BR|mBC|NEU|NEU|Competitive|Competitor,Competitor|TXT|National|A:A|1|EX,USD,0,142,0.0,BZS,DTC,2024-05-13
|CN|DTCB|BR|mBC|NEU|NEU|Competitive|Competitor,Competitor|TXT|National|A:A|1|PH,USD,2,110,22.21,BZS,DTC,2024-05-13
|CN|DTCB|BR|mBC|NEU|NEU|Condition|BZS,BZS|TXT|National|A:A|1|EX,USD,3,15,17.29,BZS,DTC,2024-05-13
|CN|DTCB|BR|mBC|NEU|NEU|Condition|BZS,BZS|TXT|National|A:A|1|EX,USD,0,2,0.0,BZS,DTC,2024-05-13
|CN|DTCB|BR|mBC|NEU|NEU|Condition|BZS,BZS|TXT|National|A:A|1|PH,USD,24,295,285.7,BZS,DTC,2024-05-13
|CN|DTCB|BR|mBC|NEU|NEU|Condition|BZS,BZS|TXT|National|A:A|1|PH,USD,6,65,93.91,BZS,DTC,2024-05-13
|CN|DTCB|BR|mBC|NEU|NEU|Core|Alone,Alone|TXT|National|A:A|1|EX,USD,123,794,748.19,BZS,DTC,2024-05-13
|CN|DTCB|BR|mBC|NEU|NEU|Core|Alone,Alone|TXT|National|A:A|1|PH,USD,75,732,827.73,BZS,DTC,2024-05-13
|CN|DTCB|BR|mBC|NEU|NEU|Core|Branded,Alone|TXT|National|A:A|1|EX,USD,0,33,0.0,BZS,DTC,2024-05-13
|CN|DTCB|BR|mBC|NEU|NEU|Core|Branded,Alone|TXT|National|A:A|1|PH,USD,0,27,0.0,BZS,DTC,2024-05-13
|CN|DTCB|BR|mBC|NEU|NEU|Information|Info,Dosing|TXT|National|A:A|1|EX,USD,1,15,7.86,BZS,DTC,2024-05-13
|CN|DTCB|BR|mBC|NEU|NEU|Information|Info,Dosing|TXT|National|A:A|1|PH,USD,0,5,0.0,BZS,DTC,2024-05-13
|CN|DTCB|BR|mBC|NEU|NEU|Information|Info,Info|TXT|National|A:A|1|EX,USD,23,103,139.37,BZS,DTC,2024-05-13
|CN|DTCB|BR|mBC|NEU|NEU|Information|Info,Info|TXT|National|A:A|1|PH,USD,0,2,0.0,BZS,DTC,2024-05-13
|CN|DTCB|BR|mBC|NEU|NEU|Information|Info,Resources|TXT|National|A:A|1|EX,USD,2,19,15.32,BZS,DTC,2024-05-13
|CN|DTCB|BR|mBC|NEU|NEU|Information|Info,Results|TXT|National|A:A|1|EX,USD,1,8,8.14,BZS,DTC,2024-05-13
|CN|DTCB|BR|mBC|NEU|NEU|Information|Info,Results|TXT|National|A:A|1|EX,USD,0,1,0.0,BZS,DTC,2024-05-13
|CN|DTCB|BR|mBC|NEU|NEU|Information|Info,Results|TXT|National|A:A|1|PH,USD,0,13,0.0,BZS,DTC,2024-05-13
|CN|DTCB|BR|mBC|NEU|NEU|Information|Info,Results|TXT|National|A:A|1|PH,USD,0,15,0.0,BZS,DTC,2024-05-13
|CN|DTCB|BR|mBC|NEU|NEU|Information|Info,Risk|TXT|National|A:A|1|EX,USD,3,52,24.46,BZS,DTC,2024-05-13
|CN|DTCB|BR|mBC|NEU|NEU|Information|Info,Risk|TXT|National|A:A|1|PH,USD,1,11,10.32,BZS,DTC,2024-05-13
|CN|DTCB|BR|mBC|NEU|NEU|Information|Info,Safety|TXT|National|A:A|1|EX,USD,5,59,34.4,BZS,DTC,2024-05-13
|CN|DTCB|BR|mBC|NEU|NEU|Information|Info,Safety|TXT|National|A:A|1|PH,USD,0,12,0.0,BZS,DTC,2024-05-13
|CN|DTCB|BR|mBC|NEU|NEU|Information|Info,Study|TXT|National|A:A|1|EX,USD,0,5,0.0,BZS,DTC,2024-05-13
|CN|DTCB|BR|mBC|NEU|NEU|Information|Info,Study|TXT|National|A:A|1|PH,USD,1,17,10.47,BZS,DTC,2024-05-13
|CN|DTCB|BR|mBC|NEU|NEU|Information|Info,Treatment|TXT|National|A:A|1|EX,USD,27,109,329.95,BZS,DTC,2024-05-13
|CN|DTCB|BR|mBC|NEU|NEU|Information|Info,Treatment|TXT|National|A:A|1|PH,USD,0,29,0.0,BZS,DTC,2024-05-13
|CN|DTCB|BR|mBC|NEU|NEU|Information|Info,Understanding|TXT|National|A:A|1|EX,USD,1,11,10.27,BZS,DTC,2024-05-13
|CN|DTCB|BR|mBC|NEU|NEU|Information|Info,Understanding|TXT|National|A:A|1|PH,USD,0,1,0.0,BZS,DTC,2024-05-13
|CN|DTCB|UB|mBC|NEU|NEU|Condition|BZS Condition,BZS General|TXT|National|A:A|1|EX,USD,0,2,0.0,BZS,DTC,2024-05-13
|CN|DTCB|UB|mBC|NEU|NEU|Condition|BZS Condition,BZS General|TXT|National|A:A|1|EX,USD,9,47,99.03,BZS,DTC,2024-05-13
|CN|DTCB|UB|mBC|NEU|NEU|Condition|BZS Condition,BZS General|TXT|National|A:A|1|PH,USD,2,21,13.58,BZS,DTC,2024-05-13
|CN|DTCB|UB|mBC|NEU|NEU|Condition|BZS Condition,BZS General|TXT|National|A:A|1|PH,USD,10,147,115.33,BZS,DTC,2024-05-13
|CN|DTCB|UB|mBC|NEU|NEU|Condition|BZS Condition,BZS general|TXT|National|A:A|1|EX,USD,1,13,3.59,BZS,DTC,2024-05-13
|CN|DTCB|UB|mBC|NEU|NEU|Condition|BZS Condition,BZS general|TXT|National|A:A|1|PH,USD,7,98,41.05,BZS,DTC,2024-05-13
|CN|DTCB|UB|mBC|NEU|NEU|Condition|BZS ITT Condition,BZS general|TXT|National|A:A|1|PH,USD,2,11,14.23,BZS,DTC,2024-05-13
|CN|DTCB|UB|mBC|NEU|NEU|Condition|Condition,Alone|TXT|National|A:A|1|EX,USD,3,46,20.64,BZS,DTC,2024-05-13
|CN|DTCB|UB|mBC|NEU|NEU|Condition|Condition,Alone|TXT|National|A:A|1|PH,USD,3,141,20.09,BZS,DTC,2024-05-13
|CN|DTCB|UB|mBC|NEU|NEU|Core|BZS,BZS|TXT|National|A:A|1|EX,USD,3,17,21.95,BZS,DTC,2024-05-13
|CN|DTCB|UB|mBC|NEU|NEU|Core|BZS,BZS|TXT|National|A:A|1|PH,USD,3,76,17.28,BZS,DTC,2024-05-13
|CN|DTCB|UB|mBC|NEU|NEU|Core|BZS,BZS|TXT|National|A:A|1|PH,USD,4,21,29.05,BZS,DTC,2024-05-13
|CN|DTCB|UB|mBC|NEU|NEU|Core|BZS+,About|TXT|National|A:A|1|EX,USD,1,9,6.02,BZS,DTC,2024-05-13
|CN|DTCB|UB|mBC|NEU|NEU|Core|BZS+,About|TXT|National|A:A|1|PH,USD,2,32,11.4,BZS,DTC,2024-05-13
|CN|DTCB|UB|mBC|NEU|NEU|Core|BZS+,Causes|TXT|National|A:A|1|EX,USD,0,1,0.0,BZS,DTC,2024-05-13
|CN|DTCB|UB|mBC|NEU|NEU|Core|BZS+,Causes|TXT|National|A:A|1|PH,USD,1,1,8.33,BZS,DTC,2024-05-13
|CN|DTCB|UB|mBC|NEU|NEU|Core|BZS+,Diagnosis|TXT|National|A:A|1|EX,USD,1,7,7.36,BZS,DTC,2024-05-13
|CN|DTCB|UB|mBC|NEU|NEU|Core|BZS+,Information|TXT|National|A:A|1|PH,USD,1,11,5.2,BZS,DTC,2024-05-13
|CN|DTCB|UB|mBC|NEU|NEU|Core|BZS+,Medication|TXT|National|A:A|1|PH,USD,0,20,0.0,BZS,DTC,2024-05-13
|CN|DTCB|UB|mBC|NEU|NEU|Core|BZS+,Study|TXT|National|A:A|1|PH,USD,0,11,0.0,BZS,DTC,2024-05-13
|CN|DTCB|UB|mBC|NEU|NEU|Core|BZS+,Symptoms|TXT|National|A:A|1|EX,USD,0,3,0.0,BZS,DTC,2024-05-13
|CN|DTCB|UB|mBC|NEU|NEU|Core|BZS+,Symptoms|TXT|National|A:A|1|PH,USD,0,15,0.0,BZS,DTC,2024-05-13
|CN|DTCB|UB|mBC|NEU|NEU|Core|BZS+,What Is|TXT|National|A:A|1|EX,USD,4,11,17.9,BZS,DTC,2024-05-13
|CN|DTCB|UB|mBC|NEU|NEU|Core|BZS+,What Is|TXT|National|A:A|1|PH,USD,0,15,0.0,BZS,DTC,2024-05-13
|CN|DTCB|UB|mBC|NEU|NEU|Information|BZS Info,BZS Info|TXT|National|A:A|1|EX,USD,0,5,0.0,BZS,DTC,2024-05-13
|CN|DTCB|UB|mBC|NEU|NEU|Information|BZS Info,BZS Info|TXT|National|A:A|1|EX,USD,0,1,0.0,BZS,DTC,2024-05-13
|CN|DTCB|UB|mBC|NEU|NEU|Information|BZS Info,BZS Info|TXT|National|A:A|1|PH,USD,3,40,21.96,BZS,DTC,2024-05-13
|CN|DTCB|UB|mBC|NEU|NEU|Information|BZS Info,BZS Info|TXT|National|A:A|1|PH,USD,6,34,39.53,BZS,DTC,2024-05-13
|CN|DTCB|UB|mBC|NEU|NEU|Information|BZS Info,BZS Info|TXT|National|A:A|1|PH,USD,3,17,12.01,BZS,DTC,2024-05-13
|CN|DTCB|UB|mBC|NEU|NEU|Resources|BZS Resources,BZS Resources|TXT|National|A:A|1|PH,USD,1,6,5.78,BZS,DTC,2024-05-13
|CN|DTCB|UB|mBC|NEU|NEU|Resources|BZS Resources,BZS Resources|TXT|National|A:A|1|PH,USD,1,8,5.79,BZS,DTC,2024-05-13
|CN|DTCB|UB|mBC|NEU|NEU|Resources|BZS Resources,BZS Safety|TXT|National|A:A|1|PH,USD,1,6,3.5,BZS,DTC,2024-05-13
|CN|DTCB|UB|mBC|NEU|NEU|Resources|BZS Resources,BZS Safety|TXT|National|A:A|1|PH,USD,2,9,11.03,BZS,DTC,2024-05-13
|CN|DTCB|UB|mBC|NEU|NEU|Resources|BZS Resources,BZS Trial|TXT|National|A:A|1|EX,USD,1,1,6.39,BZS,DTC,2024-05-13
|CN|DTCB|UB|mBC|NEU|NEU|Resources|BZS Resources,BZS Trial|TXT|National|A:A|1|PH,USD,2,11,12.67,BZS,DTC,2024-05-13
|CN|DTCB|UB|mBC|NEU|NEU|Resources|BZS Resources,BZS Trial|TXT|National|A:A|1|PH,USD,0,2,0.0,BZS,DTC,2024-05-13
|CN|DTCB|UB|mBC|NEU|NEU|Resources|BZS Resources,BZS Trial|TXT|National|A:A|1|PH,USD,0,4,0.0,BZS,DTC,2024-05-13
|CN|DTCB|UB|mBC|NEU|NEU|Resources|BZS Resources,BZS Understanding|TXT|National|A:A|1|EX,USD,1,4,4.7,BZS,DTC,2024-05-13
|CN|DTCB|UB|mBC|NEU|NEU|Resources|BZS Resources,BZS Understanding|TXT|National|A:A|1|PH,USD,0,2,0.0,BZS,DTC,2024-05-13
|CN|DTCB|UB|mBC|NEU|NEU|Treatment|BZS Treatment,BZS Treatment|TXT|National|A:A|1|EX,USD,0,2,0.0,BZS,DTC,2024-05-13
|CN|DTCB|UB|mBC|NEU|NEU|Treatment|BZS Treatment,BZS Treatment|TXT|National|A:A|1|EX,USD,0,3,0.0,BZS,DTC,2024-05-13
|CN|DTCB|UB|mBC|NEU|NEU|Treatment|BZS Treatment,BZS Treatment|TXT|National|A:A|1|PH,USD,3,124,12.15,BZS,DTC,2024-05-13
|CN|DTCB|UB|mBC|NEU|NEU|Treatment|BZS Treatment,BZS Treatment|TXT|National|A:A|1|PH,USD,0,1,0.0,BZS,DTC,2024-05-13
|CN|DTCB|UB|mBC|NEU|NEU|Treatment|BZS Treatment,BZS Treatment|TXT|National|A:A|1|PH,USD,2,77,10.6,BZS,DTC,2024-05-13
|CN|DTCB|UB|mBC|NEU|NEU|Treatment|Treatment,Management|TXT|National|A:A|1|EX,USD,3,61,20.31,BZS,DTC,2024-05-13
|CN|DTCB|UB|mBC|NEU|NEU|Treatment|Treatment,Management|TXT|National|A:A|1|PH,USD,5,62,33.1,BZS,DTC,2024-05-13
|CN|DTCB|UB|mBC|NEU|NEU|Treatment|Treatment,Side Effects|TXT|National|A:A|1|EX,USD,1,5,3.68,BZS,DTC,2024-05-13
|CN|DTCB|UB|mBC|NEU|NEU|Treatment|Treatment,Side Effects|TXT|National|A:A|1|PH,USD,3,9,11.8,BZS,DTC,2024-05-13
|CN|DTCB|UB|mBC|NEU|NEU|Treatment|Treatment,Therapy|TXT|National|A:A|1|EX,USD,2,25,13.39,BZS,DTC,2024-05-13
|CN|DTCB|UB|mBC|NEU|NEU|Treatment|Treatment,Therapy|TXT|National|A:A|1|PH,USD,2,54,13.62,BZS,DTC,2024-05-13
|CN|DTCB|UB|mBC|NEU|NEU|Treatment|Treatment Priority,Treatment|TXT|National|A:A|1|EX,USD,1,2,10.18,BZS,DTC,2024-05-13
|CN|DTCB|UB|mBC|NEU|NEU|Treatment|Treatment Priority,Treatment|TXT|National|A:A|1|PH,USD,2,34,7.5,BZS,DTC,2024-05-13
|CN|DTCB|BR|mBC|NEU|NEU|Competitive|Competitor,Competitors|TXT|National|A:A|1|EX,USD,1,54,4.58,BZS,DTC,2024-05-14
|CN|DTCB|BR|mBC|NEU|NEU|Competitive|Competitor,Competitors|TXT|National|A:A|1|PH,USD,9,70,51.44,BZS,DTC,2024-05-14
|CN|DTCB|BR|mBC|NEU|NEU|Competitive|Competitor,Competitor|TXT|National|A:A|1|EX,USD,0,18,0.0,BZS,DTC,2024-05-14
|CN|DTCB|BR|mBC|NEU|NEU|Competitive|Competitor,Competitor|TXT|National|A:A|1|PH,USD,2,22,24.25,BZS,DTC,2024-05-14
|CN|DTCB|BR|mBC|NEU|NEU|Condition|BZS,BZS|TXT|National|A:A|1|EX,USD,2,14,13.15,BZS,DTC,2024-05-14
|CN|DTCB|BR|mBC|NEU|NEU|Condition|BZS,BZS|TXT|National|A:A|1|EX,USD,0,10,0.0,BZS,DTC,2024-05-14
|CN|DTCB|BR|mBC|NEU|NEU|Condition|BZS,BZS|TXT|National|A:A|1|PH,USD,18,295,210.69,BZS,DTC,2024-05-14
|CN|DTCB|BR|mBC|NEU|NEU|Condition|BZS,BZS|TXT|National|A:A|1|PH,USD,4,50,62.32,BZS,DTC,2024-05-14
|CN|DTCB|BR|mBC|NEU|NEU|Core|Alone,Alone|TXT|National|A:A|1|EX,USD,132,707,808.14,BZS,DTC,2024-05-14
|CN|DTCB|BR|mBC|NEU|NEU|Core|Alone,Alone|TXT|National|A:A|1|PH,USD,42,678,488.83,BZS,DTC,2024-05-14
|CN|DTCB|BR|mBC|NEU|NEU|Core|Branded,Alone|TXT|National|A:A|1|EX,USD,2,27,23.5,BZS,DTC,2024-05-14
|CN|DTCB|BR|mBC|NEU|NEU|Core|Branded,Alone|TXT|National|A:A|1|PH,USD,1,40,17.41,BZS,DTC,2024-05-14
|CN|DTCB|BR|mBC|NEU|NEU|Information|Info,Dosing|TXT|National|A:A|1|EX,USD,2,11,11.9,BZS,DTC,2024-05-14
|CN|DTCB|BR|mBC|NEU|NEU|Information|Info,Dosing|TXT|National|A:A|1|PH,USD,0,5,0.0,BZS,DTC,2024-05-14
|CN|DTCB|BR|mBC|NEU|NEU|Information|Info,Info|TXT|National|A:A|1|EX,USD,28,80,153.1,BZS,DTC,2024-05-14
|CN|DTCB|BR|mBC|NEU|NEU|Information|Info,Info|TXT|National|A:A|1|PH,USD,0,5,0.0,BZS,DTC,2024-05-14
|CN|DTCB|BR|mBC|NEU|NEU|Information|Info,Resources|TXT|National|A:A|1|EX,USD,3,22,20.58,BZS,DTC,2024-05-14
|CN|DTCB|BR|mBC|NEU|NEU|Information|Info,Resources|TXT|National|A:A|1|PH,USD,0,1,0.0,BZS,DTC,2024-05-14
|CN|DTCB|BR|mBC|NEU|NEU|Information|Info,Results|TXT|National|A:A|1|EX,USD,1,7,5.45,BZS,DTC,2024-05-14
|CN|DTCB|BR|mBC|NEU|NEU|Information|Info,Results|TXT|National|A:A|1|EX,USD,0,3,0.0,BZS,DTC,2024-05-14
|CN|DTCB|BR|mBC|NEU|NEU|Information|Info,Results|TXT|National|A:A|1|PH,USD,1,5,6.79,BZS,DTC,2024-05-14
|CN|DTCB|BR|mBC|NEU|NEU|Information|Info,Results|TXT|National|A:A|1|PH,USD,1,19,9.18,BZS,DTC,2024-05-14
|CN|DTCB|BR|mBC|NEU|NEU|Information|Info,Risk|TXT|National|A:A|1|EX,USD,4,41,30.46,BZS,DTC,2024-05-14
|CN|DTCB|BR|mBC|NEU|NEU|Information|Info,Risk|TXT|National|A:A|1|PH,USD,0,17,0.0,BZS,DTC,2024-05-14
|CN|DTCB|BR|mBC|NEU|NEU|Information|Info,Safety|TXT|National|A:A|1|EX,USD,9,67,67.3,BZS,DTC,2024-05-14
|CN|DTCB|BR|mBC|NEU|NEU|Information|Info,Safety|TXT|National|A:A|1|PH,USD,0,9,0.0,BZS,DTC,2024-05-14
|CN|DTCB|BR|mBC|NEU|NEU|Information|Info,Study|TXT|National|A:A|1|EX,USD,1,11,5.41,BZS,DTC,2024-05-14
|CN|DTCB|BR|mBC|NEU|NEU|Information|Info,Study|TXT|National|A:A|1|PH,USD,1,8,10.8,BZS,DTC,2024-05-14
|CN|DTCB|BR|mBC|NEU|NEU|Information|Info,Treatment|TXT|National|A:A|1|EX,USD,15,69,173.71,BZS,DTC,2024-05-14
|CN|DTCB|BR|mBC|NEU|NEU|Information|Info,Treatment|TXT|National|A:A|1|PH,USD,0,40,0.0,BZS,DTC,2024-05-14
|CN|DTCB|BR|mBC|NEU|NEU|Information|Info,Understanding|TXT|National|A:A|1|EX,USD,0,5,0.0,BZS,DTC,2024-05-14
|CN|DTCB|BR|mBC|NEU|NEU|Information|Info,Understanding|TXT|National|A:A|1|PH,USD,0,1,0.0,BZS,DTC,2024-05-14
|CN|DTCB|UB|mBC|NEU|NEU|Condition|BZS Condition,BZS General|TXT|National|A:A|1|EX,USD,1,1,7.52,BZS,DTC,2024-05-14
|CN|DTCB|UB|mBC|NEU|NEU|Condition|BZS Condition,BZS General|TXT|National|A:A|1|EX,USD,5,45,51.4,BZS,DTC,2024-05-14
|CN|DTCB|UB|mBC|NEU|NEU|Condition|BZS Condition,BZS General|TXT|National|A:A|1|PH,USD,0,4,0.0,BZS,DTC,2024-05-14
|CN|DTCB|UB|mBC|NEU|NEU|Condition|BZS Condition,BZS General|TXT|National|A:A|1|PH,USD,14,157,160.96,BZS,DTC,2024-05-14
|CN|DTCB|UB|mBC|NEU|NEU|Condition|BZS Condition,BZS general|TXT|National|A:A|1|EX,USD,0,5,0.0,BZS,DTC,2024-05-14
|CN|DTCB|UB|mBC|NEU|NEU|Condition|BZS Condition,BZS general|TXT|National|A:A|1|PH,USD,5,22,31.27,BZS,DTC,2024-05-14
|CN|DTCB|UB|mBC|NEU|NEU|Condition|BZS ITT Condition,BZS general|TXT|National|A:A|1|PH,USD,2,12,16.24,BZS,DTC,2024-05-14
|CN|DTCB|UB|mBC|NEU|NEU|Condition|Condition,Alone|TXT|National|A:A|1|EX,USD,2,42,12.12,BZS,DTC,2024-05-14
|CN|DTCB|UB|mBC|NEU|NEU|Condition|Condition,Alone|TXT|National|A:A|1|PH,USD,6,171,40.86,BZS,DTC,2024-05-14
|CN|DTCB|UB|mBC|NEU|NEU|Core|BZS,BZS|TXT|National|A:A|1|EX,USD,0,0,0.0,BZS,DTC,2024-05-14
|CN|DTCB|UB|mBC|NEU|NEU|Core|BZS,BZS|TXT|National|A:A|1|EX,USD,1,17,11.2,BZS,DTC,2024-05-14
|CN|DTCB|UB|mBC|NEU|NEU|Core|BZS,BZS|TXT|National|A:A|1|PH,USD,3,54,18.87,BZS,DTC,2024-05-14
|CN|DTCB|UB|mBC|NEU|NEU|Core|BZS,BZS|TXT|National|A:A|1|PH,USD,3,57,19.93,BZS,DTC,2024-05-14
|CN|DTCB|UB|mBC|NEU|NEU|Core|BZS+,About|TXT|National|A:A|1|EX,USD,1,4,6.0,BZS,DTC,2024-05-14
|CN|DTCB|UB|mBC|NEU|NEU|Core|BZS+,About|TXT|National|A:A|1|PH,USD,3,41,18.95,BZS,DTC,2024-05-14
|CN|DTCB|UB|mBC|NEU|NEU|Core|BZS+,Causes|TXT|National|A:A|1|EX,USD,0,1,0.0,BZS,DTC,2024-05-14
|CN|DTCB|UB|mBC|NEU|NEU|Core|BZS+,Causes|TXT|National|A:A|1|PH,USD,0,2,0.0,BZS,DTC,2024-05-14
|CN|DTCB|UB|mBC|NEU|NEU|Core|BZS+,Diagnosis|TXT|National|A:A|1|EX,USD,1,29,6.11,BZS,DTC,2024-05-14
|CN|DTCB|UB|mBC|NEU|NEU|Core|BZS+,Information|TXT|National|A:A|1|PH,USD,0,1,0.0,BZS,DTC,2024-05-14
|CN|DTCB|UB|mBC|NEU|NEU|Core|BZS+,Medication|TXT|National|A:A|1|PH,USD,2,21,16.55,BZS,DTC,2024-05-14
|CN|DTCB|UB|mBC|NEU|NEU|Core|BZS+,Study|TXT|National|A:A|1|PH,USD,1,14,5.38,BZS,DTC,2024-05-14
|CN|DTCB|UB|mBC|NEU|NEU|Core|BZS+,Symptoms|TXT|National|A:A|1|EX,USD,0,0,0.0,BZS,DTC,2024-05-14
|CN|DTCB|UB|mBC|NEU|NEU|Core|BZS+,Symptoms|TXT|National|A:A|1|PH,USD,0,4,0.0,BZS,DTC,2024-05-14
|CN|DTCB|UB|mBC|NEU|NEU|Core|BZS+,What Is|TXT|National|A:A|1|EX,USD,0,8,0.0,BZS,DTC,2024-05-14
|CN|DTCB|UB|mBC|NEU|NEU|Core|BZS+,What Is|TXT|National|A:A|1|PH,USD,0,8,0.0,BZS,DTC,2024-05-14
|CN|DTCB|UB|mBC|NEU|NEU|Information|BZS Info,BZS Info|TXT|National|A:A|1|EX,USD,2,4,11.02,BZS,DTC,2024-05-14
|CN|DTCB|UB|mBC|NEU|NEU|Information|BZS Info,BZS Info|TXT|National|A:A|1|EX,USD,0,1,0.0,BZS,DTC,2024-05-14
|CN|DTCB|UB|mBC|NEU|NEU|Information|BZS Info,BZS Info|TXT|National|A:A|1|EX,USD,1,13,7.98,BZS,DTC,2024-05-14
|CN|DTCB|UB|mBC|NEU|NEU|Information|BZS Info,BZS Info|TXT|National|A:A|1|PH,USD,4,99,28.81,BZS,DTC,2024-05-14
|CN|DTCB|UB|mBC|NEU|NEU|Information|BZS Info,BZS Info|TXT|National|A:A|1|PH,USD,0,51,0.0,BZS,DTC,2024-05-14
|CN|DTCB|UB|mBC|NEU|NEU|Information|BZS Info,BZS Info|TXT|National|A:A|1|PH,USD,0,56,0.0,BZS,DTC,2024-05-14
|CN|DTCB|UB|mBC|NEU|NEU|Resources|BZS Resources,BZS Resources|TXT|National|A:A|1|PH,USD,1,18,3.0,BZS,DTC,2024-05-14
|CN|DTCB|UB|mBC|NEU|NEU|Resources|BZS Resources,BZS Resources|TXT|National|A:A|1|PH,USD,0,2,0.0,BZS,DTC,2024-05-14
|CN|DTCB|UB|mBC|NEU|NEU|Resources|BZS Resources,BZS Safety|TXT|National|A:A|1|PH,USD,2,6,8.61,BZS,DTC,2024-05-14
|CN|DTCB|UB|mBC|NEU|NEU|Resources|BZS Resources,BZS Safety|TXT|National|A:A|1|PH,USD,3,9,17.33,BZS,DTC,2024-05-14
|CN|DTCB|UB|mBC|NEU|NEU|Resources|BZS Resources,BZS Trial|TXT|National|A:A|1|PH,USD,0,6,0.0,BZS,DTC,2024-05-14
|CN|DTCB|UB|mBC|NEU|NEU|Resources|BZS Resources,BZS Trial|TXT|National|A:A|1|PH,USD,2,14,11.58,BZS,DTC,2024-05-14
|CN|DTCB|UB|mBC|NEU|NEU|Resources|BZS Resources,BZS Trial|TXT|National|A:A|1|PH,USD,0,3,0.0,BZS,DTC,2024-05-14
|CN|DTCB|UB|mBC|NEU|NEU|Resources|BZS Resources,BZS Trial|TXT|National|A:A|1|PH,USD,0,1,0.0,BZS,DTC,2024-05-14
|CN|DTCB|UB|mBC|NEU|NEU|Resources|BZS Resources,BZS Understanding|TXT|National|A:A|1|EX,USD,0,6,0.0,BZS,DTC,2024-05-14
|CN|DTCB|UB|mBC|NEU|NEU|Resources|BZS Resources,BZS Understanding|TXT|National|A:A|1|PH,USD,0,2,0.0,BZS,DTC,2024-05-14
|CN|DTCB|UB|mBC|NEU|NEU|Resources|BZS Resources,BZS Understanding|TXT|National|A:A|1|PH,USD,2,5,10.18,BZS,DTC,2024-05-14
|CN|DTCB|UB|mBC|NEU|NEU|Treatment|BZS Treatment,BZS Treatment|TXT|National|A:A|1|EX,USD,0,1,0.0,BZS,DTC,2024-05-14
|CN|DTCB|UB|mBC|NEU|NEU|Treatment|BZS Treatment,BZS Treatment|TXT|National|A:A|1|PH,USD,2,5,10.64,BZS,DTC,2024-05-14
|CN|DTCB|UB|mBC|NEU|NEU|Treatment|BZS Treatment,BZS Treatment|TXT|National|A:A|1|PH,USD,2,18,11.23,BZS,DTC,2024-05-14
|CN|DTCB|UB|mBC|NEU|NEU|Treatment|BZS Treatment,BZS Treatment|TXT|National|A:A|1|PH,USD,0,2,0.0,BZS,DTC,2024-05-14
|CN|DTCB|UB|mBC|NEU|NEU|Treatment|Treatment,Management|TXT|National|A:A|1|EX,USD,3,43,19.51,BZS,DTC,2024-05-14
|CN|DTCB|UB|mBC|NEU|NEU|Treatment|Treatment,Management|TXT|National|A:A|1|PH,USD,4,56,27.25,BZS,DTC,2024-05-14
|CN|DTCB|UB|mBC|NEU|NEU|Treatment|Treatment,Side Effects|TXT|National|A:A|1|EX,USD,2,7,6.5600000000000005,BZS,DTC,2024-05-14
|CN|DTCB|UB|mBC|NEU|NEU|Treatment|Treatment,Side Effects|TXT|National|A:A|1|PH,USD,0,6,0.0,BZS,DTC,2024-05-14
|CN|DTCB|UB|mBC|NEU|NEU|Treatment|Treatment,Therapy|TXT|National|A:A|1|EX,USD,1,24,6.16,BZS,DTC,2024-05-14
|CN|DTCB|UB|mBC|NEU|NEU|Treatment|Treatment,Therapy|TXT|National|A:A|1|PH,USD,4,49,24.77,BZS,DTC,2024-05-14
|CN|DTCB|UB|mBC|NEU|NEU|Treatment|Treatment Priority,Treatment|TXT|National|A:A|1|EX,USD,0,2,0.0,BZS,DTC,2024-05-14
|CN|DTCB|UB|mBC|NEU|NEU|Treatment|Treatment Priority,Treatment|TXT|National|A:A|1|PH,USD,3,43,16.17,BZS,DTC,2024-05-14
|CN|DTCB|BR|mBC|NEU|NEU|Competitive|Competitor,Competitors|TXT|National|A:A|1|EX,USD,2,95,13.84,BZS,DTC,2024-05-15
|CN|DTCB|BR|mBC|NEU|NEU|Competitive|Competitor,Competitors|TXT|National|A:A|1|PH,USD,7,110,39.54,BZS,DTC,2024-05-15
|CN|DTCB|BR|mBC|NEU|NEU|Competitive|Competitor,Competitor|TXT|National|A:A|1|EX,USD,1,48,9.18,BZS,DTC,2024-05-15
|CN|DTCB|BR|mBC|NEU|NEU|Competitive|Competitor,Competitor|TXT|National|A:A|1|PH,USD,1,49,10.75,BZS,DTC,2024-05-15
|CN|DTCB|BR|mBC|NEU|NEU|Condition|BZS,BZS|TXT|National|A:A|1|EX,USD,0,9,0.0,BZS,DTC,2024-05-15
|CN|DTCB|BR|mBC|NEU|NEU|Condition|BZS,BZS|TXT|National|A:A|1|EX,USD,0,3,0.0,BZS,DTC,2024-05-15
|CN|DTCB|BR|mBC|NEU|NEU|Condition|BZS,BZS|TXT|National|A:A|1|PH,USD,26,343,305.68,BZS,DTC,2024-05-15
|CN|DTCB|BR|mBC|NEU|NEU|Condition|BZS,BZS|TXT|National|A:A|1|PH,USD,13,78,171.37,BZS,DTC,2024-05-15
|CN|DTCB|BR|mBC|NEU|NEU|Core|Alone,Alone|TXT|National|A:A|1|EX,USD,115,755,728.61,BZS,DTC,2024-05-15
|CN|DTCB|BR|mBC|NEU|NEU|Core|Alone,Alone|TXT|National|A:A|1|PH,USD,46,756,508.94,BZS,DTC,2024-05-15
|CN|DTCB|BR|mBC|NEU|NEU|Core|Branded,Alone|TXT|National|A:A|1|EX,USD,0,24,0.0,BZS,DTC,2024-05-15
|CN|DTCB|BR|mBC|NEU|NEU|Core|Branded,Alone|TXT|National|A:A|1|PH,USD,1,27,17.98,BZS,DTC,2024-05-15
|CN|DTCB|BR|mBC|NEU|NEU|Information|Info,Dosing|TXT|National|A:A|1|EX,USD,3,19,20.86,BZS,DTC,2024-05-15
|CN|DTCB|BR|mBC|NEU|NEU|Information|Info,Dosing|TXT|National|A:A|1|PH,USD,0,3,0.0,BZS,DTC,2024-05-15
|CN|DTCB|BR|mBC|NEU|NEU|Information|Info,Info|TXT|National|A:A|1|EX,USD,28,101,153.0,BZS,DTC,2024-05-15
|CN|DTCB|BR|mBC|NEU|NEU|Information|Info,Info|TXT|National|A:A|1|PH,USD,0,3,0.0,BZS,DTC,2024-05-15
|CN|DTCB|BR|mBC|NEU|NEU|Information|Info,Resources|TXT|National|A:A|1|EX,USD,0,17,0.0,BZS,DTC,2024-05-15
|CN|DTCB|BR|mBC|NEU|NEU|Information|Info,Results|TXT|National|A:A|1|EX,USD,0,2,0.0,BZS,DTC,2024-05-15
|CN|DTCB|BR|mBC|NEU|NEU|Information|Info,Results|TXT|National|A:A|1|EX,USD,0,1,0.0,BZS,DTC,2024-05-15
|CN|DTCB|BR|mBC|NEU|NEU|Information|Info,Results|TXT|National|A:A|1|PH,USD,1,8,7.0,BZS,DTC,2024-05-15
|CN|DTCB|BR|mBC|NEU|NEU|Information|Info,Results|TXT|National|A:A|1|PH,USD,0,7,0.0,BZS,DTC,2024-05-15
|CN|DTCB|BR|mBC|NEU|NEU|Information|Info,Risk|TXT|National|A:A|1|EX,USD,5,52,37.98,BZS,DTC,2024-05-15
|CN|DTCB|BR|mBC|NEU|NEU|Information|Info,Risk|TXT|National|A:A|1|PH,USD,2,11,20.84,BZS,DTC,2024-05-15
|CN|DTCB|BR|mBC|NEU|NEU|Information|Info,Safety|TXT|National|A:A|1|EX,USD,17,68,129.48,BZS,DTC,2024-05-15
|CN|DTCB|BR|mBC|NEU|NEU|Information|Info,Safety|TXT|National|A:A|1|PH,USD,0,7,0.0,BZS,DTC,2024-05-15
|CN|DTCB|BR|mBC|NEU|NEU|Information|Info,Study|TXT|National|A:A|1|EX,USD,0,7,0.0,BZS,DTC,2024-05-15
|CN|DTCB|BR|mBC|NEU|NEU|Information|Info,Study|TXT|National|A:A|1|PH,USD,0,16,0.0,BZS,DTC,2024-05-15
|CN|DTCB|BR|mBC|NEU|NEU|Information|Info,Treatment|TXT|National|A:A|1|EX,USD,21,95,238.17,BZS,DTC,2024-05-15
|CN|DTCB|BR|mBC|NEU|NEU|Information|Info,Treatment|TXT|National|A:A|1|PH,USD,0,30,0.0,BZS,DTC,2024-05-15
|CN|DTCB|BR|mBC|NEU|NEU|Information|Info,Understanding|TXT|National|A:A|1|EX,USD,0,10,0.0,BZS,DTC,2024-05-15
|CN|DTCB|BR|mBC|NEU|NEU|Information|Info,Understanding|TXT|National|A:A|1|PH,USD,0,1,0.0,BZS,DTC,2024-05-15
|CN|DTCB|UB|mBC|NEU|NEU|Condition|BZS Condition,BZS General|TXT|National|A:A|1|EX,USD,0,1,0.0,BZS,DTC,2024-05-15
|CN|DTCB|UB|mBC|NEU|NEU|Condition|BZS Condition,BZS General|TXT|National|A:A|1|EX,USD,6,53,65.17,BZS,DTC,2024-05-15
|CN|DTCB|UB|mBC|NEU|NEU|Condition|BZS Condition,BZS General|TXT|National|A:A|1|PH,USD,0,5,0.0,BZS,DTC,2024-05-15
|CN|DTCB|UB|mBC|NEU|NEU|Condition|BZS Condition,BZS General|TXT|National|A:A|1|PH,USD,14,213,147.24,BZS,DTC,2024-05-15
|CN|DTCB|UB|mBC|NEU|NEU|Condition|BZS Condition,BZS general|TXT|National|A:A|1|EX,USD,0,12,0.0,BZS,DTC,2024-05-15
|CN|DTCB|UB|mBC|NEU|NEU|Condition|BZS Condition,BZS general|TXT|National|A:A|1|PH,USD,11,65,40.97,BZS,DTC,2024-05-15
|CN|DTCB|UB|mBC|NEU|NEU|Condition|BZS ITT Condition,BZS general|TXT|National|A:A|1|EX,USD,0,2,0.0,BZS,DTC,2024-05-15
|CN|DTCB|UB|mBC|NEU|NEU|Condition|BZS ITT Condition,BZS general|TXT|National|A:A|1|PH,USD,2,14,14.57,BZS,DTC,2024-05-15
|CN|DTCB|UB|mBC|NEU|NEU|Condition|Condition,Alone|TXT|National|A:A|1|EX,USD,2,51,13.9,BZS,DTC,2024-05-15
|CN|DTCB|UB|mBC|NEU|NEU|Condition|Condition,Alone|TXT|National|A:A|1|PH,USD,6,164,39.12,BZS,DTC,2024-05-15
|CN|DTCB|UB|mBC|NEU|NEU|Core|BZS,BZS|TXT|National|A:A|1|EX,USD,3,23,29.59,BZS,DTC,2024-05-15
|CN|DTCB|UB|mBC|NEU|NEU|Core|BZS,BZS|TXT|National|A:A|1|PH,USD,3,20,17.65,BZS,DTC,2024-05-15
|CN|DTCB|UB|mBC|NEU|NEU|Core|BZS,BZS|TXT|National|A:A|1|PH,USD,1,62,8.87,BZS,DTC,2024-05-15
|CN|DTCB|UB|mBC|NEU|NEU|Core|BZS+,About|TXT|National|A:A|1|EX,USD,0,4,0.0,BZS,DTC,2024-05-15
|CN|DTCB|UB|mBC|NEU|NEU|Core|BZS+,About|TXT|National|A:A|1|PH,USD,2,38,12.92,BZS,DTC,2024-05-15
|CN|DTCB|UB|mBC|NEU|NEU|Core|BZS+,Causes|TXT|National|A:A|1|EX,USD,0,1,0.0,BZS,DTC,2024-05-15
|CN|DTCB|UB|mBC|NEU|NEU|Core|BZS+,Causes|TXT|National|A:A|1|PH,USD,0,1,0.0,BZS,DTC,2024-05-15
|CN|DTCB|UB|mBC|NEU|NEU|Core|BZS+,Diagnosis|TXT|National|A:A|1|EX,USD,2,29,11.65,BZS,DTC,2024-05-15
|CN|DTCB|UB|mBC|NEU|NEU|Core|BZS+,Information|TXT|National|A:A|1|PH,USD,1,3,6.82,BZS,DTC,2024-05-15
|CN|DTCB|UB|mBC|NEU|NEU|Core|BZS+,Medication|TXT|National|A:A|1|PH,USD,1,15,8.4,BZS,DTC,2024-05-15
|CN|DTCB|UB|mBC|NEU|NEU|Core|BZS+,Study|TXT|National|A:A|1|PH,USD,0,14,0.0,BZS,DTC,2024-05-15
|CN|DTCB|UB|mBC|NEU|NEU|Core|BZS+,Symptoms|TXT|National|A:A|1|EX,USD,0,1,0.0,BZS,DTC,2024-05-15
|CN|DTCB|UB|mBC|NEU|NEU|Core|BZS+,What Is|TXT|National|A:A|1|EX,USD,2,10,9.84,BZS,DTC,2024-05-15
|CN|DTCB|UB|mBC|NEU|NEU|Core|BZS+,What Is|TXT|National|A:A|1|PH,USD,1,6,5.93,BZS,DTC,2024-05-15
|CN|DTCB|UB|mBC|NEU|NEU|Information|BZS Info,BZS Info|TXT|National|A:A|1|EX,USD,0,4,0.0,BZS,DTC,2024-05-15
|CN|DTCB|UB|mBC|NEU|NEU|Information|BZS Info,BZS Info|TXT|National|A:A|1|PH,USD,6,49,45.32,BZS,DTC,2024-05-15
|CN|DTCB|UB|mBC|NEU|NEU|Information|BZS Info,BZS Info|TXT|National|A:A|1|PH,USD,3,33,19.1,BZS,DTC,2024-05-15
|CN|DTCB|UB|mBC|NEU|NEU|Information|BZS Info,BZS Info|TXT|National|A:A|1|PH,USD,2,3,9.11,BZS,DTC,2024-05-15
|CN|DTCB|UB|mBC|NEU|NEU|Resources|BZS Resources,BZS Resources|TXT|National|A:A|1|PH,USD,0,36,0.0,BZS,DTC,2024-05-15
|CN|DTCB|UB|mBC|NEU|NEU|Resources|BZS Resources,BZS Resources|TXT|National|A:A|1|PH,USD,0,22,0.0,BZS,DTC,2024-05-15
|CN|DTCB|UB|mBC|NEU|NEU|Resources|BZS Resources,BZS Safety|TXT|National|A:A|1|PH,USD,2,36,11.53,BZS,DTC,2024-05-15
|CN|DTCB|UB|mBC|NEU|NEU|Resources|BZS Resources,BZS Safety|TXT|National|A:A|1|PH,USD,1,6,3.69,BZS,DTC,2024-05-15
|CN|DTCB|UB|mBC|NEU|NEU|Resources|BZS Resources,BZS Trial|TXT|National|A:A|1|EX,USD,0,12,0.0,BZS,DTC,2024-05-15
|CN|DTCB|UB|mBC|NEU|NEU|Resources|BZS Resources,BZS Trial|TXT|National|A:A|1|PH,USD,3,40,18.62,BZS,DTC,2024-05-15
|CN|DTCB|UB|mBC|NEU|NEU|Resources|BZS Resources,BZS Trial|TXT|National|A:A|1|PH,USD,2,14,8.16,BZS,DTC,2024-05-15
|CN|DTCB|UB|mBC|NEU|NEU|Resources|BZS Resources,BZS Trial|TXT|National|A:A|1|PH,USD,0,2,0.0,BZS,DTC,2024-05-15
|CN|DTCB|UB|mBC|NEU|NEU|Resources|BZS Resources,BZS Understanding|TXT|National|A:A|1|EX,USD,0,5,0.0,BZS,DTC,2024-05-15
|CN|DTCB|UB|mBC|NEU|NEU|Resources|BZS Resources,BZS Understanding|TXT|National|A:A|1|PH,USD,2,29,9.96,BZS,DTC,2024-05-15
|CN|DTCB|UB|mBC|NEU|NEU|Resources|BZS Resources,BZS Understanding|TXT|National|A:A|1|PH,USD,0,4,0.0,BZS,DTC,2024-05-15
|CN|DTCB|UB|mBC|NEU|NEU|Treatment|BZS Treatment,BZS Treatment|TXT|National|A:A|1|EX,USD,0,5,0.0,BZS,DTC,2024-05-15
|CN|DTCB|UB|mBC|NEU|NEU|Treatment|BZS Treatment,BZS Treatment|TXT|National|A:A|1|PH,USD,5,40,22.43,BZS,DTC,2024-05-15
|CN|DTCB|UB|mBC|NEU|NEU|Treatment|BZS Treatment,BZS Treatment|TXT|National|A:A|1|PH,USD,0,4,0.0,BZS,DTC,2024-05-15
|CN|DTCB|UB|mBC|NEU|NEU|Treatment|BZS Treatment,BZS Treatment|TXT|National|A:A|1|PH,USD,3,94,15.88,BZS,DTC,2024-05-15
|CN|DTCB|UB|mBC|NEU|NEU|Treatment|Treatment,Management|TXT|National|A:A|1|EX,USD,3,81,21.38,BZS,DTC,2024-05-15
|CN|DTCB|UB|mBC|NEU|NEU|Treatment|Treatment,Management|TXT|National|A:A|1|PH,USD,2,71,14.01,BZS,DTC,2024-05-15
|CN|DTCB|UB|mBC|NEU|NEU|Treatment|Treatment,Side Effects|TXT|National|A:A|1|EX,USD,2,9,5.53,BZS,DTC,2024-05-15
|CN|DTCB|UB|mBC|NEU|NEU|Treatment|Treatment,Side Effects|TXT|National|A:A|1|PH,USD,2,8,6.47,BZS,DTC,2024-05-15
|CN|DTCB|UB|mBC|NEU|NEU|Treatment|Treatment,Therapy|TXT|National|A:A|1|EX,USD,3,33,18.74,BZS,DTC,2024-05-15
|CN|DTCB|UB|mBC|NEU|NEU|Treatment|Treatment,Therapy|TXT|National|A:A|1|PH,USD,0,74,0.0,BZS,DTC,2024-05-15
|CN|DTCB|UB|mBC|NEU|NEU|Treatment|Treatment Priority,Treatment|TXT|National|A:A|1|EX,USD,0,6,0.0,BZS,DTC,2024-05-15
|CN|DTCB|UB|mBC|NEU|NEU|Treatment|Treatment Priority,Treatment|TXT|National|A:A|1|PH,USD,3,130,13.89,BZS,DTC,2024-05-15
|CN|DTCB|BR|mBC|NEU|NEU|Competitive|Competitor,Competitors|TXT|National|A:A|1|EX,USD,3,41,17.58,BZS,DTC,2024-05-16
|CN|DTCB|BR|mBC|NEU|NEU|Competitive|Competitor,Competitors|TXT|National|A:A|1|PH,USD,4,42,23.5,BZS,DTC,2024-05-16
|CN|DTCB|BR|mBC|NEU|NEU|Competitive|Competitor,Competitor|TXT|National|A:A|1|EX,USD,2,49,15.55,BZS,DTC,2024-05-16
|CN|DTCB|BR|mBC|NEU|NEU|Competitive|Competitor,Competitor|TXT|National|A:A|1|PH,USD,1,37,10.09,BZS,DTC,2024-05-16
|CN|DTCB|BR|mBC|NEU|NEU|Condition|BZS,BZS|TXT|National|A:A|1|EX,USD,1,7,6.92,BZS,DTC,2024-05-16
|CN|DTCB|BR|mBC|NEU|NEU|Condition|BZS,BZS|TXT|National|A:A|1|EX,USD,0,2,0.0,BZS,DTC,2024-05-16
|CN|DTCB|BR|mBC|NEU|NEU|Condition|BZS,BZS|TXT|National|A:A|1|PH,USD,28,310,336.82,BZS,DTC,2024-05-16
|CN|DTCB|BR|mBC|NEU|NEU|Condition|BZS,BZS|TXT|National|A:A|1|PH,USD,3,37,34.92,BZS,DTC,2024-05-16
|CN|DTCB|BR|mBC|NEU|NEU|Core|Alone,Alone|TXT|National|A:A|1|EX,USD,86,617,533.01,BZS,DTC,2024-05-16
|CN|DTCB|BR|mBC|NEU|NEU|Core|Alone,Alone|TXT|National|A:A|1|PH,USD,56,694,615.35,BZS,DTC,2024-05-16
|CN|DTCB|BR|mBC|NEU|NEU|Core|Branded,Alone|TXT|National|A:A|1|EX,USD,2,28,23.11,BZS,DTC,2024-05-16
|CN|DTCB|BR|mBC|NEU|NEU|Core|Branded,Alone|TXT|National|A:A|1|PH,USD,2,19,31.19,BZS,DTC,2024-05-16
|CN|DTCB|BR|mBC|NEU|NEU|Information|Info,Dosing|TXT|National|A:A|1|EX,USD,0,10,0.0,BZS,DTC,2024-05-16
|CN|DTCB|BR|mBC|NEU|NEU|Information|Info,Dosing|TXT|National|A:A|1|PH,USD,0,2,0.0,BZS,DTC,2024-05-16
|CN|DTCB|BR|mBC|NEU|NEU|Information|Info,Info|TXT|National|A:A|1|EX,USD,20,91,109.59,BZS,DTC,2024-05-16
|CN|DTCB|BR|mBC|NEU|NEU|Information|Info,Resources|TXT|National|A:A|1|EX,USD,2,22,10.91,BZS,DTC,2024-05-16
|CN|DTCB|BR|mBC|NEU|NEU|Information|Info,Results|TXT|National|A:A|1|EX,USD,0,5,0.0,BZS,DTC,2024-05-16
|CN|DTCB|BR|mBC|NEU|NEU|Information|Info,Results|TXT|National|A:A|1|EX,USD,0,1,0.0,BZS,DTC,2024-05-16
|CN|DTCB|BR|mBC|NEU|NEU|Information|Info,Results|TXT|National|A:A|1|PH,USD,1,13,7.22,BZS,DTC,2024-05-16
|CN|DTCB|BR|mBC|NEU|NEU|Information|Info,Results|TXT|National|A:A|1|PH,USD,1,9,12.75,BZS,DTC,2024-05-16
|CN|DTCB|BR|mBC|NEU|NEU|Information|Info,Risk|TXT|National|A:A|1|EX,USD,8,51,55.95,BZS,DTC,2024-05-16
|CN|DTCB|BR|mBC|NEU|NEU|Information|Info,Risk|TXT|National|A:A|1|PH,USD,1,14,9.67,BZS,DTC,2024-05-16
|CN|DTCB|BR|mBC|NEU|NEU|Information|Info,Safety|TXT|National|A:A|1|EX,USD,10,63,74.82,BZS,DTC,2024-05-16
|CN|DTCB|BR|mBC|NEU|NEU|Information|Info,Safety|TXT|National|A:A|1|PH,USD,1,2,9.09,BZS,DTC,2024-05-16
|CN|DTCB|BR|mBC|NEU|NEU|Information|Info,Study|TXT|National|A:A|1|EX,USD,1,8,10.86,BZS,DTC,2024-05-16
|CN|DTCB|BR|mBC|NEU|NEU|Information|Info,Study|TXT|National|A:A|1|PH,USD,3,15,32.33,BZS,DTC,2024-05-16
|CN|DTCB|BR|mBC|NEU|NEU|Information|Info,Treatment|TXT|National|A:A|1|EX,USD,17,82,181.66,BZS,DTC,2024-05-16
|CN|DTCB|BR|mBC|NEU|NEU|Information|Info,Treatment|TXT|National|A:A|1|PH,USD,0,29,0.0,BZS,DTC,2024-05-16
|CN|DTCB|BR|mBC|NEU|NEU|Information|Info,Understanding|TXT|National|A:A|1|EX,USD,0,8,0.0,BZS,DTC,2024-05-16
|CN|DTCB|UB|mBC|NEU|NEU|Condition|BZS Condition,BZS General|TXT|National|A:A|1|EX,USD,0,2,0.0,BZS,DTC,2024-05-16
|CN|DTCB|UB|mBC|NEU|NEU|Condition|BZS Condition,BZS General|TXT|National|A:A|1|EX,USD,2,24,22.19,BZS,DTC,2024-05-16
|CN|DTCB|UB|mBC|NEU|NEU|Condition|BZS Condition,BZS General|TXT|National|A:A|1|PH,USD,15,135,175.26,BZS,DTC,2024-05-16
|CN|DTCB|UB|mBC|NEU|NEU|Condition|BZS Condition,BZS General|TXT|National|A:A|1|PH,USD,0,4,0.0,BZS,DTC,2024-05-16
|CN|DTCB|UB|mBC|NEU|NEU|Condition|BZS Condition,BZS general|TXT|National|A:A|1|EX,USD,2,6,7.42,BZS,DTC,2024-05-16
|CN|DTCB|UB|mBC|NEU|NEU|Condition|BZS Condition,BZS general|TXT|National|A:A|1|PH,USD,5,42,28.96,BZS,DTC,2024-05-16
|CN|DTCB|UB|mBC|NEU|NEU|Condition|BZS ITT Condition,BZS general|TXT|National|A:A|1|EX,USD,0,1,0.0,BZS,DTC,2024-05-16
|CN|DTCB|UB|mBC|NEU|NEU|Condition|BZS ITT Condition,BZS general|TXT|National|A:A|1|PH,USD,2,18,15.01,BZS,DTC,2024-05-16
|CN|DTCB|UB|mBC|NEU|NEU|Condition|Condition,Alone|TXT|National|A:A|1|EX,USD,1,24,6.38,BZS,DTC,2024-05-16
|CN|DTCB|UB|mBC|NEU|NEU|Condition|Condition,Alone|TXT|National|A:A|1|PH,USD,5,69,34.45,BZS,DTC,2024-05-16
|CN|DTCB|UB|mBC|NEU|NEU|Core|BZS,BZS|TXT|National|A:A|1|EX,USD,2,24,12.94,BZS,DTC,2024-05-16
|CN|DTCB|UB|mBC|NEU|NEU|Core|BZS,BZS|TXT|National|A:A|1|EX,USD,0,0,0.0,BZS,DTC,2024-05-16
|CN|DTCB|UB|mBC|NEU|NEU|Core|BZS,BZS|TXT|National|A:A|1|PH,USD,7,46,53.01,BZS,DTC,2024-05-16
|CN|DTCB|UB|mBC|NEU|NEU|Core|BZS,BZS|TXT|National|A:A|1|PH,USD,1,58,5.85,BZS,DTC,2024-05-16
|CN|DTCB|UB|mBC|NEU|NEU|Core|BZS+,About|TXT|National|A:A|1|EX,USD,0,1,0.0,BZS,DTC,2024-05-16
|CN|DTCB|UB|mBC|NEU|NEU|Core|BZS+,About|TXT|National|A:A|1|PH,USD,4,53,25.09,BZS,DTC,2024-05-16
|CN|DTCB|UB|mBC|NEU|NEU|Core|BZS+,Causes|TXT|National|A:A|1|PH,USD,0,0,0.0,BZS,DTC,2024-05-16
|CN|DTCB|UB|mBC|NEU|NEU|Core|BZS+,Diagnosis|TXT|National|A:A|1|EX,USD,0,35,0.0,BZS,DTC,2024-05-16
|CN|DTCB|UB|mBC|NEU|NEU|Core|BZS+,Information|TXT|National|A:A|1|PH,USD,0,1,0.0,BZS,DTC,2024-05-16
|CN|DTCB|UB|mBC|NEU|NEU|Core|BZS+,Medication|TXT|National|A:A|1|PH,USD,3,18,24.92,BZS,DTC,2024-05-16
|CN|DTCB|UB|mBC|NEU|NEU|Core|BZS+,Study|TXT|National|A:A|1|PH,USD,1,14,6.4,BZS,DTC,2024-05-16
|CN|DTCB|UB|mBC|NEU|NEU|Core|BZS+,Symptoms|TXT|National|A:A|1|EX,USD,0,1,0.0,BZS,DTC,2024-05-16
|CN|DTCB|UB|mBC|NEU|NEU|Core|BZS+,Symptoms|TXT|National|A:A|1|PH,USD,0,1,0.0,BZS,DTC,2024-05-16
|CN|DTCB|UB|mBC|NEU|NEU|Core|BZS+,What Is|TXT|National|A:A|1|EX,USD,0,3,0.0,BZS,DTC,2024-05-16
|CN|DTCB|UB|mBC|NEU|NEU|Core|BZS+,What Is|TXT|National|A:A|1|PH,USD,0,15,0.0,BZS,DTC,2024-05-16
|CN|DTCB|UB|mBC|NEU|NEU|Information|BZS Info,BZS Info|TXT|National|A:A|1|EX,USD,0,10,0.0,BZS,DTC,2024-05-16
|CN|DTCB|UB|mBC|NEU|NEU|Information|BZS Info,BZS Info|TXT|National|A:A|1|EX,USD,0,1,0.0,BZS,DTC,2024-05-16
|CN|DTCB|UB|mBC|NEU|NEU|Information|BZS Info,BZS Info|TXT|National|A:A|1|PH,USD,5,37,33.51,BZS,DTC,2024-05-16
|CN|DTCB|UB|mBC|NEU|NEU|Information|BZS Info,BZS Info|TXT|National|A:A|1|PH,USD,5,37,41.13,BZS,DTC,2024-05-16
|CN|DTCB|UB|mBC|NEU|NEU|Information|BZS Info,BZS Info|TXT|National|A:A|1|PH,USD,2,22,11.32,BZS,DTC,2024-05-16
|CN|DTCB|UB|mBC|NEU|NEU|Resources|BZS Resources,BZS Resources|TXT|National|A:A|1|EX,USD,0,1,0.0,BZS,DTC,2024-05-16
|CN|DTCB|UB|mBC|NEU|NEU|Resources|BZS Resources,BZS Resources|TXT|National|A:A|1|PH,USD,0,9,0.0,BZS,DTC,2024-05-16
|CN|DTCB|UB|mBC|NEU|NEU|Resources|BZS Resources,BZS Resources|TXT|National|A:A|1|PH,USD,1,10,5.83,BZS,DTC,2024-05-16
|CN|DTCB|UB|mBC|NEU|NEU|Resources|BZS Resources,BZS Safety|TXT|National|A:A|1|PH,USD,0,9,0.0,BZS,DTC,2024-05-16
|CN|DTCB|UB|mBC|NEU|NEU|Resources|BZS Resources,BZS Safety|TXT|National|A:A|1|PH,USD,0,3,0.0,BZS,DTC,2024-05-16
|CN|DTCB|UB|mBC|NEU|NEU|Resources|BZS Resources,BZS Trial|TXT|National|A:A|1|EX,USD,2,6,13.01,BZS,DTC,2024-05-16
|CN|DTCB|UB|mBC|NEU|NEU|Resources|BZS Resources,BZS Trial|TXT|National|A:A|1|PH,USD,0,0,0.0,BZS,DTC,2024-05-16
|CN|DTCB|UB|mBC|NEU|NEU|Resources|BZS Resources,BZS Trial|TXT|National|A:A|1|PH,USD,1,5,5.51,BZS,DTC,2024-05-16
|CN|DTCB|UB|mBC|NEU|NEU|Resources|BZS Resources,BZS Trial|TXT|National|A:A|1|PH,USD,4,23,24.92,BZS,DTC,2024-05-16
|CN|DTCB|UB|mBC|NEU|NEU|Resources|BZS Resources,BZS Trial|TXT|National|A:A|1|PH,USD,0,0,0.0,BZS,DTC,2024-05-16
|CN|DTCB|UB|mBC|NEU|NEU|Resources|BZS Resources,BZS Understanding|TXT|National|A:A|1|EX,USD,0,3,0.0,BZS,DTC,2024-05-16
|CN|DTCB|UB|mBC|NEU|NEU|Resources|BZS Resources,BZS Understanding|TXT|National|A:A|1|PH,USD,0,6,0.0,BZS,DTC,2024-05-16
|CN|DTCB|UB|mBC|NEU|NEU|Treatment|BZS Treatment,BZS Treatment|TXT|National|A:A|1|EX,USD,0,1,0.0,BZS,DTC,2024-05-16
|CN|DTCB|UB|mBC|NEU|NEU|Treatment|BZS Treatment,BZS Treatment|TXT|National|A:A|1|EX,USD,1,3,6.54,BZS,DTC,2024-05-16
|CN|DTCB|UB|mBC|NEU|NEU|Treatment|BZS Treatment,BZS Treatment|TXT|National|A:A|1|PH,USD,2,80,9.98,BZS,DTC,2024-05-16
|CN|DTCB|UB|mBC|NEU|NEU|Treatment|BZS Treatment,BZS Treatment|TXT|National|A:A|1|PH,USD,1,65,5.32,BZS,DTC,2024-05-16
|CN|DTCB|UB|mBC|NEU|NEU|Treatment|BZS Treatment,BZS Treatment|TXT|National|A:A|1|PH,USD,0,1,0.0,BZS,DTC,2024-05-16
|CN|DTCB|UB|mBC|NEU|NEU|Treatment|Treatment,Management|TXT|National|A:A|1|EX,USD,7,75,41.45,BZS,DTC,2024-05-16
|CN|DTCB|UB|mBC|NEU|NEU|Treatment|Treatment,Management|TXT|National|A:A|1|PH,USD,2,67,11.26,BZS,DTC,2024-05-16
|CN|DTCB|UB|mBC|NEU|NEU|Treatment|Treatment,Side Effects|TXT|National|A:A|1|EX,USD,0,5,0.0,BZS,DTC,2024-05-16
|CN|DTCB|UB|mBC|NEU|NEU|Treatment|Treatment,Side Effects|TXT|National|A:A|1|PH,USD,1,3,3.88,BZS,DTC,2024-05-16
|CN|DTCB|UB|mBC|NEU|NEU|Treatment|Treatment,Therapy|TXT|National|A:A|1|EX,USD,2,21,13.75,BZS,DTC,2024-05-16
|CN|DTCB|UB|mBC|NEU|NEU|Treatment|Treatment,Therapy|TXT|National|A:A|1|PH,USD,3,50,16.33,BZS,DTC,2024-05-16
|CN|DTCB|UB|mBC|NEU|NEU|Treatment|Treatment Priority,Treatment|TXT|National|A:A|1|EX,USD,0,4,0.0,BZS,DTC,2024-05-16
|CN|DTCB|UB|mBC|NEU|NEU|Treatment|Treatment Priority,Treatment|TXT|National|A:A|1|PH,USD,3,78,15.62,BZS,DTC,2024-05-16
|CN|DTCB|BR|mBC|NEU|NEU|Competitive|Competitor,Competitors|TXT|National|A:A|1|EX,USD,0,43,0.0,BZS,DTC,2024-05-17
|CN|DTCB|BR|mBC|NEU|NEU|Competitive|Competitor,Competitors|TXT|National|A:A|1|PH,USD,10,59,54.37,BZS,DTC,2024-05-17
|CN|DTCB|BR|mBC|NEU|NEU|Competitive|Competitor,Competitor|TXT|National|A:A|1|EX,USD,1,19,9.56,BZS,DTC,2024-05-17
|CN|DTCB|BR|mBC|NEU|NEU|Competitive|Competitor,Competitor|TXT|National|A:A|1|PH,USD,1,32,11.74,BZS,DTC,2024-05-17
|CN|DTCB|BR|mBC|NEU|NEU|Condition|BZS,BZS|TXT|National|A:A|1|EX,USD,1,3,14.54,BZS,DTC,2024-05-17
|CN|DTCB|BR|mBC|NEU|NEU|Condition|BZS,BZS|TXT|National|A:A|1|EX,USD,1,9,6.79,BZS,DTC,2024-05-17
|CN|DTCB|BR|mBC|NEU|NEU|Condition|BZS,BZS|TXT|National|A:A|1|PH,USD,3,14,43.06,BZS,DTC,2024-05-17
|CN|DTCB|BR|mBC|NEU|NEU|Condition|BZS,BZS|TXT|National|A:A|1|PH,USD,13,154,156.57,BZS,DTC,2024-05-17
|CN|DTCB|BR|mBC|NEU|NEU|Core|Alone,Alone|TXT|National|A:A|1|EX,USD,28,185,183.83,BZS,DTC,2024-05-17
|CN|DTCB|BR|mBC|NEU|NEU|Core|Alone,Alone|TXT|National|A:A|1|PH,USD,18,287,200.03,BZS,DTC,2024-05-17
|CN|DTCB|BR|mBC|NEU|NEU|Core|Branded,Alone|TXT|National|A:A|1|EX,USD,1,7,11.38,BZS,DTC,2024-05-17
|CN|DTCB|BR|mBC|NEU|NEU|Core|Branded,Alone|TXT|National|A:A|1|PH,USD,0,11,0.0,BZS,DTC,2024-05-17
|CN|DTCB|BR|mBC|NEU|NEU|Information|Info,Dosing|TXT|National|A:A|1|EX,USD,1,3,5.5,BZS,DTC,2024-05-17
|CN|DTCB|BR|mBC|NEU|NEU|Information|Info,Info|TXT|National|A:A|1|EX,USD,3,13,15.63,BZS,DTC,2024-05-17
|CN|DTCB|BR|mBC|NEU|NEU|Information|Info,Info|TXT|National|A:A|1|PH,USD,1,2,10.48,BZS,DTC,2024-05-17
|CN|DTCB|BR|mBC|NEU|NEU|Information|Info,Resources|TXT|National|A:A|1|EX,USD,3,17,23.15,BZS,DTC,2024-05-17
|CN|DTCB|BR|mBC|NEU|NEU|Information|Info,Results|TXT|National|A:A|1|EX,USD,0,1,0.0,BZS,DTC,2024-05-17
|CN|DTCB|BR|mBC|NEU|NEU|Information|Info,Results|TXT|National|A:A|1|EX,USD,0,1,0.0,BZS,DTC,2024-05-17
|CN|DTCB|BR|mBC|NEU|NEU|Information|Info,Results|TXT|National|A:A|1|PH,USD,0,5,0.0,BZS,DTC,2024-05-17
|CN|DTCB|BR|mBC|NEU|NEU|Information|Info,Risk|TXT|National|A:A|1|EX,USD,2,35,17.39,BZS,DTC,2024-05-17
|CN|DTCB|BR|mBC|NEU|NEU|Information|Info,Risk|TXT|National|A:A|1|PH,USD,1,9,6.88,BZS,DTC,2024-05-17
|CN|DTCB|BR|mBC|NEU|NEU|Information|Info,Safety|TXT|National|A:A|1|EX,USD,3,41,23.09,BZS,DTC,2024-05-17
|CN|DTCB|BR|mBC|NEU|NEU|Information|Info,Safety|TXT|National|A:A|1|PH,USD,0,5,0.0,BZS,DTC,2024-05-17
|CN|DTCB|BR|mBC|NEU|NEU|Information|Info,Study|TXT|National|A:A|1|EX,USD,0,1,0.0,BZS,DTC,2024-05-17
|CN|DTCB|BR|mBC|NEU|NEU|Information|Info,Study|TXT|National|A:A|1|PH,USD,0,3,0.0,BZS,DTC,2024-05-17
|CN|DTCB|BR|mBC|NEU|NEU|Information|Info,Treatment|TXT|National|A:A|1|EX,USD,10,30,110.13,BZS,DTC,2024-05-17
|CN|DTCB|BR|mBC|NEU|NEU|Information|Info,Treatment|TXT|National|A:A|1|PH,USD,0,3,0.0,BZS,DTC,2024-05-17
|CN|DTCB|BR|mBC|NEU|NEU|Information|Info,Understanding|TXT|National|A:A|1|EX,USD,0,3,0.0,BZS,DTC,2024-05-17
|CN|DTCB|UB|mBC|NEU|NEU|Condition|BZS Condition,BZS General|TXT|National|A:A|1|EX,USD,0,0,0.0,BZS,DTC,2024-05-17
|CN|DTCB|UB|mBC|NEU|NEU|Condition|BZS Condition,BZS General|TXT|National|A:A|1|EX,USD,3,33,27.55,BZS,DTC,2024-05-17
|CN|DTCB|UB|mBC|NEU|NEU|Condition|BZS Condition,BZS General|TXT|National|A:A|1|PH,USD,0,3,0.0,BZS,DTC,2024-05-17
|CN|DTCB|UB|mBC|NEU|NEU|Condition|BZS Condition,BZS General|TXT|National|A:A|1|PH,USD,14,171,150.37,BZS,DTC,2024-05-17
|CN|DTCB|UB|mBC|NEU|NEU|Condition|BZS Condition,BZS general|TXT|National|A:A|1|EX,USD,3,27,12.18,BZS,DTC,2024-05-17
|CN|DTCB|UB|mBC|NEU|NEU|Condition|BZS Condition,BZS general|TXT|National|A:A|1|PH,USD,7,84,27.34,BZS,DTC,2024-05-17
|CN|DTCB|UB|mBC|NEU|NEU|Condition|BZS ITT Condition,BZS general|TXT|National|A:A|1|EX,USD,0,0,0.0,BZS,DTC,2024-05-17
|CN|DTCB|UB|mBC|NEU|NEU|Condition|BZS ITT Condition,BZS general|TXT|National|A:A|1|PH,USD,2,10,15.3,BZS,DTC,2024-05-17
|CN|DTCB|UB|mBC|NEU|NEU|Condition|Condition,Alone|TXT|National|A:A|1|EX,USD,1,23,6.73,BZS,DTC,2024-05-17
|CN|DTCB|UB|mBC|NEU|NEU|Condition|Condition,Alone|TXT|National|A:A|1|PH,USD,3,92,20.3,BZS,DTC,2024-05-17
|CN|DTCB|UB|mBC|NEU|NEU|Core|BZS,BZS|TXT|National|A:A|1|EX,USD,0,0,0.0,BZS,DTC,2024-05-17
|CN|DTCB|UB|mBC|NEU|NEU|Core|BZS,BZS|TXT|National|A:A|1|EX,USD,3,4,21.34,BZS,DTC,2024-05-17
|CN|DTCB|UB|mBC|NEU|NEU|Core|BZS,BZS|TXT|National|A:A|1|PH,USD,1,36,5.85,BZS,DTC,2024-05-17
|CN|DTCB|UB|mBC|NEU|NEU|Core|BZS,BZS|TXT|National|A:A|1|PH,USD,2,14,16.13,BZS,DTC,2024-05-17
|CN|DTCB|UB|mBC|NEU|NEU|Core|BZS+,About|TXT|National|A:A|1|PH,USD,1,17,6.7,BZS,DTC,2024-05-17
|CN|DTCB|UB|mBC|NEU|NEU|Core|BZS+,Causes|TXT|National|A:A|1|PH,USD,0,1,0.0,BZS,DTC,2024-05-17
|CN|DTCB|UB|mBC|NEU|NEU|Core|BZS+,Diagnosis|TXT|National|A:A|1|EX,USD,0,9,0.0,BZS,DTC,2024-05-17
|CN|DTCB|UB|mBC|NEU|NEU|Core|BZS+,Information|TXT|National|A:A|1|PH,USD,1,3,5.3,BZS,DTC,2024-05-17
|CN|DTCB|UB|mBC|NEU|NEU|Core|BZS+,Medication|TXT|National|A:A|1|PH,USD,2,5,16.62,BZS,DTC,2024-05-17
|CN|DTCB|UB|mBC|NEU|NEU|Core|BZS+,Study|TXT|National|A:A|1|PH,USD,3,5,17.19,BZS,DTC,2024-05-17
|CN|DTCB|UB|mBC|NEU|NEU|Core|BZS+,Symptoms|TXT|National|A:A|1|EX,USD,1,2,6.5600000000000005,BZS,DTC,2024-05-17
|CN|DTCB|UB|mBC|NEU|NEU|Core|BZS+,Symptoms|TXT|National|A:A|1|PH,USD,0,0,0.0,BZS,DTC,2024-05-17
|CN|DTCB|UB|mBC|NEU|NEU|Core|BZS+,What Is|TXT|National|A:A|1|EX,USD,1,6,4.91,BZS,DTC,2024-05-17
|CN|DTCB|UB|mBC|NEU|NEU|Core|BZS+,What Is|TXT|National|A:A|1|PH,USD,0,4,0.0,BZS,DTC,2024-05-17
|CN|DTCB|UB|mBC|NEU|NEU|Information|BZS Info,BZS Info|TXT|National|A:A|1|EX,USD,1,3,4.65,BZS,DTC,2024-05-17
|CN|DTCB|UB|mBC|NEU|NEU|Information|BZS Info,BZS Info|TXT|National|A:A|1|EX,USD,1,7,9.64,BZS,DTC,2024-05-17
|CN|DTCB|UB|mBC|NEU|NEU|Information|BZS Info,BZS Info|TXT|National|A:A|1|PH,USD,1,18,3.26,BZS,DTC,2024-05-17
|CN|DTCB|UB|mBC|NEU|NEU|Information|BZS Info,BZS Info|TXT|National|A:A|1|PH,USD,4,30,28.22,BZS,DTC,2024-05-17
|CN|DTCB|UB|mBC|NEU|NEU|Information|BZS Info,BZS Info|TXT|National|A:A|1|PH,USD,2,17,13.42,BZS,DTC,2024-05-17
|CN|DTCB|UB|mBC|NEU|NEU|Resources|BZS Resources,BZS Resources|TXT|National|A:A|1|PH,USD,0,11,0.0,BZS,DTC,2024-05-17
|CN|DTCB|UB|mBC|NEU|NEU|Resources|BZS Resources,BZS Resources|TXT|National|A:A|1|PH,USD,1,20,4.01,BZS,DTC,2024-05-17
|CN|DTCB|UB|mBC|NEU|NEU|Resources|BZS Resources,BZS Safety|TXT|National|A:A|1|PH,USD,1,9,5.11,BZS,DTC,2024-05-17
|CN|DTCB|UB|mBC|NEU|NEU|Resources|BZS Resources,BZS Safety|TXT|National|A:A|1|PH,USD,1,8,6.38,BZS,DTC,2024-05-17
|CN|DTCB|UB|mBC|NEU|NEU|Resources|BZS Resources,BZS Trial|TXT|National|A:A|1|EX,USD,1,10,6.41,BZS,DTC,2024-05-17
|CN|DTCB|UB|mBC|NEU|NEU|Resources|BZS Resources,BZS Trial|TXT|National|A:A|1|PH,USD,0,3,0.0,BZS,DTC,2024-05-17
|CN|DTCB|UB|mBC|NEU|NEU|Resources|BZS Resources,BZS Trial|TXT|National|A:A|1|PH,USD,4,34,25.31,BZS,DTC,2024-05-17
|CN|DTCB|UB|mBC|NEU|NEU|Resources|BZS Resources,BZS Understanding|TXT|National|A:A|1|EX,USD,0,5,0.0,BZS,DTC,2024-05-17
|CN|DTCB|UB|mBC|NEU|NEU|Resources|BZS Resources,BZS Understanding|TXT|National|A:A|1|PH,USD,0,2,0.0,BZS,DTC,2024-05-17
|CN|DTCB|UB|mBC|NEU|NEU|Resources|BZS Resources,BZS Understanding|TXT|National|A:A|1|PH,USD,0,7,0.0,BZS,DTC,2024-05-17
|CN|DTCB|UB|mBC|NEU|NEU|Treatment|BZS Treatment,BZS Treatment|TXT|National|A:A|1|EX,USD,0,0,0.0,BZS,DTC,2024-05-17
|CN|DTCB|UB|mBC|NEU|NEU|Treatment|BZS Treatment,BZS Treatment|TXT|National|A:A|1|EX,USD,0,5,0.0,BZS,DTC,2024-05-17
|CN|DTCB|UB|mBC|NEU|NEU|Treatment|BZS Treatment,BZS Treatment|TXT|National|A:A|1|PH,USD,2,5,9.2,BZS,DTC,2024-05-17
|CN|DTCB|UB|mBC|NEU|NEU|Treatment|BZS Treatment,BZS Treatment|TXT|National|A:A|1|PH,USD,2,32,11.69,BZS,DTC,2024-05-17
|CN|DTCB|UB|mBC|NEU|NEU|Treatment|Treatment,Management|TXT|National|A:A|1|EX,USD,2,41,14.7,BZS,DTC,2024-05-17
|CN|DTCB|UB|mBC|NEU|NEU|Treatment|Treatment,Management|TXT|National|A:A|1|PH,USD,2,40,12.75,BZS,DTC,2024-05-17
|CN|DTCB|UB|mBC|NEU|NEU|Treatment|Treatment,Side Effects|TXT|National|A:A|1|EX,USD,0,1,0.0,BZS,DTC,2024-05-17
|CN|DTCB|UB|mBC|NEU|NEU|Treatment|Treatment,Side Effects|TXT|National|A:A|1|PH,USD,0,1,0.0,BZS,DTC,2024-05-17
|CN|DTCB|UB|mBC|NEU|NEU|Treatment|Treatment,Therapy|TXT|National|A:A|1|EX,USD,1,20,6.13,BZS,DTC,2024-05-17
|CN|DTCB|UB|mBC|NEU|NEU|Treatment|Treatment,Therapy|TXT|National|A:A|1|PH,USD,1,37,7.02,BZS,DTC,2024-05-17
|CN|DTCB|UB|mBC|NEU|NEU|Treatment|Treatment Priority,Treatment|TXT|National|A:A|1|EX,USD,0,1,0.0,BZS,DTC,2024-05-17
|CN|DTCB|UB|mBC|NEU|NEU|Treatment|Treatment Priority,Treatment|TXT|National|A:A|1|PH,USD,2,95,12.62,BZS,DTC,2024-05-17
|CN|DTCB|BR|mBC|NEU|NEU|Competitive|Competitor,Competitors|TXT|National|A:A|1|EX,USD,5,47,31.69,BZS,DTC,2024-05-18
|CN|DTCB|BR|mBC|NEU|NEU|Competitive|Competitor,Competitors|TXT|National|A:A|1|PH,USD,4,43,21.85,BZS,DTC,2024-05-18
|CN|DTCB|BR|mBC|NEU|NEU|Competitive|Competitor,Competitor|TXT|National|A:A|1|EX,USD,2,15,21.68,BZS,DTC,2024-05-18
|CN|DTCB|BR|mBC|NEU|NEU|Competitive|Competitor,Competitor|TXT|National|A:A|1|PH,USD,0,18,0.0,BZS,DTC,2024-05-18
|CN|DTCB|BR|mBC|NEU|NEU|Condition|BZS,BZS|TXT|National|A:A|1|EX,USD,2,9,13.61,BZS,DTC,2024-05-18
|CN|DTCB|BR|mBC|NEU|NEU|Condition|BZS,BZS|TXT|National|A:A|1|EX,USD,0,3,0.0,BZS,DTC,2024-05-18
|CN|DTCB|BR|mBC|NEU|NEU|Condition|BZS,BZS|TXT|National|A:A|1|PH,USD,14,152,164.3,BZS,DTC,2024-05-18
|CN|DTCB|BR|mBC|NEU|NEU|Condition|BZS,BZS|TXT|National|A:A|1|PH,USD,0,20,0.0,BZS,DTC,2024-05-18
|CN|DTCB|BR|mBC|NEU|NEU|Core|Alone,Alone|TXT|National|A:A|1|EX,USD,48,225,290.28,BZS,DTC,2024-05-18
|CN|DTCB|BR|mBC|NEU|NEU|Core|Alone,Alone|TXT|National|A:A|1|PH,USD,11,286,128.06,BZS,DTC,2024-05-18
|CN|DTCB|BR|mBC|NEU|NEU|Core|Branded,Alone|TXT|National|A:A|1|EX,USD,2,14,23.39,BZS,DTC,2024-05-18
|CN|DTCB|BR|mBC|NEU|NEU|Core|Branded,Alone|TXT|National|A:A|1|PH,USD,2,17,24.94,BZS,DTC,2024-05-18
|CN|DTCB|BR|mBC|NEU|NEU|Information|Info,Dosing|TXT|National|A:A|1|EX,USD,2,2,13.05,BZS,DTC,2024-05-18
|CN|DTCB|BR|mBC|NEU|NEU|Information|Info,Dosing|TXT|National|A:A|1|PH,USD,0,1,0.0,BZS,DTC,2024-05-18
|CN|DTCB|BR|mBC|NEU|NEU|Information|Info,Info|TXT|National|A:A|1|EX,USD,5,10,30.93,BZS,DTC,2024-05-18
|CN|DTCB|BR|mBC|NEU|NEU|Information|Info,Resources|TXT|National|A:A|1|EX,USD,1,6,7.54,BZS,DTC,2024-05-18
|CN|DTCB|BR|mBC|NEU|NEU|Information|Info,Resources|TXT|National|A:A|1|PH,USD,0,4,0.0,BZS,DTC,2024-05-18
|CN|DTCB|BR|mBC|NEU|NEU|Information|Info,Results|TXT|National|A:A|1|EX,USD,0,6,0.0,BZS,DTC,2024-05-18
|CN|DTCB|BR|mBC|NEU|NEU|Information|Info,Results|TXT|National|A:A|1|EX,USD,0,2,0.0,BZS,DTC,2024-05-18
|CN|DTCB|BR|mBC|NEU|NEU|Information|Info,Results|TXT|National|A:A|1|PH,USD,0,8,0.0,BZS,DTC,2024-05-18
|CN|DTCB|BR|mBC|NEU|NEU|Information|Info,Results|TXT|National|A:A|1|PH,USD,0,8,0.0,BZS,DTC,2024-05-18
|CN|DTCB|BR|mBC|NEU|NEU|Information|Info,Risk|TXT|National|A:A|1|EX,USD,4,35,26.76,BZS,DTC,2024-05-18
|CN|DTCB|BR|mBC|NEU|NEU|Information|Info,Risk|TXT|National|A:A|1|PH,USD,0,7,0.0,BZS,DTC,2024-05-18
|CN|DTCB|BR|mBC|NEU|NEU|Information|Info,Safety|TXT|National|A:A|1|EX,USD,7,48,53.5,BZS,DTC,2024-05-18
|CN|DTCB|BR|mBC|NEU|NEU|Information|Info,Safety|TXT|National|A:A|1|PH,USD,0,3,0.0,BZS,DTC,2024-05-18
|CN|DTCB|BR|mBC|NEU|NEU|Information|Info,Study|TXT|National|A:A|1|EX,USD,0,4,0.0,BZS,DTC,2024-05-18
|CN|DTCB|BR|mBC|NEU|NEU|Information|Info,Study|TXT|National|A:A|1|PH,USD,0,4,0.0,BZS,DTC,2024-05-18
|CN|DTCB|BR|mBC|NEU|NEU|Information|Info,Treatment|TXT|National|A:A|1|EX,USD,13,43,149.64,BZS,DTC,2024-05-18
|CN|DTCB|BR|mBC|NEU|NEU|Information|Info,Treatment|TXT|National|A:A|1|PH,USD,2,20,21.6,BZS,DTC,2024-05-18
|CN|DTCB|BR|mBC|NEU|NEU|Information|Info,Understanding|TXT|National|A:A|1|EX,USD,0,2,0.0,BZS,DTC,2024-05-18
|CN|DTCB|UB|mBC|NEU|NEU|Condition|BZS Condition,BZS General|TXT|National|A:A|1|EX,USD,0,1,0.0,BZS,DTC,2024-05-18
|CN|DTCB|UB|mBC|NEU|NEU|Condition|BZS Condition,BZS General|TXT|National|A:A|1|EX,USD,3,56,31.56,BZS,DTC,2024-05-18
|CN|DTCB|UB|mBC|NEU|NEU|Condition|BZS Condition,BZS General|TXT|National|A:A|1|PH,USD,1,7,5.29,BZS,DTC,2024-05-18
|CN|DTCB|UB|mBC|NEU|NEU|Condition|BZS Condition,BZS General|TXT|National|A:A|1|PH,USD,18,276,201.49,BZS,DTC,2024-05-18
|CN|DTCB|UB|mBC|NEU|NEU|Condition|BZS Condition,BZS general|TXT|National|A:A|1|EX,USD,0,9,0.0,BZS,DTC,2024-05-18
|CN|DTCB|UB|mBC|NEU|NEU|Condition|BZS Condition,BZS general|TXT|National|A:A|1|PH,USD,10,120,35.44,BZS,DTC,2024-05-18
|CN|DTCB|UB|mBC|NEU|NEU|Condition|BZS ITT Condition,BZS general|TXT|National|A:A|1|PH,USD,1,12,10.13,BZS,DTC,2024-05-18
|CN|DTCB|UB|mBC|NEU|NEU|Condition|Condition,Alone|TXT|National|A:A|1|EX,USD,1,22,6.96,BZS,DTC,2024-05-18
|CN|DTCB|UB|mBC|NEU|NEU|Condition|Condition,Alone|TXT|National|A:A|1|PH,USD,7,112,47.64,BZS,DTC,2024-05-18
|CN|DTCB|UB|mBC|NEU|NEU|Core|BZS,BZS|TXT|National|A:A|1|EX,USD,0,4,0.0,BZS,DTC,2024-05-18
|CN|DTCB|UB|mBC|NEU|NEU|Core|BZS,BZS|TXT|National|A:A|1|PH,USD,3,21,19.23,BZS,DTC,2024-05-18
|CN|DTCB|UB|mBC|NEU|NEU|Core|BZS,BZS|TXT|National|A:A|1|PH,USD,4,11,28.26,BZS,DTC,2024-05-18
|CN|DTCB|UB|mBC|NEU|NEU|Core|BZS+,About|TXT|National|A:A|1|EX,USD,0,1,0.0,BZS,DTC,2024-05-18
|CN|DTCB|UB|mBC|NEU|NEU|Core|BZS+,About|TXT|National|A:A|1|PH,USD,2,31,14.8,BZS,DTC,2024-05-18
|CN|DTCB|UB|mBC|NEU|NEU|Core|BZS+,Causes|TXT|National|A:A|1|EX,USD,0,1,0.0,BZS,DTC,2024-05-18
|CN|DTCB|UB|mBC|NEU|NEU|Core|BZS+,Causes|TXT|National|A:A|1|PH,USD,0,0,0.0,BZS,DTC,2024-05-18
|CN|DTCB|UB|mBC|NEU|NEU|Core|BZS+,Diagnosis|TXT|National|A:A|1|EX,USD,4,38,25.57,BZS,DTC,2024-05-18
|CN|DTCB|UB|mBC|NEU|NEU|Core|BZS+,Information|TXT|National|A:A|1|PH,USD,1,6,6.84,BZS,DTC,2024-05-18
|CN|DTCB|UB|mBC|NEU|NEU|Core|BZS+,Medication|TXT|National|A:A|1|PH,USD,0,8,0.0,BZS,DTC,2024-05-18
|CN|DTCB|UB|mBC|NEU|NEU|Core|BZS+,Study|TXT|National|A:A|1|PH,USD,0,18,0.0,BZS,DTC,2024-05-18
|CN|DTCB|UB|mBC|NEU|NEU|Core|BZS+,Symptoms|TXT|National|A:A|1|EX,USD,0,3,0.0,BZS,DTC,2024-05-18
|CN|DTCB|UB|mBC|NEU|NEU|Core|BZS+,Symptoms|TXT|National|A:A|1|PH,USD,0,2,0.0,BZS,DTC,2024-05-18
|CN|DTCB|UB|mBC|NEU|NEU|Core|BZS+,What Is|TXT|National|A:A|1|EX,USD,1,3,4.62,BZS,DTC,2024-05-18
|CN|DTCB|UB|mBC|NEU|NEU|Core|BZS+,What Is|TXT|National|A:A|1|PH,USD,0,3,0.0,BZS,DTC,2024-05-18
|CN|DTCB|UB|mBC|NEU|NEU|Information|BZS Info,BZS Info|TXT|National|A:A|1|EX,USD,0,9,0.0,BZS,DTC,2024-05-18
|CN|DTCB|UB|mBC|NEU|NEU|Information|BZS Info,BZS Info|TXT|National|A:A|1|EX,USD,0,1,0.0,BZS,DTC,2024-05-18
|CN|DTCB|UB|mBC|NEU|NEU|Information|BZS Info,BZS Info|TXT|National|A:A|1|PH,USD,2,52,11.34,BZS,DTC,2024-05-18
|CN|DTCB|UB|mBC|NEU|NEU|Information|BZS Info,BZS Info|TXT|National|A:A|1|PH,USD,0,12,0.0,BZS,DTC,2024-05-18
|CN|DTCB|UB|mBC|NEU|NEU|Information|BZS Info,BZS Info|TXT|National|A:A|1|PH,USD,5,52,40.04,BZS,DTC,2024-05-18
|CN|DTCB|UB|mBC|NEU|NEU|Resources|BZS Resources,BZS Resources|TXT|National|A:A|1|EX,USD,0,0,0.0,BZS,DTC,2024-05-18
|CN|DTCB|UB|mBC|NEU|NEU|Resources|BZS Resources,BZS Resources|TXT|National|A:A|1|PH,USD,0,22,0.0,BZS,DTC,2024-05-18
|CN|DTCB|UB|mBC|NEU|NEU|Resources|BZS Resources,BZS Resources|TXT|National|A:A|1|PH,USD,0,18,0.0,BZS,DTC,2024-05-18
|CN|DTCB|UB|mBC|NEU|NEU|Resources|BZS Resources,BZS Safety|TXT|National|A:A|1|PH,USD,1,14,5.66,BZS,DTC,2024-05-18
|CN|DTCB|UB|mBC|NEU|NEU|Resources|BZS Resources,BZS Safety|TXT|National|A:A|1|PH,USD,1,6,5.03,BZS,DTC,2024-05-18
|CN|DTCB|UB|mBC|NEU|NEU|Resources|BZS Resources,BZS Trial|TXT|National|A:A|1|EX,USD,2,13,12.78,BZS,DTC,2024-05-18
|CN|DTCB|UB|mBC|NEU|NEU|Resources|BZS Resources,BZS Trial|TXT|National|A:A|1|PH,USD,3,25,19.48,BZS,DTC,2024-05-18
|CN|DTCB|UB|mBC|NEU|NEU|Resources|BZS Resources,BZS Trial|TXT|National|A:A|1|PH,USD,1,6,5.55,BZS,DTC,2024-05-18
|CN|DTCB|UB|mBC|NEU|NEU|Resources|BZS Resources,BZS Trial|TXT|National|A:A|1|PH,USD,0,1,0.0,BZS,DTC,2024-05-18
|CN|DTCB|UB|mBC|NEU|NEU|Resources|BZS Resources,BZS Understanding|TXT|National|A:A|1|EX,USD,0,5,0.0,BZS,DTC,2024-05-18
|CN|DTCB|UB|mBC|NEU|NEU|Resources|BZS Resources,BZS Understanding|TXT|National|A:A|1|PH,USD,0,13,0.0,BZS,DTC,2024-05-18
|CN|DTCB|UB|mBC|NEU|NEU|Treatment|BZS Treatment,BZS Treatment|TXT|National|A:A|1|EX,USD,0,2,0.0,BZS,DTC,2024-05-18
|CN|DTCB|UB|mBC|NEU|NEU|Treatment|BZS Treatment,BZS Treatment|TXT|National|A:A|1|EX,USD,0,0,0.0,BZS,DTC,2024-05-18
|CN|DTCB|UB|mBC|NEU|NEU|Treatment|BZS Treatment,BZS Treatment|TXT|National|A:A|1|PH,USD,2,22,11.26,BZS,DTC,2024-05-18
|CN|DTCB|UB|mBC|NEU|NEU|Treatment|BZS Treatment,BZS Treatment|TXT|National|A:A|1|PH,USD,2,30,10.04,BZS,DTC,2024-05-18
|CN|DTCB|UB|mBC|NEU|NEU|Treatment|BZS Treatment,BZS Treatment|TXT|National|A:A|1|PH,USD,0,0,0.0,BZS,DTC,2024-05-18
|CN|DTCB|UB|mBC|NEU|NEU|Treatment|Treatment,Management|TXT|National|A:A|1|EX,USD,2,31,13.66,BZS,DTC,2024-05-18
|CN|DTCB|UB|mBC|NEU|NEU|Treatment|Treatment,Management|TXT|National|A:A|1|PH,USD,2,35,11.48,BZS,DTC,2024-05-18
|CN|DTCB|UB|mBC|NEU|NEU|Treatment|Treatment,Side Effects|TXT|National|A:A|1|EX,USD,1,5,3.7199999999999998,BZS,DTC,2024-05-18
|CN|DTCB|UB|mBC|NEU|NEU|Treatment|Treatment,Side Effects|TXT|National|A:A|1|PH,USD,0,2,0.0,BZS,DTC,2024-05-18
|CN|DTCB|UB|mBC|NEU|NEU|Treatment|Treatment,Therapy|TXT|National|A:A|1|EX,USD,1,13,6.16,BZS,DTC,2024-05-18
|CN|DTCB|UB|mBC|NEU|NEU|Treatment|Treatment,Therapy|TXT|National|A:A|1|PH,USD,6,46,36.61,BZS,DTC,2024-05-18
|CN|DTCB|UB|mBC|NEU|NEU|Treatment|Treatment Priority,Treatment|TXT|National|A:A|1|EX,USD,1,1,9.33,BZS,DTC,2024-05-18
|CN|DTCB|UB|mBC|NEU|NEU|Treatment|Treatment Priority,Treatment|TXT|National|A:A|1|PH,USD,1,6,8.14,BZS,DTC,2024-05-18
|CN|DTCB|BR|mBC|NEU|NEU|Competitive|Competitor,Competitors|TXT|National|A:A|1|EX,USD,1,81,4.46,BZS,DTC,2024-05-19
|CN|DTCB|BR|mBC|NEU|NEU|Competitive|Competitor,Competitors|TXT|National|A:A|1|PH,USD,8,101,48.69,BZS,DTC,2024-05-19
|CN|DTCB|BR|mBC|NEU|NEU|Competitive|Competitor,Competitor|TXT|National|A:A|1|EX,USD,1,106,12.27,BZS,DTC,2024-05-19
|CN|DTCB|BR|mBC|NEU|NEU|Competitive|Competitor,Competitor|TXT|National|A:A|1|PH,USD,1,104,11.85,BZS,DTC,2024-05-19
|CN|DTCB|BR|mBC|NEU|NEU|Condition|BZS,BZS|TXT|National|A:A|1|EX,USD,1,9,6.89,BZS,DTC,2024-05-19
|CN|DTCB|BR|mBC|NEU|NEU|Condition|BZS,BZS|TXT|National|A:A|1|EX,USD,0,4,0.0,BZS,DTC,2024-05-19
|CN|DTCB|BR|mBC|NEU|NEU|Condition|BZS,BZS|TXT|National|A:A|1|PH,USD,13,274,152.55,BZS,DTC,2024-05-19
|CN|DTCB|BR|mBC|NEU|NEU|Condition|BZS,BZS|TXT|National|A:A|1|PH,USD,4,38,55.03,BZS,DTC,2024-05-19
|CN|DTCB|BR|mBC|NEU|NEU|Core|Alone,Alone|TXT|National|A:A|1|EX,USD,62,564,380.86,BZS,DTC,2024-05-19
|CN|DTCB|BR|mBC|NEU|NEU|Core|Alone,Alone|TXT|National|A:A|1|PH,USD,32,581,365.31,BZS,DTC,2024-05-19
|CN|DTCB|BR|mBC|NEU|NEU|Core|Branded,Alone|TXT|National|A:A|1|EX,USD,2,24,27.75,BZS,DTC,2024-05-19
|CN|DTCB|BR|mBC|NEU|NEU|Core|Branded,Alone|TXT|National|A:A|1|PH,USD,3,26,41.37,BZS,DTC,2024-05-19
|CN|DTCB|BR|mBC|NEU|NEU|Information|Info,Dosing|TXT|National|A:A|1|EX,USD,5,13,38.52,BZS,DTC,2024-05-19
|CN|DTCB|BR|mBC|NEU|NEU|Information|Info,Dosing|TXT|National|A:A|1|PH,USD,0,2,0.0,BZS,DTC,2024-05-19
|CN|DTCB|BR|mBC|NEU|NEU|Information|Info,Info|TXT|National|A:A|1|EX,USD,21,76,113.61,BZS,DTC,2024-05-19
|CN|DTCB|BR|mBC|NEU|NEU|Information|Info,Resources|TXT|National|A:A|1|EX,USD,2,14,14.39,BZS,DTC,2024-05-19
|CN|DTCB|BR|mBC|NEU|NEU|Information|Info,Results|TXT|National|A:A|1|EX,USD,1,7,8.21,BZS,DTC,2024-05-19
|CN|DTCB|BR|mBC|NEU|NEU|Information|Info,Results|TXT|National|A:A|1|EX,USD,0,1,0.0,BZS,DTC,2024-05-19
|CN|DTCB|BR|mBC|NEU|NEU|Information|Info,Results|TXT|National|A:A|1|PH,USD,0,3,0.0,BZS,DTC,2024-05-19
|CN|DTCB|BR|mBC|NEU|NEU|Information|Info,Results|TXT|National|A:A|1|PH,USD,1,10,12.39,BZS,DTC,2024-05-19
|CN|DTCB|BR|mBC|NEU|NEU|Information|Info,Risk|TXT|National|A:A|1|EX,USD,4,27,27.17,BZS,DTC,2024-05-19
|CN|DTCB|BR|mBC|NEU|NEU|Information|Info,Risk|TXT|National|A:A|1|PH,USD,0,8,0.0,BZS,DTC,2024-05-19
|CN|DTCB|BR|mBC|NEU|NEU|Information|Info,Safety|TXT|National|A:A|1|EX,USD,6,70,45.87,BZS,DTC,2024-05-19
|CN|DTCB|BR|mBC|NEU|NEU|Information|Info,Safety|TXT|National|A:A|1|PH,USD,0,4,0.0,BZS,DTC,2024-05-19
|CN|DTCB|BR|mBC|NEU|NEU|Information|Info,Study|TXT|National|A:A|1|EX,USD,2,10,10.74,BZS,DTC,2024-05-19
|CN|DTCB|BR|mBC|NEU|NEU|Information|Info,Study|TXT|National|A:A|1|PH,USD,1,14,10.72,BZS,DTC,2024-05-19
|CN|DTCB|BR|mBC|NEU|NEU|Information|Info,Treatment|TXT|National|A:A|1|EX,USD,14,69,173.96,BZS,DTC,2024-05-19
|CN|DTCB|BR|mBC|NEU|NEU|Information|Info,Treatment|TXT|National|A:A|1|PH,USD,2,22,21.83,BZS,DTC,2024-05-19
|CN|DTCB|BR|mBC|NEU|NEU|Information|Info,Understanding|TXT|National|A:A|1|EX,USD,0,7,0.0,BZS,DTC,2024-05-19
|CN|DTCB|UB|mBC|NEU|NEU|Condition|BZS Condition,BZS General|TXT|National|A:A|1|EX,USD,0,1,0.0,BZS,DTC,2024-05-19
|CN|DTCB|UB|mBC|NEU|NEU|Condition|BZS Condition,BZS General|TXT|National|A:A|1|EX,USD,6,54,61.64,BZS,DTC,2024-05-19
|CN|DTCB|UB|mBC|NEU|NEU|Condition|BZS Condition,BZS General|TXT|National|A:A|1|PH,USD,1,9,5.42,BZS,DTC,2024-05-19
|CN|DTCB|UB|mBC|NEU|NEU|Condition|BZS Condition,BZS General|TXT|National|A:A|1|PH,USD,12,225,132.33,BZS,DTC,2024-05-19
|CN|DTCB|UB|mBC|NEU|NEU|Condition|BZS Condition,BZS general|TXT|National|A:A|1|EX,USD,5,12,18.14,BZS,DTC,2024-05-19
|CN|DTCB|UB|mBC|NEU|NEU|Condition|BZS Condition,BZS general|TXT|National|A:A|1|PH,USD,4,35,17.16,BZS,DTC,2024-05-19
|CN|DTCB|UB|mBC|NEU|NEU|Condition|BZS ITT Condition,BZS general|TXT|National|A:A|1|EX,USD,1,2,9.16,BZS,DTC,2024-05-19
|CN|DTCB|UB|mBC|NEU|NEU|Condition|BZS ITT Condition,BZS general|TXT|National|A:A|1|PH,USD,1,11,7.41,BZS,DTC,2024-05-19
|CN|DTCB|UB|mBC|NEU|NEU|Condition|Condition,Alone|TXT|National|A:A|1|EX,USD,2,38,13.53,BZS,DTC,2024-05-19
|CN|DTCB|UB|mBC|NEU|NEU|Condition|Condition,Alone|TXT|National|A:A|1|PH,USD,6,158,40.8,BZS,DTC,2024-05-19
|CN|DTCB|UB|mBC|NEU|NEU|Core|BZS,BZS|TXT|National|A:A|1|EX,USD,0,0,0.0,BZS,DTC,2024-05-19
|CN|DTCB|UB|mBC|NEU|NEU|Core|BZS,BZS|TXT|National|A:A|1|EX,USD,1,12,7.17,BZS,DTC,2024-05-19
|CN|DTCB|UB|mBC|NEU|NEU|Core|BZS,BZS|TXT|National|A:A|1|PH,USD,4,16,25.23,BZS,DTC,2024-05-19
|CN|DTCB|UB|mBC|NEU|NEU|Core|BZS,BZS|TXT|National|A:A|1|PH,USD,1,33,8.91,BZS,DTC,2024-05-19
|CN|DTCB|UB|mBC|NEU|NEU|Core|BZS+,About|TXT|National|A:A|1|EX,USD,0,2,0.0,BZS,DTC,2024-05-19
|CN|DTCB|UB|mBC|NEU|NEU|Core|BZS+,About|TXT|National|A:A|1|PH,USD,1,48,6.8100000000000005,BZS,DTC,2024-05-19
|CN|DTCB|UB|mBC|NEU|NEU|Core|BZS+,Causes|TXT|National|A:A|1|EX,USD,0,2,0.0,BZS,DTC,2024-05-19
|CN|DTCB|UB|mBC|NEU|NEU|Core|BZS+,Causes|TXT|National|A:A|1|PH,USD,0,3,0.0,BZS,DTC,2024-05-19
|CN|DTCB|UB|mBC|NEU|NEU|Core|BZS+,Diagnosis|TXT|National|A:A|1|EX,USD,5,63,27.44,BZS,DTC,2024-05-19
|CN|DTCB|UB|mBC|NEU|NEU|Core|BZS+,Information|TXT|National|A:A|1|PH,USD,0,13,0.0,BZS,DTC,2024-05-19
|CN|DTCB|UB|mBC|NEU|NEU|Core|BZS+,Medication|TXT|National|A:A|1|PH,USD,1,25,7.98,BZS,DTC,2024-05-19
|CN|DTCB|UB|mBC|NEU|NEU|Core|BZS+,Study|TXT|National|A:A|1|PH,USD,1,28,5.22,BZS,DTC,2024-05-19
|CN|DTCB|UB|mBC|NEU|NEU|Core|BZS+,Symptoms|TXT|National|A:A|1|EX,USD,0,1,0.0,BZS,DTC,2024-05-19
|CN|DTCB|UB|mBC|NEU|NEU|Core|BZS+,Symptoms|TXT|National|A:A|1|PH,USD,0,2,0.0,BZS,DTC,2024-05-19
|CN|DTCB|UB|mBC|NEU|NEU|Core|BZS+,What Is|TXT|National|A:A|1|EX,USD,0,13,0.0,BZS,DTC,2024-05-19
|CN|DTCB|UB|mBC|NEU|NEU|Core|BZS+,What Is|TXT|National|A:A|1|PH,USD,1,12,6.03,BZS,DTC,2024-05-19
|CN|DTCB|UB|mBC|NEU|NEU|Information|BZS Info,BZS Info|TXT|National|A:A|1|EX,USD,0,3,0.0,BZS,DTC,2024-05-19
|CN|DTCB|UB|mBC|NEU|NEU|Information|BZS Info,BZS Info|TXT|National|A:A|1|EX,USD,0,8,0.0,BZS,DTC,2024-05-19
|CN|DTCB|UB|mBC|NEU|NEU|Information|BZS Info,BZS Info|TXT|National|A:A|1|PH,USD,2,20,13.2,BZS,DTC,2024-05-19
|CN|DTCB|UB|mBC|NEU|NEU|Information|BZS Info,BZS Info|TXT|National|A:A|1|PH,USD,6,50,42.46,BZS,DTC,2024-05-19
|CN|DTCB|UB|mBC|NEU|NEU|Information|BZS Info,BZS Info|TXT|National|A:A|1|PH,USD,2,28,10.41,BZS,DTC,2024-05-19
|CN|DTCB|UB|mBC|NEU|NEU|Resources|BZS Resources,BZS Dosing|TXT|National|A:A|1|PH,USD,0,0,0.0,BZS,DTC,2024-05-19
|CN|DTCB|UB|mBC|NEU|NEU|Resources|BZS Resources,BZS Resources|TXT|National|A:A|1|PH,USD,1,21,6.26,BZS,DTC,2024-05-19
|CN|DTCB|UB|mBC|NEU|NEU|Resources|BZS Resources,BZS Resources|TXT|National|A:A|1|PH,USD,2,28,12.56,BZS,DTC,2024-05-19
|CN|DTCB|UB|mBC|NEU|NEU|Resources|BZS Resources,BZS Safety|TXT|National|A:A|1|PH,USD,2,12,11.29,BZS,DTC,2024-05-19
|CN|DTCB|UB|mBC|NEU|NEU|Resources|BZS Resources,BZS Safety|TXT|National|A:A|1|PH,USD,0,3,0.0,BZS,DTC,2024-05-19
|CN|DTCB|UB|mBC|NEU|NEU|Resources|BZS Resources,BZS Trial|TXT|National|A:A|1|EX,USD,0,6,0.0,BZS,DTC,2024-05-19
|CN|DTCB|UB|mBC|NEU|NEU|Resources|BZS Resources,BZS Trial|TXT|National|A:A|1|PH,USD,1,7,5.83,BZS,DTC,2024-05-19
|CN|DTCB|UB|mBC|NEU|NEU|Resources|BZS Resources,BZS Trial|TXT|National|A:A|1|PH,USD,1,23,6.51,BZS,DTC,2024-05-19
|CN|DTCB|UB|mBC|NEU|NEU|Resources|BZS Resources,BZS Trial|TXT|National|A:A|1|PH,USD,0,0,0.0,BZS,DTC,2024-05-19
|CN|DTCB|UB|mBC|NEU|NEU|Resources|BZS Resources,BZS Understanding|TXT|National|A:A|1|EX,USD,0,1,0.0,BZS,DTC,2024-05-19
|CN|DTCB|UB|mBC|NEU|NEU|Resources|BZS Resources,BZS Understanding|TXT|National|A:A|1|PH,USD,0,2,0.0,BZS,DTC,2024-05-19
|CN|DTCB|UB|mBC|NEU|NEU|Resources|BZS Resources,BZS Understanding|TXT|National|A:A|1|PH,USD,2,16,9.41,BZS,DTC,2024-05-19
|CN|DTCB|UB|mBC|NEU|NEU|Treatment|BZS Treatment,BZS Treatment|TXT|National|A:A|1|EX,USD,0,0,0.0,BZS,DTC,2024-05-19
|CN|DTCB|UB|mBC|NEU|NEU|Treatment|BZS Treatment,BZS Treatment|TXT|National|A:A|1|PH,USD,2,3,9.21,BZS,DTC,2024-05-19
|CN|DTCB|UB|mBC|NEU|NEU|Treatment|BZS Treatment,BZS Treatment|TXT|National|A:A|1|PH,USD,0,4,0.0,BZS,DTC,2024-05-19
|CN|DTCB|UB|mBC|NEU|NEU|Treatment|BZS Treatment,BZS Treatment|TXT|National|A:A|1|PH,USD,2,2,11.66,BZS,DTC,2024-05-19
|CN|DTCB|UB|mBC|NEU|NEU|Treatment|Treatment,Management|TXT|National|A:A|1|EX,USD,0,49,0.0,BZS,DTC,2024-05-19
|CN|DTCB|UB|mBC|NEU|NEU|Treatment|Treatment,Management|TXT|National|A:A|1|PH,USD,1,62,5.87,BZS,DTC,2024-05-19
|CN|DTCB|UB|mBC|NEU|NEU|Treatment|Treatment,Side Effects|TXT|National|A:A|1|EX,USD,2,8,7.42,BZS,DTC,2024-05-19
|CN|DTCB|UB|mBC|NEU|NEU|Treatment|Treatment,Side Effects|TXT|National|A:A|1|PH,USD,1,6,3.26,BZS,DTC,2024-05-19
|CN|DTCB|UB|mBC|NEU|NEU|Treatment|Treatment,Therapy|TXT|National|A:A|1|EX,USD,2,17,12.17,BZS,DTC,2024-05-19
|CN|DTCB|UB|mBC|NEU|NEU|Treatment|Treatment,Therapy|TXT|National|A:A|1|PH,USD,0,50,0.0,BZS,DTC,2024-05-19
|CN|DTCB|UB|mBC|NEU|NEU|Treatment|Treatment Priority,Treatment|TXT|National|A:A|1|EX,USD,0,0,0.0,BZS,DTC,2024-05-19
|CN|DTCB|UB|mBC|NEU|NEU|Treatment|Treatment Priority,Treatment|TXT|National|A:A|1|PH,USD,3,33,15.05,BZS,DTC,2024-05-19
|CN|DTCB|BR|mBC|NEU|NEU|Competitive|Competitor,Competitors|TXT|National|A:A|1|EX,USD,18,208,115.98,BZS,DTC,2024-05-20
|CN|DTCB|BR|mBC|NEU|NEU|Competitive|Competitor,Competitors|TXT|National|A:A|1|PH,USD,7,232,38.5,BZS,DTC,2024-05-20
|CN|DTCB|BR|mBC|NEU|NEU|Competitive|Competitor,Competitor|TXT|National|A:A|1|EX,USD,1,98,9.38,BZS,DTC,2024-05-20
|CN|DTCB|BR|mBC|NEU|NEU|Competitive|Competitor,Competitor|TXT|National|A:A|1|PH,USD,2,90,15.15,BZS,DTC,2024-05-20
|CN|DTCB|BR|mBC|NEU|NEU|Condition|BZS,BZS|TXT|National|A:A|1|EX,USD,1,12,3.7,BZS,DTC,2024-05-20
|CN|DTCB|BR|mBC|NEU|NEU|Condition|BZS,BZS|TXT|National|A:A|1|EX,USD,0,4,0.0,BZS,DTC,2024-05-20
|CN|DTCB|BR|mBC|NEU|NEU|Condition|BZS,BZS|TXT|National|A:A|1|PH,USD,28,279,333.37,BZS,DTC,2024-05-20
|CN|DTCB|BR|mBC|NEU|NEU|Condition|BZS,BZS|TXT|National|A:A|1|PH,USD,5,56,65.56,BZS,DTC,2024-05-20
|CN|DTCB|BR|mBC|NEU|NEU|Core|Alone,Alone|TXT|National|A:A|1|EX,USD,123,832,742.61,BZS,DTC,2024-05-20
|CN|DTCB|BR|mBC|NEU|NEU|Core|Alone,Alone|TXT|National|A:A|1|PH,USD,65,826,748.51,BZS,DTC,2024-05-20
|CN|DTCB|BR|mBC|NEU|NEU|Core|Branded,Alone|TXT|National|A:A|1|EX,USD,0,31,0.0,BZS,DTC,2024-05-20
|CN|DTCB|BR|mBC|NEU|NEU|Core|Branded,Alone|TXT|National|A:A|1|PH,USD,4,40,64.85,BZS,DTC,2024-05-20
|CN|DTCB|BR|mBC|NEU|NEU|Information|Info,Dosing|TXT|National|A:A|1|EX,USD,2,13,13.0,BZS,DTC,2024-05-20
|CN|DTCB|BR|mBC|NEU|NEU|Information|Info,Dosing|TXT|National|A:A|1|PH,USD,0,2,0.0,BZS,DTC,2024-05-20
|CN|DTCB|BR|mBC|NEU|NEU|Information|Info,Info|TXT|National|A:A|1|EX,USD,27,94,158.25,BZS,DTC,2024-05-20
|CN|DTCB|BR|mBC|NEU|NEU|Information|Info,Info|TXT|National|A:A|1|PH,USD,0,2,0.0,BZS,DTC,2024-05-20
|CN|DTCB|BR|mBC|NEU|NEU|Information|Info,Resources|TXT|National|A:A|1|EX,USD,2,17,13.09,BZS,DTC,2024-05-20
|CN|DTCB|BR|mBC|NEU|NEU|Information|Info,Resources|TXT|National|A:A|1|PH,USD,0,2,0.0,BZS,DTC,2024-05-20
|CN|DTCB|BR|mBC|NEU|NEU|Information|Info,Results|TXT|National|A:A|1|EX,USD,0,6,0.0,BZS,DTC,2024-05-20
|CN|DTCB|BR|mBC|NEU|NEU|Information|Info,Results|TXT|National|A:A|1|EX,USD,0,5,0.0,BZS,DTC,2024-05-20
|CN|DTCB|BR|mBC|NEU|NEU|Information|Info,Results|TXT|National|A:A|1|PH,USD,1,12,6.64,BZS,DTC,2024-05-20
|CN|DTCB|BR|mBC|NEU|NEU|Information|Info,Results|TXT|National|A:A|1|PH,USD,1,9,8.55,BZS,DTC,2024-05-20
|CN|DTCB|BR|mBC|NEU|NEU|Information|Info,Risk|TXT|National|A:A|1|EX,USD,4,41,34.71,BZS,DTC,2024-05-20
|CN|DTCB|BR|mBC|NEU|NEU|Information|Info,Risk|TXT|National|A:A|1|PH,USD,0,11,0.0,BZS,DTC,2024-05-20
|CN|DTCB|BR|mBC|NEU|NEU|Information|Info,Safety|TXT|National|A:A|1|EX,USD,9,74,66.83,BZS,DTC,2024-05-20
|CN|DTCB|BR|mBC|NEU|NEU|Information|Info,Safety|TXT|National|A:A|1|PH,USD,1,10,11.43,BZS,DTC,2024-05-20
|CN|DTCB|BR|mBC|NEU|NEU|Information|Info,Study|TXT|National|A:A|1|EX,USD,5,15,41.13,BZS,DTC,2024-05-20
|CN|DTCB|BR|mBC|NEU|NEU|Information|Info,Study|TXT|National|A:A|1|PH,USD,2,7,21.92,BZS,DTC,2024-05-20
|CN|DTCB|BR|mBC|NEU|NEU|Information|Info,Treatment|TXT|National|A:A|1|EX,USD,31,116,367.67,BZS,DTC,2024-05-20
|CN|DTCB|BR|mBC|NEU|NEU|Information|Info,Treatment|TXT|National|A:A|1|PH,USD,1,44,10.93,BZS,DTC,2024-05-20
|CN|DTCB|BR|mBC|NEU|NEU|Information|Info,Understanding|TXT|National|A:A|1|EX,USD,0,12,0.0,BZS,DTC,2024-05-20
|CN|DTCB|BR|mBC|NEU|NEU|Information|Info,Understanding|TXT|National|A:A|1|PH,USD,0,1,0.0,BZS,DTC,2024-05-20
|CN|DTCB|UB|mBC|NEU|NEU|Condition|BZS Condition,BZS General|TXT|National|A:A|1|EX,USD,0,1,0.0,BZS,DTC,2024-05-20
|CN|DTCB|UB|mBC|NEU|NEU|Condition|BZS Condition,BZS General|TXT|National|A:A|1|EX,USD,5,60,56.45,BZS,DTC,2024-05-20
|CN|DTCB|UB|mBC|NEU|NEU|Condition|BZS Condition,BZS General|TXT|National|A:A|1|PH,USD,0,7,0.0,BZS,DTC,2024-05-20
|CN|DTCB|UB|mBC|NEU|NEU|Condition|BZS Condition,BZS General|TXT|National|A:A|1|PH,USD,14,205,161.48,BZS,DTC,2024-05-20
|CN|DTCB|UB|mBC|NEU|NEU|Condition|BZS Condition,BZS general|TXT|National|A:A|1|EX,USD,8,63,35.05,BZS,DTC,2024-05-20
|CN|DTCB|UB|mBC|NEU|NEU|Condition|BZS Condition,BZS general|TXT|National|A:A|1|PH,USD,20,225,80.18,BZS,DTC,2024-05-20
|CN|DTCB|UB|mBC|NEU|NEU|Condition|BZS ITT Condition,BZS general|TXT|National|A:A|1|EX,USD,0,1,0.0,BZS,DTC,2024-05-20
|CN|DTCB|UB|mBC|NEU|NEU|Condition|BZS ITT Condition,BZS general|TXT|National|A:A|1|PH,USD,2,22,15.88,BZS,DTC,2024-05-20
|CN|DTCB|UB|mBC|NEU|NEU|Condition|Condition,Alone|TXT|National|A:A|1|EX,USD,9,132,61.05,BZS,DTC,2024-05-20
|CN|DTCB|UB|mBC|NEU|NEU|Condition|Condition,Alone|TXT|National|A:A|1|PH,USD,15,400,101.56,BZS,DTC,2024-05-20
|CN|DTCB|UB|mBC|NEU|NEU|Core|BZS,BZS|TXT|National|A:A|1|EX,USD,0,0,0.0,BZS,DTC,2024-05-20
|CN|DTCB|UB|mBC|NEU|NEU|Core|BZS,BZS|TXT|National|A:A|1|EX,USD,0,15,0.0,BZS,DTC,2024-05-20
|CN|DTCB|UB|mBC|NEU|NEU|Core|BZS,BZS|TXT|National|A:A|1|PH,USD,5,51,30.48,BZS,DTC,2024-05-20
|CN|DTCB|UB|mBC|NEU|NEU|Core|BZS,BZS|TXT|National|A:A|1|PH,USD,11,63,85.98,BZS,DTC,2024-05-20
|CN|DTCB|UB|mBC|NEU|NEU|Core|BZS+,About|TXT|National|A:A|1|EX,USD,1,3,6.18,BZS,DTC,2024-05-20
|CN|DTCB|UB|mBC|NEU|NEU|Core|BZS+,About|TXT|National|A:A|1|PH,USD,5,107,30.55,BZS,DTC,2024-05-20
|CN|DTCB|UB|mBC|NEU|NEU|Core|BZS+,Causes|TXT|National|A:A|1|EX,USD,0,1,0.0,BZS,DTC,2024-05-20
|CN|DTCB|UB|mBC|NEU|NEU|Core|BZS+,Causes|TXT|National|A:A|1|PH,USD,0,3,0.0,BZS,DTC,2024-05-20
|CN|DTCB|UB|mBC|NEU|NEU|Core|BZS+,Diagnosis|TXT|National|A:A|1|EX,USD,5,115,32.59,BZS,DTC,2024-05-20
|CN|DTCB|UB|mBC|NEU|NEU|Core|BZS+,Information|TXT|National|A:A|1|PH,USD,0,26,0.0,BZS,DTC,2024-05-20
|CN|DTCB|UB|mBC|NEU|NEU|Core|BZS+,Medication|TXT|National|A:A|1|PH,USD,6,91,45.2,BZS,DTC,2024-05-20
|CN|DTCB|UB|mBC|NEU|NEU|Core|BZS+,Study|TXT|National|A:A|1|PH,USD,1,56,6.27,BZS,DTC,2024-05-20
|CN|DTCB|UB|mBC|NEU|NEU|Core|BZS+,Symptoms|TXT|National|A:A|1|EX,USD,3,8,17.66,BZS,DTC,2024-05-20
|CN|DTCB|UB|mBC|NEU|NEU|Core|BZS+,Symptoms|TXT|National|A:A|1|PH,USD,1,11,8.87,BZS,DTC,2024-05-20
|CN|DTCB|UB|mBC|NEU|NEU|Core|BZS+,What Is|TXT|National|A:A|1|EX,USD,3,12,12.9,BZS,DTC,2024-05-20
|CN|DTCB|UB|mBC|NEU|NEU|Core|BZS+,What Is|TXT|National|A:A|1|PH,USD,1,29,7.47,BZS,DTC,2024-05-20
|CN|DTCB|UB|mBC|NEU|NEU|Information|BZS Info,BZS Info|TXT|National|A:A|1|EX,USD,6,57,42.09,BZS,DTC,2024-05-20
|CN|DTCB|UB|mBC|NEU|NEU|Information|BZS Info,BZS Info|TXT|National|A:A|1|EX,USD,0,13,0.0,BZS,DTC,2024-05-20
|CN|DTCB|UB|mBC|NEU|NEU|Information|BZS Info,BZS Info|TXT|National|A:A|1|PH,USD,12,201,80.95,BZS,DTC,2024-05-20
|CN|DTCB|UB|mBC|NEU|NEU|Information|BZS Info,BZS Info|TXT|National|A:A|1|PH,USD,2,48,13.37,BZS,DTC,2024-05-20
|CN|DTCB|UB|mBC|NEU|NEU|Information|BZS Info,BZS Info|TXT|National|A:A|1|PH,USD,7,62,39.56,BZS,DTC,2024-05-20
|CN|DTCB|UB|mBC|NEU|NEU|Resources|BZS Resources,BZS Resources|TXT|National|A:A|1|PH,USD,4,52,24.31,BZS,DTC,2024-05-20
|CN|DTCB|UB|mBC|NEU|NEU|Resources|BZS Resources,BZS Resources|TXT|National|A:A|1|PH,USD,2,35,11.65,BZS,DTC,2024-05-20
|CN|DTCB|UB|mBC|NEU|NEU|Resources|BZS Resources,BZS Safety|TXT|National|A:A|1|PH,USD,5,36,30.07,BZS,DTC,2024-05-20
|CN|DTCB|UB|mBC|NEU|NEU|Resources|BZS Resources,BZS Safety|TXT|National|A:A|1|PH,USD,0,2,0.0,BZS,DTC,2024-05-20
|CN|DTCB|UB|mBC|NEU|NEU|Resources|BZS Resources,BZS Trial|TXT|National|A:A|1|EX,USD,3,34,18.56,BZS,DTC,2024-05-20
|CN|DTCB|UB|mBC|NEU|NEU|Resources|BZS Resources,BZS Trial|TXT|National|A:A|1|PH,USD,0,15,0.0,BZS,DTC,2024-05-20
|CN|DTCB|UB|mBC|NEU|NEU|Resources|BZS Resources,BZS Trial|TXT|National|A:A|1|PH,USD,6,62,28.01,BZS,DTC,2024-05-20
|CN|DTCB|UB|mBC|NEU|NEU|Resources|BZS Resources,BZS Understanding|TXT|National|A:A|1|EX,USD,0,4,0.0,BZS,DTC,2024-05-20
|CN|DTCB|UB|mBC|NEU|NEU|Resources|BZS Resources,BZS Understanding|TXT|National|A:A|1|PH,USD,3,32,14.64,BZS,DTC,2024-05-20
|CN|DTCB|UB|mBC|NEU|NEU|Resources|BZS Resources,BZS Understanding|TXT|National|A:A|1|PH,USD,0,1,0.0,BZS,DTC,2024-05-20
|CN|DTCB|UB|mBC|NEU|NEU|Treatment|BZS Treatment,BZS Treatment|TXT|National|A:A|1|EX,USD,0,4,0.0,BZS,DTC,2024-05-20
|CN|DTCB|UB|mBC|NEU|NEU|Treatment|BZS Treatment,BZS Treatment|TXT|National|A:A|1|EX,USD,0,16,0.0,BZS,DTC,2024-05-20
|CN|DTCB|UB|mBC|NEU|NEU|Treatment|BZS Treatment,BZS Treatment|TXT|National|A:A|1|PH,USD,7,118,37.99,BZS,DTC,2024-05-20
|CN|DTCB|UB|mBC|NEU|NEU|Treatment|BZS Treatment,BZS Treatment|TXT|National|A:A|1|PH,USD,0,5,0.0,BZS,DTC,2024-05-20
|CN|DTCB|UB|mBC|NEU|NEU|Treatment|BZS Treatment,BZS Treatment|TXT|National|A:A|1|PH,USD,8,233,49.91,BZS,DTC,2024-05-20
|CN|DTCB|UB|mBC|NEU|NEU|Treatment|Treatment,Management|TXT|National|A:A|1|EX,USD,7,69,43.47,BZS,DTC,2024-05-20
|CN|DTCB|UB|mBC|NEU|NEU|Treatment|Treatment,Management|TXT|National|A:A|1|PH,USD,2,63,13.17,BZS,DTC,2024-05-20
|CN|DTCB|UB|mBC|NEU|NEU|Treatment|Treatment,Side Effects|TXT|National|A:A|1|EX,USD,2,13,6.53,BZS,DTC,2024-05-20
|CN|DTCB|UB|mBC|NEU|NEU|Treatment|Treatment,Side Effects|TXT|National|A:A|1|PH,USD,0,1,0.0,BZS,DTC,2024-05-20
|CN|DTCB|UB|mBC|NEU|NEU|Treatment|Treatment,Therapy|TXT|National|A:A|1|EX,USD,4,25,25.82,BZS,DTC,2024-05-20
|CN|DTCB|UB|mBC|NEU|NEU|Treatment|Treatment,Therapy|TXT|National|A:A|1|PH,USD,1,53,6.59,BZS,DTC,2024-05-20
|CN|DTCB|UB|mBC|NEU|NEU|Treatment|Treatment Priority,Treatment|TXT|National|A:A|1|EX,USD,0,4,0.0,BZS,DTC,2024-05-20
|CN|DTCB|UB|mBC|NEU|NEU|Treatment|Treatment Priority,Treatment|TXT|National|A:A|1|PH,USD,3,54,17.29,BZS,DTC,2024-05-20
|CN|DTCB|BR|mBC|NEU|NEU|Competitive|Competitor,Competitors|TXT|National|A:A|1|EX,USD,9,198,53.51,BZS,DTC,2024-05-21
|CN|DTCB|BR|mBC|NEU|NEU|Competitive|Competitor,Competitors|TXT|National|A:A|1|PH,USD,20,240,113.67,BZS,DTC,2024-05-21
|CN|DTCB|BR|mBC|NEU|NEU|Competitive|Competitor,Competitor|TXT|National|A:A|1|EX,USD,1,17,12.41,BZS,DTC,2024-05-21
|CN|DTCB|BR|mBC|NEU|NEU|Competitive|Competitor,Competitor|TXT|National|A:A|1|PH,USD,0,43,0.0,BZS,DTC,2024-05-21
|CN|DTCB|BR|mBC|NEU|NEU|Condition|BZS,BZS|TXT|National|A:A|1|EX,USD,0,7,0.0,BZS,DTC,2024-05-21
|CN|DTCB|BR|mBC|NEU|NEU|Condition|BZS,BZS|TXT|National|A:A|1|EX,USD,0,1,0.0,BZS,DTC,2024-05-21
|CN|DTCB|BR|mBC|NEU|NEU|Condition|BZS,BZS|TXT|National|A:A|1|PH,USD,19,296,216.93,BZS,DTC,2024-05-21
|CN|DTCB|BR|mBC|NEU|NEU|Condition|BZS,BZS|TXT|National|A:A|1|PH,USD,7,54,102.48,BZS,DTC,2024-05-21
|CN|DTCB|BR|mBC|NEU|NEU|Core|Alone,Alone|TXT|National|A:A|1|EX,USD,120,814,709.24,BZS,DTC,2024-05-21
|CN|DTCB|BR|mBC|NEU|NEU|Core|Alone,Alone|TXT|National|A:A|1|PH,USD,66,859,747.28,BZS,DTC,2024-05-21
|CN|DTCB|BR|mBC|NEU|NEU|Core|Branded,Alone|TXT|National|A:A|1|EX,USD,1,29,12.0,BZS,DTC,2024-05-21
|CN|DTCB|BR|mBC|NEU|NEU|Core|Branded,Alone|TXT|National|A:A|1|PH,USD,1,40,16.33,BZS,DTC,2024-05-21
|CN|DTCB|BR|mBC|NEU|NEU|Information|Info,Dosing|TXT|National|A:A|1|EX,USD,3,12,21.58,BZS,DTC,2024-05-21
|CN|DTCB|BR|mBC|NEU|NEU|Information|Info,Dosing|TXT|National|A:A|1|PH,USD,0,2,0.0,BZS,DTC,2024-05-21
|CN|DTCB|BR|mBC|NEU|NEU|Information|Info,Info|TXT|National|A:A|1|EX,USD,33,100,188.53,BZS,DTC,2024-05-21
|CN|DTCB|BR|mBC|NEU|NEU|Information|Info,Info|TXT|National|A:A|1|PH,USD,0,3,0.0,BZS,DTC,2024-05-21
|CN|DTCB|BR|mBC|NEU|NEU|Information|Info,Resources|TXT|National|A:A|1|EX,USD,2,21,12.99,BZS,DTC,2024-05-21
|CN|DTCB|BR|mBC|NEU|NEU|Information|Info,Resources|TXT|National|A:A|1|PH,USD,0,1,0.0,BZS,DTC,2024-05-21
|CN|DTCB|BR|mBC|NEU|NEU|Information|Info,Results|TXT|National|A:A|1|EX,USD,0,6,0.0,BZS,DTC,2024-05-21
|CN|DTCB|BR|mBC|NEU|NEU|Information|Info,Results|TXT|National|A:A|1|EX,USD,0,3,0.0,BZS,DTC,2024-05-21
|CN|DTCB|BR|mBC|NEU|NEU|Information|Info,Results|TXT|National|A:A|1|PH,USD,1,12,6.89,BZS,DTC,2024-05-21
|CN|DTCB|BR|mBC|NEU|NEU|Information|Info,Results|TXT|National|A:A|1|PH,USD,0,7,0.0,BZS,DTC,2024-05-21
|CN|DTCB|BR|mBC|NEU|NEU|Information|Info,Risk|TXT|National|A:A|1|EX,USD,12,54,81.17,BZS,DTC,2024-05-21
|CN|DTCB|BR|mBC|NEU|NEU|Information|Info,Risk|TXT|National|A:A|1|PH,USD,0,7,0.0,BZS,DTC,2024-05-21
|CN|DTCB|BR|mBC|NEU|NEU|Information|Info,Safety|TXT|National|A:A|1|EX,USD,9,82,67.27,BZS,DTC,2024-05-21
|CN|DTCB|BR|mBC|NEU|NEU|Information|Info,Safety|TXT|National|A:A|1|PH,USD,0,6,0.0,BZS,DTC,2024-05-21
|CN|DTCB|BR|mBC|NEU|NEU|Information|Info,Study|TXT|National|A:A|1|EX,USD,1,10,10.93,BZS,DTC,2024-05-21
|CN|DTCB|BR|mBC|NEU|NEU|Information|Info,Study|TXT|National|A:A|1|PH,USD,1,14,10.65,BZS,DTC,2024-05-21
|CN|DTCB|BR|mBC|NEU|NEU|Information|Info,Treatment|TXT|National|A:A|1|EX,USD,24,88,280.39,BZS,DTC,2024-05-21
|CN|DTCB|BR|mBC|NEU|NEU|Information|Info,Treatment|TXT|National|A:A|1|PH,USD,1,25,10.25,BZS,DTC,2024-05-21
|CN|DTCB|BR|mBC|NEU|NEU|Information|Info,Understanding|TXT|National|A:A|1|EX,USD,0,16,0.0,BZS,DTC,2024-05-21
|CN|DTCB|BR|mBC|NEU|NEU|Information|Info,Understanding|TXT|National|A:A|1|PH,USD,0,1,0.0,BZS,DTC,2024-05-21
|CN|DTCB|UB|mBC|NEU|NEU|Condition|BZS Condition,BZS General|TXT|National|A:A|1|EX,USD,0,1,0.0,BZS,DTC,2024-05-21
|CN|DTCB|UB|mBC|NEU|NEU|Condition|BZS Condition,BZS General|TXT|National|A:A|1|EX,USD,1,39,8.87,BZS,DTC,2024-05-21
|CN|DTCB|UB|mBC|NEU|NEU|Condition|BZS Condition,BZS General|TXT|National|A:A|1|PH,USD,1,5,6.57,BZS,DTC,2024-05-21
|CN|DTCB|UB|mBC|NEU|NEU|Condition|BZS Condition,BZS General|TXT|National|A:A|1|PH,USD,19,176,190.96,BZS,DTC,2024-05-21
|CN|DTCB|UB|mBC|NEU|NEU|Condition|BZS Condition,BZS general|TXT|National|A:A|1|EX,USD,5,70,22.53,BZS,DTC,2024-05-21
|CN|DTCB|UB|mBC|NEU|NEU|Condition|BZS Condition,BZS general|TXT|National|A:A|1|PH,USD,21,251,100.32,BZS,DTC,2024-05-21
|CN|DTCB|UB|mBC|NEU|NEU|Condition|BZS ITT Condition,BZS general|TXT|National|A:A|1|EX,USD,0,3,0.0,BZS,DTC,2024-05-21
|CN|DTCB|UB|mBC|NEU|NEU|Condition|BZS ITT Condition,BZS general|TXT|National|A:A|1|PH,USD,3,32,15.86,BZS,DTC,2024-05-21
|CN|DTCB|UB|mBC|NEU|NEU|Condition|Condition,Alone|TXT|National|A:A|1|EX,USD,4,131,26.19,BZS,DTC,2024-05-21
|CN|DTCB|UB|mBC|NEU|NEU|Condition|Condition,Alone|TXT|National|A:A|1|PH,USD,20,388,137.35,BZS,DTC,2024-05-21
|CN|DTCB|UB|mBC|NEU|NEU|Core|BZS,BZS|TXT|National|A:A|1|EX,USD,0,0,0.0,BZS,DTC,2024-05-21
|CN|DTCB|UB|mBC|NEU|NEU|Core|BZS,BZS|TXT|National|A:A|1|EX,USD,2,17,14.66,BZS,DTC,2024-05-21
|CN|DTCB|UB|mBC|NEU|NEU|Core|BZS,BZS|TXT|National|A:A|1|PH,USD,3,77,17.08,BZS,DTC,2024-05-21
|CN|DTCB|UB|mBC|NEU|NEU|Core|BZS,BZS|TXT|National|A:A|1|PH,USD,5,44,34.92,BZS,DTC,2024-05-21
|CN|DTCB|UB|mBC|NEU|NEU|Core|BZS+,About|TXT|National|A:A|1|EX,USD,1,6,4.99,BZS,DTC,2024-05-21
|CN|DTCB|UB|mBC|NEU|NEU|Core|BZS+,About|TXT|National|A:A|1|PH,USD,5,157,31.5,BZS,DTC,2024-05-21
|CN|DTCB|UB|mBC|NEU|NEU|Core|BZS+,Causes|TXT|National|A:A|1|EX,USD,0,4,0.0,BZS,DTC,2024-05-21
|CN|DTCB|UB|mBC|NEU|NEU|Core|BZS+,Causes|TXT|National|A:A|1|PH,USD,0,8,0.0,BZS,DTC,2024-05-21
|CN|DTCB|UB|mBC|NEU|NEU|Core|BZS+,Diagnosis|TXT|National|A:A|1|EX,USD,7,108,42.87,BZS,DTC,2024-05-21
|CN|DTCB|UB|mBC|NEU|NEU|Core|BZS+,Information|TXT|National|A:A|1|PH,USD,2,40,10.81,BZS,DTC,2024-05-21
|CN|DTCB|UB|mBC|NEU|NEU|Core|BZS+,Medication|TXT|National|A:A|1|PH,USD,5,66,36.33,BZS,DTC,2024-05-21
|CN|DTCB|UB|mBC|NEU|NEU|Core|BZS+,Study|TXT|National|A:A|1|PH,USD,3,58,18.37,BZS,DTC,2024-05-21
|CN|DTCB|UB|mBC|NEU|NEU|Core|BZS+,Symptoms|TXT|National|A:A|1|EX,USD,2,8,11.7,BZS,DTC,2024-05-21
|CN|DTCB|UB|mBC|NEU|NEU|Core|BZS+,Symptoms|TXT|National|A:A|1|PH,USD,0,4,0.0,BZS,DTC,2024-05-21
|CN|DTCB|UB|mBC|NEU|NEU|Core|BZS+,What Is|TXT|National|A:A|1|EX,USD,3,19,13.83,BZS,DTC,2024-05-21
|CN|DTCB|UB|mBC|NEU|NEU|Core|BZS+,What Is|TXT|National|A:A|1|PH,USD,0,21,0.0,BZS,DTC,2024-05-21
|CN|DTCB|UB|mBC|NEU|NEU|Information|BZS Info,BZS Info|TXT|National|A:A|1|EX,USD,1,10,3.64,BZS,DTC,2024-05-21
|CN|DTCB|UB|mBC|NEU|NEU|Information|BZS Info,BZS Info|TXT|National|A:A|1|EX,USD,3,57,20.84,BZS,DTC,2024-05-21
|CN|DTCB|UB|mBC|NEU|NEU|Information|BZS Info,BZS Info|TXT|National|A:A|1|PH,USD,11,141,88.47,BZS,DTC,2024-05-21
|CN|DTCB|UB|mBC|NEU|NEU|Information|BZS Info,BZS Info|TXT|National|A:A|1|PH,USD,6,13,39.48,BZS,DTC,2024-05-21
|CN|DTCB|UB|mBC|NEU|NEU|Information|BZS Info,BZS Info|TXT|National|A:A|1|PH,USD,8,79,35.53,BZS,DTC,2024-05-21
|CN|DTCB|UB|mBC|NEU|NEU|Resources|BZS Resources,BZS Resources|TXT|National|A:A|1|PH,USD,0,1,0.0,BZS,DTC,2024-05-21
|CN|DTCB|UB|mBC|NEU|NEU|Resources|BZS Resources,BZS Resources|TXT|National|A:A|1|PH,USD,8,34,49.11,BZS,DTC,2024-05-21
|CN|DTCB|UB|mBC|NEU|NEU|Resources|BZS Resources,BZS Safety|TXT|National|A:A|1|PH,USD,0,1,0.0,BZS,DTC,2024-05-21
|CN|DTCB|UB|mBC|NEU|NEU|Resources|BZS Resources,BZS Safety|TXT|National|A:A|1|PH,USD,3,12,17.71,BZS,DTC,2024-05-21
|CN|DTCB|UB|mBC|NEU|NEU|Resources|BZS Resources,BZS Trial|TXT|National|A:A|1|EX,USD,3,20,19.18,BZS,DTC,2024-05-21
|CN|DTCB|UB|mBC|NEU|NEU|Resources|BZS Resources,BZS Trial|TXT|National|A:A|1|PH,USD,2,7,10.69,BZS,DTC,2024-05-21
|CN|DTCB|UB|mBC|NEU|NEU|Resources|BZS Resources,BZS Trial|TXT|National|A:A|1|PH,USD,3,34,19.17,BZS,DTC,2024-05-21
|CN|DTCB|UB|mBC|NEU|NEU|Resources|BZS Resources,BZS Understanding|TXT|National|A:A|1|EX,USD,0,2,0.0,BZS,DTC,2024-05-21
|CN|DTCB|UB|mBC|NEU|NEU|Resources|BZS Resources,BZS Understanding|TXT|National|A:A|1|PH,USD,2,15,9.14,BZS,DTC,2024-05-21
|CN|DTCB|UB|mBC|NEU|NEU|Treatment|BZS Treatment,BZS Treatment|TXT|National|A:A|1|EX,USD,0,12,0.0,BZS,DTC,2024-05-21
|CN|DTCB|UB|mBC|NEU|NEU|Treatment|BZS Treatment,BZS Treatment|TXT|National|A:A|1|EX,USD,0,2,0.0,BZS,DTC,2024-05-21
|CN|DTCB|UB|mBC|NEU|NEU|Treatment|BZS Treatment,BZS Treatment|TXT|National|A:A|1|PH,USD,7,83,37.88,BZS,DTC,2024-05-21
|CN|DTCB|UB|mBC|NEU|NEU|Treatment|BZS Treatment,BZS Treatment|TXT|National|A:A|1|PH,USD,0,2,0.0,BZS,DTC,2024-05-21
|CN|DTCB|UB|mBC|NEU|NEU|Treatment|BZS Treatment,BZS Treatment|TXT|National|A:A|1|PH,USD,6,174,38.45,BZS,DTC,2024-05-21
|CN|DTCB|UB|mBC|NEU|NEU|Treatment|Treatment,Management|TXT|National|A:A|1|EX,USD,2,74,12.87,BZS,DTC,2024-05-21
|CN|DTCB|UB|mBC|NEU|NEU|Treatment|Treatment,Management|TXT|National|A:A|1|PH,USD,2,71,9.04,BZS,DTC,2024-05-21
|CN|DTCB|UB|mBC|NEU|NEU|Treatment|Treatment,Side Effects|TXT|National|A:A|1|EX,USD,2,3,7.82,BZS,DTC,2024-05-21
|CN|DTCB|UB|mBC|NEU|NEU|Treatment|Treatment,Side Effects|TXT|National|A:A|1|PH,USD,0,4,0.0,BZS,DTC,2024-05-21
|CN|DTCB|UB|mBC|NEU|NEU|Treatment|Treatment,Therapy|TXT|National|A:A|1|EX,USD,0,34,0.0,BZS,DTC,2024-05-21
|CN|DTCB|UB|mBC|NEU|NEU|Treatment|Treatment,Therapy|TXT|National|A:A|1|PH,USD,3,58,17.42,BZS,DTC,2024-05-21
|CN|DTCB|UB|mBC|NEU|NEU|Treatment|Treatment Priority,Treatment|TXT|National|A:A|1|EX,USD,0,1,0.0,BZS,DTC,2024-05-21
|CN|DTCB|UB|mBC|NEU|NEU|Treatment|Treatment Priority,Treatment|TXT|National|A:A|1|PH,USD,2,17,14.57,BZS,DTC,2024-05-21
|CN|DTCB|BR|mBC|NEU|NEU|Competitive|Competitor,Competitors|TXT|National|A:A|1|EX,USD,8,180,48.9,BZS,DTC,2024-05-22
|CN|DTCB|BR|mBC|NEU|NEU|Competitive|Competitor,Competitors|TXT|National|A:A|1|PH,USD,17,216,103.78,BZS,DTC,2024-05-22
|CN|DTCB|BR|mBC|NEU|NEU|Competitive|Competitor,Competitor|TXT|National|A:A|1|EX,USD,0,45,0.0,BZS,DTC,2024-05-22
|CN|DTCB|BR|mBC|NEU|NEU|Competitive|Competitor,Competitor|TXT|National|A:A|1|PH,USD,2,43,23.26,BZS,DTC,2024-05-22
|CN|DTCB|BR|mBC|NEU|NEU|Condition|BZS,BZS|TXT|National|A:A|1|EX,USD,0,6,0.0,BZS,DTC,2024-05-22
|CN|DTCB|BR|mBC|NEU|NEU|Condition|BZS,BZS|TXT|National|A:A|1|EX,USD,0,3,0.0,BZS,DTC,2024-05-22
|CN|DTCB|BR|mBC|NEU|NEU|Condition|BZS,BZS|TXT|National|A:A|1|PH,USD,33,259,339.09,BZS,DTC,2024-05-22
|CN|DTCB|BR|mBC|NEU|NEU|Condition|BZS,BZS|TXT|National|A:A|1|PH,USD,4,56,54.11,BZS,DTC,2024-05-22
|CN|DTCB|BR|mBC|NEU|NEU|Core|Alone,Alone|TXT|National|A:A|1|EX,USD,119,729,713.36,BZS,DTC,2024-05-22
|CN|DTCB|BR|mBC|NEU|NEU|Core|Alone,Alone|TXT|National|A:A|1|PH,USD,62,925,704.28,BZS,DTC,2024-05-22
|CN|DTCB|BR|mBC|NEU|NEU|Core|Branded,Alone|TXT|National|A:A|1|EX,USD,1,25,6.35,BZS,DTC,2024-05-22
|CN|DTCB|BR|mBC|NEU|NEU|Core|Branded,Alone|TXT|National|A:A|1|PH,USD,1,56,15.51,BZS,DTC,2024-05-22
|CN|DTCB|BR|mBC|NEU|NEU|Information|Info,Dosing|TXT|National|A:A|1|EX,USD,1,15,7.78,BZS,DTC,2024-05-22
|CN|DTCB|BR|mBC|NEU|NEU|Information|Info,Dosing|TXT|National|A:A|1|PH,USD,0,4,0.0,BZS,DTC,2024-05-22
|CN|DTCB|BR|mBC|NEU|NEU|Information|Info,Info|TXT|National|A:A|1|EX,USD,22,80,120.99,BZS,DTC,2024-05-22
|CN|DTCB|BR|mBC|NEU|NEU|Information|Info,Info|TXT|National|A:A|1|PH,USD,0,3,0.0,BZS,DTC,2024-05-22
|CN|DTCB|BR|mBC|NEU|NEU|Information|Info,Resources|TXT|National|A:A|1|EX,USD,1,14,5.46,BZS,DTC,2024-05-22
|CN|DTCB|BR|mBC|NEU|NEU|Information|Info,Resources|TXT|National|A:A|1|PH,USD,0,3,0.0,BZS,DTC,2024-05-22
|CN|DTCB|BR|mBC|NEU|NEU|Information|Info,Results|TXT|National|A:A|1|EX,USD,0,7,0.0,BZS,DTC,2024-05-22
|CN|DTCB|BR|mBC|NEU|NEU|Information|Info,Results|TXT|National|A:A|1|EX,USD,0,2,0.0,BZS,DTC,2024-05-22
|CN|DTCB|BR|mBC|NEU|NEU|Information|Info,Results|TXT|National|A:A|1|PH,USD,0,4,0.0,BZS,DTC,2024-05-22
|CN|DTCB|BR|mBC|NEU|NEU|Information|Info,Results|TXT|National|A:A|1|PH,USD,0,10,0.0,BZS,DTC,2024-05-22
|CN|DTCB|BR|mBC|NEU|NEU|Information|Info,Risk|TXT|National|A:A|1|EX,USD,3,38,27.91,BZS,DTC,2024-05-22
|CN|DTCB|BR|mBC|NEU|NEU|Information|Info,Risk|TXT|National|A:A|1|PH,USD,0,8,0.0,BZS,DTC,2024-05-22
|CN|DTCB|BR|mBC|NEU|NEU|Information|Info,Safety|TXT|National|A:A|1|EX,USD,15,74,105.0,BZS,DTC,2024-05-22
|CN|DTCB|BR|mBC|NEU|NEU|Information|Info,Safety|TXT|National|A:A|1|PH,USD,1,7,11.15,BZS,DTC,2024-05-22
|CN|DTCB|BR|mBC|NEU|NEU|Information|Info,Study|TXT|National|A:A|1|EX,USD,2,11,10.88,BZS,DTC,2024-05-22
|CN|DTCB|BR|mBC|NEU|NEU|Information|Info,Study|TXT|National|A:A|1|PH,USD,0,8,0.0,BZS,DTC,2024-05-22
|CN|DTCB|BR|mBC|NEU|NEU|Information|Info,Treatment|TXT|National|A:A|1|EX,USD,12,74,138.99,BZS,DTC,2024-05-22
|CN|DTCB|BR|mBC|NEU|NEU|Information|Info,Treatment|TXT|National|A:A|1|PH,USD,0,18,0.0,BZS,DTC,2024-05-22
|CN|DTCB|BR|mBC|NEU|NEU|Information|Info,Understanding|TXT|National|A:A|1|EX,USD,0,5,0.0,BZS,DTC,2024-05-22
|CN|DTCB|BR|mBC|NEU|NEU|Information|Info,Understanding|TXT|National|A:A|1|PH,USD,0,1,0.0,BZS,DTC,2024-05-22
|CN|DTCB|UB|mBC|NEU|NEU|Condition|BZS Condition,BZS General|TXT|National|A:A|1|EX,USD,0,3,0.0,BZS,DTC,2024-05-22
|CN|DTCB|UB|mBC|NEU|NEU|Condition|BZS Condition,BZS General|TXT|National|A:A|1|EX,USD,5,41,53.19,BZS,DTC,2024-05-22
|CN|DTCB|UB|mBC|NEU|NEU|Condition|BZS Condition,BZS General|TXT|National|A:A|1|PH,USD,0,4,0.0,BZS,DTC,2024-05-22
|CN|DTCB|UB|mBC|NEU|NEU|Condition|BZS Condition,BZS General|TXT|National|A:A|1|PH,USD,12,139,140.05,BZS,DTC,2024-05-22
|CN|DTCB|UB|mBC|NEU|NEU|Condition|BZS Condition,BZS general|TXT|National|A:A|1|EX,USD,5,81,19.52,BZS,DTC,2024-05-22
|CN|DTCB|UB|mBC|NEU|NEU|Condition|BZS Condition,BZS general|TXT|National|A:A|1|PH,USD,20,242,101.12,BZS,DTC,2024-05-22
|CN|DTCB|UB|mBC|NEU|NEU|Condition|BZS ITT Condition,BZS general|TXT|National|A:A|1|PH,USD,2,1,22.36,BZS,DTC,2024-05-22
|CN|DTCB|UB|mBC|NEU|NEU|Condition|Condition,Alone|TXT|National|A:A|1|EX,USD,5,120,32.31,BZS,DTC,2024-05-22
|CN|DTCB|UB|mBC|NEU|NEU|Condition|Condition,Alone|TXT|National|A:A|1|PH,USD,20,449,133.65,BZS,DTC,2024-05-22
|CN|DTCB|UB|mBC|NEU|NEU|Core|BZS,BZS|TXT|National|A:A|1|EX,USD,0,1,0.0,BZS,DTC,2024-05-22
|CN|DTCB|UB|mBC|NEU|NEU|Core|BZS,BZS|TXT|National|A:A|1|EX,USD,3,19,20.33,BZS,DTC,2024-05-22
|CN|DTCB|UB|mBC|NEU|NEU|Core|BZS,BZS|TXT|National|A:A|1|PH,USD,4,43,25.89,BZS,DTC,2024-05-22
|CN|DTCB|UB|mBC|NEU|NEU|Core|BZS,BZS|TXT|National|A:A|1|PH,USD,3,39,25.46,BZS,DTC,2024-05-22
|CN|DTCB|UB|mBC|NEU|NEU|Core|BZS+,About|TXT|National|A:A|1|EX,USD,1,4,6.06,BZS,DTC,2024-05-22
|CN|DTCB|UB|mBC|NEU|NEU|Core|BZS+,About|TXT|National|A:A|1|PH,USD,5,147,30.29,BZS,DTC,2024-05-22
|CN|DTCB|UB|mBC|NEU|NEU|Core|BZS+,Causes|TXT|National|A:A|1|EX,USD,0,1,0.0,BZS,DTC,2024-05-22
|CN|DTCB|UB|mBC|NEU|NEU|Core|BZS+,Causes|TXT|National|A:A|1|PH,USD,0,3,0.0,BZS,DTC,2024-05-22
|CN|DTCB|UB|mBC|NEU|NEU|Core|BZS+,Diagnosis|TXT|National|A:A|1|EX,USD,10,167,61.65,BZS,DTC,2024-05-22
|CN|DTCB|UB|mBC|NEU|NEU|Core|BZS+,Information|TXT|National|A:A|1|PH,USD,3,32,17.36,BZS,DTC,2024-05-22
|CN|DTCB|UB|mBC|NEU|NEU|Core|BZS+,Medication|TXT|National|A:A|1|PH,USD,3,58,21.79,BZS,DTC,2024-05-22
|CN|DTCB|UB|mBC|NEU|NEU|Core|BZS+,Study|TXT|National|A:A|1|PH,USD,2,66,10.76,BZS,DTC,2024-05-22
|CN|DTCB|UB|mBC|NEU|NEU|Core|BZS+,Symptoms|TXT|National|A:A|1|EX,USD,0,5,0.0,BZS,DTC,2024-05-22
|CN|DTCB|UB|mBC|NEU|NEU|Core|BZS+,Symptoms|TXT|National|A:A|1|PH,USD,1,9,7.35,BZS,DTC,2024-05-22
|CN|DTCB|UB|mBC|NEU|NEU|Core|BZS+,What Is|TXT|National|A:A|1|EX,USD,2,36,10.29,BZS,DTC,2024-05-22
|CN|DTCB|UB|mBC|NEU|NEU|Core|BZS+,What Is|TXT|National|A:A|1|PH,USD,1,23,5.84,BZS,DTC,2024-05-22
|CN|DTCB|UB|mBC|NEU|NEU|Information|BZS Info,BZS Info|TXT|National|A:A|1|EX,USD,2,16,8.72,BZS,DTC,2024-05-22
|CN|DTCB|UB|mBC|NEU|NEU|Information|BZS Info,BZS Info|TXT|National|A:A|1|EX,USD,2,44,14.35,BZS,DTC,2024-05-22
|CN|DTCB|UB|mBC|NEU|NEU|Information|BZS Info,BZS Info|TXT|National|A:A|1|EX,USD,0,0,0.0,BZS,DTC,2024-05-22
|CN|DTCB|UB|mBC|NEU|NEU|Information|BZS Info,BZS Info|TXT|National|A:A|1|PH,USD,1,27,6.73,BZS,DTC,2024-05-22
|CN|DTCB|UB|mBC|NEU|NEU|Information|BZS Info,BZS Info|TXT|National|A:A|1|PH,USD,6,86,27.29,BZS,DTC,2024-05-22
|CN|DTCB|UB|mBC|NEU|NEU|Information|BZS Info,BZS Info|TXT|National|A:A|1|PH,USD,13,158,99.31,BZS,DTC,2024-05-22
|CN|DTCB|UB|mBC|NEU|NEU|Resources|BZS Resources,BZS Resources|TXT|National|A:A|1|EX,USD,0,0,0.0,BZS,DTC,2024-05-22
|CN|DTCB|UB|mBC|NEU|NEU|Resources|BZS Resources,BZS Resources|TXT|National|A:A|1|PH,USD,4,42,24.82,BZS,DTC,2024-05-22
|CN|DTCB|UB|mBC|NEU|NEU|Resources|BZS Resources,BZS Resources|TXT|National|A:A|1|PH,USD,2,60,7.66,BZS,DTC,2024-05-22
|CN|DTCB|UB|mBC|NEU|NEU|Resources|BZS Resources,BZS Safety|TXT|National|A:A|1|PH,USD,0,3,0.0,BZS,DTC,2024-05-22
|CN|DTCB|UB|mBC|NEU|NEU|Resources|BZS Resources,BZS Safety|TXT|National|A:A|1|PH,USD,2,31,11.87,BZS,DTC,2024-05-22
|CN|DTCB|UB|mBC|NEU|NEU|Resources|BZS Resources,BZS Trial|TXT|National|A:A|1|EX,USD,5,34,32.18,BZS,DTC,2024-05-22
|CN|DTCB|UB|mBC|NEU|NEU|Resources|BZS Resources,BZS Trial|TXT|National|A:A|1|PH,USD,5,59,29.45,BZS,DTC,2024-05-22
|CN|DTCB|UB|mBC|NEU|NEU|Resources|BZS Resources,BZS Trial|TXT|National|A:A|1|PH,USD,1,25,5.86,BZS,DTC,2024-05-22
|CN|DTCB|UB|mBC|NEU|NEU|Resources|BZS Resources,BZS Trial|TXT|National|A:A|1|PH,USD,0,0,0.0,BZS,DTC,2024-05-22
|CN|DTCB|UB|mBC|NEU|NEU|Resources|BZS Resources,BZS Understanding|TXT|National|A:A|1|EX,USD,1,16,4.77,BZS,DTC,2024-05-22
|CN|DTCB|UB|mBC|NEU|NEU|Resources|BZS Resources,BZS Understanding|TXT|National|A:A|1|PH,USD,1,28,4.96,BZS,DTC,2024-05-22
|CN|DTCB|UB|mBC|NEU|NEU|Resources|BZS Resources,BZS Understanding|TXT|National|A:A|1|PH,USD,0,6,0.0,BZS,DTC,2024-05-22
|CN|DTCB|UB|mBC|NEU|NEU|Treatment|BZS Treatment,BZS Treatment|TXT|National|A:A|1|EX,USD,1,4,6.41,BZS,DTC,2024-05-22
|CN|DTCB|UB|mBC|NEU|NEU|Treatment|BZS Treatment,BZS Treatment|TXT|National|A:A|1|EX,USD,1,5,4.95,BZS,DTC,2024-05-22
|CN|DTCB|UB|mBC|NEU|NEU|Treatment|BZS Treatment,BZS Treatment|TXT|National|A:A|1|PH,USD,7,121,35.38,BZS,DTC,2024-05-22
|CN|DTCB|UB|mBC|NEU|NEU|Treatment|BZS Treatment,BZS Treatment|TXT|National|A:A|1|PH,USD,5,56,30.99,BZS,DTC,2024-05-22
|CN|DTCB|UB|mBC|NEU|NEU|Treatment|BZS Treatment,BZS Treatment|TXT|National|A:A|1|PH,USD,1,3,6.88,BZS,DTC,2024-05-22
|CN|DTCB|UB|mBC|NEU|NEU|Treatment|Treatment,Management|TXT|National|A:A|1|EX,USD,3,45,19.04,BZS,DTC,2024-05-22
|CN|DTCB|UB|mBC|NEU|NEU|Treatment|Treatment,Management|TXT|National|A:A|1|PH,USD,1,46,5.7,BZS,DTC,2024-05-22
|CN|DTCB|UB|mBC|NEU|NEU|Treatment|Treatment,Side Effects|TXT|National|A:A|1|EX,USD,2,11,7.15,BZS,DTC,2024-05-22
|CN|DTCB|UB|mBC|NEU|NEU|Treatment|Treatment,Side Effects|TXT|National|A:A|1|PH,USD,0,4,0.0,BZS,DTC,2024-05-22
|CN|DTCB|UB|mBC|NEU|NEU|Treatment|Treatment,Therapy|TXT|National|A:A|1|EX,USD,4,35,26.11,BZS,DTC,2024-05-22
|CN|DTCB|UB|mBC|NEU|NEU|Treatment|Treatment,Therapy|TXT|National|A:A|1|PH,USD,1,51,5.51,BZS,DTC,2024-05-22
|CN|DTCB|UB|mBC|NEU|NEU|Treatment|Treatment Priority,Treatment|TXT|National|A:A|1|EX,USD,0,1,0.0,BZS,DTC,2024-05-22
|CN|DTCB|UB|mBC|NEU|NEU|Treatment|Treatment Priority,Treatment|TXT|National|A:A|1|PH,USD,2,18,14.61,BZS,DTC,2024-05-22
|CN|DTCB|BR|mBC|NEU|NEU|Competitive|Competitor,Competitors|TXT|National|A:A|1|EX,USD,8,153,48.97,BZS,DTC,2024-05-23
|CN|DTCB|BR|mBC|NEU|NEU|Competitive|Competitor,Competitors|TXT|National|A:A|1|PH,USD,18,211,98.23,BZS,DTC,2024-05-23
|CN|DTCB|BR|mBC|NEU|NEU|Competitive|Competitor,Competitor|TXT|National|A:A|1|EX,USD,1,52,9.43,BZS,DTC,2024-05-23
|CN|DTCB|BR|mBC|NEU|NEU|Competitive|Competitor,Competitor|TXT|National|A:A|1|PH,USD,1,52,13.08,BZS,DTC,2024-05-23
|CN|DTCB|BR|mBC|NEU|NEU|Condition|BZS,BZS|TXT|National|A:A|1|EX,USD,4,16,24.33,BZS,DTC,2024-05-23
|CN|DTCB|BR|mBC|NEU|NEU|Condition|BZS,BZS|TXT|National|A:A|1|EX,USD,0,2,0.0,BZS,DTC,2024-05-23
|CN|DTCB|BR|mBC|NEU|NEU|Condition|BZS,BZS|TXT|National|A:A|1|PH,USD,16,219,186.65,BZS,DTC,2024-05-23
|CN|DTCB|BR|mBC|NEU|NEU|Condition|BZS,BZS|TXT|National|A:A|1|PH,USD,7,45,128.11,BZS,DTC,2024-05-23
|CN|DTCB|BR|mBC|NEU|NEU|Core|Alone,Alone|TXT|National|A:A|1|EX,USD,112,655,677.11,BZS,DTC,2024-05-23
|CN|DTCB|BR|mBC|NEU|NEU|Core|Alone,Alone|TXT|National|A:A|1|PH,USD,45,736,509.24,BZS,DTC,2024-05-23
|CN|DTCB|BR|mBC|NEU|NEU|Core|Branded,Alone|TXT|National|A:A|1|EX,USD,1,23,16.88,BZS,DTC,2024-05-23
|CN|DTCB|BR|mBC|NEU|NEU|Core|Branded,Alone|TXT|National|A:A|1|PH,USD,2,28,27.72,BZS,DTC,2024-05-23
|CN|DTCB|BR|mBC|NEU|NEU|Information|Info,Dosing|TXT|National|A:A|1|EX,USD,2,16,14.4,BZS,DTC,2024-05-23
|CN|DTCB|BR|mBC|NEU|NEU|Information|Info,Dosing|TXT|National|A:A|1|PH,USD,1,7,7.95,BZS,DTC,2024-05-23
|CN|DTCB|BR|mBC|NEU|NEU|Information|Info,Info|TXT|National|A:A|1|EX,USD,22,75,114.63,BZS,DTC,2024-05-23
|CN|DTCB|BR|mBC|NEU|NEU|Information|Info,Resources|TXT|National|A:A|1|EX,USD,3,24,20.77,BZS,DTC,2024-05-23
|CN|DTCB|BR|mBC|NEU|NEU|Information|Info,Resources|TXT|National|A:A|1|PH,USD,0,2,0.0,BZS,DTC,2024-05-23
|CN|DTCB|BR|mBC|NEU|NEU|Information|Info,Results|TXT|National|A:A|1|EX,USD,0,4,0.0,BZS,DTC,2024-05-23
|CN|DTCB|BR|mBC|NEU|NEU|Information|Info,Results|TXT|National|A:A|1|EX,USD,1,4,6.03,BZS,DTC,2024-05-23
|CN|DTCB|BR|mBC|NEU|NEU|Information|Info,Results|TXT|National|A:A|1|PH,USD,1,8,7.01,BZS,DTC,2024-05-23
|CN|DTCB|BR|mBC|NEU|NEU|Information|Info,Results|TXT|National|A:A|1|PH,USD,0,7,0.0,BZS,DTC,2024-05-23
|CN|DTCB|BR|mBC|NEU|NEU|Information|Info,Risk|TXT|National|A:A|1|EX,USD,6,44,44.76,BZS,DTC,2024-05-23
|CN|DTCB|BR|mBC|NEU|NEU|Information|Info,Risk|TXT|National|A:A|1|PH,USD,1,13,10.95,BZS,DTC,2024-05-23
|CN|DTCB|BR|mBC|NEU|NEU|Information|Info,Safety|TXT|National|A:A|1|EX,USD,14,70,106.58,BZS,DTC,2024-05-23
|CN|DTCB|BR|mBC|NEU|NEU|Information|Info,Safety|TXT|National|A:A|1|PH,USD,0,5,0.0,BZS,DTC,2024-05-23
|CN|DTCB|BR|mBC|NEU|NEU|Information|Info,Study|TXT|National|A:A|1|EX,USD,1,10,7.4,BZS,DTC,2024-05-23
|CN|DTCB|BR|mBC|NEU|NEU|Information|Info,Study|TXT|National|A:A|1|PH,USD,1,9,10.95,BZS,DTC,2024-05-23
|CN|DTCB|BR|mBC|NEU|NEU|Information|Info,Treatment|TXT|National|A:A|1|EX,USD,13,72,155.28,BZS,DTC,2024-05-23
|CN|DTCB|BR|mBC|NEU|NEU|Information|Info,Treatment|TXT|National|A:A|1|PH,USD,0,27,0.0,BZS,DTC,2024-05-23
|CN|DTCB|BR|mBC|NEU|NEU|Information|Info,Understanding|TXT|National|A:A|1|EX,USD,0,8,0.0,BZS,DTC,2024-05-23
|CN|DTCB|UB|mBC|NEU|NEU|Condition|BZS Condition,BZS General|TXT|National|A:A|1|EX,USD,0,1,0.0,BZS,DTC,2024-05-23
|CN|DTCB|UB|mBC|NEU|NEU|Condition|BZS Condition,BZS General|TXT|National|A:A|1|EX,USD,1,31,11.19,BZS,DTC,2024-05-23
|CN|DTCB|UB|mBC|NEU|NEU|Condition|BZS Condition,BZS General|TXT|National|A:A|1|PH,USD,0,2,0.0,BZS,DTC,2024-05-23
|CN|DTCB|UB|mBC|NEU|NEU|Condition|BZS Condition,BZS General|TXT|National|A:A|1|PH,USD,18,117,196.21,BZS,DTC,2024-05-23
|CN|DTCB|UB|mBC|NEU|NEU|Condition|BZS Condition,BZS general|TXT|National|A:A|1|EX,USD,3,43,10.89,BZS,DTC,2024-05-23
|CN|DTCB|UB|mBC|NEU|NEU|Condition|BZS Condition,BZS general|TXT|National|A:A|1|PH,USD,20,150,100.12,BZS,DTC,2024-05-23
|CN|DTCB|UB|mBC|NEU|NEU|Condition|BZS ITT Condition,BZS general|TXT|National|A:A|1|PH,USD,1,3,7.95,BZS,DTC,2024-05-23
|CN|DTCB|UB|mBC|NEU|NEU|Condition|Condition,Alone|TXT|National|A:A|1|EX,USD,3,171,20.25,BZS,DTC,2024-05-23
|CN|DTCB|UB|mBC|NEU|NEU|Condition|Condition,Alone|TXT|National|A:A|1|PH,USD,23,477,153.94,BZS,DTC,2024-05-23
|CN|DTCB|UB|mBC|NEU|NEU|Core|BZS,BZS|TXT|National|A:A|1|EX,USD,0,0,0.0,BZS,DTC,2024-05-23
|CN|DTCB|UB|mBC|NEU|NEU|Core|BZS,BZS|TXT|National|A:A|1|EX,USD,1,27,12.9,BZS,DTC,2024-05-23
|CN|DTCB|UB|mBC|NEU|NEU|Core|BZS,BZS|TXT|National|A:A|1|PH,USD,1,39,6.5,BZS,DTC,2024-05-23
|CN|DTCB|UB|mBC|NEU|NEU|Core|BZS,BZS|TXT|National|A:A|1|PH,USD,8,79,55.48,BZS,DTC,2024-05-23
|CN|DTCB|UB|mBC|NEU|NEU|Core|BZS+,About|TXT|National|A:A|1|EX,USD,1,5,5.9399999999999995,BZS,DTC,2024-05-23
|CN|DTCB|UB|mBC|NEU|NEU|Core|BZS+,About|TXT|National|A:A|1|PH,USD,5,113,34.41,BZS,DTC,2024-05-23
|CN|DTCB|UB|mBC|NEU|NEU|Core|BZS+,Causes|TXT|National|A:A|1|EX,USD,0,1,0.0,BZS,DTC,2024-05-23
|CN|DTCB|UB|mBC|NEU|NEU|Core|BZS+,Causes|TXT|National|A:A|1|PH,USD,0,3,0.0,BZS,DTC,2024-05-23
|CN|DTCB|UB|mBC|NEU|NEU|Core|BZS+,Diagnosis|TXT|National|A:A|1|EX,USD,7,124,44.5,BZS,DTC,2024-05-23
|CN|DTCB|UB|mBC|NEU|NEU|Core|BZS+,Information|TXT|National|A:A|1|PH,USD,2,23,13.31,BZS,DTC,2024-05-23
|CN|DTCB|UB|mBC|NEU|NEU|Core|BZS+,Medication|TXT|National|A:A|1|PH,USD,2,77,14.76,BZS,DTC,2024-05-23
|CN|DTCB|UB|mBC|NEU|NEU|Core|BZS+,Study|TXT|National|A:A|1|PH,USD,3,46,18.74,BZS,DTC,2024-05-23
|CN|DTCB|UB|mBC|NEU|NEU|Core|BZS+,Symptoms|TXT|National|A:A|1|EX,USD,0,7,0.0,BZS,DTC,2024-05-23
|CN|DTCB|UB|mBC|NEU|NEU|Core|BZS+,Symptoms|TXT|National|A:A|1|PH,USD,1,10,9.28,BZS,DTC,2024-05-23
|CN|DTCB|UB|mBC|NEU|NEU|Core|BZS+,What Is|TXT|National|A:A|1|EX,USD,3,19,13.62,BZS,DTC,2024-05-23
|CN|DTCB|UB|mBC|NEU|NEU|Core|BZS+,What Is|TXT|National|A:A|1|PH,USD,2,29,11.91,BZS,DTC,2024-05-23
|CN|DTCB|UB|mBC|NEU|NEU|Information|BZS Info,BZS Info|TXT|National|A:A|1|EX,USD,0,3,0.0,BZS,DTC,2024-05-23
|CN|DTCB|UB|mBC|NEU|NEU|Information|BZS Info,BZS Info|TXT|National|A:A|1|EX,USD,1,49,9.24,BZS,DTC,2024-05-23
|CN|DTCB|UB|mBC|NEU|NEU|Information|BZS Info,BZS Info|TXT|National|A:A|1|PH,USD,15,208,106.4,BZS,DTC,2024-05-23
|CN|DTCB|UB|mBC|NEU|NEU|Information|BZS Info,BZS Info|TXT|National|A:A|1|PH,USD,7,54,37.43,BZS,DTC,2024-05-23
|CN|DTCB|UB|mBC|NEU|NEU|Information|BZS Info,BZS Info|TXT|National|A:A|1|PH,USD,0,19,0.0,BZS,DTC,2024-05-23
|CN|DTCB|UB|mBC|NEU|NEU|Resources|BZS Resources,BZS Resources|TXT|National|A:A|1|EX,USD,0,2,0.0,BZS,DTC,2024-05-23
|CN|DTCB|UB|mBC|NEU|NEU|Resources|BZS Resources,BZS Resources|TXT|National|A:A|1|PH,USD,4,83,24.06,BZS,DTC,2024-05-23
|CN|DTCB|UB|mBC|NEU|NEU|Resources|BZS Resources,BZS Resources|TXT|National|A:A|1|PH,USD,1,8,5.82,BZS,DTC,2024-05-23
|CN|DTCB|UB|mBC|NEU|NEU|Resources|BZS Resources,BZS Safety|TXT|National|A:A|1|PH,USD,0,6,0.0,BZS,DTC,2024-05-23
|CN|DTCB|UB|mBC|NEU|NEU|Resources|BZS Resources,BZS Safety|TXT|National|A:A|1|PH,USD,4,53,23.59,BZS,DTC,2024-05-23
|CN|DTCB|UB|mBC|NEU|NEU|Resources|BZS Resources,BZS Trial|TXT|National|A:A|1|EX,USD,0,6,0.0,BZS,DTC,2024-05-23
|CN|DTCB|UB|mBC|NEU|NEU|Resources|BZS Resources,BZS Trial|TXT|National|A:A|1|PH,USD,0,3,0.0,BZS,DTC,2024-05-23
|CN|DTCB|UB|mBC|NEU|NEU|Resources|BZS Resources,BZS Trial|TXT|National|A:A|1|PH,USD,4,105,23.57,BZS,DTC,2024-05-23
|CN|DTCB|UB|mBC|NEU|NEU|Resources|BZS Resources,BZS Understanding|TXT|National|A:A|1|EX,USD,5,46,24.24,BZS,DTC,2024-05-23
|CN|DTCB|UB|mBC|NEU|NEU|Resources|BZS Resources,BZS Understanding|TXT|National|A:A|1|PH,USD,0,2,0.0,BZS,DTC,2024-05-23
|CN|DTCB|UB|mBC|NEU|NEU|Resources|BZS Resources,BZS Understanding|TXT|National|A:A|1|PH,USD,4,52,20.44,BZS,DTC,2024-05-23
|CN|DTCB|UB|mBC|NEU|NEU|Treatment|BZS Treatment,BZS Treatment|TXT|National|A:A|1|EX,USD,0,16,0.0,BZS,DTC,2024-05-23
|CN|DTCB|UB|mBC|NEU|NEU|Treatment|BZS Treatment,BZS Treatment|TXT|National|A:A|1|EX,USD,1,4,5.11,BZS,DTC,2024-05-23
|CN|DTCB|UB|mBC|NEU|NEU|Treatment|BZS Treatment,BZS Treatment|TXT|National|A:A|1|PH,USD,0,1,0.0,BZS,DTC,2024-05-23
|CN|DTCB|UB|mBC|NEU|NEU|Treatment|BZS Treatment,BZS Treatment|TXT|National|A:A|1|PH,USD,6,74,32.23,BZS,DTC,2024-05-23
|CN|DTCB|UB|mBC|NEU|NEU|Treatment|BZS Treatment,BZS Treatment|TXT|National|A:A|1|PH,USD,6,109,36.81,BZS,DTC,2024-05-23
|CN|DTCB|UB|mBC|NEU|NEU|Treatment|Treatment,Management|TXT|National|A:A|1|EX,USD,4,46,25.29,BZS,DTC,2024-05-23
|CN|DTCB|UB|mBC|NEU|NEU|Treatment|Treatment,Management|TXT|National|A:A|1|PH,USD,2,40,12.82,BZS,DTC,2024-05-23
|CN|DTCB|UB|mBC|NEU|NEU|Treatment|Treatment,Side Effects|TXT|National|A:A|1|EX,USD,2,4,7.97,BZS,DTC,2024-05-23
|CN|DTCB|UB|mBC|NEU|NEU|Treatment|Treatment,Side Effects|TXT|National|A:A|1|PH,USD,0,3,0.0,BZS,DTC,2024-05-23
|CN|DTCB|UB|mBC|NEU|NEU|Treatment|Treatment,Therapy|TXT|National|A:A|1|EX,USD,2,24,11.23,BZS,DTC,2024-05-23
|CN|DTCB|UB|mBC|NEU|NEU|Treatment|Treatment,Therapy|TXT|National|A:A|1|PH,USD,0,45,0.0,BZS,DTC,2024-05-23
|CN|DTCB|UB|mBC|NEU|NEU|Treatment|Treatment Priority,Treatment|TXT|National|A:A|1|EX,USD,1,1,4.52,BZS,DTC,2024-05-23
|CN|DTCB|UB|mBC|NEU|NEU|Treatment|Treatment Priority,Treatment|TXT|National|A:A|1|PH,USD,1,46,10.57,BZS,DTC,2024-05-23
|CN|DTCB|BR|mBC|NEU|NEU|Competitive|Competitor,Competitors|TXT|National|A:A|1|EX,USD,5,108,30.32,BZS,DTC,2024-05-24
|CN|DTCB|BR|mBC|NEU|NEU|Competitive|Competitor,Competitors|TXT|National|A:A|1|PH,USD,20,164,119.49,BZS,DTC,2024-05-24
|CN|DTCB|BR|mBC|NEU|NEU|Competitive|Competitor,Competitor|TXT|National|A:A|1|EX,USD,0,17,0.0,BZS,DTC,2024-05-24
|CN|DTCB|BR|mBC|NEU|NEU|Competitive|Competitor,Competitor|TXT|National|A:A|1|PH,USD,2,28,22.46,BZS,DTC,2024-05-24
|CN|DTCB|BR|mBC|NEU|NEU|Condition|BZS,BZS|TXT|National|A:A|1|EX,USD,2,9,13.28,BZS,DTC,2024-05-24
|CN|DTCB|BR|mBC|NEU|NEU|Condition|BZS,BZS|TXT|National|A:A|1|PH,USD,8,139,97.26,BZS,DTC,2024-05-24
|CN|DTCB|BR|mBC|NEU|NEU|Condition|BZS,BZS|TXT|National|A:A|1|PH,USD,1,20,19.76,BZS,DTC,2024-05-24
|CN|DTCB|BR|mBC|NEU|NEU|Core|Alone,Alone|TXT|National|A:A|1|EX,USD,42,243,251.98,BZS,DTC,2024-05-24
|CN|DTCB|BR|mBC|NEU|NEU|Core|Alone,Alone|TXT|National|A:A|1|PH,USD,15,346,171.37,BZS,DTC,2024-05-24
|CN|DTCB|BR|mBC|NEU|NEU|Core|Branded,Alone|TXT|National|A:A|1|EX,USD,0,7,0.0,BZS,DTC,2024-05-24
|CN|DTCB|BR|mBC|NEU|NEU|Core|Branded,Alone|TXT|National|A:A|1|PH,USD,1,13,16.83,BZS,DTC,2024-05-24
|CN|DTCB|BR|mBC|NEU|NEU|Information|Info,Dosing|TXT|National|A:A|1|EX,USD,2,8,13.05,BZS,DTC,2024-05-24
|CN|DTCB|BR|mBC|NEU|NEU|Information|Info,Info|TXT|National|A:A|1|EX,USD,1,19,5.37,BZS,DTC,2024-05-24
|CN|DTCB|BR|mBC|NEU|NEU|Information|Info,Info|TXT|National|A:A|1|PH,USD,0,2,0.0,BZS,DTC,2024-05-24
|CN|DTCB|BR|mBC|NEU|NEU|Information|Info,Resources|TXT|National|A:A|1|EX,USD,1,13,7.35,BZS,DTC,2024-05-24
|CN|DTCB|BR|mBC|NEU|NEU|Information|Info,Results|TXT|National|A:A|1|EX,USD,0,1,0.0,BZS,DTC,2024-05-24
|CN|DTCB|BR|mBC|NEU|NEU|Information|Info,Results|TXT|National|A:A|1|EX,USD,0,3,0.0,BZS,DTC,2024-05-24
|CN|DTCB|BR|mBC|NEU|NEU|Information|Info,Results|TXT|National|A:A|1|PH,USD,0,6,0.0,BZS,DTC,2024-05-24
|CN|DTCB|BR|mBC|NEU|NEU|Information|Info,Results|TXT|National|A:A|1|PH,USD,2,5,21.88,BZS,DTC,2024-05-24
|CN|DTCB|BR|mBC|NEU|NEU|Information|Info,Risk|TXT|National|A:A|1|EX,USD,3,32,23.35,BZS,DTC,2024-05-24
|CN|DTCB|BR|mBC|NEU|NEU|Information|Info,Risk|TXT|National|A:A|1|PH,USD,0,6,0.0,BZS,DTC,2024-05-24
|CN|DTCB|BR|mBC|NEU|NEU|Information|Info,Safety|TXT|National|A:A|1|EX,USD,7,53,52.91,BZS,DTC,2024-05-24
|CN|DTCB|BR|mBC|NEU|NEU|Information|Info,Safety|TXT|National|A:A|1|PH,USD,0,4,0.0,BZS,DTC,2024-05-24
|CN|DTCB|BR|mBC|NEU|NEU|Information|Info,Study|TXT|National|A:A|1|EX,USD,0,4,0.0,BZS,DTC,2024-05-24
|CN|DTCB|BR|mBC|NEU|NEU|Information|Info,Study|TXT|National|A:A|1|PH,USD,2,7,21.54,BZS,DTC,2024-05-24
|CN|DTCB|BR|mBC|NEU|NEU|Information|Info,Treatment|TXT|National|A:A|1|EX,USD,11,40,124.52,BZS,DTC,2024-05-24
|CN|DTCB|BR|mBC|NEU|NEU|Information|Info,Treatment|TXT|National|A:A|1|PH,USD,1,10,10.94,BZS,DTC,2024-05-24
|CN|DTCB|BR|mBC|NEU|NEU|Information|Info,Understanding|TXT|National|A:A|1|EX,USD,0,3,0.0,BZS,DTC,2024-05-24
|CN|DTCB|BR|mBC|NEU|NEU|Information|Info,Understanding|TXT|National|A:A|1|PH,USD,0,2,0.0,BZS,DTC,2024-05-24
|CN|DTCB|UB|mBC|NEU|NEU|Condition|BZS Condition,BZS General|TXT|National|A:A|1|EX,USD,1,34,11.08,BZS,DTC,2024-05-24
|CN|DTCB|UB|mBC|NEU|NEU|Condition|BZS Condition,BZS General|TXT|National|A:A|1|PH,USD,1,5,5.98,BZS,DTC,2024-05-24
|CN|DTCB|UB|mBC|NEU|NEU|Condition|BZS Condition,BZS General|TXT|National|A:A|1|PH,USD,16,108,179.97,BZS,DTC,2024-05-24
|CN|DTCB|UB|mBC|NEU|NEU|Condition|BZS Condition,BZS general|TXT|National|A:A|1|EX,USD,2,69,6.89,BZS,DTC,2024-05-24
|CN|DTCB|UB|mBC|NEU|NEU|Condition|BZS Condition,BZS general|TXT|National|A:A|1|PH,USD,20,268,98.21,BZS,DTC,2024-05-24
|CN|DTCB|UB|mBC|NEU|NEU|Condition|BZS ITT Condition,BZS general|TXT|National|A:A|1|EX,USD,0,1,0.0,BZS,DTC,2024-05-24
|CN|DTCB|UB|mBC|NEU|NEU|Condition|BZS ITT Condition,BZS general|TXT|National|A:A|1|PH,USD,1,5,10.07,BZS,DTC,2024-05-24
|CN|DTCB|UB|mBC|NEU|NEU|Condition|Condition,Alone|TXT|National|A:A|1|EX,USD,4,162,26.91,BZS,DTC,2024-05-24
|CN|DTCB|UB|mBC|NEU|NEU|Condition|Condition,Alone|TXT|National|A:A|1|PH,USD,11,564,73.23,BZS,DTC,2024-05-24
|CN|DTCB|UB|mBC|NEU|NEU|Core|BZS,BZS|TXT|National|A:A|1|EX,USD,0,0,0.0,BZS,DTC,2024-05-24
|CN|DTCB|UB|mBC|NEU|NEU|Core|BZS,BZS|TXT|National|A:A|1|EX,USD,0,15,0.0,BZS,DTC,2024-05-24
|CN|DTCB|UB|mBC|NEU|NEU|Core|BZS,BZS|TXT|National|A:A|1|PH,USD,3,30,19.35,BZS,DTC,2024-05-24
|CN|DTCB|UB|mBC|NEU|NEU|Core|BZS,BZS|TXT|National|A:A|1|PH,USD,2,37,14.18,BZS,DTC,2024-05-24
|CN|DTCB|UB|mBC|NEU|NEU|Core|BZS+,About|TXT|National|A:A|1|EX,USD,0,5,0.0,BZS,DTC,2024-05-24
|CN|DTCB|UB|mBC|NEU|NEU|Core|BZS+,About|TXT|National|A:A|1|PH,USD,4,96,26.63,BZS,DTC,2024-05-24
|CN|DTCB|UB|mBC|NEU|NEU|Core|BZS+,Causes|TXT|National|A:A|1|EX,USD,0,3,0.0,BZS,DTC,2024-05-24
|CN|DTCB|UB|mBC|NEU|NEU|Core|BZS+,Causes|TXT|National|A:A|1|PH,USD,0,10,0.0,BZS,DTC,2024-05-24
|CN|DTCB|UB|mBC|NEU|NEU|Core|BZS+,Diagnosis|TXT|National|A:A|1|EX,USD,6,91,41.81,BZS,DTC,2024-05-24
|CN|DTCB|UB|mBC|NEU|NEU|Core|BZS+,Information|TXT|National|A:A|1|PH,USD,1,20,5.49,BZS,DTC,2024-05-24
|CN|DTCB|UB|mBC|NEU|NEU|Core|BZS+,Medication|TXT|National|A:A|1|PH,USD,2,29,16.21,BZS,DTC,2024-05-24
|CN|DTCB|UB|mBC|NEU|NEU|Core|BZS+,Study|TXT|National|A:A|1|EX,USD,0,1,0.0,BZS,DTC,2024-05-24
|CN|DTCB|UB|mBC|NEU|NEU|Core|BZS+,Study|TXT|National|A:A|1|PH,USD,2,61,9.56,BZS,DTC,2024-05-24
|CN|DTCB|UB|mBC|NEU|NEU|Core|BZS+,Symptoms|TXT|National|A:A|1|EX,USD,1,7,6.77,BZS,DTC,2024-05-24
|CN|DTCB|UB|mBC|NEU|NEU|Core|BZS+,Symptoms|TXT|National|A:A|1|PH,USD,3,6,21.3,BZS,DTC,2024-05-24
|CN|DTCB|UB|mBC|NEU|NEU|Core|BZS+,What Is|TXT|National|A:A|1|EX,USD,4,17,21.17,BZS,DTC,2024-05-24
|CN|DTCB|UB|mBC|NEU|NEU|Core|BZS+,What Is|TXT|National|A:A|1|PH,USD,1,31,5.98,BZS,DTC,2024-05-24
|CN|DTCB|UB|mBC|NEU|NEU|Information|BZS Info,BZS Info|TXT|National|A:A|1|EX,USD,0,13,0.0,BZS,DTC,2024-05-24
|CN|DTCB|UB|mBC|NEU|NEU|Information|BZS Info,BZS Info|TXT|National|A:A|1|EX,USD,2,55,14.08,BZS,DTC,2024-05-24
|CN|DTCB|UB|mBC|NEU|NEU|Information|BZS Info,BZS Info|TXT|National|A:A|1|PH,USD,0,19,0.0,BZS,DTC,2024-05-24
|CN|DTCB|UB|mBC|NEU|NEU|Information|BZS Info,BZS Info|TXT|National|A:A|1|PH,USD,7,115,37.88,BZS,DTC,2024-05-24
|CN|DTCB|UB|mBC|NEU|NEU|Information|BZS Info,BZS Info|TXT|National|A:A|1|PH,USD,14,181,93.44,BZS,DTC,2024-05-24
|CN|DTCB|UB|mBC|NEU|NEU|Resources|BZS Resources,BZS Resources|TXT|National|A:A|1|EX,USD,0,2,0.0,BZS,DTC,2024-05-24
|CN|DTCB|UB|mBC|NEU|NEU|Resources|BZS Resources,BZS Resources|TXT|National|A:A|1|PH,USD,0,26,0.0,BZS,DTC,2024-05-24
|CN|DTCB|UB|mBC|NEU|NEU|Resources|BZS Resources,BZS Resources|TXT|National|A:A|1|PH,USD,0,16,0.0,BZS,DTC,2024-05-24
|CN|DTCB|UB|mBC|NEU|NEU|Resources|BZS Resources,BZS Safety|TXT|National|A:A|1|PH,USD,0,11,0.0,BZS,DTC,2024-05-24
|CN|DTCB|UB|mBC|NEU|NEU|Resources|BZS Resources,BZS Safety|TXT|National|A:A|1|PH,USD,3,27,17.76,BZS,DTC,2024-05-24
|CN|DTCB|UB|mBC|NEU|NEU|Resources|BZS Resources,BZS Trial|TXT|National|A:A|1|EX,USD,0,1,0.0,BZS,DTC,2024-05-24
|CN|DTCB|UB|mBC|NEU|NEU|Resources|BZS Resources,BZS Trial|TXT|National|A:A|1|PH,USD,2,47,10.14,BZS,DTC,2024-05-24
|CN|DTCB|UB|mBC|NEU|NEU|Resources|BZS Resources,BZS Trial|TXT|National|A:A|1|PH,USD,2,7,10.43,BZS,DTC,2024-05-24
|CN|DTCB|UB|mBC|NEU|NEU|Resources|BZS Resources,BZS Understanding|TXT|National|A:A|1|EX,USD,0,14,0.0,BZS,DTC,2024-05-24
|CN|DTCB|UB|mBC|NEU|NEU|Resources|BZS Resources,BZS Understanding|TXT|National|A:A|1|PH,USD,4,21,20.18,BZS,DTC,2024-05-24
|CN|DTCB|UB|mBC|NEU|NEU|Treatment|BZS Treatment,BZS Treatment|TXT|National|A:A|1|EX,USD,0,4,0.0,BZS,DTC,2024-05-24
|CN|DTCB|UB|mBC|NEU|NEU|Treatment|BZS Treatment,BZS Treatment|TXT|National|A:A|1|EX,USD,0,11,0.0,BZS,DTC,2024-05-24
|CN|DTCB|UB|mBC|NEU|NEU|Treatment|BZS Treatment,BZS Treatment|TXT|National|A:A|1|PH,USD,8,115,41.22,BZS,DTC,2024-05-24
|CN|DTCB|UB|mBC|NEU|NEU|Treatment|BZS Treatment,BZS Treatment|TXT|National|A:A|1|PH,USD,6,161,37.91,BZS,DTC,2024-05-24
|CN|DTCB|UB|mBC|NEU|NEU|Treatment|BZS Treatment,BZS Treatment|TXT|National|A:A|1|PH,USD,0,1,0.0,BZS,DTC,2024-05-24
|CN|DTCB|UB|mBC|NEU|NEU|Treatment|Treatment,Management|TXT|National|A:A|1|EX,USD,0,7,0.0,BZS,DTC,2024-05-24
|CN|DTCB|UB|mBC|NEU|NEU|Treatment|Treatment,Management|TXT|National|A:A|1|PH,USD,1,32,5.63,BZS,DTC,2024-05-24
|CN|DTCB|UB|mBC|NEU|NEU|Treatment|Treatment,Side Effects|TXT|National|A:A|1|EX,USD,1,6,4.32,BZS,DTC,2024-05-24
|CN|DTCB|UB|mBC|NEU|NEU|Treatment|Treatment,Side Effects|TXT|National|A:A|1|PH,USD,1,3,3.18,BZS,DTC,2024-05-24
|CN|DTCB|UB|mBC|NEU|NEU|Treatment|Treatment,Therapy|TXT|National|A:A|1|EX,USD,0,11,0.0,BZS,DTC,2024-05-24
|CN|DTCB|UB|mBC|NEU|NEU|Treatment|Treatment,Therapy|TXT|National|A:A|1|PH,USD,1,38,6.72,BZS,DTC,2024-05-24
|CN|DTCB|UB|mBC|NEU|NEU|Treatment|Treatment Priority,Treatment|TXT|National|A:A|1|PH,USD,3,54,20.96,BZS,DTC,2024-05-24
|CN|DTCB|BR|mBC|NEU|NEU|Competitive|Competitor,Competitors|TXT|National|A:A|1|EX,USD,7,93,44.73,BZS,DTC,2024-05-25
|CN|DTCB|BR|mBC|NEU|NEU|Competitive|Competitor,Competitors|TXT|National|A:A|1|PH,USD,17,144,101.94,BZS,DTC,2024-05-25
|CN|DTCB|BR|mBC|NEU|NEU|Competitive|Competitor,Competitor|TXT|National|A:A|1|EX,USD,0,22,0.0,BZS,DTC,2024-05-25
|CN|DTCB|BR|mBC|NEU|NEU|Competitive|Competitor,Competitor|TXT|National|A:A|1|PH,USD,2,41,19.68,BZS,DTC,2024-05-25
|CN|DTCB|BR|mBC|NEU|NEU|Condition|BZS,BZS|TXT|National|A:A|1|EX,USD,0,8,0.0,BZS,DTC,2024-05-25
|CN|DTCB|BR|mBC|NEU|NEU|Condition|BZS,BZS|TXT|National|A:A|1|PH,USD,4,13,68.51,BZS,DTC,2024-05-25
|CN|DTCB|BR|mBC|NEU|NEU|Condition|BZS,BZS|TXT|National|A:A|1|PH,USD,13,136,160.45,BZS,DTC,2024-05-25
|CN|DTCB|BR|mBC|NEU|NEU|Core|Alone,Alone|TXT|National|A:A|1|EX,USD,35,211,226.47,BZS,DTC,2024-05-25
|CN|DTCB|BR|mBC|NEU|NEU|Core|Alone,Alone|TXT|National|A:A|1|PH,USD,23,297,254.67,BZS,DTC,2024-05-25
|CN|DTCB|BR|mBC|NEU|NEU|Core|Branded,Alone|TXT|National|A:A|1|EX,USD,0,11,0.0,BZS,DTC,2024-05-25
|CN|DTCB|BR|mBC|NEU|NEU|Core|Branded,Alone|TXT|National|A:A|1|PH,USD,1,11,17.72,BZS,DTC,2024-05-25
|CN|DTCB|BR|mBC|NEU|NEU|Information|Info,Dosing|TXT|National|A:A|1|EX,USD,0,3,0.0,BZS,DTC,2024-05-25
|CN|DTCB|BR|mBC|NEU|NEU|Information|Info,Dosing|TXT|National|A:A|1|PH,USD,0,5,0.0,BZS,DTC,2024-05-25
|CN|DTCB|BR|mBC|NEU|NEU|Information|Info,Info|TXT|National|A:A|1|EX,USD,3,24,19.7,BZS,DTC,2024-05-25
|CN|DTCB|BR|mBC|NEU|NEU|Information|Info,Resources|TXT|National|A:A|1|EX,USD,2,11,15.36,BZS,DTC,2024-05-25
|CN|DTCB|BR|mBC|NEU|NEU|Information|Info,Resources|TXT|National|A:A|1|PH,USD,0,1,0.0,BZS,DTC,2024-05-25
|CN|DTCB|BR|mBC|NEU|NEU|Information|Info,Results|TXT|National|A:A|1|PH,USD,0,3,0.0,BZS,DTC,2024-05-25
|CN|DTCB|BR|mBC|NEU|NEU|Information|Info,Results|TXT|National|A:A|1|PH,USD,0,3,0.0,BZS,DTC,2024-05-25
|CN|DTCB|BR|mBC|NEU|NEU|Information|Info,Risk|TXT|National|A:A|1|EX,USD,1,29,6.83,BZS,DTC,2024-05-25
|CN|DTCB|BR|mBC|NEU|NEU|Information|Info,Risk|TXT|National|A:A|1|PH,USD,0,4,0.0,BZS,DTC,2024-05-25
|CN|DTCB|BR|mBC|NEU|NEU|Information|Info,Safety|TXT|National|A:A|1|EX,USD,15,52,114.98,BZS,DTC,2024-05-25
|CN|DTCB|BR|mBC|NEU|NEU|Information|Info,Safety|TXT|National|A:A|1|PH,USD,1,3,11.43,BZS,DTC,2024-05-25
|CN|DTCB|BR|mBC|NEU|NEU|Information|Info,Study|TXT|National|A:A|1|EX,USD,2,7,15.66,BZS,DTC,2024-05-25
|CN|DTCB|BR|mBC|NEU|NEU|Information|Info,Study|TXT|National|A:A|1|PH,USD,0,3,0.0,BZS,DTC,2024-05-25
|CN|DTCB|BR|mBC|NEU|NEU|Information|Info,Treatment|TXT|National|A:A|1|EX,USD,12,35,137.77,BZS,DTC,2024-05-25
|CN|DTCB|BR|mBC|NEU|NEU|Information|Info,Treatment|TXT|National|A:A|1|PH,USD,1,11,10.75,BZS,DTC,2024-05-25
|CN|DTCB|BR|mBC|NEU|NEU|Information|Info,Understanding|TXT|National|A:A|1|EX,USD,0,7,0.0,BZS,DTC,2024-05-25
|CN|DTCB|BR|mBC|NEU|NEU|Information|Info,Understanding|TXT|National|A:A|1|PH,USD,0,1,0.0,BZS,DTC,2024-05-25
|CN|DTCB|UB|mBC|NEU|NEU|Condition|BZS Condition,BZS General|TXT|National|A:A|1|EX,USD,3,46,29.63,BZS,DTC,2024-05-25
|CN|DTCB|UB|mBC|NEU|NEU|Condition|BZS Condition,BZS General|TXT|National|A:A|1|EX,USD,0,1,0.0,BZS,DTC,2024-05-25
|CN|DTCB|UB|mBC|NEU|NEU|Condition|BZS Condition,BZS General|TXT|National|A:A|1|PH,USD,10,141,111.97,BZS,DTC,2024-05-25
|CN|DTCB|UB|mBC|NEU|NEU|Condition|BZS Condition,BZS General|TXT|National|A:A|1|PH,USD,0,2,0.0,BZS,DTC,2024-05-25
|CN|DTCB|UB|mBC|NEU|NEU|Condition|BZS Condition,BZS general|TXT|National|A:A|1|EX,USD,5,53,33.11,BZS,DTC,2024-05-25
|CN|DTCB|UB|mBC|NEU|NEU|Condition|BZS Condition,BZS general|TXT|National|A:A|1|PH,USD,14,196,75.5,BZS,DTC,2024-05-25
|CN|DTCB|UB|mBC|NEU|NEU|Condition|BZS ITT Condition,BZS general|TXT|National|A:A|1|EX,USD,0,0,0.0,BZS,DTC,2024-05-25
|CN|DTCB|UB|mBC|NEU|NEU|Condition|BZS ITT Condition,BZS general|TXT|National|A:A|1|PH,USD,2,17,15.26,BZS,DTC,2024-05-25
|CN|DTCB|UB|mBC|NEU|NEU|Condition|Condition,Alone|TXT|National|A:A|1|EX,USD,6,91,40.33,BZS,DTC,2024-05-25
|CN|DTCB|UB|mBC|NEU|NEU|Condition|Condition,Alone|TXT|National|A:A|1|PH,USD,12,424,81.65,BZS,DTC,2024-05-25
|CN|DTCB|UB|mBC|NEU|NEU|Core|BZS,BZS|TXT|National|A:A|1|EX,USD,0,7,0.0,BZS,DTC,2024-05-25
|CN|DTCB|UB|mBC|NEU|NEU|Core|BZS,BZS|TXT|National|A:A|1|PH,USD,2,24,13.25,BZS,DTC,2024-05-25
|CN|DTCB|UB|mBC|NEU|NEU|Core|BZS,BZS|TXT|National|A:A|1|PH,USD,2,22,12.96,BZS,DTC,2024-05-25
|CN|DTCB|UB|mBC|NEU|NEU|Core|BZS+,About|TXT|National|A:A|1|EX,USD,1,4,4.87,BZS,DTC,2024-05-25
|CN|DTCB|UB|mBC|NEU|NEU|Core|BZS+,About|TXT|National|A:A|1|PH,USD,4,117,25.66,BZS,DTC,2024-05-25
|CN|DTCB|UB|mBC|NEU|NEU|Core|BZS+,Causes|TXT|National|A:A|1|EX,USD,0,1,0.0,BZS,DTC,2024-05-25
|CN|DTCB|UB|mBC|NEU|NEU|Core|BZS+,Causes|TXT|National|A:A|1|PH,USD,0,15,0.0,BZS,DTC,2024-05-25
|CN|DTCB|UB|mBC|NEU|NEU|Core|BZS+,Diagnosis|TXT|National|A:A|1|EX,USD,6,74,40.25,BZS,DTC,2024-05-25
|CN|DTCB|UB|mBC|NEU|NEU|Core|BZS+,Information|TXT|National|A:A|1|PH,USD,0,3,0.0,BZS,DTC,2024-05-25
|CN|DTCB|UB|mBC|NEU|NEU|Core|BZS+,Medication|TXT|National|A:A|1|PH,USD,1,51,8.56,BZS,DTC,2024-05-25
|CN|DTCB|UB|mBC|NEU|NEU|Core|BZS+,Study|TXT|National|A:A|1|PH,USD,2,59,10.4,BZS,DTC,2024-05-25
|CN|DTCB|UB|mBC|NEU|NEU|Core|BZS+,Symptoms|TXT|National|A:A|1|EX,USD,2,9,14.82,BZS,DTC,2024-05-25
|CN|DTCB|UB|mBC|NEU|NEU|Core|BZS+,Symptoms|TXT|National|A:A|1|PH,USD,0,6,0.0,BZS,DTC,2024-05-25
|CN|DTCB|UB|mBC|NEU|NEU|Core|BZS+,What Is|TXT|National|A:A|1|EX,USD,3,22,17.88,BZS,DTC,2024-05-25
|CN|DTCB|UB|mBC|NEU|NEU|Core|BZS+,What Is|TXT|National|A:A|1|PH,USD,1,20,5.9,BZS,DTC,2024-05-25
|CN|DTCB|UB|mBC|NEU|NEU|Information|BZS Info,BZS Info|TXT|National|A:A|1|EX,USD,4,13,36.69,BZS,DTC,2024-05-25
|CN|DTCB|UB|mBC|NEU|NEU|Information|BZS Info,BZS Info|TXT|National|A:A|1|EX,USD,0,14,0.0,BZS,DTC,2024-05-25
|CN|DTCB|UB|mBC|NEU|NEU|Information|BZS Info,BZS Info|TXT|National|A:A|1|PH,USD,8,99,35.06,BZS,DTC,2024-05-25
|CN|DTCB|UB|mBC|NEU|NEU|Information|BZS Info,BZS Info|TXT|National|A:A|1|PH,USD,1,14,6.78,BZS,DTC,2024-05-25
|CN|DTCB|UB|mBC|NEU|NEU|Information|BZS Info,BZS Info|TXT|National|A:A|1|PH,USD,11,74,77.68,BZS,DTC,2024-05-25
|CN|DTCB|UB|mBC|NEU|NEU|Resources|BZS Resources,BZS Dosing|TXT|National|A:A|1|PH,USD,0,0,0.0,BZS,DTC,2024-05-25
|CN|DTCB|UB|mBC|NEU|NEU|Resources|BZS Resources,BZS Resources|TXT|National|A:A|1|EX,USD,0,0,0.0,BZS,DTC,2024-05-25
|CN|DTCB|UB|mBC|NEU|NEU|Resources|BZS Resources,BZS Resources|TXT|National|A:A|1|PH,USD,0,3,0.0,BZS,DTC,2024-05-25
|CN|DTCB|UB|mBC|NEU|NEU|Resources|BZS Resources,BZS Resources|TXT|National|A:A|1|PH,USD,1,35,5.76,BZS,DTC,2024-05-25
|CN|DTCB|UB|mBC|NEU|NEU|Resources|BZS Resources,BZS Safety|TXT|National|A:A|1|PH,USD,1,4,4.52,BZS,DTC,2024-05-25
|CN|DTCB|UB|mBC|NEU|NEU|Resources|BZS Resources,BZS Safety|TXT|National|A:A|1|PH,USD,2,37,11.29,BZS,DTC,2024-05-25
|CN|DTCB|UB|mBC|NEU|NEU|Resources|BZS Resources,BZS Trial|TXT|National|A:A|1|EX,USD,1,1,6.52,BZS,DTC,2024-05-25
|CN|DTCB|UB|mBC|NEU|NEU|Resources|BZS Resources,BZS Trial|TXT|National|A:A|1|PH,USD,9,110,55.39,BZS,DTC,2024-05-25
|CN|DTCB|UB|mBC|NEU|NEU|Resources|BZS Resources,BZS Trial|TXT|National|A:A|1|PH,USD,1,4,5.66,BZS,DTC,2024-05-25
|CN|DTCB|UB|mBC|NEU|NEU|Resources|BZS Resources,BZS Understanding|TXT|National|A:A|1|EX,USD,1,49,4.92,BZS,DTC,2024-05-25
|CN|DTCB|UB|mBC|NEU|NEU|Resources|BZS Resources,BZS Understanding|TXT|National|A:A|1|PH,USD,0,0,0.0,BZS,DTC,2024-05-25
|CN|DTCB|UB|mBC|NEU|NEU|Resources|BZS Resources,BZS Understanding|TXT|National|A:A|1|PH,USD,1,62,4.9,BZS,DTC,2024-05-25
|CN|DTCB|UB|mBC|NEU|NEU|Treatment|BZS Treatment,BZS Treatment|TXT|National|A:A|1|EX,USD,0,10,0.0,BZS,DTC,2024-05-25
|CN|DTCB|UB|mBC|NEU|NEU|Treatment|BZS Treatment,BZS Treatment|TXT|National|A:A|1|EX,USD,0,3,0.0,BZS,DTC,2024-05-25
|CN|DTCB|UB|mBC|NEU|NEU|Treatment|BZS Treatment,BZS Treatment|TXT|National|A:A|1|PH,USD,8,87,38.48,BZS,DTC,2024-05-25
|CN|DTCB|UB|mBC|NEU|NEU|Treatment|BZS Treatment,BZS Treatment|TXT|National|A:A|1|PH,USD,6,125,34.81,BZS,DTC,2024-05-25
|CN|DTCB|UB|mBC|NEU|NEU|Treatment|Treatment,Management|TXT|National|A:A|1|EX,USD,1,15,7.67,BZS,DTC,2024-05-25
|CN|DTCB|UB|mBC|NEU|NEU|Treatment|Treatment,Management|TXT|National|A:A|1|PH,USD,1,18,6.93,BZS,DTC,2024-05-25
|CN|DTCB|UB|mBC|NEU|NEU|Treatment|Treatment,Side Effects|TXT|National|A:A|1|EX,USD,2,5,6.36,BZS,DTC,2024-05-25
|CN|DTCB|UB|mBC|NEU|NEU|Treatment|Treatment,Side Effects|TXT|National|A:A|1|PH,USD,0,2,0.0,BZS,DTC,2024-05-25
|CN|DTCB|UB|mBC|NEU|NEU|Treatment|Treatment,Therapy|TXT|National|A:A|1|EX,USD,0,15,0.0,BZS,DTC,2024-05-25
|CN|DTCB|UB|mBC|NEU|NEU|Treatment|Treatment,Therapy|TXT|National|A:A|1|PH,USD,1,23,7.39,BZS,DTC,2024-05-25
|CN|DTCB|UB|mBC|NEU|NEU|Treatment|Treatment Priority,Treatment|TXT|National|A:A|1|PH,USD,2,9,13.49,BZS,DTC,2024-05-25
|CN|DTCB|BR|mBC|NEU|NEU|Competitive|Competitor,Competitors|TXT|National|A:A|1|EX,USD,5,177,31.62,BZS,DTC,2024-05-26
|CN|DTCB|BR|mBC|NEU|NEU|Competitive|Competitor,Competitors|TXT|National|A:A|1|PH,USD,19,247,119.37,BZS,DTC,2024-05-26
|CN|DTCB|BR|mBC|NEU|NEU|Competitive|Competitor,Competitor|TXT|National|A:A|1|EX,USD,1,26,10.4,BZS,DTC,2024-05-26
|CN|DTCB|BR|mBC|NEU|NEU|Competitive|Competitor,Competitor|TXT|National|A:A|1|PH,USD,1,8,10.4,BZS,DTC,2024-05-26
|CN|DTCB|BR|mBC|NEU|NEU|Condition|BZS,BZS|TXT|National|A:A|1|EX,USD,0,11,0.0,BZS,DTC,2024-05-26
|CN|DTCB|BR|mBC|NEU|NEU|Condition|BZS,BZS|TXT|National|A:A|1|EX,USD,0,2,0.0,BZS,DTC,2024-05-26
|CN|DTCB|BR|mBC|NEU|NEU|Condition|BZS,BZS|TXT|National|A:A|1|PH,USD,9,55,111.88,BZS,DTC,2024-05-26
|CN|DTCB|BR|mBC|NEU|NEU|Condition|BZS,BZS|TXT|National|A:A|1|PH,USD,23,220,284.84,BZS,DTC,2024-05-26
|CN|DTCB|BR|mBC|NEU|NEU|Core|Alone,Alone|TXT|National|A:A|1|EX,USD,112,669,697.77,BZS,DTC,2024-05-26
|CN|DTCB|BR|mBC|NEU|NEU|Core|Alone,Alone|TXT|National|A:A|1|PH,USD,54,818,609.16,BZS,DTC,2024-05-26
|CN|DTCB|BR|mBC|NEU|NEU|Core|Branded,Alone|TXT|National|A:A|1|EX,USD,1,33,11.98,BZS,DTC,2024-05-26
|CN|DTCB|BR|mBC|NEU|NEU|Core|Branded,Alone|TXT|National|A:A|1|PH,USD,0,34,0.0,BZS,DTC,2024-05-26
|CN|DTCB|BR|mBC|NEU|NEU|Information|Info,Dosing|TXT|National|A:A|1|EX,USD,4,14,25.68,BZS,DTC,2024-05-26
|CN|DTCB|BR|mBC|NEU|NEU|Information|Info,Dosing|TXT|National|A:A|1|PH,USD,0,1,0.0,BZS,DTC,2024-05-26
|CN|DTCB|BR|mBC|NEU|NEU|Information|Info,Info|TXT|National|A:A|1|EX,USD,17,79,97.53,BZS,DTC,2024-05-26
|CN|DTCB|BR|mBC|NEU|NEU|Information|Info,Info|TXT|National|A:A|1|PH,USD,0,1,0.0,BZS,DTC,2024-05-26
|CN|DTCB|BR|mBC|NEU|NEU|Information|Info,Resources|TXT|National|A:A|1|EX,USD,3,13,21.13,BZS,DTC,2024-05-26
|CN|DTCB|BR|mBC|NEU|NEU|Information|Info,Resources|TXT|National|A:A|1|PH,USD,0,0,0.0,BZS,DTC,2024-05-26
|CN|DTCB|BR|mBC|NEU|NEU|Information|Info,Results|TXT|National|A:A|1|EX,USD,0,1,0.0,BZS,DTC,2024-05-26
|CN|DTCB|BR|mBC|NEU|NEU|Information|Info,Results|TXT|National|A:A|1|PH,USD,0,14,0.0,BZS,DTC,2024-05-26
|CN|DTCB|BR|mBC|NEU|NEU|Information|Info,Results|TXT|National|A:A|1|PH,USD,0,4,0.0,BZS,DTC,2024-05-26
|CN|DTCB|BR|mBC|NEU|NEU|Information|Info,Risk|TXT|National|A:A|1|EX,USD,8,57,62.01,BZS,DTC,2024-05-26
|CN|DTCB|BR|mBC|NEU|NEU|Information|Info,Risk|TXT|National|A:A|1|PH,USD,0,10,0.0,BZS,DTC,2024-05-26
|CN|DTCB|BR|mBC|NEU|NEU|Information|Info,Safety|TXT|National|A:A|1|EX,USD,15,65,119.54,BZS,DTC,2024-05-26
|CN|DTCB|BR|mBC|NEU|NEU|Information|Info,Safety|TXT|National|A:A|1|PH,USD,0,5,0.0,BZS,DTC,2024-05-26
|CN|DTCB|BR|mBC|NEU|NEU|Information|Info,Study|TXT|National|A:A|1|EX,USD,0,5,0.0,BZS,DTC,2024-05-26
|CN|DTCB|BR|mBC|NEU|NEU|Information|Info,Study|TXT|National|A:A|1|PH,USD,0,9,0.0,BZS,DTC,2024-05-26
|CN|DTCB|BR|mBC|NEU|NEU|Information|Info,Treatment|TXT|National|A:A|1|EX,USD,11,68,126.32,BZS,DTC,2024-05-26
|CN|DTCB|BR|mBC|NEU|NEU|Information|Info,Treatment|TXT|National|A:A|1|PH,USD,0,19,0.0,BZS,DTC,2024-05-26
|CN|DTCB|BR|mBC|NEU|NEU|Information|Info,Understanding|TXT|National|A:A|1|EX,USD,0,11,0.0,BZS,DTC,2024-05-26
|CN|DTCB|UB|mBC|NEU|NEU|Condition|BZS Condition,BZS General|TXT|National|A:A|1|EX,USD,6,39,66.4,BZS,DTC,2024-05-26
|CN|DTCB|UB|mBC|NEU|NEU|Condition|BZS Condition,BZS General|TXT|National|A:A|1|PH,USD,0,3,0.0,BZS,DTC,2024-05-26
|CN|DTCB|UB|mBC|NEU|NEU|Condition|BZS Condition,BZS General|TXT|National|A:A|1|PH,USD,12,194,121.72,BZS,DTC,2024-05-26
|CN|DTCB|UB|mBC|NEU|NEU|Condition|BZS Condition,BZS general|TXT|National|A:A|1|EX,USD,5,71,25.72,BZS,DTC,2024-05-26
|CN|DTCB|UB|mBC|NEU|NEU|Condition|BZS Condition,BZS general|TXT|National|A:A|1|PH,USD,21,333,79.55,BZS,DTC,2024-05-26
|CN|DTCB|UB|mBC|NEU|NEU|Condition|BZS ITT Condition,BZS general|TXT|National|A:A|1|EX,USD,0,1,0.0,BZS,DTC,2024-05-26
|CN|DTCB|UB|mBC|NEU|NEU|Condition|BZS ITT Condition,BZS general|TXT|National|A:A|1|PH,USD,2,26,14.51,BZS,DTC,2024-05-26
|CN|DTCB|UB|mBC|NEU|NEU|Condition|Condition,Alone|TXT|National|A:A|1|EX,USD,2,92,13.43,BZS,DTC,2024-05-26
|CN|DTCB|UB|mBC|NEU|NEU|Condition|Condition,Alone|TXT|National|A:A|1|PH,USD,22,432,149.71,BZS,DTC,2024-05-26
|CN|DTCB|UB|mBC|NEU|NEU|Core|BZS,BZS|TXT|National|A:A|1|EX,USD,1,18,10.43,BZS,DTC,2024-05-26
|CN|DTCB|UB|mBC|NEU|NEU|Core|BZS,BZS|TXT|National|A:A|1|EX,USD,0,0,0.0,BZS,DTC,2024-05-26
|CN|DTCB|UB|mBC|NEU|NEU|Core|BZS,BZS|TXT|National|A:A|1|PH,USD,3,54,22.86,BZS,DTC,2024-05-26
|CN|DTCB|UB|mBC|NEU|NEU|Core|BZS,BZS|TXT|National|A:A|1|PH,USD,2,52,12.42,BZS,DTC,2024-05-26
|CN|DTCB|UB|mBC|NEU|NEU|Core|BZS+,About|TXT|National|A:A|1|EX,USD,0,8,0.0,BZS,DTC,2024-05-26
|CN|DTCB|UB|mBC|NEU|NEU|Core|BZS+,About|TXT|National|A:A|1|PH,USD,7,180,43.75,BZS,DTC,2024-05-26
|CN|DTCB|UB|mBC|NEU|NEU|Core|BZS+,Causes|TXT|National|A:A|1|EX,USD,0,4,0.0,BZS,DTC,2024-05-26
|CN|DTCB|UB|mBC|NEU|NEU|Core|BZS+,Causes|TXT|National|A:A|1|PH,USD,2,38,21.4,BZS,DTC,2024-05-26
|CN|DTCB|UB|mBC|NEU|NEU|Core|BZS+,Diagnosis|TXT|National|A:A|1|EX,USD,8,123,55.94,BZS,DTC,2024-05-26
|CN|DTCB|UB|mBC|NEU|NEU|Core|BZS+,Information|TXT|National|A:A|1|PH,USD,0,10,0.0,BZS,DTC,2024-05-26
|CN|DTCB|UB|mBC|NEU|NEU|Core|BZS+,Medication|TXT|National|A:A|1|PH,USD,0,61,0.0,BZS,DTC,2024-05-26
|CN|DTCB|UB|mBC|NEU|NEU|Core|BZS+,Study|TXT|National|A:A|1|EX,USD,0,3,0.0,BZS,DTC,2024-05-26
|CN|DTCB|UB|mBC|NEU|NEU|Core|BZS+,Study|TXT|National|A:A|1|PH,USD,3,87,18.69,BZS,DTC,2024-05-26
|CN|DTCB|UB|mBC|NEU|NEU|Core|BZS+,Symptoms|TXT|National|A:A|1|EX,USD,0,6,0.0,BZS,DTC,2024-05-26
|CN|DTCB|UB|mBC|NEU|NEU|Core|BZS+,Symptoms|TXT|National|A:A|1|PH,USD,2,8,17.6,BZS,DTC,2024-05-26
|CN|DTCB|UB|mBC|NEU|NEU|Core|BZS+,What Is|TXT|National|A:A|1|EX,USD,3,39,14.76,BZS,DTC,2024-05-26
|CN|DTCB|UB|mBC|NEU|NEU|Core|BZS+,What Is|TXT|National|A:A|1|PH,USD,1,47,5.44,BZS,DTC,2024-05-26
|CN|DTCB|UB|mBC|NEU|NEU|Information|BZS Info,BZS Info|TXT|National|A:A|1|EX,USD,4,20,28.26,BZS,DTC,2024-05-26
|CN|DTCB|UB|mBC|NEU|NEU|Information|BZS Info,BZS Info|TXT|National|A:A|1|EX,USD,0,10,0.0,BZS,DTC,2024-05-26
|CN|DTCB|UB|mBC|NEU|NEU|Information|BZS Info,BZS Info|TXT|National|A:A|1|PH,USD,4,40,27.03,BZS,DTC,2024-05-26
|CN|DTCB|UB|mBC|NEU|NEU|Information|BZS Info,BZS Info|TXT|National|A:A|1|PH,USD,9,68,38.83,BZS,DTC,2024-05-26
|CN|DTCB|UB|mBC|NEU|NEU|Information|BZS Info,BZS Info|TXT|National|A:A|1|PH,USD,10,144,78.18,BZS,DTC,2024-05-26
|CN|DTCB|UB|mBC|NEU|NEU|Resources|BZS Resources,BZS Resources|TXT|National|A:A|1|EX,USD,0,5,0.0,BZS,DTC,2024-05-26
|CN|DTCB|UB|mBC|NEU|NEU|Resources|BZS Resources,BZS Resources|TXT|National|A:A|1|PH,USD,1,15,5.35,BZS,DTC,2024-05-26
|CN|DTCB|UB|mBC|NEU|NEU|Resources|BZS Resources,BZS Resources|TXT|National|A:A|1|PH,USD,3,77,18.97,BZS,DTC,2024-05-26
|CN|DTCB|UB|mBC|NEU|NEU|Resources|BZS Resources,BZS Safety|TXT|National|A:A|1|PH,USD,2,94,11.11,BZS,DTC,2024-05-26
|CN|DTCB|UB|mBC|NEU|NEU|Resources|BZS Resources,BZS Safety|TXT|National|A:A|1|PH,USD,0,7,0.0,BZS,DTC,2024-05-26
|CN|DTCB|UB|mBC|NEU|NEU|Resources|BZS Resources,BZS Trial|TXT|National|A:A|1|EX,USD,0,7,0.0,BZS,DTC,2024-05-26
|CN|DTCB|UB|mBC|NEU|NEU|Resources|BZS Resources,BZS Trial|TXT|National|A:A|1|PH,USD,0,2,0.0,BZS,DTC,2024-05-26
|CN|DTCB|UB|mBC|NEU|NEU|Resources|BZS Resources,BZS Trial|TXT|National|A:A|1|PH,USD,0,11,0.0,BZS,DTC,2024-05-26
|CN|DTCB|UB|mBC|NEU|NEU|Resources|BZS Resources,BZS Trial|TXT|National|A:A|1|PH,USD,17,193,94.74,BZS,DTC,2024-05-26
|CN|DTCB|UB|mBC|NEU|NEU|Resources|BZS Resources,BZS Understanding|TXT|National|A:A|1|EX,USD,8,63,38.59,BZS,DTC,2024-05-26
|CN|DTCB|UB|mBC|NEU|NEU|Resources|BZS Resources,BZS Understanding|TXT|National|A:A|1|PH,USD,0,85,0.0,BZS,DTC,2024-05-26
|CN|DTCB|UB|mBC|NEU|NEU|Resources|BZS Resources,BZS Understanding|TXT|National|A:A|1|PH,USD,1,2,4.14,BZS,DTC,2024-05-26
|CN|DTCB|UB|mBC|NEU|NEU|Treatment|BZS Treatment,BZS Treatment|TXT|National|A:A|1|EX,USD,0,1,0.0,BZS,DTC,2024-05-26
|CN|DTCB|UB|mBC|NEU|NEU|Treatment|BZS Treatment,BZS Treatment|TXT|National|A:A|1|EX,USD,3,10,19.32,BZS,DTC,2024-05-26
|CN|DTCB|UB|mBC|NEU|NEU|Treatment|BZS Treatment,BZS Treatment|TXT|National|A:A|1|EX,USD,0,1,0.0,BZS,DTC,2024-05-26
|CN|DTCB|UB|mBC|NEU|NEU|Treatment|BZS Treatment,BZS Treatment|TXT|National|A:A|1|PH,USD,4,192,24.6,BZS,DTC,2024-05-26
|CN|DTCB|UB|mBC|NEU|NEU|Treatment|BZS Treatment,BZS Treatment|TXT|National|A:A|1|PH,USD,8,86,41.67,BZS,DTC,2024-05-26
|CN|DTCB|UB|mBC|NEU|NEU|Treatment|Treatment,Management|TXT|National|A:A|1|EX,USD,4,37,26.51,BZS,DTC,2024-05-26
|CN|DTCB|UB|mBC|NEU|NEU|Treatment|Treatment,Management|TXT|National|A:A|1|PH,USD,1,69,5.67,BZS,DTC,2024-05-26
|CN|DTCB|UB|mBC|NEU|NEU|Treatment|Treatment,Side Effects|TXT|National|A:A|1|EX,USD,1,8,3.68,BZS,DTC,2024-05-26
|CN|DTCB|UB|mBC|NEU|NEU|Treatment|Treatment,Side Effects|TXT|National|A:A|1|PH,USD,0,3,0.0,BZS,DTC,2024-05-26
|CN|DTCB|UB|mBC|NEU|NEU|Treatment|Treatment,Therapy|TXT|National|A:A|1|EX,USD,0,18,0.0,BZS,DTC,2024-05-26
|CN|DTCB|UB|mBC|NEU|NEU|Treatment|Treatment,Therapy|TXT|National|A:A|1|PH,USD,2,46,13.03,BZS,DTC,2024-05-26
|CN|DTCB|UB|mBC|NEU|NEU|Treatment|Treatment Priority,Treatment|TXT|National|A:A|1|EX,USD,0,2,0.0,BZS,DTC,2024-05-26
|CN|DTCB|UB|mBC|NEU|NEU|Treatment|Treatment Priority,Treatment|TXT|National|A:A|1|PH,USD,3,85,14.16,BZS,DTC,2024-05-26
|CN|DTCB|BR|mBC|NEU|NEU|Competitive|Competitor,Competitors|TXT|National|A:A|1|EX,USD,9,171,51.2,BZS,DTC,2024-05-27
|CN|DTCB|BR|mBC|NEU|NEU|Competitive|Competitor,Competitors|TXT|National|A:A|1|PH,USD,18,230,100.11,BZS,DTC,2024-05-27
|CN|DTCB|BR|mBC|NEU|NEU|Competitive|Competitor,Competitor|TXT|National|A:A|1|EX,USD,0,2,0.0,BZS,DTC,2024-05-27
|CN|DTCB|BR|mBC|NEU|NEU|Competitive|Competitor,Competitor|TXT|National|A:A|1|PH,USD,2,4,20.63,BZS,DTC,2024-05-27
|CN|DTCB|BR|mBC|NEU|NEU|Condition|BZS,BZS|TXT|National|A:A|1|EX,USD,10,47,67.51,BZS,DTC,2024-05-27
|CN|DTCB|BR|mBC|NEU|NEU|Condition|BZS,BZS|TXT|National|A:A|1|EX,USD,0,4,0.0,BZS,DTC,2024-05-27
|CN|DTCB|BR|mBC|NEU|NEU|Condition|BZS,BZS|TXT|National|A:A|1|PH,USD,30,300,353.85,BZS,DTC,2024-05-27
|CN|DTCB|BR|mBC|NEU|NEU|Condition|BZS,BZS|TXT|National|A:A|1|PH,USD,6,64,86.46,BZS,DTC,2024-05-27
|CN|DTCB|BR|mBC|NEU|NEU|Core|Alone,Alone|TXT|National|A:A|1|EX,USD,272,1372,1589.2,BZS,DTC,2024-05-27
|CN|DTCB|BR|mBC|NEU|NEU|Core|Alone,Alone|TXT|National|A:A|1|PH,USD,56,936,613.17,BZS,DTC,2024-05-27
|CN|DTCB|BR|mBC|NEU|NEU|Core|Branded,Alone|TXT|National|A:A|1|EX,USD,2,42,29.38,BZS,DTC,2024-05-27
|CN|DTCB|BR|mBC|NEU|NEU|Core|Branded,Alone|TXT|National|A:A|1|PH,USD,2,41,35.52,BZS,DTC,2024-05-27
|CN|DTCB|BR|mBC|NEU|NEU|Information|Info,Dosing|TXT|National|A:A|1|EX,USD,1,13,7.51,BZS,DTC,2024-05-27
|CN|DTCB|BR|mBC|NEU|NEU|Information|Info,Dosing|TXT|National|A:A|1|PH,USD,0,2,0.0,BZS,DTC,2024-05-27
|CN|DTCB|BR|mBC|NEU|NEU|Information|Info,Info|TXT|National|A:A|1|EX,USD,28,106,145.56,BZS,DTC,2024-05-27
|CN|DTCB|BR|mBC|NEU|NEU|Information|Info,Resources|TXT|National|A:A|1|EX,USD,4,39,30.99,BZS,DTC,2024-05-27
|CN|DTCB|BR|mBC|NEU|NEU|Information|Info,Resources|TXT|National|A:A|1|PH,USD,0,1,0.0,BZS,DTC,2024-05-27
|CN|DTCB|BR|mBC|NEU|NEU|Information|Info,Results|TXT|National|A:A|1|EX,USD,0,6,0.0,BZS,DTC,2024-05-27
|CN|DTCB|BR|mBC|NEU|NEU|Information|Info,Results|TXT|National|A:A|1|PH,USD,1,18,12.58,BZS,DTC,2024-05-27
|CN|DTCB|BR|mBC|NEU|NEU|Information|Info,Results|TXT|National|A:A|1|PH,USD,0,7,0.0,BZS,DTC,2024-05-27
|CN|DTCB|BR|mBC|NEU|NEU|Information|Info,Risk|TXT|National|A:A|1|EX,USD,1,51,6.62,BZS,DTC,2024-05-27
|CN|DTCB|BR|mBC|NEU|NEU|Information|Info,Risk|TXT|National|A:A|1|PH,USD,1,25,10.59,BZS,DTC,2024-05-27
|CN|DTCB|BR|mBC|NEU|NEU|Information|Info,Safety|TXT|National|A:A|1|EX,USD,26,159,193.85,BZS,DTC,2024-05-27
|CN|DTCB|BR|mBC|NEU|NEU|Information|Info,Safety|TXT|National|A:A|1|PH,USD,0,18,0.0,BZS,DTC,2024-05-27
|CN|DTCB|BR|mBC|NEU|NEU|Information|Info,Study|TXT|National|A:A|1|EX,USD,0,20,0.0,BZS,DTC,2024-05-27
|CN|DTCB|BR|mBC|NEU|NEU|Information|Info,Study|TXT|National|A:A|1|PH,USD,0,13,0.0,BZS,DTC,2024-05-27
|CN|DTCB|BR|mBC|NEU|NEU|Information|Info,Treatment|TXT|National|A:A|1|EX,USD,34,174,400.35,BZS,DTC,2024-05-27
|CN|DTCB|BR|mBC|NEU|NEU|Information|Info,Treatment|TXT|National|A:A|1|PH,USD,1,18,10.98,BZS,DTC,2024-05-27
|CN|DTCB|BR|mBC|NEU|NEU|Information|Info,Understanding|TXT|National|A:A|1|EX,USD,0,9,0.0,BZS,DTC,2024-05-27
|CN|DTCB|UB|mBC|NEU|NEU|Condition|BZS Condition,BZS General|TXT|National|A:A|1|EX,USD,8,38,84.01,BZS,DTC,2024-05-27
|CN|DTCB|UB|mBC|NEU|NEU|Condition|BZS Condition,BZS General|TXT|National|A:A|1|EX,USD,0,3,0.0,BZS,DTC,2024-05-27
|CN|DTCB|UB|mBC|NEU|NEU|Condition|BZS Condition,BZS General|TXT|National|A:A|1|PH,USD,16,177,171.94,BZS,DTC,2024-05-27
|CN|DTCB|UB|mBC|NEU|NEU|Condition|BZS Condition,BZS General|TXT|National|A:A|1|PH,USD,1,3,6.78,BZS,DTC,2024-05-27
|CN|DTCB|UB|mBC|NEU|NEU|Condition|BZS Condition,BZS general|TXT|National|A:A|1|EX,USD,1,60,6.88,BZS,DTC,2024-05-27
|CN|DTCB|UB|mBC|NEU|NEU|Condition|BZS Condition,BZS general|TXT|National|A:A|1|PH,USD,23,318,115.23,BZS,DTC,2024-05-27
|CN|DTCB|UB|mBC|NEU|NEU|Condition|BZS ITT Condition,BZS general|TXT|National|A:A|1|EX,USD,0,1,0.0,BZS,DTC,2024-05-27
|CN|DTCB|UB|mBC|NEU|NEU|Condition|BZS ITT Condition,BZS general|TXT|National|A:A|1|PH,USD,2,10,13.41,BZS,DTC,2024-05-27
|CN|DTCB|UB|mBC|NEU|NEU|Condition|Condition,Alone|TXT|National|A:A|1|EX,USD,8,182,51.75,BZS,DTC,2024-05-27
|CN|DTCB|UB|mBC|NEU|NEU|Condition|Condition,Alone|TXT|National|A:A|1|PH,USD,15,602,101.78,BZS,DTC,2024-05-27
|CN|DTCB|UB|mBC|NEU|NEU|Core|BZS,BZS|TXT|National|A:A|1|EX,USD,0,2,0.0,BZS,DTC,2024-05-27
|CN|DTCB|UB|mBC|NEU|NEU|Core|BZS,BZS|TXT|National|A:A|1|EX,USD,3,22,21.11,BZS,DTC,2024-05-27
|CN|DTCB|UB|mBC|NEU|NEU|Core|BZS,BZS|TXT|National|A:A|1|PH,USD,5,86,32.16,BZS,DTC,2024-05-27
|CN|DTCB|UB|mBC|NEU|NEU|Core|BZS,BZS|TXT|National|A:A|1|PH,USD,9,102,66.69,BZS,DTC,2024-05-27
|CN|DTCB|UB|mBC|NEU|NEU|Core|BZS+,About|TXT|National|A:A|1|EX,USD,0,7,0.0,BZS,DTC,2024-05-27
|CN|DTCB|UB|mBC|NEU|NEU|Core|BZS+,About|TXT|National|A:A|1|PH,USD,7,122,46.47,BZS,DTC,2024-05-27
|CN|DTCB|UB|mBC|NEU|NEU|Core|BZS+,Causes|TXT|National|A:A|1|EX,USD,0,5,0.0,BZS,DTC,2024-05-27
|CN|DTCB|UB|mBC|NEU|NEU|Core|BZS+,Causes|TXT|National|A:A|1|PH,USD,1,25,8.63,BZS,DTC,2024-05-27
|CN|DTCB|UB|mBC|NEU|NEU|Core|BZS+,Diagnosis|TXT|National|A:A|1|EX,USD,7,86,45.9,BZS,DTC,2024-05-27
|CN|DTCB|UB|mBC|NEU|NEU|Core|BZS+,Information|TXT|National|A:A|1|PH,USD,0,17,0.0,BZS,DTC,2024-05-27
|CN|DTCB|UB|mBC|NEU|NEU|Core|BZS+,Medication|TXT|National|A:A|1|PH,USD,1,59,8.55,BZS,DTC,2024-05-27
|CN|DTCB|UB|mBC|NEU|NEU|Core|BZS+,Study|TXT|National|A:A|1|PH,USD,3,72,19.87,BZS,DTC,2024-05-27
|CN|DTCB|UB|mBC|NEU|NEU|Core|BZS+,Symptoms|TXT|National|A:A|1|EX,USD,0,5,0.0,BZS,DTC,2024-05-27
|CN|DTCB|UB|mBC|NEU|NEU|Core|BZS+,Symptoms|TXT|National|A:A|1|PH,USD,0,7,0.0,BZS,DTC,2024-05-27
|CN|DTCB|UB|mBC|NEU|NEU|Core|BZS+,What Is|TXT|National|A:A|1|EX,USD,3,32,16.04,BZS,DTC,2024-05-27
|CN|DTCB|UB|mBC|NEU|NEU|Core|BZS+,What Is|TXT|National|A:A|1|PH,USD,3,34,17.28,BZS,DTC,2024-05-27
|CN|DTCB|UB|mBC|NEU|NEU|Information|BZS Info,BZS Info|TXT|National|A:A|1|EX,USD,2,27,14.3,BZS,DTC,2024-05-27
|CN|DTCB|UB|mBC|NEU|NEU|Information|BZS Info,BZS Info|TXT|National|A:A|1|EX,USD,0,7,0.0,BZS,DTC,2024-05-27
|CN|DTCB|UB|mBC|NEU|NEU|Information|BZS Info,BZS Info|TXT|National|A:A|1|PH,USD,6,43,39.35,BZS,DTC,2024-05-27
|CN|DTCB|UB|mBC|NEU|NEU|Information|BZS Info,BZS Info|TXT|National|A:A|1|PH,USD,13,143,93.89,BZS,DTC,2024-05-27
|CN|DTCB|UB|mBC|NEU|NEU|Information|BZS Info,BZS Info|TXT|National|A:A|1|PH,USD,8,97,34.26,BZS,DTC,2024-05-27
|CN|DTCB|UB|mBC|NEU|NEU|Resources|BZS Resources,BZS Dosing|TXT|National|A:A|1|PH,USD,0,1,0.0,BZS,DTC,2024-05-27
|CN|DTCB|UB|mBC|NEU|NEU|Resources|BZS Resources,BZS Resources|TXT|National|A:A|1|EX,USD,0,1,0.0,BZS,DTC,2024-05-27
|CN|DTCB|UB|mBC|NEU|NEU|Resources|BZS Resources,BZS Resources|TXT|National|A:A|1|EX,USD,1,1,6.54,BZS,DTC,2024-05-27
|CN|DTCB|UB|mBC|NEU|NEU|Resources|BZS Resources,BZS Resources|TXT|National|A:A|1|PH,USD,2,20,9.19,BZS,DTC,2024-05-27
|CN|DTCB|UB|mBC|NEU|NEU|Resources|BZS Resources,BZS Resources|TXT|National|A:A|1|PH,USD,1,32,6.61,BZS,DTC,2024-05-27
|CN|DTCB|UB|mBC|NEU|NEU|Resources|BZS Resources,BZS Safety|TXT|National|A:A|1|PH,USD,0,3,0.0,BZS,DTC,2024-05-27
|CN|DTCB|UB|mBC|NEU|NEU|Resources|BZS Resources,BZS Safety|TXT|National|A:A|1|PH,USD,8,35,47.71,BZS,DTC,2024-05-27
|CN|DTCB|UB|mBC|NEU|NEU|Resources|BZS Resources,BZS Trial|TXT|National|A:A|1|EX,USD,0,1,0.0,BZS,DTC,2024-05-27
|CN|DTCB|UB|mBC|NEU|NEU|Resources|BZS Resources,BZS Trial|TXT|National|A:A|1|PH,USD,0,2,0.0,BZS,DTC,2024-05-27
|CN|DTCB|UB|mBC|NEU|NEU|Resources|BZS Resources,BZS Trial|TXT|National|A:A|1|PH,USD,12,66,67.47,BZS,DTC,2024-05-27
|CN|DTCB|UB|mBC|NEU|NEU|Resources|BZS Resources,BZS Understanding|TXT|National|A:A|1|EX,USD,1,8,4.95,BZS,DTC,2024-05-27
|CN|DTCB|UB|mBC|NEU|NEU|Resources|BZS Resources,BZS Understanding|TXT|National|A:A|1|PH,USD,1,26,4.32,BZS,DTC,2024-05-27
|CN|DTCB|UB|mBC|NEU|NEU|Resources|BZS Resources,BZS Understanding|TXT|National|A:A|1|PH,USD,0,3,0.0,BZS,DTC,2024-05-27
|CN|DTCB|UB|mBC|NEU|NEU|Treatment|BZS Treatment,BZS Treatment|TXT|National|A:A|1|EX,USD,0,0,0.0,BZS,DTC,2024-05-27
|CN|DTCB|UB|mBC|NEU|NEU|Treatment|BZS Treatment,BZS Treatment|TXT|National|A:A|1|EX,USD,0,5,0.0,BZS,DTC,2024-05-27
|CN|DTCB|UB|mBC|NEU|NEU|Treatment|BZS Treatment,BZS Treatment|TXT|National|A:A|1|PH,USD,6,84,37.64,BZS,DTC,2024-05-27
|CN|DTCB|UB|mBC|NEU|NEU|Treatment|BZS Treatment,BZS Treatment|TXT|National|A:A|1|PH,USD,5,70,28.43,BZS,DTC,2024-05-27
|CN|DTCB|UB|mBC|NEU|NEU|Treatment|Treatment,Management|TXT|National|A:A|1|EX,USD,5,41,32.47,BZS,DTC,2024-05-27
|CN|DTCB|UB|mBC|NEU|NEU|Treatment|Treatment,Management|TXT|National|A:A|1|PH,USD,2,73,13.75,BZS,DTC,2024-05-27
|CN|DTCB|UB|mBC|NEU|NEU|Treatment|Treatment,Side Effects|TXT|National|A:A|1|EX,USD,1,9,3.5300000000000002,BZS,DTC,2024-05-27
|CN|DTCB|UB|mBC|NEU|NEU|Treatment|Treatment,Side Effects|TXT|National|A:A|1|PH,USD,2,3,7.15,BZS,DTC,2024-05-27
|CN|DTCB|UB|mBC|NEU|NEU|Treatment|Treatment,Therapy|TXT|National|A:A|1|EX,USD,1,19,7.16,BZS,DTC,2024-05-27
|CN|DTCB|UB|mBC|NEU|NEU|Treatment|Treatment,Therapy|TXT|National|A:A|1|PH,USD,1,46,6.72,BZS,DTC,2024-05-27
|CN|DTCB|UB|mBC|NEU|NEU|Treatment|Treatment Priority,Treatment|TXT|National|A:A|1|EX,USD,1,3,9.8,BZS,DTC,2024-05-27
|CN|DTCB|UB|mBC|NEU|NEU|Treatment|Treatment Priority,Treatment|TXT|National|A:A|1|PH,USD,1,57,3.24,BZS,DTC,2024-05-27
|CN|DTCB|BR|mBC|NEU|NEU|Competitive|Competitor,Competitors|TXT|National|A:A|1|EX,USD,5,101,33.91,BZS,DTC,2024-05-28
|CN|DTCB|BR|mBC|NEU|NEU|Competitive|Competitor,Competitors|TXT|National|A:A|1|PH,USD,18,132,107.8,BZS,DTC,2024-05-28
|CN|DTCB|BR|mBC|NEU|NEU|Competitive|Competitor,Competitor|TXT|National|A:A|1|EX,USD,1,35,14.16,BZS,DTC,2024-05-28
|CN|DTCB|BR|mBC|NEU|NEU|Competitive|Competitor,Competitor|TXT|National|A:A|1|PH,USD,1,31,4.52,BZS,DTC,2024-05-28
|CN|DTCB|BR|mBC|NEU|NEU|Condition|BZS,BZS|TXT|National|A:A|1|EX,USD,5,29,32.96,BZS,DTC,2024-05-28
|CN|DTCB|BR|mBC|NEU|NEU|Condition|BZS,BZS|TXT|National|A:A|1|EX,USD,1,6,11.82,BZS,DTC,2024-05-28
|CN|DTCB|BR|mBC|NEU|NEU|Condition|BZS,BZS|TXT|National|A:A|1|PH,USD,27,320,312.78,BZS,DTC,2024-05-28
|CN|DTCB|BR|mBC|NEU|NEU|Condition|BZS,BZS|TXT|National|A:A|1|PH,USD,7,67,112.56,BZS,DTC,2024-05-28
|CN|DTCB|BR|mBC|NEU|NEU|Core|Alone,Alone|TXT|National|A:A|1|EX,USD,163,954,989.96,BZS,DTC,2024-05-28
|CN|DTCB|BR|mBC|NEU|NEU|Core|Alone,Alone|TXT|National|A:A|1|PH,USD,59,865,649.19,BZS,DTC,2024-05-28
|CN|DTCB|BR|mBC|NEU|NEU|Core|Branded,Alone|TXT|National|A:A|1|EX,USD,2,39,32.15,BZS,DTC,2024-05-28
|CN|DTCB|BR|mBC|NEU|NEU|Core|Branded,Alone|TXT|National|A:A|1|PH,USD,1,42,17.92,BZS,DTC,2024-05-28
|CN|DTCB|BR|mBC|NEU|NEU|Information|Info,Dosing|TXT|National|A:A|1|EX,USD,3,9,23.33,BZS,DTC,2024-05-28
|CN|DTCB|BR|mBC|NEU|NEU|Information|Info,Dosing|TXT|National|A:A|1|PH,USD,0,8,0.0,BZS,DTC,2024-05-28
|CN|DTCB|BR|mBC|NEU|NEU|Information|Info,Info|TXT|National|A:A|1|EX,USD,25,90,126.91,BZS,DTC,2024-05-28
|CN|DTCB|BR|mBC|NEU|NEU|Information|Info,Resources|TXT|National|A:A|1|EX,USD,3,32,20.97,BZS,DTC,2024-05-28
|CN|DTCB|BR|mBC|NEU|NEU|Information|Info,Resources|TXT|National|A:A|1|PH,USD,0,0,0.0,BZS,DTC,2024-05-28
|CN|DTCB|BR|mBC|NEU|NEU|Information|Info,Results|TXT|National|A:A|1|EX,USD,0,3,0.0,BZS,DTC,2024-05-28
|CN|DTCB|BR|mBC|NEU|NEU|Information|Info,Results|TXT|National|A:A|1|PH,USD,0,7,0.0,BZS,DTC,2024-05-28
|CN|DTCB|BR|mBC|NEU|NEU|Information|Info,Results|TXT|National|A:A|1|PH,USD,1,14,12.75,BZS,DTC,2024-05-28
|CN|DTCB|BR|mBC|NEU|NEU|Information|Info,Risk|TXT|National|A:A|1|EX,USD,4,44,34.13,BZS,DTC,2024-05-28
|CN|DTCB|BR|mBC|NEU|NEU|Information|Info,Risk|TXT|National|A:A|1|PH,USD,0,13,0.0,BZS,DTC,2024-05-28
|CN|DTCB|BR|mBC|NEU|NEU|Information|Info,Safety|TXT|National|A:A|1|EX,USD,25,123,191.73,BZS,DTC,2024-05-28
|CN|DTCB|BR|mBC|NEU|NEU|Information|Info,Safety|TXT|National|A:A|1|PH,USD,1,20,10.74,BZS,DTC,2024-05-28
|CN|DTCB|BR|mBC|NEU|NEU|Information|Info,Study|TXT|National|A:A|1|EX,USD,0,8,0.0,BZS,DTC,2024-05-28
|CN|DTCB|BR|mBC|NEU|NEU|Information|Info,Study|TXT|National|A:A|1|PH,USD,0,13,0.0,BZS,DTC,2024-05-28
|CN|DTCB|BR|mBC|NEU|NEU|Information|Info,Treatment|TXT|National|A:A|1|EX,USD,12,86,144.09,BZS,DTC,2024-05-28
|CN|DTCB|BR|mBC|NEU|NEU|Information|Info,Treatment|TXT|National|A:A|1|PH,USD,4,37,38.92,BZS,DTC,2024-05-28
|CN|DTCB|BR|mBC|NEU|NEU|Information|Info,Understanding|TXT|National|A:A|1|EX,USD,1,10,4.92,BZS,DTC,2024-05-28
|CN|DTCB|UB|mBC|NEU|NEU|Condition|BZS Condition,BZS General|TXT|National|A:A|1|EX,USD,0,1,0.0,BZS,DTC,2024-05-28
|CN|DTCB|UB|mBC|NEU|NEU|Condition|BZS Condition,BZS General|TXT|National|A:A|1|EX,USD,5,41,50.92,BZS,DTC,2024-05-28
|CN|DTCB|UB|mBC|NEU|NEU|Condition|BZS Condition,BZS General|TXT|National|A:A|1|PH,USD,0,3,0.0,BZS,DTC,2024-05-28
|CN|DTCB|UB|mBC|NEU|NEU|Condition|BZS Condition,BZS General|TXT|National|A:A|1|PH,USD,14,157,145.88,BZS,DTC,2024-05-28
|CN|DTCB|UB|mBC|NEU|NEU|Condition|BZS Condition,BZS general|TXT|National|A:A|1|EX,USD,2,30,10.09,BZS,DTC,2024-05-28
|CN|DTCB|UB|mBC|NEU|NEU|Condition|BZS Condition,BZS general|TXT|National|A:A|1|PH,USD,18,155,90.53,BZS,DTC,2024-05-28
|CN|DTCB|UB|mBC|NEU|NEU|Condition|BZS ITT Condition,BZS general|TXT|National|A:A|1|EX,USD,0,1,0.0,BZS,DTC,2024-05-28
|CN|DTCB|UB|mBC|NEU|NEU|Condition|BZS ITT Condition,BZS general|TXT|National|A:A|1|PH,USD,3,11,16.01,BZS,DTC,2024-05-28
|CN|DTCB|UB|mBC|NEU|NEU|Condition|Condition,Alone|TXT|National|A:A|1|EX,USD,5,85,34.15,BZS,DTC,2024-05-28
|CN|DTCB|UB|mBC|NEU|NEU|Condition|Condition,Alone|TXT|National|A:A|1|PH,USD,17,291,113.66,BZS,DTC,2024-05-28
|CN|DTCB|UB|mBC|NEU|NEU|Core|BZS,BZS|TXT|National|A:A|1|EX,USD,0,1,0.0,BZS,DTC,2024-05-28
|CN|DTCB|UB|mBC|NEU|NEU|Core|BZS,BZS|TXT|National|A:A|1|EX,USD,2,24,19.47,BZS,DTC,2024-05-28
|CN|DTCB|UB|mBC|NEU|NEU|Core|BZS,BZS|TXT|National|A:A|1|PH,USD,5,70,31.54,BZS,DTC,2024-05-28
|CN|DTCB|UB|mBC|NEU|NEU|Core|BZS,BZS|TXT|National|A:A|1|PH,USD,9,86,64.83,BZS,DTC,2024-05-28
|CN|DTCB|UB|mBC|NEU|NEU|Core|BZS+,About|TXT|National|A:A|1|EX,USD,1,5,5.99,BZS,DTC,2024-05-28
|CN|DTCB|UB|mBC|NEU|NEU|Core|BZS+,About|TXT|National|A:A|1|PH,USD,6,126,33.13,BZS,DTC,2024-05-28
|CN|DTCB|UB|mBC|NEU|NEU|Core|BZS+,Causes|TXT|National|A:A|1|EX,USD,0,4,0.0,BZS,DTC,2024-05-28
|CN|DTCB|UB|mBC|NEU|NEU|Core|BZS+,Causes|TXT|National|A:A|1|PH,USD,2,44,17.49,BZS,DTC,2024-05-28
|CN|DTCB|UB|mBC|NEU|NEU|Core|BZS+,Diagnosis|TXT|National|A:A|1|EX,USD,8,111,55.21,BZS,DTC,2024-05-28
|CN|DTCB|UB|mBC|NEU|NEU|Core|BZS+,Information|TXT|National|A:A|1|PH,USD,0,7,0.0,BZS,DTC,2024-05-28
|CN|DTCB|UB|mBC|NEU|NEU|Core|BZS+,Medication|TXT|National|A:A|1|PH,USD,3,65,23.68,BZS,DTC,2024-05-28
|CN|DTCB|UB|mBC|NEU|NEU|Core|BZS+,Study|TXT|National|A:A|1|EX,USD,0,2,0.0,BZS,DTC,2024-05-28
|CN|DTCB|UB|mBC|NEU|NEU|Core|BZS+,Study|TXT|National|A:A|1|PH,USD,1,51,5.29,BZS,DTC,2024-05-28
|CN|DTCB|UB|mBC|NEU|NEU|Core|BZS+,Symptoms|TXT|National|A:A|1|EX,USD,0,6,0.0,BZS,DTC,2024-05-28
|CN|DTCB|UB|mBC|NEU|NEU|Core|BZS+,Symptoms|TXT|National|A:A|1|PH,USD,0,3,0.0,BZS,DTC,2024-05-28
|CN|DTCB|UB|mBC|NEU|NEU|Core|BZS+,What Is|TXT|National|A:A|1|EX,USD,2,33,11.76,BZS,DTC,2024-05-28
|CN|DTCB|UB|mBC|NEU|NEU|Core|BZS+,What Is|TXT|National|A:A|1|PH,USD,0,13,0.0,BZS,DTC,2024-05-28
|CN|DTCB|UB|mBC|NEU|NEU|Information|BZS Info,BZS Info|TXT|National|A:A|1|EX,USD,2,23,18.29,BZS,DTC,2024-05-28
|CN|DTCB|UB|mBC|NEU|NEU|Information|BZS Info,BZS Info|TXT|National|A:A|1|EX,USD,0,14,0.0,BZS,DTC,2024-05-28
|CN|DTCB|UB|mBC|NEU|NEU|Information|BZS Info,BZS Info|TXT|National|A:A|1|PH,USD,8,100,33.66,BZS,DTC,2024-05-28
|CN|DTCB|UB|mBC|NEU|NEU|Information|BZS Info,BZS Info|TXT|National|A:A|1|PH,USD,4,82,26.38,BZS,DTC,2024-05-28
|CN|DTCB|UB|mBC|NEU|NEU|Information|BZS Info,BZS Info|TXT|National|A:A|1|PH,USD,12,69,80.66,BZS,DTC,2024-05-28
|CN|DTCB|UB|mBC|NEU|NEU|Resources|BZS Resources,BZS Resources|TXT|National|A:A|1|EX,USD,1,1,6.46,BZS,DTC,2024-05-28
|CN|DTCB|UB|mBC|NEU|NEU|Resources|BZS Resources,BZS Resources|TXT|National|A:A|1|PH,USD,2,23,8.28,BZS,DTC,2024-05-28
|CN|DTCB|UB|mBC|NEU|NEU|Resources|BZS Resources,BZS Resources|TXT|National|A:A|1|PH,USD,0,25,0.0,BZS,DTC,2024-05-28
|CN|DTCB|UB|mBC|NEU|NEU|Resources|BZS Resources,BZS Safety|TXT|National|A:A|1|PH,USD,1,3,2.43,BZS,DTC,2024-05-28
|CN|DTCB|UB|mBC|NEU|NEU|Resources|BZS Resources,BZS Safety|TXT|National|A:A|1|PH,USD,12,41,67.35,BZS,DTC,2024-05-28
|CN|DTCB|UB|mBC|NEU|NEU|Resources|BZS Resources,BZS Trial|TXT|National|A:A|1|EX,USD,0,2,0.0,BZS,DTC,2024-05-28
|CN|DTCB|UB|mBC|NEU|NEU|Resources|BZS Resources,BZS Trial|TXT|National|A:A|1|PH,USD,0,8,0.0,BZS,DTC,2024-05-28
|CN|DTCB|UB|mBC|NEU|NEU|Resources|BZS Resources,BZS Trial|TXT|National|A:A|1|PH,USD,6,55,32.69,BZS,DTC,2024-05-28
|CN|DTCB|UB|mBC|NEU|NEU|Resources|BZS Resources,BZS Understanding|TXT|National|A:A|1|EX,USD,2,19,9.73,BZS,DTC,2024-05-28
|CN|DTCB|UB|mBC|NEU|NEU|Resources|BZS Resources,BZS Understanding|TXT|National|A:A|1|PH,USD,1,18,5.13,BZS,DTC,2024-05-28
|CN|DTCB|UB|mBC|NEU|NEU|Treatment|BZS Treatment,BZS Treatment|TXT|National|A:A|1|EX,USD,0,0,0.0,BZS,DTC,2024-05-28
|CN|DTCB|UB|mBC|NEU|NEU|Treatment|BZS Treatment,BZS Treatment|TXT|National|A:A|1|EX,USD,0,2,0.0,BZS,DTC,2024-05-28
|CN|DTCB|UB|mBC|NEU|NEU|Treatment|BZS Treatment,BZS Treatment|TXT|National|A:A|1|PH,USD,0,4,0.0,BZS,DTC,2024-05-28
|CN|DTCB|UB|mBC|NEU|NEU|Treatment|BZS Treatment,BZS Treatment|TXT|National|A:A|1|PH,USD,4,36,24.43,BZS,DTC,2024-05-28
|CN|DTCB|UB|mBC|NEU|NEU|Treatment|BZS Treatment,BZS Treatment|TXT|National|A:A|1|PH,USD,6,52,29.92,BZS,DTC,2024-05-28
|CN|DTCB|UB|mBC|NEU|NEU|Treatment|Treatment,Management|TXT|National|A:A|1|EX,USD,3,53,21.14,BZS,DTC,2024-05-28
|CN|DTCB|UB|mBC|NEU|NEU|Treatment|Treatment,Management|TXT|National|A:A|1|PH,USD,3,64,17.66,BZS,DTC,2024-05-28
|CN|DTCB|UB|mBC|NEU|NEU|Treatment|Treatment,Side Effects|TXT|National|A:A|1|EX,USD,1,7,3.68,BZS,DTC,2024-05-28
|CN|DTCB|UB|mBC|NEU|NEU|Treatment|Treatment,Side Effects|TXT|National|A:A|1|PH,USD,2,4,6.5600000000000005,BZS,DTC,2024-05-28
|CN|DTCB|UB|mBC|NEU|NEU|Treatment|Treatment,Therapy|TXT|National|A:A|1|EX,USD,1,22,6.19,BZS,DTC,2024-05-28
|CN|DTCB|UB|mBC|NEU|NEU|Treatment|Treatment,Therapy|TXT|National|A:A|1|PH,USD,4,51,24.55,BZS,DTC,2024-05-28
|CN|DTCB|UB|mBC|NEU|NEU|Treatment|Treatment Priority,Treatment|TXT|National|A:A|1|EX,USD,0,2,0.0,BZS,DTC,2024-05-28
|CN|DTCB|UB|mBC|NEU|NEU|Treatment|Treatment Priority,Treatment|TXT|National|A:A|1|PH,USD,2,68,11.68,BZS,DTC,2024-05-28
|CN|DTCB|BR|mBC|NEU|NEU|Competitive|Competitor,Competitors|TXT|National|A:A|1|EX,USD,7,142,39.09,BZS,DTC,2024-05-29
|CN|DTCB|BR|mBC|NEU|NEU|Competitive|Competitor,Competitors|TXT|National|A:A|1|PH,USD,16,208,93.37,BZS,DTC,2024-05-29
|CN|DTCB|BR|mBC|NEU|NEU|Competitive|Competitor,Competitor|TXT|National|A:A|1|EX,USD,0,9,0.0,BZS,DTC,2024-05-29
|CN|DTCB|BR|mBC|NEU|NEU|Competitive|Competitor,Competitor|TXT|National|A:A|1|PH,USD,2,14,21.1,BZS,DTC,2024-05-29
|CN|DTCB|BR|mBC|NEU|NEU|Condition|BZS,BZS|TXT|National|A:A|1|EX,USD,1,13,6.51,BZS,DTC,2024-05-29
|CN|DTCB|BR|mBC|NEU|NEU|Condition|BZS,BZS|TXT|National|A:A|1|EX,USD,1,5,11.92,BZS,DTC,2024-05-29
|CN|DTCB|BR|mBC|NEU|NEU|Condition|BZS,BZS|TXT|National|A:A|1|PH,USD,27,246,321.69,BZS,DTC,2024-05-29
|CN|DTCB|BR|mBC|NEU|NEU|Condition|BZS,BZS|TXT|National|A:A|1|PH,USD,3,59,50.48,BZS,DTC,2024-05-29
|CN|DTCB|BR|mBC|NEU|NEU|Core|Alone,Alone|TXT|National|A:A|1|EX,USD,135,788,823.89,BZS,DTC,2024-05-29
|CN|DTCB|BR|mBC|NEU|NEU|Core|Alone,Alone|TXT|National|A:A|1|PH,USD,53,816,579.4,BZS,DTC,2024-05-29
|CN|DTCB|BR|mBC|NEU|NEU|Core|Branded,Alone|TXT|National|A:A|1|EX,USD,2,30,20.31,BZS,DTC,2024-05-29
|CN|DTCB|BR|mBC|NEU|NEU|Core|Branded,Alone|TXT|National|A:A|1|PH,USD,1,35,17.78,BZS,DTC,2024-05-29
|CN|DTCB|BR|mBC|NEU|NEU|Information|Info,Dosing|TXT|National|A:A|1|EX,USD,5,16,35.8,BZS,DTC,2024-05-29
|CN|DTCB|BR|mBC|NEU|NEU|Information|Info,Dosing|TXT|National|A:A|1|PH,USD,1,7,7.93,BZS,DTC,2024-05-29
|CN|DTCB|BR|mBC|NEU|NEU|Information|Info,Info|TXT|National|A:A|1|EX,USD,22,104,133.29,BZS,DTC,2024-05-29
|CN|DTCB|BR|mBC|NEU|NEU|Information|Info,Info|TXT|National|A:A|1|PH,USD,0,3,0.0,BZS,DTC,2024-05-29
|CN|DTCB|BR|mBC|NEU|NEU|Information|Info,Resources|TXT|National|A:A|1|EX,USD,1,14,7.49,BZS,DTC,2024-05-29
|CN|DTCB|BR|mBC|NEU|NEU|Information|Info,Results|TXT|National|A:A|1|EX,USD,0,7,0.0,BZS,DTC,2024-05-29
|CN|DTCB|BR|mBC|NEU|NEU|Information|Info,Results|TXT|National|A:A|1|PH,USD,0,9,0.0,BZS,DTC,2024-05-29
|CN|DTCB|BR|mBC|NEU|NEU|Information|Info,Results|TXT|National|A:A|1|PH,USD,0,13,0.0,BZS,DTC,2024-05-29
|CN|DTCB|BR|mBC|NEU|NEU|Information|Info,Risk|TXT|National|A:A|1|EX,USD,7,41,50.53,BZS,DTC,2024-05-29
|CN|DTCB|BR|mBC|NEU|NEU|Information|Info,Risk|TXT|National|A:A|1|PH,USD,1,6,6.74,BZS,DTC,2024-05-29
|CN|DTCB|BR|mBC|NEU|NEU|Information|Info,Safety|TXT|National|A:A|1|EX,USD,17,95,115.08,BZS,DTC,2024-05-29
|CN|DTCB|BR|mBC|NEU|NEU|Information|Info,Safety|TXT|National|A:A|1|PH,USD,0,8,0.0,BZS,DTC,2024-05-29
|CN|DTCB|BR|mBC|NEU|NEU|Information|Info,Study|TXT|National|A:A|1|EX,USD,1,6,10.96,BZS,DTC,2024-05-29
|CN|DTCB|BR|mBC|NEU|NEU|Information|Info,Study|TXT|National|A:A|1|PH,USD,1,11,10.91,BZS,DTC,2024-05-29
|CN|DTCB|BR|mBC|NEU|NEU|Information|Info,Treatment|TXT|National|A:A|1|EX,USD,21,94,247.55,BZS,DTC,2024-05-29
|CN|DTCB|BR|mBC|NEU|NEU|Information|Info,Treatment|TXT|National|A:A|1|PH,USD,4,25,44.24,BZS,DTC,2024-05-29
|CN|DTCB|BR|mBC|NEU|NEU|Information|Info,Understanding|TXT|National|A:A|1|EX,USD,2,9,10.26,BZS,DTC,2024-05-29
|CN|DTCB|UB|mBC|NEU|NEU|Condition|BZS Condition,BZS General|TXT|National|A:A|1|EX,USD,0,3,0.0,BZS,DTC,2024-05-29
|CN|DTCB|UB|mBC|NEU|NEU|Condition|BZS Condition,BZS General|TXT|National|A:A|1|EX,USD,2,18,20.57,BZS,DTC,2024-05-29
|CN|DTCB|UB|mBC|NEU|NEU|Condition|BZS Condition,BZS General|TXT|National|A:A|1|PH,USD,1,15,6.79,BZS,DTC,2024-05-29
|CN|DTCB|UB|mBC|NEU|NEU|Condition|BZS Condition,BZS General|TXT|National|A:A|1|PH,USD,13,93,136.78,BZS,DTC,2024-05-29
|CN|DTCB|UB|mBC|NEU|NEU|Condition|BZS Condition,BZS general|TXT|National|A:A|1|EX,USD,0,28,0.0,BZS,DTC,2024-05-29
|CN|DTCB|UB|mBC|NEU|NEU|Condition|BZS Condition,BZS general|TXT|National|A:A|1|PH,USD,17,123,87.07,BZS,DTC,2024-05-29
|CN|DTCB|UB|mBC|NEU|NEU|Condition|BZS ITT Condition,BZS general|TXT|National|A:A|1|PH,USD,1,1,4.37,BZS,DTC,2024-05-29
|CN|DTCB|UB|mBC|NEU|NEU|Condition|Condition,Alone|TXT|National|A:A|1|EX,USD,4,146,27.6,BZS,DTC,2024-05-29
|CN|DTCB|UB|mBC|NEU|NEU|Condition|Condition,Alone|TXT|National|A:A|1|PH,USD,16,457,102.97,BZS,DTC,2024-05-29
|CN|DTCB|UB|mBC|NEU|NEU|Core|BZS,BZS|TXT|National|A:A|1|EX,USD,0,1,0.0,BZS,DTC,2024-05-29
|CN|DTCB|UB|mBC|NEU|NEU|Core|BZS,BZS|TXT|National|A:A|1|EX,USD,2,6,24.55,BZS,DTC,2024-05-29
|CN|DTCB|UB|mBC|NEU|NEU|Core|BZS,BZS|TXT|National|A:A|1|PH,USD,6,68,38.16,BZS,DTC,2024-05-29
|CN|DTCB|UB|mBC|NEU|NEU|Core|BZS,BZS|TXT|National|A:A|1|PH,USD,2,46,13.58,BZS,DTC,2024-05-29
|CN|DTCB|UB|mBC|NEU|NEU|Core|BZS+,About|TXT|National|A:A|1|EX,USD,1,12,4.71,BZS,DTC,2024-05-29
|CN|DTCB|UB|mBC|NEU|NEU|Core|BZS+,About|TXT|National|A:A|1|PH,USD,3,90,21.63,BZS,DTC,2024-05-29
|CN|DTCB|UB|mBC|NEU|NEU|Core|BZS+,Causes|TXT|National|A:A|1|EX,USD,1,6,7.42,BZS,DTC,2024-05-29
|CN|DTCB|UB|mBC|NEU|NEU|Core|BZS+,Causes|TXT|National|A:A|1|PH,USD,0,19,0.0,BZS,DTC,2024-05-29
|CN|DTCB|UB|mBC|NEU|NEU|Core|BZS+,Diagnosis|TXT|National|A:A|1|EX,USD,3,65,21.14,BZS,DTC,2024-05-29
|CN|DTCB|UB|mBC|NEU|NEU|Core|BZS+,Information|TXT|National|A:A|1|PH,USD,0,4,0.0,BZS,DTC,2024-05-29
|CN|DTCB|UB|mBC|NEU|NEU|Core|BZS+,Medication|TXT|National|A:A|1|PH,USD,6,44,42.96,BZS,DTC,2024-05-29
|CN|DTCB|UB|mBC|NEU|NEU|Core|BZS+,Study|TXT|National|A:A|1|PH,USD,1,61,5.46,BZS,DTC,2024-05-29
|CN|DTCB|UB|mBC|NEU|NEU|Core|BZS+,Symptoms|TXT|National|A:A|1|EX,USD,1,2,7.68,BZS,DTC,2024-05-29
|CN|DTCB|UB|mBC|NEU|NEU|Core|BZS+,Symptoms|TXT|National|A:A|1|PH,USD,2,12,12.33,BZS,DTC,2024-05-29
|CN|DTCB|UB|mBC|NEU|NEU|Core|BZS+,What Is|TXT|National|A:A|1|EX,USD,2,22,9.87,BZS,DTC,2024-05-29
|CN|DTCB|UB|mBC|NEU|NEU|Core|BZS+,What Is|TXT|National|A:A|1|PH,USD,1,14,7.53,BZS,DTC,2024-05-29
|CN|DTCB|UB|mBC|NEU|NEU|Information|BZS Info,BZS Info|TXT|National|A:A|1|EX,USD,2,21,12.14,BZS,DTC,2024-05-29
|CN|DTCB|UB|mBC|NEU|NEU|Information|BZS Info,BZS Info|TXT|National|A:A|1|EX,USD,0,8,0.0,BZS,DTC,2024-05-29
|CN|DTCB|UB|mBC|NEU|NEU|Information|BZS Info,BZS Info|TXT|National|A:A|1|PH,USD,12,81,85.12,BZS,DTC,2024-05-29
|CN|DTCB|UB|mBC|NEU|NEU|Information|BZS Info,BZS Info|TXT|National|A:A|1|PH,USD,6,50,39.31,BZS,DTC,2024-05-29
|CN|DTCB|UB|mBC|NEU|NEU|Information|BZS Info,BZS Info|TXT|National|A:A|1|PH,USD,6,52,26.29,BZS,DTC,2024-05-29
|CN|DTCB|UB|mBC|NEU|NEU|Resources|BZS Resources,BZS Resources|TXT|National|A:A|1|EX,USD,0,1,0.0,BZS,DTC,2024-05-29
|CN|DTCB|UB|mBC|NEU|NEU|Resources|BZS Resources,BZS Resources|TXT|National|A:A|1|PH,USD,1,1,2.98,BZS,DTC,2024-05-29
|CN|DTCB|UB|mBC|NEU|NEU|Resources|BZS Resources,BZS Resources|TXT|National|A:A|1|PH,USD,0,22,0.0,BZS,DTC,2024-05-29
|CN|DTCB|UB|mBC|NEU|NEU|Resources|BZS Resources,BZS Safety|TXT|National|A:A|1|PH,USD,1,32,5.54,BZS,DTC,2024-05-29
|CN|DTCB|UB|mBC|NEU|NEU|Resources|BZS Resources,BZS Trial|TXT|National|A:A|1|PH,USD,0,1,0.0,BZS,DTC,2024-05-29
|CN|DTCB|UB|mBC|NEU|NEU|Resources|BZS Resources,BZS Trial|TXT|National|A:A|1|PH,USD,8,49,50.28,BZS,DTC,2024-05-29
|CN|DTCB|UB|mBC|NEU|NEU|Resources|BZS Resources,BZS Understanding|TXT|National|A:A|1|EX,USD,2,19,9.57,BZS,DTC,2024-05-29
|CN|DTCB|UB|mBC|NEU|NEU|Resources|BZS Resources,BZS Understanding|TXT|National|A:A|1|PH,USD,1,26,5.12,BZS,DTC,2024-05-29
|CN|DTCB|UB|mBC|NEU|NEU|Treatment|BZS Treatment,BZS Treatment|TXT|National|A:A|1|EX,USD,0,4,0.0,BZS,DTC,2024-05-29
|CN|DTCB|UB|mBC|NEU|NEU|Treatment|BZS Treatment,BZS Treatment|TXT|National|A:A|1|EX,USD,0,0,0.0,BZS,DTC,2024-05-29
|CN|DTCB|UB|mBC|NEU|NEU|Treatment|BZS Treatment,BZS Treatment|TXT|National|A:A|1|PH,USD,4,30,20.78,BZS,DTC,2024-05-29
|CN|DTCB|UB|mBC|NEU|NEU|Treatment|BZS Treatment,BZS Treatment|TXT|National|A:A|1|PH,USD,0,5,0.0,BZS,DTC,2024-05-29
|CN|DTCB|UB|mBC|NEU|NEU|Treatment|BZS Treatment,BZS Treatment|TXT|National|A:A|1|PH,USD,3,36,18.57,BZS,DTC,2024-05-29
|CN|DTCB|UB|mBC|NEU|NEU|Treatment|Treatment,Management|TXT|National|A:A|1|EX,USD,0,14,0.0,BZS,DTC,2024-05-29
|CN|DTCB|UB|mBC|NEU|NEU|Treatment|Treatment,Management|TXT|National|A:A|1|PH,USD,3,23,18.35,BZS,DTC,2024-05-29
|CN|DTCB|UB|mBC|NEU|NEU|Treatment|Treatment,Side Effects|TXT|National|A:A|1|EX,USD,2,5,7.85,BZS,DTC,2024-05-29
|CN|DTCB|UB|mBC|NEU|NEU|Treatment|Treatment,Therapy|TXT|National|A:A|1|EX,USD,2,11,14.5,BZS,DTC,2024-05-29
|CN|DTCB|UB|mBC|NEU|NEU|Treatment|Treatment,Therapy|TXT|National|A:A|1|PH,USD,0,13,0.0,BZS,DTC,2024-05-29
|CN|DTCB|UB|mBC|NEU|NEU|Treatment|Treatment Priority,Treatment|TXT|National|A:A|1|EX,USD,0,5,0.0,BZS,DTC,2024-05-29
|CN|DTCB|UB|mBC|NEU|NEU|Treatment|Treatment Priority,Treatment|TXT|National|A:A|1|PH,USD,2,79,7.38,BZS,DTC,2024-05-29
|CN|DTCB|BR|mBC|NEU|NEU|Competitive|Competitor,Competitors|TXT|National|A:A|1|EX,USD,8,173,45.55,BZS,DTC,2024-06-01
|CN|DTCB|BR|mBC|NEU|NEU|Competitive|Competitor,Competitors|TXT|National|A:A|1|PH,USD,18,190,111.07,BZS,DTC,2024-06-01
|CN|DTCB|BR|mBC|NEU|NEU|Competitive|Competitor,Competitor|TXT|National|A:A|1|EX,USD,2,61,15.96,BZS,DTC,2024-06-01
|CN|DTCB|BR|mBC|NEU|NEU|Competitive|Competitor,Competitor|TXT|National|A:A|1|PH,USD,1,42,9.78,BZS,DTC,2024-06-01
|CN|DTCB|BR|mBC|NEU|NEU|Condition|BZS,BZS|TXT|National|A:A|1|EX,USD,2,7,13.21,BZS,DTC,2024-06-01
|CN|DTCB|BR|mBC|NEU|NEU|Condition|BZS,BZS|TXT|National|A:A|1|PH,USD,19,220,205.04,BZS,DTC,2024-06-01
|CN|DTCB|BR|mBC|NEU|NEU|Condition|BZS,BZS|TXT|National|A:A|1|PH,USD,3,51,42.72,BZS,DTC,2024-06-01
|CN|DTCB|BR|mBC|NEU|NEU|Core|Alone,Alone|TXT|National|A:A|1|EX,USD,114,594,707.52,BZS,DTC,2024-06-01
|CN|DTCB|BR|mBC|NEU|NEU|Core|Alone,Alone|TXT|National|A:A|1|PH,USD,45,645,500.64,BZS,DTC,2024-06-01
|CN|DTCB|BR|mBC|NEU|NEU|Core|Branded,Alone|TXT|National|A:A|1|EX,USD,1,28,11.88,BZS,DTC,2024-06-01
|CN|DTCB|BR|mBC|NEU|NEU|Core|Branded,Alone|TXT|National|A:A|1|PH,USD,1,19,13.8,BZS,DTC,2024-06-01
|CN|DTCB|BR|mBC|NEU|NEU|Information|Info,Dosing|TXT|National|A:A|1|EX,USD,0,5,0.0,BZS,DTC,2024-06-01
|CN|DTCB|BR|mBC|NEU|NEU|Information|Info,Info|TXT|National|A:A|1|EX,USD,19,61,101.26,BZS,DTC,2024-06-01
|CN|DTCB|BR|mBC|NEU|NEU|Information|Info,Info|TXT|National|A:A|1|PH,USD,0,1,0.0,BZS,DTC,2024-06-01
|CN|DTCB|BR|mBC|NEU|NEU|Information|Info,Resources|TXT|National|A:A|1|EX,USD,0,13,0.0,BZS,DTC,2024-06-01
|CN|DTCB|BR|mBC|NEU|NEU|Information|Info,Results|TXT|National|A:A|1|EX,USD,0,5,0.0,BZS,DTC,2024-06-01
|CN|DTCB|BR|mBC|NEU|NEU|Information|Info,Results|TXT|National|A:A|1|PH,USD,0,9,0.0,BZS,DTC,2024-06-01
|CN|DTCB|BR|mBC|NEU|NEU|Information|Info,Results|TXT|National|A:A|1|PH,USD,0,13,0.0,BZS,DTC,2024-06-01
|CN|DTCB|BR|mBC|NEU|NEU|Information|Info,Risk|TXT|National|A:A|1|EX,USD,2,43,13.48,BZS,DTC,2024-06-01
|CN|DTCB|BR|mBC|NEU|NEU|Information|Info,Risk|TXT|National|A:A|1|PH,USD,0,7,0.0,BZS,DTC,2024-06-01
|CN|DTCB|BR|mBC|NEU|NEU|Information|Info,Safety|TXT|National|A:A|1|EX,USD,13,72,99.87,BZS,DTC,2024-06-01
|CN|DTCB|BR|mBC|NEU|NEU|Information|Info,Safety|TXT|National|A:A|1|PH,USD,0,2,0.0,BZS,DTC,2024-06-01
|CN|DTCB|BR|mBC|NEU|NEU|Information|Info,Study|TXT|National|A:A|1|EX,USD,3,6,28.05,BZS,DTC,2024-06-01
|CN|DTCB|BR|mBC|NEU|NEU|Information|Info,Study|TXT|National|A:A|1|PH,USD,0,8,0.0,BZS,DTC,2024-06-01
|CN|DTCB|BR|mBC|NEU|NEU|Information|Info,Treatment|TXT|National|A:A|1|EX,USD,12,60,156.85,BZS,DTC,2024-06-01
|CN|DTCB|BR|mBC|NEU|NEU|Information|Info,Treatment|TXT|National|A:A|1|PH,USD,1,21,11.12,BZS,DTC,2024-06-01
|CN|DTCB|BR|mBC|NEU|NEU|Information|Info,Understanding|TXT|National|A:A|1|EX,USD,1,22,9.08,BZS,DTC,2024-06-01
|CN|DTCB|UB|mBC|NEU|NEU|Condition|BZS Condition,BZS General|TXT|National|A:A|1|EX,USD,0,1,0.0,BZS,DTC,2024-06-01
|CN|DTCB|UB|mBC|NEU|NEU|Condition|BZS Condition,BZS General|TXT|National|A:A|1|EX,USD,3,44,32.24,BZS,DTC,2024-06-01
|CN|DTCB|UB|mBC|NEU|NEU|Condition|BZS Condition,BZS General|TXT|National|A:A|1|PH,USD,1,4,6.57,BZS,DTC,2024-06-01
|CN|DTCB|UB|mBC|NEU|NEU|Condition|BZS Condition,BZS General|TXT|National|A:A|1|PH,USD,17,171,184.65,BZS,DTC,2024-06-01
|CN|DTCB|UB|mBC|NEU|NEU|Condition|BZS Condition,BZS general|TXT|National|A:A|1|EX,USD,7,38,28.69,BZS,DTC,2024-06-01
|CN|DTCB|UB|mBC|NEU|NEU|Condition|BZS Condition,BZS general|TXT|National|A:A|1|PH,USD,19,152,91.11,BZS,DTC,2024-06-01
|CN|DTCB|UB|mBC|NEU|NEU|Condition|BZS ITT Condition,BZS general|TXT|National|A:A|1|EX,USD,0,0,0.0,BZS,DTC,2024-06-01
|CN|DTCB|UB|mBC|NEU|NEU|Condition|BZS ITT Condition,BZS general|TXT|National|A:A|1|PH,USD,2,11,15.69,BZS,DTC,2024-06-01
|CN|DTCB|UB|mBC|NEU|NEU|Condition|Condition,Alone|TXT|National|A:A|1|EX,USD,6,190,41.4,BZS,DTC,2024-06-01
|CN|DTCB|UB|mBC|NEU|NEU|Condition|Condition,Alone|TXT|National|A:A|1|PH,USD,20,532,136.8,BZS,DTC,2024-06-01
|CN|DTCB|UB|mBC|NEU|NEU|Core|BZS,BZS|TXT|National|A:A|1|EX,USD,2,4,9.57,BZS,DTC,2024-06-01
|CN|DTCB|UB|mBC|NEU|NEU|Core|BZS,BZS|TXT|National|A:A|1|EX,USD,1,15,6.97,BZS,DTC,2024-06-01
|CN|DTCB|UB|mBC|NEU|NEU|Core|BZS,BZS|TXT|National|A:A|1|PH,USD,3,73,15.79,BZS,DTC,2024-06-01
|CN|DTCB|UB|mBC|NEU|NEU|Core|BZS,BZS|TXT|National|A:A|1|PH,USD,5,37,39.86,BZS,DTC,2024-06-01
|CN|DTCB|UB|mBC|NEU|NEU|Core|BZS+,About|TXT|National|A:A|1|EX,USD,0,11,0.0,BZS,DTC,2024-06-01
|CN|DTCB|UB|mBC|NEU|NEU|Core|BZS+,About|TXT|National|A:A|1|PH,USD,2,95,10.5,BZS,DTC,2024-06-01
|CN|DTCB|UB|mBC|NEU|NEU|Core|BZS+,Causes|TXT|National|A:A|1|EX,USD,0,1,0.0,BZS,DTC,2024-06-01
|CN|DTCB|UB|mBC|NEU|NEU|Core|BZS+,Causes|TXT|National|A:A|1|PH,USD,5,34,48.83,BZS,DTC,2024-06-01
|CN|DTCB|UB|mBC|NEU|NEU|Core|BZS+,Diagnosis|TXT|National|A:A|1|EX,USD,8,80,51.44,BZS,DTC,2024-06-01
|CN|DTCB|UB|mBC|NEU|NEU|Core|BZS+,Information|TXT|National|A:A|1|PH,USD,1,5,6.64,BZS,DTC,2024-06-01
|CN|DTCB|UB|mBC|NEU|NEU|Core|BZS+,Medication|TXT|National|A:A|1|PH,USD,2,56,15.89,BZS,DTC,2024-06-01
|CN|DTCB|UB|mBC|NEU|NEU|Core|BZS+,Study|TXT|National|A:A|1|EX,USD,0,0,0.0,BZS,DTC,2024-06-01
|CN|DTCB|UB|mBC|NEU|NEU|Core|BZS+,Study|TXT|National|A:A|1|PH,USD,3,46,20.18,BZS,DTC,2024-06-01
|CN|DTCB|UB|mBC|NEU|NEU|Core|BZS+,Symptoms|TXT|National|A:A|1|EX,USD,0,2,0.0,BZS,DTC,2024-06-01
|CN|DTCB|UB|mBC|NEU|NEU|Core|BZS+,Symptoms|TXT|National|A:A|1|PH,USD,1,7,8.52,BZS,DTC,2024-06-01
|CN|DTCB|UB|mBC|NEU|NEU|Core|BZS+,What Is|TXT|National|A:A|1|EX,USD,1,15,6.06,BZS,DTC,2024-06-01
|CN|DTCB|UB|mBC|NEU|NEU|Core|BZS+,What Is|TXT|National|A:A|1|PH,USD,3,26,14.46,BZS,DTC,2024-06-01
|CN|DTCB|UB|mBC|NEU|NEU|Information|BZS Info,BZS Info|TXT|National|A:A|1|EX,USD,2,21,15.59,BZS,DTC,2024-06-01
|CN|DTCB|UB|mBC|NEU|NEU|Information|BZS Info,BZS Info|TXT|National|A:A|1|EX,USD,1,9,4.27,BZS,DTC,2024-06-01
|CN|DTCB|UB|mBC|NEU|NEU|Information|BZS Info,BZS Info|TXT|National|A:A|1|PH,USD,3,57,20.08,BZS,DTC,2024-06-01
|CN|DTCB|UB|mBC|NEU|NEU|Information|BZS Info,BZS Info|TXT|National|A:A|1|PH,USD,16,113,116.49,BZS,DTC,2024-06-01
|CN|DTCB|UB|mBC|NEU|NEU|Information|BZS Info,BZS Info|TXT|National|A:A|1|PH,USD,7,71,32.83,BZS,DTC,2024-06-01
|CN|DTCB|UB|mBC|NEU|NEU|Resources|BZS Resources,BZS Dosing|TXT|National|A:A|1|PH,USD,0,2,0.0,BZS,DTC,2024-06-01
|CN|DTCB|UB|mBC|NEU|NEU|Resources|BZS Resources,BZS Resources|TXT|National|A:A|1|PH,USD,1,24,5.79,BZS,DTC,2024-06-01
|CN|DTCB|UB|mBC|NEU|NEU|Resources|BZS Resources,BZS Resources|TXT|National|A:A|1|PH,USD,1,10,6.79,BZS,DTC,2024-06-01
|CN|DTCB|UB|mBC|NEU|NEU|Resources|BZS Resources,BZS Safety|TXT|National|A:A|1|PH,USD,7,42,40.61,BZS,DTC,2024-06-01
|CN|DTCB|UB|mBC|NEU|NEU|Resources|BZS Resources,BZS Safety|TXT|National|A:A|1|PH,USD,1,4,5.02,BZS,DTC,2024-06-01
|CN|DTCB|UB|mBC|NEU|NEU|Resources|BZS Resources,BZS Trial|TXT|National|A:A|1|EX,USD,0,1,0.0,BZS,DTC,2024-06-01
|CN|DTCB|UB|mBC|NEU|NEU|Resources|BZS Resources,BZS Trial|TXT|National|A:A|1|PH,USD,0,2,0.0,BZS,DTC,2024-06-01
|CN|DTCB|UB|mBC|NEU|NEU|Resources|BZS Resources,BZS Trial|TXT|National|A:A|1|PH,USD,10,68,60.54,BZS,DTC,2024-06-01
|CN|DTCB|UB|mBC|NEU|NEU|Resources|BZS Resources,BZS Trial|TXT|National|A:A|1|PH,USD,0,1,0.0,BZS,DTC,2024-06-01
|CN|DTCB|UB|mBC|NEU|NEU|Resources|BZS Resources,BZS Understanding|TXT|National|A:A|1|EX,USD,5,38,23.42,BZS,DTC,2024-06-01
|CN|DTCB|UB|mBC|NEU|NEU|Resources|BZS Resources,BZS Understanding|TXT|National|A:A|1|PH,USD,0,0,0.0,BZS,DTC,2024-06-01
|CN|DTCB|UB|mBC|NEU|NEU|Resources|BZS Resources,BZS Understanding|TXT|National|A:A|1|PH,USD,2,22,8.51,BZS,DTC,2024-06-01
|CN|DTCB|UB|mBC|NEU|NEU|Treatment|BZS Treatment,BZS Treatment|TXT|National|A:A|1|EX,USD,1,9,6.52,BZS,DTC,2024-06-01
|CN|DTCB|UB|mBC|NEU|NEU|Treatment|BZS Treatment,BZS Treatment|TXT|National|A:A|1|EX,USD,0,3,0.0,BZS,DTC,2024-06-01
|CN|DTCB|UB|mBC|NEU|NEU|Treatment|BZS Treatment,BZS Treatment|TXT|National|A:A|1|PH,USD,5,88,31.99,BZS,DTC,2024-06-01
|CN|DTCB|UB|mBC|NEU|NEU|Treatment|BZS Treatment,BZS Treatment|TXT|National|A:A|1|PH,USD,8,75,42.05,BZS,DTC,2024-06-01
|CN|DTCB|UB|mBC|NEU|NEU|Treatment|Treatment,Management|TXT|National|A:A|1|EX,USD,5,34,37.29,BZS,DTC,2024-06-01
|CN|DTCB|UB|mBC|NEU|NEU|Treatment|Treatment,Management|TXT|National|A:A|1|PH,USD,2,36,12.95,BZS,DTC,2024-06-01
|CN|DTCB|UB|mBC|NEU|NEU|Treatment|Treatment,Side Effects|TXT|National|A:A|1|EX,USD,0,5,0.0,BZS,DTC,2024-06-01
|CN|DTCB|UB|mBC|NEU|NEU|Treatment|Treatment,Therapy|TXT|National|A:A|1|EX,USD,1,18,7.31,BZS,DTC,2024-06-01
|CN|DTCB|UB|mBC|NEU|NEU|Treatment|Treatment,Therapy|TXT|National|A:A|1|PH,USD,1,28,5.8,BZS,DTC,2024-06-01
|CN|DTCB|UB|mBC|NEU|NEU|Treatment|Treatment Priority,Treatment|TXT|National|A:A|1|EX,USD,0,1,0.0,BZS,DTC,2024-06-01
|CN|DTCB|UB|mBC|NEU|NEU|Treatment|Treatment Priority,Treatment|TXT|National|A:A|1|PH,USD,2,28,16.93,BZS,DTC,2024-06-01
|CN|DTCB|BR|mBC|NEU|NEU|Competitive|Competitor,Competitors|TXT|National|A:A|1|EX,USD,8,103,52.5,BZS,DTC,2024-06-02
|CN|DTCB|BR|mBC|NEU|NEU|Competitive|Competitor,Competitors|TXT|National|A:A|1|PH,USD,18,146,108.15,BZS,DTC,2024-06-02
|CN|DTCB|BR|mBC|NEU|NEU|Competitive|Competitor,Competitor|TXT|National|A:A|1|EX,USD,1,21,11.5,BZS,DTC,2024-06-02
|CN|DTCB|BR|mBC|NEU|NEU|Competitive|Competitor,Competitor|TXT|National|A:A|1|PH,USD,1,25,13.29,BZS,DTC,2024-06-02
|CN|DTCB|BR|mBC|NEU|NEU|Condition|BZS,BZS|TXT|National|A:A|1|EX,USD,0,3,0.0,BZS,DTC,2024-06-02
|CN|DTCB|BR|mBC|NEU|NEU|Condition|BZS,BZS|TXT|National|A:A|1|EX,USD,0,1,0.0,BZS,DTC,2024-06-02
|CN|DTCB|BR|mBC|NEU|NEU|Condition|BZS,BZS|TXT|National|A:A|1|PH,USD,14,126,165.56,BZS,DTC,2024-06-02
|CN|DTCB|BR|mBC|NEU|NEU|Condition|BZS,BZS|TXT|National|A:A|1|PH,USD,3,16,58.69,BZS,DTC,2024-06-02
|CN|DTCB|BR|mBC|NEU|NEU|Core|Alone,Alone|TXT|National|A:A|1|EX,USD,57,246,346.76,BZS,DTC,2024-06-02
|CN|DTCB|BR|mBC|NEU|NEU|Core|Alone,Alone|TXT|National|A:A|1|PH,USD,18,323,193.78,BZS,DTC,2024-06-02
|CN|DTCB|BR|mBC|NEU|NEU|Core|Branded,Alone|TXT|National|A:A|1|EX,USD,1,12,18.06,BZS,DTC,2024-06-02
|CN|DTCB|BR|mBC|NEU|NEU|Core|Branded,Alone|TXT|National|A:A|1|PH,USD,3,23,40.95,BZS,DTC,2024-06-02
|CN|DTCB|BR|mBC|NEU|NEU|Information|Info,Dosing|TXT|National|A:A|1|EX,USD,0,5,0.0,BZS,DTC,2024-06-02
|CN|DTCB|BR|mBC|NEU|NEU|Information|Info,Dosing|TXT|National|A:A|1|PH,USD,0,3,0.0,BZS,DTC,2024-06-02
|CN|DTCB|BR|mBC|NEU|NEU|Information|Info,Info|TXT|National|A:A|1|EX,USD,3,11,15.72,BZS,DTC,2024-06-02
|CN|DTCB|BR|mBC|NEU|NEU|Information|Info,Resources|TXT|National|A:A|1|EX,USD,2,21,15.88,BZS,DTC,2024-06-02
|CN|DTCB|BR|mBC|NEU|NEU|Information|Info,Results|TXT|National|A:A|1|EX,USD,0,5,0.0,BZS,DTC,2024-06-02
|CN|DTCB|BR|mBC|NEU|NEU|Information|Info,Results|TXT|National|A:A|1|PH,USD,0,4,0.0,BZS,DTC,2024-06-02
|CN|DTCB|BR|mBC|NEU|NEU|Information|Info,Results|TXT|National|A:A|1|PH,USD,0,7,0.0,BZS,DTC,2024-06-02
|CN|DTCB|BR|mBC|NEU|NEU|Information|Info,Risk|TXT|National|A:A|1|EX,USD,2,19,13.24,BZS,DTC,2024-06-02
|CN|DTCB|BR|mBC|NEU|NEU|Information|Info,Risk|TXT|National|A:A|1|PH,USD,0,8,0.0,BZS,DTC,2024-06-02
|CN|DTCB|BR|mBC|NEU|NEU|Information|Info,Safety|TXT|National|A:A|1|EX,USD,6,47,46.5,BZS,DTC,2024-06-02
|CN|DTCB|BR|mBC|NEU|NEU|Information|Info,Safety|TXT|National|A:A|1|PH,USD,1,3,11.06,BZS,DTC,2024-06-02
|CN|DTCB|BR|mBC|NEU|NEU|Information|Info,Study|TXT|National|A:A|1|EX,USD,0,3,0.0,BZS,DTC,2024-06-02
|CN|DTCB|BR|mBC|NEU|NEU|Information|Info,Study|TXT|National|A:A|1|PH,USD,1,1,10.77,BZS,DTC,2024-06-02
|CN|DTCB|BR|mBC|NEU|NEU|Information|Info,Treatment|TXT|National|A:A|1|EX,USD,7,48,87.1,BZS,DTC,2024-06-02
|CN|DTCB|BR|mBC|NEU|NEU|Information|Info,Treatment|TXT|National|A:A|1|PH,USD,0,7,0.0,BZS,DTC,2024-06-02
|CN|DTCB|BR|mBC|NEU|NEU|Information|Info,Understanding|TXT|National|A:A|1|EX,USD,0,7,0.0,BZS,DTC,2024-06-02
|CN|DTCB|UB|mBC|NEU|NEU|Condition|BZS Condition,BZS General|TXT|National|A:A|1|EX,USD,1,29,11.86,BZS,DTC,2024-06-02
|CN|DTCB|UB|mBC|NEU|NEU|Condition|BZS Condition,BZS General|TXT|National|A:A|1|PH,USD,18,118,200.17,BZS,DTC,2024-06-02
|CN|DTCB|UB|mBC|NEU|NEU|Condition|BZS Condition,BZS General|TXT|National|A:A|1|PH,USD,1,9,5.43,BZS,DTC,2024-06-02
|CN|DTCB|UB|mBC|NEU|NEU|Condition|BZS Condition,BZS general|TXT|National|A:A|1|EX,USD,3,75,13.69,BZS,DTC,2024-06-02
|CN|DTCB|UB|mBC|NEU|NEU|Condition|BZS Condition,BZS general|TXT|National|A:A|1|PH,USD,22,277,93.79,BZS,DTC,2024-06-02
|CN|DTCB|UB|mBC|NEU|NEU|Condition|BZS ITT Condition,BZS general|TXT|National|A:A|1|PH,USD,2,8,16.47,BZS,DTC,2024-06-02
|CN|DTCB|UB|mBC|NEU|NEU|Condition|Condition,Alone|TXT|National|A:A|1|EX,USD,4,106,26.59,BZS,DTC,2024-06-02
|CN|DTCB|UB|mBC|NEU|NEU|Condition|Condition,Alone|TXT|National|A:A|1|PH,USD,14,350,93.49,BZS,DTC,2024-06-02
|CN|DTCB|UB|mBC|NEU|NEU|Core|BZS,BZS|TXT|National|A:A|1|EX,USD,0,12,0.0,BZS,DTC,2024-06-02
|CN|DTCB|UB|mBC|NEU|NEU|Core|BZS,BZS|TXT|National|A:A|1|PH,USD,7,47,49.82,BZS,DTC,2024-06-02
|CN|DTCB|UB|mBC|NEU|NEU|Core|BZS,BZS|TXT|National|A:A|1|PH,USD,4,15,25.9,BZS,DTC,2024-06-02
|CN|DTCB|UB|mBC|NEU|NEU|Core|BZS+,About|TXT|National|A:A|1|EX,USD,0,4,0.0,BZS,DTC,2024-06-02
|CN|DTCB|UB|mBC|NEU|NEU|Core|BZS+,About|TXT|National|A:A|1|PH,USD,3,91,18.5,BZS,DTC,2024-06-02
|CN|DTCB|UB|mBC|NEU|NEU|Core|BZS+,Causes|TXT|National|A:A|1|EX,USD,1,4,7.51,BZS,DTC,2024-06-02
|CN|DTCB|UB|mBC|NEU|NEU|Core|BZS+,Causes|TXT|National|A:A|1|PH,USD,7,79,62.56,BZS,DTC,2024-06-02
|CN|DTCB|UB|mBC|NEU|NEU|Core|BZS+,Diagnosis|TXT|National|A:A|1|EX,USD,3,62,20.72,BZS,DTC,2024-06-02
|CN|DTCB|UB|mBC|NEU|NEU|Core|BZS+,Information|TXT|National|A:A|1|PH,USD,0,11,0.0,BZS,DTC,2024-06-02
|CN|DTCB|UB|mBC|NEU|NEU|Core|BZS+,Medication|TXT|National|A:A|1|PH,USD,2,57,13.51,BZS,DTC,2024-06-02
|CN|DTCB|UB|mBC|NEU|NEU|Core|BZS+,Study|TXT|National|A:A|1|EX,USD,1,2,6.13,BZS,DTC,2024-06-02
|CN|DTCB|UB|mBC|NEU|NEU|Core|BZS+,Study|TXT|National|A:A|1|PH,USD,4,60,23.84,BZS,DTC,2024-06-02
|CN|DTCB|UB|mBC|NEU|NEU|Core|BZS+,Symptoms|TXT|National|A:A|1|EX,USD,0,7,0.0,BZS,DTC,2024-06-02
|CN|DTCB|UB|mBC|NEU|NEU|Core|BZS+,Symptoms|TXT|National|A:A|1|PH,USD,0,1,0.0,BZS,DTC,2024-06-02
|CN|DTCB|UB|mBC|NEU|NEU|Core|BZS+,What Is|TXT|National|A:A|1|EX,USD,1,11,4.77,BZS,DTC,2024-06-02
|CN|DTCB|UB|mBC|NEU|NEU|Core|BZS+,What Is|TXT|National|A:A|1|PH,USD,2,26,11.67,BZS,DTC,2024-06-02
|CN|DTCB|UB|mBC|NEU|NEU|Information|BZS Info,BZS Info|TXT|National|A:A|1|EX,USD,0,25,0.0,BZS,DTC,2024-06-02
|CN|DTCB|UB|mBC|NEU|NEU|Information|BZS Info,BZS Info|TXT|National|A:A|1|EX,USD,0,7,0.0,BZS,DTC,2024-06-02
|CN|DTCB|UB|mBC|NEU|NEU|Information|BZS Info,BZS Info|TXT|National|A:A|1|PH,USD,14,89,107.9,BZS,DTC,2024-06-02
|CN|DTCB|UB|mBC|NEU|NEU|Information|BZS Info,BZS Info|TXT|National|A:A|1|PH,USD,6,49,31.99,BZS,DTC,2024-06-02
|CN|DTCB|UB|mBC|NEU|NEU|Information|BZS Info,BZS Info|TXT|National|A:A|1|PH,USD,2,28,13.37,BZS,DTC,2024-06-02
|CN|DTCB|UB|mBC|NEU|NEU|Resources|BZS Resources,BZS Dosing|TXT|National|A:A|1|PH,USD,0,0,0.0,BZS,DTC,2024-06-02
|CN|DTCB|UB|mBC|NEU|NEU|Resources|BZS Resources,BZS Resources|TXT|National|A:A|1|EX,USD,0,0,0.0,BZS,DTC,2024-06-02
|CN|DTCB|UB|mBC|NEU|NEU|Resources|BZS Resources,BZS Resources|TXT|National|A:A|1|PH,USD,4,36,23.23,BZS,DTC,2024-06-02
|CN|DTCB|UB|mBC|NEU|NEU|Resources|BZS Resources,BZS Resources|TXT|National|A:A|1|PH,USD,2,6,11.72,BZS,DTC,2024-06-02
|CN|DTCB|UB|mBC|NEU|NEU|Resources|BZS Resources,BZS Safety|TXT|National|A:A|1|PH,USD,4,49,22.53,BZS,DTC,2024-06-02
|CN|DTCB|UB|mBC|NEU|NEU|Resources|BZS Resources,BZS Safety|TXT|National|A:A|1|PH,USD,0,1,0.0,BZS,DTC,2024-06-02
|CN|DTCB|UB|mBC|NEU|NEU|Resources|BZS Resources,BZS Trial|TXT|National|A:A|1|EX,USD,0,1,0.0,BZS,DTC,2024-06-02
|CN|DTCB|UB|mBC|NEU|NEU|Resources|BZS Resources,BZS Trial|TXT|National|A:A|1|PH,USD,0,0,0.0,BZS,DTC,2024-06-02
|CN|DTCB|UB|mBC|NEU|NEU|Resources|BZS Resources,BZS Trial|TXT|National|A:A|1|PH,USD,0,2,0.0,BZS,DTC,2024-06-02
|CN|DTCB|UB|mBC|NEU|NEU|Resources|BZS Resources,BZS Trial|TXT|National|A:A|1|PH,USD,9,76,56.8,BZS,DTC,2024-06-02
|CN|DTCB|UB|mBC|NEU|NEU|Resources|BZS Resources,BZS Understanding|TXT|National|A:A|1|EX,USD,3,29,14.33,BZS,DTC,2024-06-02
|CN|DTCB|UB|mBC|NEU|NEU|Resources|BZS Resources,BZS Understanding|TXT|National|A:A|1|PH,USD,3,35,14.51,BZS,DTC,2024-06-02
|CN|DTCB|UB|mBC|NEU|NEU|Treatment|BZS Treatment,BZS Treatment|TXT|National|A:A|1|EX,USD,2,11,12.76,BZS,DTC,2024-06-02
|CN|DTCB|UB|mBC|NEU|NEU|Treatment|BZS Treatment,BZS Treatment|TXT|National|A:A|1|EX,USD,0,2,0.0,BZS,DTC,2024-06-02
|CN|DTCB|UB|mBC|NEU|NEU|Treatment|BZS Treatment,BZS Treatment|TXT|National|A:A|1|PH,USD,3,108,18.81,BZS,DTC,2024-06-02
|CN|DTCB|UB|mBC|NEU|NEU|Treatment|BZS Treatment,BZS Treatment|TXT|National|A:A|1|PH,USD,0,1,0.0,BZS,DTC,2024-06-02
|CN|DTCB|UB|mBC|NEU|NEU|Treatment|BZS Treatment,BZS Treatment|TXT|National|A:A|1|PH,USD,7,95,36.33,BZS,DTC,2024-06-02
|CN|DTCB|UB|mBC|NEU|NEU|Treatment|Treatment,Management|TXT|National|A:A|1|EX,USD,3,39,20.34,BZS,DTC,2024-06-02
|CN|DTCB|UB|mBC|NEU|NEU|Treatment|Treatment,Management|TXT|National|A:A|1|PH,USD,2,46,14.27,BZS,DTC,2024-06-02
|CN|DTCB|UB|mBC|NEU|NEU|Treatment|Treatment,Side Effects|TXT|National|A:A|1|EX,USD,1,2,3.68,BZS,DTC,2024-06-02
|CN|DTCB|UB|mBC|NEU|NEU|Treatment|Treatment,Side Effects|TXT|National|A:A|1|PH,USD,0,3,0.0,BZS,DTC,2024-06-02
|CN|DTCB|UB|mBC|NEU|NEU|Treatment|Treatment,Therapy|TXT|National|A:A|1|EX,USD,2,8,11.71,BZS,DTC,2024-06-02
|CN|DTCB|UB|mBC|NEU|NEU|Treatment|Treatment,Therapy|TXT|National|A:A|1|PH,USD,0,21,0.0,BZS,DTC,2024-06-02
|CN|DTCB|UB|mBC|NEU|NEU|Treatment|Treatment Priority,Treatment|TXT|National|A:A|1|EX,USD,0,2,0.0,BZS,DTC,2024-06-02
|CN|DTCB|UB|mBC|NEU|NEU|Treatment|Treatment Priority,Treatment|TXT|National|A:A|1|PH,USD,3,35,19.12,BZS,DTC,2024-06-02
|CN|DTCB|BR|mBC|NEU|NEU|Competitive|Competitor,Competitors|TXT|National|A:A|1|EX,USD,7,147,41.51,BZS,DTC,2024-06-03
|CN|DTCB|BR|mBC|NEU|NEU|Competitive|Competitor,Competitors|TXT|National|A:A|1|PH,USD,17,232,104.68,BZS,DTC,2024-06-03
|CN|DTCB|BR|mBC|NEU|NEU|Competitive|Competitor,Competitor|TXT|National|A:A|1|EX,USD,2,35,24.83,BZS,DTC,2024-06-03
|CN|DTCB|BR|mBC|NEU|NEU|Competitive|Competitor,Competitor|TXT|National|A:A|1|PH,USD,0,44,0.0,BZS,DTC,2024-06-03
|CN|DTCB|BR|mBC|NEU|NEU|Condition|BZS,BZS|TXT|National|A:A|1|EX,USD,0,0,0.0,BZS,DTC,2024-06-03
|CN|DTCB|BR|mBC|NEU|NEU|Condition|BZS,BZS|TXT|National|A:A|1|EX,USD,0,1,0.0,BZS,DTC,2024-06-03
|CN|DTCB|BR|mBC|NEU|NEU|Condition|BZS,BZS|TXT|National|A:A|1|PH,USD,15,160,171.86,BZS,DTC,2024-06-03
|CN|DTCB|BR|mBC|NEU|NEU|Condition|BZS,BZS|TXT|National|A:A|1|PH,USD,0,18,0.0,BZS,DTC,2024-06-03
|CN|DTCB|BR|mBC|NEU|NEU|Core|Alone,Alone|TXT|National|A:A|1|EX,USD,60,254,350.82,BZS,DTC,2024-06-03
|CN|DTCB|BR|mBC|NEU|NEU|Core|Alone,Alone|TXT|National|A:A|1|PH,USD,40,326,456.28,BZS,DTC,2024-06-03
|CN|DTCB|BR|mBC|NEU|NEU|Core|Branded,Alone|TXT|National|A:A|1|EX,USD,0,5,0.0,BZS,DTC,2024-06-03
|CN|DTCB|BR|mBC|NEU|NEU|Core|Branded,Alone|TXT|National|A:A|1|PH,USD,1,15,13.35,BZS,DTC,2024-06-03
|CN|DTCB|BR|mBC|NEU|NEU|Information|Info,Dosing|TXT|National|A:A|1|EX,USD,1,5,7.57,BZS,DTC,2024-06-03
|CN|DTCB|BR|mBC|NEU|NEU|Information|Info,Dosing|TXT|National|A:A|1|PH,USD,0,2,0.0,BZS,DTC,2024-06-03
|CN|DTCB|BR|mBC|NEU|NEU|Information|Info,Info|TXT|National|A:A|1|EX,USD,0,14,0.0,BZS,DTC,2024-06-03
|CN|DTCB|BR|mBC|NEU|NEU|Information|Info,Resources|TXT|National|A:A|1|EX,USD,1,18,7.88,BZS,DTC,2024-06-03
|CN|DTCB|BR|mBC|NEU|NEU|Information|Info,Results|TXT|National|A:A|1|EX,USD,0,1,0.0,BZS,DTC,2024-06-03
|CN|DTCB|BR|mBC|NEU|NEU|Information|Info,Results|TXT|National|A:A|1|PH,USD,0,7,0.0,BZS,DTC,2024-06-03
|CN|DTCB|BR|mBC|NEU|NEU|Information|Info,Risk|TXT|National|A:A|1|EX,USD,6,23,43.78,BZS,DTC,2024-06-03
|CN|DTCB|BR|mBC|NEU|NEU|Information|Info,Risk|TXT|National|A:A|1|PH,USD,0,7,0.0,BZS,DTC,2024-06-03
|CN|DTCB|BR|mBC|NEU|NEU|Information|Info,Safety|TXT|National|A:A|1|EX,USD,15,43,108.41,BZS,DTC,2024-06-03
|CN|DTCB|BR|mBC|NEU|NEU|Information|Info,Safety|TXT|National|A:A|1|PH,USD,1,9,8.17,BZS,DTC,2024-06-03
|CN|DTCB|BR|mBC|NEU|NEU|Information|Info,Study|TXT|National|A:A|1|EX,USD,1,2,7.68,BZS,DTC,2024-06-03
|CN|DTCB|BR|mBC|NEU|NEU|Information|Info,Study|TXT|National|A:A|1|PH,USD,0,3,0.0,BZS,DTC,2024-06-03
|CN|DTCB|BR|mBC|NEU|NEU|Information|Info,Treatment|TXT|National|A:A|1|EX,USD,3,38,32.74,BZS,DTC,2024-06-03
|CN|DTCB|BR|mBC|NEU|NEU|Information|Info,Treatment|TXT|National|A:A|1|PH,USD,0,8,0.0,BZS,DTC,2024-06-03
|CN|DTCB|BR|mBC|NEU|NEU|Information|Info,Understanding|TXT|National|A:A|1|EX,USD,0,6,0.0,BZS,DTC,2024-06-03
|CN|DTCB|UB|mBC|NEU|NEU|Condition|BZS Condition,BZS General|TXT|National|A:A|1|EX,USD,2,11,18.77,BZS,DTC,2024-06-03
|CN|DTCB|UB|mBC|NEU|NEU|Condition|BZS Condition,BZS General|TXT|National|A:A|1|PH,USD,1,9,6.0,BZS,DTC,2024-06-03
|CN|DTCB|UB|mBC|NEU|NEU|Condition|BZS Condition,BZS General|TXT|National|A:A|1|PH,USD,19,149,203.4,BZS,DTC,2024-06-03
|CN|DTCB|UB|mBC|NEU|NEU|Condition|BZS Condition,BZS general|TXT|National|A:A|1|EX,USD,4,43,14.2,BZS,DTC,2024-06-03
|CN|DTCB|UB|mBC|NEU|NEU|Condition|BZS Condition,BZS general|TXT|National|A:A|1|PH,USD,19,212,96.98,BZS,DTC,2024-06-03
|CN|DTCB|UB|mBC|NEU|NEU|Condition|BZS ITT Condition,BZS general|TXT|National|A:A|1|EX,USD,0,1,0.0,BZS,DTC,2024-06-03
|CN|DTCB|UB|mBC|NEU|NEU|Condition|BZS ITT Condition,BZS general|TXT|National|A:A|1|PH,USD,2,48,17.53,BZS,DTC,2024-06-03
|CN|DTCB|UB|mBC|NEU|NEU|Condition|Condition,Alone|TXT|National|A:A|1|EX,USD,7,88,46.87,BZS,DTC,2024-06-03
|CN|DTCB|UB|mBC|NEU|NEU|Condition|Condition,Alone|TXT|National|A:A|1|PH,USD,15,343,102.97,BZS,DTC,2024-06-03
|CN|DTCB|UB|mBC|NEU|NEU|Core|BZS,BZS|TXT|National|A:A|1|EX,USD,2,2,9.67,BZS,DTC,2024-06-03
|CN|DTCB|UB|mBC|NEU|NEU|Core|BZS,BZS|TXT|National|A:A|1|EX,USD,1,5,7.11,BZS,DTC,2024-06-03
|CN|DTCB|UB|mBC|NEU|NEU|Core|BZS,BZS|TXT|National|A:A|1|PH,USD,2,28,12.83,BZS,DTC,2024-06-03
|CN|DTCB|UB|mBC|NEU|NEU|Core|BZS,BZS|TXT|National|A:A|1|PH,USD,2,26,16.1,BZS,DTC,2024-06-03
|CN|DTCB|UB|mBC|NEU|NEU|Core|BZS+,About|TXT|National|A:A|1|EX,USD,0,9,0.0,BZS,DTC,2024-06-03
|CN|DTCB|UB|mBC|NEU|NEU|Core|BZS+,About|TXT|National|A:A|1|PH,USD,5,71,31.5,BZS,DTC,2024-06-03
|CN|DTCB|UB|mBC|NEU|NEU|Core|BZS+,Causes|TXT|National|A:A|1|EX,USD,0,1,0.0,BZS,DTC,2024-06-03
|CN|DTCB|UB|mBC|NEU|NEU|Core|BZS+,Causes|TXT|National|A:A|1|PH,USD,8,62,74.42,BZS,DTC,2024-06-03
|CN|DTCB|UB|mBC|NEU|NEU|Core|BZS+,Diagnosis|TXT|National|A:A|1|EX,USD,2,42,14.58,BZS,DTC,2024-06-03
|CN|DTCB|UB|mBC|NEU|NEU|Core|BZS+,Information|TXT|National|A:A|1|PH,USD,1,2,5.38,BZS,DTC,2024-06-03
|CN|DTCB|UB|mBC|NEU|NEU|Core|BZS+,Medication|TXT|National|A:A|1|PH,USD,1,42,7.73,BZS,DTC,2024-06-03
|CN|DTCB|UB|mBC|NEU|NEU|Core|BZS+,Study|TXT|National|A:A|1|PH,USD,2,49,11.63,BZS,DTC,2024-06-03
|CN|DTCB|UB|mBC|NEU|NEU|Core|BZS+,Symptoms|TXT|National|A:A|1|EX,USD,1,6,7.03,BZS,DTC,2024-06-03
|CN|DTCB|UB|mBC|NEU|NEU|Core|BZS+,Symptoms|TXT|National|A:A|1|PH,USD,0,2,0.0,BZS,DTC,2024-06-03
|CN|DTCB|UB|mBC|NEU|NEU|Core|BZS+,What Is|TXT|National|A:A|1|EX,USD,1,13,4.73,BZS,DTC,2024-06-03
|CN|DTCB|UB|mBC|NEU|NEU|Core|BZS+,What Is|TXT|National|A:A|1|PH,USD,2,21,12.0,BZS,DTC,2024-06-03
|CN|DTCB|UB|mBC|NEU|NEU|Information|BZS Info,BZS Cancer Risk|TXT|National|A:A|1|PH,USD,0,1,0.0,BZS,DTC,2024-06-03
|CN|DTCB|UB|mBC|NEU|NEU|Information|BZS Info,BZS Info|TXT|National|A:A|1|EX,USD,0,16,0.0,BZS,DTC,2024-06-03
|CN|DTCB|UB|mBC|NEU|NEU|Information|BZS Info,BZS Info|TXT|National|A:A|1|EX,USD,1,6,4.32,BZS,DTC,2024-06-03
|CN|DTCB|UB|mBC|NEU|NEU|Information|BZS Info,BZS Info|TXT|National|A:A|1|PH,USD,8,86,37.93,BZS,DTC,2024-06-03
|CN|DTCB|UB|mBC|NEU|NEU|Information|BZS Info,BZS Info|TXT|National|A:A|1|PH,USD,14,73,116.57,BZS,DTC,2024-06-03
|CN|DTCB|UB|mBC|NEU|NEU|Information|BZS Info,BZS Info|TXT|National|A:A|1|PH,USD,2,20,13.47,BZS,DTC,2024-06-03
|CN|DTCB|UB|mBC|NEU|NEU|Resources|BZS Resources,BZS Dosing|TXT|National|A:A|1|PH,USD,0,0,0.0,BZS,DTC,2024-06-03
|CN|DTCB|UB|mBC|NEU|NEU|Resources|BZS Resources,BZS Resources|TXT|National|A:A|1|EX,USD,2,1,13.08,BZS,DTC,2024-06-03
|CN|DTCB|UB|mBC|NEU|NEU|Resources|BZS Resources,BZS Resources|TXT|National|A:A|1|PH,USD,1,18,5.99,BZS,DTC,2024-06-03
|CN|DTCB|UB|mBC|NEU|NEU|Resources|BZS Resources,BZS Resources|TXT|National|A:A|1|PH,USD,0,12,0.0,BZS,DTC,2024-06-03
|CN|DTCB|UB|mBC|NEU|NEU|Resources|BZS Resources,BZS Safety|TXT|National|A:A|1|PH,USD,1,29,5.77,BZS,DTC,2024-06-03
|CN|DTCB|UB|mBC|NEU|NEU|Resources|BZS Resources,BZS Safety|TXT|National|A:A|1|PH,USD,0,2,0.0,BZS,DTC,2024-06-03
|CN|DTCB|UB|mBC|NEU|NEU|Resources|BZS Resources,BZS Trial|TXT|National|A:A|1|EX,USD,2,2,12.98,BZS,DTC,2024-06-03
|CN|DTCB|UB|mBC|NEU|NEU|Resources|BZS Resources,BZS Trial|TXT|National|A:A|1|PH,USD,12,84,70.87,BZS,DTC,2024-06-03
|CN|DTCB|UB|mBC|NEU|NEU|Resources|BZS Resources,BZS Trial|TXT|National|A:A|1|PH,USD,1,7,5.7,BZS,DTC,2024-06-03
|CN|DTCB|UB|mBC|NEU|NEU|Resources|BZS Resources,BZS Trial|TXT|National|A:A|1|PH,USD,0,1,0.0,BZS,DTC,2024-06-03
|CN|DTCB|UB|mBC|NEU|NEU|Resources|BZS Resources,BZS Understanding|TXT|National|A:A|1|EX,USD,1,12,4.9399999999999995,BZS,DTC,2024-06-03
|CN|DTCB|UB|mBC|NEU|NEU|Resources|BZS Resources,BZS Understanding|TXT|National|A:A|1|PH,USD,1,1,4.33,BZS,DTC,2024-06-03
|CN|DTCB|UB|mBC|NEU|NEU|Resources|BZS Resources,BZS Understanding|TXT|National|A:A|1|PH,USD,5,23,23.96,BZS,DTC,2024-06-03
|CN|DTCB|UB|mBC|NEU|NEU|Treatment|BZS Treatment,BZS Treatment|TXT|National|A:A|1|EX,USD,0,1,0.0,BZS,DTC,2024-06-03
|CN|DTCB|UB|mBC|NEU|NEU|Treatment|BZS Treatment,BZS Treatment|TXT|National|A:A|1|EX,USD,1,2,6.36,BZS,DTC,2024-06-03
|CN|DTCB|UB|mBC|NEU|NEU|Treatment|BZS Treatment,BZS Treatment|TXT|National|A:A|1|PH,USD,0,0,0.0,BZS,DTC,2024-06-03
|CN|DTCB|UB|mBC|NEU|NEU|Treatment|BZS Treatment,BZS Treatment|TXT|National|A:A|1|PH,USD,7,62,36.56,BZS,DTC,2024-06-03
|CN|DTCB|UB|mBC|NEU|NEU|Treatment|BZS Treatment,BZS Treatment|TXT|National|A:A|1|PH,USD,7,95,43.47,BZS,DTC,2024-06-03
|CN|DTCB|UB|mBC|NEU|NEU|Treatment|Treatment,Management|TXT|National|A:A|1|EX,USD,1,36,5.88,BZS,DTC,2024-06-03
|CN|DTCB|UB|mBC|NEU|NEU|Treatment|Treatment,Management|TXT|National|A:A|1|PH,USD,1,52,5.92,BZS,DTC,2024-06-03
|CN|DTCB|UB|mBC|NEU|NEU|Treatment|Treatment,Side Effects|TXT|National|A:A|1|EX,USD,0,4,0.0,BZS,DTC,2024-06-03
|CN|DTCB|UB|mBC|NEU|NEU|Treatment|Treatment,Side Effects|TXT|National|A:A|1|PH,USD,0,5,0.0,BZS,DTC,2024-06-03
|CN|DTCB|UB|mBC|NEU|NEU|Treatment|Treatment,Therapy|TXT|National|A:A|1|EX,USD,0,4,0.0,BZS,DTC,2024-06-03
|CN|DTCB|UB|mBC|NEU|NEU|Treatment|Treatment,Therapy|TXT|National|A:A|1|PH,USD,0,22,0.0,BZS,DTC,2024-06-03
|CN|DTCB|UB|mBC|NEU|NEU|Treatment|Treatment Priority,Treatment|TXT|National|A:A|1|EX,USD,0,1,0.0,BZS,DTC,2024-06-03
|CN|DTCB|UB|mBC|NEU|NEU|Treatment|Treatment Priority,Treatment|TXT|National|A:A|1|PH,USD,2,30,17.21,BZS,DTC,2024-06-03
|CN|DTCB|BR|mBC|NEU|NEU|Competitive|Competitor,Competitors|TXT|National|A:A|1|EX,USD,12,94,74.14,BZS,DTC,2024-06-04
|CN|DTCB|BR|mBC|NEU|NEU|Competitive|Competitor,Competitors|TXT|National|A:A|1|PH,USD,13,119,78.55,BZS,DTC,2024-06-04
|CN|DTCB|BR|mBC|NEU|NEU|Competitive|Competitor,Competitor|TXT|National|A:A|1|EX,USD,1,82,9.58,BZS,DTC,2024-06-04
|CN|DTCB|BR|mBC|NEU|NEU|Competitive|Competitor,Competitor|TXT|National|A:A|1|PH,USD,1,99,12.0,BZS,DTC,2024-06-04
|CN|DTCB|BR|mBC|NEU|NEU|Condition|BZS,BZS|TXT|National|A:A|1|EX,USD,0,4,0.0,BZS,DTC,2024-06-04
|CN|DTCB|BR|mBC|NEU|NEU|Condition|BZS,BZS|TXT|National|A:A|1|EX,USD,0,1,0.0,BZS,DTC,2024-06-04
|CN|DTCB|BR|mBC|NEU|NEU|Condition|BZS,BZS|TXT|National|A:A|1|PH,USD,24,264,280.11,BZS,DTC,2024-06-04
|CN|DTCB|BR|mBC|NEU|NEU|Condition|BZS,BZS|TXT|National|A:A|1|PH,USD,4,62,55.14,BZS,DTC,2024-06-04
|CN|DTCB|BR|mBC|NEU|NEU|Core|Alone,Alone|TXT|National|A:A|1|EX,USD,116,612,721.79,BZS,DTC,2024-06-04
|CN|DTCB|BR|mBC|NEU|NEU|Core|Alone,Alone|TXT|National|A:A|1|PH,USD,52,777,593.8,BZS,DTC,2024-06-04
|CN|DTCB|BR|mBC|NEU|NEU|Core|Branded,Alone|TXT|National|A:A|1|EX,USD,1,28,11.73,BZS,DTC,2024-06-04
|CN|DTCB|BR|mBC|NEU|NEU|Core|Branded,Alone|TXT|National|A:A|1|PH,USD,3,37,40.36,BZS,DTC,2024-06-04
|CN|DTCB|BR|mBC|NEU|NEU|Information|Info,Dosing|TXT|National|A:A|1|EX,USD,1,7,5.5,BZS,DTC,2024-06-04
|CN|DTCB|BR|mBC|NEU|NEU|Information|Info,Dosing|TXT|National|A:A|1|PH,USD,1,3,7.11,BZS,DTC,2024-06-04
|CN|DTCB|BR|mBC|NEU|NEU|Information|Info,Info|TXT|National|A:A|1|EX,USD,25,79,142.22,BZS,DTC,2024-06-04
|CN|DTCB|BR|mBC|NEU|NEU|Information|Info,Info|TXT|National|A:A|1|PH,USD,0,1,0.0,BZS,DTC,2024-06-04
|CN|DTCB|BR|mBC|NEU|NEU|Information|Info,Resources|TXT|National|A:A|1|EX,USD,1,19,5.13,BZS,DTC,2024-06-04
|CN|DTCB|BR|mBC|NEU|NEU|Information|Info,Resources|TXT|National|A:A|1|PH,USD,0,1,0.0,BZS,DTC,2024-06-04
|CN|DTCB|BR|mBC|NEU|NEU|Information|Info,Results|TXT|National|A:A|1|EX,USD,1,9,8.38,BZS,DTC,2024-06-04
|CN|DTCB|BR|mBC|NEU|NEU|Information|Info,Results|TXT|National|A:A|1|PH,USD,0,7,0.0,BZS,DTC,2024-06-04
|CN|DTCB|BR|mBC|NEU|NEU|Information|Info,Results|TXT|National|A:A|1|PH,USD,0,14,0.0,BZS,DTC,2024-06-04
|CN|DTCB|BR|mBC|NEU|NEU|Information|Info,Risk|TXT|National|A:A|1|EX,USD,4,35,30.93,BZS,DTC,2024-06-04
|CN|DTCB|BR|mBC|NEU|NEU|Information|Info,Risk|TXT|National|A:A|1|PH,USD,0,13,0.0,BZS,DTC,2024-06-04
|CN|DTCB|BR|mBC|NEU|NEU|Information|Info,Safety|TXT|National|A:A|1|EX,USD,17,79,120.77,BZS,DTC,2024-06-04
|CN|DTCB|BR|mBC|NEU|NEU|Information|Info,Safety|TXT|National|A:A|1|PH,USD,0,5,0.0,BZS,DTC,2024-06-04
|CN|DTCB|BR|mBC|NEU|NEU|Information|Info,Study|TXT|National|A:A|1|EX,USD,1,4,10.96,BZS,DTC,2024-06-04
|CN|DTCB|BR|mBC|NEU|NEU|Information|Info,Study|TXT|National|A:A|1|PH,USD,0,10,0.0,BZS,DTC,2024-06-04
|CN|DTCB|BR|mBC|NEU|NEU|Information|Info,Treatment|TXT|National|A:A|1|EX,USD,16,84,181.48,BZS,DTC,2024-06-04
|CN|DTCB|BR|mBC|NEU|NEU|Information|Info,Treatment|TXT|National|A:A|1|PH,USD,0,14,0.0,BZS,DTC,2024-06-04
|CN|DTCB|BR|mBC|NEU|NEU|Information|Info,Understanding|TXT|National|A:A|1|EX,USD,0,13,0.0,BZS,DTC,2024-06-04
|CN|DTCB|UB|mBC|NEU|NEU|Condition|BZS Condition,BZS General|TXT|National|A:A|1|EX,USD,0,1,0.0,BZS,DTC,2024-06-04
|CN|DTCB|UB|mBC|NEU|NEU|Condition|BZS Condition,BZS General|TXT|National|A:A|1|EX,USD,2,38,22.74,BZS,DTC,2024-06-04
|CN|DTCB|UB|mBC|NEU|NEU|Condition|BZS Condition,BZS General|TXT|National|A:A|1|PH,USD,0,4,0.0,BZS,DTC,2024-06-04
|CN|DTCB|UB|mBC|NEU|NEU|Condition|BZS Condition,BZS General|TXT|National|A:A|1|PH,USD,18,143,192.62,BZS,DTC,2024-06-04
|CN|DTCB|UB|mBC|NEU|NEU|Condition|BZS Condition,BZS general|TXT|National|A:A|1|EX,USD,6,50,23.71,BZS,DTC,2024-06-04
|CN|DTCB|UB|mBC|NEU|NEU|Condition|BZS Condition,BZS general|TXT|National|A:A|1|PH,USD,21,186,87.68,BZS,DTC,2024-06-04
|CN|DTCB|UB|mBC|NEU|NEU|Condition|BZS ITT Condition,BZS general|TXT|National|A:A|1|PH,USD,3,26,16.98,BZS,DTC,2024-06-04
|CN|DTCB|UB|mBC|NEU|NEU|Condition|Condition,Alone|TXT|National|A:A|1|EX,USD,4,106,27.11,BZS,DTC,2024-06-04
|CN|DTCB|UB|mBC|NEU|NEU|Condition|Condition,Alone|TXT|National|A:A|1|PH,USD,23,401,155.3,BZS,DTC,2024-06-04
|CN|DTCB|UB|mBC|NEU|NEU|Core|BZS,BZS|TXT|National|A:A|1|EX,USD,2,11,18.0,BZS,DTC,2024-06-04
|CN|DTCB|UB|mBC|NEU|NEU|Core|BZS,BZS|TXT|National|A:A|1|PH,USD,2,54,9.92,BZS,DTC,2024-06-04
|CN|DTCB|UB|mBC|NEU|NEU|Core|BZS,BZS|TXT|National|A:A|1|PH,USD,6,77,43.69,BZS,DTC,2024-06-04
|CN|DTCB|UB|mBC|NEU|NEU|Core|BZS+,About|TXT|National|A:A|1|EX,USD,0,6,0.0,BZS,DTC,2024-06-04
|CN|DTCB|UB|mBC|NEU|NEU|Core|BZS+,About|TXT|National|A:A|1|PH,USD,5,46,33.04,BZS,DTC,2024-06-04
|CN|DTCB|UB|mBC|NEU|NEU|Core|BZS+,Causes|TXT|National|A:A|1|EX,USD,1,3,9.85,BZS,DTC,2024-06-04
|CN|DTCB|UB|mBC|NEU|NEU|Core|BZS+,Causes|TXT|National|A:A|1|PH,USD,10,73,97.21,BZS,DTC,2024-06-04
|CN|DTCB|UB|mBC|NEU|NEU|Core|BZS+,Diagnosis|TXT|National|A:A|1|EX,USD,0,28,0.0,BZS,DTC,2024-06-04
|CN|DTCB|UB|mBC|NEU|NEU|Core|BZS+,Information|TXT|National|A:A|1|PH,USD,0,4,0.0,BZS,DTC,2024-06-04
|CN|DTCB|UB|mBC|NEU|NEU|Core|BZS+,Medication|TXT|National|A:A|1|PH,USD,3,57,22.59,BZS,DTC,2024-06-04
|CN|DTCB|UB|mBC|NEU|NEU|Core|BZS+,Study|TXT|National|A:A|1|PH,USD,0,51,0.0,BZS,DTC,2024-06-04
|CN|DTCB|UB|mBC|NEU|NEU|Core|BZS+,Symptoms|TXT|National|A:A|1|EX,USD,0,7,0.0,BZS,DTC,2024-06-04
|CN|DTCB|UB|mBC|NEU|NEU|Core|BZS+,Symptoms|TXT|National|A:A|1|PH,USD,0,1,0.0,BZS,DTC,2024-06-04
|CN|DTCB|UB|mBC|NEU|NEU|Core|BZS+,What Is|TXT|National|A:A|1|EX,USD,1,13,6.01,BZS,DTC,2024-06-04
|CN|DTCB|UB|mBC|NEU|NEU|Core|BZS+,What Is|TXT|National|A:A|1|PH,USD,0,20,0.0,BZS,DTC,2024-06-04
|CN|DTCB|UB|mBC|NEU|NEU|Information|BZS Info,BZS Info|TXT|National|A:A|1|EX,USD,1,13,4.63,BZS,DTC,2024-06-04
|CN|DTCB|UB|mBC|NEU|NEU|Information|BZS Info,BZS Info|TXT|National|A:A|1|EX,USD,2,30,17.88,BZS,DTC,2024-06-04
|CN|DTCB|UB|mBC|NEU|NEU|Information|BZS Info,BZS Info|TXT|National|A:A|1|PH,USD,12,97,87.69,BZS,DTC,2024-06-04
|CN|DTCB|UB|mBC|NEU|NEU|Information|BZS Info,BZS Info|TXT|National|A:A|1|PH,USD,7,78,32.72,BZS,DTC,2024-06-04
|CN|DTCB|UB|mBC|NEU|NEU|Information|BZS Info,BZS Info|TXT|National|A:A|1|PH,USD,6,31,40.31,BZS,DTC,2024-06-04
|CN|DTCB|UB|mBC|NEU|NEU|Resources|BZS Resources,BZS Resources|TXT|National|A:A|1|EX,USD,0,1,0.0,BZS,DTC,2024-06-04
|CN|DTCB|UB|mBC|NEU|NEU|Resources|BZS Resources,BZS Resources|TXT|National|A:A|1|PH,USD,0,21,0.0,BZS,DTC,2024-06-04
|CN|DTCB|UB|mBC|NEU|NEU|Resources|BZS Resources,BZS Resources|TXT|National|A:A|1|PH,USD,0,23,0.0,BZS,DTC,2024-06-04
|CN|DTCB|UB|mBC|NEU|NEU|Resources|BZS Resources,BZS Safety|TXT|National|A:A|1|EX,USD,0,1,0.0,BZS,DTC,2024-06-04
|CN|DTCB|UB|mBC|NEU|NEU|Resources|BZS Resources,BZS Safety|TXT|National|A:A|1|PH,USD,2,4,10.24,BZS,DTC,2024-06-04
|CN|DTCB|UB|mBC|NEU|NEU|Resources|BZS Resources,BZS Safety|TXT|National|A:A|1|PH,USD,6,16,33.41,BZS,DTC,2024-06-04
|CN|DTCB|UB|mBC|NEU|NEU|Resources|BZS Resources,BZS Trial|TXT|National|A:A|1|EX,USD,0,1,0.0,BZS,DTC,2024-06-04
|CN|DTCB|UB|mBC|NEU|NEU|Resources|BZS Resources,BZS Trial|TXT|National|A:A|1|PH,USD,13,51,77.4,BZS,DTC,2024-06-04
|CN|DTCB|UB|mBC|NEU|NEU|Resources|BZS Resources,BZS Trial|TXT|National|A:A|1|PH,USD,0,11,0.0,BZS,DTC,2024-06-04
|CN|DTCB|UB|mBC|NEU|NEU|Resources|BZS Resources,BZS Understanding|TXT|National|A:A|1|EX,USD,0,13,0.0,BZS,DTC,2024-06-04
|CN|DTCB|UB|mBC|NEU|NEU|Resources|BZS Resources,BZS Understanding|TXT|National|A:A|1|PH,USD,1,22,5.14,BZS,DTC,2024-06-04
|CN|DTCB|UB|mBC|NEU|NEU|Treatment|BZS Treatment,BZS Treatment|TXT|National|A:A|1|EX,USD,0,5,0.0,BZS,DTC,2024-06-04
|CN|DTCB|UB|mBC|NEU|NEU|Treatment|BZS Treatment,BZS Treatment|TXT|National|A:A|1|EX,USD,0,2,0.0,BZS,DTC,2024-06-04
|CN|DTCB|UB|mBC|NEU|NEU|Treatment|BZS Treatment,BZS Treatment|TXT|National|A:A|1|PH,USD,1,1,6.89,BZS,DTC,2024-06-04
|CN|DTCB|UB|mBC|NEU|NEU|Treatment|BZS Treatment,BZS Treatment|TXT|National|A:A|1|PH,USD,6,50,37.55,BZS,DTC,2024-06-04
|CN|DTCB|UB|mBC|NEU|NEU|Treatment|BZS Treatment,BZS Treatment|TXT|National|A:A|1|PH,USD,8,122,39.59,BZS,DTC,2024-06-04
|CN|DTCB|UB|mBC|NEU|NEU|Treatment|Treatment,Management|TXT|National|A:A|1|EX,USD,6,51,40.1,BZS,DTC,2024-06-04
|CN|DTCB|UB|mBC|NEU|NEU|Treatment|Treatment,Management|TXT|National|A:A|1|PH,USD,4,49,25.99,BZS,DTC,2024-06-04
|CN|DTCB|UB|mBC|NEU|NEU|Treatment|Treatment,Side Effects|TXT|National|A:A|1|EX,USD,1,10,4.28,BZS,DTC,2024-06-04
|CN|DTCB|UB|mBC|NEU|NEU|Treatment|Treatment,Side Effects|TXT|National|A:A|1|PH,USD,0,2,0.0,BZS,DTC,2024-06-04
|CN|DTCB|UB|mBC|NEU|NEU|Treatment|Treatment,Therapy|TXT|National|A:A|1|EX,USD,2,9,12.06,BZS,DTC,2024-06-04
|CN|DTCB|UB|mBC|NEU|NEU|Treatment|Treatment,Therapy|TXT|National|A:A|1|PH,USD,1,25,5.53,BZS,DTC,2024-06-04
|CN|DTCB|UB|mBC|NEU|NEU|Treatment|Treatment Priority,Treatment|TXT|National|A:A|1|EX,USD,0,2,0.0,BZS,DTC,2024-06-04
|CN|DTCB|UB|mBC|NEU|NEU|Treatment|Treatment Priority,Treatment|TXT|National|A:A|1|PH,USD,2,25,15.34,BZS,DTC,2024-06-04
|CN|DTCB|BR|mBC|NEU|NEU|Competitive|Competitor,Competitors|TXT|National|A:A|1|EX,USD,12,163,73.73,BZS,DTC,2024-06-05
|CN|DTCB|BR|mBC|NEU|NEU|Competitive|Competitor,Competitors|TXT|National|A:A|1|PH,USD,14,175,81.51,BZS,DTC,2024-06-05
|CN|DTCB|BR|mBC|NEU|NEU|Competitive|Competitor,Competitor|TXT|National|A:A|1|EX,USD,0,10,0.0,BZS,DTC,2024-06-05
|CN|DTCB|BR|mBC|NEU|NEU|Competitive|Competitor,Competitor|TXT|National|A:A|1|PH,USD,2,29,21.06,BZS,DTC,2024-06-05
|CN|DTCB|BR|mBC|NEU|NEU|Condition|BZS,BZS|TXT|National|A:A|1|EX,USD,0,12,0.0,BZS,DTC,2024-06-05
|CN|DTCB|BR|mBC|NEU|NEU|Condition|BZS,BZS|TXT|National|A:A|1|EX,USD,0,3,0.0,BZS,DTC,2024-06-05
|CN|DTCB|BR|mBC|NEU|NEU|Condition|BZS,BZS|TXT|National|A:A|1|PH,USD,33,346,374.59,BZS,DTC,2024-06-05
|CN|DTCB|BR|mBC|NEU|NEU|Condition|BZS,BZS|TXT|National|A:A|1|PH,USD,7,63,89.71,BZS,DTC,2024-06-05
|CN|DTCB|BR|mBC|NEU|NEU|Core|Alone,Alone|TXT|National|A:A|1|EX,USD,141,744,880.08,BZS,DTC,2024-06-05
|CN|DTCB|BR|mBC|NEU|NEU|Core|Alone,Alone|TXT|National|A:A|1|PH,USD,62,855,693.81,BZS,DTC,2024-06-05
|CN|DTCB|BR|mBC|NEU|NEU|Core|Branded,Alone|TXT|National|A:A|1|EX,USD,1,34,11.53,BZS,DTC,2024-06-05
|CN|DTCB|BR|mBC|NEU|NEU|Core|Branded,Alone|TXT|National|A:A|1|PH,USD,2,33,26.93,BZS,DTC,2024-06-05
|CN|DTCB|BR|mBC|NEU|NEU|Information|Info,Dosing|TXT|National|A:A|1|EX,USD,4,18,28.83,BZS,DTC,2024-06-05
|CN|DTCB|BR|mBC|NEU|NEU|Information|Info,Dosing|TXT|National|A:A|1|PH,USD,1,5,3.3,BZS,DTC,2024-06-05
|CN|DTCB|BR|mBC|NEU|NEU|Information|Info,Info|TXT|National|A:A|1|EX,USD,28,111,153.1,BZS,DTC,2024-06-05
|CN|DTCB|BR|mBC|NEU|NEU|Information|Info,Info|TXT|National|A:A|1|PH,USD,0,0,0.0,BZS,DTC,2024-06-05
|CN|DTCB|BR|mBC|NEU|NEU|Information|Info,Resources|TXT|National|A:A|1|EX,USD,1,24,7.9399999999999995,BZS,DTC,2024-06-05
|CN|DTCB|BR|mBC|NEU|NEU|Information|Info,Resources|TXT|National|A:A|1|PH,USD,0,2,0.0,BZS,DTC,2024-06-05
|CN|DTCB|BR|mBC|NEU|NEU|Information|Info,Results|TXT|National|A:A|1|EX,USD,0,4,0.0,BZS,DTC,2024-06-05
|CN|DTCB|BR|mBC|NEU|NEU|Information|Info,Results|TXT|National|A:A|1|PH,USD,0,8,0.0,BZS,DTC,2024-06-05
|CN|DTCB|BR|mBC|NEU|NEU|Information|Info,Results|TXT|National|A:A|1|PH,USD,2,13,25.35,BZS,DTC,2024-06-05
|CN|DTCB|BR|mBC|NEU|NEU|Information|Info,Risk|TXT|National|A:A|1|EX,USD,5,33,28.48,BZS,DTC,2024-06-05
|CN|DTCB|BR|mBC|NEU|NEU|Information|Info,Risk|TXT|National|A:A|1|PH,USD,1,19,6.61,BZS,DTC,2024-06-05
|CN|DTCB|BR|mBC|NEU|NEU|Information|Info,Safety|TXT|National|A:A|1|EX,USD,16,88,117.51,BZS,DTC,2024-06-05
|CN|DTCB|BR|mBC|NEU|NEU|Information|Info,Safety|TXT|National|A:A|1|PH,USD,0,6,0.0,BZS,DTC,2024-06-05
|CN|DTCB|BR|mBC|NEU|NEU|Information|Info,Study|TXT|National|A:A|1|EX,USD,1,9,10.99,BZS,DTC,2024-06-05
|CN|DTCB|BR|mBC|NEU|NEU|Information|Info,Study|TXT|National|A:A|1|PH,USD,1,22,10.82,BZS,DTC,2024-06-05
|CN|DTCB|BR|mBC|NEU|NEU|Information|Info,Treatment|TXT|National|A:A|1|EX,USD,22,87,264.71,BZS,DTC,2024-06-05
|CN|DTCB|BR|mBC|NEU|NEU|Information|Info,Treatment|TXT|National|A:A|1|PH,USD,6,35,58.2,BZS,DTC,2024-06-05
|CN|DTCB|BR|mBC|NEU|NEU|Information|Info,Understanding|TXT|National|A:A|1|EX,USD,1,15,5.03,BZS,DTC,2024-06-05
|CN|DTCB|UB|mBC|NEU|NEU|Condition|BZS Condition,BZS General|TXT|National|A:A|1|EX,USD,0,2,0.0,BZS,DTC,2024-06-05
|CN|DTCB|UB|mBC|NEU|NEU|Condition|BZS Condition,BZS General|TXT|National|A:A|1|EX,USD,8,44,89.2,BZS,DTC,2024-06-05
|CN|DTCB|UB|mBC|NEU|NEU|Condition|BZS Condition,BZS General|TXT|National|A:A|1|PH,USD,0,6,0.0,BZS,DTC,2024-06-05
|CN|DTCB|UB|mBC|NEU|NEU|Condition|BZS Condition,BZS General|TXT|National|A:A|1|PH,USD,13,184,137.72,BZS,DTC,2024-06-05
|CN|DTCB|UB|mBC|NEU|NEU|Condition|BZS Condition,BZS general|TXT|National|A:A|1|EX,USD,2,19,13.76,BZS,DTC,2024-06-05
|CN|DTCB|UB|mBC|NEU|NEU|Condition|BZS Condition,BZS general|TXT|National|A:A|1|PH,USD,22,97,109.0,BZS,DTC,2024-06-05
|CN|DTCB|UB|mBC|NEU|NEU|Condition|BZS ITT Condition,BZS general|TXT|National|A:A|1|EX,USD,0,5,0.0,BZS,DTC,2024-06-05
|CN|DTCB|UB|mBC|NEU|NEU|Condition|BZS ITT Condition,BZS general|TXT|National|A:A|1|PH,USD,2,29,16.86,BZS,DTC,2024-06-05
|CN|DTCB|UB|mBC|NEU|NEU|Condition|Condition,Alone|TXT|National|A:A|1|EX,USD,5,105,33.97,BZS,DTC,2024-06-05
|CN|DTCB|UB|mBC|NEU|NEU|Condition|Condition,Alone|TXT|National|A:A|1|PH,USD,18,340,122.62,BZS,DTC,2024-06-05
|CN|DTCB|UB|mBC|NEU|NEU|Core|BZS,BZS|TXT|National|A:A|1|EX,USD,4,23,31.73,BZS,DTC,2024-06-05
|CN|DTCB|UB|mBC|NEU|NEU|Core|BZS,BZS|TXT|National|A:A|1|PH,USD,4,68,25.19,BZS,DTC,2024-06-05
|CN|DTCB|UB|mBC|NEU|NEU|Core|BZS,BZS|TXT|National|A:A|1|PH,USD,2,46,16.12,BZS,DTC,2024-06-05
|CN|DTCB|UB|mBC|NEU|NEU|Core|BZS+,About|TXT|National|A:A|1|EX,USD,0,11,0.0,BZS,DTC,2024-06-05
|CN|DTCB|UB|mBC|NEU|NEU|Core|BZS+,About|TXT|National|A:A|1|PH,USD,7,105,43.19,BZS,DTC,2024-06-05
|CN|DTCB|UB|mBC|NEU|NEU|Core|BZS+,Causes|TXT|National|A:A|1|EX,USD,1,3,7.62,BZS,DTC,2024-06-05
|CN|DTCB|UB|mBC|NEU|NEU|Core|BZS+,Causes|TXT|National|A:A|1|PH,USD,8,112,82.12,BZS,DTC,2024-06-05
|CN|DTCB|UB|mBC|NEU|NEU|Core|BZS+,Diagnosis|TXT|National|A:A|1|EX,USD,3,83,19.03,BZS,DTC,2024-06-05
|CN|DTCB|UB|mBC|NEU|NEU|Core|BZS+,Information|TXT|National|A:A|1|PH,USD,0,8,0.0,BZS,DTC,2024-06-05
|CN|DTCB|UB|mBC|NEU|NEU|Core|BZS+,Medication|TXT|National|A:A|1|PH,USD,0,62,0.0,BZS,DTC,2024-06-05
|CN|DTCB|UB|mBC|NEU|NEU|Core|BZS+,Study|TXT|National|A:A|1|PH,USD,2,45,13.34,BZS,DTC,2024-06-05
|CN|DTCB|UB|mBC|NEU|NEU|Core|BZS+,Symptoms|TXT|National|A:A|1|EX,USD,0,3,0.0,BZS,DTC,2024-06-05
|CN|DTCB|UB|mBC|NEU|NEU|Core|BZS+,Symptoms|TXT|National|A:A|1|PH,USD,1,5,8.66,BZS,DTC,2024-06-05
|CN|DTCB|UB|mBC|NEU|NEU|Core|BZS+,What Is|TXT|National|A:A|1|EX,USD,0,23,0.0,BZS,DTC,2024-06-05
|CN|DTCB|UB|mBC|NEU|NEU|Core|BZS+,What Is|TXT|National|A:A|1|PH,USD,0,40,0.0,BZS,DTC,2024-06-05
|CN|DTCB|UB|mBC|NEU|NEU|Information|BZS Info,BZS Cancer Risk|TXT|National|A:A|1|EX,USD,0,0,0.0,BZS,DTC,2024-06-05
|CN|DTCB|UB|mBC|NEU|NEU|Information|BZS Info,BZS Info|TXT|National|A:A|1|EX,USD,2,16,13.75,BZS,DTC,2024-06-05
|CN|DTCB|UB|mBC|NEU|NEU|Information|BZS Info,BZS Info|TXT|National|A:A|1|EX,USD,3,11,13.5,BZS,DTC,2024-06-05
|CN|DTCB|UB|mBC|NEU|NEU|Information|BZS Info,BZS Info|TXT|National|A:A|1|PH,USD,5,65,26.35,BZS,DTC,2024-06-05
|CN|DTCB|UB|mBC|NEU|NEU|Information|BZS Info,BZS Info|TXT|National|A:A|1|PH,USD,2,48,13.52,BZS,DTC,2024-06-05
|CN|DTCB|UB|mBC|NEU|NEU|Information|BZS Info,BZS Info|TXT|National|A:A|1|PH,USD,15,114,102.72,BZS,DTC,2024-06-05
|CN|DTCB|UB|mBC|NEU|NEU|Resources|BZS Resources,BZS Dosing|TXT|National|A:A|1|PH,USD,1,2,5.6899999999999995,BZS,DTC,2024-06-05
|CN|DTCB|UB|mBC|NEU|NEU|Resources|BZS Resources,BZS Resources|TXT|National|A:A|1|EX,USD,0,1,0.0,BZS,DTC,2024-06-05
|CN|DTCB|UB|mBC|NEU|NEU|Resources|BZS Resources,BZS Resources|TXT|National|A:A|1|PH,USD,1,16,5.87,BZS,DTC,2024-06-05
|CN|DTCB|UB|mBC|NEU|NEU|Resources|BZS Resources,BZS Resources|TXT|National|A:A|1|PH,USD,0,18,0.0,BZS,DTC,2024-06-05
|CN|DTCB|UB|mBC|NEU|NEU|Resources|BZS Resources,BZS Safety|TXT|National|A:A|1|PH,USD,4,24,22.93,BZS,DTC,2024-06-05
|CN|DTCB|UB|mBC|NEU|NEU|Resources|BZS Resources,BZS Safety|TXT|National|A:A|1|PH,USD,1,4,4.91,BZS,DTC,2024-06-05
|CN|DTCB|UB|mBC|NEU|NEU|Resources|BZS Resources,BZS Trial|TXT|National|A:A|1|PH,USD,1,10,5.55,BZS,DTC,2024-06-05
|CN|DTCB|UB|mBC|NEU|NEU|Resources|BZS Resources,BZS Trial|TXT|National|A:A|1|PH,USD,9,67,53.66,BZS,DTC,2024-06-05
|CN|DTCB|UB|mBC|NEU|NEU|Resources|BZS Resources,BZS Understanding|TXT|National|A:A|1|EX,USD,3,22,14.4,BZS,DTC,2024-06-05
|CN|DTCB|UB|mBC|NEU|NEU|Resources|BZS Resources,BZS Understanding|TXT|National|A:A|1|PH,USD,3,25,14.95,BZS,DTC,2024-06-05
|CN|DTCB|UB|mBC|NEU|NEU|Treatment|BZS Treatment,BZS Treatment|TXT|National|A:A|1|EX,USD,0,0,0.0,BZS,DTC,2024-06-05
|CN|DTCB|UB|mBC|NEU|NEU|Treatment|BZS Treatment,BZS Treatment|TXT|National|A:A|1|EX,USD,0,11,0.0,BZS,DTC,2024-06-05
|CN|DTCB|UB|mBC|NEU|NEU|Treatment|BZS Treatment,BZS Treatment|TXT|National|A:A|1|PH,USD,8,108,41.81,BZS,DTC,2024-06-05
|CN|DTCB|UB|mBC|NEU|NEU|Treatment|BZS Treatment,BZS Treatment|TXT|National|A:A|1|PH,USD,6,98,38.96,BZS,DTC,2024-06-05
|CN|DTCB|UB|mBC|NEU|NEU|Treatment|BZS Treatment,BZS Treatment|TXT|National|A:A|1|PH,USD,0,3,0.0,BZS,DTC,2024-06-05
|CN|DTCB|UB|mBC|NEU|NEU|Treatment|Treatment,Management|TXT|National|A:A|1|EX,USD,4,45,25.64,BZS,DTC,2024-06-05
|CN|DTCB|UB|mBC|NEU|NEU|Treatment|Treatment,Management|TXT|National|A:A|1|PH,USD,4,56,24.01,BZS,DTC,2024-06-05
|CN|DTCB|UB|mBC|NEU|NEU|Treatment|Treatment,Side Effects|TXT|National|A:A|1|EX,USD,2,6,7.62,BZS,DTC,2024-06-05
|CN|DTCB|UB|mBC|NEU|NEU|Treatment|Treatment,Side Effects|TXT|National|A:A|1|PH,USD,0,3,0.0,BZS,DTC,2024-06-05
|CN|DTCB|UB|mBC|NEU|NEU|Treatment|Treatment,Therapy|TXT|National|A:A|1|EX,USD,0,1,0.0,BZS,DTC,2024-06-05
|CN|DTCB|UB|mBC|NEU|NEU|Treatment|Treatment,Therapy|TXT|National|A:A|1|PH,USD,1,21,7.22,BZS,DTC,2024-06-05
|CN|DTCB|UB|mBC|NEU|NEU|Treatment|Treatment Priority,Treatment|TXT|National|A:A|1|EX,USD,0,1,0.0,BZS,DTC,2024-06-05
|CN|DTCB|UB|mBC|NEU|NEU|Treatment|Treatment Priority,Treatment|TXT|National|A:A|1|PH,USD,2,31,14.8,BZS,DTC,2024-06-05
|CN|HCPB|BR|mBC|NEU|NEU|Competitive|Competitor,Competitors|TXT|National|A:A|1|EX,USD,12,519,92.9,BZS,HCP,2024-04-26
|CN|HCPB|BR|mBC|NEU|NEU|Competitive|Competitor,Competitors|TXT|National|A:A|1|PH,USD,22,748,188.22,BZS,HCP,2024-04-26
|CN|HCPB|BR|mBC|NEU|NEU|Competitive|Competitor,Competitor|TXT|National|A:A|1|EX,USD,2,85,14.04,BZS,HCP,2024-04-26
|CN|HCPB|BR|mBC|NEU|NEU|Competitive|Competitor,Competitor|TXT|National|A:A|1|PH,USD,7,109,40.4,BZS,HCP,2024-04-26
|CN|HCPB|BR|mBC|NEU|NEU|Condition|BZS,BZS|TXT|National|A:A|1|EX,USD,4,34,51.09,BZS,HCP,2024-04-26
|CN|HCPB|BR|mBC|NEU|NEU|Condition|BZS,BZS|TXT|National|A:A|1|PH,USD,9,159,85.47,BZS,HCP,2024-04-26
|CN|HCPB|BR|mBC|NEU|NEU|Condition|BZS,Destiny|TXT|National|A:A|1|EX,USD,1,9,9.91,BZS,HCP,2024-04-26
|CN|HCPB|BR|mBC|NEU|NEU|Condition|BZS,Destiny|TXT|National|A:A|1|PH,USD,3,24,34.57,BZS,HCP,2024-04-26
|CN|HCPB|BR|mBC|NEU|NEU|Core|Alone,Alone|TXT|National|A:A|1|EX,USD,53,655,318.0,BZS,HCP,2024-04-26
|CN|HCPB|BR|mBC|NEU|NEU|Core|Alone,Alone|TXT|National|A:A|1|PH,USD,26,348,191.99,BZS,HCP,2024-04-26
|CN|HCPB|BR|mBC|NEU|NEU|Core|Branded,Brand Alone|TXT|National|A:A|1|EX,USD,9,56,78.21,BZS,HCP,2024-04-26
|CN|HCPB|BR|mBC|NEU|NEU|Core|Branded,Brand Alone|TXT|National|A:A|1|PH,USD,1,27,12.92,BZS,HCP,2024-04-26
|CN|HCPB|BR|mBC|NEU|NEU|Information|Info,Dosing|TXT|National|A:A|1|EX,USD,1,4,4.58,BZS,HCP,2024-04-26
|CN|HCPB|BR|mBC|NEU|NEU|Information|Info,Info|TXT|National|A:A|1|EX,USD,25,98,113.02,BZS,HCP,2024-04-26
|CN|HCPB|BR|mBC|NEU|NEU|Information|Info,Info|TXT|National|A:A|1|PH,USD,1,4,6.19,BZS,HCP,2024-04-26
|CN|HCPB|BR|mBC|NEU|NEU|Information|Info,MOA|TXT|National|A:A|1|EX,USD,2,11,10.96,BZS,HCP,2024-04-26
|CN|HCPB|BR|mBC|NEU|NEU|Information|Info,Resources|TXT|National|A:A|1|EX,USD,2,13,8.75,BZS,HCP,2024-04-26
|CN|HCPB|BR|mBC|NEU|NEU|Information|Info,Resources|TXT|National|A:A|1|PH,USD,0,1,0.0,BZS,HCP,2024-04-26
|CN|HCPB|BR|mBC|NEU|NEU|Information|Info,Safety|TXT|National|A:A|1|EX,USD,0,8,0.0,BZS,HCP,2024-04-26
|CN|HCPB|BR|mBC|NEU|NEU|Information|Info,Safety|TXT|National|A:A|1|PH,USD,0,2,0.0,BZS,HCP,2024-04-26
|CN|HCPB|BR|mBC|NEU|NEU|Information|Info,Study|TXT|National|A:A|1|EX,USD,2,25,23.16,BZS,HCP,2024-04-26
|CN|HCPB|BR|mBC|NEU|NEU|Information|Info,Study|TXT|National|A:A|1|PH,USD,16,184,208.91,BZS,HCP,2024-04-26
|CN|HCPB|BR|mBC|NEU|NEU|Information|Info,Treatment|TXT|National|A:A|1|EX,USD,8,52,105.13,BZS,HCP,2024-04-26
|CN|HCPB|BR|mBC|NEU|NEU|Information|Info,Treatment|TXT|National|A:A|1|PH,USD,7,106,88.34,BZS,HCP,2024-04-26
|CN|HCPB|UB|mBC|NEU|NEU|Condition|BZS Condition,BZS Condition|TXT|National|A:A|1|EX,USD,4,56,20.21,BZS,HCP,2024-04-26
|CN|HCPB|UB|mBC|NEU|NEU|Condition|BZS Condition,BZS Condition|TXT|National|A:A|1|EX,USD,3,184,34.52,BZS,HCP,2024-04-26
|CN|HCPB|UB|mBC|NEU|NEU|Condition|BZS Condition,BZS Condition|TXT|National|A:A|1|PH,USD,0,14,0.0,BZS,HCP,2024-04-26
|CN|HCPB|UB|mBC|NEU|NEU|Condition|BZS Condition,BZS Condition|TXT|National|A:A|1|PH,USD,11,410,106.85,BZS,HCP,2024-04-26
|CN|HCPB|UB|mBC|NEU|NEU|Condition|BZS ITT Condition,BZS Condition|TXT|National|A:A|1|EX,USD,1,27,7.41,BZS,HCP,2024-04-26
|CN|HCPB|UB|mBC|NEU|NEU|Condition|BZS ITT Condition,BZS Condition|TXT|National|A:A|1|PH,USD,10,287,62.51,BZS,HCP,2024-04-26
|CN|HCPB|UB|mBC|NEU|NEU|Condition|BZS ITT Condition,ITT Condition|TXT|National|A:A|1|EX,USD,6,284,21.67,BZS,HCP,2024-04-26
|CN|HCPB|UB|mBC|NEU|NEU|Condition|BZS ITT Condition,ITT Condition|TXT|National|A:A|1|PH,USD,14,301,44.38,BZS,HCP,2024-04-26
|CN|HCPB|UB|mBC|NEU|NEU|Condition|Condition,Condition|TXT|National|A:A|1|EX,USD,4,129,27.66,BZS,HCP,2024-04-26
|CN|HCPB|UB|mBC|NEU|NEU|Condition|Condition,Condition|TXT|National|A:A|1|PH,USD,11,363,67.15,BZS,HCP,2024-04-26
|CN|HCPB|UB|mBC|NEU|NEU|Core|BZS,BZS|TXT|National|A:A|1|EX,USD,0,43,0.0,BZS,HCP,2024-04-26
|CN|HCPB|UB|mBC|NEU|NEU|Core|BZS,BZS|TXT|National|A:A|1|PH,USD,6,110,52.87,BZS,HCP,2024-04-26
|CN|HCPB|UB|mBC|NEU|NEU|Information|BZS Info,BZS Info|TXT|National|A:A|1|EX,USD,14,405,55.46,BZS,HCP,2024-04-26
|CN|HCPB|UB|mBC|NEU|NEU|Information|BZS Info,BZS Info|TXT|National|A:A|1|EX,USD,3,52,16.93,BZS,HCP,2024-04-26
|CN|HCPB|UB|mBC|NEU|NEU|Information|BZS Info,BZS Info|TXT|National|A:A|1|PH,USD,7,209,18.5,BZS,HCP,2024-04-26
|CN|HCPB|UB|mBC|NEU|NEU|Information|BZS Info,BZS Info|TXT|National|A:A|1|PH,USD,0,3,0.0,BZS,HCP,2024-04-26
|CN|HCPB|UB|mBC|NEU|NEU|Information|BZS Info,BZS Info|TXT|National|A:A|1|PH,USD,1,65,5.78,BZS,HCP,2024-04-26
|CN|HCPB|UB|mBC|NEU|NEU|Resources|BZS Resources,BZS Dosing|TXT|National|A:A|1|EX,USD,0,1,0.0,BZS,HCP,2024-04-26
|CN|HCPB|UB|mBC|NEU|NEU|Resources|BZS Resources,BZS Dosing|TXT|National|A:A|1|PH,USD,0,9,0.0,BZS,HCP,2024-04-26
|CN|HCPB|UB|mBC|NEU|NEU|Resources|BZS Resources,BZS MOA|TXT|National|A:A|1|PH,USD,0,5,0.0,BZS,HCP,2024-04-26
|CN|HCPB|UB|mBC|NEU|NEU|Resources|BZS Resources,BZS Resources|TXT|National|A:A|1|EX,USD,0,0,0.0,BZS,HCP,2024-04-26
|CN|HCPB|UB|mBC|NEU|NEU|Resources|BZS Resources,BZS Resources|TXT|National|A:A|1|PH,USD,1,12,4.1,BZS,HCP,2024-04-26
|CN|HCPB|UB|mBC|NEU|NEU|Resources|BZS Resources,BZS Resources|TXT|National|A:A|1|PH,USD,0,5,0.0,BZS,HCP,2024-04-26
|CN|HCPB|UB|mBC|NEU|NEU|Resources|BZS Resources,BZS Safety|TXT|National|A:A|1|EX,USD,0,10,0.0,BZS,HCP,2024-04-26
|CN|HCPB|UB|mBC|NEU|NEU|Resources|BZS Resources,BZS Safety|TXT|National|A:A|1|PH,USD,1,6,7.5600000000000005,BZS,HCP,2024-04-26
|CN|HCPB|UB|mBC|NEU|NEU|Resources|BZS Resources,BZS Safety|TXT|National|A:A|1|PH,USD,0,13,0.0,BZS,HCP,2024-04-26
|CN|HCPB|UB|mBC|NEU|NEU|Resources|BZS Resources,BZS Trial|TXT|National|A:A|1|EX,USD,0,7,0.0,BZS,HCP,2024-04-26
|CN|HCPB|UB|mBC|NEU|NEU|Resources|BZS Resources,BZS Trial|TXT|National|A:A|1|EX,USD,0,15,0.0,BZS,HCP,2024-04-26
|CN|HCPB|UB|mBC|NEU|NEU|Resources|BZS Resources,BZS Trial|TXT|National|A:A|1|EX,USD,0,7,0.0,BZS,HCP,2024-04-26
|CN|HCPB|UB|mBC|NEU|NEU|Resources|BZS Resources,BZS Trial|TXT|National|A:A|1|PH,USD,4,63,14.71,BZS,HCP,2024-04-26
|CN|HCPB|UB|mBC|NEU|NEU|Resources|BZS Resources,BZS Trial|TXT|National|A:A|1|PH,USD,2,26,16.51,BZS,HCP,2024-04-26
|CN|HCPB|UB|mBC|NEU|NEU|Resources|BZS Resources,BZS Trial|TXT|National|A:A|1|PH,USD,1,11,6.1,BZS,HCP,2024-04-26
|CN|HCPB|UB|mBC|NEU|NEU|Treatment|BZS Treatment,BZS Treatment|TXT|National|A:A|1|EX,USD,0,3,0.0,BZS,HCP,2024-04-26
|CN|HCPB|UB|mBC|NEU|NEU|Treatment|BZS Treatment,BZS Treatment|TXT|National|A:A|1|EX,USD,1,30,9.52,BZS,HCP,2024-04-26
|CN|HCPB|UB|mBC|NEU|NEU|Treatment|BZS Treatment,BZS Treatment|TXT|National|A:A|1|EX,USD,3,53,17.75,BZS,HCP,2024-04-26
|CN|HCPB|UB|mBC|NEU|NEU|Treatment|BZS Treatment,BZS Treatment|TXT|National|A:A|1|PH,USD,20,194,71.48,BZS,HCP,2024-04-26
|CN|HCPB|UB|mBC|NEU|NEU|Treatment|BZS Treatment,BZS Treatment|TXT|National|A:A|1|PH,USD,0,10,0.0,BZS,HCP,2024-04-26
|CN|HCPB|UB|mBC|NEU|NEU|Treatment|BZS Treatment,BZS Treatment|TXT|National|A:A|1|PH,USD,24,505,146.68,BZS,HCP,2024-04-26
|CN|HCPB|UB|mBC|NEU|NEU|Treatment|Treatment,Diagnosis|TXT|National|A:A|1|EX,USD,3,55,25.7,BZS,HCP,2024-04-26
|CN|HCPB|UB|mBC|NEU|NEU|Treatment|Treatment,Diagnosis|TXT|National|A:A|1|PH,USD,4,49,35.06,BZS,HCP,2024-04-26
|CN|HCPB|UB|mBC|NEU|NEU|Treatment|Treatment,Treatment Efficacy|TXT|National|A:A|1|PH,USD,3,97,21.65,BZS,HCP,2024-04-26
|CN|HCPB|UB|mBC|NEU|NEU|Treatment|Treatment,Treatment Side Effects|TXT|National|A:A|1|EX,USD,0,2,0.0,BZS,HCP,2024-04-26
|CN|HCPB|UB|mBC|NEU|NEU|Treatment|Treatment,Treatment Side Effects|TXT|National|A:A|1|PH,USD,0,2,0.0,BZS,HCP,2024-04-26
|CN|HCPB|UB|mBC|NEU|NEU|Treatment|Treatment Priority,Treatment|TXT|National|A:A|1|EX,USD,0,26,0.0,BZS,HCP,2024-04-26
|CN|HCPB|UB|mBC|NEU|NEU|Treatment|Treatment Priority,Treatment|TXT|National|A:A|1|PH,USD,14,220,94.92,BZS,HCP,2024-04-26
|CN|HCPB|BR|mBC|NEU|NEU|Competitive|Competitor,Competitors|TXT|National|A:A|1|EX,USD,4,265,33.54,BZS,HCP,2024-04-27
|CN|HCPB|BR|mBC|NEU|NEU|Competitive|Competitor,Competitors|TXT|National|A:A|1|PH,USD,13,468,114.16,BZS,HCP,2024-04-27
|CN|HCPB|BR|mBC|NEU|NEU|Competitive|Competitor,Competitor|TXT|National|A:A|1|EX,USD,6,57,30.4,BZS,HCP,2024-04-27
|CN|HCPB|BR|mBC|NEU|NEU|Competitive|Competitor,Competitor|TXT|National|A:A|1|PH,USD,0,55,0.0,BZS,HCP,2024-04-27
|CN|HCPB|BR|mBC|NEU|NEU|Condition|BZS,BZS|TXT|National|A:A|1|EX,USD,1,7,12.46,BZS,HCP,2024-04-27
|CN|HCPB|BR|mBC|NEU|NEU|Condition|BZS,BZS|TXT|National|A:A|1|PH,USD,6,79,53.61,BZS,HCP,2024-04-27
|CN|HCPB|BR|mBC|NEU|NEU|Condition|BZS,Destiny|TXT|National|A:A|1|EX,USD,0,6,0.0,BZS,HCP,2024-04-27
|CN|HCPB|BR|mBC|NEU|NEU|Condition|BZS,Destiny|TXT|National|A:A|1|PH,USD,2,20,24.64,BZS,HCP,2024-04-27
|CN|HCPB|BR|mBC|NEU|NEU|Core|Alone,Alone|TXT|National|A:A|1|EX,USD,18,226,123.8,BZS,HCP,2024-04-27
|CN|HCPB|BR|mBC|NEU|NEU|Core|Alone,Alone|TXT|National|A:A|1|PH,USD,10,193,70.0,BZS,HCP,2024-04-27
|CN|HCPB|BR|mBC|NEU|NEU|Core|Branded,Brand Alone|TXT|National|A:A|1|EX,USD,9,31,82.07,BZS,HCP,2024-04-27
|CN|HCPB|BR|mBC|NEU|NEU|Core|Branded,Brand Alone|TXT|National|A:A|1|PH,USD,0,4,0.0,BZS,HCP,2024-04-27
|CN|HCPB|BR|mBC|NEU|NEU|Information|Info,Dosing|TXT|National|A:A|1|EX,USD,0,3,0.0,BZS,HCP,2024-04-27
|CN|HCPB|BR|mBC|NEU|NEU|Information|Info,Info|TXT|National|A:A|1|EX,USD,3,15,19.21,BZS,HCP,2024-04-27
|CN|HCPB|BR|mBC|NEU|NEU|Information|Info,Info|TXT|National|A:A|1|PH,USD,0,2,0.0,BZS,HCP,2024-04-27
|CN|HCPB|BR|mBC|NEU|NEU|Information|Info,MOA|TXT|National|A:A|1|EX,USD,3,12,20.15,BZS,HCP,2024-04-27
|CN|HCPB|BR|mBC|NEU|NEU|Information|Info,MOA|TXT|National|A:A|1|PH,USD,0,0,0.0,BZS,HCP,2024-04-27
|CN|HCPB|BR|mBC|NEU|NEU|Information|Info,Resources|TXT|National|A:A|1|EX,USD,0,4,0.0,BZS,HCP,2024-04-27
|CN|HCPB|BR|mBC|NEU|NEU|Information|Info,Resources|TXT|National|A:A|1|PH,USD,0,3,0.0,BZS,HCP,2024-04-27
|CN|HCPB|BR|mBC|NEU|NEU|Information|Info,Safety|TXT|National|A:A|1|EX,USD,1,7,12.12,BZS,HCP,2024-04-27
|CN|HCPB|BR|mBC|NEU|NEU|Information|Info,Safety|TXT|National|A:A|1|PH,USD,0,3,0.0,BZS,HCP,2024-04-27
|CN|HCPB|BR|mBC|NEU|NEU|Information|Info,Study|TXT|National|A:A|1|EX,USD,1,16,9.68,BZS,HCP,2024-04-27
|CN|HCPB|BR|mBC|NEU|NEU|Information|Info,Study|TXT|National|A:A|1|PH,USD,7,81,86.75,BZS,HCP,2024-04-27
|CN|HCPB|BR|mBC|NEU|NEU|Information|Info,Treatment|TXT|National|A:A|1|EX,USD,4,23,42.77,BZS,HCP,2024-04-27
|CN|HCPB|BR|mBC|NEU|NEU|Information|Info,Treatment|TXT|National|A:A|1|PH,USD,3,46,34.41,BZS,HCP,2024-04-27
|CN|HCPB|UB|mBC|NEU|NEU|Condition|BZS Condition,BZS Condition|TXT|National|A:A|1|EX,USD,1,80,7.25,BZS,HCP,2024-04-27
|CN|HCPB|UB|mBC|NEU|NEU|Condition|BZS Condition,BZS Condition|TXT|National|A:A|1|EX,USD,3,29,20.9,BZS,HCP,2024-04-27
|CN|HCPB|UB|mBC|NEU|NEU|Condition|BZS Condition,BZS Condition|TXT|National|A:A|1|PH,USD,1,198,9.09,BZS,HCP,2024-04-27
|CN|HCPB|UB|mBC|NEU|NEU|Condition|BZS Condition,BZS Condition|TXT|National|A:A|1|PH,USD,0,11,0.0,BZS,HCP,2024-04-27
|CN|HCPB|UB|mBC|NEU|NEU|Condition|BZS ITT Condition,BZS Condition|TXT|National|A:A|1|EX,USD,0,20,0.0,BZS,HCP,2024-04-27
|CN|HCPB|UB|mBC|NEU|NEU|Condition|BZS ITT Condition,BZS Condition|TXT|National|A:A|1|PH,USD,8,214,50.85,BZS,HCP,2024-04-27
|CN|HCPB|UB|mBC|NEU|NEU|Condition|BZS ITT Condition,ITT Condition|TXT|National|A:A|1|EX,USD,7,310,22.64,BZS,HCP,2024-04-27
|CN|HCPB|UB|mBC|NEU|NEU|Condition|BZS ITT Condition,ITT Condition|TXT|National|A:A|1|PH,USD,8,340,24.63,BZS,HCP,2024-04-27
|CN|HCPB|UB|mBC|NEU|NEU|Condition|Condition,Condition|TXT|National|A:A|1|EX,USD,3,58,23.85,BZS,HCP,2024-04-27
|CN|HCPB|UB|mBC|NEU|NEU|Condition|Condition,Condition|TXT|National|A:A|1|PH,USD,8,139,69.15,BZS,HCP,2024-04-27
|CN|HCPB|UB|mBC|NEU|NEU|Core|BZS,BZS|TXT|National|A:A|1|EX,USD,1,40,8.31,BZS,HCP,2024-04-27
|CN|HCPB|UB|mBC|NEU|NEU|Core|BZS,BZS|TXT|National|A:A|1|PH,USD,5,180,44.12,BZS,HCP,2024-04-27
|CN|HCPB|UB|mBC|NEU|NEU|Information|BZS Info,BZS Info|TXT|National|A:A|1|EX,USD,0,0,0.0,BZS,HCP,2024-04-27
|CN|HCPB|UB|mBC|NEU|NEU|Information|BZS Info,BZS Info|TXT|National|A:A|1|EX,USD,12,886,40.93,BZS,HCP,2024-04-27
|CN|HCPB|UB|mBC|NEU|NEU|Information|BZS Info,BZS Info|TXT|National|A:A|1|EX,USD,5,18,20.35,BZS,HCP,2024-04-27
|CN|HCPB|UB|mBC|NEU|NEU|Information|BZS Info,BZS Info|TXT|National|A:A|1|PH,USD,0,1,0.0,BZS,HCP,2024-04-27
|CN|HCPB|UB|mBC|NEU|NEU|Information|BZS Info,BZS Info|TXT|National|A:A|1|PH,USD,9,378,23.07,BZS,HCP,2024-04-27
|CN|HCPB|UB|mBC|NEU|NEU|Information|BZS Info,BZS Info|TXT|National|A:A|1|PH,USD,0,22,0.0,BZS,HCP,2024-04-27
|CN|HCPB|UB|mBC|NEU|NEU|Resources|BZS Resources,BZS Dosing|TXT|National|A:A|1|PH,USD,0,5,0.0,BZS,HCP,2024-04-27
|CN|HCPB|UB|mBC|NEU|NEU|Resources|BZS Resources,BZS MOA|TXT|National|A:A|1|PH,USD,0,0,0.0,BZS,HCP,2024-04-27
|CN|HCPB|UB|mBC|NEU|NEU|Resources|BZS Resources,BZS Resources|TXT|National|A:A|1|EX,USD,0,2,0.0,BZS,HCP,2024-04-27
|CN|HCPB|UB|mBC|NEU|NEU|Resources|BZS Resources,BZS Resources|TXT|National|A:A|1|PH,USD,0,1,0.0,BZS,HCP,2024-04-27
|CN|HCPB|UB|mBC|NEU|NEU|Resources|BZS Resources,BZS Resources|TXT|National|A:A|1|PH,USD,1,10,6.11,BZS,HCP,2024-04-27
|CN|HCPB|UB|mBC|NEU|NEU|Resources|BZS Resources,BZS Safety|TXT|National|A:A|1|EX,USD,0,3,0.0,BZS,HCP,2024-04-27
|CN|HCPB|UB|mBC|NEU|NEU|Resources|BZS Resources,BZS Safety|TXT|National|A:A|1|PH,USD,0,12,0.0,BZS,HCP,2024-04-27
|CN|HCPB|UB|mBC|NEU|NEU|Resources|BZS Resources,BZS Safety|TXT|National|A:A|1|PH,USD,0,7,0.0,BZS,HCP,2024-04-27
|CN|HCPB|UB|mBC|NEU|NEU|Resources|BZS Resources,BZS Trial|TXT|National|A:A|1|EX,USD,0,2,0.0,BZS,HCP,2024-04-27
|CN|HCPB|UB|mBC|NEU|NEU|Resources|BZS Resources,BZS Trial|TXT|National|A:A|1|EX,USD,2,19,14.84,BZS,HCP,2024-04-27
|CN|HCPB|UB|mBC|NEU|NEU|Resources|BZS Resources,BZS Trial|TXT|National|A:A|1|EX,USD,1,13,4.27,BZS,HCP,2024-04-27
|CN|HCPB|UB|mBC|NEU|NEU|Resources|BZS Resources,BZS Trial|TXT|National|A:A|1|PH,USD,1,32,8.31,BZS,HCP,2024-04-27
|CN|HCPB|UB|mBC|NEU|NEU|Resources|BZS Resources,BZS Trial|TXT|National|A:A|1|PH,USD,1,7,7.2,BZS,HCP,2024-04-27
|CN|HCPB|UB|mBC|NEU|NEU|Resources|BZS Resources,BZS Trial|TXT|National|A:A|1|PH,USD,3,44,9.51,BZS,HCP,2024-04-27
|CN|HCPB|UB|mBC|NEU|NEU|Treatment|BZS Treatment,BZS Treatment|TXT|National|A:A|1|EX,USD,0,1,0.0,BZS,HCP,2024-04-27
|CN|HCPB|UB|mBC|NEU|NEU|Treatment|BZS Treatment,BZS Treatment|TXT|National|A:A|1|EX,USD,0,16,0.0,BZS,HCP,2024-04-27
|CN|HCPB|UB|mBC|NEU|NEU|Treatment|BZS Treatment,BZS Treatment|TXT|National|A:A|1|EX,USD,1,47,5.0,BZS,HCP,2024-04-27
|CN|HCPB|UB|mBC|NEU|NEU|Treatment|BZS Treatment,BZS Treatment|TXT|National|A:A|1|PH,USD,17,242,61.41,BZS,HCP,2024-04-27
|CN|HCPB|UB|mBC|NEU|NEU|Treatment|BZS Treatment,BZS Treatment|TXT|National|A:A|1|PH,USD,23,447,138.68,BZS,HCP,2024-04-27
|CN|HCPB|UB|mBC|NEU|NEU|Treatment|BZS Treatment,BZS Treatment|TXT|National|A:A|1|PH,USD,0,2,0.0,BZS,HCP,2024-04-27
|CN|HCPB|UB|mBC|NEU|NEU|Treatment|Treatment,Diagnosis|TXT|National|A:A|1|EX,USD,6,78,52.52,BZS,HCP,2024-04-27
|CN|HCPB|UB|mBC|NEU|NEU|Treatment|Treatment,Diagnosis|TXT|National|A:A|1|PH,USD,2,78,16.44,BZS,HCP,2024-04-27
|CN|HCPB|UB|mBC|NEU|NEU|Treatment|Treatment,Treatment Efficacy|TXT|National|A:A|1|PH,USD,1,112,7.43,BZS,HCP,2024-04-27
|CN|HCPB|UB|mBC|NEU|NEU|Treatment|Treatment,Treatment Side Effects|TXT|National|A:A|1|EX,USD,0,2,0.0,BZS,HCP,2024-04-27
|CN|HCPB|UB|mBC|NEU|NEU|Treatment|Treatment,Treatment Side Effects|TXT|National|A:A|1|PH,USD,0,2,0.0,BZS,HCP,2024-04-27
|CN|HCPB|UB|mBC|NEU|NEU|Treatment|Treatment Priority,Treatment|TXT|National|A:A|1|EX,USD,3,43,21.3,BZS,HCP,2024-04-27
|CN|HCPB|UB|mBC|NEU|NEU|Treatment|Treatment Priority,Treatment|TXT|National|A:A|1|PH,USD,11,404,66.99,BZS,HCP,2024-04-27
|CN|HCPB|BR|mBC|NEU|NEU|Competitive|Competitor,Competitors|TXT|National|A:A|1|EX,USD,4,294,30.73,BZS,HCP,2024-04-28
|CN|HCPB|BR|mBC|NEU|NEU|Competitive|Competitor,Competitors|TXT|National|A:A|1|PH,USD,11,475,103.43,BZS,HCP,2024-04-28
|CN|HCPB|BR|mBC|NEU|NEU|Competitive|Competitor,Competitor|TXT|National|A:A|1|EX,USD,4,56,20.02,BZS,HCP,2024-04-28
|CN|HCPB|BR|mBC|NEU|NEU|Competitive|Competitor,Competitor|TXT|National|A:A|1|PH,USD,2,45,10.13,BZS,HCP,2024-04-28
|CN|HCPB|BR|mBC|NEU|NEU|Condition|BZS,BZS|TXT|National|A:A|1|EX,USD,2,15,24.13,BZS,HCP,2024-04-28
|CN|HCPB|BR|mBC|NEU|NEU|Condition|BZS,BZS|TXT|National|A:A|1|PH,USD,5,87,47.2,BZS,HCP,2024-04-28
|CN|HCPB|BR|mBC|NEU|NEU|Condition|BZS,Destiny|TXT|National|A:A|1|EX,USD,0,3,0.0,BZS,HCP,2024-04-28
|CN|HCPB|BR|mBC|NEU|NEU|Condition|BZS,Destiny|TXT|National|A:A|1|PH,USD,2,12,27.28,BZS,HCP,2024-04-28
|CN|HCPB|BR|mBC|NEU|NEU|Core|Alone,Alone|TXT|National|A:A|1|EX,USD,24,236,127.37,BZS,HCP,2024-04-28
|CN|HCPB|BR|mBC|NEU|NEU|Core|Alone,Alone|TXT|National|A:A|1|PH,USD,6,164,50.9,BZS,HCP,2024-04-28
|CN|HCPB|BR|mBC|NEU|NEU|Core|Branded,Brand Alone|TXT|National|A:A|1|EX,USD,4,19,35.87,BZS,HCP,2024-04-28
|CN|HCPB|BR|mBC|NEU|NEU|Core|Branded,Brand Alone|TXT|National|A:A|1|PH,USD,0,9,0.0,BZS,HCP,2024-04-28
|CN|HCPB|BR|mBC|NEU|NEU|Information|Info,Dosing|TXT|National|A:A|1|EX,USD,1,4,4.02,BZS,HCP,2024-04-28
|CN|HCPB|BR|mBC|NEU|NEU|Information|Info,Info|TXT|National|A:A|1|EX,USD,4,17,26.65,BZS,HCP,2024-04-28
|CN|HCPB|BR|mBC|NEU|NEU|Information|Info,Info|TXT|National|A:A|1|PH,USD,0,5,0.0,BZS,HCP,2024-04-28
|CN|HCPB|BR|mBC|NEU|NEU|Information|Info,MOA|TXT|National|A:A|1|PH,USD,0,0,0.0,BZS,HCP,2024-04-28
|CN|HCPB|BR|mBC|NEU|NEU|Information|Info,Resources|TXT|National|A:A|1|EX,USD,0,3,0.0,BZS,HCP,2024-04-28
|CN|HCPB|BR|mBC|NEU|NEU|Information|Info,Safety|TXT|National|A:A|1|EX,USD,0,9,0.0,BZS,HCP,2024-04-28
|CN|HCPB|BR|mBC|NEU|NEU|Information|Info,Study|TXT|National|A:A|1|EX,USD,1,7,11.22,BZS,HCP,2024-04-28
|CN|HCPB|BR|mBC|NEU|NEU|Information|Info,Study|TXT|National|A:A|1|PH,USD,5,88,65.78,BZS,HCP,2024-04-28
|CN|HCPB|BR|mBC|NEU|NEU|Information|Info,Treatment|TXT|National|A:A|1|EX,USD,2,19,23.78,BZS,HCP,2024-04-28
|CN|HCPB|BR|mBC|NEU|NEU|Information|Info,Treatment|TXT|National|A:A|1|PH,USD,6,56,74.57,BZS,HCP,2024-04-28
|CN|HCPB|UB|mBC|NEU|NEU|Condition|BZS Condition,BZS Condition|TXT|National|A:A|1|EX,USD,2,83,25.75,BZS,HCP,2024-04-28
|CN|HCPB|UB|mBC|NEU|NEU|Condition|BZS Condition,BZS Condition|TXT|National|A:A|1|EX,USD,3,58,20.0,BZS,HCP,2024-04-28
|CN|HCPB|UB|mBC|NEU|NEU|Condition|BZS Condition,BZS Condition|TXT|National|A:A|1|PH,USD,2,188,16.5,BZS,HCP,2024-04-28
|CN|HCPB|UB|mBC|NEU|NEU|Condition|BZS Condition,BZS Condition|TXT|National|A:A|1|PH,USD,0,18,0.0,BZS,HCP,2024-04-28
|CN|HCPB|UB|mBC|NEU|NEU|Condition|BZS ITT Condition,BZS Condition|TXT|National|A:A|1|EX,USD,0,21,0.0,BZS,HCP,2024-04-28
|CN|HCPB|UB|mBC|NEU|NEU|Condition|BZS ITT Condition,BZS Condition|TXT|National|A:A|1|PH,USD,3,198,20.43,BZS,HCP,2024-04-28
|CN|HCPB|UB|mBC|NEU|NEU|Condition|BZS ITT Condition,ITT Condition|TXT|National|A:A|1|EX,USD,12,381,43.09,BZS,HCP,2024-04-28
|CN|HCPB|UB|mBC|NEU|NEU|Condition|BZS ITT Condition,ITT Condition|TXT|National|A:A|1|PH,USD,14,458,44.72,BZS,HCP,2024-04-28
|CN|HCPB|UB|mBC|NEU|NEU|Condition|Condition,Condition|TXT|National|A:A|1|EX,USD,3,66,21.82,BZS,HCP,2024-04-28
|CN|HCPB|UB|mBC|NEU|NEU|Condition|Condition,Condition|TXT|National|A:A|1|PH,USD,9,227,68.1,BZS,HCP,2024-04-28
|CN|HCPB|UB|mBC|NEU|NEU|Core|BZS,BZS|TXT|National|A:A|1|EX,USD,0,21,0.0,BZS,HCP,2024-04-28
|CN|HCPB|UB|mBC|NEU|NEU|Core|BZS,BZS|TXT|National|A:A|1|PH,USD,4,59,35.49,BZS,HCP,2024-04-28
|CN|HCPB|UB|mBC|NEU|NEU|Information|BZS Info,BZS Info|TXT|National|A:A|1|EX,USD,0,1,0.0,BZS,HCP,2024-04-28
|CN|HCPB|UB|mBC|NEU|NEU|Information|BZS Info,BZS Info|TXT|National|A:A|1|EX,USD,16,606,51.06,BZS,HCP,2024-04-28
|CN|HCPB|UB|mBC|NEU|NEU|Information|BZS Info,BZS Info|TXT|National|A:A|1|EX,USD,4,144,14.84,BZS,HCP,2024-04-28
|CN|HCPB|UB|mBC|NEU|NEU|Information|BZS Info,BZS Info|TXT|National|A:A|1|PH,USD,2,131,9.52,BZS,HCP,2024-04-28
|CN|HCPB|UB|mBC|NEU|NEU|Information|BZS Info,BZS Info|TXT|National|A:A|1|PH,USD,0,2,0.0,BZS,HCP,2024-04-28
|CN|HCPB|UB|mBC|NEU|NEU|Information|BZS Info,BZS Info|TXT|National|A:A|1|PH,USD,11,214,29.42,BZS,HCP,2024-04-28
|CN|HCPB|UB|mBC|NEU|NEU|Resources|BZS Resources,BZS Dosing|TXT|National|A:A|1|PH,USD,2,4,12.08,BZS,HCP,2024-04-28
|CN|HCPB|UB|mBC|NEU|NEU|Resources|BZS Resources,BZS MOA|TXT|National|A:A|1|PH,USD,0,1,0.0,BZS,HCP,2024-04-28
|CN|HCPB|UB|mBC|NEU|NEU|Resources|BZS Resources,BZS Resources|TXT|National|A:A|1|EX,USD,0,1,0.0,BZS,HCP,2024-04-28
|CN|HCPB|UB|mBC|NEU|NEU|Resources|BZS Resources,BZS Resources|TXT|National|A:A|1|PH,USD,0,1,0.0,BZS,HCP,2024-04-28
|CN|HCPB|UB|mBC|NEU|NEU|Resources|BZS Resources,BZS Resources|TXT|National|A:A|1|PH,USD,0,7,0.0,BZS,HCP,2024-04-28
|CN|HCPB|UB|mBC|NEU|NEU|Resources|BZS Resources,BZS Safety|TXT|National|A:A|1|EX,USD,1,3,7.64,BZS,HCP,2024-04-28
|CN|HCPB|UB|mBC|NEU|NEU|Resources|BZS Resources,BZS Safety|TXT|National|A:A|1|PH,USD,1,7,6.59,BZS,HCP,2024-04-28
|CN|HCPB|UB|mBC|NEU|NEU|Resources|BZS Resources,BZS Safety|TXT|National|A:A|1|PH,USD,0,7,0.0,BZS,HCP,2024-04-28
|CN|HCPB|UB|mBC|NEU|NEU|Resources|BZS Resources,BZS Trial|TXT|National|A:A|1|EX,USD,1,8,7.14,BZS,HCP,2024-04-28
|CN|HCPB|UB|mBC|NEU|NEU|Resources|BZS Resources,BZS Trial|TXT|National|A:A|1|EX,USD,0,9,0.0,BZS,HCP,2024-04-28
|CN|HCPB|UB|mBC|NEU|NEU|Resources|BZS Resources,BZS Trial|TXT|National|A:A|1|EX,USD,0,3,0.0,BZS,HCP,2024-04-28
|CN|HCPB|UB|mBC|NEU|NEU|Resources|BZS Resources,BZS Trial|TXT|National|A:A|1|PH,USD,1,26,4.07,BZS,HCP,2024-04-28
|CN|HCPB|UB|mBC|NEU|NEU|Resources|BZS Resources,BZS Trial|TXT|National|A:A|1|PH,USD,0,3,0.0,BZS,HCP,2024-04-28
|CN|HCPB|UB|mBC|NEU|NEU|Resources|BZS Resources,BZS Trial|TXT|National|A:A|1|PH,USD,1,33,8.51,BZS,HCP,2024-04-28
|CN|HCPB|UB|mBC|NEU|NEU|Treatment|BZS Treatment,BZS Treatment|TXT|National|A:A|1|EX,USD,0,0,0.0,BZS,HCP,2024-04-28
|CN|HCPB|UB|mBC|NEU|NEU|Treatment|BZS Treatment,BZS Treatment|TXT|National|A:A|1|EX,USD,3,15,26.84,BZS,HCP,2024-04-28
|CN|HCPB|UB|mBC|NEU|NEU|Treatment|BZS Treatment,BZS Treatment|TXT|National|A:A|1|EX,USD,3,22,15.96,BZS,HCP,2024-04-28
|CN|HCPB|UB|mBC|NEU|NEU|Treatment|BZS Treatment,BZS Treatment|TXT|National|A:A|1|PH,USD,0,6,0.0,BZS,HCP,2024-04-28
|CN|HCPB|UB|mBC|NEU|NEU|Treatment|BZS Treatment,BZS Treatment|TXT|National|A:A|1|PH,USD,20,270,71.69,BZS,HCP,2024-04-28
|CN|HCPB|UB|mBC|NEU|NEU|Treatment|BZS Treatment,BZS Treatment|TXT|National|A:A|1|PH,USD,23,410,137.75,BZS,HCP,2024-04-28
|CN|HCPB|UB|mBC|NEU|NEU|Treatment|Treatment,Diagnosis|TXT|National|A:A|1|EX,USD,6,49,48.63,BZS,HCP,2024-04-28
|CN|HCPB|UB|mBC|NEU|NEU|Treatment|Treatment,Diagnosis|TXT|National|A:A|1|PH,USD,2,50,16.55,BZS,HCP,2024-04-28
|CN|HCPB|UB|mBC|NEU|NEU|Treatment|Treatment,Treatment Efficacy|TXT|National|A:A|1|PH,USD,5,72,32.72,BZS,HCP,2024-04-28
|CN|HCPB|UB|mBC|NEU|NEU|Treatment|Treatment,Treatment Side Effects|TXT|National|A:A|1|EX,USD,0,1,0.0,BZS,HCP,2024-04-28
|CN|HCPB|UB|mBC|NEU|NEU|Treatment|Treatment Priority,Treatment|TXT|National|A:A|1|EX,USD,0,12,0.0,BZS,HCP,2024-04-28
|CN|HCPB|UB|mBC|NEU|NEU|Treatment|Treatment Priority,Treatment|TXT|National|A:A|1|PH,USD,15,219,94.63,BZS,HCP,2024-04-28
|CN|HCPB|BR|mBC|NEU|NEU|Competitive|Competitor,Competitors|TXT|National|A:A|1|EX,USD,18,571,133.16,BZS,HCP,2024-04-29
|CN|HCPB|BR|mBC|NEU|NEU|Competitive|Competitor,Competitors|TXT|National|A:A|1|PH,USD,34,818,279.47,BZS,HCP,2024-04-29
|CN|HCPB|BR|mBC|NEU|NEU|Competitive|Competitor,Competitor|TXT|National|A:A|1|EX,USD,2,74,8.67,BZS,HCP,2024-04-29
|CN|HCPB|BR|mBC|NEU|NEU|Competitive|Competitor,Competitor|TXT|National|A:A|1|PH,USD,4,90,23.28,BZS,HCP,2024-04-29
|CN|HCPB|BR|mBC|NEU|NEU|Condition|BZS,BZS|TXT|National|A:A|1|EX,USD,4,31,42.66,BZS,HCP,2024-04-29
|CN|HCPB|BR|mBC|NEU|NEU|Condition|BZS,BZS|TXT|National|A:A|1|PH,USD,29,201,266.8,BZS,HCP,2024-04-29
|CN|HCPB|BR|mBC|NEU|NEU|Condition|BZS,Destiny|TXT|National|A:A|1|EX,USD,1,13,11.88,BZS,HCP,2024-04-29
|CN|HCPB|BR|mBC|NEU|NEU|Condition|BZS,Destiny|TXT|National|A:A|1|PH,USD,0,33,0.0,BZS,HCP,2024-04-29
|CN|HCPB|BR|mBC|NEU|NEU|Core|Alone,Alone|TXT|National|A:A|1|EX,USD,63,854,387.78,BZS,HCP,2024-04-29
|CN|HCPB|BR|mBC|NEU|NEU|Core|Alone,Alone|TXT|National|A:A|1|PH,USD,29,422,212.94,BZS,HCP,2024-04-29
|CN|HCPB|BR|mBC|NEU|NEU|Core|Branded,Brand Alone|TXT|National|A:A|1|EX,USD,7,52,61.26,BZS,HCP,2024-04-29
|CN|HCPB|BR|mBC|NEU|NEU|Core|Branded,Brand Alone|TXT|National|A:A|1|PH,USD,1,30,13.86,BZS,HCP,2024-04-29
|CN|HCPB|BR|mBC|NEU|NEU|Information|Info,Dosing|TXT|National|A:A|1|EX,USD,2,9,8.28,BZS,HCP,2024-04-29
|CN|HCPB|BR|mBC|NEU|NEU|Information|Info,Info|TXT|National|A:A|1|EX,USD,10,94,47.6,BZS,HCP,2024-04-29
|CN|HCPB|BR|mBC|NEU|NEU|Information|Info,Info|TXT|National|A:A|1|PH,USD,0,7,0.0,BZS,HCP,2024-04-29
|CN|HCPB|BR|mBC|NEU|NEU|Information|Info,MOA|TXT|National|A:A|1|EX,USD,3,16,16.13,BZS,HCP,2024-04-29
|CN|HCPB|BR|mBC|NEU|NEU|Information|Info,Resources|TXT|National|A:A|1|EX,USD,1,10,2.16,BZS,HCP,2024-04-29
|CN|HCPB|BR|mBC|NEU|NEU|Information|Info,Resources|TXT|National|A:A|1|PH,USD,0,2,0.0,BZS,HCP,2024-04-29
|CN|HCPB|BR|mBC|NEU|NEU|Information|Info,Safety|TXT|National|A:A|1|EX,USD,4,15,45.97,BZS,HCP,2024-04-29
|CN|HCPB|BR|mBC|NEU|NEU|Information|Info,Study|TXT|National|A:A|1|EX,USD,1,19,11.66,BZS,HCP,2024-04-29
|CN|HCPB|BR|mBC|NEU|NEU|Information|Info,Study|TXT|National|A:A|1|PH,USD,20,309,265.37,BZS,HCP,2024-04-29
|CN|HCPB|BR|mBC|NEU|NEU|Information|Info,Treatment|TXT|National|A:A|1|EX,USD,6,71,76.18,BZS,HCP,2024-04-29
|CN|HCPB|BR|mBC|NEU|NEU|Information|Info,Treatment|TXT|National|A:A|1|PH,USD,9,152,107.72,BZS,HCP,2024-04-29
|CN|HCPB|UB|mBC|NEU|NEU|Condition|BZS Condition,BZS Condition|TXT|National|A:A|1|EX,USD,2,84,14.76,BZS,HCP,2024-04-29
|CN|HCPB|UB|mBC|NEU|NEU|Condition|BZS Condition,BZS Condition|TXT|National|A:A|1|EX,USD,3,111,29.79,BZS,HCP,2024-04-29
|CN|HCPB|UB|mBC|NEU|NEU|Condition|BZS Condition,BZS Condition|TXT|National|A:A|1|PH,USD,7,261,68.37,BZS,HCP,2024-04-29
|CN|HCPB|UB|mBC|NEU|NEU|Condition|BZS Condition,BZS Condition|TXT|National|A:A|1|PH,USD,0,33,0.0,BZS,HCP,2024-04-29
|CN|HCPB|UB|mBC|NEU|NEU|Condition|BZS ITT Condition,BZS Condition|TXT|National|A:A|1|EX,USD,2,28,16.65,BZS,HCP,2024-04-29
|CN|HCPB|UB|mBC|NEU|NEU|Condition|BZS ITT Condition,BZS Condition|TXT|National|A:A|1|PH,USD,4,228,27.28,BZS,HCP,2024-04-29
|CN|HCPB|UB|mBC|NEU|NEU|Condition|BZS ITT Condition,ITT Condition|TXT|National|A:A|1|EX,USD,4,333,14.05,BZS,HCP,2024-04-29
|CN|HCPB|UB|mBC|NEU|NEU|Condition|BZS ITT Condition,ITT Condition|TXT|National|A:A|1|PH,USD,11,567,36.25,BZS,HCP,2024-04-29
|CN|HCPB|UB|mBC|NEU|NEU|Condition|Condition,Condition|TXT|National|A:A|1|EX,USD,6,60,42.38,BZS,HCP,2024-04-29
|CN|HCPB|UB|mBC|NEU|NEU|Condition|Condition,Condition|TXT|National|A:A|1|PH,USD,5,221,38.25,BZS,HCP,2024-04-29
|CN|HCPB|UB|mBC|NEU|NEU|Core|BZS,BZS|TXT|National|A:A|1|EX,USD,1,28,8.62,BZS,HCP,2024-04-29
|CN|HCPB|UB|mBC|NEU|NEU|Core|BZS,BZS|TXT|National|A:A|1|PH,USD,4,114,34.8,BZS,HCP,2024-04-29
|CN|HCPB|UB|mBC|NEU|NEU|Information|BZS Info,BZS Info|TXT|National|A:A|1|EX,USD,0,1,0.0,BZS,HCP,2024-04-29
|CN|HCPB|UB|mBC|NEU|NEU|Information|BZS Info,BZS Info|TXT|National|A:A|1|EX,USD,12,721,37.97,BZS,HCP,2024-04-29
|CN|HCPB|UB|mBC|NEU|NEU|Information|BZS Info,BZS Info|TXT|National|A:A|1|EX,USD,1,138,7.41,BZS,HCP,2024-04-29
|CN|HCPB|UB|mBC|NEU|NEU|Information|BZS Info,BZS Info|TXT|National|A:A|1|PH,USD,8,289,19.82,BZS,HCP,2024-04-29
|CN|HCPB|UB|mBC|NEU|NEU|Information|BZS Info,BZS Info|TXT|National|A:A|1|PH,USD,4,152,18.82,BZS,HCP,2024-04-29
|CN|HCPB|UB|mBC|NEU|NEU|Information|BZS Info,BZS Info|TXT|National|A:A|1|PH,USD,0,3,0.0,BZS,HCP,2024-04-29
|CN|HCPB|UB|mBC|NEU|NEU|Resources|BZS Resources,BZS Dosing|TXT|National|A:A|1|PH,USD,0,2,0.0,BZS,HCP,2024-04-29
|CN|HCPB|UB|mBC|NEU|NEU|Resources|BZS Resources,BZS MOA|TXT|National|A:A|1|PH,USD,0,0,0.0,BZS,HCP,2024-04-29
|CN|HCPB|UB|mBC|NEU|NEU|Resources|BZS Resources,BZS Resources|TXT|National|A:A|1|EX,USD,0,0,0.0,BZS,HCP,2024-04-29
|CN|HCPB|UB|mBC|NEU|NEU|Resources|BZS Resources,BZS Resources|TXT|National|A:A|1|PH,USD,1,2,7.1,BZS,HCP,2024-04-29
|CN|HCPB|UB|mBC|NEU|NEU|Resources|BZS Resources,BZS Resources|TXT|National|A:A|1|PH,USD,0,5,0.0,BZS,HCP,2024-04-29
|CN|HCPB|UB|mBC|NEU|NEU|Resources|BZS Resources,BZS Safety|TXT|National|A:A|1|EX,USD,0,1,0.0,BZS,HCP,2024-04-29
|CN|HCPB|UB|mBC|NEU|NEU|Resources|BZS Resources,BZS Safety|TXT|National|A:A|1|EX,USD,0,0,0.0,BZS,HCP,2024-04-29
|CN|HCPB|UB|mBC|NEU|NEU|Resources|BZS Resources,BZS Safety|TXT|National|A:A|1|PH,USD,0,2,0.0,BZS,HCP,2024-04-29
|CN|HCPB|UB|mBC|NEU|NEU|Resources|BZS Resources,BZS Safety|TXT|National|A:A|1|PH,USD,0,10,0.0,BZS,HCP,2024-04-29
|CN|HCPB|UB|mBC|NEU|NEU|Resources|BZS Resources,BZS Trial|TXT|National|A:A|1|EX,USD,1,11,7.29,BZS,HCP,2024-04-29
|CN|HCPB|UB|mBC|NEU|NEU|Resources|BZS Resources,BZS Trial|TXT|National|A:A|1|EX,USD,0,3,0.0,BZS,HCP,2024-04-29
|CN|HCPB|UB|mBC|NEU|NEU|Resources|BZS Resources,BZS Trial|TXT|National|A:A|1|EX,USD,0,5,0.0,BZS,HCP,2024-04-29
|CN|HCPB|UB|mBC|NEU|NEU|Resources|BZS Resources,BZS Trial|TXT|National|A:A|1|PH,USD,2,15,13.81,BZS,HCP,2024-04-29
|CN|HCPB|UB|mBC|NEU|NEU|Resources|BZS Resources,BZS Trial|TXT|National|A:A|1|PH,USD,3,26,11.33,BZS,HCP,2024-04-29
|CN|HCPB|UB|mBC|NEU|NEU|Resources|BZS Resources,BZS Trial|TXT|National|A:A|1|PH,USD,0,13,0.0,BZS,HCP,2024-04-29
|CN|HCPB|UB|mBC|NEU|NEU|Treatment|BZS Treatment,BZS Treatment|TXT|National|A:A|1|EX,USD,0,0,0.0,BZS,HCP,2024-04-29
|CN|HCPB|UB|mBC|NEU|NEU|Treatment|BZS Treatment,BZS Treatment|TXT|National|A:A|1|EX,USD,1,11,7.87,BZS,HCP,2024-04-29
|CN|HCPB|UB|mBC|NEU|NEU|Treatment|BZS Treatment,BZS Treatment|TXT|National|A:A|1|EX,USD,0,35,0.0,BZS,HCP,2024-04-29
|CN|HCPB|UB|mBC|NEU|NEU|Treatment|BZS Treatment,BZS Treatment|TXT|National|A:A|1|PH,USD,20,393,133.67,BZS,HCP,2024-04-29
|CN|HCPB|UB|mBC|NEU|NEU|Treatment|BZS Treatment,BZS Treatment|TXT|National|A:A|1|PH,USD,22,314,79.83,BZS,HCP,2024-04-29
|CN|HCPB|UB|mBC|NEU|NEU|Treatment|BZS Treatment,BZS Treatment|TXT|National|A:A|1|PH,USD,0,7,0.0,BZS,HCP,2024-04-29
|CN|HCPB|UB|mBC|NEU|NEU|Treatment|Treatment,Diagnosis|TXT|National|A:A|1|EX,USD,4,118,31.58,BZS,HCP,2024-04-29
|CN|HCPB|UB|mBC|NEU|NEU|Treatment|Treatment,Diagnosis|TXT|National|A:A|1|PH,USD,5,111,43.73,BZS,HCP,2024-04-29
|CN|HCPB|UB|mBC|NEU|NEU|Treatment|Treatment,Treatment Efficacy|TXT|National|A:A|1|EX,USD,0,4,0.0,BZS,HCP,2024-04-29
|CN|HCPB|UB|mBC|NEU|NEU|Treatment|Treatment,Treatment Efficacy|TXT|National|A:A|1|PH,USD,2,125,16.95,BZS,HCP,2024-04-29
|CN|HCPB|UB|mBC|NEU|NEU|Treatment|Treatment,Treatment Side Effects|TXT|National|A:A|1|EX,USD,0,2,0.0,BZS,HCP,2024-04-29
|CN|HCPB|UB|mBC|NEU|NEU|Treatment|Treatment,Treatment Side Effects|TXT|National|A:A|1|PH,USD,0,1,0.0,BZS,HCP,2024-04-29
|CN|HCPB|UB|mBC|NEU|NEU|Treatment|Treatment Priority,Treatment|TXT|National|A:A|1|EX,USD,1,15,9.68,BZS,HCP,2024-04-29
|CN|HCPB|UB|mBC|NEU|NEU|Treatment|Treatment Priority,Treatment|TXT|National|A:A|1|PH,USD,12,192,81.0,BZS,HCP,2024-04-29
|CN|HCPB|BR|mBC|NEU|NEU|Competitive|Competitor,Competitors|TXT|National|A:A|1|EX,USD,22,701,153.32,BZS,HCP,2024-04-30
|CN|HCPB|BR|mBC|NEU|NEU|Competitive|Competitor,Competitors|TXT|National|A:A|1|EX,USD,17,669,126.46,BZS,HCP,2024-04-30
|CN|HCPB|BR|mBC|NEU|NEU|Competitive|Competitor,Competitors|TXT|National|A:A|1|PH,USD,25,934,212.45,BZS,HCP,2024-04-30
|CN|HCPB|BR|mBC|NEU|NEU|Competitive|Competitor,Competitors|TXT|National|A:A|1|PH,USD,19,920,151.07,BZS,HCP,2024-04-30
|CN|HCPB|BR|mBC|NEU|NEU|Competitive|Competitor,Competitor|TXT|National|A:A|1|EX,USD,1,81,9.64,BZS,HCP,2024-04-30
|CN|HCPB|BR|mBC|NEU|NEU|Competitive|Competitor,Competitor|TXT|National|A:A|1|EX,USD,2,73,9.54,BZS,HCP,2024-04-30
|CN|HCPB|BR|mBC|NEU|NEU|Competitive|Competitor,Competitor|TXT|National|A:A|1|PH,USD,7,225,56.08,BZS,HCP,2024-04-30
|CN|HCPB|BR|mBC|NEU|NEU|Competitive|Competitor,Competitor|TXT|National|A:A|1|PH,USD,12,314,105.33,BZS,HCP,2024-04-30
|CN|HCPB|BR|mBC|NEU|NEU|Condition|BZS,BZS|TXT|National|A:A|1|EX,USD,4,30,48.63,BZS,HCP,2024-04-30
|CN|HCPB|BR|mBC|NEU|NEU|Condition|BZS,BZS|TXT|National|A:A|1|EX,USD,2,38,27.53,BZS,HCP,2024-04-30
|CN|HCPB|BR|mBC|NEU|NEU|Condition|BZS,BZS|TXT|National|A:A|1|PH,USD,29,228,256.65,BZS,HCP,2024-04-30
|CN|HCPB|BR|mBC|NEU|NEU|Condition|BZS,BZS|TXT|National|A:A|1|PH,USD,12,185,114.85,BZS,HCP,2024-04-30
|CN|HCPB|BR|mBC|NEU|NEU|Condition|BZS,Destiny|TXT|National|A:A|1|EX,USD,0,9,0.0,BZS,HCP,2024-04-30
|CN|HCPB|BR|mBC|NEU|NEU|Condition|BZS,Destiny|TXT|National|A:A|1|EX,USD,1,17,9.7,BZS,HCP,2024-04-30
|CN|HCPB|BR|mBC|NEU|NEU|Condition|BZS,Destiny|TXT|National|A:A|1|PH,USD,0,38,0.0,BZS,HCP,2024-04-30
|CN|HCPB|BR|mBC|NEU|NEU|Condition|BZS,Destiny|TXT|National|A:A|1|PH,USD,7,42,94.67,BZS,HCP,2024-04-30
|CN|HCPB|BR|mBC|NEU|NEU|Core|Alone,Alone|TXT|National|A:A|1|EX,USD,79,880,449.06,BZS,HCP,2024-04-30
|CN|HCPB|BR|mBC|NEU|NEU|Core|Alone,Alone|TXT|National|A:A|1|EX,USD,77,851,441.06,BZS,HCP,2024-04-30
|CN|HCPB|BR|mBC|NEU|NEU|Core|Alone,Alone|TXT|National|A:A|1|PH,USD,29,487,233.46,BZS,HCP,2024-04-30
|CN|HCPB|BR|mBC|NEU|NEU|Core|Alone,Alone|TXT|National|A:A|1|PH,USD,32,503,227.44,BZS,HCP,2024-04-30
|CN|HCPB|BR|mBC|NEU|NEU|Core|Branded,Brand Alone|TXT|National|A:A|1|EX,USD,9,66,87.48,BZS,HCP,2024-04-30
|CN|HCPB|BR|mBC|NEU|NEU|Core|Branded,Brand Alone|TXT|National|A:A|1|EX,USD,9,92,72.18,BZS,HCP,2024-04-30
|CN|HCPB|BR|mBC|NEU|NEU|Core|Branded,Brand Alone|TXT|National|A:A|1|PH,USD,2,23,27.29,BZS,HCP,2024-04-30
|CN|HCPB|BR|mBC|NEU|NEU|Core|Branded,Brand Alone|TXT|National|A:A|1|PH,USD,0,18,0.0,BZS,HCP,2024-04-30
|CN|HCPB|BR|mBC|NEU|NEU|Information|Info,Dosing|TXT|National|A:A|1|EX,USD,1,3,3.89,BZS,HCP,2024-04-30
|CN|HCPB|BR|mBC|NEU|NEU|Information|Info,Dosing|TXT|National|A:A|1|EX,USD,1,6,4.89,BZS,HCP,2024-04-30
|CN|HCPB|BR|mBC|NEU|NEU|Information|Info,Dosing|TXT|National|A:A|1|PH,USD,0,1,0.0,BZS,HCP,2024-04-30
|CN|HCPB|BR|mBC|NEU|NEU|Information|Info,Info|TXT|National|A:A|1|EX,USD,16,88,91.71,BZS,HCP,2024-04-30
|CN|HCPB|BR|mBC|NEU|NEU|Information|Info,Info|TXT|National|A:A|1|EX,USD,27,103,129.46,BZS,HCP,2024-04-30
|CN|HCPB|BR|mBC|NEU|NEU|Information|Info,Info|TXT|National|A:A|1|PH,USD,0,16,0.0,BZS,HCP,2024-04-30
|CN|HCPB|BR|mBC|NEU|NEU|Information|Info,Info|TXT|National|A:A|1|PH,USD,0,18,0.0,BZS,HCP,2024-04-30
|CN|HCPB|BR|mBC|NEU|NEU|Information|Info,MOA|TXT|National|A:A|1|EX,USD,4,21,22.32,BZS,HCP,2024-04-30
|CN|HCPB|BR|mBC|NEU|NEU|Information|Info,MOA|TXT|National|A:A|1|EX,USD,3,14,25.44,BZS,HCP,2024-04-30
|CN|HCPB|BR|mBC|NEU|NEU|Information|Info,MOA|TXT|National|A:A|1|PH,USD,0,2,0.0,BZS,HCP,2024-04-30
|CN|HCPB|BR|mBC|NEU|NEU|Information|Info,MOA|TXT|National|A:A|1|PH,USD,1,3,12.6,BZS,HCP,2024-04-30
|CN|HCPB|BR|mBC|NEU|NEU|Information|Info,Resources|TXT|National|A:A|1|EX,USD,0,10,0.0,BZS,HCP,2024-04-30
|CN|HCPB|BR|mBC|NEU|NEU|Information|Info,Resources|TXT|National|A:A|1|EX,USD,2,17,9.05,BZS,HCP,2024-04-30
|CN|HCPB|BR|mBC|NEU|NEU|Information|Info,Resources|TXT|National|A:A|1|PH,USD,0,1,0.0,BZS,HCP,2024-04-30
|CN|HCPB|BR|mBC|NEU|NEU|Information|Info,Safety|TXT|National|A:A|1|EX,USD,3,21,31.73,BZS,HCP,2024-04-30
|CN|HCPB|BR|mBC|NEU|NEU|Information|Info,Safety|TXT|National|A:A|1|EX,USD,1,15,12.05,BZS,HCP,2024-04-30
|CN|HCPB|BR|mBC|NEU|NEU|Information|Info,Safety|TXT|National|A:A|1|PH,USD,0,5,0.0,BZS,HCP,2024-04-30
|CN|HCPB|BR|mBC|NEU|NEU|Information|Info,Safety|TXT|National|A:A|1|PH,USD,0,5,0.0,BZS,HCP,2024-04-30
|CN|HCPB|BR|mBC|NEU|NEU|Information|Info,Study|TXT|National|A:A|1|EX,USD,1,15,11.72,BZS,HCP,2024-04-30
|CN|HCPB|BR|mBC|NEU|NEU|Information|Info,Study|TXT|National|A:A|1|EX,USD,2,17,23.08,BZS,HCP,2024-04-30
|CN|HCPB|BR|mBC|NEU|NEU|Information|Info,Study|TXT|National|A:A|1|PH,USD,22,313,275.68,BZS,HCP,2024-04-30
|CN|HCPB|BR|mBC|NEU|NEU|Information|Info,Study|TXT|National|A:A|1|PH,USD,13,244,170.09,BZS,HCP,2024-04-30
|CN|HCPB|BR|mBC|NEU|NEU|Information|Info,Treatment|TXT|National|A:A|1|EX,USD,7,48,87.1,BZS,HCP,2024-04-30
|CN|HCPB|BR|mBC|NEU|NEU|Information|Info,Treatment|TXT|National|A:A|1|EX,USD,3,65,36.56,BZS,HCP,2024-04-30
|CN|HCPB|BR|mBC|NEU|NEU|Information|Info,Treatment|TXT|National|A:A|1|PH,USD,17,167,209.78,BZS,HCP,2024-04-30
|CN|HCPB|BR|mBC|NEU|NEU|Information|Info,Treatment|TXT|National|A:A|1|PH,USD,8,127,89.08,BZS,HCP,2024-04-30
|CN|HCPB|UB|mBC|NEU|NEU|Condition|BZS Condition,BZS Condition|TXT|National|A:A|1|EX,USD,10,188,56.68,BZS,HCP,2024-04-30
|CN|HCPB|UB|mBC|NEU|NEU|Condition|BZS Condition,BZS Condition|TXT|National|A:A|1|EX,USD,7,288,89.58,BZS,HCP,2024-04-30
|CN|HCPB|UB|mBC|NEU|NEU|Condition|BZS Condition,BZS Condition|TXT|National|A:A|1|EX,USD,12,98,83.8,BZS,HCP,2024-04-30
|CN|HCPB|UB|mBC|NEU|NEU|Condition|BZS Condition,BZS Condition|TXT|National|A:A|1|EX,USD,7,305,90.4,BZS,HCP,2024-04-30
|CN|HCPB|UB|mBC|NEU|NEU|Condition|BZS Condition,BZS Condition|TXT|National|A:A|1|PH,USD,3,48,8.71,BZS,HCP,2024-04-30
|CN|HCPB|UB|mBC|NEU|NEU|Condition|BZS Condition,BZS Condition|TXT|National|A:A|1|PH,USD,7,416,65.02,BZS,HCP,2024-04-30
|CN|HCPB|UB|mBC|NEU|NEU|Condition|BZS Condition,BZS Condition|TXT|National|A:A|1|PH,USD,9,412,80.31,BZS,HCP,2024-04-30
|CN|HCPB|UB|mBC|NEU|NEU|Condition|BZS Condition,BZS Condition|TXT|National|A:A|1|PH,USD,0,12,0.0,BZS,HCP,2024-04-30
|CN|HCPB|UB|mBC|NEU|NEU|Condition|BZS ITT Condition,BZS Condition|TXT|National|A:A|1|EX,USD,0,24,0.0,BZS,HCP,2024-04-30
|CN|HCPB|UB|mBC|NEU|NEU|Condition|BZS ITT Condition,BZS Condition|TXT|National|A:A|1|EX,USD,3,38,25.17,BZS,HCP,2024-04-30
|CN|HCPB|UB|mBC|NEU|NEU|Condition|BZS ITT Condition,BZS Condition|TXT|National|A:A|1|PH,USD,17,405,133.49,BZS,HCP,2024-04-30
|CN|HCPB|UB|mBC|NEU|NEU|Condition|BZS ITT Condition,BZS Condition|TXT|National|A:A|1|PH,USD,10,423,62.39,BZS,HCP,2024-04-30
|CN|HCPB|UB|mBC|NEU|NEU|Condition|BZS ITT Condition,ITT Condition|TXT|National|A:A|1|EX,USD,5,311,16.31,BZS,HCP,2024-04-30
|CN|HCPB|UB|mBC|NEU|NEU|Condition|BZS ITT Condition,ITT Condition|TXT|National|A:A|1|EX,USD,10,486,32.37,BZS,HCP,2024-04-30
|CN|HCPB|UB|mBC|NEU|NEU|Condition|BZS ITT Condition,ITT Condition|TXT|National|A:A|1|PH,USD,16,626,52.94,BZS,HCP,2024-04-30
|CN|HCPB|UB|mBC|NEU|NEU|Condition|BZS ITT Condition,ITT Condition|TXT|National|A:A|1|PH,USD,9,553,27.06,BZS,HCP,2024-04-30
|CN|HCPB|UB|mBC|NEU|NEU|Condition|Condition,Condition|TXT|National|A:A|1|EX,USD,1,48,6.23,BZS,HCP,2024-04-30
|CN|HCPB|UB|mBC|NEU|NEU|Condition|Condition,Condition|TXT|National|A:A|1|EX,USD,5,55,39.89,BZS,HCP,2024-04-30
|CN|HCPB|UB|mBC|NEU|NEU|Condition|Condition,Condition|TXT|National|A:A|1|PH,USD,7,175,56.3,BZS,HCP,2024-04-30
|CN|HCPB|UB|mBC|NEU|NEU|Condition|Condition,Condition|TXT|National|A:A|1|PH,USD,9,133,70.87,BZS,HCP,2024-04-30
|CN|HCPB|UB|mBC|NEU|NEU|Core|BZS,BZS|TXT|National|A:A|1|EX,USD,0,37,0.0,BZS,HCP,2024-04-30
|CN|HCPB|UB|mBC|NEU|NEU|Core|BZS,BZS|TXT|National|A:A|1|EX,USD,0,23,0.0,BZS,HCP,2024-04-30
|CN|HCPB|UB|mBC|NEU|NEU|Core|BZS,BZS|TXT|National|A:A|1|PH,USD,5,164,44.01,BZS,HCP,2024-04-30
|CN|HCPB|UB|mBC|NEU|NEU|Core|BZS,BZS|TXT|National|A:A|1|PH,USD,4,84,34.23,BZS,HCP,2024-04-30
|CN|HCPB|UB|mBC|NEU|NEU|Information|BZS Info,BZS Info|TXT|National|A:A|1|EX,USD,23,839,92.08,BZS,HCP,2024-04-30
|CN|HCPB|UB|mBC|NEU|NEU|Information|BZS Info,BZS Info|TXT|National|A:A|1|EX,USD,6,108,34.19,BZS,HCP,2024-04-30
|CN|HCPB|UB|mBC|NEU|NEU|Information|BZS Info,BZS Info|TXT|National|A:A|1|EX,USD,0,4,0.0,BZS,HCP,2024-04-30
|CN|HCPB|UB|mBC|NEU|NEU|Information|BZS Info,BZS Info|TXT|National|A:A|1|EX,USD,14,871,55.16,BZS,HCP,2024-04-30
|CN|HCPB|UB|mBC|NEU|NEU|Information|BZS Info,BZS Info|TXT|National|A:A|1|EX,USD,0,1,0.0,BZS,HCP,2024-04-30
|CN|HCPB|UB|mBC|NEU|NEU|Information|BZS Info,BZS Info|TXT|National|A:A|1|EX,USD,11,367,53.96,BZS,HCP,2024-04-30
|CN|HCPB|UB|mBC|NEU|NEU|Information|BZS Info,BZS Info|TXT|National|A:A|1|PH,USD,10,264,47.17,BZS,HCP,2024-04-30
|CN|HCPB|UB|mBC|NEU|NEU|Information|BZS Info,BZS Info|TXT|National|A:A|1|PH,USD,0,3,0.0,BZS,HCP,2024-04-30
|CN|HCPB|UB|mBC|NEU|NEU|Information|BZS Info,BZS Info|TXT|National|A:A|1|PH,USD,0,2,0.0,BZS,HCP,2024-04-30
|CN|HCPB|UB|mBC|NEU|NEU|Information|BZS Info,BZS Info|TXT|National|A:A|1|PH,USD,6,352,28.39,BZS,HCP,2024-04-30
|CN|HCPB|UB|mBC|NEU|NEU|Information|BZS Info,BZS Info|TXT|National|A:A|1|PH,USD,7,282,19.21,BZS,HCP,2024-04-30
|CN|HCPB|UB|mBC|NEU|NEU|Information|BZS Info,BZS Info|TXT|National|A:A|1|PH,USD,4,297,10.85,BZS,HCP,2024-04-30
|CN|HCPB|UB|mBC|NEU|NEU|Resources|BZS Resources,BZS Dosing|TXT|National|A:A|1|EX,USD,1,6,8.96,BZS,HCP,2024-04-30
|CN|HCPB|UB|mBC|NEU|NEU|Resources|BZS Resources,BZS Dosing|TXT|National|A:A|1|EX,USD,0,2,0.0,BZS,HCP,2024-04-30
|CN|HCPB|UB|mBC|NEU|NEU|Resources|BZS Resources,BZS Dosing|TXT|National|A:A|1|PH,USD,0,18,0.0,BZS,HCP,2024-04-30
|CN|HCPB|UB|mBC|NEU|NEU|Resources|BZS Resources,BZS Dosing|TXT|National|A:A|1|PH,USD,0,29,0.0,BZS,HCP,2024-04-30
|CN|HCPB|UB|mBC|NEU|NEU|Resources|BZS Resources,BZS MOA|TXT|National|A:A|1|PH,USD,0,1,0.0,BZS,HCP,2024-04-30
|CN|HCPB|UB|mBC|NEU|NEU|Resources|BZS Resources,BZS MOA|TXT|National|A:A|1|PH,USD,0,4,0.0,BZS,HCP,2024-04-30
|CN|HCPB|UB|mBC|NEU|NEU|Resources|BZS Resources,BZS MOA|TXT|National|A:A|1|PH,USD,0,1,0.0,BZS,HCP,2024-04-30
|CN|HCPB|UB|mBC|NEU|NEU|Resources|BZS Resources,BZS Resources|TXT|National|A:A|1|EX,USD,0,2,0.0,BZS,HCP,2024-04-30
|CN|HCPB|UB|mBC|NEU|NEU|Resources|BZS Resources,BZS Resources|TXT|National|A:A|1|EX,USD,0,5,0.0,BZS,HCP,2024-04-30
|CN|HCPB|UB|mBC|NEU|NEU|Resources|BZS Resources,BZS Resources|TXT|National|A:A|1|EX,USD,0,8,0.0,BZS,HCP,2024-04-30
|CN|HCPB|UB|mBC|NEU|NEU|Resources|BZS Resources,BZS Resources|TXT|National|A:A|1|PH,USD,1,52,5.95,BZS,HCP,2024-04-30
|CN|HCPB|UB|mBC|NEU|NEU|Resources|BZS Resources,BZS Resources|TXT|National|A:A|1|PH,USD,0,12,0.0,BZS,HCP,2024-04-30
|CN|HCPB|UB|mBC|NEU|NEU|Resources|BZS Resources,BZS Resources|TXT|National|A:A|1|PH,USD,4,37,13.69,BZS,HCP,2024-04-30
|CN|HCPB|UB|mBC|NEU|NEU|Resources|BZS Resources,BZS Resources|TXT|National|A:A|1|PH,USD,0,15,0.0,BZS,HCP,2024-04-30
|CN|HCPB|UB|mBC|NEU|NEU|Resources|BZS Resources,BZS Safety|TXT|National|A:A|1|EX,USD,0,27,0.0,BZS,HCP,2024-04-30
|CN|HCPB|UB|mBC|NEU|NEU|Resources|BZS Resources,BZS Safety|TXT|National|A:A|1|EX,USD,1,32,7.52,BZS,HCP,2024-04-30
|CN|HCPB|UB|mBC|NEU|NEU|Resources|BZS Resources,BZS Safety|TXT|National|A:A|1|PH,USD,1,34,2.9699999999999998,BZS,HCP,2024-04-30
|CN|HCPB|UB|mBC|NEU|NEU|Resources|BZS Resources,BZS Safety|TXT|National|A:A|1|PH,USD,1,27,7.96,BZS,HCP,2024-04-30
|CN|HCPB|UB|mBC|NEU|NEU|Resources|BZS Resources,BZS Safety|TXT|National|A:A|1|PH,USD,0,25,0.0,BZS,HCP,2024-04-30
|CN|HCPB|UB|mBC|NEU|NEU|Resources|BZS Resources,BZS Safety|TXT|National|A:A|1|PH,USD,2,47,5.99,BZS,HCP,2024-04-30
|CN|HCPB|UB|mBC|NEU|NEU|Resources|BZS Resources,BZS Trial|TXT|National|A:A|1|EX,USD,2,45,11.27,BZS,HCP,2024-04-30
|CN|HCPB|UB|mBC|NEU|NEU|Resources|BZS Resources,BZS Trial|TXT|National|A:A|1|EX,USD,0,20,0.0,BZS,HCP,2024-04-30
|CN|HCPB|UB|mBC|NEU|NEU|Resources|BZS Resources,BZS Trial|TXT|National|A:A|1|EX,USD,1,14,9.17,BZS,HCP,2024-04-30
|CN|HCPB|UB|mBC|NEU|NEU|Resources|BZS Resources,BZS Trial|TXT|National|A:A|1|EX,USD,1,47,8.66,BZS,HCP,2024-04-30
|CN|HCPB|UB|mBC|NEU|NEU|Resources|BZS Resources,BZS Trial|TXT|National|A:A|1|EX,USD,2,43,11.82,BZS,HCP,2024-04-30
|CN|HCPB|UB|mBC|NEU|NEU|Resources|BZS Resources,BZS Trial|TXT|National|A:A|1|EX,USD,0,10,0.0,BZS,HCP,2024-04-30
|CN|HCPB|UB|mBC|NEU|NEU|Resources|BZS Resources,BZS Trial|TXT|National|A:A|1|PH,USD,10,294,34.12,BZS,HCP,2024-04-30
|CN|HCPB|UB|mBC|NEU|NEU|Resources|BZS Resources,BZS Trial|TXT|National|A:A|1|PH,USD,2,38,11.81,BZS,HCP,2024-04-30
|CN|HCPB|UB|mBC|NEU|NEU|Resources|BZS Resources,BZS Trial|TXT|National|A:A|1|PH,USD,13,338,41.6,BZS,HCP,2024-04-30
|CN|HCPB|UB|mBC|NEU|NEU|Resources|BZS Resources,BZS Trial|TXT|National|A:A|1|PH,USD,11,156,69.97,BZS,HCP,2024-04-30
|CN|HCPB|UB|mBC|NEU|NEU|Resources|BZS Resources,BZS Trial|TXT|National|A:A|1|PH,USD,9,171,64.15,BZS,HCP,2024-04-30
|CN|HCPB|UB|mBC|NEU|NEU|Resources|BZS Resources,BZS Trial|TXT|National|A:A|1|PH,USD,1,19,6.12,BZS,HCP,2024-04-30
|CN|HCPB|UB|mBC|NEU|NEU|Treatment|BZS Treatment,BZS Treatment|TXT|National|A:A|1|EX,USD,0,30,0.0,BZS,HCP,2024-04-30
|CN|HCPB|UB|mBC|NEU|NEU|Treatment|BZS Treatment,BZS Treatment|TXT|National|A:A|1|EX,USD,0,3,0.0,BZS,HCP,2024-04-30
|CN|HCPB|UB|mBC|NEU|NEU|Treatment|BZS Treatment,BZS Treatment|TXT|National|A:A|1|EX,USD,0,1,0.0,BZS,HCP,2024-04-30
|CN|HCPB|UB|mBC|NEU|NEU|Treatment|BZS Treatment,BZS Treatment|TXT|National|A:A|1|EX,USD,0,1,0.0,BZS,HCP,2024-04-30
|CN|HCPB|UB|mBC|NEU|NEU|Treatment|BZS Treatment,BZS Treatment|TXT|National|A:A|1|EX,USD,1,24,8.6,BZS,HCP,2024-04-30
|CN|HCPB|UB|mBC|NEU|NEU|Treatment|BZS Treatment,BZS Treatment|TXT|National|A:A|1|EX,USD,0,2,0.0,BZS,HCP,2024-04-30
|CN|HCPB|UB|mBC|NEU|NEU|Treatment|BZS Treatment,BZS Treatment|TXT|National|A:A|1|PH,USD,65,937,424.65,BZS,HCP,2024-04-30
|CN|HCPB|UB|mBC|NEU|NEU|Treatment|BZS Treatment,BZS Treatment|TXT|National|A:A|1|PH,USD,22,156,241.92,BZS,HCP,2024-04-30
|CN|HCPB|UB|mBC|NEU|NEU|Treatment|BZS Treatment,BZS Treatment|TXT|National|A:A|1|PH,USD,27,263,248.87,BZS,HCP,2024-04-30
|CN|HCPB|UB|mBC|NEU|NEU|Treatment|BZS Treatment,BZS Treatment|TXT|National|A:A|1|PH,USD,1,21,8.96,BZS,HCP,2024-04-30
|CN|HCPB|UB|mBC|NEU|NEU|Treatment|BZS Treatment,BZS Treatment|TXT|National|A:A|1|PH,USD,73,834,466.55,BZS,HCP,2024-04-30
|CN|HCPB|UB|mBC|NEU|NEU|Treatment|BZS Treatment,BZS Treatment|TXT|National|A:A|1|PH,USD,1,8,7.8,BZS,HCP,2024-04-30
|CN|HCPB|UB|mBC|NEU|NEU|Treatment|Treatment,Diagnosis|TXT|National|A:A|1|EX,USD,3,104,28.52,BZS,HCP,2024-04-30
|CN|HCPB|UB|mBC|NEU|NEU|Treatment|Treatment,Diagnosis|TXT|National|A:A|1|EX,USD,3,57,25.66,BZS,HCP,2024-04-30
|CN|HCPB|UB|mBC|NEU|NEU|Treatment|Treatment,Diagnosis|TXT|National|A:A|1|PH,USD,3,71,27.11,BZS,HCP,2024-04-30
|CN|HCPB|UB|mBC|NEU|NEU|Treatment|Treatment,Diagnosis|TXT|National|A:A|1|PH,USD,3,47,24.9,BZS,HCP,2024-04-30
|CN|HCPB|UB|mBC|NEU|NEU|Treatment|Treatment,Treatment Efficacy|TXT|National|A:A|1|PH,USD,5,114,36.69,BZS,HCP,2024-04-30
|CN|HCPB|UB|mBC|NEU|NEU|Treatment|Treatment,Treatment Efficacy|TXT|National|A:A|1|PH,USD,5,92,33.18,BZS,HCP,2024-04-30
|CN|HCPB|UB|mBC|NEU|NEU|Treatment|Treatment,Treatment Side Effects|TXT|National|A:A|1|EX,USD,0,1,0.0,BZS,HCP,2024-04-30
|CN|HCPB|UB|mBC|NEU|NEU|Treatment|Treatment,Treatment Side Effects|TXT|National|A:A|1|EX,USD,0,1,0.0,BZS,HCP,2024-04-30
|CN|HCPB|UB|mBC|NEU|NEU|Treatment|Treatment,Treatment Side Effects|TXT|National|A:A|1|PH,USD,0,1,0.0,BZS,HCP,2024-04-30
|CN|HCPB|UB|mBC|NEU|NEU|Treatment|Treatment Priority,Treatment|TXT|National|A:A|1|EX,USD,1,17,8.37,BZS,HCP,2024-04-30
|CN|HCPB|UB|mBC|NEU|NEU|Treatment|Treatment Priority,Treatment|TXT|National|A:A|1|EX,USD,0,29,0.0,BZS,HCP,2024-04-30
|CN|HCPB|UB|mBC|NEU|NEU|Treatment|Treatment Priority,Treatment|TXT|National|A:A|1|PH,USD,10,255,69.83,BZS,HCP,2024-04-30
|CN|HCPB|UB|mBC|NEU|NEU|Treatment|Treatment Priority,Treatment|TXT|National|A:A|1|PH,USD,12,237,79.66,BZS,HCP,2024-04-30
|CN|HCPB|BR|mBC|NEU|NEU|Competitive|Competitor,Competitors|TXT|National|A:A|1|EX,USD,7,588,58.43,BZS,HCP,2024-05-01
|CN|HCPB|BR|mBC|NEU|NEU|Competitive|Competitor,Competitors|TXT|National|A:A|1|PH,USD,35,909,285.89,BZS,HCP,2024-05-01
|CN|HCPB|BR|mBC|NEU|NEU|Competitive|Competitor,Competitor|TXT|National|A:A|1|EX,USD,7,102,36.78,BZS,HCP,2024-05-01
|CN|HCPB|BR|mBC|NEU|NEU|Competitive|Competitor,Competitor|TXT|National|A:A|1|PH,USD,7,257,76.54,BZS,HCP,2024-05-01
|CN|HCPB|BR|mBC|NEU|NEU|Condition|BZS,BZS|TXT|National|A:A|1|EX,USD,5,34,41.94,BZS,HCP,2024-05-01
|CN|HCPB|BR|mBC|NEU|NEU|Condition|BZS,BZS|TXT|National|A:A|1|PH,USD,14,232,129.02,BZS,HCP,2024-05-01
|CN|HCPB|BR|mBC|NEU|NEU|Condition|BZS,Destiny|TXT|National|A:A|1|EX,USD,2,14,22.59,BZS,HCP,2024-05-01
|CN|HCPB|BR|mBC|NEU|NEU|Condition|BZS,Destiny|TXT|National|A:A|1|PH,USD,2,34,24.38,BZS,HCP,2024-05-01
|CN|HCPB|BR|mBC|NEU|NEU|Core|Alone,Alone|TXT|National|A:A|1|EX,USD,72,902,409.19,BZS,HCP,2024-05-01
|CN|HCPB|BR|mBC|NEU|NEU|Core|Alone,Alone|TXT|National|A:A|1|PH,USD,26,473,217.65,BZS,HCP,2024-05-01
|CN|HCPB|BR|mBC|NEU|NEU|Core|Branded,Brand Alone|TXT|National|A:A|1|EX,USD,7,62,72.71,BZS,HCP,2024-05-01
|CN|HCPB|BR|mBC|NEU|NEU|Core|Branded,Brand Alone|TXT|National|A:A|1|PH,USD,1,27,14.9,BZS,HCP,2024-05-01
|CN|HCPB|BR|mBC|NEU|NEU|Information|Info,Dosing|TXT|National|A:A|1|EX,USD,2,7,8.71,BZS,HCP,2024-05-01
|CN|HCPB|BR|mBC|NEU|NEU|Information|Info,Info|TXT|National|A:A|1|EX,USD,12,90,56.83,BZS,HCP,2024-05-01
|CN|HCPB|BR|mBC|NEU|NEU|Information|Info,Info|TXT|National|A:A|1|PH,USD,0,8,0.0,BZS,HCP,2024-05-01
|CN|HCPB|BR|mBC|NEU|NEU|Information|Info,MOA|TXT|National|A:A|1|EX,USD,1,12,11.0,BZS,HCP,2024-05-01
|CN|HCPB|BR|mBC|NEU|NEU|Information|Info,MOA|TXT|National|A:A|1|PH,USD,0,1,0.0,BZS,HCP,2024-05-01
|CN|HCPB|BR|mBC|NEU|NEU|Information|Info,Resources|TXT|National|A:A|1|EX,USD,0,13,0.0,BZS,HCP,2024-05-01
|CN|HCPB|BR|mBC|NEU|NEU|Information|Info,Safety|TXT|National|A:A|1|EX,USD,1,15,13.37,BZS,HCP,2024-05-01
|CN|HCPB|BR|mBC|NEU|NEU|Information|Info,Safety|TXT|National|A:A|1|PH,USD,0,2,0.0,BZS,HCP,2024-05-01
|CN|HCPB|BR|mBC|NEU|NEU|Information|Info,Study|TXT|National|A:A|1|EX,USD,2,15,23.25,BZS,HCP,2024-05-01
|CN|HCPB|BR|mBC|NEU|NEU|Information|Info,Study|TXT|National|A:A|1|PH,USD,20,264,265.27,BZS,HCP,2024-05-01
|CN|HCPB|BR|mBC|NEU|NEU|Information|Info,Treatment|TXT|National|A:A|1|EX,USD,3,55,32.24,BZS,HCP,2024-05-01
|CN|HCPB|BR|mBC|NEU|NEU|Information|Info,Treatment|TXT|National|A:A|1|PH,USD,10,101,116.08,BZS,HCP,2024-05-01
|CN|HCPB|UB|mBC|NEU|NEU|Condition|BZS Condition,BZS Condition|TXT|National|A:A|1|EX,USD,5,259,61.5,BZS,HCP,2024-05-01
|CN|HCPB|UB|mBC|NEU|NEU|Condition|BZS Condition,BZS Condition|TXT|National|A:A|1|EX,USD,11,293,74.11,BZS,HCP,2024-05-01
|CN|HCPB|UB|mBC|NEU|NEU|Condition|BZS Condition,BZS Condition|TXT|National|A:A|1|PH,USD,2,93,5.35,BZS,HCP,2024-05-01
|CN|HCPB|UB|mBC|NEU|NEU|Condition|BZS Condition,BZS Condition|TXT|National|A:A|1|PH,USD,4,299,33.26,BZS,HCP,2024-05-01
|CN|HCPB|UB|mBC|NEU|NEU|Condition|BZS ITT Condition,BZS Condition|TXT|National|A:A|1|EX,USD,1,21,9.01,BZS,HCP,2024-05-01
|CN|HCPB|UB|mBC|NEU|NEU|Condition|BZS ITT Condition,BZS Condition|TXT|National|A:A|1|PH,USD,11,302,111.99,BZS,HCP,2024-05-01
|CN|HCPB|UB|mBC|NEU|NEU|Condition|BZS ITT Condition,ITT Condition|TXT|National|A:A|1|EX,USD,7,391,23.81,BZS,HCP,2024-05-01
|CN|HCPB|UB|mBC|NEU|NEU|Condition|BZS ITT Condition,ITT Condition|TXT|National|A:A|1|PH,USD,6,383,19.11,BZS,HCP,2024-05-01
|CN|HCPB|UB|mBC|NEU|NEU|Condition|Condition,Condition|TXT|National|A:A|1|EX,USD,6,124,50.6,BZS,HCP,2024-05-01
|CN|HCPB|UB|mBC|NEU|NEU|Condition|Condition,Condition|TXT|National|A:A|1|PH,USD,8,356,64.32,BZS,HCP,2024-05-01
|CN|HCPB|UB|mBC|NEU|NEU|Core|BZS,BZS|TXT|National|A:A|1|EX,USD,2,90,17.51,BZS,HCP,2024-05-01
|CN|HCPB|UB|mBC|NEU|NEU|Core|BZS,BZS|TXT|National|A:A|1|PH,USD,4,343,35.08,BZS,HCP,2024-05-01
|CN|HCPB|UB|mBC|NEU|NEU|Information|BZS Info,BZS Info|TXT|National|A:A|1|EX,USD,0,2,0.0,BZS,HCP,2024-05-01
|CN|HCPB|UB|mBC|NEU|NEU|Information|BZS Info,BZS Info|TXT|National|A:A|1|EX,USD,9,140,42.35,BZS,HCP,2024-05-01
|CN|HCPB|UB|mBC|NEU|NEU|Information|BZS Info,BZS Info|TXT|National|A:A|1|EX,USD,36,1351,111.65,BZS,HCP,2024-05-01
|CN|HCPB|UB|mBC|NEU|NEU|Information|BZS Info,BZS Info|TXT|National|A:A|1|PH,USD,0,3,0.0,BZS,HCP,2024-05-01
|CN|HCPB|UB|mBC|NEU|NEU|Information|BZS Info,BZS Info|TXT|National|A:A|1|PH,USD,28,498,76.1,BZS,HCP,2024-05-01
|CN|HCPB|UB|mBC|NEU|NEU|Information|BZS Info,BZS Info|TXT|National|A:A|1|PH,USD,9,273,43.44,BZS,HCP,2024-05-01
|CN|HCPB|UB|mBC|NEU|NEU|Resources|BZS Resources,BZS Dosing|TXT|National|A:A|1|EX,USD,0,1,0.0,BZS,HCP,2024-05-01
|CN|HCPB|UB|mBC|NEU|NEU|Resources|BZS Resources,BZS Dosing|TXT|National|A:A|1|PH,USD,3,23,18.83,BZS,HCP,2024-05-01
|CN|HCPB|UB|mBC|NEU|NEU|Resources|BZS Resources,BZS MOA|TXT|National|A:A|1|PH,USD,0,3,0.0,BZS,HCP,2024-05-01
|CN|HCPB|UB|mBC|NEU|NEU|Resources|BZS Resources,BZS Resources|TXT|National|A:A|1|EX,USD,0,1,0.0,BZS,HCP,2024-05-01
|CN|HCPB|UB|mBC|NEU|NEU|Resources|BZS Resources,BZS Resources|TXT|National|A:A|1|EX,USD,0,3,0.0,BZS,HCP,2024-05-01
|CN|HCPB|UB|mBC|NEU|NEU|Resources|BZS Resources,BZS Resources|TXT|National|A:A|1|PH,USD,0,18,0.0,BZS,HCP,2024-05-01
|CN|HCPB|UB|mBC|NEU|NEU|Resources|BZS Resources,BZS Resources|TXT|National|A:A|1|PH,USD,0,44,0.0,BZS,HCP,2024-05-01
|CN|HCPB|UB|mBC|NEU|NEU|Resources|BZS Resources,BZS Safety|TXT|National|A:A|1|EX,USD,1,30,6.04,BZS,HCP,2024-05-01
|CN|HCPB|UB|mBC|NEU|NEU|Resources|BZS Resources,BZS Safety|TXT|National|A:A|1|PH,USD,3,52,19.91,BZS,HCP,2024-05-01
|CN|HCPB|UB|mBC|NEU|NEU|Resources|BZS Resources,BZS Safety|TXT|National|A:A|1|PH,USD,3,56,12.69,BZS,HCP,2024-05-01
|CN|HCPB|UB|mBC|NEU|NEU|Resources|BZS Resources,BZS Trial|TXT|National|A:A|1|EX,USD,0,4,0.0,BZS,HCP,2024-05-01
|CN|HCPB|UB|mBC|NEU|NEU|Resources|BZS Resources,BZS Trial|TXT|National|A:A|1|EX,USD,3,33,20.52,BZS,HCP,2024-05-01
|CN|HCPB|UB|mBC|NEU|NEU|Resources|BZS Resources,BZS Trial|TXT|National|A:A|1|EX,USD,1,23,6.5600000000000005,BZS,HCP,2024-05-01
|CN|HCPB|UB|mBC|NEU|NEU|Resources|BZS Resources,BZS Trial|TXT|National|A:A|1|PH,USD,5,191,15.74,BZS,HCP,2024-05-01
|CN|HCPB|UB|mBC|NEU|NEU|Resources|BZS Resources,BZS Trial|TXT|National|A:A|1|PH,USD,1,12,7.29,BZS,HCP,2024-05-01
|CN|HCPB|UB|mBC|NEU|NEU|Resources|BZS Resources,BZS Trial|TXT|National|A:A|1|PH,USD,10,221,73.47,BZS,HCP,2024-05-01
|CN|HCPB|UB|mBC|NEU|NEU|Treatment|BZS Treatment,BZS Treatment|TXT|National|A:A|1|EX,USD,0,53,0.0,BZS,HCP,2024-05-01
|CN|HCPB|UB|mBC|NEU|NEU|Treatment|BZS Treatment,BZS Treatment|TXT|National|A:A|1|EX,USD,0,0,0.0,BZS,HCP,2024-05-01
|CN|HCPB|UB|mBC|NEU|NEU|Treatment|BZS Treatment,BZS Treatment|TXT|National|A:A|1|EX,USD,2,12,14.15,BZS,HCP,2024-05-01
|CN|HCPB|UB|mBC|NEU|NEU|Treatment|BZS Treatment,BZS Treatment|TXT|National|A:A|1|PH,USD,68,1027,431.41,BZS,HCP,2024-05-01
|CN|HCPB|UB|mBC|NEU|NEU|Treatment|BZS Treatment,BZS Treatment|TXT|National|A:A|1|PH,USD,0,10,0.0,BZS,HCP,2024-05-01
|CN|HCPB|UB|mBC|NEU|NEU|Treatment|BZS Treatment,BZS Treatment|TXT|National|A:A|1|PH,USD,21,400,239.62,BZS,HCP,2024-05-01
|CN|HCPB|UB|mBC|NEU|NEU|Treatment|Treatment,Diagnosis|TXT|National|A:A|1|EX,USD,9,171,81.3,BZS,HCP,2024-05-01
|CN|HCPB|UB|mBC|NEU|NEU|Treatment|Treatment,Diagnosis|TXT|National|A:A|1|PH,USD,2,127,17.38,BZS,HCP,2024-05-01
|CN|HCPB|UB|mBC|NEU|NEU|Treatment|Treatment,Treatment Efficacy|TXT|National|A:A|1|PH,USD,3,166,20.53,BZS,HCP,2024-05-01
|CN|HCPB|UB|mBC|NEU|NEU|Treatment|Treatment,Treatment Side Effects|TXT|National|A:A|1|EX,USD,0,3,0.0,BZS,HCP,2024-05-01
|CN|HCPB|UB|mBC|NEU|NEU|Treatment|Treatment,Treatment Side Effects|TXT|National|A:A|1|PH,USD,0,2,0.0,BZS,HCP,2024-05-01
|CN|HCPB|UB|mBC|NEU|NEU|Treatment|Treatment Priority,Treatment|TXT|National|A:A|1|EX,USD,0,23,0.0,BZS,HCP,2024-05-01
|CN|HCPB|UB|mBC|NEU|NEU|Treatment|Treatment Priority,Treatment|TXT|National|A:A|1|PH,USD,18,270,115.18,BZS,HCP,2024-05-01
|CN|HCPB|BR|mBC|NEU|NEU|Competitive|Competitor,Competitors|TXT|National|A:A|1|EX,USD,15,492,112.6,BZS,HCP,2024-05-02
|CN|HCPB|BR|mBC|NEU|NEU|Competitive|Competitor,Competitors|TXT|National|A:A|1|PH,USD,31,786,256.71,BZS,HCP,2024-05-02
|CN|HCPB|BR|mBC|NEU|NEU|Competitive|Competitor,Competitor|TXT|National|A:A|1|EX,USD,2,63,9.17,BZS,HCP,2024-05-02
|CN|HCPB|BR|mBC|NEU|NEU|Competitive|Competitor,Competitor|TXT|National|A:A|1|PH,USD,3,213,34.11,BZS,HCP,2024-05-02
|CN|HCPB|BR|mBC|NEU|NEU|Condition|BZS,BZS|TXT|National|A:A|1|EX,USD,1,19,12.65,BZS,HCP,2024-05-02
|CN|HCPB|BR|mBC|NEU|NEU|Condition|BZS,BZS|TXT|National|A:A|1|PH,USD,11,179,102.31,BZS,HCP,2024-05-02
|CN|HCPB|BR|mBC|NEU|NEU|Condition|BZS,Destiny|TXT|National|A:A|1|EX,USD,1,14,10.2,BZS,HCP,2024-05-02
|CN|HCPB|BR|mBC|NEU|NEU|Condition|BZS,Destiny|TXT|National|A:A|1|PH,USD,3,31,37.45,BZS,HCP,2024-05-02
|CN|HCPB|BR|mBC|NEU|NEU|Core|Alone,Alone|TXT|National|A:A|1|EX,USD,67,674,386.22,BZS,HCP,2024-05-02
|CN|HCPB|BR|mBC|NEU|NEU|Core|Alone,Alone|TXT|National|A:A|1|PH,USD,22,389,166.73,BZS,HCP,2024-05-02
|CN|HCPB|BR|mBC|NEU|NEU|Core|Branded,Brand Alone|TXT|National|A:A|1|EX,USD,9,57,99.27,BZS,HCP,2024-05-02
|CN|HCPB|BR|mBC|NEU|NEU|Core|Branded,Brand Alone|TXT|National|A:A|1|PH,USD,2,17,29.48,BZS,HCP,2024-05-02
|CN|HCPB|BR|mBC|NEU|NEU|Information|Info,Dosing|TXT|National|A:A|1|EX,USD,1,8,3.33,BZS,HCP,2024-05-02
|CN|HCPB|BR|mBC|NEU|NEU|Information|Info,Info|TXT|National|A:A|1|EX,USD,19,84,90.64,BZS,HCP,2024-05-02
|CN|HCPB|BR|mBC|NEU|NEU|Information|Info,Info|TXT|National|A:A|1|PH,USD,1,7,9.68,BZS,HCP,2024-05-02
|CN|HCPB|BR|mBC|NEU|NEU|Information|Info,MOA|TXT|National|A:A|1|EX,USD,2,14,12.72,BZS,HCP,2024-05-02
|CN|HCPB|BR|mBC|NEU|NEU|Information|Info,MOA|TXT|National|A:A|1|PH,USD,0,1,0.0,BZS,HCP,2024-05-02
|CN|HCPB|BR|mBC|NEU|NEU|Information|Info,Resources|TXT|National|A:A|1|EX,USD,0,5,0.0,BZS,HCP,2024-05-02
|CN|HCPB|BR|mBC|NEU|NEU|Information|Info,Resources|TXT|National|A:A|1|PH,USD,0,1,0.0,BZS,HCP,2024-05-02
|CN|HCPB|BR|mBC|NEU|NEU|Information|Info,Safety|TXT|National|A:A|1|EX,USD,0,22,0.0,BZS,HCP,2024-05-02
|CN|HCPB|BR|mBC|NEU|NEU|Information|Info,Study|TXT|National|A:A|1|EX,USD,2,9,24.31,BZS,HCP,2024-05-02
|CN|HCPB|BR|mBC|NEU|NEU|Information|Info,Study|TXT|National|A:A|1|PH,USD,13,222,166.21,BZS,HCP,2024-05-02
|CN|HCPB|BR|mBC|NEU|NEU|Information|Info,Treatment|TXT|National|A:A|1|EX,USD,6,45,73.6,BZS,HCP,2024-05-02
|CN|HCPB|BR|mBC|NEU|NEU|Information|Info,Treatment|TXT|National|A:A|1|PH,USD,8,101,92.35,BZS,HCP,2024-05-02
|CN|HCPB|UB|mBC|NEU|NEU|Condition|BZS Condition,BZS Condition|TXT|National|A:A|1|EX,USD,9,126,67.76,BZS,HCP,2024-05-02
|CN|HCPB|UB|mBC|NEU|NEU|Condition|BZS Condition,BZS Condition|TXT|National|A:A|1|EX,USD,9,251,113.56,BZS,HCP,2024-05-02
|CN|HCPB|UB|mBC|NEU|NEU|Condition|BZS Condition,BZS Condition|TXT|National|A:A|1|PH,USD,2,249,20.92,BZS,HCP,2024-05-02
|CN|HCPB|UB|mBC|NEU|NEU|Condition|BZS Condition,BZS Condition|TXT|National|A:A|1|PH,USD,3,86,9.01,BZS,HCP,2024-05-02
|CN|HCPB|UB|mBC|NEU|NEU|Condition|BZS ITT Condition,BZS Condition|TXT|National|A:A|1|EX,USD,0,8,0.0,BZS,HCP,2024-05-02
|CN|HCPB|UB|mBC|NEU|NEU|Condition|BZS ITT Condition,BZS Condition|TXT|National|A:A|1|PH,USD,2,131,11.08,BZS,HCP,2024-05-02
|CN|HCPB|UB|mBC|NEU|NEU|Condition|BZS ITT Condition,ITT Condition|TXT|National|A:A|1|EX,USD,2,115,6.58,BZS,HCP,2024-05-02
|CN|HCPB|UB|mBC|NEU|NEU|Condition|BZS ITT Condition,ITT Condition|TXT|National|A:A|1|PH,USD,5,160,16.12,BZS,HCP,2024-05-02
|CN|HCPB|UB|mBC|NEU|NEU|Condition|Condition,Condition|TXT|National|A:A|1|EX,USD,9,103,73.01,BZS,HCP,2024-05-02
|CN|HCPB|UB|mBC|NEU|NEU|Condition|Condition,Condition|TXT|National|A:A|1|PH,USD,6,367,35.82,BZS,HCP,2024-05-02
|CN|HCPB|UB|mBC|NEU|NEU|Core|BZS,BZS|TXT|National|A:A|1|EX,USD,0,78,0.0,BZS,HCP,2024-05-02
|CN|HCPB|UB|mBC|NEU|NEU|Core|BZS,BZS|TXT|National|A:A|1|PH,USD,7,392,60.56,BZS,HCP,2024-05-02
|CN|HCPB|UB|mBC|NEU|NEU|Information|BZS Info,BZS Info|TXT|National|A:A|1|EX,USD,0,59,0.0,BZS,HCP,2024-05-02
|CN|HCPB|UB|mBC|NEU|NEU|Information|BZS Info,BZS Info|TXT|National|A:A|1|EX,USD,10,371,37.95,BZS,HCP,2024-05-02
|CN|HCPB|UB|mBC|NEU|NEU|Information|BZS Info,BZS Info|TXT|National|A:A|1|EX,USD,0,2,0.0,BZS,HCP,2024-05-02
|CN|HCPB|UB|mBC|NEU|NEU|Information|BZS Info,BZS Info|TXT|National|A:A|1|PH,USD,0,57,0.0,BZS,HCP,2024-05-02
|CN|HCPB|UB|mBC|NEU|NEU|Information|BZS Info,BZS Info|TXT|National|A:A|1|PH,USD,2,146,4.21,BZS,HCP,2024-05-02
|CN|HCPB|UB|mBC|NEU|NEU|Information|BZS Info,BZS Info|TXT|National|A:A|1|PH,USD,0,1,0.0,BZS,HCP,2024-05-02
|CN|HCPB|UB|mBC|NEU|NEU|Resources|BZS Resources,BZS Dosing|TXT|National|A:A|1|EX,USD,0,0,0.0,BZS,HCP,2024-05-02
|CN|HCPB|UB|mBC|NEU|NEU|Resources|BZS Resources,BZS Dosing|TXT|National|A:A|1|PH,USD,1,1,6.12,BZS,HCP,2024-05-02
|CN|HCPB|UB|mBC|NEU|NEU|Resources|BZS Resources,BZS MOA|TXT|National|A:A|1|PH,USD,0,1,0.0,BZS,HCP,2024-05-02
|CN|HCPB|UB|mBC|NEU|NEU|Resources|BZS Resources,BZS Resources|TXT|National|A:A|1|EX,USD,1,1,7.61,BZS,HCP,2024-05-02
|CN|HCPB|UB|mBC|NEU|NEU|Resources|BZS Resources,BZS Resources|TXT|National|A:A|1|PH,USD,1,3,7.23,BZS,HCP,2024-05-02
|CN|HCPB|UB|mBC|NEU|NEU|Resources|BZS Resources,BZS Resources|TXT|National|A:A|1|PH,USD,1,5,3.4,BZS,HCP,2024-05-02
|CN|HCPB|UB|mBC|NEU|NEU|Resources|BZS Resources,BZS Safety|TXT|National|A:A|1|EX,USD,1,3,8.89,BZS,HCP,2024-05-02
|CN|HCPB|UB|mBC|NEU|NEU|Resources|BZS Resources,BZS Safety|TXT|National|A:A|1|PH,USD,0,7,0.0,BZS,HCP,2024-05-02
|CN|HCPB|UB|mBC|NEU|NEU|Resources|BZS Resources,BZS Safety|TXT|National|A:A|1|PH,USD,0,5,0.0,BZS,HCP,2024-05-02
|CN|HCPB|UB|mBC|NEU|NEU|Resources|BZS Resources,BZS Trial|TXT|National|A:A|1|EX,USD,0,9,0.0,BZS,HCP,2024-05-02
|CN|HCPB|UB|mBC|NEU|NEU|Resources|BZS Resources,BZS Trial|TXT|National|A:A|1|EX,USD,1,5,7.03,BZS,HCP,2024-05-02
|CN|HCPB|UB|mBC|NEU|NEU|Resources|BZS Resources,BZS Trial|TXT|National|A:A|1|EX,USD,0,5,0.0,BZS,HCP,2024-05-02
|CN|HCPB|UB|mBC|NEU|NEU|Resources|BZS Resources,BZS Trial|TXT|National|A:A|1|PH,USD,3,45,16.14,BZS,HCP,2024-05-02
|CN|HCPB|UB|mBC|NEU|NEU|Resources|BZS Resources,BZS Trial|TXT|National|A:A|1|PH,USD,1,10,6.09,BZS,HCP,2024-05-02
|CN|HCPB|UB|mBC|NEU|NEU|Resources|BZS Resources,BZS Trial|TXT|National|A:A|1|PH,USD,0,22,0.0,BZS,HCP,2024-05-02
|CN|HCPB|UB|mBC|NEU|NEU|Treatment|BZS Treatment,BZS Treatment|TXT|National|A:A|1|EX,USD,0,0,0.0,BZS,HCP,2024-05-02
|CN|HCPB|UB|mBC|NEU|NEU|Treatment|BZS Treatment,BZS Treatment|TXT|National|A:A|1|EX,USD,1,11,3.9699999999999998,BZS,HCP,2024-05-02
|CN|HCPB|UB|mBC|NEU|NEU|Treatment|BZS Treatment,BZS Treatment|TXT|National|A:A|1|EX,USD,2,11,18.18,BZS,HCP,2024-05-02
|CN|HCPB|UB|mBC|NEU|NEU|Treatment|BZS Treatment,BZS Treatment|TXT|National|A:A|1|PH,USD,23,353,263.27,BZS,HCP,2024-05-02
|CN|HCPB|UB|mBC|NEU|NEU|Treatment|BZS Treatment,BZS Treatment|TXT|National|A:A|1|PH,USD,0,6,0.0,BZS,HCP,2024-05-02
|CN|HCPB|UB|mBC|NEU|NEU|Treatment|BZS Treatment,BZS Treatment|TXT|National|A:A|1|PH,USD,26,389,165.17,BZS,HCP,2024-05-02
|CN|HCPB|UB|mBC|NEU|NEU|Treatment|Treatment,Diagnosis|TXT|National|A:A|1|EX,USD,1,63,9.45,BZS,HCP,2024-05-02
|CN|HCPB|UB|mBC|NEU|NEU|Treatment|Treatment,Diagnosis|TXT|National|A:A|1|PH,USD,5,60,46.14,BZS,HCP,2024-05-02
|CN|HCPB|UB|mBC|NEU|NEU|Treatment|Treatment,Treatment Efficacy|TXT|National|A:A|1|EX,USD,0,1,0.0,BZS,HCP,2024-05-02
|CN|HCPB|UB|mBC|NEU|NEU|Treatment|Treatment,Treatment Efficacy|TXT|National|A:A|1|PH,USD,5,98,40.75,BZS,HCP,2024-05-02
|CN|HCPB|UB|mBC|NEU|NEU|Treatment|Treatment,Treatment Side Effects|TXT|National|A:A|1|EX,USD,1,1,9.91,BZS,HCP,2024-05-02
|CN|HCPB|UB|mBC|NEU|NEU|Treatment|Treatment,Treatment Side Effects|TXT|National|A:A|1|PH,USD,0,2,0.0,BZS,HCP,2024-05-02
|CN|HCPB|UB|mBC|NEU|NEU|Treatment|Treatment Priority,Treatment|TXT|National|A:A|1|EX,USD,1,31,8.27,BZS,HCP,2024-05-02
|CN|HCPB|UB|mBC|NEU|NEU|Treatment|Treatment Priority,Treatment|TXT|National|A:A|1|PH,USD,14,323,98.67,BZS,HCP,2024-05-02
|CN|HCPB|BR|mBC|NEU|NEU|Competitive|Competitor,Competitors|TXT|National|A:A|1|EX,USD,10,284,69.59,BZS,HCP,2024-05-03
|CN|HCPB|BR|mBC|NEU|NEU|Competitive|Competitor,Competitors|TXT|National|A:A|1|PH,USD,19,436,162.96,BZS,HCP,2024-05-03
|CN|HCPB|BR|mBC|NEU|NEU|Competitive|Competitor,Competitor|TXT|National|A:A|1|EX,USD,0,28,0.0,BZS,HCP,2024-05-03
|CN|HCPB|BR|mBC|NEU|NEU|Competitive|Competitor,Competitor|TXT|National|A:A|1|PH,USD,3,116,34.37,BZS,HCP,2024-05-03
|CN|HCPB|BR|mBC|NEU|NEU|Condition|BZS,BZS|TXT|National|A:A|1|EX,USD,1,15,12.52,BZS,HCP,2024-05-03
|CN|HCPB|BR|mBC|NEU|NEU|Condition|BZS,BZS|TXT|National|A:A|1|PH,USD,4,99,39.99,BZS,HCP,2024-05-03
|CN|HCPB|BR|mBC|NEU|NEU|Condition|BZS,Destiny|TXT|National|A:A|1|EX,USD,1,8,12.7,BZS,HCP,2024-05-03
|CN|HCPB|BR|mBC|NEU|NEU|Condition|BZS,Destiny|TXT|National|A:A|1|PH,USD,2,19,25.28,BZS,HCP,2024-05-03
|CN|HCPB|BR|mBC|NEU|NEU|Core|Alone,Alone|TXT|National|A:A|1|EX,USD,19,239,119.19,BZS,HCP,2024-05-03
|CN|HCPB|BR|mBC|NEU|NEU|Core|Alone,Alone|TXT|National|A:A|1|PH,USD,8,223,71.92,BZS,HCP,2024-05-03
|CN|HCPB|BR|mBC|NEU|NEU|Core|Branded,Brand Alone|TXT|National|A:A|1|EX,USD,2,30,17.07,BZS,HCP,2024-05-03
|CN|HCPB|BR|mBC|NEU|NEU|Core|Branded,Brand Alone|TXT|National|A:A|1|PH,USD,0,7,0.0,BZS,HCP,2024-05-03
|CN|HCPB|BR|mBC|NEU|NEU|Information|Info,Dosing|TXT|National|A:A|1|EX,USD,0,2,0.0,BZS,HCP,2024-05-03
|CN|HCPB|BR|mBC|NEU|NEU|Information|Info,Info|TXT|National|A:A|1|EX,USD,1,13,3.98,BZS,HCP,2024-05-03
|CN|HCPB|BR|mBC|NEU|NEU|Information|Info,Info|TXT|National|A:A|1|PH,USD,0,1,0.0,BZS,HCP,2024-05-03
|CN|HCPB|BR|mBC|NEU|NEU|Information|Info,MOA|TXT|National|A:A|1|EX,USD,4,7,19.49,BZS,HCP,2024-05-03
|CN|HCPB|BR|mBC|NEU|NEU|Information|Info,Resources|TXT|National|A:A|1|EX,USD,0,9,0.0,BZS,HCP,2024-05-03
|CN|HCPB|BR|mBC|NEU|NEU|Information|Info,Resources|TXT|National|A:A|1|PH,USD,0,1,0.0,BZS,HCP,2024-05-03
|CN|HCPB|BR|mBC|NEU|NEU|Information|Info,Safety|TXT|National|A:A|1|EX,USD,1,6,12.16,BZS,HCP,2024-05-03
|CN|HCPB|BR|mBC|NEU|NEU|Information|Info,Study|TXT|National|A:A|1|EX,USD,3,13,14.72,BZS,HCP,2024-05-03
|CN|HCPB|BR|mBC|NEU|NEU|Information|Info,Study|TXT|National|A:A|1|PH,USD,14,126,175.9,BZS,HCP,2024-05-03
|CN|HCPB|BR|mBC|NEU|NEU|Information|Info,Treatment|TXT|National|A:A|1|EX,USD,1,23,14.36,BZS,HCP,2024-05-03
|CN|HCPB|BR|mBC|NEU|NEU|Information|Info,Treatment|TXT|National|A:A|1|PH,USD,3,46,36.95,BZS,HCP,2024-05-03
|CN|HCPB|UB|mBC|NEU|NEU|Condition|BZS Condition,BZS Condition|TXT|National|A:A|1|EX,USD,4,142,54.11,BZS,HCP,2024-05-03
|CN|HCPB|UB|mBC|NEU|NEU|Condition|BZS Condition,BZS Condition|TXT|National|A:A|1|EX,USD,12,216,45.88,BZS,HCP,2024-05-03
|CN|HCPB|UB|mBC|NEU|NEU|Condition|BZS Condition,BZS Condition|TXT|National|A:A|1|PH,USD,2,148,21.31,BZS,HCP,2024-05-03
|CN|HCPB|UB|mBC|NEU|NEU|Condition|BZS Condition,BZS Condition|TXT|National|A:A|1|PH,USD,3,106,7.12,BZS,HCP,2024-05-03
|CN|HCPB|UB|mBC|NEU|NEU|Condition|BZS ITT Condition,BZS Condition|TXT|National|A:A|1|EX,USD,0,1,0.0,BZS,HCP,2024-05-03
|CN|HCPB|UB|mBC|NEU|NEU|Condition|BZS ITT Condition,BZS Condition|TXT|National|A:A|1|PH,USD,1,29,7.17,BZS,HCP,2024-05-03
|CN|HCPB|UB|mBC|NEU|NEU|Condition|BZS ITT Condition,ITT Condition|TXT|National|A:A|1|EX,USD,1,45,3.85,BZS,HCP,2024-05-03
|CN|HCPB|UB|mBC|NEU|NEU|Condition|BZS ITT Condition,ITT Condition|TXT|National|A:A|1|PH,USD,2,58,7.3,BZS,HCP,2024-05-03
|CN|HCPB|UB|mBC|NEU|NEU|Condition|Condition,Condition|TXT|National|A:A|1|EX,USD,5,162,36.92,BZS,HCP,2024-05-03
|CN|HCPB|UB|mBC|NEU|NEU|Condition|Condition,Condition|TXT|National|A:A|1|PH,USD,9,629,69.16,BZS,HCP,2024-05-03
|CN|HCPB|UB|mBC|NEU|NEU|Core|BZS,BZS|TXT|National|A:A|1|EX,USD,0,20,0.0,BZS,HCP,2024-05-03
|CN|HCPB|UB|mBC|NEU|NEU|Core|BZS,BZS|TXT|National|A:A|1|PH,USD,8,118,70.1,BZS,HCP,2024-05-03
|CN|HCPB|UB|mBC|NEU|NEU|Information|BZS Info,BZS Info|TXT|National|A:A|1|EX,USD,0,0,0.0,BZS,HCP,2024-05-03
|CN|HCPB|UB|mBC|NEU|NEU|Information|BZS Info,BZS Info|TXT|National|A:A|1|EX,USD,3,223,8.88,BZS,HCP,2024-05-03
|CN|HCPB|UB|mBC|NEU|NEU|Information|BZS Info,BZS Info|TXT|National|A:A|1|EX,USD,3,18,10.23,BZS,HCP,2024-05-03
|CN|HCPB|UB|mBC|NEU|NEU|Information|BZS Info,BZS Info|TXT|National|A:A|1|PH,USD,1,19,4.07,BZS,HCP,2024-05-03
|CN|HCPB|UB|mBC|NEU|NEU|Information|BZS Info,BZS Info|TXT|National|A:A|1|PH,USD,3,96,6.9399999999999995,BZS,HCP,2024-05-03
|CN|HCPB|UB|mBC|NEU|NEU|Information|BZS Info,BZS Info|TXT|National|A:A|1|PH,USD,0,1,0.0,BZS,HCP,2024-05-03
|CN|HCPB|UB|mBC|NEU|NEU|Resources|BZS Resources,BZS Dosing|TXT|National|A:A|1|PH,USD,0,9,0.0,BZS,HCP,2024-05-03
|CN|HCPB|UB|mBC|NEU|NEU|Resources|BZS Resources,BZS MOA|TXT|National|A:A|1|PH,USD,0,1,0.0,BZS,HCP,2024-05-03
|CN|HCPB|UB|mBC|NEU|NEU|Resources|BZS Resources,BZS Resources|TXT|National|A:A|1|EX,USD,0,0,0.0,BZS,HCP,2024-05-03
|CN|HCPB|UB|mBC|NEU|NEU|Resources|BZS Resources,BZS Resources|TXT|National|A:A|1|PH,USD,0,12,0.0,BZS,HCP,2024-05-03
|CN|HCPB|UB|mBC|NEU|NEU|Resources|BZS Resources,BZS Resources|TXT|National|A:A|1|PH,USD,0,5,0.0,BZS,HCP,2024-05-03
|CN|HCPB|UB|mBC|NEU|NEU|Resources|BZS Resources,BZS Safety|TXT|National|A:A|1|EX,USD,0,12,0.0,BZS,HCP,2024-05-03
|CN|HCPB|UB|mBC|NEU|NEU|Resources|BZS Resources,BZS Safety|TXT|National|A:A|1|PH,USD,1,41,5.79,BZS,HCP,2024-05-03
|CN|HCPB|UB|mBC|NEU|NEU|Resources|BZS Resources,BZS Safety|TXT|National|A:A|1|PH,USD,0,5,0.0,BZS,HCP,2024-05-03
|CN|HCPB|UB|mBC|NEU|NEU|Resources|BZS Resources,BZS Trial|TXT|National|A:A|1|EX,USD,0,9,0.0,BZS,HCP,2024-05-03
|CN|HCPB|UB|mBC|NEU|NEU|Resources|BZS Resources,BZS Trial|TXT|National|A:A|1|EX,USD,0,14,0.0,BZS,HCP,2024-05-03
|CN|HCPB|UB|mBC|NEU|NEU|Resources|BZS Resources,BZS Trial|TXT|National|A:A|1|EX,USD,0,2,0.0,BZS,HCP,2024-05-03
|CN|HCPB|UB|mBC|NEU|NEU|Resources|BZS Resources,BZS Trial|TXT|National|A:A|1|PH,USD,0,9,0.0,BZS,HCP,2024-05-03
|CN|HCPB|UB|mBC|NEU|NEU|Resources|BZS Resources,BZS Trial|TXT|National|A:A|1|PH,USD,3,69,16.51,BZS,HCP,2024-05-03
|CN|HCPB|UB|mBC|NEU|NEU|Resources|BZS Resources,BZS Trial|TXT|National|A:A|1|PH,USD,2,75,6.07,BZS,HCP,2024-05-03
|CN|HCPB|UB|mBC|NEU|NEU|Treatment|BZS Treatment,BZS Treatment|TXT|National|A:A|1|EX,USD,0,1,0.0,BZS,HCP,2024-05-03
|CN|HCPB|UB|mBC|NEU|NEU|Treatment|BZS Treatment,BZS Treatment|TXT|National|A:A|1|EX,USD,0,5,0.0,BZS,HCP,2024-05-03
|CN|HCPB|UB|mBC|NEU|NEU|Treatment|BZS Treatment,BZS Treatment|TXT|National|A:A|1|EX,USD,0,2,0.0,BZS,HCP,2024-05-03
|CN|HCPB|UB|mBC|NEU|NEU|Treatment|BZS Treatment,BZS Treatment|TXT|National|A:A|1|PH,USD,0,4,0.0,BZS,HCP,2024-05-03
|CN|HCPB|UB|mBC|NEU|NEU|Treatment|BZS Treatment,BZS Treatment|TXT|National|A:A|1|PH,USD,3,24,17.32,BZS,HCP,2024-05-03
|CN|HCPB|UB|mBC|NEU|NEU|Treatment|BZS Treatment,BZS Treatment|TXT|National|A:A|1|PH,USD,23,326,263.67,BZS,HCP,2024-05-03
|CN|HCPB|UB|mBC|NEU|NEU|Treatment|Treatment,Diagnosis|TXT|National|A:A|1|EX,USD,4,35,39.93,BZS,HCP,2024-05-03
|CN|HCPB|UB|mBC|NEU|NEU|Treatment|Treatment,Diagnosis|TXT|National|A:A|1|PH,USD,3,45,24.45,BZS,HCP,2024-05-03
|CN|HCPB|UB|mBC|NEU|NEU|Treatment|Treatment,Treatment Efficacy|TXT|National|A:A|1|PH,USD,5,55,40.3,BZS,HCP,2024-05-03
|CN|HCPB|UB|mBC|NEU|NEU|Treatment|Treatment,Treatment Side Effects|TXT|National|A:A|1|EX,USD,0,3,0.0,BZS,HCP,2024-05-03
|CN|HCPB|UB|mBC|NEU|NEU|Treatment|Treatment,Treatment Side Effects|TXT|National|A:A|1|PH,USD,0,0,0.0,BZS,HCP,2024-05-03
|CN|HCPB|UB|mBC|NEU|NEU|Treatment|Treatment Priority,Treatment|TXT|National|A:A|1|EX,USD,0,39,0.0,BZS,HCP,2024-05-03
|CN|HCPB|UB|mBC|NEU|NEU|Treatment|Treatment Priority,Treatment|TXT|National|A:A|1|PH,USD,16,526,111.15,BZS,HCP,2024-05-03
|CN|HCPB|BR|mBC|NEU|NEU|Competitive|Competitor,Competitors|TXT|National|A:A|1|EX,USD,4,226,27.75,BZS,HCP,2024-05-04
|CN|HCPB|BR|mBC|NEU|NEU|Competitive|Competitor,Competitors|TXT|National|A:A|1|PH,USD,18,474,154.83,BZS,HCP,2024-05-04
|CN|HCPB|BR|mBC|NEU|NEU|Competitive|Competitor,Competitor|TXT|National|A:A|1|EX,USD,0,27,0.0,BZS,HCP,2024-05-04
|CN|HCPB|BR|mBC|NEU|NEU|Competitive|Competitor,Competitor|TXT|National|A:A|1|PH,USD,2,134,21.25,BZS,HCP,2024-05-04
|CN|HCPB|BR|mBC|NEU|NEU|Condition|BZS,BZS|TXT|National|A:A|1|EX,USD,0,8,0.0,BZS,HCP,2024-05-04
|CN|HCPB|BR|mBC|NEU|NEU|Condition|BZS,BZS|TXT|National|A:A|1|PH,USD,4,93,34.04,BZS,HCP,2024-05-04
|CN|HCPB|BR|mBC|NEU|NEU|Condition|BZS,Destiny|TXT|National|A:A|1|EX,USD,2,4,27.39,BZS,HCP,2024-05-04
|CN|HCPB|BR|mBC|NEU|NEU|Condition|BZS,Destiny|TXT|National|A:A|1|PH,USD,2,13,24.87,BZS,HCP,2024-05-04
|CN|HCPB|BR|mBC|NEU|NEU|Core|Alone,Alone|TXT|National|A:A|1|EX,USD,17,250,99.63,BZS,HCP,2024-05-04
|CN|HCPB|BR|mBC|NEU|NEU|Core|Alone,Alone|TXT|National|A:A|1|PH,USD,12,209,111.69,BZS,HCP,2024-05-04
|CN|HCPB|BR|mBC|NEU|NEU|Core|Branded,Brand Alone|TXT|National|A:A|1|EX,USD,3,23,33.32,BZS,HCP,2024-05-04
|CN|HCPB|BR|mBC|NEU|NEU|Core|Branded,Brand Alone|TXT|National|A:A|1|PH,USD,0,6,0.0,BZS,HCP,2024-05-04
|CN|HCPB|BR|mBC|NEU|NEU|Information|Info,Dosing|TXT|National|A:A|1|EX,USD,0,2,0.0,BZS,HCP,2024-05-04
|CN|HCPB|BR|mBC|NEU|NEU|Information|Info,Info|TXT|National|A:A|1|EX,USD,6,18,26.8,BZS,HCP,2024-05-04
|CN|HCPB|BR|mBC|NEU|NEU|Information|Info,Info|TXT|National|A:A|1|PH,USD,0,1,0.0,BZS,HCP,2024-05-04
|CN|HCPB|BR|mBC|NEU|NEU|Information|Info,MOA|TXT|National|A:A|1|EX,USD,0,7,0.0,BZS,HCP,2024-05-04
|CN|HCPB|BR|mBC|NEU|NEU|Information|Info,Resources|TXT|National|A:A|1|EX,USD,0,4,0.0,BZS,HCP,2024-05-04
|CN|HCPB|BR|mBC|NEU|NEU|Information|Info,Safety|TXT|National|A:A|1|EX,USD,1,9,11.99,BZS,HCP,2024-05-04
|CN|HCPB|BR|mBC|NEU|NEU|Information|Info,Safety|TXT|National|A:A|1|PH,USD,0,1,0.0,BZS,HCP,2024-05-04
|CN|HCPB|BR|mBC|NEU|NEU|Information|Info,Study|TXT|National|A:A|1|EX,USD,0,5,0.0,BZS,HCP,2024-05-04
|CN|HCPB|BR|mBC|NEU|NEU|Information|Info,Study|TXT|National|A:A|1|PH,USD,8,122,97.95,BZS,HCP,2024-05-04
|CN|HCPB|BR|mBC|NEU|NEU|Information|Info,Treatment|TXT|National|A:A|1|EX,USD,1,21,12.26,BZS,HCP,2024-05-04
|CN|HCPB|BR|mBC|NEU|NEU|Information|Info,Treatment|TXT|National|A:A|1|PH,USD,1,33,14.45,BZS,HCP,2024-05-04
|CN|HCPB|UB|mBC|NEU|NEU|Condition|BZS Condition,BZS Condition|TXT|National|A:A|1|EX,USD,2,140,23.49,BZS,HCP,2024-05-04
|CN|HCPB|UB|mBC|NEU|NEU|Condition|BZS Condition,BZS Condition|TXT|National|A:A|1|EX,USD,13,174,90.12,BZS,HCP,2024-05-04
|CN|HCPB|UB|mBC|NEU|NEU|Condition|BZS Condition,BZS Condition|TXT|National|A:A|1|PH,USD,2,148,21.82,BZS,HCP,2024-05-04
|CN|HCPB|UB|mBC|NEU|NEU|Condition|BZS Condition,BZS Condition|TXT|National|A:A|1|PH,USD,2,91,5.17,BZS,HCP,2024-05-04
|CN|HCPB|UB|mBC|NEU|NEU|Condition|BZS ITT Condition,BZS Condition|TXT|National|A:A|1|EX,USD,0,1,0.0,BZS,HCP,2024-05-04
|CN|HCPB|UB|mBC|NEU|NEU|Condition|BZS ITT Condition,BZS Condition|TXT|National|A:A|1|PH,USD,1,21,7.31,BZS,HCP,2024-05-04
|CN|HCPB|UB|mBC|NEU|NEU|Condition|BZS ITT Condition,ITT Condition|TXT|National|A:A|1|EX,USD,1,28,3.09,BZS,HCP,2024-05-04
|CN|HCPB|UB|mBC|NEU|NEU|Condition|BZS ITT Condition,ITT Condition|TXT|National|A:A|1|PH,USD,1,32,2.98,BZS,HCP,2024-05-04
|CN|HCPB|UB|mBC|NEU|NEU|Condition|Condition,Condition|TXT|National|A:A|1|EX,USD,6,55,43.16,BZS,HCP,2024-05-04
|CN|HCPB|UB|mBC|NEU|NEU|Condition|Condition,Condition|TXT|National|A:A|1|PH,USD,7,260,58.46,BZS,HCP,2024-05-04
|CN|HCPB|UB|mBC|NEU|NEU|Core|BZS,BZS|TXT|National|A:A|1|EX,USD,0,53,0.0,BZS,HCP,2024-05-04
|CN|HCPB|UB|mBC|NEU|NEU|Core|BZS,BZS|TXT|National|A:A|1|PH,USD,4,210,35.11,BZS,HCP,2024-05-04
|CN|HCPB|UB|mBC|NEU|NEU|Information|BZS Info,BZS Info|TXT|National|A:A|1|EX,USD,3,41,11.57,BZS,HCP,2024-05-04
|CN|HCPB|UB|mBC|NEU|NEU|Information|BZS Info,BZS Info|TXT|National|A:A|1|EX,USD,1,106,2.79,BZS,HCP,2024-05-04
|CN|HCPB|UB|mBC|NEU|NEU|Information|BZS Info,BZS Info|TXT|National|A:A|1|PH,USD,2,68,7.61,BZS,HCP,2024-05-04
|CN|HCPB|UB|mBC|NEU|NEU|Information|BZS Info,BZS Info|TXT|National|A:A|1|PH,USD,2,49,5.96,BZS,HCP,2024-05-04
|CN|HCPB|UB|mBC|NEU|NEU|Resources|BZS Resources,BZS Dosing|TXT|National|A:A|1|EX,USD,0,1,0.0,BZS,HCP,2024-05-04
|CN|HCPB|UB|mBC|NEU|NEU|Resources|BZS Resources,BZS Dosing|TXT|National|A:A|1|PH,USD,0,9,0.0,BZS,HCP,2024-05-04
|CN|HCPB|UB|mBC|NEU|NEU|Resources|BZS Resources,BZS MOA|TXT|National|A:A|1|PH,USD,0,4,0.0,BZS,HCP,2024-05-04
|CN|HCPB|UB|mBC|NEU|NEU|Resources|BZS Resources,BZS Resources|TXT|National|A:A|1|EX,USD,0,2,0.0,BZS,HCP,2024-05-04
|CN|HCPB|UB|mBC|NEU|NEU|Resources|BZS Resources,BZS Resources|TXT|National|A:A|1|EX,USD,0,0,0.0,BZS,HCP,2024-05-04
|CN|HCPB|UB|mBC|NEU|NEU|Resources|BZS Resources,BZS Resources|TXT|National|A:A|1|PH,USD,0,3,0.0,BZS,HCP,2024-05-04
|CN|HCPB|UB|mBC|NEU|NEU|Resources|BZS Resources,BZS Resources|TXT|National|A:A|1|PH,USD,0,9,0.0,BZS,HCP,2024-05-04
|CN|HCPB|UB|mBC|NEU|NEU|Resources|BZS Resources,BZS Safety|TXT|National|A:A|1|EX,USD,1,14,8.43,BZS,HCP,2024-05-04
|CN|HCPB|UB|mBC|NEU|NEU|Resources|BZS Resources,BZS Safety|TXT|National|A:A|1|PH,USD,0,2,0.0,BZS,HCP,2024-05-04
|CN|HCPB|UB|mBC|NEU|NEU|Resources|BZS Resources,BZS Safety|TXT|National|A:A|1|PH,USD,1,28,2.95,BZS,HCP,2024-05-04
|CN|HCPB|UB|mBC|NEU|NEU|Resources|BZS Resources,BZS Trial|TXT|National|A:A|1|EX,USD,0,2,0.0,BZS,HCP,2024-05-04
|CN|HCPB|UB|mBC|NEU|NEU|Resources|BZS Resources,BZS Trial|TXT|National|A:A|1|EX,USD,0,19,0.0,BZS,HCP,2024-05-04
|CN|HCPB|UB|mBC|NEU|NEU|Resources|BZS Resources,BZS Trial|TXT|National|A:A|1|EX,USD,1,17,7.63,BZS,HCP,2024-05-04
|CN|HCPB|UB|mBC|NEU|NEU|Resources|BZS Resources,BZS Trial|TXT|National|A:A|1|PH,USD,2,84,7.55,BZS,HCP,2024-05-04
|CN|HCPB|UB|mBC|NEU|NEU|Resources|BZS Resources,BZS Trial|TXT|National|A:A|1|PH,USD,3,64,14.56,BZS,HCP,2024-05-04
|CN|HCPB|UB|mBC|NEU|NEU|Resources|BZS Resources,BZS Trial|TXT|National|A:A|1|PH,USD,0,9,0.0,BZS,HCP,2024-05-04
|CN|HCPB|UB|mBC|NEU|NEU|Treatment|BZS Treatment,BZS Treatment|TXT|National|A:A|1|EX,USD,0,2,0.0,BZS,HCP,2024-05-04
|CN|HCPB|UB|mBC|NEU|NEU|Treatment|BZS Treatment,BZS Treatment|TXT|National|A:A|1|EX,USD,0,4,0.0,BZS,HCP,2024-05-04
|CN|HCPB|UB|mBC|NEU|NEU|Treatment|BZS Treatment,BZS Treatment|TXT|National|A:A|1|EX,USD,0,1,0.0,BZS,HCP,2024-05-04
|CN|HCPB|UB|mBC|NEU|NEU|Treatment|BZS Treatment,BZS Treatment|TXT|National|A:A|1|PH,USD,0,0,0.0,BZS,HCP,2024-05-04
|CN|HCPB|UB|mBC|NEU|NEU|Treatment|BZS Treatment,BZS Treatment|TXT|National|A:A|1|PH,USD,3,34,22.77,BZS,HCP,2024-05-04
|CN|HCPB|UB|mBC|NEU|NEU|Treatment|BZS Treatment,BZS Treatment|TXT|National|A:A|1|PH,USD,23,317,256.97,BZS,HCP,2024-05-04
|CN|HCPB|UB|mBC|NEU|NEU|Treatment|Treatment,Diagnosis|TXT|National|A:A|1|EX,USD,1,80,9.16,BZS,HCP,2024-05-04
|CN|HCPB|UB|mBC|NEU|NEU|Treatment|Treatment,Diagnosis|TXT|National|A:A|1|PH,USD,4,98,35.31,BZS,HCP,2024-05-04
|CN|HCPB|UB|mBC|NEU|NEU|Treatment|Treatment,Treatment Efficacy|TXT|National|A:A|1|EX,USD,0,0,0.0,BZS,HCP,2024-05-04
|CN|HCPB|UB|mBC|NEU|NEU|Treatment|Treatment,Treatment Efficacy|TXT|National|A:A|1|PH,USD,6,123,50.23,BZS,HCP,2024-05-04
|CN|HCPB|UB|mBC|NEU|NEU|Treatment|Treatment,Treatment Side Effects|TXT|National|A:A|1|EX,USD,0,1,0.0,BZS,HCP,2024-05-04
|CN|HCPB|UB|mBC|NEU|NEU|Treatment|Treatment,Treatment Side Effects|TXT|National|A:A|1|PH,USD,0,5,0.0,BZS,HCP,2024-05-04
|CN|HCPB|UB|mBC|NEU|NEU|Treatment|Treatment Priority,Treatment|TXT|National|A:A|1|EX,USD,2,32,16.45,BZS,HCP,2024-05-04
|CN|HCPB|UB|mBC|NEU|NEU|Treatment|Treatment Priority,Treatment|TXT|National|A:A|1|PH,USD,13,436,83.96,BZS,HCP,2024-05-04
|CN|HCPB|BR|mBC|NEU|NEU|Competitive|Competitor,Competitors|TXT|National|A:A|1|EX,USD,20,526,154.86,BZS,HCP,2024-05-05
|CN|HCPB|BR|mBC|NEU|NEU|Competitive|Competitor,Competitors|TXT|National|A:A|1|PH,USD,18,770,154.28,BZS,HCP,2024-05-05
|CN|HCPB|BR|mBC|NEU|NEU|Competitive|Competitor,Competitor|TXT|National|A:A|1|EX,USD,2,64,12.32,BZS,HCP,2024-05-05
|CN|HCPB|BR|mBC|NEU|NEU|Competitive|Competitor,Competitor|TXT|National|A:A|1|PH,USD,6,216,71.74,BZS,HCP,2024-05-05
|CN|HCPB|BR|mBC|NEU|NEU|Condition|BZS,BZS|TXT|National|A:A|1|EX,USD,0,24,0.0,BZS,HCP,2024-05-05
|CN|HCPB|BR|mBC|NEU|NEU|Condition|BZS,BZS|TXT|National|A:A|1|PH,USD,16,173,151.84,BZS,HCP,2024-05-05
|CN|HCPB|BR|mBC|NEU|NEU|Condition|BZS,Destiny|TXT|National|A:A|1|EX,USD,1,12,12.75,BZS,HCP,2024-05-05
|CN|HCPB|BR|mBC|NEU|NEU|Condition|BZS,Destiny|TXT|National|A:A|1|PH,USD,4,25,50.02,BZS,HCP,2024-05-05
|CN|HCPB|BR|mBC|NEU|NEU|Core|Alone,Alone|TXT|National|A:A|1|EX,USD,50,739,298.41,BZS,HCP,2024-05-05
|CN|HCPB|BR|mBC|NEU|NEU|Core|Alone,Alone|TXT|National|A:A|1|PH,USD,42,484,380.26,BZS,HCP,2024-05-05
|CN|HCPB|BR|mBC|NEU|NEU|Core|Branded,Brand Alone|TXT|National|A:A|1|EX,USD,8,65,89.42,BZS,HCP,2024-05-05
|CN|HCPB|BR|mBC|NEU|NEU|Core|Branded,Brand Alone|TXT|National|A:A|1|PH,USD,0,21,0.0,BZS,HCP,2024-05-05
|CN|HCPB|BR|mBC|NEU|NEU|Information|Info,Dosing|TXT|National|A:A|1|EX,USD,0,6,0.0,BZS,HCP,2024-05-05
|CN|HCPB|BR|mBC|NEU|NEU|Information|Info,Info|TXT|National|A:A|1|EX,USD,21,92,89.59,BZS,HCP,2024-05-05
|CN|HCPB|BR|mBC|NEU|NEU|Information|Info,Info|TXT|National|A:A|1|PH,USD,0,4,0.0,BZS,HCP,2024-05-05
|CN|HCPB|BR|mBC|NEU|NEU|Information|Info,MOA|TXT|National|A:A|1|EX,USD,5,20,33.09,BZS,HCP,2024-05-05
|CN|HCPB|BR|mBC|NEU|NEU|Information|Info,MOA|TXT|National|A:A|1|PH,USD,0,1,0.0,BZS,HCP,2024-05-05
|CN|HCPB|BR|mBC|NEU|NEU|Information|Info,Resources|TXT|National|A:A|1|EX,USD,1,15,4.06,BZS,HCP,2024-05-05
|CN|HCPB|BR|mBC|NEU|NEU|Information|Info,Safety|TXT|National|A:A|1|EX,USD,2,18,23.57,BZS,HCP,2024-05-05
|CN|HCPB|BR|mBC|NEU|NEU|Information|Info,Safety|TXT|National|A:A|1|PH,USD,0,1,0.0,BZS,HCP,2024-05-05
|CN|HCPB|BR|mBC|NEU|NEU|Information|Info,Study|TXT|National|A:A|1|EX,USD,4,15,28.26,BZS,HCP,2024-05-05
|CN|HCPB|BR|mBC|NEU|NEU|Information|Info,Study|TXT|National|A:A|1|PH,USD,15,229,187.8,BZS,HCP,2024-05-05
|CN|HCPB|BR|mBC|NEU|NEU|Information|Info,Treatment|TXT|National|A:A|1|EX,USD,2,42,27.62,BZS,HCP,2024-05-05
|CN|HCPB|BR|mBC|NEU|NEU|Information|Info,Treatment|TXT|National|A:A|1|PH,USD,8,131,102.9,BZS,HCP,2024-05-05
|CN|HCPB|UB|mBC|NEU|NEU|Condition|BZS Condition,BZS Condition|TXT|National|A:A|1|EX,USD,15,277,92.24,BZS,HCP,2024-05-05
|CN|HCPB|UB|mBC|NEU|NEU|Condition|BZS Condition,BZS Condition|TXT|National|A:A|1|EX,USD,8,260,95.26,BZS,HCP,2024-05-05
|CN|HCPB|UB|mBC|NEU|NEU|Condition|BZS Condition,BZS Condition|TXT|National|A:A|1|PH,USD,5,317,41.45,BZS,HCP,2024-05-05
|CN|HCPB|UB|mBC|NEU|NEU|Condition|BZS Condition,BZS Condition|TXT|National|A:A|1|PH,USD,1,151,1.7,BZS,HCP,2024-05-05
|CN|HCPB|UB|mBC|NEU|NEU|Condition|BZS ITT Condition,BZS Condition|TXT|National|A:A|1|EX,USD,0,3,0.0,BZS,HCP,2024-05-05
|CN|HCPB|UB|mBC|NEU|NEU|Condition|BZS ITT Condition,BZS Condition|TXT|National|A:A|1|PH,USD,2,66,16.7,BZS,HCP,2024-05-05
|CN|HCPB|UB|mBC|NEU|NEU|Condition|BZS ITT Condition,ITT Condition|TXT|National|A:A|1|EX,USD,0,39,0.0,BZS,HCP,2024-05-05
|CN|HCPB|UB|mBC|NEU|NEU|Condition|BZS ITT Condition,ITT Condition|TXT|National|A:A|1|PH,USD,0,49,0.0,BZS,HCP,2024-05-05
|CN|HCPB|UB|mBC|NEU|NEU|Condition|Condition,Condition|TXT|National|A:A|1|EX,USD,4,99,32.1,BZS,HCP,2024-05-05
|CN|HCPB|UB|mBC|NEU|NEU|Condition|Condition,Condition|TXT|National|A:A|1|PH,USD,11,358,81.95,BZS,HCP,2024-05-05
|CN|HCPB|UB|mBC|NEU|NEU|Core|BZS,BZS|TXT|National|A:A|1|EX,USD,1,34,8.93,BZS,HCP,2024-05-05
|CN|HCPB|UB|mBC|NEU|NEU|Core|BZS,BZS|TXT|National|A:A|1|PH,USD,5,156,43.84,BZS,HCP,2024-05-05
|CN|HCPB|UB|mBC|NEU|NEU|Information|BZS Info,BZS Info|TXT|National|A:A|1|EX,USD,0,3,0.0,BZS,HCP,2024-05-05
|CN|HCPB|UB|mBC|NEU|NEU|Information|BZS Info,BZS Info|TXT|National|A:A|1|EX,USD,2,44,6.06,BZS,HCP,2024-05-05
|CN|HCPB|UB|mBC|NEU|NEU|Information|BZS Info,BZS Info|TXT|National|A:A|1|EX,USD,1,42,4.05,BZS,HCP,2024-05-05
|CN|HCPB|UB|mBC|NEU|NEU|Information|BZS Info,BZS Info|TXT|National|A:A|1|PH,USD,0,2,0.0,BZS,HCP,2024-05-05
|CN|HCPB|UB|mBC|NEU|NEU|Information|BZS Info,BZS Info|TXT|National|A:A|1|PH,USD,4,25,9.38,BZS,HCP,2024-05-05
|CN|HCPB|UB|mBC|NEU|NEU|Information|BZS Info,BZS Info|TXT|National|A:A|1|PH,USD,3,55,17.82,BZS,HCP,2024-05-05
|CN|HCPB|UB|mBC|NEU|NEU|Resources|BZS Resources,BZS Dosing|TXT|National|A:A|1|EX,USD,0,1,0.0,BZS,HCP,2024-05-05
|CN|HCPB|UB|mBC|NEU|NEU|Resources|BZS Resources,BZS Dosing|TXT|National|A:A|1|PH,USD,1,8,5.8100000000000005,BZS,HCP,2024-05-05
|CN|HCPB|UB|mBC|NEU|NEU|Resources|BZS Resources,BZS MOA|TXT|National|A:A|1|PH,USD,0,0,0.0,BZS,HCP,2024-05-05
|CN|HCPB|UB|mBC|NEU|NEU|Resources|BZS Resources,BZS MOA|TXT|National|A:A|1|PH,USD,0,1,0.0,BZS,HCP,2024-05-05
|CN|HCPB|UB|mBC|NEU|NEU|Resources|BZS Resources,BZS Resources|TXT|National|A:A|1|EX,USD,0,3,0.0,BZS,HCP,2024-05-05
|CN|HCPB|UB|mBC|NEU|NEU|Resources|BZS Resources,BZS Resources|TXT|National|A:A|1|EX,USD,0,4,0.0,BZS,HCP,2024-05-05
|CN|HCPB|UB|mBC|NEU|NEU|Resources|BZS Resources,BZS Resources|TXT|National|A:A|1|PH,USD,0,10,0.0,BZS,HCP,2024-05-05
|CN|HCPB|UB|mBC|NEU|NEU|Resources|BZS Resources,BZS Resources|TXT|National|A:A|1|PH,USD,2,11,11.21,BZS,HCP,2024-05-05
|CN|HCPB|UB|mBC|NEU|NEU|Resources|BZS Resources,BZS Safety|TXT|National|A:A|1|EX,USD,1,17,3.2,BZS,HCP,2024-05-05
|CN|HCPB|UB|mBC|NEU|NEU|Resources|BZS Resources,BZS Safety|TXT|National|A:A|1|PH,USD,1,22,3.0,BZS,HCP,2024-05-05
|CN|HCPB|UB|mBC|NEU|NEU|Resources|BZS Resources,BZS Safety|TXT|National|A:A|1|PH,USD,1,25,6.63,BZS,HCP,2024-05-05
|CN|HCPB|UB|mBC|NEU|NEU|Resources|BZS Resources,BZS Trial|TXT|National|A:A|1|EX,USD,0,25,0.0,BZS,HCP,2024-05-05
|CN|HCPB|UB|mBC|NEU|NEU|Resources|BZS Resources,BZS Trial|TXT|National|A:A|1|EX,USD,0,18,0.0,BZS,HCP,2024-05-05
|CN|HCPB|UB|mBC|NEU|NEU|Resources|BZS Resources,BZS Trial|TXT|National|A:A|1|EX,USD,0,2,0.0,BZS,HCP,2024-05-05
|CN|HCPB|UB|mBC|NEU|NEU|Resources|BZS Resources,BZS Trial|TXT|National|A:A|1|PH,USD,0,14,0.0,BZS,HCP,2024-05-05
|CN|HCPB|UB|mBC|NEU|NEU|Resources|BZS Resources,BZS Trial|TXT|National|A:A|1|PH,USD,2,95,7.07,BZS,HCP,2024-05-05
|CN|HCPB|UB|mBC|NEU|NEU|Resources|BZS Resources,BZS Trial|TXT|National|A:A|1|PH,USD,0,159,0.0,BZS,HCP,2024-05-05
|CN|HCPB|UB|mBC|NEU|NEU|Treatment|BZS Treatment,BZS Treatment|TXT|National|A:A|1|EX,USD,0,1,0.0,BZS,HCP,2024-05-05
|CN|HCPB|UB|mBC|NEU|NEU|Treatment|BZS Treatment,BZS Treatment|TXT|National|A:A|1|EX,USD,0,7,0.0,BZS,HCP,2024-05-05
|CN|HCPB|UB|mBC|NEU|NEU|Treatment|BZS Treatment,BZS Treatment|TXT|National|A:A|1|PH,USD,0,5,0.0,BZS,HCP,2024-05-05
|CN|HCPB|UB|mBC|NEU|NEU|Treatment|BZS Treatment,BZS Treatment|TXT|National|A:A|1|PH,USD,3,49,19.77,BZS,HCP,2024-05-05
|CN|HCPB|UB|mBC|NEU|NEU|Treatment|BZS Treatment,BZS Treatment|TXT|National|A:A|1|PH,USD,26,209,291.86,BZS,HCP,2024-05-05
|CN|HCPB|UB|mBC|NEU|NEU|Treatment|Treatment,Diagnosis|TXT|National|A:A|1|EX,USD,5,65,43.7,BZS,HCP,2024-05-05
|CN|HCPB|UB|mBC|NEU|NEU|Treatment|Treatment,Diagnosis|TXT|National|A:A|1|PH,USD,7,82,63.23,BZS,HCP,2024-05-05
|CN|HCPB|UB|mBC|NEU|NEU|Treatment|Treatment,Treatment Efficacy|TXT|National|A:A|1|EX,USD,0,1,0.0,BZS,HCP,2024-05-05
|CN|HCPB|UB|mBC|NEU|NEU|Treatment|Treatment,Treatment Efficacy|TXT|National|A:A|1|PH,USD,1,64,8.36,BZS,HCP,2024-05-05
|CN|HCPB|UB|mBC|NEU|NEU|Treatment|Treatment,Treatment Side Effects|TXT|National|A:A|1|EX,USD,0,1,0.0,BZS,HCP,2024-05-05
|CN|HCPB|UB|mBC|NEU|NEU|Treatment|Treatment Priority,Treatment|TXT|National|A:A|1|EX,USD,2,29,17.14,BZS,HCP,2024-05-05
|CN|HCPB|UB|mBC|NEU|NEU|Treatment|Treatment Priority,Treatment|TXT|National|A:A|1|PH,USD,15,404,107.76,BZS,HCP,2024-05-05
|CN|HCPB|BR|mBC|NEU|NEU|Competitive|Competitor,Competitors|TXT|National|A:A|1|EX,USD,15,615,108.05,BZS,HCP,2024-05-06
|CN|HCPB|BR|mBC|NEU|NEU|Competitive|Competitor,Competitors|TXT|National|A:A|1|PH,USD,21,751,170.01,BZS,HCP,2024-05-06
|CN|HCPB|BR|mBC|NEU|NEU|Competitive|Competitor,Competitor|TXT|National|A:A|1|EX,USD,0,93,0.0,BZS,HCP,2024-05-06
|CN|HCPB|BR|mBC|NEU|NEU|Competitive|Competitor,Competitor|TXT|National|A:A|1|PH,USD,6,272,53.76,BZS,HCP,2024-05-06
|CN|HCPB|BR|mBC|NEU|NEU|Condition|BZS,BZS|TXT|National|A:A|1|EX,USD,5,37,59.98,BZS,HCP,2024-05-06
|CN|HCPB|BR|mBC|NEU|NEU|Condition|BZS,BZS|TXT|National|A:A|1|PH,USD,9,195,83.7,BZS,HCP,2024-05-06
|CN|HCPB|BR|mBC|NEU|NEU|Condition|BZS,Destiny|TXT|National|A:A|1|EX,USD,1,8,12.22,BZS,HCP,2024-05-06
|CN|HCPB|BR|mBC|NEU|NEU|Condition|BZS,Destiny|TXT|National|A:A|1|PH,USD,5,31,61.28,BZS,HCP,2024-05-06
|CN|HCPB|BR|mBC|NEU|NEU|Core|Alone,Alone|TXT|National|A:A|1|EX,USD,70,745,419.42,BZS,HCP,2024-05-06
|CN|HCPB|BR|mBC|NEU|NEU|Core|Alone,Alone|TXT|National|A:A|1|PH,USD,39,484,350.8,BZS,HCP,2024-05-06
|CN|HCPB|BR|mBC|NEU|NEU|Core|Branded,Brand Alone|TXT|National|A:A|1|EX,USD,15,84,161.68,BZS,HCP,2024-05-06
|CN|HCPB|BR|mBC|NEU|NEU|Core|Branded,Brand Alone|TXT|National|A:A|1|PH,USD,2,31,27.5,BZS,HCP,2024-05-06
|CN|HCPB|BR|mBC|NEU|NEU|Information|Info,Dosing|TXT|National|A:A|1|EX,USD,1,11,4.0,BZS,HCP,2024-05-06
|CN|HCPB|BR|mBC|NEU|NEU|Information|Info,Dosing|TXT|National|A:A|1|PH,USD,1,1,8.02,BZS,HCP,2024-05-06
|CN|HCPB|BR|mBC|NEU|NEU|Information|Info,Info|TXT|National|A:A|1|EX,USD,21,93,106.02,BZS,HCP,2024-05-06
|CN|HCPB|BR|mBC|NEU|NEU|Information|Info,Info|TXT|National|A:A|1|PH,USD,0,2,0.0,BZS,HCP,2024-05-06
|CN|HCPB|BR|mBC|NEU|NEU|Information|Info,MOA|TXT|National|A:A|1|EX,USD,3,20,14.48,BZS,HCP,2024-05-06
|CN|HCPB|BR|mBC|NEU|NEU|Information|Info,Resources|TXT|National|A:A|1|EX,USD,0,14,0.0,BZS,HCP,2024-05-06
|CN|HCPB|BR|mBC|NEU|NEU|Information|Info,Resources|TXT|National|A:A|1|PH,USD,0,4,0.0,BZS,HCP,2024-05-06
|CN|HCPB|BR|mBC|NEU|NEU|Information|Info,Safety|TXT|National|A:A|1|EX,USD,2,15,26.54,BZS,HCP,2024-05-06
|CN|HCPB|BR|mBC|NEU|NEU|Information|Info,Study|TXT|National|A:A|1|EX,USD,0,10,0.0,BZS,HCP,2024-05-06
|CN|HCPB|BR|mBC|NEU|NEU|Information|Info,Study|TXT|National|A:A|1|PH,USD,9,252,121.17,BZS,HCP,2024-05-06
|CN|HCPB|BR|mBC|NEU|NEU|Information|Info,Treatment|TXT|National|A:A|1|EX,USD,3,54,36.26,BZS,HCP,2024-05-06
|CN|HCPB|BR|mBC|NEU|NEU|Information|Info,Treatment|TXT|National|A:A|1|PH,USD,3,136,39.07,BZS,HCP,2024-05-06
|CN|HCPB|UB|mBC|NEU|NEU|Condition|BZS Condition,BZS Condition|TXT|National|A:A|1|EX,USD,14,171,87.54,BZS,HCP,2024-05-06
|CN|HCPB|UB|mBC|NEU|NEU|Condition|BZS Condition,BZS Condition|TXT|National|A:A|1|EX,USD,7,301,85.41,BZS,HCP,2024-05-06
|CN|HCPB|UB|mBC|NEU|NEU|Condition|BZS Condition,BZS Condition|TXT|National|A:A|1|PH,USD,4,321,31.84,BZS,HCP,2024-05-06
|CN|HCPB|UB|mBC|NEU|NEU|Condition|BZS Condition,BZS Condition|TXT|National|A:A|1|PH,USD,4,94,9.49,BZS,HCP,2024-05-06
|CN|HCPB|UB|mBC|NEU|NEU|Condition|BZS ITT Condition,BZS Condition|TXT|National|A:A|1|EX,USD,0,13,0.0,BZS,HCP,2024-05-06
|CN|HCPB|UB|mBC|NEU|NEU|Condition|BZS ITT Condition,BZS Condition|TXT|National|A:A|1|PH,USD,1,90,7.1,BZS,HCP,2024-05-06
|CN|HCPB|UB|mBC|NEU|NEU|Condition|BZS ITT Condition,ITT Condition|TXT|National|A:A|1|EX,USD,2,84,6.35,BZS,HCP,2024-05-06
|CN|HCPB|UB|mBC|NEU|NEU|Condition|BZS ITT Condition,ITT Condition|TXT|National|A:A|1|PH,USD,1,77,3.5,BZS,HCP,2024-05-06
|CN|HCPB|UB|mBC|NEU|NEU|Condition|Condition,Condition|TXT|National|A:A|1|EX,USD,1,80,7.17,BZS,HCP,2024-05-06
|CN|HCPB|UB|mBC|NEU|NEU|Condition|Condition,Condition|TXT|National|A:A|1|PH,USD,14,230,109.16,BZS,HCP,2024-05-06
|CN|HCPB|UB|mBC|NEU|NEU|Core|BZS,BZS|TXT|National|A:A|1|EX,USD,0,45,0.0,BZS,HCP,2024-05-06
|CN|HCPB|UB|mBC|NEU|NEU|Core|BZS,BZS|TXT|National|A:A|1|PH,USD,6,222,52.57,BZS,HCP,2024-05-06
|CN|HCPB|UB|mBC|NEU|NEU|Information|BZS Info,BZS Info|TXT|National|A:A|1|EX,USD,2,33,14.99,BZS,HCP,2024-05-06
|CN|HCPB|UB|mBC|NEU|NEU|Information|BZS Info,BZS Info|TXT|National|A:A|1|EX,USD,0,5,0.0,BZS,HCP,2024-05-06
|CN|HCPB|UB|mBC|NEU|NEU|Information|BZS Info,BZS Info|TXT|National|A:A|1|EX,USD,4,56,10.14,BZS,HCP,2024-05-06
|CN|HCPB|UB|mBC|NEU|NEU|Information|BZS Info,BZS Info|TXT|National|A:A|1|PH,USD,0,52,0.0,BZS,HCP,2024-05-06
|CN|HCPB|UB|mBC|NEU|NEU|Information|BZS Info,BZS Info|TXT|National|A:A|1|PH,USD,3,48,7.46,BZS,HCP,2024-05-06
|CN|HCPB|UB|mBC|NEU|NEU|Resources|BZS Resources,BZS Dosing|TXT|National|A:A|1|PH,USD,1,4,6.09,BZS,HCP,2024-05-06
|CN|HCPB|UB|mBC|NEU|NEU|Resources|BZS Resources,BZS MOA|TXT|National|A:A|1|PH,USD,0,1,0.0,BZS,HCP,2024-05-06
|CN|HCPB|UB|mBC|NEU|NEU|Resources|BZS Resources,BZS Resources|TXT|National|A:A|1|PH,USD,0,2,0.0,BZS,HCP,2024-05-06
|CN|HCPB|UB|mBC|NEU|NEU|Resources|BZS Resources,BZS Resources|TXT|National|A:A|1|PH,USD,0,2,0.0,BZS,HCP,2024-05-06
|CN|HCPB|UB|mBC|NEU|NEU|Resources|BZS Resources,BZS Safety|TXT|National|A:A|1|EX,USD,0,2,0.0,BZS,HCP,2024-05-06
|CN|HCPB|UB|mBC|NEU|NEU|Resources|BZS Resources,BZS Safety|TXT|National|A:A|1|PH,USD,0,9,0.0,BZS,HCP,2024-05-06
|CN|HCPB|UB|mBC|NEU|NEU|Resources|BZS Resources,BZS Safety|TXT|National|A:A|1|PH,USD,1,3,7.63,BZS,HCP,2024-05-06
|CN|HCPB|UB|mBC|NEU|NEU|Resources|BZS Resources,BZS Trial|TXT|National|A:A|1|EX,USD,0,9,0.0,BZS,HCP,2024-05-06
|CN|HCPB|UB|mBC|NEU|NEU|Resources|BZS Resources,BZS Trial|TXT|National|A:A|1|EX,USD,0,3,0.0,BZS,HCP,2024-05-06
|CN|HCPB|UB|mBC|NEU|NEU|Resources|BZS Resources,BZS Trial|TXT|National|A:A|1|EX,USD,1,10,5.92,BZS,HCP,2024-05-06
|CN|HCPB|UB|mBC|NEU|NEU|Resources|BZS Resources,BZS Trial|TXT|National|A:A|1|PH,USD,1,43,10.38,BZS,HCP,2024-05-06
|CN|HCPB|UB|mBC|NEU|NEU|Resources|BZS Resources,BZS Trial|TXT|National|A:A|1|PH,USD,0,28,0.0,BZS,HCP,2024-05-06
|CN|HCPB|UB|mBC|NEU|NEU|Resources|BZS Resources,BZS Trial|TXT|National|A:A|1|PH,USD,0,24,0.0,BZS,HCP,2024-05-06
|CN|HCPB|UB|mBC|NEU|NEU|Treatment|BZS Treatment,BZS Treatment|TXT|National|A:A|1|EX,USD,0,4,0.0,BZS,HCP,2024-05-06
|CN|HCPB|UB|mBC|NEU|NEU|Treatment|BZS Treatment,BZS Treatment|TXT|National|A:A|1|EX,USD,0,0,0.0,BZS,HCP,2024-05-06
|CN|HCPB|UB|mBC|NEU|NEU|Treatment|BZS Treatment,BZS Treatment|TXT|National|A:A|1|EX,USD,0,4,0.0,BZS,HCP,2024-05-06
|CN|HCPB|UB|mBC|NEU|NEU|Treatment|BZS Treatment,BZS Treatment|TXT|National|A:A|1|PH,USD,3,30,17.95,BZS,HCP,2024-05-06
|CN|HCPB|UB|mBC|NEU|NEU|Treatment|BZS Treatment,BZS Treatment|TXT|National|A:A|1|PH,USD,1,19,9.17,BZS,HCP,2024-05-06
|CN|HCPB|UB|mBC|NEU|NEU|Treatment|BZS Treatment,BZS Treatment|TXT|National|A:A|1|PH,USD,23,217,272.1,BZS,HCP,2024-05-06
|CN|HCPB|UB|mBC|NEU|NEU|Treatment|Treatment,Diagnosis|TXT|National|A:A|1|EX,USD,5,114,44.54,BZS,HCP,2024-05-06
|CN|HCPB|UB|mBC|NEU|NEU|Treatment|Treatment,Diagnosis|TXT|National|A:A|1|PH,USD,3,94,24.33,BZS,HCP,2024-05-06
|CN|HCPB|UB|mBC|NEU|NEU|Treatment|Treatment,Treatment Efficacy|TXT|National|A:A|1|EX,USD,2,4,19.41,BZS,HCP,2024-05-06
|CN|HCPB|UB|mBC|NEU|NEU|Treatment|Treatment,Treatment Efficacy|TXT|National|A:A|1|PH,USD,3,79,24.68,BZS,HCP,2024-05-06
|CN|HCPB|UB|mBC|NEU|NEU|Treatment|Treatment,Treatment Side Effects|TXT|National|A:A|1|EX,USD,0,1,0.0,BZS,HCP,2024-05-06
|CN|HCPB|UB|mBC|NEU|NEU|Treatment|Treatment,Treatment Side Effects|TXT|National|A:A|1|PH,USD,0,2,0.0,BZS,HCP,2024-05-06
|CN|HCPB|UB|mBC|NEU|NEU|Treatment|Treatment Priority,Treatment|TXT|National|A:A|1|EX,USD,2,25,19.16,BZS,HCP,2024-05-06
|CN|HCPB|UB|mBC|NEU|NEU|Treatment|Treatment Priority,Treatment|TXT|National|A:A|1|PH,USD,13,208,90.05,BZS,HCP,2024-05-06
|CN|HCPB|BR|mBC|NEU|NEU|Competitive|Competitor,Competitors|TXT|National|A:A|1|EX,USD,25,649,185.95,BZS,HCP,2024-05-07
|CN|HCPB|BR|mBC|NEU|NEU|Competitive|Competitor,Competitors|TXT|National|A:A|1|PH,USD,25,756,218.83,BZS,HCP,2024-05-07
|CN|HCPB|BR|mBC|NEU|NEU|Competitive|Competitor,Competitor|TXT|National|A:A|1|EX,USD,2,95,9.24,BZS,HCP,2024-05-07
|CN|HCPB|BR|mBC|NEU|NEU|Competitive|Competitor,Competitor|TXT|National|A:A|1|PH,USD,2,310,20.93,BZS,HCP,2024-05-07
|CN|HCPB|BR|mBC|NEU|NEU|Condition|BZS,BZS|TXT|National|A:A|1|EX,USD,3,37,40.77,BZS,HCP,2024-05-07
|CN|HCPB|BR|mBC|NEU|NEU|Condition|BZS,BZS|TXT|National|A:A|1|PH,USD,17,190,160.16,BZS,HCP,2024-05-07
|CN|HCPB|BR|mBC|NEU|NEU|Condition|BZS,Destiny|TXT|National|A:A|1|EX,USD,2,11,16.84,BZS,HCP,2024-05-07
|CN|HCPB|BR|mBC|NEU|NEU|Condition|BZS,Destiny|TXT|National|A:A|1|PH,USD,1,49,12.56,BZS,HCP,2024-05-07
|CN|HCPB|BR|mBC|NEU|NEU|Core|Alone,Alone|TXT|National|A:A|1|EX,USD,66,792,400.89,BZS,HCP,2024-05-07
|CN|HCPB|BR|mBC|NEU|NEU|Core|Alone,Alone|TXT|National|A:A|1|PH,USD,37,547,330.27,BZS,HCP,2024-05-07
|CN|HCPB|BR|mBC|NEU|NEU|Core|Branded,Brand Alone|TXT|National|A:A|1|EX,USD,8,80,82.54,BZS,HCP,2024-05-07
|CN|HCPB|BR|mBC|NEU|NEU|Core|Branded,Brand Alone|TXT|National|A:A|1|PH,USD,1,27,14.09,BZS,HCP,2024-05-07
|CN|HCPB|BR|mBC|NEU|NEU|Information|Info,Dosing|TXT|National|A:A|1|EX,USD,3,11,16.52,BZS,HCP,2024-05-07
|CN|HCPB|BR|mBC|NEU|NEU|Information|Info,Info|TXT|National|A:A|1|EX,USD,27,111,117.51,BZS,HCP,2024-05-07
|CN|HCPB|BR|mBC|NEU|NEU|Information|Info,Info|TXT|National|A:A|1|PH,USD,0,4,0.0,BZS,HCP,2024-05-07
|CN|HCPB|BR|mBC|NEU|NEU|Information|Info,MOA|TXT|National|A:A|1|EX,USD,6,10,39.43,BZS,HCP,2024-05-07
|CN|HCPB|BR|mBC|NEU|NEU|Information|Info,MOA|TXT|National|A:A|1|PH,USD,0,2,0.0,BZS,HCP,2024-05-07
|CN|HCPB|BR|mBC|NEU|NEU|Information|Info,Resources|TXT|National|A:A|1|EX,USD,1,14,4.07,BZS,HCP,2024-05-07
|CN|HCPB|BR|mBC|NEU|NEU|Information|Info,Resources|TXT|National|A:A|1|PH,USD,0,1,0.0,BZS,HCP,2024-05-07
|CN|HCPB|BR|mBC|NEU|NEU|Information|Info,Safety|TXT|National|A:A|1|EX,USD,4,96,20.36,BZS,HCP,2024-05-07
|CN|HCPB|BR|mBC|NEU|NEU|Information|Info,Safety|TXT|National|A:A|1|PH,USD,0,1,0.0,BZS,HCP,2024-05-07
|CN|HCPB|BR|mBC|NEU|NEU|Information|Info,Study|TXT|National|A:A|1|EX,USD,1,10,9.76,BZS,HCP,2024-05-07
|CN|HCPB|BR|mBC|NEU|NEU|Information|Info,Study|TXT|National|A:A|1|PH,USD,17,224,206.65,BZS,HCP,2024-05-07
|CN|HCPB|BR|mBC|NEU|NEU|Information|Info,Treatment|TXT|National|A:A|1|EX,USD,3,46,37.57,BZS,HCP,2024-05-07
|CN|HCPB|BR|mBC|NEU|NEU|Information|Info,Treatment|TXT|National|A:A|1|PH,USD,10,102,128.34,BZS,HCP,2024-05-07
|CN|HCPB|UB|mBC|NEU|NEU|Condition|BZS Condition,BZS Condition|TXT|National|A:A|1|EX,USD,12,295,143.79,BZS,HCP,2024-05-07
|CN|HCPB|UB|mBC|NEU|NEU|Condition|BZS Condition,BZS Condition|TXT|National|A:A|1|EX,USD,12,250,69.84,BZS,HCP,2024-05-07
|CN|HCPB|UB|mBC|NEU|NEU|Condition|BZS Condition,BZS Condition|TXT|National|A:A|1|PH,USD,8,476,80.39,BZS,HCP,2024-05-07
|CN|HCPB|UB|mBC|NEU|NEU|Condition|BZS Condition,BZS Condition|TXT|National|A:A|1|PH,USD,4,156,11.31,BZS,HCP,2024-05-07
|CN|HCPB|UB|mBC|NEU|NEU|Condition|BZS ITT Condition,BZS Condition|TXT|National|A:A|1|EX,USD,0,2,0.0,BZS,HCP,2024-05-07
|CN|HCPB|UB|mBC|NEU|NEU|Condition|BZS ITT Condition,BZS Condition|TXT|National|A:A|1|PH,USD,2,51,12.8,BZS,HCP,2024-05-07
|CN|HCPB|UB|mBC|NEU|NEU|Condition|BZS ITT Condition,ITT Condition|TXT|National|A:A|1|EX,USD,1,45,3.18,BZS,HCP,2024-05-07
|CN|HCPB|UB|mBC|NEU|NEU|Condition|BZS ITT Condition,ITT Condition|TXT|National|A:A|1|PH,USD,1,43,2.81,BZS,HCP,2024-05-07
|CN|HCPB|UB|mBC|NEU|NEU|Condition|Condition,Condition|TXT|National|A:A|1|EX,USD,5,114,41.37,BZS,HCP,2024-05-07
|CN|HCPB|UB|mBC|NEU|NEU|Condition|Condition,Condition|TXT|National|A:A|1|PH,USD,9,419,70.45,BZS,HCP,2024-05-07
|CN|HCPB|UB|mBC|NEU|NEU|Core|BZS,BZS|TXT|National|A:A|1|EX,USD,0,21,0.0,BZS,HCP,2024-05-07
|CN|HCPB|UB|mBC|NEU|NEU|Core|BZS,BZS|TXT|National|A:A|1|PH,USD,5,95,44.23,BZS,HCP,2024-05-07
|CN|HCPB|UB|mBC|NEU|NEU|Information|BZS Info,BZS Info|TXT|National|A:A|1|EX,USD,0,4,0.0,BZS,HCP,2024-05-07
|CN|HCPB|UB|mBC|NEU|NEU|Information|BZS Info,BZS Info|TXT|National|A:A|1|EX,USD,1,73,3.39,BZS,HCP,2024-05-07
|CN|HCPB|UB|mBC|NEU|NEU|Information|BZS Info,BZS Info|TXT|National|A:A|1|EX,USD,4,25,12.33,BZS,HCP,2024-05-07
|CN|HCPB|UB|mBC|NEU|NEU|Information|BZS Info,BZS Info|TXT|National|A:A|1|PH,USD,3,115,12.94,BZS,HCP,2024-05-07
|CN|HCPB|UB|mBC|NEU|NEU|Information|BZS Info,BZS Info|TXT|National|A:A|1|PH,USD,0,4,0.0,BZS,HCP,2024-05-07
|CN|HCPB|UB|mBC|NEU|NEU|Information|BZS Info,BZS Info|TXT|National|A:A|1|PH,USD,1,14,2.61,BZS,HCP,2024-05-07
|CN|HCPB|UB|mBC|NEU|NEU|Resources|BZS Resources,BZS Dosing|TXT|National|A:A|1|EX,USD,0,0,0.0,BZS,HCP,2024-05-07
|CN|HCPB|UB|mBC|NEU|NEU|Resources|BZS Resources,BZS Dosing|TXT|National|A:A|1|PH,USD,0,5,0.0,BZS,HCP,2024-05-07
|CN|HCPB|UB|mBC|NEU|NEU|Resources|BZS Resources,BZS MOA|TXT|National|A:A|1|PH,USD,0,3,0.0,BZS,HCP,2024-05-07
|CN|HCPB|UB|mBC|NEU|NEU|Resources|BZS Resources,BZS Resources|TXT|National|A:A|1|EX,USD,0,2,0.0,BZS,HCP,2024-05-07
|CN|HCPB|UB|mBC|NEU|NEU|Resources|BZS Resources,BZS Resources|TXT|National|A:A|1|EX,USD,0,1,0.0,BZS,HCP,2024-05-07
|CN|HCPB|UB|mBC|NEU|NEU|Resources|BZS Resources,BZS Resources|TXT|National|A:A|1|PH,USD,0,9,0.0,BZS,HCP,2024-05-07
|CN|HCPB|UB|mBC|NEU|NEU|Resources|BZS Resources,BZS Resources|TXT|National|A:A|1|PH,USD,0,1,0.0,BZS,HCP,2024-05-07
|CN|HCPB|UB|mBC|NEU|NEU|Resources|BZS Resources,BZS Safety|TXT|National|A:A|1|EX,USD,1,6,7.65,BZS,HCP,2024-05-07
|CN|HCPB|UB|mBC|NEU|NEU|Resources|BZS Resources,BZS Safety|TXT|National|A:A|1|PH,USD,1,15,2.68,BZS,HCP,2024-05-07
|CN|HCPB|UB|mBC|NEU|NEU|Resources|BZS Resources,BZS Safety|TXT|National|A:A|1|PH,USD,0,6,0.0,BZS,HCP,2024-05-07
|CN|HCPB|UB|mBC|NEU|NEU|Resources|BZS Resources,BZS Trial|TXT|National|A:A|1|EX,USD,1,14,3.37,BZS,HCP,2024-05-07
|CN|HCPB|UB|mBC|NEU|NEU|Resources|BZS Resources,BZS Trial|TXT|National|A:A|1|EX,USD,0,2,0.0,BZS,HCP,2024-05-07
|CN|HCPB|UB|mBC|NEU|NEU|Resources|BZS Resources,BZS Trial|TXT|National|A:A|1|EX,USD,0,2,0.0,BZS,HCP,2024-05-07
|CN|HCPB|UB|mBC|NEU|NEU|Resources|BZS Resources,BZS Trial|TXT|National|A:A|1|PH,USD,0,17,0.0,BZS,HCP,2024-05-07
|CN|HCPB|UB|mBC|NEU|NEU|Resources|BZS Resources,BZS Trial|TXT|National|A:A|1|PH,USD,1,56,3.16,BZS,HCP,2024-05-07
|CN|HCPB|UB|mBC|NEU|NEU|Resources|BZS Resources,BZS Trial|TXT|National|A:A|1|PH,USD,2,56,15.58,BZS,HCP,2024-05-07
|CN|HCPB|UB|mBC|NEU|NEU|Treatment|BZS Treatment,BZS Treatment|TXT|National|A:A|1|EX,USD,0,1,0.0,BZS,HCP,2024-05-07
|CN|HCPB|UB|mBC|NEU|NEU|Treatment|BZS Treatment,BZS Treatment|TXT|National|A:A|1|EX,USD,0,4,0.0,BZS,HCP,2024-05-07
|CN|HCPB|UB|mBC|NEU|NEU|Treatment|BZS Treatment,BZS Treatment|TXT|National|A:A|1|EX,USD,0,6,0.0,BZS,HCP,2024-05-07
|CN|HCPB|UB|mBC|NEU|NEU|Treatment|BZS Treatment,BZS Treatment|TXT|National|A:A|1|PH,USD,3,22,26.05,BZS,HCP,2024-05-07
|CN|HCPB|UB|mBC|NEU|NEU|Treatment|BZS Treatment,BZS Treatment|TXT|National|A:A|1|PH,USD,24,270,281.24,BZS,HCP,2024-05-07
|CN|HCPB|UB|mBC|NEU|NEU|Treatment|BZS Treatment,BZS Treatment|TXT|National|A:A|1|PH,USD,2,59,11.72,BZS,HCP,2024-05-07
|CN|HCPB|UB|mBC|NEU|NEU|Treatment|Treatment,Diagnosis|TXT|National|A:A|1|EX,USD,9,120,77.68,BZS,HCP,2024-05-07
|CN|HCPB|UB|mBC|NEU|NEU|Treatment|Treatment,Diagnosis|TXT|National|A:A|1|PH,USD,1,112,10.02,BZS,HCP,2024-05-07
|CN|HCPB|UB|mBC|NEU|NEU|Treatment|Treatment,Treatment Efficacy|TXT|National|A:A|1|EX,USD,0,1,0.0,BZS,HCP,2024-05-07
|CN|HCPB|UB|mBC|NEU|NEU|Treatment|Treatment,Treatment Efficacy|TXT|National|A:A|1|PH,USD,3,54,25.67,BZS,HCP,2024-05-07
|CN|HCPB|UB|mBC|NEU|NEU|Treatment|Treatment Priority,Treatment|TXT|National|A:A|1|EX,USD,2,40,17.77,BZS,HCP,2024-05-07
|CN|HCPB|UB|mBC|NEU|NEU|Treatment|Treatment Priority,Treatment|TXT|National|A:A|1|PH,USD,13,364,92.3,BZS,HCP,2024-05-07
|CN|HCPB|BR|mBC|NEU|NEU|Competitive|Competitor,Competitors|TXT|National|A:A|1|EX,USD,9,384,66.74,BZS,HCP,2024-05-08
|CN|HCPB|BR|mBC|NEU|NEU|Competitive|Competitor,Competitors|TXT|National|A:A|1|PH,USD,22,459,198.12,BZS,HCP,2024-05-08
|CN|HCPB|BR|mBC|NEU|NEU|Competitive|Competitor,Competitor|TXT|National|A:A|1|EX,USD,2,116,11.37,BZS,HCP,2024-05-08
|CN|HCPB|BR|mBC|NEU|NEU|Competitive|Competitor,Competitor|TXT|National|A:A|1|PH,USD,4,269,49.58,BZS,HCP,2024-05-08
|CN|HCPB|BR|mBC|NEU|NEU|Condition|BZS,BZS|TXT|National|A:A|1|EX,USD,1,31,15.3,BZS,HCP,2024-05-08
|CN|HCPB|BR|mBC|NEU|NEU|Condition|BZS,BZS|TXT|National|A:A|1|PH,USD,11,193,107.96,BZS,HCP,2024-05-08
|CN|HCPB|BR|mBC|NEU|NEU|Condition|BZS,Destiny|TXT|National|A:A|1|EX,USD,0,15,0.0,BZS,HCP,2024-05-08
|CN|HCPB|BR|mBC|NEU|NEU|Condition|BZS,Destiny|TXT|National|A:A|1|PH,USD,3,38,36.8,BZS,HCP,2024-05-08
|CN|HCPB|BR|mBC|NEU|NEU|Core|Alone,Alone|TXT|National|A:A|1|EX,USD,68,813,355.42,BZS,HCP,2024-05-08
|CN|HCPB|BR|mBC|NEU|NEU|Core|Alone,Alone|TXT|National|A:A|1|PH,USD,37,499,318.74,BZS,HCP,2024-05-08
|CN|HCPB|BR|mBC|NEU|NEU|Core|Branded,Brand Alone|TXT|National|A:A|1|EX,USD,18,76,193.21,BZS,HCP,2024-05-08
|CN|HCPB|BR|mBC|NEU|NEU|Core|Branded,Brand Alone|TXT|National|A:A|1|PH,USD,0,25,0.0,BZS,HCP,2024-05-08
|CN|HCPB|BR|mBC|NEU|NEU|Information|Info,Dosing|TXT|National|A:A|1|EX,USD,1,7,4.5600000000000005,BZS,HCP,2024-05-08
|CN|HCPB|BR|mBC|NEU|NEU|Information|Info,Info|TXT|National|A:A|1|EX,USD,18,89,96.89,BZS,HCP,2024-05-08
|CN|HCPB|BR|mBC|NEU|NEU|Information|Info,Info|TXT|National|A:A|1|PH,USD,0,4,0.0,BZS,HCP,2024-05-08
|CN|HCPB|BR|mBC|NEU|NEU|Information|Info,MOA|TXT|National|A:A|1|EX,USD,1,12,3.92,BZS,HCP,2024-05-08
|CN|HCPB|BR|mBC|NEU|NEU|Information|Info,MOA|TXT|National|A:A|1|PH,USD,0,3,0.0,BZS,HCP,2024-05-08
|CN|HCPB|BR|mBC|NEU|NEU|Information|Info,Resources|TXT|National|A:A|1|EX,USD,1,13,3.92,BZS,HCP,2024-05-08
|CN|HCPB|BR|mBC|NEU|NEU|Information|Info,Safety|TXT|National|A:A|1|EX,USD,5,87,34.77,BZS,HCP,2024-05-08
|CN|HCPB|BR|mBC|NEU|NEU|Information|Info,Safety|TXT|National|A:A|1|PH,USD,0,2,0.0,BZS,HCP,2024-05-08
|CN|HCPB|BR|mBC|NEU|NEU|Information|Info,Study|TXT|National|A:A|1|EX,USD,2,15,8.56,BZS,HCP,2024-05-08
|CN|HCPB|BR|mBC|NEU|NEU|Information|Info,Study|TXT|National|A:A|1|PH,USD,16,182,203.45,BZS,HCP,2024-05-08
|CN|HCPB|BR|mBC|NEU|NEU|Information|Info,Treatment|TXT|National|A:A|1|EX,USD,6,33,81.73,BZS,HCP,2024-05-08
|CN|HCPB|BR|mBC|NEU|NEU|Information|Info,Treatment|TXT|National|A:A|1|PH,USD,7,102,85.36,BZS,HCP,2024-05-08
|CN|HCPB|UB|mBC|NEU|NEU|Condition|BZS Condition,BZS Condition|TXT|National|A:A|1|EX,USD,7,286,44.58,BZS,HCP,2024-05-08
|CN|HCPB|UB|mBC|NEU|NEU|Condition|BZS Condition,BZS Condition|TXT|National|A:A|1|EX,USD,4,306,55.57,BZS,HCP,2024-05-08
|CN|HCPB|UB|mBC|NEU|NEU|Condition|BZS Condition,BZS Condition|TXT|National|A:A|1|PH,USD,15,562,160.72,BZS,HCP,2024-05-08
|CN|HCPB|UB|mBC|NEU|NEU|Condition|BZS Condition,BZS Condition|TXT|National|A:A|1|PH,USD,10,191,26.04,BZS,HCP,2024-05-08
|CN|HCPB|UB|mBC|NEU|NEU|Condition|BZS ITT Condition,BZS Condition|TXT|National|A:A|1|EX,USD,0,3,0.0,BZS,HCP,2024-05-08
|CN|HCPB|UB|mBC|NEU|NEU|Condition|BZS ITT Condition,BZS Condition|TXT|National|A:A|1|PH,USD,1,27,11.04,BZS,HCP,2024-05-08
|CN|HCPB|UB|mBC|NEU|NEU|Condition|BZS ITT Condition,ITT Condition|TXT|National|A:A|1|EX,USD,1,18,3.27,BZS,HCP,2024-05-08
|CN|HCPB|UB|mBC|NEU|NEU|Condition|BZS ITT Condition,ITT Condition|TXT|National|A:A|1|PH,USD,1,25,3.64,BZS,HCP,2024-05-08
|CN|HCPB|UB|mBC|NEU|NEU|Condition|Condition,Condition|TXT|National|A:A|1|EX,USD,3,78,23.74,BZS,HCP,2024-05-08
|CN|HCPB|UB|mBC|NEU|NEU|Condition|Condition,Condition|TXT|National|A:A|1|PH,USD,7,256,47.29,BZS,HCP,2024-05-08
|CN|HCPB|UB|mBC|NEU|NEU|Core|BZS,BZS|TXT|National|A:A|1|EX,USD,1,53,8.67,BZS,HCP,2024-05-08
|CN|HCPB|UB|mBC|NEU|NEU|Core|BZS,BZS|TXT|National|A:A|1|PH,USD,5,201,43.23,BZS,HCP,2024-05-08
|CN|HCPB|UB|mBC|NEU|NEU|Information|BZS Info,BZS Info|TXT|National|A:A|1|EX,USD,2,28,11.98,BZS,HCP,2024-05-08
|CN|HCPB|UB|mBC|NEU|NEU|Information|BZS Info,BZS Info|TXT|National|A:A|1|EX,USD,4,66,13.2,BZS,HCP,2024-05-08
|CN|HCPB|UB|mBC|NEU|NEU|Information|BZS Info,BZS Info|TXT|National|A:A|1|EX,USD,0,5,0.0,BZS,HCP,2024-05-08
|CN|HCPB|UB|mBC|NEU|NEU|Information|BZS Info,BZS Info|TXT|National|A:A|1|PH,USD,1,40,2.7,BZS,HCP,2024-05-08
|CN|HCPB|UB|mBC|NEU|NEU|Information|BZS Info,BZS Info|TXT|National|A:A|1|PH,USD,1,62,3.65,BZS,HCP,2024-05-08
|CN|HCPB|UB|mBC|NEU|NEU|Information|BZS Info,BZS Info|TXT|National|A:A|1|PH,USD,0,2,0.0,BZS,HCP,2024-05-08
|CN|HCPB|UB|mBC|NEU|NEU|Resources|BZS Resources,BZS Dosing|TXT|National|A:A|1|EX,USD,0,2,0.0,BZS,HCP,2024-05-08
|CN|HCPB|UB|mBC|NEU|NEU|Resources|BZS Resources,BZS Dosing|TXT|National|A:A|1|PH,USD,1,1,7.3,BZS,HCP,2024-05-08
|CN|HCPB|UB|mBC|NEU|NEU|Resources|BZS Resources,BZS Resources|TXT|National|A:A|1|EX,USD,0,0,0.0,BZS,HCP,2024-05-08
|CN|HCPB|UB|mBC|NEU|NEU|Resources|BZS Resources,BZS Resources|TXT|National|A:A|1|EX,USD,0,0,0.0,BZS,HCP,2024-05-08
|CN|HCPB|UB|mBC|NEU|NEU|Resources|BZS Resources,BZS Resources|TXT|National|A:A|1|PH,USD,1,3,8.92,BZS,HCP,2024-05-08
|CN|HCPB|UB|mBC|NEU|NEU|Resources|BZS Resources,BZS Resources|TXT|National|A:A|1|PH,USD,0,4,0.0,BZS,HCP,2024-05-08
|CN|HCPB|UB|mBC|NEU|NEU|Resources|BZS Resources,BZS Safety|TXT|National|A:A|1|EX,USD,0,2,0.0,BZS,HCP,2024-05-08
|CN|HCPB|UB|mBC|NEU|NEU|Resources|BZS Resources,BZS Safety|TXT|National|A:A|1|PH,USD,0,3,0.0,BZS,HCP,2024-05-08
|CN|HCPB|UB|mBC|NEU|NEU|Resources|BZS Resources,BZS Safety|TXT|National|A:A|1|PH,USD,0,7,0.0,BZS,HCP,2024-05-08
|CN|HCPB|UB|mBC|NEU|NEU|Resources|BZS Resources,BZS Trial|TXT|National|A:A|1|EX,USD,0,5,0.0,BZS,HCP,2024-05-08
|CN|HCPB|UB|mBC|NEU|NEU|Resources|BZS Resources,BZS Trial|TXT|National|A:A|1|EX,USD,0,13,0.0,BZS,HCP,2024-05-08
|CN|HCPB|UB|mBC|NEU|NEU|Resources|BZS Resources,BZS Trial|TXT|National|A:A|1|PH,USD,2,65,8.25,BZS,HCP,2024-05-08
|CN|HCPB|UB|mBC|NEU|NEU|Resources|BZS Resources,BZS Trial|TXT|National|A:A|1|PH,USD,1,18,6.79,BZS,HCP,2024-05-08
|CN|HCPB|UB|mBC|NEU|NEU|Resources|BZS Resources,BZS Trial|TXT|National|A:A|1|PH,USD,3,18,7.97,BZS,HCP,2024-05-08
|CN|HCPB|UB|mBC|NEU|NEU|Treatment|BZS Treatment,BZS Treatment|TXT|National|A:A|1|EX,USD,0,2,0.0,BZS,HCP,2024-05-08
|CN|HCPB|UB|mBC|NEU|NEU|Treatment|BZS Treatment,BZS Treatment|TXT|National|A:A|1|EX,USD,0,4,0.0,BZS,HCP,2024-05-08
|CN|HCPB|UB|mBC|NEU|NEU|Treatment|BZS Treatment,BZS Treatment|TXT|National|A:A|1|EX,USD,0,4,0.0,BZS,HCP,2024-05-08
|CN|HCPB|UB|mBC|NEU|NEU|Treatment|BZS Treatment,BZS Treatment|TXT|National|A:A|1|PH,USD,0,36,0.0,BZS,HCP,2024-05-08
|CN|HCPB|UB|mBC|NEU|NEU|Treatment|BZS Treatment,BZS Treatment|TXT|National|A:A|1|PH,USD,26,285,297.61,BZS,HCP,2024-05-08
|CN|HCPB|UB|mBC|NEU|NEU|Treatment|BZS Treatment,BZS Treatment|TXT|National|A:A|1|PH,USD,3,41,18.47,BZS,HCP,2024-05-08
|CN|HCPB|UB|mBC|NEU|NEU|Treatment|Treatment,Diagnosis|TXT|National|A:A|1|EX,USD,8,78,65.97,BZS,HCP,2024-05-08
|CN|HCPB|UB|mBC|NEU|NEU|Treatment|Treatment,Diagnosis|TXT|National|A:A|1|PH,USD,1,62,8.05,BZS,HCP,2024-05-08
|CN|HCPB|UB|mBC|NEU|NEU|Treatment|Treatment,Treatment Efficacy|TXT|National|A:A|1|PH,USD,0,40,0.0,BZS,HCP,2024-05-08
|CN|HCPB|UB|mBC|NEU|NEU|Treatment|Treatment Priority,Treatment|TXT|National|A:A|1|EX,USD,1,11,9.88,BZS,HCP,2024-05-08
|CN|HCPB|UB|mBC|NEU|NEU|Treatment|Treatment Priority,Treatment|TXT|National|A:A|1|PH,USD,9,209,55.22,BZS,HCP,2024-05-08
|CN|HCPB|BR|mBC|NEU|NEU|Competitive|Competitor,Competitors|TXT|National|A:A|1|EX,USD,15,428,104.49,BZS,HCP,2024-05-09
|CN|HCPB|BR|mBC|NEU|NEU|Competitive|Competitor,Competitors|TXT|National|A:A|1|PH,USD,17,590,133.16,BZS,HCP,2024-05-09
|CN|HCPB|BR|mBC|NEU|NEU|Competitive|Competitor,Competitor|TXT|National|A:A|1|EX,USD,1,86,4.49,BZS,HCP,2024-05-09
|CN|HCPB|BR|mBC|NEU|NEU|Competitive|Competitor,Competitor|TXT|National|A:A|1|PH,USD,3,196,33.05,BZS,HCP,2024-05-09
|CN|HCPB|BR|mBC|NEU|NEU|Condition|BZS,BZS|TXT|National|A:A|1|EX,USD,1,19,12.42,BZS,HCP,2024-05-09
|CN|HCPB|BR|mBC|NEU|NEU|Condition|BZS,BZS|TXT|National|A:A|1|PH,USD,14,205,124.33,BZS,HCP,2024-05-09
|CN|HCPB|BR|mBC|NEU|NEU|Condition|BZS,Destiny|TXT|National|A:A|1|EX,USD,0,7,0.0,BZS,HCP,2024-05-09
|CN|HCPB|BR|mBC|NEU|NEU|Condition|BZS,Destiny|TXT|National|A:A|1|PH,USD,3,29,41.97,BZS,HCP,2024-05-09
|CN|HCPB|BR|mBC|NEU|NEU|Core|Alone,Alone|TXT|National|A:A|1|EX,USD,52,644,279.23,BZS,HCP,2024-05-09
|CN|HCPB|BR|mBC|NEU|NEU|Core|Alone,Alone|TXT|National|A:A|1|PH,USD,16,428,138.29,BZS,HCP,2024-05-09
|CN|HCPB|BR|mBC|NEU|NEU|Core|Branded,Brand Alone|TXT|National|A:A|1|EX,USD,6,58,52.82,BZS,HCP,2024-05-09
|CN|HCPB|BR|mBC|NEU|NEU|Core|Branded,Brand Alone|TXT|National|A:A|1|PH,USD,1,26,14.58,BZS,HCP,2024-05-09
|CN|HCPB|BR|mBC|NEU|NEU|Information|Info,Dosing|TXT|National|A:A|1|EX,USD,1,4,4.9,BZS,HCP,2024-05-09
|CN|HCPB|BR|mBC|NEU|NEU|Information|Info,Info|TXT|National|A:A|1|EX,USD,8,46,38.48,BZS,HCP,2024-05-09
|CN|HCPB|BR|mBC|NEU|NEU|Information|Info,Info|TXT|National|A:A|1|PH,USD,0,3,0.0,BZS,HCP,2024-05-09
|CN|HCPB|BR|mBC|NEU|NEU|Information|Info,MOA|TXT|National|A:A|1|EX,USD,4,12,25.88,BZS,HCP,2024-05-09
|CN|HCPB|BR|mBC|NEU|NEU|Information|Info,Resources|TXT|National|A:A|1|EX,USD,0,12,0.0,BZS,HCP,2024-05-09
|CN|HCPB|BR|mBC|NEU|NEU|Information|Info,Safety|TXT|National|A:A|1|EX,USD,2,18,24.7,BZS,HCP,2024-05-09
|CN|HCPB|BR|mBC|NEU|NEU|Information|Info,Study|TXT|National|A:A|1|EX,USD,2,5,12.88,BZS,HCP,2024-05-09
|CN|HCPB|BR|mBC|NEU|NEU|Information|Info,Study|TXT|National|A:A|1|PH,USD,4,205,57.43,BZS,HCP,2024-05-09
|CN|HCPB|BR|mBC|NEU|NEU|Information|Info,Treatment|TXT|National|A:A|1|EX,USD,2,45,21.97,BZS,HCP,2024-05-09
|CN|HCPB|BR|mBC|NEU|NEU|Information|Info,Treatment|TXT|National|A:A|1|PH,USD,5,98,64.72,BZS,HCP,2024-05-09
|CN|HCPB|UB|mBC|NEU|NEU|Condition|BZS Condition,BZS Condition|TXT|National|A:A|1|EX,USD,6,267,81.12,BZS,HCP,2024-05-09
|CN|HCPB|UB|mBC|NEU|NEU|Condition|BZS Condition,BZS Condition|TXT|National|A:A|1|EX,USD,9,228,63.09,BZS,HCP,2024-05-09
|CN|HCPB|UB|mBC|NEU|NEU|Condition|BZS Condition,BZS Condition|TXT|National|A:A|1|PH,USD,7,378,81.41,BZS,HCP,2024-05-09
|CN|HCPB|UB|mBC|NEU|NEU|Condition|BZS Condition,BZS Condition|TXT|National|A:A|1|PH,USD,6,135,14.92,BZS,HCP,2024-05-09
|CN|HCPB|UB|mBC|NEU|NEU|Condition|BZS ITT Condition,BZS Condition|TXT|National|A:A|1|PH,USD,2,28,14.04,BZS,HCP,2024-05-09
|CN|HCPB|UB|mBC|NEU|NEU|Condition|BZS ITT Condition,ITT Condition|TXT|National|A:A|1|EX,USD,1,20,3.06,BZS,HCP,2024-05-09
|CN|HCPB|UB|mBC|NEU|NEU|Condition|BZS ITT Condition,ITT Condition|TXT|National|A:A|1|PH,USD,0,21,0.0,BZS,HCP,2024-05-09
|CN|HCPB|UB|mBC|NEU|NEU|Condition|Condition,Condition|TXT|National|A:A|1|EX,USD,2,14,14.8,BZS,HCP,2024-05-09
|CN|HCPB|UB|mBC|NEU|NEU|Condition|Condition,Condition|TXT|National|A:A|1|PH,USD,2,60,11.3,BZS,HCP,2024-05-09
|CN|HCPB|UB|mBC|NEU|NEU|Core|BZS,BZS|TXT|National|A:A|1|EX,USD,3,105,26.41,BZS,HCP,2024-05-09
|CN|HCPB|UB|mBC|NEU|NEU|Core|BZS,BZS|TXT|National|A:A|1|PH,USD,5,460,44.58,BZS,HCP,2024-05-09
|CN|HCPB|UB|mBC|NEU|NEU|Information|BZS Info,BZS Info|TXT|National|A:A|1|EX,USD,3,215,9.77,BZS,HCP,2024-05-09
|CN|HCPB|UB|mBC|NEU|NEU|Information|BZS Info,BZS Info|TXT|National|A:A|1|EX,USD,0,20,0.0,BZS,HCP,2024-05-09
|CN|HCPB|UB|mBC|NEU|NEU|Information|BZS Info,BZS Info|TXT|National|A:A|1|EX,USD,0,1,0.0,BZS,HCP,2024-05-09
|CN|HCPB|UB|mBC|NEU|NEU|Information|BZS Info,BZS Info|TXT|National|A:A|1|PH,USD,3,69,14.47,BZS,HCP,2024-05-09
|CN|HCPB|UB|mBC|NEU|NEU|Information|BZS Info,BZS Info|TXT|National|A:A|1|PH,USD,3,124,7.14,BZS,HCP,2024-05-09
|CN|HCPB|UB|mBC|NEU|NEU|Resources|BZS Resources,BZS Resources|TXT|National|A:A|1|EX,USD,0,1,0.0,BZS,HCP,2024-05-09
|CN|HCPB|UB|mBC|NEU|NEU|Resources|BZS Resources,BZS Resources|TXT|National|A:A|1|EX,USD,2,1,14.86,BZS,HCP,2024-05-09
|CN|HCPB|UB|mBC|NEU|NEU|Resources|BZS Resources,BZS Resources|TXT|National|A:A|1|PH,USD,0,2,0.0,BZS,HCP,2024-05-09
|CN|HCPB|UB|mBC|NEU|NEU|Resources|BZS Resources,BZS Resources|TXT|National|A:A|1|PH,USD,1,5,3.95,BZS,HCP,2024-05-09
|CN|HCPB|UB|mBC|NEU|NEU|Resources|BZS Resources,BZS Safety|TXT|National|A:A|1|EX,USD,0,0,0.0,BZS,HCP,2024-05-09
|CN|HCPB|UB|mBC|NEU|NEU|Resources|BZS Resources,BZS Safety|TXT|National|A:A|1|PH,USD,1,1,6.59,BZS,HCP,2024-05-09
|CN|HCPB|UB|mBC|NEU|NEU|Resources|BZS Resources,BZS Trial|TXT|National|A:A|1|EX,USD,0,1,0.0,BZS,HCP,2024-05-09
|CN|HCPB|UB|mBC|NEU|NEU|Resources|BZS Resources,BZS Trial|TXT|National|A:A|1|EX,USD,0,5,0.0,BZS,HCP,2024-05-09
|CN|HCPB|UB|mBC|NEU|NEU|Resources|BZS Resources,BZS Trial|TXT|National|A:A|1|PH,USD,1,19,8.15,BZS,HCP,2024-05-09
|CN|HCPB|UB|mBC|NEU|NEU|Resources|BZS Resources,BZS Trial|TXT|National|A:A|1|PH,USD,0,12,0.0,BZS,HCP,2024-05-09
|CN|HCPB|UB|mBC|NEU|NEU|Resources|BZS Resources,BZS Trial|TXT|National|A:A|1|PH,USD,0,11,0.0,BZS,HCP,2024-05-09
|CN|HCPB|UB|mBC|NEU|NEU|Treatment|BZS Treatment,BZS Treatment|TXT|National|A:A|1|EX,USD,0,2,0.0,BZS,HCP,2024-05-09
|CN|HCPB|UB|mBC|NEU|NEU|Treatment|BZS Treatment,BZS Treatment|TXT|National|A:A|1|EX,USD,0,3,0.0,BZS,HCP,2024-05-09
|CN|HCPB|UB|mBC|NEU|NEU|Treatment|BZS Treatment,BZS Treatment|TXT|National|A:A|1|EX,USD,0,4,0.0,BZS,HCP,2024-05-09
|CN|HCPB|UB|mBC|NEU|NEU|Treatment|BZS Treatment,BZS Treatment|TXT|National|A:A|1|PH,USD,0,13,0.0,BZS,HCP,2024-05-09
|CN|HCPB|UB|mBC|NEU|NEU|Treatment|BZS Treatment,BZS Treatment|TXT|National|A:A|1|PH,USD,24,338,276.93,BZS,HCP,2024-05-09
|CN|HCPB|UB|mBC|NEU|NEU|Treatment|BZS Treatment,BZS Treatment|TXT|National|A:A|1|PH,USD,2,62,12.21,BZS,HCP,2024-05-09
|CN|HCPB|UB|mBC|NEU|NEU|Treatment|Treatment,Diagnosis|TXT|National|A:A|1|EX,USD,1,45,8.19,BZS,HCP,2024-05-09
|CN|HCPB|UB|mBC|NEU|NEU|Treatment|Treatment,Diagnosis|TXT|National|A:A|1|PH,USD,0,42,0.0,BZS,HCP,2024-05-09
|CN|HCPB|UB|mBC|NEU|NEU|Treatment|Treatment,Treatment Efficacy|TXT|National|A:A|1|PH,USD,2,21,16.42,BZS,HCP,2024-05-09
|CN|HCPB|UB|mBC|NEU|NEU|Treatment|Treatment Priority,Treatment|TXT|National|A:A|1|EX,USD,1,10,7.02,BZS,HCP,2024-05-09
|CN|HCPB|UB|mBC|NEU|NEU|Treatment|Treatment Priority,Treatment|TXT|National|A:A|1|PH,USD,3,76,18.35,BZS,HCP,2024-05-09
|CN|HCPB|BR|mBC|NEU|NEU|Competitive|Competitor,Competitors|TXT|National|A:A|1|EX,USD,8,276,59.61,BZS,HCP,2024-05-10
|CN|HCPB|BR|mBC|NEU|NEU|Competitive|Competitor,Competitors|TXT|National|A:A|1|PH,USD,11,383,93.54,BZS,HCP,2024-05-10
|CN|HCPB|BR|mBC|NEU|NEU|Competitive|Competitor,Competitor|TXT|National|A:A|1|EX,USD,0,40,0.0,BZS,HCP,2024-05-10
|CN|HCPB|BR|mBC|NEU|NEU|Competitive|Competitor,Competitor|TXT|National|A:A|1|PH,USD,2,97,24.78,BZS,HCP,2024-05-10
|CN|HCPB|BR|mBC|NEU|NEU|Condition|BZS,BZS|TXT|National|A:A|1|EX,USD,1,10,12.49,BZS,HCP,2024-05-10
|CN|HCPB|BR|mBC|NEU|NEU|Condition|BZS,BZS|TXT|National|A:A|1|PH,USD,4,77,36.34,BZS,HCP,2024-05-10
|CN|HCPB|BR|mBC|NEU|NEU|Condition|BZS,Destiny|TXT|National|A:A|1|EX,USD,0,1,0.0,BZS,HCP,2024-05-10
|CN|HCPB|BR|mBC|NEU|NEU|Condition|BZS,Destiny|TXT|National|A:A|1|PH,USD,1,8,12.11,BZS,HCP,2024-05-10
|CN|HCPB|BR|mBC|NEU|NEU|Core|Alone,Alone|TXT|National|A:A|1|EX,USD,14,225,87.45,BZS,HCP,2024-05-10
|CN|HCPB|BR|mBC|NEU|NEU|Core|Alone,Alone|TXT|National|A:A|1|PH,USD,8,198,76.0,BZS,HCP,2024-05-10
|CN|HCPB|BR|mBC|NEU|NEU|Core|Branded,Brand Alone|TXT|National|A:A|1|EX,USD,4,31,35.26,BZS,HCP,2024-05-10
|CN|HCPB|BR|mBC|NEU|NEU|Core|Branded,Brand Alone|TXT|National|A:A|1|PH,USD,0,13,0.0,BZS,HCP,2024-05-10
|CN|HCPB|BR|mBC|NEU|NEU|Information|Info,Dosing|TXT|National|A:A|1|EX,USD,0,3,0.0,BZS,HCP,2024-05-10
|CN|HCPB|BR|mBC|NEU|NEU|Information|Info,Info|TXT|National|A:A|1|EX,USD,0,20,0.0,BZS,HCP,2024-05-10
|CN|HCPB|BR|mBC|NEU|NEU|Information|Info,MOA|TXT|National|A:A|1|EX,USD,3,7,23.41,BZS,HCP,2024-05-10
|CN|HCPB|BR|mBC|NEU|NEU|Information|Info,Resources|TXT|National|A:A|1|EX,USD,0,6,0.0,BZS,HCP,2024-05-10
|CN|HCPB|BR|mBC|NEU|NEU|Information|Info,Safety|TXT|National|A:A|1|EX,USD,2,11,22.12,BZS,HCP,2024-05-10
|CN|HCPB|BR|mBC|NEU|NEU|Information|Info,Study|TXT|National|A:A|1|EX,USD,1,6,4.76,BZS,HCP,2024-05-10
|CN|HCPB|BR|mBC|NEU|NEU|Information|Info,Study|TXT|National|A:A|1|PH,USD,12,105,150.44,BZS,HCP,2024-05-10
|CN|HCPB|BR|mBC|NEU|NEU|Information|Info,Treatment|TXT|National|A:A|1|EX,USD,1,15,12.0,BZS,HCP,2024-05-10
|CN|HCPB|BR|mBC|NEU|NEU|Information|Info,Treatment|TXT|National|A:A|1|PH,USD,0,33,0.0,BZS,HCP,2024-05-10
|CN|HCPB|UB|mBC|NEU|NEU|Condition|BZS Condition,BZS Condition|TXT|National|A:A|1|EX,USD,9,193,57.37,BZS,HCP,2024-05-10
|CN|HCPB|UB|mBC|NEU|NEU|Condition|BZS Condition,BZS Condition|TXT|National|A:A|1|EX,USD,6,138,72.7,BZS,HCP,2024-05-10
|CN|HCPB|UB|mBC|NEU|NEU|Condition|BZS Condition,BZS Condition|TXT|National|A:A|1|PH,USD,3,114,9.11,BZS,HCP,2024-05-10
|CN|HCPB|UB|mBC|NEU|NEU|Condition|BZS Condition,BZS Condition|TXT|National|A:A|1|PH,USD,7,216,67.52,BZS,HCP,2024-05-10
|CN|HCPB|UB|mBC|NEU|NEU|Condition|BZS ITT Condition,BZS Condition|TXT|National|A:A|1|PH,USD,1,30,5.82,BZS,HCP,2024-05-10
|CN|HCPB|UB|mBC|NEU|NEU|Condition|BZS ITT Condition,ITT Condition|TXT|National|A:A|1|EX,USD,1,52,3.77,BZS,HCP,2024-05-10
|CN|HCPB|UB|mBC|NEU|NEU|Condition|BZS ITT Condition,ITT Condition|TXT|National|A:A|1|PH,USD,2,63,6.68,BZS,HCP,2024-05-10
|CN|HCPB|UB|mBC|NEU|NEU|Condition|Condition,Condition|TXT|National|A:A|1|EX,USD,2,32,12.84,BZS,HCP,2024-05-10
|CN|HCPB|UB|mBC|NEU|NEU|Condition|Condition,Condition|TXT|National|A:A|1|PH,USD,2,104,10.24,BZS,HCP,2024-05-10
|CN|HCPB|UB|mBC|NEU|NEU|Core|BZS,BZS|TXT|National|A:A|1|EX,USD,1,34,8.83,BZS,HCP,2024-05-10
|CN|HCPB|UB|mBC|NEU|NEU|Core|BZS,BZS|TXT|National|A:A|1|PH,USD,6,129,51.18,BZS,HCP,2024-05-10
|CN|HCPB|UB|mBC|NEU|NEU|Information|BZS Info,BZS Info|TXT|National|A:A|1|EX,USD,0,23,0.0,BZS,HCP,2024-05-10
|CN|HCPB|UB|mBC|NEU|NEU|Information|BZS Info,BZS Info|TXT|National|A:A|1|EX,USD,3,32,11.7,BZS,HCP,2024-05-10
|CN|HCPB|UB|mBC|NEU|NEU|Information|BZS Info,BZS Info|TXT|National|A:A|1|PH,USD,0,1,0.0,BZS,HCP,2024-05-10
|CN|HCPB|UB|mBC|NEU|NEU|Information|BZS Info,BZS Info|TXT|National|A:A|1|PH,USD,1,15,2.34,BZS,HCP,2024-05-10
|CN|HCPB|UB|mBC|NEU|NEU|Information|BZS Info,BZS Info|TXT|National|A:A|1|PH,USD,3,78,16.25,BZS,HCP,2024-05-10
|CN|HCPB|UB|mBC|NEU|NEU|Resources|BZS Resources,BZS Dosing|TXT|National|A:A|1|PH,USD,0,10,0.0,BZS,HCP,2024-05-10
|CN|HCPB|UB|mBC|NEU|NEU|Resources|BZS Resources,BZS MOA|TXT|National|A:A|1|EX,USD,0,1,0.0,BZS,HCP,2024-05-10
|CN|HCPB|UB|mBC|NEU|NEU|Resources|BZS Resources,BZS MOA|TXT|National|A:A|1|PH,USD,0,1,0.0,BZS,HCP,2024-05-10
|CN|HCPB|UB|mBC|NEU|NEU|Resources|BZS Resources,BZS Resources|TXT|National|A:A|1|EX,USD,0,4,0.0,BZS,HCP,2024-05-10
|CN|HCPB|UB|mBC|NEU|NEU|Resources|BZS Resources,BZS Resources|TXT|National|A:A|1|PH,USD,1,12,3.1,BZS,HCP,2024-05-10
|CN|HCPB|UB|mBC|NEU|NEU|Resources|BZS Resources,BZS Safety|TXT|National|A:A|1|EX,USD,0,5,0.0,BZS,HCP,2024-05-10
|CN|HCPB|UB|mBC|NEU|NEU|Resources|BZS Resources,BZS Safety|TXT|National|A:A|1|PH,USD,1,30,2.9,BZS,HCP,2024-05-10
|CN|HCPB|UB|mBC|NEU|NEU|Resources|BZS Resources,BZS Safety|TXT|National|A:A|1|PH,USD,0,2,0.0,BZS,HCP,2024-05-10
|CN|HCPB|UB|mBC|NEU|NEU|Resources|BZS Resources,BZS Trial|TXT|National|A:A|1|EX,USD,0,26,0.0,BZS,HCP,2024-05-10
|CN|HCPB|UB|mBC|NEU|NEU|Resources|BZS Resources,BZS Trial|TXT|National|A:A|1|EX,USD,0,3,0.0,BZS,HCP,2024-05-10
|CN|HCPB|UB|mBC|NEU|NEU|Resources|BZS Resources,BZS Trial|TXT|National|A:A|1|PH,USD,3,55,9.99,BZS,HCP,2024-05-10
|CN|HCPB|UB|mBC|NEU|NEU|Resources|BZS Resources,BZS Trial|TXT|National|A:A|1|PH,USD,2,22,11.8,BZS,HCP,2024-05-10
|CN|HCPB|UB|mBC|NEU|NEU|Resources|BZS Resources,BZS Trial|TXT|National|A:A|1|PH,USD,0,9,0.0,BZS,HCP,2024-05-10
|CN|HCPB|UB|mBC|NEU|NEU|Treatment|BZS Treatment,BZS Treatment|TXT|National|A:A|1|EX,USD,0,3,0.0,BZS,HCP,2024-05-10
|CN|HCPB|UB|mBC|NEU|NEU|Treatment|BZS Treatment,BZS Treatment|TXT|National|A:A|1|EX,USD,0,4,0.0,BZS,HCP,2024-05-10
|CN|HCPB|UB|mBC|NEU|NEU|Treatment|BZS Treatment,BZS Treatment|TXT|National|A:A|1|PH,USD,0,9,0.0,BZS,HCP,2024-05-10
|CN|HCPB|UB|mBC|NEU|NEU|Treatment|BZS Treatment,BZS Treatment|TXT|National|A:A|1|PH,USD,2,4,13.19,BZS,HCP,2024-05-10
|CN|HCPB|UB|mBC|NEU|NEU|Treatment|BZS Treatment,BZS Treatment|TXT|National|A:A|1|PH,USD,23,257,265.83,BZS,HCP,2024-05-10
|CN|HCPB|UB|mBC|NEU|NEU|Treatment|Treatment,Diagnosis|TXT|National|A:A|1|EX,USD,0,7,0.0,BZS,HCP,2024-05-10
|CN|HCPB|UB|mBC|NEU|NEU|Treatment|Treatment,Diagnosis|TXT|National|A:A|1|PH,USD,2,10,19.04,BZS,HCP,2024-05-10
|CN|HCPB|UB|mBC|NEU|NEU|Treatment|Treatment,Treatment Efficacy|TXT|National|A:A|1|PH,USD,0,3,0.0,BZS,HCP,2024-05-10
|CN|HCPB|UB|mBC|NEU|NEU|Treatment|Treatment Priority,Treatment|TXT|National|A:A|1|EX,USD,1,3,8.89,BZS,HCP,2024-05-10
|CN|HCPB|UB|mBC|NEU|NEU|Treatment|Treatment Priority,Treatment|TXT|National|A:A|1|PH,USD,1,41,8.43,BZS,HCP,2024-05-10
|CN|HCPB|BR|mBC|NEU|NEU|Competitive|Competitor,Competitors|TXT|National|A:A|1|EX,USD,7,297,49.37,BZS,HCP,2024-05-11
|CN|HCPB|BR|mBC|NEU|NEU|Competitive|Competitor,Competitors|TXT|National|A:A|1|PH,USD,13,390,103.22,BZS,HCP,2024-05-11
|CN|HCPB|BR|mBC|NEU|NEU|Competitive|Competitor,Competitor|TXT|National|A:A|1|EX,USD,0,22,0.0,BZS,HCP,2024-05-11
|CN|HCPB|BR|mBC|NEU|NEU|Competitive|Competitor,Competitor|TXT|National|A:A|1|PH,USD,4,113,40.72,BZS,HCP,2024-05-11
|CN|HCPB|BR|mBC|NEU|NEU|Condition|BZS,BZS|TXT|National|A:A|1|EX,USD,0,14,0.0,BZS,HCP,2024-05-11
|CN|HCPB|BR|mBC|NEU|NEU|Condition|BZS,BZS|TXT|National|A:A|1|PH,USD,2,81,18.25,BZS,HCP,2024-05-11
|CN|HCPB|BR|mBC|NEU|NEU|Condition|BZS,Destiny|TXT|National|A:A|1|EX,USD,0,2,0.0,BZS,HCP,2024-05-11
|CN|HCPB|BR|mBC|NEU|NEU|Condition|BZS,Destiny|TXT|National|A:A|1|PH,USD,3,12,40.39,BZS,HCP,2024-05-11
|CN|HCPB|BR|mBC|NEU|NEU|Core|Alone,Alone|TXT|National|A:A|1|EX,USD,15,176,88.14,BZS,HCP,2024-05-11
|CN|HCPB|BR|mBC|NEU|NEU|Core|Alone,Alone|TXT|National|A:A|1|PH,USD,11,160,88.74,BZS,HCP,2024-05-11
|CN|HCPB|BR|mBC|NEU|NEU|Core|Branded,Brand Alone|TXT|National|A:A|1|EX,USD,2,17,23.15,BZS,HCP,2024-05-11
|CN|HCPB|BR|mBC|NEU|NEU|Core|Branded,Brand Alone|TXT|National|A:A|1|PH,USD,2,24,25.18,BZS,HCP,2024-05-11
|CN|HCPB|BR|mBC|NEU|NEU|Information|Info,Dosing|TXT|National|A:A|1|EX,USD,0,2,0.0,BZS,HCP,2024-05-11
|CN|HCPB|BR|mBC|NEU|NEU|Information|Info,Info|TXT|National|A:A|1|EX,USD,2,24,16.22,BZS,HCP,2024-05-11
|CN|HCPB|BR|mBC|NEU|NEU|Information|Info,MOA|TXT|National|A:A|1|EX,USD,0,1,0.0,BZS,HCP,2024-05-11
|CN|HCPB|BR|mBC|NEU|NEU|Information|Info,Resources|TXT|National|A:A|1|EX,USD,1,2,4.19,BZS,HCP,2024-05-11
|CN|HCPB|BR|mBC|NEU|NEU|Information|Info,Safety|TXT|National|A:A|1|EX,USD,1,10,12.68,BZS,HCP,2024-05-11
|CN|HCPB|BR|mBC|NEU|NEU|Information|Info,Study|TXT|National|A:A|1|EX,USD,1,8,11.63,BZS,HCP,2024-05-11
|CN|HCPB|BR|mBC|NEU|NEU|Information|Info,Study|TXT|National|A:A|1|PH,USD,4,91,54.11,BZS,HCP,2024-05-11
|CN|HCPB|BR|mBC|NEU|NEU|Information|Info,Treatment|TXT|National|A:A|1|EX,USD,2,14,23.75,BZS,HCP,2024-05-11
|CN|HCPB|BR|mBC|NEU|NEU|Information|Info,Treatment|TXT|National|A:A|1|PH,USD,1,23,14.54,BZS,HCP,2024-05-11
|CN|HCPB|UB|mBC|NEU|NEU|Condition|BZS Condition,BZS Condition|TXT|National|A:A|1|EX,USD,3,92,38.16,BZS,HCP,2024-05-11
|CN|HCPB|UB|mBC|NEU|NEU|Condition|BZS Condition,BZS Condition|TXT|National|A:A|1|EX,USD,6,162,45.23,BZS,HCP,2024-05-11
|CN|HCPB|UB|mBC|NEU|NEU|Condition|BZS Condition,BZS Condition|TXT|National|A:A|1|PH,USD,1,72,2.7,BZS,HCP,2024-05-11
|CN|HCPB|UB|mBC|NEU|NEU|Condition|BZS Condition,BZS Condition|TXT|National|A:A|1|PH,USD,1,184,7.42,BZS,HCP,2024-05-11
|CN|HCPB|UB|mBC|NEU|NEU|Condition|BZS ITT Condition,BZS Condition|TXT|National|A:A|1|EX,USD,0,3,0.0,BZS,HCP,2024-05-11
|CN|HCPB|UB|mBC|NEU|NEU|Condition|BZS ITT Condition,BZS Condition|TXT|National|A:A|1|PH,USD,0,33,0.0,BZS,HCP,2024-05-11
|CN|HCPB|UB|mBC|NEU|NEU|Condition|BZS ITT Condition,ITT Condition|TXT|National|A:A|1|EX,USD,4,44,12.84,BZS,HCP,2024-05-11
|CN|HCPB|UB|mBC|NEU|NEU|Condition|BZS ITT Condition,ITT Condition|TXT|National|A:A|1|PH,USD,1,50,3.5300000000000002,BZS,HCP,2024-05-11
|CN|HCPB|UB|mBC|NEU|NEU|Condition|Condition,Condition|TXT|National|A:A|1|EX,USD,2,20,9.56,BZS,HCP,2024-05-11
|CN|HCPB|UB|mBC|NEU|NEU|Condition|Condition,Condition|TXT|National|A:A|1|PH,USD,2,108,13.33,BZS,HCP,2024-05-11
|CN|HCPB|UB|mBC|NEU|NEU|Core|BZS,BZS|TXT|National|A:A|1|EX,USD,0,31,0.0,BZS,HCP,2024-05-11
|CN|HCPB|UB|mBC|NEU|NEU|Core|BZS,BZS|TXT|National|A:A|1|PH,USD,5,131,44.22,BZS,HCP,2024-05-11
|CN|HCPB|UB|mBC|NEU|NEU|Information|BZS Info,BZS Info|TXT|National|A:A|1|EX,USD,2,35,8.94,BZS,HCP,2024-05-11
|CN|HCPB|UB|mBC|NEU|NEU|Information|BZS Info,BZS Info|TXT|National|A:A|1|EX,USD,3,177,11.0,BZS,HCP,2024-05-11
|CN|HCPB|UB|mBC|NEU|NEU|Information|BZS Info,BZS Info|TXT|National|A:A|1|PH,USD,2,62,6.98,BZS,HCP,2024-05-11
|CN|HCPB|UB|mBC|NEU|NEU|Information|BZS Info,BZS Info|TXT|National|A:A|1|PH,USD,0,2,0.0,BZS,HCP,2024-05-11
|CN|HCPB|UB|mBC|NEU|NEU|Information|BZS Info,BZS Info|TXT|National|A:A|1|PH,USD,2,122,5.14,BZS,HCP,2024-05-11
|CN|HCPB|UB|mBC|NEU|NEU|Resources|BZS Resources,BZS Dosing|TXT|National|A:A|1|PH,USD,0,4,0.0,BZS,HCP,2024-05-11
|CN|HCPB|UB|mBC|NEU|NEU|Resources|BZS Resources,BZS MOA|TXT|National|A:A|1|PH,USD,0,0,0.0,BZS,HCP,2024-05-11
|CN|HCPB|UB|mBC|NEU|NEU|Resources|BZS Resources,BZS Resources|TXT|National|A:A|1|EX,USD,0,1,0.0,BZS,HCP,2024-05-11
|CN|HCPB|UB|mBC|NEU|NEU|Resources|BZS Resources,BZS Resources|TXT|National|A:A|1|EX,USD,0,0,0.0,BZS,HCP,2024-05-11
|CN|HCPB|UB|mBC|NEU|NEU|Resources|BZS Resources,BZS Resources|TXT|National|A:A|1|PH,USD,0,2,0.0,BZS,HCP,2024-05-11
|CN|HCPB|UB|mBC|NEU|NEU|Resources|BZS Resources,BZS Resources|TXT|National|A:A|1|PH,USD,1,8,6.12,BZS,HCP,2024-05-11
|CN|HCPB|UB|mBC|NEU|NEU|Resources|BZS Resources,BZS Safety|TXT|National|A:A|1|EX,USD,0,2,0.0,BZS,HCP,2024-05-11
|CN|HCPB|UB|mBC|NEU|NEU|Resources|BZS Resources,BZS Safety|TXT|National|A:A|1|PH,USD,0,2,0.0,BZS,HCP,2024-05-11
|CN|HCPB|UB|mBC|NEU|NEU|Resources|BZS Resources,BZS Safety|TXT|National|A:A|1|PH,USD,0,34,0.0,BZS,HCP,2024-05-11
|CN|HCPB|UB|mBC|NEU|NEU|Resources|BZS Resources,BZS Trial|TXT|National|A:A|1|EX,USD,1,18,3.41,BZS,HCP,2024-05-11
|CN|HCPB|UB|mBC|NEU|NEU|Resources|BZS Resources,BZS Trial|TXT|National|A:A|1|EX,USD,0,1,0.0,BZS,HCP,2024-05-11
|CN|HCPB|UB|mBC|NEU|NEU|Resources|BZS Resources,BZS Trial|TXT|National|A:A|1|EX,USD,0,1,0.0,BZS,HCP,2024-05-11
|CN|HCPB|UB|mBC|NEU|NEU|Resources|BZS Resources,BZS Trial|TXT|National|A:A|1|PH,USD,2,22,14.75,BZS,HCP,2024-05-11
|CN|HCPB|UB|mBC|NEU|NEU|Resources|BZS Resources,BZS Trial|TXT|National|A:A|1|PH,USD,1,96,4.38,BZS,HCP,2024-05-11
|CN|HCPB|UB|mBC|NEU|NEU|Resources|BZS Resources,BZS Trial|TXT|National|A:A|1|PH,USD,0,13,0.0,BZS,HCP,2024-05-11
|CN|HCPB|UB|mBC|NEU|NEU|Treatment|BZS Treatment,BZS Treatment|TXT|National|A:A|1|EX,USD,1,1,7.54,BZS,HCP,2024-05-11
|CN|HCPB|UB|mBC|NEU|NEU|Treatment|BZS Treatment,BZS Treatment|TXT|National|A:A|1|EX,USD,0,1,0.0,BZS,HCP,2024-05-11
|CN|HCPB|UB|mBC|NEU|NEU|Treatment|BZS Treatment,BZS Treatment|TXT|National|A:A|1|PH,USD,2,21,13.08,BZS,HCP,2024-05-11
|CN|HCPB|UB|mBC|NEU|NEU|Treatment|BZS Treatment,BZS Treatment|TXT|National|A:A|1|PH,USD,0,3,0.0,BZS,HCP,2024-05-11
|CN|HCPB|UB|mBC|NEU|NEU|Treatment|BZS Treatment,BZS Treatment|TXT|National|A:A|1|PH,USD,22,200,243.56,BZS,HCP,2024-05-11
|CN|HCPB|UB|mBC|NEU|NEU|Treatment|Treatment,Diagnosis|TXT|National|A:A|1|EX,USD,0,7,0.0,BZS,HCP,2024-05-11
|CN|HCPB|UB|mBC|NEU|NEU|Treatment|Treatment,Diagnosis|TXT|National|A:A|1|PH,USD,0,9,0.0,BZS,HCP,2024-05-11
|CN|HCPB|UB|mBC|NEU|NEU|Treatment|Treatment,Treatment Efficacy|TXT|National|A:A|1|PH,USD,2,15,19.46,BZS,HCP,2024-05-11
|CN|HCPB|UB|mBC|NEU|NEU|Treatment|Treatment Priority,Treatment|TXT|National|A:A|1|EX,USD,0,6,0.0,BZS,HCP,2024-05-11
|CN|HCPB|UB|mBC|NEU|NEU|Treatment|Treatment Priority,Treatment|TXT|National|A:A|1|PH,USD,3,86,20.54,BZS,HCP,2024-05-11
|CN|HCPB|BR|mBC|NEU|NEU|Competitive|Competitor,Competitors|TXT|National|A:A|1|EX,USD,17,438,125.62,BZS,HCP,2024-05-12
|CN|HCPB|BR|mBC|NEU|NEU|Competitive|Competitor,Competitors|TXT|National|A:A|1|PH,USD,18,665,141.89,BZS,HCP,2024-05-12
|CN|HCPB|BR|mBC|NEU|NEU|Competitive|Competitor,Competitor|TXT|National|A:A|1|EX,USD,4,56,25.42,BZS,HCP,2024-05-12
|CN|HCPB|BR|mBC|NEU|NEU|Competitive|Competitor,Competitor|TXT|National|A:A|1|PH,USD,4,185,46.26,BZS,HCP,2024-05-12
|CN|HCPB|BR|mBC|NEU|NEU|Condition|BZS,BZS|TXT|National|A:A|1|EX,USD,2,16,23.24,BZS,HCP,2024-05-12
|CN|HCPB|BR|mBC|NEU|NEU|Condition|BZS,BZS|TXT|National|A:A|1|PH,USD,14,189,130.59,BZS,HCP,2024-05-12
|CN|HCPB|BR|mBC|NEU|NEU|Condition|BZS,Destiny|TXT|National|A:A|1|EX,USD,1,14,12.49,BZS,HCP,2024-05-12
|CN|HCPB|BR|mBC|NEU|NEU|Condition|BZS,Destiny|TXT|National|A:A|1|PH,USD,0,19,0.0,BZS,HCP,2024-05-12
|CN|HCPB|BR|mBC|NEU|NEU|Core|Alone,Alone|TXT|National|A:A|1|EX,USD,60,628,354.78,BZS,HCP,2024-05-12
|CN|HCPB|BR|mBC|NEU|NEU|Core|Alone,Alone|TXT|National|A:A|1|PH,USD,28,412,280.72,BZS,HCP,2024-05-12
|CN|HCPB|BR|mBC|NEU|NEU|Core|Branded,Brand Alone|TXT|National|A:A|1|EX,USD,18,86,198.75,BZS,HCP,2024-05-12
|CN|HCPB|BR|mBC|NEU|NEU|Core|Branded,Brand Alone|TXT|National|A:A|1|PH,USD,3,41,39.84,BZS,HCP,2024-05-12
|CN|HCPB|BR|mBC|NEU|NEU|Information|Info,Dosing|TXT|National|A:A|1|EX,USD,0,9,0.0,BZS,HCP,2024-05-12
|CN|HCPB|BR|mBC|NEU|NEU|Information|Info,Info|TXT|National|A:A|1|EX,USD,8,63,41.1,BZS,HCP,2024-05-12
|CN|HCPB|BR|mBC|NEU|NEU|Information|Info,Info|TXT|National|A:A|1|PH,USD,0,4,0.0,BZS,HCP,2024-05-12
|CN|HCPB|BR|mBC|NEU|NEU|Information|Info,MOA|TXT|National|A:A|1|EX,USD,4,12,22.7,BZS,HCP,2024-05-12
|CN|HCPB|BR|mBC|NEU|NEU|Information|Info,MOA|TXT|National|A:A|1|PH,USD,0,1,0.0,BZS,HCP,2024-05-12
|CN|HCPB|BR|mBC|NEU|NEU|Information|Info,Resources|TXT|National|A:A|1|EX,USD,0,11,0.0,BZS,HCP,2024-05-12
|CN|HCPB|BR|mBC|NEU|NEU|Information|Info,Safety|TXT|National|A:A|1|EX,USD,1,21,12.74,BZS,HCP,2024-05-12
|CN|HCPB|BR|mBC|NEU|NEU|Information|Info,Safety|TXT|National|A:A|1|PH,USD,0,3,0.0,BZS,HCP,2024-05-12
|CN|HCPB|BR|mBC|NEU|NEU|Information|Info,Study|TXT|National|A:A|1|EX,USD,0,8,0.0,BZS,HCP,2024-05-12
|CN|HCPB|BR|mBC|NEU|NEU|Information|Info,Study|TXT|National|A:A|1|PH,USD,12,190,151.41,BZS,HCP,2024-05-12
|CN|HCPB|BR|mBC|NEU|NEU|Information|Info,Treatment|TXT|National|A:A|1|EX,USD,2,30,21.91,BZS,HCP,2024-05-12
|CN|HCPB|BR|mBC|NEU|NEU|Information|Info,Treatment|TXT|National|A:A|1|PH,USD,3,118,40.38,BZS,HCP,2024-05-12
|CN|HCPB|UB|mBC|NEU|NEU|Condition|BZS Condition,BZS Condition|TXT|National|A:A|1|EX,USD,11,159,79.5,BZS,HCP,2024-05-12
|CN|HCPB|UB|mBC|NEU|NEU|Condition|BZS Condition,BZS Condition|TXT|National|A:A|1|EX,USD,6,189,74.77,BZS,HCP,2024-05-12
|CN|HCPB|UB|mBC|NEU|NEU|Condition|BZS Condition,BZS Condition|TXT|National|A:A|1|PH,USD,7,85,17.9,BZS,HCP,2024-05-12
|CN|HCPB|UB|mBC|NEU|NEU|Condition|BZS Condition,BZS Condition|TXT|National|A:A|1|PH,USD,4,345,47.82,BZS,HCP,2024-05-12
|CN|HCPB|UB|mBC|NEU|NEU|Condition|BZS ITT Condition,BZS Condition|TXT|National|A:A|1|EX,USD,0,1,0.0,BZS,HCP,2024-05-12
|CN|HCPB|UB|mBC|NEU|NEU|Condition|BZS ITT Condition,BZS Condition|TXT|National|A:A|1|PH,USD,1,16,5.83,BZS,HCP,2024-05-12
|CN|HCPB|UB|mBC|NEU|NEU|Condition|BZS ITT Condition,ITT Condition|TXT|National|A:A|1|EX,USD,1,50,2.69,BZS,HCP,2024-05-12
|CN|HCPB|UB|mBC|NEU|NEU|Condition|BZS ITT Condition,ITT Condition|TXT|National|A:A|1|PH,USD,2,50,6.16,BZS,HCP,2024-05-12
|CN|HCPB|UB|mBC|NEU|NEU|Condition|Condition,Condition|TXT|National|A:A|1|EX,USD,0,23,0.0,BZS,HCP,2024-05-12
|CN|HCPB|UB|mBC|NEU|NEU|Condition|Condition,Condition|TXT|National|A:A|1|PH,USD,3,90,25.14,BZS,HCP,2024-05-12
|CN|HCPB|UB|mBC|NEU|NEU|Core|BZS,BZS|TXT|National|A:A|1|EX,USD,1,47,9.0,BZS,HCP,2024-05-12
|CN|HCPB|UB|mBC|NEU|NEU|Core|BZS,BZS|TXT|National|A:A|1|PH,USD,6,240,52.65,BZS,HCP,2024-05-12
|CN|HCPB|UB|mBC|NEU|NEU|Information|BZS Info,BZS Info|TXT|National|A:A|1|EX,USD,2,10,8.53,BZS,HCP,2024-05-12
|CN|HCPB|UB|mBC|NEU|NEU|Information|BZS Info,BZS Info|TXT|National|A:A|1|EX,USD,0,4,0.0,BZS,HCP,2024-05-12
|CN|HCPB|UB|mBC|NEU|NEU|Information|BZS Info,BZS Info|TXT|National|A:A|1|EX,USD,1,99,4.27,BZS,HCP,2024-05-12
|CN|HCPB|UB|mBC|NEU|NEU|Information|BZS Info,BZS Info|TXT|National|A:A|1|PH,USD,4,47,10.81,BZS,HCP,2024-05-12
|CN|HCPB|UB|mBC|NEU|NEU|Information|BZS Info,BZS Info|TXT|National|A:A|1|PH,USD,2,33,7.9,BZS,HCP,2024-05-12
|CN|HCPB|UB|mBC|NEU|NEU|Information|BZS Info,BZS Info|TXT|National|A:A|1|PH,USD,0,2,0.0,BZS,HCP,2024-05-12
|CN|HCPB|UB|mBC|NEU|NEU|Resources|BZS Resources,BZS Dosing|TXT|National|A:A|1|PH,USD,0,4,0.0,BZS,HCP,2024-05-12
|CN|HCPB|UB|mBC|NEU|NEU|Resources|BZS Resources,BZS MOA|TXT|National|A:A|1|PH,USD,0,0,0.0,BZS,HCP,2024-05-12
|CN|HCPB|UB|mBC|NEU|NEU|Resources|BZS Resources,BZS Resources|TXT|National|A:A|1|EX,USD,0,1,0.0,BZS,HCP,2024-05-12
|CN|HCPB|UB|mBC|NEU|NEU|Resources|BZS Resources,BZS Resources|TXT|National|A:A|1|PH,USD,0,2,0.0,BZS,HCP,2024-05-12
|CN|HCPB|UB|mBC|NEU|NEU|Resources|BZS Resources,BZS Resources|TXT|National|A:A|1|PH,USD,2,11,6.82,BZS,HCP,2024-05-12
|CN|HCPB|UB|mBC|NEU|NEU|Resources|BZS Resources,BZS Safety|TXT|National|A:A|1|EX,USD,0,2,0.0,BZS,HCP,2024-05-12
|CN|HCPB|UB|mBC|NEU|NEU|Resources|BZS Resources,BZS Safety|TXT|National|A:A|1|PH,USD,0,2,0.0,BZS,HCP,2024-05-12
|CN|HCPB|UB|mBC|NEU|NEU|Resources|BZS Resources,BZS Safety|TXT|National|A:A|1|PH,USD,0,18,0.0,BZS,HCP,2024-05-12
|CN|HCPB|UB|mBC|NEU|NEU|Resources|BZS Resources,BZS Trial|TXT|National|A:A|1|EX,USD,1,2,8.83,BZS,HCP,2024-05-12
|CN|HCPB|UB|mBC|NEU|NEU|Resources|BZS Resources,BZS Trial|TXT|National|A:A|1|EX,USD,0,6,0.0,BZS,HCP,2024-05-12
|CN|HCPB|UB|mBC|NEU|NEU|Resources|BZS Resources,BZS Trial|TXT|National|A:A|1|EX,USD,2,21,10.22,BZS,HCP,2024-05-12
|CN|HCPB|UB|mBC|NEU|NEU|Resources|BZS Resources,BZS Trial|TXT|National|A:A|1|PH,USD,1,19,8.11,BZS,HCP,2024-05-12
|CN|HCPB|UB|mBC|NEU|NEU|Resources|BZS Resources,BZS Trial|TXT|National|A:A|1|PH,USD,1,49,3.42,BZS,HCP,2024-05-12
|CN|HCPB|UB|mBC|NEU|NEU|Resources|BZS Resources,BZS Trial|TXT|National|A:A|1|PH,USD,0,14,0.0,BZS,HCP,2024-05-12
|CN|HCPB|UB|mBC|NEU|NEU|Treatment|BZS Treatment,BZS Treatment|TXT|National|A:A|1|EX,USD,0,1,0.0,BZS,HCP,2024-05-12
|CN|HCPB|UB|mBC|NEU|NEU|Treatment|BZS Treatment,BZS Treatment|TXT|National|A:A|1|EX,USD,0,2,0.0,BZS,HCP,2024-05-12
|CN|HCPB|UB|mBC|NEU|NEU|Treatment|BZS Treatment,BZS Treatment|TXT|National|A:A|1|EX,USD,0,2,0.0,BZS,HCP,2024-05-12
|CN|HCPB|UB|mBC|NEU|NEU|Treatment|BZS Treatment,BZS Treatment|TXT|National|A:A|1|PH,USD,0,21,0.0,BZS,HCP,2024-05-12
|CN|HCPB|UB|mBC|NEU|NEU|Treatment|BZS Treatment,BZS Treatment|TXT|National|A:A|1|PH,USD,24,313,270.97,BZS,HCP,2024-05-12
|CN|HCPB|UB|mBC|NEU|NEU|Treatment|BZS Treatment,BZS Treatment|TXT|National|A:A|1|PH,USD,2,31,17.41,BZS,HCP,2024-05-12
|CN|HCPB|UB|mBC|NEU|NEU|Treatment|Treatment,Diagnosis|TXT|National|A:A|1|EX,USD,2,26,16.31,BZS,HCP,2024-05-12
|CN|HCPB|UB|mBC|NEU|NEU|Treatment|Treatment,Diagnosis|TXT|National|A:A|1|PH,USD,0,27,0.0,BZS,HCP,2024-05-12
|CN|HCPB|UB|mBC|NEU|NEU|Treatment|Treatment,Treatment Efficacy|TXT|National|A:A|1|EX,USD,0,1,0.0,BZS,HCP,2024-05-12
|CN|HCPB|UB|mBC|NEU|NEU|Treatment|Treatment,Treatment Efficacy|TXT|National|A:A|1|PH,USD,1,12,9.93,BZS,HCP,2024-05-12
|CN|HCPB|UB|mBC|NEU|NEU|Treatment|Treatment Priority,Treatment|TXT|National|A:A|1|EX,USD,0,9,0.0,BZS,HCP,2024-05-12
|CN|HCPB|UB|mBC|NEU|NEU|Treatment|Treatment Priority,Treatment|TXT|National|A:A|1|PH,USD,3,84,22.16,BZS,HCP,2024-05-12
|CN|HCPB|BR|mBC|NEU|NEU|Competitive|Competitor,Competitors|TXT|National|A:A|1|EX,USD,19,469,136.25,BZS,HCP,2024-05-13
|CN|HCPB|BR|mBC|NEU|NEU|Competitive|Competitor,Competitors|TXT|National|A:A|1|PH,USD,41,689,363.64,BZS,HCP,2024-05-13
|CN|HCPB|BR|mBC|NEU|NEU|Competitive|Competitor,Competitor|TXT|National|A:A|1|EX,USD,1,93,4.72,BZS,HCP,2024-05-13
|CN|HCPB|BR|mBC|NEU|NEU|Competitive|Competitor,Competitor|TXT|National|A:A|1|PH,USD,3,222,28.73,BZS,HCP,2024-05-13
|CN|HCPB|BR|mBC|NEU|NEU|Condition|BZS,BZS|TXT|National|A:A|1|EX,USD,2,31,27.05,BZS,HCP,2024-05-13
|CN|HCPB|BR|mBC|NEU|NEU|Condition|BZS,BZS|TXT|National|A:A|1|PH,USD,13,170,120.3,BZS,HCP,2024-05-13
|CN|HCPB|BR|mBC|NEU|NEU|Condition|BZS,Destiny|TXT|National|A:A|1|EX,USD,1,25,11.97,BZS,HCP,2024-05-13
|CN|HCPB|BR|mBC|NEU|NEU|Condition|BZS,Destiny|TXT|National|A:A|1|PH,USD,2,39,24.05,BZS,HCP,2024-05-13
|CN|HCPB|BR|mBC|NEU|NEU|Core|Alone,Alone|TXT|National|A:A|1|EX,USD,68,765,414.0,BZS,HCP,2024-05-13
|CN|HCPB|BR|mBC|NEU|NEU|Core|Alone,Alone|TXT|National|A:A|1|PH,USD,33,451,283.02,BZS,HCP,2024-05-13
|CN|HCPB|BR|mBC|NEU|NEU|Core|Branded,Brand Alone|TXT|National|A:A|1|EX,USD,18,96,199.48,BZS,HCP,2024-05-13
|CN|HCPB|BR|mBC|NEU|NEU|Core|Branded,Brand Alone|TXT|National|A:A|1|PH,USD,2,43,26.75,BZS,HCP,2024-05-13
|CN|HCPB|BR|mBC|NEU|NEU|Information|Info,Dosing|TXT|National|A:A|1|EX,USD,1,9,3.92,BZS,HCP,2024-05-13
|CN|HCPB|BR|mBC|NEU|NEU|Information|Info,Info|TXT|National|A:A|1|EX,USD,22,98,88.27,BZS,HCP,2024-05-13
|CN|HCPB|BR|mBC|NEU|NEU|Information|Info,Info|TXT|National|A:A|1|PH,USD,0,2,0.0,BZS,HCP,2024-05-13
|CN|HCPB|BR|mBC|NEU|NEU|Information|Info,MOA|TXT|National|A:A|1|EX,USD,0,22,0.0,BZS,HCP,2024-05-13
|CN|HCPB|BR|mBC|NEU|NEU|Information|Info,Resources|TXT|National|A:A|1|EX,USD,1,15,5.21,BZS,HCP,2024-05-13
|CN|HCPB|BR|mBC|NEU|NEU|Information|Info,Resources|TXT|National|A:A|1|PH,USD,0,1,0.0,BZS,HCP,2024-05-13
|CN|HCPB|BR|mBC|NEU|NEU|Information|Info,Safety|TXT|National|A:A|1|EX,USD,0,14,0.0,BZS,HCP,2024-05-13
|CN|HCPB|BR|mBC|NEU|NEU|Information|Info,Safety|TXT|National|A:A|1|PH,USD,0,2,0.0,BZS,HCP,2024-05-13
|CN|HCPB|BR|mBC|NEU|NEU|Information|Info,Study|TXT|National|A:A|1|EX,USD,1,12,11.53,BZS,HCP,2024-05-13
|CN|HCPB|BR|mBC|NEU|NEU|Information|Info,Study|TXT|National|A:A|1|PH,USD,17,204,233.97,BZS,HCP,2024-05-13
|CN|HCPB|BR|mBC|NEU|NEU|Information|Info,Treatment|TXT|National|A:A|1|EX,USD,8,63,96.68,BZS,HCP,2024-05-13
|CN|HCPB|BR|mBC|NEU|NEU|Information|Info,Treatment|TXT|National|A:A|1|PH,USD,6,97,76.71,BZS,HCP,2024-05-13
|CN|HCPB|UB|mBC|NEU|NEU|Condition|BZS Condition,BZS Condition|TXT|National|A:A|1|EX,USD,9,304,111.36,BZS,HCP,2024-05-13
|CN|HCPB|UB|mBC|NEU|NEU|Condition|BZS Condition,BZS Condition|TXT|National|A:A|1|EX,USD,13,234,90.45,BZS,HCP,2024-05-13
|CN|HCPB|UB|mBC|NEU|NEU|Condition|BZS Condition,BZS Condition|TXT|National|A:A|1|PH,USD,4,125,10.81,BZS,HCP,2024-05-13
|CN|HCPB|UB|mBC|NEU|NEU|Condition|BZS Condition,BZS Condition|TXT|National|A:A|1|PH,USD,12,479,112.17,BZS,HCP,2024-05-13
|CN|HCPB|UB|mBC|NEU|NEU|Condition|BZS ITT Condition,BZS Condition|TXT|National|A:A|1|EX,USD,0,1,0.0,BZS,HCP,2024-05-13
|CN|HCPB|UB|mBC|NEU|NEU|Condition|BZS ITT Condition,BZS Condition|TXT|National|A:A|1|PH,USD,1,32,7.92,BZS,HCP,2024-05-13
|CN|HCPB|UB|mBC|NEU|NEU|Condition|BZS ITT Condition,ITT Condition|TXT|National|A:A|1|EX,USD,0,42,0.0,BZS,HCP,2024-05-13
|CN|HCPB|UB|mBC|NEU|NEU|Condition|BZS ITT Condition,ITT Condition|TXT|National|A:A|1|PH,USD,2,36,6.96,BZS,HCP,2024-05-13
|CN|HCPB|UB|mBC|NEU|NEU|Condition|Condition,Condition|TXT|National|A:A|1|EX,USD,2,1,10.62,BZS,HCP,2024-05-13
|CN|HCPB|UB|mBC|NEU|NEU|Condition|Condition,Condition|TXT|National|A:A|1|PH,USD,2,7,13.93,BZS,HCP,2024-05-13
|CN|HCPB|UB|mBC|NEU|NEU|Core|BZS,BZS|TXT|National|A:A|1|EX,USD,0,18,0.0,BZS,HCP,2024-05-13
|CN|HCPB|UB|mBC|NEU|NEU|Core|BZS,BZS|TXT|National|A:A|1|PH,USD,6,108,53.32,BZS,HCP,2024-05-13
|CN|HCPB|UB|mBC|NEU|NEU|Information|BZS Info,BZS Info|TXT|National|A:A|1|EX,USD,1,40,5.13,BZS,HCP,2024-05-13
|CN|HCPB|UB|mBC|NEU|NEU|Information|BZS Info,BZS Info|TXT|National|A:A|1|EX,USD,0,2,0.0,BZS,HCP,2024-05-13
|CN|HCPB|UB|mBC|NEU|NEU|Information|BZS Info,BZS Info|TXT|National|A:A|1|EX,USD,10,298,36.76,BZS,HCP,2024-05-13
|CN|HCPB|UB|mBC|NEU|NEU|Information|BZS Info,BZS Info|TXT|National|A:A|1|PH,USD,2,99,12.11,BZS,HCP,2024-05-13
|CN|HCPB|UB|mBC|NEU|NEU|Information|BZS Info,BZS Info|TXT|National|A:A|1|PH,USD,0,2,0.0,BZS,HCP,2024-05-13
|CN|HCPB|UB|mBC|NEU|NEU|Information|BZS Info,BZS Info|TXT|National|A:A|1|PH,USD,6,121,15.13,BZS,HCP,2024-05-13
|CN|HCPB|UB|mBC|NEU|NEU|Resources|BZS Resources,BZS Dosing|TXT|National|A:A|1|EX,USD,0,4,0.0,BZS,HCP,2024-05-13
|CN|HCPB|UB|mBC|NEU|NEU|Resources|BZS Resources,BZS Dosing|TXT|National|A:A|1|PH,USD,2,26,11.5,BZS,HCP,2024-05-13
|CN|HCPB|UB|mBC|NEU|NEU|Resources|BZS Resources,BZS MOA|TXT|National|A:A|1|PH,USD,0,1,0.0,BZS,HCP,2024-05-13
|CN|HCPB|UB|mBC|NEU|NEU|Resources|BZS Resources,BZS MOA|TXT|National|A:A|1|PH,USD,0,2,0.0,BZS,HCP,2024-05-13
|CN|HCPB|UB|mBC|NEU|NEU|Resources|BZS Resources,BZS Resources|TXT|National|A:A|1|EX,USD,0,4,0.0,BZS,HCP,2024-05-13
|CN|HCPB|UB|mBC|NEU|NEU|Resources|BZS Resources,BZS Resources|TXT|National|A:A|1|EX,USD,0,2,0.0,BZS,HCP,2024-05-13
|CN|HCPB|UB|mBC|NEU|NEU|Resources|BZS Resources,BZS Resources|TXT|National|A:A|1|PH,USD,2,38,5.96,BZS,HCP,2024-05-13
|CN|HCPB|UB|mBC|NEU|NEU|Resources|BZS Resources,BZS Resources|TXT|National|A:A|1|PH,USD,3,12,23.01,BZS,HCP,2024-05-13
|CN|HCPB|UB|mBC|NEU|NEU|Resources|BZS Resources,BZS Safety|TXT|National|A:A|1|EX,USD,1,36,6.97,BZS,HCP,2024-05-13
|CN|HCPB|UB|mBC|NEU|NEU|Resources|BZS Resources,BZS Safety|TXT|National|A:A|1|PH,USD,1,65,2.9699999999999998,BZS,HCP,2024-05-13
|CN|HCPB|UB|mBC|NEU|NEU|Resources|BZS Resources,BZS Safety|TXT|National|A:A|1|PH,USD,1,16,7.02,BZS,HCP,2024-05-13
|CN|HCPB|UB|mBC|NEU|NEU|Resources|BZS Resources,BZS Trial|TXT|National|A:A|1|EX,USD,0,53,0.0,BZS,HCP,2024-05-13
|CN|HCPB|UB|mBC|NEU|NEU|Resources|BZS Resources,BZS Trial|TXT|National|A:A|1|EX,USD,0,3,0.0,BZS,HCP,2024-05-13
|CN|HCPB|UB|mBC|NEU|NEU|Resources|BZS Resources,BZS Trial|TXT|National|A:A|1|EX,USD,0,2,0.0,BZS,HCP,2024-05-13
|CN|HCPB|UB|mBC|NEU|NEU|Resources|BZS Resources,BZS Trial|TXT|National|A:A|1|PH,USD,0,6,0.0,BZS,HCP,2024-05-13
|CN|HCPB|UB|mBC|NEU|NEU|Resources|BZS Resources,BZS Trial|TXT|National|A:A|1|PH,USD,7,249,24.37,BZS,HCP,2024-05-13
|CN|HCPB|UB|mBC|NEU|NEU|Resources|BZS Resources,BZS Trial|TXT|National|A:A|1|PH,USD,4,130,32.05,BZS,HCP,2024-05-13
|CN|HCPB|UB|mBC|NEU|NEU|Treatment|BZS Treatment,BZS Treatment|TXT|National|A:A|1|EX,USD,0,11,0.0,BZS,HCP,2024-05-13
|CN|HCPB|UB|mBC|NEU|NEU|Treatment|BZS Treatment,BZS Treatment|TXT|National|A:A|1|EX,USD,0,4,0.0,BZS,HCP,2024-05-13
|CN|HCPB|UB|mBC|NEU|NEU|Treatment|BZS Treatment,BZS Treatment|TXT|National|A:A|1|EX,USD,3,15,18.71,BZS,HCP,2024-05-13
|CN|HCPB|UB|mBC|NEU|NEU|Treatment|BZS Treatment,BZS Treatment|TXT|National|A:A|1|PH,USD,9,112,60.91,BZS,HCP,2024-05-13
|CN|HCPB|UB|mBC|NEU|NEU|Treatment|BZS Treatment,BZS Treatment|TXT|National|A:A|1|PH,USD,3,19,21.53,BZS,HCP,2024-05-13
|CN|HCPB|UB|mBC|NEU|NEU|Treatment|BZS Treatment,BZS Treatment|TXT|National|A:A|1|PH,USD,65,700,726.73,BZS,HCP,2024-05-13
|CN|HCPB|UB|mBC|NEU|NEU|Treatment|Treatment,Diagnosis|TXT|National|A:A|1|EX,USD,0,27,0.0,BZS,HCP,2024-05-13
|CN|HCPB|UB|mBC|NEU|NEU|Treatment|Treatment,Diagnosis|TXT|National|A:A|1|PH,USD,2,25,16.16,BZS,HCP,2024-05-13
|CN|HCPB|UB|mBC|NEU|NEU|Treatment|Treatment,Treatment Efficacy|TXT|National|A:A|1|PH,USD,1,28,8.21,BZS,HCP,2024-05-13
|CN|HCPB|UB|mBC|NEU|NEU|Treatment|Treatment Priority,Treatment|TXT|National|A:A|1|EX,USD,0,7,0.0,BZS,HCP,2024-05-13
|CN|HCPB|UB|mBC|NEU|NEU|Treatment|Treatment Priority,Treatment|TXT|National|A:A|1|PH,USD,4,51,23.98,BZS,HCP,2024-05-13
|CN|HCPB|BR|mBC|NEU|NEU|Competitive|Competitor,Competitors|TXT|National|A:A|1|EX,USD,13,504,98.08,BZS,HCP,2024-05-14
|CN|HCPB|BR|mBC|NEU|NEU|Competitive|Competitor,Competitors|TXT|National|A:A|1|PH,USD,21,688,176.17,BZS,HCP,2024-05-14
|CN|HCPB|BR|mBC|NEU|NEU|Competitive|Competitor,Competitor|TXT|National|A:A|1|EX,USD,3,90,14.16,BZS,HCP,2024-05-14
|CN|HCPB|BR|mBC|NEU|NEU|Competitive|Competitor,Competitor|TXT|National|A:A|1|PH,USD,7,228,54.26,BZS,HCP,2024-05-14
|CN|HCPB|BR|mBC|NEU|NEU|Condition|BZS,BZS|TXT|National|A:A|1|EX,USD,1,36,14.78,BZS,HCP,2024-05-14
|CN|HCPB|BR|mBC|NEU|NEU|Condition|BZS,BZS|TXT|National|A:A|1|PH,USD,15,172,144.47,BZS,HCP,2024-05-14
|CN|HCPB|BR|mBC|NEU|NEU|Condition|BZS,Destiny|TXT|National|A:A|1|EX,USD,2,15,27.34,BZS,HCP,2024-05-14
|CN|HCPB|BR|mBC|NEU|NEU|Condition|BZS,Destiny|TXT|National|A:A|1|PH,USD,3,40,40.18,BZS,HCP,2024-05-14
|CN|HCPB|BR|mBC|NEU|NEU|Core|Alone,Alone|TXT|National|A:A|1|EX,USD,54,676,315.5,BZS,HCP,2024-05-14
|CN|HCPB|BR|mBC|NEU|NEU|Core|Alone,Alone|TXT|National|A:A|1|PH,USD,24,444,213.2,BZS,HCP,2024-05-14
|CN|HCPB|BR|mBC|NEU|NEU|Core|Branded,Brand Alone|TXT|National|A:A|1|EX,USD,11,58,89.69,BZS,HCP,2024-05-14
|CN|HCPB|BR|mBC|NEU|NEU|Core|Branded,Brand Alone|TXT|National|A:A|1|PH,USD,3,59,37.16,BZS,HCP,2024-05-14
|CN|HCPB|BR|mBC|NEU|NEU|Information|Info,Dosing|TXT|National|A:A|1|EX,USD,2,6,7.82,BZS,HCP,2024-05-14
|CN|HCPB|BR|mBC|NEU|NEU|Information|Info,Info|TXT|National|A:A|1|EX,USD,5,68,27.51,BZS,HCP,2024-05-14
|CN|HCPB|BR|mBC|NEU|NEU|Information|Info,Info|TXT|National|A:A|1|PH,USD,0,1,0.0,BZS,HCP,2024-05-14
|CN|HCPB|BR|mBC|NEU|NEU|Information|Info,MOA|TXT|National|A:A|1|EX,USD,1,14,4.89,BZS,HCP,2024-05-14
|CN|HCPB|BR|mBC|NEU|NEU|Information|Info,Resources|TXT|National|A:A|1|EX,USD,1,14,5.19,BZS,HCP,2024-05-14
|CN|HCPB|BR|mBC|NEU|NEU|Information|Info,Resources|TXT|National|A:A|1|PH,USD,0,1,0.0,BZS,HCP,2024-05-14
|CN|HCPB|BR|mBC|NEU|NEU|Information|Info,Safety|TXT|National|A:A|1|EX,USD,1,16,12.75,BZS,HCP,2024-05-14
|CN|HCPB|BR|mBC|NEU|NEU|Information|Info,Safety|TXT|National|A:A|1|PH,USD,0,1,0.0,BZS,HCP,2024-05-14
|CN|HCPB|BR|mBC|NEU|NEU|Information|Info,Study|TXT|National|A:A|1|EX,USD,2,9,25.05,BZS,HCP,2024-05-14
|CN|HCPB|BR|mBC|NEU|NEU|Information|Info,Study|TXT|National|A:A|1|PH,USD,16,191,207.72,BZS,HCP,2024-05-14
|CN|HCPB|BR|mBC|NEU|NEU|Information|Info,Treatment|TXT|National|A:A|1|EX,USD,5,38,58.52,BZS,HCP,2024-05-14
|CN|HCPB|BR|mBC|NEU|NEU|Information|Info,Treatment|TXT|National|A:A|1|PH,USD,5,76,59.56,BZS,HCP,2024-05-14
|CN|HCPB|UB|mBC|NEU|NEU|Condition|BZS Condition,BZS Condition|TXT|National|A:A|1|EX,USD,13,267,98.14,BZS,HCP,2024-05-14
|CN|HCPB|UB|mBC|NEU|NEU|Condition|BZS Condition,BZS Condition|TXT|National|A:A|1|EX,USD,3,217,35.16,BZS,HCP,2024-05-14
|CN|HCPB|UB|mBC|NEU|NEU|Condition|BZS Condition,BZS Condition|TXT|National|A:A|1|PH,USD,3,122,7.79,BZS,HCP,2024-05-14
|CN|HCPB|UB|mBC|NEU|NEU|Condition|BZS Condition,BZS Condition|TXT|National|A:A|1|PH,USD,13,433,117.39,BZS,HCP,2024-05-14
|CN|HCPB|UB|mBC|NEU|NEU|Condition|BZS ITT Condition,BZS Condition|TXT|National|A:A|1|EX,USD,0,10,0.0,BZS,HCP,2024-05-14
|CN|HCPB|UB|mBC|NEU|NEU|Condition|BZS ITT Condition,BZS Condition|TXT|National|A:A|1|PH,USD,1,142,4.4,BZS,HCP,2024-05-14
|CN|HCPB|UB|mBC|NEU|NEU|Condition|BZS ITT Condition,ITT Condition|TXT|National|A:A|1|EX,USD,0,159,0.0,BZS,HCP,2024-05-14
|CN|HCPB|UB|mBC|NEU|NEU|Condition|BZS ITT Condition,ITT Condition|TXT|National|A:A|1|PH,USD,3,125,9.6,BZS,HCP,2024-05-14
|CN|HCPB|UB|mBC|NEU|NEU|Condition|Condition,Condition|TXT|National|A:A|1|EX,USD,0,19,0.0,BZS,HCP,2024-05-14
|CN|HCPB|UB|mBC|NEU|NEU|Condition|Condition,Condition|TXT|National|A:A|1|PH,USD,3,56,20.16,BZS,HCP,2024-05-14
|CN|HCPB|UB|mBC|NEU|NEU|Core|BZS,BZS|TXT|National|A:A|1|EX,USD,1,21,8.53,BZS,HCP,2024-05-14
|CN|HCPB|UB|mBC|NEU|NEU|Core|BZS,BZS|TXT|National|A:A|1|PH,USD,6,87,51.06,BZS,HCP,2024-05-14
|CN|HCPB|UB|mBC|NEU|NEU|Information|BZS Info,BZS Info|TXT|National|A:A|1|EX,USD,11,476,41.34,BZS,HCP,2024-05-14
|CN|HCPB|UB|mBC|NEU|NEU|Information|BZS Info,BZS Info|TXT|National|A:A|1|EX,USD,0,4,0.0,BZS,HCP,2024-05-14
|CN|HCPB|UB|mBC|NEU|NEU|Information|BZS Info,BZS Info|TXT|National|A:A|1|EX,USD,1,18,9.13,BZS,HCP,2024-05-14
|CN|HCPB|UB|mBC|NEU|NEU|Information|BZS Info,BZS Info|TXT|National|A:A|1|PH,USD,0,1,0.0,BZS,HCP,2024-05-14
|CN|HCPB|UB|mBC|NEU|NEU|Information|BZS Info,BZS Info|TXT|National|A:A|1|PH,USD,5,190,13.37,BZS,HCP,2024-05-14
|CN|HCPB|UB|mBC|NEU|NEU|Information|BZS Info,BZS Info|TXT|National|A:A|1|PH,USD,1,28,3.37,BZS,HCP,2024-05-14
|CN|HCPB|UB|mBC|NEU|NEU|Resources|BZS Resources,BZS Dosing|TXT|National|A:A|1|EX,USD,0,3,0.0,BZS,HCP,2024-05-14
|CN|HCPB|UB|mBC|NEU|NEU|Resources|BZS Resources,BZS Dosing|TXT|National|A:A|1|PH,USD,2,25,13.0,BZS,HCP,2024-05-14
|CN|HCPB|UB|mBC|NEU|NEU|Resources|BZS Resources,BZS MOA|TXT|National|A:A|1|EX,USD,0,0,0.0,BZS,HCP,2024-05-14
|CN|HCPB|UB|mBC|NEU|NEU|Resources|BZS Resources,BZS Resources|TXT|National|A:A|1|EX,USD,0,5,0.0,BZS,HCP,2024-05-14
|CN|HCPB|UB|mBC|NEU|NEU|Resources|BZS Resources,BZS Resources|TXT|National|A:A|1|EX,USD,0,1,0.0,BZS,HCP,2024-05-14
|CN|HCPB|UB|mBC|NEU|NEU|Resources|BZS Resources,BZS Resources|TXT|National|A:A|1|PH,USD,2,28,9.44,BZS,HCP,2024-05-14
|CN|HCPB|UB|mBC|NEU|NEU|Resources|BZS Resources,BZS Resources|TXT|National|A:A|1|PH,USD,1,12,6.09,BZS,HCP,2024-05-14
|CN|HCPB|UB|mBC|NEU|NEU|Resources|BZS Resources,BZS Safety|TXT|National|A:A|1|EX,USD,0,23,0.0,BZS,HCP,2024-05-14
|CN|HCPB|UB|mBC|NEU|NEU|Resources|BZS Resources,BZS Safety|TXT|National|A:A|1|PH,USD,0,12,0.0,BZS,HCP,2024-05-14
|CN|HCPB|UB|mBC|NEU|NEU|Resources|BZS Resources,BZS Safety|TXT|National|A:A|1|PH,USD,5,61,18.05,BZS,HCP,2024-05-14
|CN|HCPB|UB|mBC|NEU|NEU|Resources|BZS Resources,BZS Trial|TXT|National|A:A|1|EX,USD,1,30,4.05,BZS,HCP,2024-05-14
|CN|HCPB|UB|mBC|NEU|NEU|Resources|BZS Resources,BZS Trial|TXT|National|A:A|1|EX,USD,0,5,0.0,BZS,HCP,2024-05-14
|CN|HCPB|UB|mBC|NEU|NEU|Resources|BZS Resources,BZS Trial|TXT|National|A:A|1|EX,USD,0,3,0.0,BZS,HCP,2024-05-14
|CN|HCPB|UB|mBC|NEU|NEU|Resources|BZS Resources,BZS Trial|TXT|National|A:A|1|PH,USD,1,18,6.93,BZS,HCP,2024-05-14
|CN|HCPB|UB|mBC|NEU|NEU|Resources|BZS Resources,BZS Trial|TXT|National|A:A|1|PH,USD,6,212,21.09,BZS,HCP,2024-05-14
|CN|HCPB|UB|mBC|NEU|NEU|Resources|BZS Resources,BZS Trial|TXT|National|A:A|1|PH,USD,6,144,51.69,BZS,HCP,2024-05-14
|CN|HCPB|UB|mBC|NEU|NEU|Treatment|BZS Treatment,BZS Treatment|TXT|National|A:A|1|EX,USD,0,6,0.0,BZS,HCP,2024-05-14
|CN|HCPB|UB|mBC|NEU|NEU|Treatment|BZS Treatment,BZS Treatment|TXT|National|A:A|1|EX,USD,0,1,0.0,BZS,HCP,2024-05-14
|CN|HCPB|UB|mBC|NEU|NEU|Treatment|BZS Treatment,BZS Treatment|TXT|National|A:A|1|EX,USD,0,2,0.0,BZS,HCP,2024-05-14
|CN|HCPB|UB|mBC|NEU|NEU|Treatment|BZS Treatment,BZS Treatment|TXT|National|A:A|1|PH,USD,8,70,53.76,BZS,HCP,2024-05-14
|CN|HCPB|UB|mBC|NEU|NEU|Treatment|BZS Treatment,BZS Treatment|TXT|National|A:A|1|PH,USD,67,715,768.74,BZS,HCP,2024-05-14
|CN|HCPB|UB|mBC|NEU|NEU|Treatment|BZS Treatment,BZS Treatment|TXT|National|A:A|1|PH,USD,0,21,0.0,BZS,HCP,2024-05-14
|CN|HCPB|UB|mBC|NEU|NEU|Treatment|Treatment,Diagnosis|TXT|National|A:A|1|EX,USD,0,20,0.0,BZS,HCP,2024-05-14
|CN|HCPB|UB|mBC|NEU|NEU|Treatment|Treatment,Diagnosis|TXT|National|A:A|1|PH,USD,3,24,24.11,BZS,HCP,2024-05-14
|CN|HCPB|UB|mBC|NEU|NEU|Treatment|Treatment,Treatment Efficacy|TXT|National|A:A|1|PH,USD,0,16,0.0,BZS,HCP,2024-05-14
|CN|HCPB|UB|mBC|NEU|NEU|Treatment|Treatment Priority,Treatment|TXT|National|A:A|1|EX,USD,0,13,0.0,BZS,HCP,2024-05-14
|CN|HCPB|UB|mBC|NEU|NEU|Treatment|Treatment Priority,Treatment|TXT|National|A:A|1|PH,USD,4,120,21.87,BZS,HCP,2024-05-14
|CN|HCPB|BR|mBC|NEU|NEU|Competitive|Competitor,Competitors|TXT|National|A:A|1|EX,USD,27,473,199.79,BZS,HCP,2024-05-15
|CN|HCPB|BR|mBC|NEU|NEU|Competitive|Competitor,Competitors|TXT|National|A:A|1|PH,USD,12,621,97.24,BZS,HCP,2024-05-15
|CN|HCPB|BR|mBC|NEU|NEU|Competitive|Competitor,Competitor|TXT|National|A:A|1|EX,USD,2,102,9.44,BZS,HCP,2024-05-15
|CN|HCPB|BR|mBC|NEU|NEU|Competitive|Competitor,Competitor|TXT|National|A:A|1|PH,USD,3,256,32.97,BZS,HCP,2024-05-15
|CN|HCPB|BR|mBC|NEU|NEU|Condition|BZS,BZS|TXT|National|A:A|1|EX,USD,0,30,0.0,BZS,HCP,2024-05-15
|CN|HCPB|BR|mBC|NEU|NEU|Condition|BZS,BZS|TXT|National|A:A|1|PH,USD,13,199,130.03,BZS,HCP,2024-05-15
|CN|HCPB|BR|mBC|NEU|NEU|Condition|BZS,Destiny|TXT|National|A:A|1|EX,USD,1,9,10.17,BZS,HCP,2024-05-15
|CN|HCPB|BR|mBC|NEU|NEU|Condition|BZS,Destiny|TXT|National|A:A|1|PH,USD,2,30,24.67,BZS,HCP,2024-05-15
|CN|HCPB|BR|mBC|NEU|NEU|Core|Alone,Alone|TXT|National|A:A|1|EX,USD,63,712,351.63,BZS,HCP,2024-05-15
|CN|HCPB|BR|mBC|NEU|NEU|Core|Alone,Alone|TXT|National|A:A|1|PH,USD,27,488,257.64,BZS,HCP,2024-05-15
|CN|HCPB|BR|mBC|NEU|NEU|Core|Branded,Brand Alone|TXT|National|A:A|1|EX,USD,9,67,78.06,BZS,HCP,2024-05-15
|CN|HCPB|BR|mBC|NEU|NEU|Core|Branded,Brand Alone|TXT|National|A:A|1|PH,USD,1,56,12.82,BZS,HCP,2024-05-15
|CN|HCPB|BR|mBC|NEU|NEU|Information|Info,Dosing|TXT|National|A:A|1|EX,USD,4,16,16.04,BZS,HCP,2024-05-15
|CN|HCPB|BR|mBC|NEU|NEU|Information|Info,Info|TXT|National|A:A|1|EX,USD,11,93,42.92,BZS,HCP,2024-05-15
|CN|HCPB|BR|mBC|NEU|NEU|Information|Info,Info|TXT|National|A:A|1|PH,USD,0,2,0.0,BZS,HCP,2024-05-15
|CN|HCPB|BR|mBC|NEU|NEU|Information|Info,MOA|TXT|National|A:A|1|EX,USD,3,14,21.41,BZS,HCP,2024-05-15
|CN|HCPB|BR|mBC|NEU|NEU|Information|Info,MOA|TXT|National|A:A|1|PH,USD,0,1,0.0,BZS,HCP,2024-05-15
|CN|HCPB|BR|mBC|NEU|NEU|Information|Info,Resources|TXT|National|A:A|1|EX,USD,0,9,0.0,BZS,HCP,2024-05-15
|CN|HCPB|BR|mBC|NEU|NEU|Information|Info,Resources|TXT|National|A:A|1|PH,USD,0,2,0.0,BZS,HCP,2024-05-15
|CN|HCPB|BR|mBC|NEU|NEU|Information|Info,Safety|TXT|National|A:A|1|EX,USD,2,55,16.61,BZS,HCP,2024-05-15
|CN|HCPB|BR|mBC|NEU|NEU|Information|Info,Safety|TXT|National|A:A|1|PH,USD,0,2,0.0,BZS,HCP,2024-05-15
|CN|HCPB|BR|mBC|NEU|NEU|Information|Info,Study|TXT|National|A:A|1|EX,USD,1,15,9.79,BZS,HCP,2024-05-15
|CN|HCPB|BR|mBC|NEU|NEU|Information|Info,Study|TXT|National|A:A|1|PH,USD,24,242,310.89,BZS,HCP,2024-05-15
|CN|HCPB|BR|mBC|NEU|NEU|Information|Info,Treatment|TXT|National|A:A|1|EX,USD,6,28,82.31,BZS,HCP,2024-05-15
|CN|HCPB|BR|mBC|NEU|NEU|Information|Info,Treatment|TXT|National|A:A|1|PH,USD,5,112,55.83,BZS,HCP,2024-05-15
|CN|HCPB|UB|mBC|NEU|NEU|Condition|BZS Condition,BZS Condition|TXT|National|A:A|1|EX,USD,17,273,101.65,BZS,HCP,2024-05-15
|CN|HCPB|UB|mBC|NEU|NEU|Condition|BZS Condition,BZS Condition|TXT|National|A:A|1|EX,USD,6,282,74.54,BZS,HCP,2024-05-15
|CN|HCPB|UB|mBC|NEU|NEU|Condition|BZS Condition,BZS Condition|TXT|National|A:A|1|PH,USD,6,151,15.54,BZS,HCP,2024-05-15
|CN|HCPB|UB|mBC|NEU|NEU|Condition|BZS Condition,BZS Condition|TXT|National|A:A|1|PH,USD,8,432,76.24,BZS,HCP,2024-05-15
|CN|HCPB|UB|mBC|NEU|NEU|Condition|BZS ITT Condition,BZS Condition|TXT|National|A:A|1|EX,USD,0,1,0.0,BZS,HCP,2024-05-15
|CN|HCPB|UB|mBC|NEU|NEU|Condition|BZS ITT Condition,BZS Condition|TXT|National|A:A|1|PH,USD,1,30,6.1,BZS,HCP,2024-05-15
|CN|HCPB|UB|mBC|NEU|NEU|Condition|BZS ITT Condition,ITT Condition|TXT|National|A:A|1|EX,USD,2,52,6.98,BZS,HCP,2024-05-15
|CN|HCPB|UB|mBC|NEU|NEU|Condition|BZS ITT Condition,ITT Condition|TXT|National|A:A|1|PH,USD,1,33,3.06,BZS,HCP,2024-05-15
|CN|HCPB|UB|mBC|NEU|NEU|Condition|Condition,Condition|TXT|National|A:A|1|EX,USD,3,18,21.12,BZS,HCP,2024-05-15
|CN|HCPB|UB|mBC|NEU|NEU|Condition|Condition,Condition|TXT|National|A:A|1|PH,USD,0,50,0.0,BZS,HCP,2024-05-15
|CN|HCPB|UB|mBC|NEU|NEU|Core|BZS,BZS|TXT|National|A:A|1|EX,USD,1,44,8.76,BZS,HCP,2024-05-15
|CN|HCPB|UB|mBC|NEU|NEU|Core|BZS,BZS|TXT|National|A:A|1|PH,USD,5,143,44.19,BZS,HCP,2024-05-15
|CN|HCPB|UB|mBC|NEU|NEU|Information|BZS Info,BZS Info|TXT|National|A:A|1|EX,USD,9,493,34.16,BZS,HCP,2024-05-15
|CN|HCPB|UB|mBC|NEU|NEU|Information|BZS Info,BZS Info|TXT|National|A:A|1|EX,USD,1,52,4.08,BZS,HCP,2024-05-15
|CN|HCPB|UB|mBC|NEU|NEU|Information|BZS Info,BZS Info|TXT|National|A:A|1|EX,USD,0,5,0.0,BZS,HCP,2024-05-15
|CN|HCPB|UB|mBC|NEU|NEU|Information|BZS Info,BZS Info|TXT|National|A:A|1|PH,USD,7,188,18.43,BZS,HCP,2024-05-15
|CN|HCPB|UB|mBC|NEU|NEU|Information|BZS Info,BZS Info|TXT|National|A:A|1|PH,USD,0,1,0.0,BZS,HCP,2024-05-15
|CN|HCPB|UB|mBC|NEU|NEU|Information|BZS Info,BZS Info|TXT|National|A:A|1|PH,USD,4,96,21.09,BZS,HCP,2024-05-15
|CN|HCPB|UB|mBC|NEU|NEU|Resources|BZS Resources,BZS Dosing|TXT|National|A:A|1|EX,USD,0,2,0.0,BZS,HCP,2024-05-15
|CN|HCPB|UB|mBC|NEU|NEU|Resources|BZS Resources,BZS Dosing|TXT|National|A:A|1|PH,USD,3,19,22.5,BZS,HCP,2024-05-15
|CN|HCPB|UB|mBC|NEU|NEU|Resources|BZS Resources,BZS Dosing|TXT|National|A:A|1|PH,USD,0,0,0.0,BZS,HCP,2024-05-15
|CN|HCPB|UB|mBC|NEU|NEU|Resources|BZS Resources,BZS MOA|TXT|National|A:A|1|PH,USD,0,1,0.0,BZS,HCP,2024-05-15
|CN|HCPB|UB|mBC|NEU|NEU|Resources|BZS Resources,BZS Resources|TXT|National|A:A|1|EX,USD,0,8,0.0,BZS,HCP,2024-05-15
|CN|HCPB|UB|mBC|NEU|NEU|Resources|BZS Resources,BZS Resources|TXT|National|A:A|1|EX,USD,0,2,0.0,BZS,HCP,2024-05-15
|CN|HCPB|UB|mBC|NEU|NEU|Resources|BZS Resources,BZS Resources|TXT|National|A:A|1|PH,USD,2,35,6.77,BZS,HCP,2024-05-15
|CN|HCPB|UB|mBC|NEU|NEU|Resources|BZS Resources,BZS Resources|TXT|National|A:A|1|PH,USD,0,1,0.0,BZS,HCP,2024-05-15
|CN|HCPB|UB|mBC|NEU|NEU|Resources|BZS Resources,BZS Safety|TXT|National|A:A|1|EX,USD,0,29,0.0,BZS,HCP,2024-05-15
|CN|HCPB|UB|mBC|NEU|NEU|Resources|BZS Resources,BZS Safety|TXT|National|A:A|1|PH,USD,1,22,6.66,BZS,HCP,2024-05-15
|CN|HCPB|UB|mBC|NEU|NEU|Resources|BZS Resources,BZS Safety|TXT|National|A:A|1|PH,USD,3,48,12.5,BZS,HCP,2024-05-15
|CN|HCPB|UB|mBC|NEU|NEU|Resources|BZS Resources,BZS Trial|TXT|National|A:A|1|EX,USD,0,2,0.0,BZS,HCP,2024-05-15
|CN|HCPB|UB|mBC|NEU|NEU|Resources|BZS Resources,BZS Trial|TXT|National|A:A|1|EX,USD,2,41,7.26,BZS,HCP,2024-05-15
|CN|HCPB|UB|mBC|NEU|NEU|Resources|BZS Resources,BZS Trial|TXT|National|A:A|1|EX,USD,1,8,8.67,BZS,HCP,2024-05-15
|CN|HCPB|UB|mBC|NEU|NEU|Resources|BZS Resources,BZS Trial|TXT|National|A:A|1|PH,USD,6,130,48.97,BZS,HCP,2024-05-15
|CN|HCPB|UB|mBC|NEU|NEU|Resources|BZS Resources,BZS Trial|TXT|National|A:A|1|PH,USD,1,14,6.1,BZS,HCP,2024-05-15
|CN|HCPB|UB|mBC|NEU|NEU|Resources|BZS Resources,BZS Trial|TXT|National|A:A|1|PH,USD,1,173,3.59,BZS,HCP,2024-05-15
|CN|HCPB|UB|mBC|NEU|NEU|Treatment|BZS Treatment,BZS Treatment|TXT|National|A:A|1|EX,USD,0,3,0.0,BZS,HCP,2024-05-15
|CN|HCPB|UB|mBC|NEU|NEU|Treatment|BZS Treatment,BZS Treatment|TXT|National|A:A|1|EX,USD,0,4,0.0,BZS,HCP,2024-05-15
|CN|HCPB|UB|mBC|NEU|NEU|Treatment|BZS Treatment,BZS Treatment|TXT|National|A:A|1|EX,USD,0,5,0.0,BZS,HCP,2024-05-15
|CN|HCPB|UB|mBC|NEU|NEU|Treatment|BZS Treatment,BZS Treatment|TXT|National|A:A|1|PH,USD,8,79,53.03,BZS,HCP,2024-05-15
|CN|HCPB|UB|mBC|NEU|NEU|Treatment|BZS Treatment,BZS Treatment|TXT|National|A:A|1|PH,USD,1,24,9.92,BZS,HCP,2024-05-15
|CN|HCPB|UB|mBC|NEU|NEU|Treatment|BZS Treatment,BZS Treatment|TXT|National|A:A|1|PH,USD,63,653,714.99,BZS,HCP,2024-05-15
|CN|HCPB|UB|mBC|NEU|NEU|Treatment|Treatment,Diagnosis|TXT|National|A:A|1|EX,USD,1,42,6.86,BZS,HCP,2024-05-15
|CN|HCPB|UB|mBC|NEU|NEU|Treatment|Treatment,Diagnosis|TXT|National|A:A|1|PH,USD,1,35,8.04,BZS,HCP,2024-05-15
|CN|HCPB|UB|mBC|NEU|NEU|Treatment|Treatment,Treatment Efficacy|TXT|National|A:A|1|EX,USD,0,1,0.0,BZS,HCP,2024-05-15
|CN|HCPB|UB|mBC|NEU|NEU|Treatment|Treatment,Treatment Efficacy|TXT|National|A:A|1|PH,USD,1,39,8.91,BZS,HCP,2024-05-15
|CN|HCPB|UB|mBC|NEU|NEU|Treatment|Treatment Priority,Treatment|TXT|National|A:A|1|EX,USD,0,2,0.0,BZS,HCP,2024-05-15
|CN|HCPB|UB|mBC|NEU|NEU|Treatment|Treatment Priority,Treatment|TXT|National|A:A|1|PH,USD,3,45,22.73,BZS,HCP,2024-05-15
|CN|HCPB|BR|mBC|NEU|NEU|Competitive|Competitor,Competitors|TXT|National|A:A|1|EX,USD,12,421,85.51,BZS,HCP,2024-05-16
|CN|HCPB|BR|mBC|NEU|NEU|Competitive|Competitor,Competitors|TXT|National|A:A|1|PH,USD,15,577,126.31,BZS,HCP,2024-05-16
|CN|HCPB|BR|mBC|NEU|NEU|Competitive|Competitor,Competitor|TXT|National|A:A|1|EX,USD,5,77,23.61,BZS,HCP,2024-05-16
|CN|HCPB|BR|mBC|NEU|NEU|Competitive|Competitor,Competitor|TXT|National|A:A|1|PH,USD,1,183,13.71,BZS,HCP,2024-05-16
|CN|HCPB|BR|mBC|NEU|NEU|Condition|BZS,BZS|TXT|National|A:A|1|EX,USD,7,37,86.26,BZS,HCP,2024-05-16
|CN|HCPB|BR|mBC|NEU|NEU|Condition|BZS,BZS|TXT|National|A:A|1|PH,USD,11,166,104.75,BZS,HCP,2024-05-16
|CN|HCPB|BR|mBC|NEU|NEU|Condition|BZS,Destiny|TXT|National|A:A|1|EX,USD,0,10,0.0,BZS,HCP,2024-05-16
|CN|HCPB|BR|mBC|NEU|NEU|Condition|BZS,Destiny|TXT|National|A:A|1|PH,USD,3,33,40.0,BZS,HCP,2024-05-16
|CN|HCPB|BR|mBC|NEU|NEU|Core|Alone,Alone|TXT|National|A:A|1|EX,USD,36,580,201.32,BZS,HCP,2024-05-16
|CN|HCPB|BR|mBC|NEU|NEU|Core|Alone,Alone|TXT|National|A:A|1|PH,USD,31,414,277.86,BZS,HCP,2024-05-16
|CN|HCPB|BR|mBC|NEU|NEU|Core|Branded,Brand Alone|TXT|National|A:A|1|EX,USD,6,37,52.19,BZS,HCP,2024-05-16
|CN|HCPB|BR|mBC|NEU|NEU|Core|Branded,Brand Alone|TXT|National|A:A|1|PH,USD,0,40,0.0,BZS,HCP,2024-05-16
|CN|HCPB|BR|mBC|NEU|NEU|Information|Info,Dosing|TXT|National|A:A|1|EX,USD,1,7,3.67,BZS,HCP,2024-05-16
|CN|HCPB|BR|mBC|NEU|NEU|Information|Info,Info|TXT|National|A:A|1|EX,USD,6,69,26.86,BZS,HCP,2024-05-16
|CN|HCPB|BR|mBC|NEU|NEU|Information|Info,Info|TXT|National|A:A|1|PH,USD,0,3,0.0,BZS,HCP,2024-05-16
|CN|HCPB|BR|mBC|NEU|NEU|Information|Info,MOA|TXT|National|A:A|1|EX,USD,2,14,17.88,BZS,HCP,2024-05-16
|CN|HCPB|BR|mBC|NEU|NEU|Information|Info,Resources|TXT|National|A:A|1|EX,USD,0,17,0.0,BZS,HCP,2024-05-16
|CN|HCPB|BR|mBC|NEU|NEU|Information|Info,Safety|TXT|National|A:A|1|EX,USD,3,18,20.18,BZS,HCP,2024-05-16
|CN|HCPB|BR|mBC|NEU|NEU|Information|Info,Safety|TXT|National|A:A|1|PH,USD,0,2,0.0,BZS,HCP,2024-05-16
|CN|HCPB|BR|mBC|NEU|NEU|Information|Info,Study|TXT|National|A:A|1|EX,USD,1,15,12.7,BZS,HCP,2024-05-16
|CN|HCPB|BR|mBC|NEU|NEU|Information|Info,Study|TXT|National|A:A|1|PH,USD,11,202,142.71,BZS,HCP,2024-05-16
|CN|HCPB|BR|mBC|NEU|NEU|Information|Info,Treatment|TXT|National|A:A|1|EX,USD,11,42,139.57,BZS,HCP,2024-05-16
|CN|HCPB|BR|mBC|NEU|NEU|Information|Info,Treatment|TXT|National|A:A|1|PH,USD,9,108,115.25,BZS,HCP,2024-05-16
|CN|HCPB|UB|mBC|NEU|NEU|Condition|BZS Condition,BZS Condition|TXT|National|A:A|1|EX,USD,16,317,104.56,BZS,HCP,2024-05-16
|CN|HCPB|UB|mBC|NEU|NEU|Condition|BZS Condition,BZS Condition|TXT|National|A:A|1|EX,USD,4,283,49.41,BZS,HCP,2024-05-16
|CN|HCPB|UB|mBC|NEU|NEU|Condition|BZS Condition,BZS Condition|TXT|National|A:A|1|PH,USD,4,158,11.04,BZS,HCP,2024-05-16
|CN|HCPB|UB|mBC|NEU|NEU|Condition|BZS Condition,BZS Condition|TXT|National|A:A|1|PH,USD,3,411,23.9,BZS,HCP,2024-05-16
|CN|HCPB|UB|mBC|NEU|NEU|Condition|BZS ITT Condition,BZS Condition|TXT|National|A:A|1|EX,USD,0,7,0.0,BZS,HCP,2024-05-16
|CN|HCPB|UB|mBC|NEU|NEU|Condition|BZS ITT Condition,BZS Condition|TXT|National|A:A|1|PH,USD,1,108,5.9,BZS,HCP,2024-05-16
|CN|HCPB|UB|mBC|NEU|NEU|Condition|BZS ITT Condition,ITT Condition|TXT|National|A:A|1|EX,USD,0,166,0.0,BZS,HCP,2024-05-16
|CN|HCPB|UB|mBC|NEU|NEU|Condition|BZS ITT Condition,ITT Condition|TXT|National|A:A|1|PH,USD,3,149,9.67,BZS,HCP,2024-05-16
|CN|HCPB|UB|mBC|NEU|NEU|Condition|Condition,Condition|TXT|National|A:A|1|EX,USD,0,10,0.0,BZS,HCP,2024-05-16
|CN|HCPB|UB|mBC|NEU|NEU|Condition|Condition,Condition|TXT|National|A:A|1|PH,USD,2,48,18.72,BZS,HCP,2024-05-16
|CN|HCPB|UB|mBC|NEU|NEU|Core|BZS,BZS|TXT|National|A:A|1|EX,USD,1,22,8.58,BZS,HCP,2024-05-16
|CN|HCPB|UB|mBC|NEU|NEU|Core|BZS,BZS|TXT|National|A:A|1|PH,USD,5,130,44.04,BZS,HCP,2024-05-16
|CN|HCPB|UB|mBC|NEU|NEU|Information|BZS Info,BZS Info|TXT|National|A:A|1|EX,USD,12,338,38.37,BZS,HCP,2024-05-16
|CN|HCPB|UB|mBC|NEU|NEU|Information|BZS Info,BZS Info|TXT|National|A:A|1|EX,USD,0,5,0.0,BZS,HCP,2024-05-16
|CN|HCPB|UB|mBC|NEU|NEU|Information|BZS Info,BZS Info|TXT|National|A:A|1|EX,USD,0,40,0.0,BZS,HCP,2024-05-16
|CN|HCPB|UB|mBC|NEU|NEU|Information|BZS Info,BZS Info|TXT|National|A:A|1|PH,USD,4,149,17.07,BZS,HCP,2024-05-16
|CN|HCPB|UB|mBC|NEU|NEU|Information|BZS Info,BZS Info|TXT|National|A:A|1|PH,USD,6,159,15.8,BZS,HCP,2024-05-16
|CN|HCPB|UB|mBC|NEU|NEU|Resources|BZS Resources,BZS Dosing|TXT|National|A:A|1|EX,USD,0,1,0.0,BZS,HCP,2024-05-16
|CN|HCPB|UB|mBC|NEU|NEU|Resources|BZS Resources,BZS Dosing|TXT|National|A:A|1|PH,USD,1,1,5.95,BZS,HCP,2024-05-16
|CN|HCPB|UB|mBC|NEU|NEU|Resources|BZS Resources,BZS Dosing|TXT|National|A:A|1|PH,USD,1,18,7.34,BZS,HCP,2024-05-16
|CN|HCPB|UB|mBC|NEU|NEU|Resources|BZS Resources,BZS MOA|TXT|National|A:A|1|PH,USD,0,8,0.0,BZS,HCP,2024-05-16
|CN|HCPB|UB|mBC|NEU|NEU|Resources|BZS Resources,BZS Resources|TXT|National|A:A|1|EX,USD,1,1,8.66,BZS,HCP,2024-05-16
|CN|HCPB|UB|mBC|NEU|NEU|Resources|BZS Resources,BZS Resources|TXT|National|A:A|1|EX,USD,1,7,7.59,BZS,HCP,2024-05-16
|CN|HCPB|UB|mBC|NEU|NEU|Resources|BZS Resources,BZS Resources|TXT|National|A:A|1|PH,USD,1,11,7.46,BZS,HCP,2024-05-16
|CN|HCPB|UB|mBC|NEU|NEU|Resources|BZS Resources,BZS Resources|TXT|National|A:A|1|PH,USD,0,17,0.0,BZS,HCP,2024-05-16
|CN|HCPB|UB|mBC|NEU|NEU|Resources|BZS Resources,BZS Safety|TXT|National|A:A|1|EX,USD,0,20,0.0,BZS,HCP,2024-05-16
|CN|HCPB|UB|mBC|NEU|NEU|Resources|BZS Resources,BZS Safety|TXT|National|A:A|1|PH,USD,0,8,0.0,BZS,HCP,2024-05-16
|CN|HCPB|UB|mBC|NEU|NEU|Resources|BZS Resources,BZS Safety|TXT|National|A:A|1|PH,USD,4,57,16.11,BZS,HCP,2024-05-16
|CN|HCPB|UB|mBC|NEU|NEU|Resources|BZS Resources,BZS Trial|TXT|National|A:A|1|EX,USD,0,43,0.0,BZS,HCP,2024-05-16
|CN|HCPB|UB|mBC|NEU|NEU|Resources|BZS Resources,BZS Trial|TXT|National|A:A|1|EX,USD,1,3,7.25,BZS,HCP,2024-05-16
|CN|HCPB|UB|mBC|NEU|NEU|Resources|BZS Resources,BZS Trial|TXT|National|A:A|1|EX,USD,0,3,0.0,BZS,HCP,2024-05-16
|CN|HCPB|UB|mBC|NEU|NEU|Resources|BZS Resources,BZS Trial|TXT|National|A:A|1|PH,USD,0,8,0.0,BZS,HCP,2024-05-16
|CN|HCPB|UB|mBC|NEU|NEU|Resources|BZS Resources,BZS Trial|TXT|National|A:A|1|PH,USD,3,106,27.25,BZS,HCP,2024-05-16
|CN|HCPB|UB|mBC|NEU|NEU|Resources|BZS Resources,BZS Trial|TXT|National|A:A|1|PH,USD,5,201,18.77,BZS,HCP,2024-05-16
|CN|HCPB|UB|mBC|NEU|NEU|Treatment|BZS Treatment,BZS Treatment|TXT|National|A:A|1|EX,USD,0,6,0.0,BZS,HCP,2024-05-16
|CN|HCPB|UB|mBC|NEU|NEU|Treatment|BZS Treatment,BZS Treatment|TXT|National|A:A|1|EX,USD,0,11,0.0,BZS,HCP,2024-05-16
|CN|HCPB|UB|mBC|NEU|NEU|Treatment|BZS Treatment,BZS Treatment|TXT|National|A:A|1|EX,USD,0,4,0.0,BZS,HCP,2024-05-16
|CN|HCPB|UB|mBC|NEU|NEU|Treatment|BZS Treatment,BZS Treatment|TXT|National|A:A|1|PH,USD,1,22,9.17,BZS,HCP,2024-05-16
|CN|HCPB|UB|mBC|NEU|NEU|Treatment|BZS Treatment,BZS Treatment|TXT|National|A:A|1|PH,USD,64,702,709.24,BZS,HCP,2024-05-16
|CN|HCPB|UB|mBC|NEU|NEU|Treatment|BZS Treatment,BZS Treatment|TXT|National|A:A|1|PH,USD,8,96,52.71,BZS,HCP,2024-05-16
|CN|HCPB|UB|mBC|NEU|NEU|Treatment|Treatment,Diagnosis|TXT|National|A:A|1|EX,USD,2,18,13.82,BZS,HCP,2024-05-16
|CN|HCPB|UB|mBC|NEU|NEU|Treatment|Treatment,Diagnosis|TXT|National|A:A|1|PH,USD,1,23,8.01,BZS,HCP,2024-05-16
|CN|HCPB|UB|mBC|NEU|NEU|Treatment|Treatment,Treatment Efficacy|TXT|National|A:A|1|PH,USD,0,24,0.0,BZS,HCP,2024-05-16
|CN|HCPB|UB|mBC|NEU|NEU|Treatment|Treatment Priority,Treatment|TXT|National|A:A|1|EX,USD,0,9,0.0,BZS,HCP,2024-05-16
|CN|HCPB|UB|mBC|NEU|NEU|Treatment|Treatment Priority,Treatment|TXT|National|A:A|1|PH,USD,3,66,21.62,BZS,HCP,2024-05-16
|CN|HCPB|BR|mBC|NEU|NEU|Competitive|Competitor,Competitors|TXT|National|A:A|1|EX,USD,13,269,96.96,BZS,HCP,2024-05-17
|CN|HCPB|BR|mBC|NEU|NEU|Competitive|Competitor,Competitors|TXT|National|A:A|1|PH,USD,11,355,87.6,BZS,HCP,2024-05-17
|CN|HCPB|BR|mBC|NEU|NEU|Competitive|Competitor,Competitor|TXT|National|A:A|1|EX,USD,1,29,4.74,BZS,HCP,2024-05-17
|CN|HCPB|BR|mBC|NEU|NEU|Competitive|Competitor,Competitor|TXT|National|A:A|1|PH,USD,5,120,57.48,BZS,HCP,2024-05-17
|CN|HCPB|BR|mBC|NEU|NEU|Condition|BZS,BZS|TXT|National|A:A|1|EX,USD,1,11,12.34,BZS,HCP,2024-05-17
|CN|HCPB|BR|mBC|NEU|NEU|Condition|BZS,BZS|TXT|National|A:A|1|PH,USD,1,61,9.08,BZS,HCP,2024-05-17
|CN|HCPB|BR|mBC|NEU|NEU|Condition|BZS,Destiny|TXT|National|A:A|1|EX,USD,0,3,0.0,BZS,HCP,2024-05-17
|CN|HCPB|BR|mBC|NEU|NEU|Condition|BZS,Destiny|TXT|National|A:A|1|PH,USD,0,17,0.0,BZS,HCP,2024-05-17
|CN|HCPB|BR|mBC|NEU|NEU|Core|Alone,Alone|TXT|National|A:A|1|EX,USD,11,174,65.17,BZS,HCP,2024-05-17
|CN|HCPB|BR|mBC|NEU|NEU|Core|Alone,Alone|TXT|National|A:A|1|PH,USD,5,200,44.13,BZS,HCP,2024-05-17
|CN|HCPB|BR|mBC|NEU|NEU|Core|Branded,Brand Alone|TXT|National|A:A|1|EX,USD,1,17,8.69,BZS,HCP,2024-05-17
|CN|HCPB|BR|mBC|NEU|NEU|Core|Branded,Brand Alone|TXT|National|A:A|1|PH,USD,4,32,48.94,BZS,HCP,2024-05-17
|CN|HCPB|BR|mBC|NEU|NEU|Information|Info,Dosing|TXT|National|A:A|1|EX,USD,1,4,4.61,BZS,HCP,2024-05-17
|CN|HCPB|BR|mBC|NEU|NEU|Information|Info,Info|TXT|National|A:A|1|EX,USD,0,11,0.0,BZS,HCP,2024-05-17
|CN|HCPB|BR|mBC|NEU|NEU|Information|Info,MOA|TXT|National|A:A|1|EX,USD,1,4,6.41,BZS,HCP,2024-05-17
|CN|HCPB|BR|mBC|NEU|NEU|Information|Info,MOA|TXT|National|A:A|1|PH,USD,0,1,0.0,BZS,HCP,2024-05-17
|CN|HCPB|BR|mBC|NEU|NEU|Information|Info,Resources|TXT|National|A:A|1|EX,USD,0,9,0.0,BZS,HCP,2024-05-17
|CN|HCPB|BR|mBC|NEU|NEU|Information|Info,Safety|TXT|National|A:A|1|EX,USD,0,12,0.0,BZS,HCP,2024-05-17
|CN|HCPB|BR|mBC|NEU|NEU|Information|Info,Study|TXT|National|A:A|1|EX,USD,1,4,9.58,BZS,HCP,2024-05-17
|CN|HCPB|BR|mBC|NEU|NEU|Information|Info,Study|TXT|National|A:A|1|PH,USD,5,80,61.75,BZS,HCP,2024-05-17
|CN|HCPB|BR|mBC|NEU|NEU|Information|Info,Treatment|TXT|National|A:A|1|EX,USD,0,15,0.0,BZS,HCP,2024-05-17
|CN|HCPB|BR|mBC|NEU|NEU|Information|Info,Treatment|TXT|National|A:A|1|PH,USD,1,28,12.75,BZS,HCP,2024-05-17
|CN|HCPB|UB|mBC|NEU|NEU|Condition|BZS Condition,BZS Condition|TXT|National|A:A|1|EX,USD,3,173,35.12,BZS,HCP,2024-05-17
|CN|HCPB|UB|mBC|NEU|NEU|Condition|BZS Condition,BZS Condition|TXT|National|A:A|1|EX,USD,22,259,148.46,BZS,HCP,2024-05-17
|CN|HCPB|UB|mBC|NEU|NEU|Condition|BZS Condition,BZS Condition|TXT|National|A:A|1|PH,USD,5,121,13.28,BZS,HCP,2024-05-17
|CN|HCPB|UB|mBC|NEU|NEU|Condition|BZS Condition,BZS Condition|TXT|National|A:A|1|PH,USD,4,299,33.83,BZS,HCP,2024-05-17
|CN|HCPB|UB|mBC|NEU|NEU|Condition|BZS ITT Condition,BZS Condition|TXT|National|A:A|1|EX,USD,0,2,0.0,BZS,HCP,2024-05-17
|CN|HCPB|UB|mBC|NEU|NEU|Condition|BZS ITT Condition,BZS Condition|TXT|National|A:A|1|PH,USD,1,51,7.21,BZS,HCP,2024-05-17
|CN|HCPB|UB|mBC|NEU|NEU|Condition|BZS ITT Condition,ITT Condition|TXT|National|A:A|1|EX,USD,0,71,0.0,BZS,HCP,2024-05-17
|CN|HCPB|UB|mBC|NEU|NEU|Condition|BZS ITT Condition,ITT Condition|TXT|National|A:A|1|PH,USD,2,115,6.06,BZS,HCP,2024-05-17
|CN|HCPB|UB|mBC|NEU|NEU|Condition|Condition,Condition|TXT|National|A:A|1|EX,USD,1,23,6.96,BZS,HCP,2024-05-17
|CN|HCPB|UB|mBC|NEU|NEU|Condition|Condition,Condition|TXT|National|A:A|1|PH,USD,2,125,14.74,BZS,HCP,2024-05-17
|CN|HCPB|UB|mBC|NEU|NEU|Core|BZS,BZS|TXT|National|A:A|1|EX,USD,0,29,0.0,BZS,HCP,2024-05-17
|CN|HCPB|UB|mBC|NEU|NEU|Core|BZS,BZS|TXT|National|A:A|1|PH,USD,4,108,35.08,BZS,HCP,2024-05-17
|CN|HCPB|UB|mBC|NEU|NEU|Information|BZS Info,BZS Info|TXT|National|A:A|1|EX,USD,5,333,19.47,BZS,HCP,2024-05-17
|CN|HCPB|UB|mBC|NEU|NEU|Information|BZS Info,BZS Info|TXT|National|A:A|1|EX,USD,1,38,4.31,BZS,HCP,2024-05-17
|CN|HCPB|UB|mBC|NEU|NEU|Information|BZS Info,BZS Info|TXT|National|A:A|1|EX,USD,0,0,0.0,BZS,HCP,2024-05-17
|CN|HCPB|UB|mBC|NEU|NEU|Information|BZS Info,BZS Info|TXT|National|A:A|1|PH,USD,0,6,0.0,BZS,HCP,2024-05-17
|CN|HCPB|UB|mBC|NEU|NEU|Information|BZS Info,BZS Info|TXT|National|A:A|1|PH,USD,3,78,10.72,BZS,HCP,2024-05-17
|CN|HCPB|UB|mBC|NEU|NEU|Information|BZS Info,BZS Info|TXT|National|A:A|1|PH,USD,14,272,35.2,BZS,HCP,2024-05-17
|CN|HCPB|UB|mBC|NEU|NEU|Resources|BZS Resources,BZS Dosing|TXT|National|A:A|1|EX,USD,0,4,0.0,BZS,HCP,2024-05-17
|CN|HCPB|UB|mBC|NEU|NEU|Resources|BZS Resources,BZS Dosing|TXT|National|A:A|1|PH,USD,2,20,11.74,BZS,HCP,2024-05-17
|CN|HCPB|UB|mBC|NEU|NEU|Resources|BZS Resources,BZS MOA|TXT|National|A:A|1|PH,USD,0,0,0.0,BZS,HCP,2024-05-17
|CN|HCPB|UB|mBC|NEU|NEU|Resources|BZS Resources,BZS MOA|TXT|National|A:A|1|PH,USD,0,0,0.0,BZS,HCP,2024-05-17
|CN|HCPB|UB|mBC|NEU|NEU|Resources|BZS Resources,BZS Resources|TXT|National|A:A|1|EX,USD,0,10,0.0,BZS,HCP,2024-05-17
|CN|HCPB|UB|mBC|NEU|NEU|Resources|BZS Resources,BZS Resources|TXT|National|A:A|1|EX,USD,0,1,0.0,BZS,HCP,2024-05-17
|CN|HCPB|UB|mBC|NEU|NEU|Resources|BZS Resources,BZS Resources|TXT|National|A:A|1|PH,USD,1,25,4.62,BZS,HCP,2024-05-17
|CN|HCPB|UB|mBC|NEU|NEU|Resources|BZS Resources,BZS Resources|TXT|National|A:A|1|PH,USD,0,6,0.0,BZS,HCP,2024-05-17
|CN|HCPB|UB|mBC|NEU|NEU|Resources|BZS Resources,BZS Safety|TXT|National|A:A|1|EX,USD,0,10,0.0,BZS,HCP,2024-05-17
|CN|HCPB|UB|mBC|NEU|NEU|Resources|BZS Resources,BZS Safety|TXT|National|A:A|1|PH,USD,1,5,6.75,BZS,HCP,2024-05-17
|CN|HCPB|UB|mBC|NEU|NEU|Resources|BZS Resources,BZS Safety|TXT|National|A:A|1|PH,USD,1,85,6.9,BZS,HCP,2024-05-17
|CN|HCPB|UB|mBC|NEU|NEU|Resources|BZS Resources,BZS Trial|TXT|National|A:A|1|EX,USD,0,1,0.0,BZS,HCP,2024-05-17
|CN|HCPB|UB|mBC|NEU|NEU|Resources|BZS Resources,BZS Trial|TXT|National|A:A|1|EX,USD,0,34,0.0,BZS,HCP,2024-05-17
|CN|HCPB|UB|mBC|NEU|NEU|Resources|BZS Resources,BZS Trial|TXT|National|A:A|1|EX,USD,0,3,0.0,BZS,HCP,2024-05-17
|CN|HCPB|UB|mBC|NEU|NEU|Resources|BZS Resources,BZS Trial|TXT|National|A:A|1|PH,USD,7,181,22.94,BZS,HCP,2024-05-17
|CN|HCPB|UB|mBC|NEU|NEU|Resources|BZS Resources,BZS Trial|TXT|National|A:A|1|PH,USD,6,76,45.8,BZS,HCP,2024-05-17
|CN|HCPB|UB|mBC|NEU|NEU|Resources|BZS Resources,BZS Trial|TXT|National|A:A|1|PH,USD,0,6,0.0,BZS,HCP,2024-05-17
|CN|HCPB|UB|mBC|NEU|NEU|Treatment|BZS Treatment,BZS Treatment|TXT|National|A:A|1|EX,USD,0,2,0.0,BZS,HCP,2024-05-17
|CN|HCPB|UB|mBC|NEU|NEU|Treatment|BZS Treatment,BZS Treatment|TXT|National|A:A|1|EX,USD,0,12,0.0,BZS,HCP,2024-05-17
|CN|HCPB|UB|mBC|NEU|NEU|Treatment|BZS Treatment,BZS Treatment|TXT|National|A:A|1|EX,USD,0,2,0.0,BZS,HCP,2024-05-17
|CN|HCPB|UB|mBC|NEU|NEU|Treatment|BZS Treatment,BZS Treatment|TXT|National|A:A|1|PH,USD,0,9,0.0,BZS,HCP,2024-05-17
|CN|HCPB|UB|mBC|NEU|NEU|Treatment|BZS Treatment,BZS Treatment|TXT|National|A:A|1|PH,USD,6,40,51.07,BZS,HCP,2024-05-17
|CN|HCPB|UB|mBC|NEU|NEU|Treatment|BZS Treatment,BZS Treatment|TXT|National|A:A|1|PH,USD,67,688,747.5,BZS,HCP,2024-05-17
|CN|HCPB|UB|mBC|NEU|NEU|Treatment|Treatment,Diagnosis|TXT|National|A:A|1|EX,USD,0,6,0.0,BZS,HCP,2024-05-17
|CN|HCPB|UB|mBC|NEU|NEU|Treatment|Treatment,Diagnosis|TXT|National|A:A|1|PH,USD,0,6,0.0,BZS,HCP,2024-05-17
|CN|HCPB|UB|mBC|NEU|NEU|Treatment|Treatment,Treatment Efficacy|TXT|National|A:A|1|PH,USD,2,7,18.09,BZS,HCP,2024-05-17
|CN|HCPB|UB|mBC|NEU|NEU|Treatment|Treatment Priority,Treatment|TXT|National|A:A|1|EX,USD,0,19,0.0,BZS,HCP,2024-05-17
|CN|HCPB|UB|mBC|NEU|NEU|Treatment|Treatment Priority,Treatment|TXT|National|A:A|1|PH,USD,3,115,21.42,BZS,HCP,2024-05-17
|CN|HCPB|BR|mBC|NEU|NEU|Competitive|Competitor,Competitors|TXT|National|A:A|1|EX,USD,19,283,144.84,BZS,HCP,2024-05-18
|CN|HCPB|BR|mBC|NEU|NEU|Competitive|Competitor,Competitors|TXT|National|A:A|1|PH,USD,17,364,146.3,BZS,HCP,2024-05-18
|CN|HCPB|BR|mBC|NEU|NEU|Competitive|Competitor,Competitor|TXT|National|A:A|1|EX,USD,1,43,4.64,BZS,HCP,2024-05-18
|CN|HCPB|BR|mBC|NEU|NEU|Competitive|Competitor,Competitor|TXT|National|A:A|1|PH,USD,3,135,33.88,BZS,HCP,2024-05-18
|CN|HCPB|BR|mBC|NEU|NEU|Condition|BZS,BZS|TXT|National|A:A|1|EX,USD,1,11,12.1,BZS,HCP,2024-05-18
|CN|HCPB|BR|mBC|NEU|NEU|Condition|BZS,BZS|TXT|National|A:A|1|PH,USD,0,73,0.0,BZS,HCP,2024-05-18
|CN|HCPB|BR|mBC|NEU|NEU|Condition|BZS,Destiny|TXT|National|A:A|1|EX,USD,0,14,0.0,BZS,HCP,2024-05-18
|CN|HCPB|BR|mBC|NEU|NEU|Condition|BZS,Destiny|TXT|National|A:A|1|PH,USD,0,16,0.0,BZS,HCP,2024-05-18
|CN|HCPB|BR|mBC|NEU|NEU|Core|Alone,Alone|TXT|National|A:A|1|EX,USD,15,196,92.83,BZS,HCP,2024-05-18
|CN|HCPB|BR|mBC|NEU|NEU|Core|Alone,Alone|TXT|National|A:A|1|PH,USD,12,188,101.71,BZS,HCP,2024-05-18
|CN|HCPB|BR|mBC|NEU|NEU|Core|Branded,Brand Alone|TXT|National|A:A|1|EX,USD,1,23,9.53,BZS,HCP,2024-05-18
|CN|HCPB|BR|mBC|NEU|NEU|Core|Branded,Brand Alone|TXT|National|A:A|1|PH,USD,5,30,59.19,BZS,HCP,2024-05-18
|CN|HCPB|BR|mBC|NEU|NEU|Information|Info,Dosing|TXT|National|A:A|1|EX,USD,0,3,0.0,BZS,HCP,2024-05-18
|CN|HCPB|BR|mBC|NEU|NEU|Information|Info,Info|TXT|National|A:A|1|EX,USD,2,9,19.72,BZS,HCP,2024-05-18
|CN|HCPB|BR|mBC|NEU|NEU|Information|Info,MOA|TXT|National|A:A|1|EX,USD,3,3,26.5,BZS,HCP,2024-05-18
|CN|HCPB|BR|mBC|NEU|NEU|Information|Info,Resources|TXT|National|A:A|1|EX,USD,0,5,0.0,BZS,HCP,2024-05-18
|CN|HCPB|BR|mBC|NEU|NEU|Information|Info,Safety|TXT|National|A:A|1|EX,USD,3,9,30.57,BZS,HCP,2024-05-18
|CN|HCPB|BR|mBC|NEU|NEU|Information|Info,Study|TXT|National|A:A|1|EX,USD,1,6,9.73,BZS,HCP,2024-05-18
|CN|HCPB|BR|mBC|NEU|NEU|Information|Info,Study|TXT|National|A:A|1|PH,USD,4,67,52.09,BZS,HCP,2024-05-18
|CN|HCPB|BR|mBC|NEU|NEU|Information|Info,Treatment|TXT|National|A:A|1|EX,USD,2,27,24.08,BZS,HCP,2024-05-18
|CN|HCPB|BR|mBC|NEU|NEU|Information|Info,Treatment|TXT|National|A:A|1|PH,USD,6,40,75.7,BZS,HCP,2024-05-18
|CN|HCPB|UB|mBC|NEU|NEU|Condition|BZS Condition,BZS Condition|TXT|National|A:A|1|EX,USD,4,198,46.23,BZS,HCP,2024-05-18
|CN|HCPB|UB|mBC|NEU|NEU|Condition|BZS Condition,BZS Condition|TXT|National|A:A|1|EX,USD,14,253,94.99,BZS,HCP,2024-05-18
|CN|HCPB|UB|mBC|NEU|NEU|Condition|BZS Condition,BZS Condition|TXT|National|A:A|1|PH,USD,4,280,41.59,BZS,HCP,2024-05-18
|CN|HCPB|UB|mBC|NEU|NEU|Condition|BZS Condition,BZS Condition|TXT|National|A:A|1|PH,USD,1,81,2.67,BZS,HCP,2024-05-18
|CN|HCPB|UB|mBC|NEU|NEU|Condition|BZS ITT Condition,BZS Condition|TXT|National|A:A|1|EX,USD,0,1,0.0,BZS,HCP,2024-05-18
|CN|HCPB|UB|mBC|NEU|NEU|Condition|BZS ITT Condition,BZS Condition|TXT|National|A:A|1|PH,USD,1,29,5.95,BZS,HCP,2024-05-18
|CN|HCPB|UB|mBC|NEU|NEU|Condition|BZS ITT Condition,ITT Condition|TXT|National|A:A|1|EX,USD,1,40,3.14,BZS,HCP,2024-05-18
|CN|HCPB|UB|mBC|NEU|NEU|Condition|BZS ITT Condition,ITT Condition|TXT|National|A:A|1|PH,USD,2,54,6.0,BZS,HCP,2024-05-18
|CN|HCPB|UB|mBC|NEU|NEU|Condition|Condition,Condition|TXT|National|A:A|1|EX,USD,2,4,13.68,BZS,HCP,2024-05-18
|CN|HCPB|UB|mBC|NEU|NEU|Condition|Condition,Condition|TXT|National|A:A|1|PH,USD,1,15,5.99,BZS,HCP,2024-05-18
|CN|HCPB|UB|mBC|NEU|NEU|Core|BZS,BZS|TXT|National|A:A|1|EX,USD,2,16,17.52,BZS,HCP,2024-05-18
|CN|HCPB|UB|mBC|NEU|NEU|Core|BZS,BZS|TXT|National|A:A|1|PH,USD,2,96,17.48,BZS,HCP,2024-05-18
|CN|HCPB|UB|mBC|NEU|NEU|Information|BZS Info,BZS Info|TXT|National|A:A|1|EX,USD,0,15,0.0,BZS,HCP,2024-05-18
|CN|HCPB|UB|mBC|NEU|NEU|Information|BZS Info,BZS Info|TXT|National|A:A|1|EX,USD,0,1,0.0,BZS,HCP,2024-05-18
|CN|HCPB|UB|mBC|NEU|NEU|Information|BZS Info,BZS Info|TXT|National|A:A|1|EX,USD,11,356,37.74,BZS,HCP,2024-05-18
|CN|HCPB|UB|mBC|NEU|NEU|Information|BZS Info,BZS Info|TXT|National|A:A|1|PH,USD,2,39,13.34,BZS,HCP,2024-05-18
|CN|HCPB|UB|mBC|NEU|NEU|Information|BZS Info,BZS Info|TXT|National|A:A|1|PH,USD,0,2,0.0,BZS,HCP,2024-05-18
|CN|HCPB|UB|mBC|NEU|NEU|Information|BZS Info,BZS Info|TXT|National|A:A|1|PH,USD,5,193,12.99,BZS,HCP,2024-05-18
|CN|HCPB|UB|mBC|NEU|NEU|Resources|BZS Resources,BZS Dosing|TXT|National|A:A|1|EX,USD,0,1,0.0,BZS,HCP,2024-05-18
|CN|HCPB|UB|mBC|NEU|NEU|Resources|BZS Resources,BZS Dosing|TXT|National|A:A|1|PH,USD,1,26,6.11,BZS,HCP,2024-05-18
|CN|HCPB|UB|mBC|NEU|NEU|Resources|BZS Resources,BZS MOA|TXT|National|A:A|1|PH,USD,0,4,0.0,BZS,HCP,2024-05-18
|CN|HCPB|UB|mBC|NEU|NEU|Resources|BZS Resources,BZS MOA|TXT|National|A:A|1|PH,USD,0,1,0.0,BZS,HCP,2024-05-18
|CN|HCPB|UB|mBC|NEU|NEU|Resources|BZS Resources,BZS Resources|TXT|National|A:A|1|EX,USD,1,3,10.43,BZS,HCP,2024-05-18
|CN|HCPB|UB|mBC|NEU|NEU|Resources|BZS Resources,BZS Resources|TXT|National|A:A|1|EX,USD,0,10,0.0,BZS,HCP,2024-05-18
|CN|HCPB|UB|mBC|NEU|NEU|Resources|BZS Resources,BZS Resources|TXT|National|A:A|1|PH,USD,1,28,6.12,BZS,HCP,2024-05-18
|CN|HCPB|UB|mBC|NEU|NEU|Resources|BZS Resources,BZS Resources|TXT|National|A:A|1|PH,USD,0,12,0.0,BZS,HCP,2024-05-18
|CN|HCPB|UB|mBC|NEU|NEU|Resources|BZS Resources,BZS Safety|TXT|National|A:A|1|EX,USD,0,13,0.0,BZS,HCP,2024-05-18
|CN|HCPB|UB|mBC|NEU|NEU|Resources|BZS Resources,BZS Safety|TXT|National|A:A|1|PH,USD,0,20,0.0,BZS,HCP,2024-05-18
|CN|HCPB|UB|mBC|NEU|NEU|Resources|BZS Resources,BZS Safety|TXT|National|A:A|1|PH,USD,4,79,18.05,BZS,HCP,2024-05-18
|CN|HCPB|UB|mBC|NEU|NEU|Resources|BZS Resources,BZS Trial|TXT|National|A:A|1|EX,USD,0,4,0.0,BZS,HCP,2024-05-18
|CN|HCPB|UB|mBC|NEU|NEU|Resources|BZS Resources,BZS Trial|TXT|National|A:A|1|EX,USD,0,3,0.0,BZS,HCP,2024-05-18
|CN|HCPB|UB|mBC|NEU|NEU|Resources|BZS Resources,BZS Trial|TXT|National|A:A|1|EX,USD,3,32,16.35,BZS,HCP,2024-05-18
|CN|HCPB|UB|mBC|NEU|NEU|Resources|BZS Resources,BZS Trial|TXT|National|A:A|1|PH,USD,1,148,3.67,BZS,HCP,2024-05-18
|CN|HCPB|UB|mBC|NEU|NEU|Resources|BZS Resources,BZS Trial|TXT|National|A:A|1|PH,USD,5,212,43.95,BZS,HCP,2024-05-18
|CN|HCPB|UB|mBC|NEU|NEU|Resources|BZS Resources,BZS Trial|TXT|National|A:A|1|PH,USD,0,10,0.0,BZS,HCP,2024-05-18
|CN|HCPB|UB|mBC|NEU|NEU|Treatment|BZS Treatment,BZS Treatment|TXT|National|A:A|1|EX,USD,0,1,0.0,BZS,HCP,2024-05-18
|CN|HCPB|UB|mBC|NEU|NEU|Treatment|BZS Treatment,BZS Treatment|TXT|National|A:A|1|EX,USD,0,4,0.0,BZS,HCP,2024-05-18
|CN|HCPB|UB|mBC|NEU|NEU|Treatment|BZS Treatment,BZS Treatment|TXT|National|A:A|1|EX,USD,0,3,0.0,BZS,HCP,2024-05-18
|CN|HCPB|UB|mBC|NEU|NEU|Treatment|BZS Treatment,BZS Treatment|TXT|National|A:A|1|PH,USD,64,686,728.57,BZS,HCP,2024-05-18
|CN|HCPB|UB|mBC|NEU|NEU|Treatment|BZS Treatment,BZS Treatment|TXT|National|A:A|1|PH,USD,1,7,10.76,BZS,HCP,2024-05-18
|CN|HCPB|UB|mBC|NEU|NEU|Treatment|BZS Treatment,BZS Treatment|TXT|National|A:A|1|PH,USD,7,102,50.11,BZS,HCP,2024-05-18
|CN|HCPB|UB|mBC|NEU|NEU|Treatment|Treatment,Diagnosis|TXT|National|A:A|1|EX,USD,1,40,9.99,BZS,HCP,2024-05-18
|CN|HCPB|UB|mBC|NEU|NEU|Treatment|Treatment,Diagnosis|TXT|National|A:A|1|PH,USD,1,42,9.37,BZS,HCP,2024-05-18
|CN|HCPB|UB|mBC|NEU|NEU|Treatment|Treatment,Treatment Efficacy|TXT|National|A:A|1|PH,USD,0,61,0.0,BZS,HCP,2024-05-18
|CN|HCPB|UB|mBC|NEU|NEU|Treatment|Treatment Priority,Treatment|TXT|National|A:A|1|EX,USD,1,4,7.07,BZS,HCP,2024-05-18
|CN|HCPB|UB|mBC|NEU|NEU|Treatment|Treatment Priority,Treatment|TXT|National|A:A|1|PH,USD,3,61,15.03,BZS,HCP,2024-05-18
|CN|HCPB|BR|mBC|NEU|NEU|Competitive|Competitor,Competitors|TXT|National|A:A|1|EX,USD,21,379,167.65,BZS,HCP,2024-05-19
|CN|HCPB|BR|mBC|NEU|NEU|Competitive|Competitor,Competitors|TXT|National|A:A|1|PH,USD,13,560,108.77,BZS,HCP,2024-05-19
|CN|HCPB|BR|mBC|NEU|NEU|Competitive|Competitor,Competitor|TXT|National|A:A|1|EX,USD,1,67,10.72,BZS,HCP,2024-05-19
|CN|HCPB|BR|mBC|NEU|NEU|Competitive|Competitor,Competitor|TXT|National|A:A|1|PH,USD,1,191,11.73,BZS,HCP,2024-05-19
|CN|HCPB|BR|mBC|NEU|NEU|Condition|BZS,BZS|TXT|National|A:A|1|EX,USD,0,30,0.0,BZS,HCP,2024-05-19
|CN|HCPB|BR|mBC|NEU|NEU|Condition|BZS,BZS|TXT|National|A:A|1|PH,USD,13,151,116.71,BZS,HCP,2024-05-19
|CN|HCPB|BR|mBC|NEU|NEU|Condition|BZS,Destiny|TXT|National|A:A|1|EX,USD,1,11,10.07,BZS,HCP,2024-05-19
|CN|HCPB|BR|mBC|NEU|NEU|Condition|BZS,Destiny|TXT|National|A:A|1|PH,USD,0,24,0.0,BZS,HCP,2024-05-19
|CN|HCPB|BR|mBC|NEU|NEU|Core|Alone,Alone|TXT|National|A:A|1|EX,USD,35,533,198.68,BZS,HCP,2024-05-19
|CN|HCPB|BR|mBC|NEU|NEU|Core|Alone,Alone|TXT|National|A:A|1|PH,USD,29,385,248.99,BZS,HCP,2024-05-19
|CN|HCPB|BR|mBC|NEU|NEU|Core|Branded,Brand Alone|TXT|National|A:A|1|EX,USD,4,33,31.95,BZS,HCP,2024-05-19
|CN|HCPB|BR|mBC|NEU|NEU|Core|Branded,Brand Alone|TXT|National|A:A|1|PH,USD,1,43,11.35,BZS,HCP,2024-05-19
|CN|HCPB|BR|mBC|NEU|NEU|Information|Info,Dosing|TXT|National|A:A|1|EX,USD,0,9,0.0,BZS,HCP,2024-05-19
|CN|HCPB|BR|mBC|NEU|NEU|Information|Info,Info|TXT|National|A:A|1|EX,USD,11,68,52.72,BZS,HCP,2024-05-19
|CN|HCPB|BR|mBC|NEU|NEU|Information|Info,Info|TXT|National|A:A|1|PH,USD,0,1,0.0,BZS,HCP,2024-05-19
|CN|HCPB|BR|mBC|NEU|NEU|Information|Info,MOA|TXT|National|A:A|1|EX,USD,3,10,23.79,BZS,HCP,2024-05-19
|CN|HCPB|BR|mBC|NEU|NEU|Information|Info,Resources|TXT|National|A:A|1|EX,USD,1,10,4.0,BZS,HCP,2024-05-19
|CN|HCPB|BR|mBC|NEU|NEU|Information|Info,Safety|TXT|National|A:A|1|EX,USD,2,11,27.38,BZS,HCP,2024-05-19
|CN|HCPB|BR|mBC|NEU|NEU|Information|Info,Study|TXT|National|A:A|1|EX,USD,2,6,14.24,BZS,HCP,2024-05-19
|CN|HCPB|BR|mBC|NEU|NEU|Information|Info,Study|TXT|National|A:A|1|PH,USD,9,155,113.24,BZS,HCP,2024-05-19
|CN|HCPB|BR|mBC|NEU|NEU|Information|Info,Treatment|TXT|National|A:A|1|EX,USD,1,35,13.86,BZS,HCP,2024-05-19
|CN|HCPB|BR|mBC|NEU|NEU|Information|Info,Treatment|TXT|National|A:A|1|PH,USD,1,63,14.88,BZS,HCP,2024-05-19
|CN|HCPB|UB|mBC|NEU|NEU|Condition|BZS Condition,BZS Condition|TXT|National|A:A|1|EX,USD,9,234,61.56,BZS,HCP,2024-05-19
|CN|HCPB|UB|mBC|NEU|NEU|Condition|BZS Condition,BZS Condition|TXT|National|A:A|1|EX,USD,6,259,72.94,BZS,HCP,2024-05-19
|CN|HCPB|UB|mBC|NEU|NEU|Condition|BZS Condition,BZS Condition|TXT|National|A:A|1|PH,USD,4,148,10.36,BZS,HCP,2024-05-19
|CN|HCPB|UB|mBC|NEU|NEU|Condition|BZS Condition,BZS Condition|TXT|National|A:A|1|PH,USD,3,393,24.03,BZS,HCP,2024-05-19
|CN|HCPB|UB|mBC|NEU|NEU|Condition|BZS ITT Condition,BZS Condition|TXT|National|A:A|1|PH,USD,0,20,0.0,BZS,HCP,2024-05-19
|CN|HCPB|UB|mBC|NEU|NEU|Condition|BZS ITT Condition,ITT Condition|TXT|National|A:A|1|EX,USD,1,34,3.04,BZS,HCP,2024-05-19
|CN|HCPB|UB|mBC|NEU|NEU|Condition|BZS ITT Condition,ITT Condition|TXT|National|A:A|1|PH,USD,3,23,10.12,BZS,HCP,2024-05-19
|CN|HCPB|UB|mBC|NEU|NEU|Condition|Condition,Condition|TXT|National|A:A|1|EX,USD,0,16,0.0,BZS,HCP,2024-05-19
|CN|HCPB|UB|mBC|NEU|NEU|Condition|Condition,Condition|TXT|National|A:A|1|PH,USD,2,56,15.37,BZS,HCP,2024-05-19
|CN|HCPB|UB|mBC|NEU|NEU|Core|BZS,BZS|TXT|National|A:A|1|EX,USD,2,47,17.34,BZS,HCP,2024-05-19
|CN|HCPB|UB|mBC|NEU|NEU|Core|BZS,BZS|TXT|National|A:A|1|PH,USD,4,149,35.21,BZS,HCP,2024-05-19
|CN|HCPB|UB|mBC|NEU|NEU|Information|BZS Info,BZS Info|TXT|National|A:A|1|EX,USD,0,2,0.0,BZS,HCP,2024-05-19
|CN|HCPB|UB|mBC|NEU|NEU|Information|BZS Info,BZS Info|TXT|National|A:A|1|EX,USD,1,23,7.53,BZS,HCP,2024-05-19
|CN|HCPB|UB|mBC|NEU|NEU|Information|BZS Info,BZS Info|TXT|National|A:A|1|EX,USD,9,365,32.51,BZS,HCP,2024-05-19
|CN|HCPB|UB|mBC|NEU|NEU|Information|BZS Info,BZS Info|TXT|National|A:A|1|PH,USD,2,50,7.32,BZS,HCP,2024-05-19
|CN|HCPB|UB|mBC|NEU|NEU|Information|BZS Info,BZS Info|TXT|National|A:A|1|PH,USD,7,146,17.26,BZS,HCP,2024-05-19
|CN|HCPB|UB|mBC|NEU|NEU|Information|BZS Info,BZS Info|TXT|National|A:A|1|PH,USD,0,2,0.0,BZS,HCP,2024-05-19
|CN|HCPB|UB|mBC|NEU|NEU|Resources|BZS Resources,BZS Dosing|TXT|National|A:A|1|PH,USD,1,9,6.9399999999999995,BZS,HCP,2024-05-19
|CN|HCPB|UB|mBC|NEU|NEU|Resources|BZS Resources,BZS MOA|TXT|National|A:A|1|PH,USD,1,4,3.41,BZS,HCP,2024-05-19
|CN|HCPB|UB|mBC|NEU|NEU|Resources|BZS Resources,BZS MOA|TXT|National|A:A|1|PH,USD,2,1,18.26,BZS,HCP,2024-05-19
|CN|HCPB|UB|mBC|NEU|NEU|Resources|BZS Resources,BZS Resources|TXT|National|A:A|1|EX,USD,0,9,0.0,BZS,HCP,2024-05-19
|CN|HCPB|UB|mBC|NEU|NEU|Resources|BZS Resources,BZS Resources|TXT|National|A:A|1|EX,USD,0,2,0.0,BZS,HCP,2024-05-19
|CN|HCPB|UB|mBC|NEU|NEU|Resources|BZS Resources,BZS Resources|TXT|National|A:A|1|PH,USD,1,12,7.3,BZS,HCP,2024-05-19
|CN|HCPB|UB|mBC|NEU|NEU|Resources|BZS Resources,BZS Resources|TXT|National|A:A|1|PH,USD,4,17,15.32,BZS,HCP,2024-05-19
|CN|HCPB|UB|mBC|NEU|NEU|Resources|BZS Resources,BZS Safety|TXT|National|A:A|1|EX,USD,1,12,6.09,BZS,HCP,2024-05-19
|CN|HCPB|UB|mBC|NEU|NEU|Resources|BZS Resources,BZS Safety|TXT|National|A:A|1|PH,USD,0,11,0.0,BZS,HCP,2024-05-19
|CN|HCPB|UB|mBC|NEU|NEU|Resources|BZS Resources,BZS Safety|TXT|National|A:A|1|PH,USD,1,37,2.61,BZS,HCP,2024-05-19
|CN|HCPB|UB|mBC|NEU|NEU|Resources|BZS Resources,BZS Trial|TXT|National|A:A|1|EX,USD,0,19,0.0,BZS,HCP,2024-05-19
|CN|HCPB|UB|mBC|NEU|NEU|Resources|BZS Resources,BZS Trial|TXT|National|A:A|1|EX,USD,1,6,7.53,BZS,HCP,2024-05-19
|CN|HCPB|UB|mBC|NEU|NEU|Resources|BZS Resources,BZS Trial|TXT|National|A:A|1|EX,USD,0,1,0.0,BZS,HCP,2024-05-19
|CN|HCPB|UB|mBC|NEU|NEU|Resources|BZS Resources,BZS Trial|TXT|National|A:A|1|PH,USD,6,119,19.91,BZS,HCP,2024-05-19
|CN|HCPB|UB|mBC|NEU|NEU|Resources|BZS Resources,BZS Trial|TXT|National|A:A|1|PH,USD,4,137,31.73,BZS,HCP,2024-05-19
|CN|HCPB|UB|mBC|NEU|NEU|Resources|BZS Resources,BZS Trial|TXT|National|A:A|1|PH,USD,1,9,6.99,BZS,HCP,2024-05-19
|CN|HCPB|UB|mBC|NEU|NEU|Treatment|BZS Treatment,BZS Treatment|TXT|National|A:A|1|EX,USD,0,9,0.0,BZS,HCP,2024-05-19
|CN|HCPB|UB|mBC|NEU|NEU|Treatment|BZS Treatment,BZS Treatment|TXT|National|A:A|1|EX,USD,0,1,0.0,BZS,HCP,2024-05-19
|CN|HCPB|UB|mBC|NEU|NEU|Treatment|BZS Treatment,BZS Treatment|TXT|National|A:A|1|EX,USD,0,2,0.0,BZS,HCP,2024-05-19
|CN|HCPB|UB|mBC|NEU|NEU|Treatment|BZS Treatment,BZS Treatment|TXT|National|A:A|1|PH,USD,0,17,0.0,BZS,HCP,2024-05-19
|CN|HCPB|UB|mBC|NEU|NEU|Treatment|BZS Treatment,BZS Treatment|TXT|National|A:A|1|PH,USD,8,43,54.44,BZS,HCP,2024-05-19
|CN|HCPB|UB|mBC|NEU|NEU|Treatment|BZS Treatment,BZS Treatment|TXT|National|A:A|1|PH,USD,68,732,762.2,BZS,HCP,2024-05-19
|CN|HCPB|UB|mBC|NEU|NEU|Treatment|Treatment,Diagnosis|TXT|National|A:A|1|EX,USD,3,28,20.44,BZS,HCP,2024-05-19
|CN|HCPB|UB|mBC|NEU|NEU|Treatment|Treatment,Diagnosis|TXT|National|A:A|1|PH,USD,0,15,0.0,BZS,HCP,2024-05-19
|CN|HCPB|UB|mBC|NEU|NEU|Treatment|Treatment,Treatment Efficacy|TXT|National|A:A|1|PH,USD,0,26,0.0,BZS,HCP,2024-05-19
|CN|HCPB|UB|mBC|NEU|NEU|Treatment|Treatment Priority,Treatment|TXT|National|A:A|1|EX,USD,0,4,0.0,BZS,HCP,2024-05-19
|CN|HCPB|UB|mBC|NEU|NEU|Treatment|Treatment Priority,Treatment|TXT|National|A:A|1|PH,USD,3,117,21.63,BZS,HCP,2024-05-19
|CN|HCPB|BR|mBC|NEU|NEU|Competitive|Competitor,Competitors|TXT|National|A:A|1|EX,USD,12,471,84.88,BZS,HCP,2024-05-20
|CN|HCPB|BR|mBC|NEU|NEU|Competitive|Competitor,Competitors|TXT|National|A:A|1|PH,USD,27,591,224.84,BZS,HCP,2024-05-20
|CN|HCPB|BR|mBC|NEU|NEU|Competitive|Competitor,Competitor|TXT|National|A:A|1|EX,USD,6,90,40.64,BZS,HCP,2024-05-20
|CN|HCPB|BR|mBC|NEU|NEU|Competitive|Competitor,Competitor|TXT|National|A:A|1|PH,USD,9,220,92.48,BZS,HCP,2024-05-20
|CN|HCPB|BR|mBC|NEU|NEU|Condition|BZS,BZS|TXT|National|A:A|1|EX,USD,2,42,27.06,BZS,HCP,2024-05-20
|CN|HCPB|BR|mBC|NEU|NEU|Condition|BZS,BZS|TXT|National|A:A|1|PH,USD,18,167,166.5,BZS,HCP,2024-05-20
|CN|HCPB|BR|mBC|NEU|NEU|Condition|BZS,Destiny|TXT|National|A:A|1|EX,USD,2,13,20.08,BZS,HCP,2024-05-20
|CN|HCPB|BR|mBC|NEU|NEU|Condition|BZS,Destiny|TXT|National|A:A|1|PH,USD,3,35,39.39,BZS,HCP,2024-05-20
|CN|HCPB|BR|mBC|NEU|NEU|Core|Alone,Alone|TXT|National|A:A|1|EX,USD,76,807,447.95,BZS,HCP,2024-05-20
|CN|HCPB|BR|mBC|NEU|NEU|Core|Alone,Alone|TXT|National|A:A|1|PH,USD,31,502,278.83,BZS,HCP,2024-05-20
|CN|HCPB|BR|mBC|NEU|NEU|Core|Branded,Brand Alone|TXT|National|A:A|1|EX,USD,7,64,64.49,BZS,HCP,2024-05-20
|CN|HCPB|BR|mBC|NEU|NEU|Core|Branded,Brand Alone|TXT|National|A:A|1|PH,USD,5,69,50.32,BZS,HCP,2024-05-20
|CN|HCPB|BR|mBC|NEU|NEU|Information|Info,Dosing|TXT|National|A:A|1|EX,USD,1,10,4.01,BZS,HCP,2024-05-20
|CN|HCPB|BR|mBC|NEU|NEU|Information|Info,Info|TXT|National|A:A|1|EX,USD,13,89,59.32,BZS,HCP,2024-05-20
|CN|HCPB|BR|mBC|NEU|NEU|Information|Info,Info|TXT|National|A:A|1|PH,USD,0,1,0.0,BZS,HCP,2024-05-20
|CN|HCPB|BR|mBC|NEU|NEU|Information|Info,MOA|TXT|National|A:A|1|EX,USD,5,16,31.08,BZS,HCP,2024-05-20
|CN|HCPB|BR|mBC|NEU|NEU|Information|Info,Resources|TXT|National|A:A|1|EX,USD,0,9,0.0,BZS,HCP,2024-05-20
|CN|HCPB|BR|mBC|NEU|NEU|Information|Info,Resources|TXT|National|A:A|1|PH,USD,0,1,0.0,BZS,HCP,2024-05-20
|CN|HCPB|BR|mBC|NEU|NEU|Information|Info,Safety|TXT|National|A:A|1|EX,USD,0,16,0.0,BZS,HCP,2024-05-20
|CN|HCPB|BR|mBC|NEU|NEU|Information|Info,Study|TXT|National|A:A|1|EX,USD,1,24,11.6,BZS,HCP,2024-05-20
|CN|HCPB|BR|mBC|NEU|NEU|Information|Info,Study|TXT|National|A:A|1|PH,USD,13,209,168.01,BZS,HCP,2024-05-20
|CN|HCPB|BR|mBC|NEU|NEU|Information|Info,Treatment|TXT|National|A:A|1|EX,USD,3,46,35.72,BZS,HCP,2024-05-20
|CN|HCPB|BR|mBC|NEU|NEU|Information|Info,Treatment|TXT|National|A:A|1|PH,USD,5,111,64.09,BZS,HCP,2024-05-20
|CN|HCPB|UB|mBC|NEU|NEU|Condition|BZS Condition,BZS Condition|TXT|National|A:A|1|EX,USD,4,98,29.37,BZS,HCP,2024-05-20
|CN|HCPB|UB|mBC|NEU|NEU|Condition|BZS Condition,BZS Condition|TXT|National|A:A|1|EX,USD,4,260,54.03,BZS,HCP,2024-05-20
|CN|HCPB|UB|mBC|NEU|NEU|Condition|BZS Condition,BZS Condition|TXT|National|A:A|1|PH,USD,6,414,48.75,BZS,HCP,2024-05-20
|CN|HCPB|UB|mBC|NEU|NEU|Condition|BZS Condition,BZS Condition|TXT|National|A:A|1|PH,USD,0,36,0.0,BZS,HCP,2024-05-20
|CN|HCPB|UB|mBC|NEU|NEU|Condition|BZS ITT Condition,BZS Condition|TXT|National|A:A|1|EX,USD,0,23,0.0,BZS,HCP,2024-05-20
|CN|HCPB|UB|mBC|NEU|NEU|Condition|BZS ITT Condition,BZS Condition|TXT|National|A:A|1|PH,USD,3,237,13.99,BZS,HCP,2024-05-20
|CN|HCPB|UB|mBC|NEU|NEU|Condition|BZS ITT Condition,ITT Condition|TXT|National|A:A|1|EX,USD,2,250,6.21,BZS,HCP,2024-05-20
|CN|HCPB|UB|mBC|NEU|NEU|Condition|BZS ITT Condition,ITT Condition|TXT|National|A:A|1|PH,USD,5,210,14.19,BZS,HCP,2024-05-20
|CN|HCPB|UB|mBC|NEU|NEU|Condition|Condition,Condition|TXT|National|A:A|1|EX,USD,1,16,8.73,BZS,HCP,2024-05-20
|CN|HCPB|UB|mBC|NEU|NEU|Condition|Condition,Condition|TXT|National|A:A|1|PH,USD,2,50,10.52,BZS,HCP,2024-05-20
|CN|HCPB|UB|mBC|NEU|NEU|Core|BZS,BZS|TXT|National|A:A|1|EX,USD,0,16,0.0,BZS,HCP,2024-05-20
|CN|HCPB|UB|mBC|NEU|NEU|Core|BZS,BZS|TXT|National|A:A|1|PH,USD,6,64,52.63,BZS,HCP,2024-05-20
|CN|HCPB|UB|mBC|NEU|NEU|Information|BZS Info,BZS Info|TXT|National|A:A|1|EX,USD,0,32,0.0,BZS,HCP,2024-05-20
|CN|HCPB|UB|mBC|NEU|NEU|Information|BZS Info,BZS Info|TXT|National|A:A|1|EX,USD,2,86,7.59,BZS,HCP,2024-05-20
|CN|HCPB|UB|mBC|NEU|NEU|Information|BZS Info,BZS Info|TXT|National|A:A|1|EX,USD,0,1,0.0,BZS,HCP,2024-05-20
|CN|HCPB|UB|mBC|NEU|NEU|Information|BZS Info,BZS Info|TXT|National|A:A|1|PH,USD,2,39,5.54,BZS,HCP,2024-05-20
|CN|HCPB|UB|mBC|NEU|NEU|Information|BZS Info,BZS Info|TXT|National|A:A|1|PH,USD,2,46,10.25,BZS,HCP,2024-05-20
|CN|HCPB|UB|mBC|NEU|NEU|Information|BZS Info,BZS Info|TXT|National|A:A|1|PH,USD,1,1,6.27,BZS,HCP,2024-05-20
|CN|HCPB|UB|mBC|NEU|NEU|Resources|BZS Resources,BZS Dosing|TXT|National|A:A|1|EX,USD,1,2,7.6,BZS,HCP,2024-05-20
|CN|HCPB|UB|mBC|NEU|NEU|Resources|BZS Resources,BZS Dosing|TXT|National|A:A|1|PH,USD,1,9,5.89,BZS,HCP,2024-05-20
|CN|HCPB|UB|mBC|NEU|NEU|Resources|BZS Resources,BZS Dosing|TXT|National|A:A|1|PH,USD,1,3,5.42,BZS,HCP,2024-05-20
|CN|HCPB|UB|mBC|NEU|NEU|Resources|BZS Resources,BZS MOA|TXT|National|A:A|1|PH,USD,0,0,0.0,BZS,HCP,2024-05-20
|CN|HCPB|UB|mBC|NEU|NEU|Resources|BZS Resources,BZS MOA|TXT|National|A:A|1|PH,USD,1,5,6.85,BZS,HCP,2024-05-20
|CN|HCPB|UB|mBC|NEU|NEU|Resources|BZS Resources,BZS Resources|TXT|National|A:A|1|EX,USD,0,3,0.0,BZS,HCP,2024-05-20
|CN|HCPB|UB|mBC|NEU|NEU|Resources|BZS Resources,BZS Resources|TXT|National|A:A|1|EX,USD,1,5,7.48,BZS,HCP,2024-05-20
|CN|HCPB|UB|mBC|NEU|NEU|Resources|BZS Resources,BZS Resources|TXT|National|A:A|1|PH,USD,2,8,9.82,BZS,HCP,2024-05-20
|CN|HCPB|UB|mBC|NEU|NEU|Resources|BZS Resources,BZS Resources|TXT|National|A:A|1|PH,USD,1,43,7.28,BZS,HCP,2024-05-20
|CN|HCPB|UB|mBC|NEU|NEU|Resources|BZS Resources,BZS Safety|TXT|National|A:A|1|EX,USD,0,3,0.0,BZS,HCP,2024-05-20
|CN|HCPB|UB|mBC|NEU|NEU|Resources|BZS Resources,BZS Safety|TXT|National|A:A|1|PH,USD,3,63,18.05,BZS,HCP,2024-05-20
|CN|HCPB|UB|mBC|NEU|NEU|Resources|BZS Resources,BZS Safety|TXT|National|A:A|1|PH,USD,0,9,0.0,BZS,HCP,2024-05-20
|CN|HCPB|UB|mBC|NEU|NEU|Resources|BZS Resources,BZS Trial|TXT|National|A:A|1|EX,USD,1,4,6.72,BZS,HCP,2024-05-20
|CN|HCPB|UB|mBC|NEU|NEU|Resources|BZS Resources,BZS Trial|TXT|National|A:A|1|EX,USD,0,13,0.0,BZS,HCP,2024-05-20
|CN|HCPB|UB|mBC|NEU|NEU|Resources|BZS Resources,BZS Trial|TXT|National|A:A|1|EX,USD,3,26,22.99,BZS,HCP,2024-05-20
|CN|HCPB|UB|mBC|NEU|NEU|Resources|BZS Resources,BZS Trial|TXT|National|A:A|1|PH,USD,0,7,0.0,BZS,HCP,2024-05-20
|CN|HCPB|UB|mBC|NEU|NEU|Resources|BZS Resources,BZS Trial|TXT|National|A:A|1|PH,USD,13,421,105.17,BZS,HCP,2024-05-20
|CN|HCPB|UB|mBC|NEU|NEU|Resources|BZS Resources,BZS Trial|TXT|National|A:A|1|PH,USD,0,39,0.0,BZS,HCP,2024-05-20
|CN|HCPB|UB|mBC|NEU|NEU|Treatment|BZS Treatment,BZS Treatment|TXT|National|A:A|1|EX,USD,1,20,9.11,BZS,HCP,2024-05-20
|CN|HCPB|UB|mBC|NEU|NEU|Treatment|BZS Treatment,BZS Treatment|TXT|National|A:A|1|EX,USD,1,8,6.18,BZS,HCP,2024-05-20
|CN|HCPB|UB|mBC|NEU|NEU|Treatment|BZS Treatment,BZS Treatment|TXT|National|A:A|1|EX,USD,0,3,0.0,BZS,HCP,2024-05-20
|CN|HCPB|UB|mBC|NEU|NEU|Treatment|BZS Treatment,BZS Treatment|TXT|National|A:A|1|PH,USD,26,393,161.9,BZS,HCP,2024-05-20
|CN|HCPB|UB|mBC|NEU|NEU|Treatment|BZS Treatment,BZS Treatment|TXT|National|A:A|1|PH,USD,51,600,565.45,BZS,HCP,2024-05-20
|CN|HCPB|UB|mBC|NEU|NEU|Treatment|BZS Treatment,BZS Treatment|TXT|National|A:A|1|PH,USD,0,16,0.0,BZS,HCP,2024-05-20
|CN|HCPB|UB|mBC|NEU|NEU|Treatment|Treatment,Diagnosis|TXT|National|A:A|1|EX,USD,1,27,7.8,BZS,HCP,2024-05-20
|CN|HCPB|UB|mBC|NEU|NEU|Treatment|Treatment,Diagnosis|TXT|National|A:A|1|PH,USD,0,19,0.0,BZS,HCP,2024-05-20
|CN|HCPB|UB|mBC|NEU|NEU|Treatment|Treatment,Treatment Efficacy|TXT|National|A:A|1|PH,USD,1,35,10.78,BZS,HCP,2024-05-20
|CN|HCPB|UB|mBC|NEU|NEU|Treatment|Treatment Priority,Treatment|TXT|National|A:A|1|EX,USD,0,23,0.0,BZS,HCP,2024-05-20
|CN|HCPB|UB|mBC|NEU|NEU|Treatment|Treatment Priority,Treatment|TXT|National|A:A|1|PH,USD,3,185,19.23,BZS,HCP,2024-05-20
|CN|HCPB|BR|mBC|NEU|NEU|Competitive|Competitor,Competitors|TXT|National|A:A|1|EX,USD,15,360,119.89,BZS,HCP,2024-05-21
|CN|HCPB|BR|mBC|NEU|NEU|Competitive|Competitor,Competitors|TXT|National|A:A|1|PH,USD,21,567,159.72,BZS,HCP,2024-05-21
|CN|HCPB|BR|mBC|NEU|NEU|Competitive|Competitor,Competitor|TXT|National|A:A|1|EX,USD,3,77,13.76,BZS,HCP,2024-05-21
|CN|HCPB|BR|mBC|NEU|NEU|Competitive|Competitor,Competitor|TXT|National|A:A|1|PH,USD,4,226,39.61,BZS,HCP,2024-05-21
|CN|HCPB|BR|mBC|NEU|NEU|Condition|BZS,BZS|TXT|National|A:A|1|EX,USD,3,41,38.45,BZS,HCP,2024-05-21
|CN|HCPB|BR|mBC|NEU|NEU|Condition|BZS,BZS|TXT|National|A:A|1|PH,USD,22,187,210.71,BZS,HCP,2024-05-21
|CN|HCPB|BR|mBC|NEU|NEU|Condition|BZS,Destiny|TXT|National|A:A|1|EX,USD,1,20,10.18,BZS,HCP,2024-05-21
|CN|HCPB|BR|mBC|NEU|NEU|Condition|BZS,Destiny|TXT|National|A:A|1|PH,USD,0,30,0.0,BZS,HCP,2024-05-21
|CN|HCPB|BR|mBC|NEU|NEU|Core|Alone,Alone|TXT|National|A:A|1|EX,USD,61,754,339.55,BZS,HCP,2024-05-21
|CN|HCPB|BR|mBC|NEU|NEU|Core|Alone,Alone|TXT|National|A:A|1|PH,USD,35,504,311.88,BZS,HCP,2024-05-21
|CN|HCPB|BR|mBC|NEU|NEU|Core|Branded,Brand Alone|TXT|National|A:A|1|EX,USD,5,57,37.38,BZS,HCP,2024-05-21
|CN|HCPB|BR|mBC|NEU|NEU|Core|Branded,Brand Alone|TXT|National|A:A|1|PH,USD,4,64,49.12,BZS,HCP,2024-05-21
|CN|HCPB|BR|mBC|NEU|NEU|Information|Info,Dosing|TXT|National|A:A|1|EX,USD,0,8,0.0,BZS,HCP,2024-05-21
|CN|HCPB|BR|mBC|NEU|NEU|Information|Info,Info|TXT|National|A:A|1|EX,USD,15,92,49.22,BZS,HCP,2024-05-21
|CN|HCPB|BR|mBC|NEU|NEU|Information|Info,Info|TXT|National|A:A|1|PH,USD,0,1,0.0,BZS,HCP,2024-05-21
|CN|HCPB|BR|mBC|NEU|NEU|Information|Info,MOA|TXT|National|A:A|1|EX,USD,4,14,29.98,BZS,HCP,2024-05-21
|CN|HCPB|BR|mBC|NEU|NEU|Information|Info,Resources|TXT|National|A:A|1|EX,USD,2,12,8.27,BZS,HCP,2024-05-21
|CN|HCPB|BR|mBC|NEU|NEU|Information|Info,Safety|TXT|National|A:A|1|EX,USD,2,23,27.44,BZS,HCP,2024-05-21
|CN|HCPB|BR|mBC|NEU|NEU|Information|Info,Study|TXT|National|A:A|1|EX,USD,1,15,11.63,BZS,HCP,2024-05-21
|CN|HCPB|BR|mBC|NEU|NEU|Information|Info,Study|TXT|National|A:A|1|PH,USD,17,227,218.08,BZS,HCP,2024-05-21
|CN|HCPB|BR|mBC|NEU|NEU|Information|Info,Treatment|TXT|National|A:A|1|EX,USD,8,58,103.02,BZS,HCP,2024-05-21
|CN|HCPB|BR|mBC|NEU|NEU|Information|Info,Treatment|TXT|National|A:A|1|PH,USD,7,102,84.72,BZS,HCP,2024-05-21
|CN|HCPB|UB|mBC|NEU|NEU|Condition|BZS Condition,BZS Condition|TXT|National|A:A|1|EX,USD,2,26,8.19,BZS,HCP,2024-05-21
|CN|HCPB|UB|mBC|NEU|NEU|Condition|BZS Condition,BZS Condition|TXT|National|A:A|1|EX,USD,9,270,100.54,BZS,HCP,2024-05-21
|CN|HCPB|UB|mBC|NEU|NEU|Condition|BZS Condition,BZS Condition|TXT|National|A:A|1|PH,USD,2,5,4.37,BZS,HCP,2024-05-21
|CN|HCPB|UB|mBC|NEU|NEU|Condition|BZS Condition,BZS Condition|TXT|National|A:A|1|PH,USD,20,358,161.3,BZS,HCP,2024-05-21
|CN|HCPB|UB|mBC|NEU|NEU|Condition|BZS ITT Condition,BZS Condition|TXT|National|A:A|1|EX,USD,0,12,0.0,BZS,HCP,2024-05-21
|CN|HCPB|UB|mBC|NEU|NEU|Condition|BZS ITT Condition,BZS Condition|TXT|National|A:A|1|PH,USD,3,237,23.37,BZS,HCP,2024-05-21
|CN|HCPB|UB|mBC|NEU|NEU|Condition|BZS ITT Condition,ITT Condition|TXT|National|A:A|1|EX,USD,2,221,5.51,BZS,HCP,2024-05-21
|CN|HCPB|UB|mBC|NEU|NEU|Condition|BZS ITT Condition,ITT Condition|TXT|National|A:A|1|PH,USD,12,265,35.26,BZS,HCP,2024-05-21
|CN|HCPB|UB|mBC|NEU|NEU|Condition|Condition,Condition|TXT|National|A:A|1|EX,USD,1,13,7.3,BZS,HCP,2024-05-21
|CN|HCPB|UB|mBC|NEU|NEU|Condition|Condition,Condition|TXT|National|A:A|1|PH,USD,2,58,10.88,BZS,HCP,2024-05-21
|CN|HCPB|UB|mBC|NEU|NEU|Core|BZS,BZS|TXT|National|A:A|1|EX,USD,0,61,0.0,BZS,HCP,2024-05-21
|CN|HCPB|UB|mBC|NEU|NEU|Core|BZS,BZS|TXT|National|A:A|1|PH,USD,6,342,52.64,BZS,HCP,2024-05-21
|CN|HCPB|UB|mBC|NEU|NEU|Information|BZS Info,BZS Info|TXT|National|A:A|1|EX,USD,2,14,7.59,BZS,HCP,2024-05-21
|CN|HCPB|UB|mBC|NEU|NEU|Information|BZS Info,BZS Info|TXT|National|A:A|1|EX,USD,0,0,0.0,BZS,HCP,2024-05-21
|CN|HCPB|UB|mBC|NEU|NEU|Information|BZS Info,BZS Info|TXT|National|A:A|1|EX,USD,1,18,3.0,BZS,HCP,2024-05-21
|CN|HCPB|UB|mBC|NEU|NEU|Information|BZS Info,BZS Info|TXT|National|A:A|1|PH,USD,2,31,4.63,BZS,HCP,2024-05-21
|CN|HCPB|UB|mBC|NEU|NEU|Information|BZS Info,BZS Info|TXT|National|A:A|1|PH,USD,2,27,10.9,BZS,HCP,2024-05-21
|CN|HCPB|UB|mBC|NEU|NEU|Resources|BZS Resources,BZS Dosing|TXT|National|A:A|1|PH,USD,0,3,0.0,BZS,HCP,2024-05-21
|CN|HCPB|UB|mBC|NEU|NEU|Resources|BZS Resources,BZS Dosing|TXT|National|A:A|1|PH,USD,0,1,0.0,BZS,HCP,2024-05-21
|CN|HCPB|UB|mBC|NEU|NEU|Resources|BZS Resources,BZS MOA|TXT|National|A:A|1|PH,USD,2,6,6.15,BZS,HCP,2024-05-21
|CN|HCPB|UB|mBC|NEU|NEU|Resources|BZS Resources,BZS MOA|TXT|National|A:A|1|PH,USD,2,9,13.48,BZS,HCP,2024-05-21
|CN|HCPB|UB|mBC|NEU|NEU|Resources|BZS Resources,BZS Resources|TXT|National|A:A|1|EX,USD,0,1,0.0,BZS,HCP,2024-05-21
|CN|HCPB|UB|mBC|NEU|NEU|Resources|BZS Resources,BZS Resources|TXT|National|A:A|1|EX,USD,0,6,0.0,BZS,HCP,2024-05-21
|CN|HCPB|UB|mBC|NEU|NEU|Resources|BZS Resources,BZS Resources|TXT|National|A:A|1|PH,USD,0,1,0.0,BZS,HCP,2024-05-21
|CN|HCPB|UB|mBC|NEU|NEU|Resources|BZS Resources,BZS Resources|TXT|National|A:A|1|PH,USD,0,30,0.0,BZS,HCP,2024-05-21
|CN|HCPB|UB|mBC|NEU|NEU|Resources|BZS Resources,BZS Safety|TXT|National|A:A|1|EX,USD,0,3,0.0,BZS,HCP,2024-05-21
|CN|HCPB|UB|mBC|NEU|NEU|Resources|BZS Resources,BZS Safety|TXT|National|A:A|1|PH,USD,3,34,18.68,BZS,HCP,2024-05-21
|CN|HCPB|UB|mBC|NEU|NEU|Resources|BZS Resources,BZS Safety|TXT|National|A:A|1|PH,USD,0,4,0.0,BZS,HCP,2024-05-21
|CN|HCPB|UB|mBC|NEU|NEU|Resources|BZS Resources,BZS Trial|TXT|National|A:A|1|EX,USD,0,3,0.0,BZS,HCP,2024-05-21
|CN|HCPB|UB|mBC|NEU|NEU|Resources|BZS Resources,BZS Trial|TXT|National|A:A|1|EX,USD,2,11,15.82,BZS,HCP,2024-05-21
|CN|HCPB|UB|mBC|NEU|NEU|Resources|BZS Resources,BZS Trial|TXT|National|A:A|1|EX,USD,1,9,3.83,BZS,HCP,2024-05-21
|CN|HCPB|UB|mBC|NEU|NEU|Resources|BZS Resources,BZS Trial|TXT|National|A:A|1|PH,USD,1,18,2.36,BZS,HCP,2024-05-21
|CN|HCPB|UB|mBC|NEU|NEU|Resources|BZS Resources,BZS Trial|TXT|National|A:A|1|PH,USD,0,11,0.0,BZS,HCP,2024-05-21
|CN|HCPB|UB|mBC|NEU|NEU|Resources|BZS Resources,BZS Trial|TXT|National|A:A|1|PH,USD,16,335,119.07,BZS,HCP,2024-05-21
|CN|HCPB|UB|mBC|NEU|NEU|Treatment|BZS Treatment,BZS Treatment|TXT|National|A:A|1|EX,USD,0,0,0.0,BZS,HCP,2024-05-21
|CN|HCPB|UB|mBC|NEU|NEU|Treatment|BZS Treatment,BZS Treatment|TXT|National|A:A|1|EX,USD,0,14,0.0,BZS,HCP,2024-05-21
|CN|HCPB|UB|mBC|NEU|NEU|Treatment|BZS Treatment,BZS Treatment|TXT|National|A:A|1|EX,USD,0,6,0.0,BZS,HCP,2024-05-21
|CN|HCPB|UB|mBC|NEU|NEU|Treatment|BZS Treatment,BZS Treatment|TXT|National|A:A|1|PH,USD,27,302,175.93,BZS,HCP,2024-05-21
|CN|HCPB|UB|mBC|NEU|NEU|Treatment|BZS Treatment,BZS Treatment|TXT|National|A:A|1|PH,USD,3,10,23.73,BZS,HCP,2024-05-21
|CN|HCPB|UB|mBC|NEU|NEU|Treatment|BZS Treatment,BZS Treatment|TXT|National|A:A|1|PH,USD,54,576,554.78,BZS,HCP,2024-05-21
|CN|HCPB|UB|mBC|NEU|NEU|Treatment|Treatment,Diagnosis|TXT|National|A:A|1|EX,USD,1,8,7.0,BZS,HCP,2024-05-21
|CN|HCPB|UB|mBC|NEU|NEU|Treatment|Treatment,Diagnosis|TXT|National|A:A|1|PH,USD,1,8,5.83,BZS,HCP,2024-05-21
|CN|HCPB|UB|mBC|NEU|NEU|Treatment|Treatment,Treatment Efficacy|TXT|National|A:A|1|PH,USD,1,10,9.12,BZS,HCP,2024-05-21
|CN|HCPB|UB|mBC|NEU|NEU|Treatment|Treatment Priority,Treatment|TXT|National|A:A|1|EX,USD,1,11,7.48,BZS,HCP,2024-05-21
|CN|HCPB|UB|mBC|NEU|NEU|Treatment|Treatment Priority,Treatment|TXT|National|A:A|1|PH,USD,2,49,11.16,BZS,HCP,2024-05-21
|CN|HCPB|BR|mBC|NEU|NEU|Competitive|Competitor,Competitors|TXT|National|A:A|1|EX,USD,20,463,146.47,BZS,HCP,2024-05-22
|CN|HCPB|BR|mBC|NEU|NEU|Competitive|Competitor,Competitors|TXT|National|A:A|1|PH,USD,17,535,133.3,BZS,HCP,2024-05-22
|CN|HCPB|BR|mBC|NEU|NEU|Competitive|Competitor,Competitor|TXT|National|A:A|1|EX,USD,3,51,18.61,BZS,HCP,2024-05-22
|CN|HCPB|BR|mBC|NEU|NEU|Competitive|Competitor,Competitor|TXT|National|A:A|1|PH,USD,4,222,38.46,BZS,HCP,2024-05-22
|CN|HCPB|BR|mBC|NEU|NEU|Condition|BZS,BZS|TXT|National|A:A|1|EX,USD,3,46,41.89,BZS,HCP,2024-05-22
|CN|HCPB|BR|mBC|NEU|NEU|Condition|BZS,BZS|TXT|National|A:A|1|PH,USD,9,162,85.21,BZS,HCP,2024-05-22
|CN|HCPB|BR|mBC|NEU|NEU|Condition|BZS,Destiny|TXT|National|A:A|1|EX,USD,2,23,21.98,BZS,HCP,2024-05-22
|CN|HCPB|BR|mBC|NEU|NEU|Condition|BZS,Destiny|TXT|National|A:A|1|PH,USD,0,22,0.0,BZS,HCP,2024-05-22
|CN|HCPB|BR|mBC|NEU|NEU|Core|Alone,Alone|TXT|National|A:A|1|EX,USD,52,676,278.79,BZS,HCP,2024-05-22
|CN|HCPB|BR|mBC|NEU|NEU|Core|Alone,Alone|TXT|National|A:A|1|PH,USD,26,524,242.5,BZS,HCP,2024-05-22
|CN|HCPB|BR|mBC|NEU|NEU|Core|Branded,Brand Alone|TXT|National|A:A|1|EX,USD,3,37,23.33,BZS,HCP,2024-05-22
|CN|HCPB|BR|mBC|NEU|NEU|Core|Branded,Brand Alone|TXT|National|A:A|1|PH,USD,3,56,30.93,BZS,HCP,2024-05-22
|CN|HCPB|BR|mBC|NEU|NEU|Information|Info,Dosing|TXT|National|A:A|1|EX,USD,0,12,0.0,BZS,HCP,2024-05-22
|CN|HCPB|BR|mBC|NEU|NEU|Information|Info,Info|TXT|National|A:A|1|EX,USD,11,75,42.05,BZS,HCP,2024-05-22
|CN|HCPB|BR|mBC|NEU|NEU|Information|Info,Info|TXT|National|A:A|1|PH,USD,0,2,0.0,BZS,HCP,2024-05-22
|CN|HCPB|BR|mBC|NEU|NEU|Information|Info,MOA|TXT|National|A:A|1|EX,USD,3,12,24.19,BZS,HCP,2024-05-22
|CN|HCPB|BR|mBC|NEU|NEU|Information|Info,Resources|TXT|National|A:A|1|EX,USD,0,9,0.0,BZS,HCP,2024-05-22
|CN|HCPB|BR|mBC|NEU|NEU|Information|Info,Resources|TXT|National|A:A|1|PH,USD,0,1,0.0,BZS,HCP,2024-05-22
|CN|HCPB|BR|mBC|NEU|NEU|Information|Info,Safety|TXT|National|A:A|1|EX,USD,5,27,63.89,BZS,HCP,2024-05-22
|CN|HCPB|BR|mBC|NEU|NEU|Information|Info,Safety|TXT|National|A:A|1|PH,USD,0,1,0.0,BZS,HCP,2024-05-22
|CN|HCPB|BR|mBC|NEU|NEU|Information|Info,Study|TXT|National|A:A|1|EX,USD,0,15,0.0,BZS,HCP,2024-05-22
|CN|HCPB|BR|mBC|NEU|NEU|Information|Info,Study|TXT|National|A:A|1|PH,USD,20,231,248.74,BZS,HCP,2024-05-22
|CN|HCPB|BR|mBC|NEU|NEU|Information|Info,Treatment|TXT|National|A:A|1|EX,USD,5,38,64.76,BZS,HCP,2024-05-22
|CN|HCPB|BR|mBC|NEU|NEU|Information|Info,Treatment|TXT|National|A:A|1|PH,USD,9,112,113.96,BZS,HCP,2024-05-22
|CN|HCPB|UB|mBC|NEU|NEU|Condition|BZS Condition,BZS Condition|TXT|National|A:A|1|EX,USD,5,242,56.37,BZS,HCP,2024-05-22
|CN|HCPB|UB|mBC|NEU|NEU|Condition|BZS Condition,BZS Condition|TXT|National|A:A|1|EX,USD,2,99,9.78,BZS,HCP,2024-05-22
|CN|HCPB|UB|mBC|NEU|NEU|Condition|BZS Condition,BZS Condition|TXT|National|A:A|1|PH,USD,6,322,52.06,BZS,HCP,2024-05-22
|CN|HCPB|UB|mBC|NEU|NEU|Condition|BZS Condition,BZS Condition|TXT|National|A:A|1|PH,USD,0,29,0.0,BZS,HCP,2024-05-22
|CN|HCPB|UB|mBC|NEU|NEU|Condition|BZS ITT Condition,BZS Condition|TXT|National|A:A|1|EX,USD,0,12,0.0,BZS,HCP,2024-05-22
|CN|HCPB|UB|mBC|NEU|NEU|Condition|BZS ITT Condition,BZS Condition|TXT|National|A:A|1|PH,USD,5,119,30.33,BZS,HCP,2024-05-22
|CN|HCPB|UB|mBC|NEU|NEU|Condition|BZS ITT Condition,ITT Condition|TXT|National|A:A|1|EX,USD,4,157,11.77,BZS,HCP,2024-05-22
|CN|HCPB|UB|mBC|NEU|NEU|Condition|BZS ITT Condition,ITT Condition|TXT|National|A:A|1|PH,USD,3,107,9.68,BZS,HCP,2024-05-22
|CN|HCPB|UB|mBC|NEU|NEU|Condition|Condition,Condition|TXT|National|A:A|1|EX,USD,1,3,6.44,BZS,HCP,2024-05-22
|CN|HCPB|UB|mBC|NEU|NEU|Condition|Condition,Condition|TXT|National|A:A|1|PH,USD,2,24,15.13,BZS,HCP,2024-05-22
|CN|HCPB|UB|mBC|NEU|NEU|Core|BZS,BZS|TXT|National|A:A|1|EX,USD,0,37,0.0,BZS,HCP,2024-05-22
|CN|HCPB|UB|mBC|NEU|NEU|Core|BZS,BZS|TXT|National|A:A|1|PH,USD,6,181,53.05,BZS,HCP,2024-05-22
|CN|HCPB|UB|mBC|NEU|NEU|Information|BZS Info,BZS Info|TXT|National|A:A|1|EX,USD,0,27,0.0,BZS,HCP,2024-05-22
|CN|HCPB|UB|mBC|NEU|NEU|Information|BZS Info,BZS Info|TXT|National|A:A|1|EX,USD,0,88,0.0,BZS,HCP,2024-05-22
|CN|HCPB|UB|mBC|NEU|NEU|Information|BZS Info,BZS Info|TXT|National|A:A|1|PH,USD,5,146,11.6,BZS,HCP,2024-05-22
|CN|HCPB|UB|mBC|NEU|NEU|Information|BZS Info,BZS Info|TXT|National|A:A|1|PH,USD,2,50,11.34,BZS,HCP,2024-05-22
|CN|HCPB|UB|mBC|NEU|NEU|Resources|BZS Resources,BZS Dosing|TXT|National|A:A|1|PH,USD,2,4,11.59,BZS,HCP,2024-05-22
|CN|HCPB|UB|mBC|NEU|NEU|Resources|BZS Resources,BZS MOA|TXT|National|A:A|1|PH,USD,0,1,0.0,BZS,HCP,2024-05-22
|CN|HCPB|UB|mBC|NEU|NEU|Resources|BZS Resources,BZS MOA|TXT|National|A:A|1|PH,USD,0,4,0.0,BZS,HCP,2024-05-22
|CN|HCPB|UB|mBC|NEU|NEU|Resources|BZS Resources,BZS Resources|TXT|National|A:A|1|EX,USD,0,1,0.0,BZS,HCP,2024-05-22
|CN|HCPB|UB|mBC|NEU|NEU|Resources|BZS Resources,BZS Resources|TXT|National|A:A|1|EX,USD,0,2,0.0,BZS,HCP,2024-05-22
|CN|HCPB|UB|mBC|NEU|NEU|Resources|BZS Resources,BZS Resources|TXT|National|A:A|1|PH,USD,0,4,0.0,BZS,HCP,2024-05-22
|CN|HCPB|UB|mBC|NEU|NEU|Resources|BZS Resources,BZS Resources|TXT|National|A:A|1|PH,USD,2,31,13.16,BZS,HCP,2024-05-22
|CN|HCPB|UB|mBC|NEU|NEU|Resources|BZS Resources,BZS Safety|TXT|National|A:A|1|EX,USD,0,5,0.0,BZS,HCP,2024-05-22
|CN|HCPB|UB|mBC|NEU|NEU|Resources|BZS Resources,BZS Safety|TXT|National|A:A|1|PH,USD,0,9,0.0,BZS,HCP,2024-05-22
|CN|HCPB|UB|mBC|NEU|NEU|Resources|BZS Resources,BZS Safety|TXT|National|A:A|1|PH,USD,3,36,18.1,BZS,HCP,2024-05-22
|CN|HCPB|UB|mBC|NEU|NEU|Resources|BZS Resources,BZS Trial|TXT|National|A:A|1|EX,USD,0,12,0.0,BZS,HCP,2024-05-22
|CN|HCPB|UB|mBC|NEU|NEU|Resources|BZS Resources,BZS Trial|TXT|National|A:A|1|EX,USD,1,10,6.86,BZS,HCP,2024-05-22
|CN|HCPB|UB|mBC|NEU|NEU|Resources|BZS Resources,BZS Trial|TXT|National|A:A|1|PH,USD,0,20,0.0,BZS,HCP,2024-05-22
|CN|HCPB|UB|mBC|NEU|NEU|Resources|BZS Resources,BZS Trial|TXT|National|A:A|1|PH,USD,16,386,127.58,BZS,HCP,2024-05-22
|CN|HCPB|UB|mBC|NEU|NEU|Resources|BZS Resources,BZS Trial|TXT|National|A:A|1|PH,USD,0,5,0.0,BZS,HCP,2024-05-22
|CN|HCPB|UB|mBC|NEU|NEU|Treatment|BZS Treatment,BZS Treatment|TXT|National|A:A|1|EX,USD,0,6,0.0,BZS,HCP,2024-05-22
|CN|HCPB|UB|mBC|NEU|NEU|Treatment|BZS Treatment,BZS Treatment|TXT|National|A:A|1|EX,USD,1,10,7.62,BZS,HCP,2024-05-22
|CN|HCPB|UB|mBC|NEU|NEU|Treatment|BZS Treatment,BZS Treatment|TXT|National|A:A|1|EX,USD,0,0,0.0,BZS,HCP,2024-05-22
|CN|HCPB|UB|mBC|NEU|NEU|Treatment|BZS Treatment,BZS Treatment|TXT|National|A:A|1|PH,USD,25,324,160.88,BZS,HCP,2024-05-22
|CN|HCPB|UB|mBC|NEU|NEU|Treatment|BZS Treatment,BZS Treatment|TXT|National|A:A|1|PH,USD,52,814,526.14,BZS,HCP,2024-05-22
|CN|HCPB|UB|mBC|NEU|NEU|Treatment|BZS Treatment,BZS Treatment|TXT|National|A:A|1|PH,USD,0,10,0.0,BZS,HCP,2024-05-22
|CN|HCPB|UB|mBC|NEU|NEU|Treatment|Treatment,Diagnosis|TXT|National|A:A|1|EX,USD,0,29,0.0,BZS,HCP,2024-05-22
|CN|HCPB|UB|mBC|NEU|NEU|Treatment|Treatment,Diagnosis|TXT|National|A:A|1|PH,USD,1,30,9.65,BZS,HCP,2024-05-22
|CN|HCPB|UB|mBC|NEU|NEU|Treatment|Treatment,Treatment Efficacy|TXT|National|A:A|1|EX,USD,1,1,8.19,BZS,HCP,2024-05-22
|CN|HCPB|UB|mBC|NEU|NEU|Treatment|Treatment,Treatment Efficacy|TXT|National|A:A|1|PH,USD,0,32,0.0,BZS,HCP,2024-05-22
|CN|HCPB|UB|mBC|NEU|NEU|Treatment|Treatment Priority,Treatment|TXT|National|A:A|1|EX,USD,0,0,0.0,BZS,HCP,2024-05-22
|CN|HCPB|UB|mBC|NEU|NEU|Treatment|Treatment Priority,Treatment|TXT|National|A:A|1|PH,USD,3,19,21.14,BZS,HCP,2024-05-22
|CN|HCPB|BR|mBC|NEU|NEU|Competitive|Competitor,Competitors|TXT|National|A:A|1|EX,USD,15,398,121.72,BZS,HCP,2024-05-23
|CN|HCPB|BR|mBC|NEU|NEU|Competitive|Competitor,Competitors|TXT|National|A:A|1|PH,USD,11,445,95.57,BZS,HCP,2024-05-23
|CN|HCPB|BR|mBC|NEU|NEU|Competitive|Competitor,Competitor|TXT|National|A:A|1|EX,USD,2,50,11.05,BZS,HCP,2024-05-23
|CN|HCPB|BR|mBC|NEU|NEU|Competitive|Competitor,Competitor|TXT|National|A:A|1|PH,USD,6,172,55.69,BZS,HCP,2024-05-23
|CN|HCPB|BR|mBC|NEU|NEU|Condition|BZS,BZS|TXT|National|A:A|1|EX,USD,3,26,38.17,BZS,HCP,2024-05-23
|CN|HCPB|BR|mBC|NEU|NEU|Condition|BZS,BZS|TXT|National|A:A|1|PH,USD,20,153,194.15,BZS,HCP,2024-05-23
|CN|HCPB|BR|mBC|NEU|NEU|Condition|BZS,Destiny|TXT|National|A:A|1|EX,USD,3,19,32.21,BZS,HCP,2024-05-23
|CN|HCPB|BR|mBC|NEU|NEU|Condition|BZS,Destiny|TXT|National|A:A|1|PH,USD,0,31,0.0,BZS,HCP,2024-05-23
|CN|HCPB|BR|mBC|NEU|NEU|Core|Alone,Alone|TXT|National|A:A|1|EX,USD,56,641,310.79,BZS,HCP,2024-05-23
|CN|HCPB|BR|mBC|NEU|NEU|Core|Alone,Alone|TXT|National|A:A|1|PH,USD,27,420,230.95,BZS,HCP,2024-05-23
|CN|HCPB|BR|mBC|NEU|NEU|Core|Branded,Brand Alone|TXT|National|A:A|1|EX,USD,4,41,28.8,BZS,HCP,2024-05-23
|CN|HCPB|BR|mBC|NEU|NEU|Core|Branded,Brand Alone|TXT|National|A:A|1|PH,USD,8,51,101.21,BZS,HCP,2024-05-23
|CN|HCPB|BR|mBC|NEU|NEU|Information|Info,Dosing|TXT|National|A:A|1|EX,USD,1,12,3.88,BZS,HCP,2024-05-23
|CN|HCPB|BR|mBC|NEU|NEU|Information|Info,Info|TXT|National|A:A|1|EX,USD,9,70,37.38,BZS,HCP,2024-05-23
|CN|HCPB|BR|mBC|NEU|NEU|Information|Info,Info|TXT|National|A:A|1|PH,USD,0,1,0.0,BZS,HCP,2024-05-23
|CN|HCPB|BR|mBC|NEU|NEU|Information|Info,MOA|TXT|National|A:A|1|EX,USD,2,8,10.85,BZS,HCP,2024-05-23
|CN|HCPB|BR|mBC|NEU|NEU|Information|Info,Resources|TXT|National|A:A|1|EX,USD,0,12,0.0,BZS,HCP,2024-05-23
|CN|HCPB|BR|mBC|NEU|NEU|Information|Info,Resources|TXT|National|A:A|1|PH,USD,1,1,4.23,BZS,HCP,2024-05-23
|CN|HCPB|BR|mBC|NEU|NEU|Information|Info,Safety|TXT|National|A:A|1|EX,USD,0,13,0.0,BZS,HCP,2024-05-23
|CN|HCPB|BR|mBC|NEU|NEU|Information|Info,Safety|TXT|National|A:A|1|PH,USD,0,1,0.0,BZS,HCP,2024-05-23
|CN|HCPB|BR|mBC|NEU|NEU|Information|Info,Study|TXT|National|A:A|1|EX,USD,2,11,15.29,BZS,HCP,2024-05-23
|CN|HCPB|BR|mBC|NEU|NEU|Information|Info,Study|TXT|National|A:A|1|PH,USD,12,197,145.47,BZS,HCP,2024-05-23
|CN|HCPB|BR|mBC|NEU|NEU|Information|Info,Treatment|TXT|National|A:A|1|EX,USD,3,51,36.61,BZS,HCP,2024-05-23
|CN|HCPB|BR|mBC|NEU|NEU|Information|Info,Treatment|TXT|National|A:A|1|PH,USD,3,81,38.95,BZS,HCP,2024-05-23
|CN|HCPB|UB|mBC|NEU|NEU|Condition|BZS Condition,BZS Condition|TXT|National|A:A|1|EX,USD,8,236,90.78,BZS,HCP,2024-05-23
|CN|HCPB|UB|mBC|NEU|NEU|Condition|BZS Condition,BZS Condition|TXT|National|A:A|1|EX,USD,3,66,11.69,BZS,HCP,2024-05-23
|CN|HCPB|UB|mBC|NEU|NEU|Condition|BZS Condition,BZS Condition|TXT|National|A:A|1|PH,USD,7,268,58.9,BZS,HCP,2024-05-23
|CN|HCPB|UB|mBC|NEU|NEU|Condition|BZS Condition,BZS Condition|TXT|National|A:A|1|PH,USD,0,4,0.0,BZS,HCP,2024-05-23
|CN|HCPB|UB|mBC|NEU|NEU|Condition|BZS ITT Condition,BZS Condition|TXT|National|A:A|1|EX,USD,0,7,0.0,BZS,HCP,2024-05-23
|CN|HCPB|UB|mBC|NEU|NEU|Condition|BZS ITT Condition,BZS Condition|TXT|National|A:A|1|PH,USD,4,116,38.1,BZS,HCP,2024-05-23
|CN|HCPB|UB|mBC|NEU|NEU|Condition|BZS ITT Condition,ITT Condition|TXT|National|A:A|1|EX,USD,4,79,13.61,BZS,HCP,2024-05-23
|CN|HCPB|UB|mBC|NEU|NEU|Condition|BZS ITT Condition,ITT Condition|TXT|National|A:A|1|PH,USD,3,99,8.95,BZS,HCP,2024-05-23
|CN|HCPB|UB|mBC|NEU|NEU|Condition|Condition,Condition|TXT|National|A:A|1|EX,USD,1,33,8.37,BZS,HCP,2024-05-23
|CN|HCPB|UB|mBC|NEU|NEU|Condition|Condition,Condition|TXT|National|A:A|1|PH,USD,2,75,11.34,BZS,HCP,2024-05-23
|CN|HCPB|UB|mBC|NEU|NEU|Core|BZS,BZS|TXT|National|A:A|1|EX,USD,0,56,0.0,BZS,HCP,2024-05-23
|CN|HCPB|UB|mBC|NEU|NEU|Core|BZS,BZS|TXT|National|A:A|1|PH,USD,8,262,71.11,BZS,HCP,2024-05-23
|CN|HCPB|UB|mBC|NEU|NEU|Information|BZS Info,BZS Info|TXT|National|A:A|1|EX,USD,0,1,0.0,BZS,HCP,2024-05-23
|CN|HCPB|UB|mBC|NEU|NEU|Information|BZS Info,BZS Info|TXT|National|A:A|1|EX,USD,2,49,10.35,BZS,HCP,2024-05-23
|CN|HCPB|UB|mBC|NEU|NEU|Information|BZS Info,BZS Info|TXT|National|A:A|1|EX,USD,1,61,3.55,BZS,HCP,2024-05-23
|CN|HCPB|UB|mBC|NEU|NEU|Information|BZS Info,BZS Info|TXT|National|A:A|1|PH,USD,0,38,0.0,BZS,HCP,2024-05-23
|CN|HCPB|UB|mBC|NEU|NEU|Information|BZS Info,BZS Info|TXT|National|A:A|1|PH,USD,1,132,2.17,BZS,HCP,2024-05-23
|CN|HCPB|UB|mBC|NEU|NEU|Resources|BZS Resources,BZS Dosing|TXT|National|A:A|1|PH,USD,0,2,0.0,BZS,HCP,2024-05-23
|CN|HCPB|UB|mBC|NEU|NEU|Resources|BZS Resources,BZS Dosing|TXT|National|A:A|1|PH,USD,0,2,0.0,BZS,HCP,2024-05-23
|CN|HCPB|UB|mBC|NEU|NEU|Resources|BZS Resources,BZS MOA|TXT|National|A:A|1|PH,USD,0,1,0.0,BZS,HCP,2024-05-23
|CN|HCPB|UB|mBC|NEU|NEU|Resources|BZS Resources,BZS MOA|TXT|National|A:A|1|PH,USD,2,18,14.98,BZS,HCP,2024-05-23
|CN|HCPB|UB|mBC|NEU|NEU|Resources|BZS Resources,BZS Resources|TXT|National|A:A|1|EX,USD,0,8,0.0,BZS,HCP,2024-05-23
|CN|HCPB|UB|mBC|NEU|NEU|Resources|BZS Resources,BZS Resources|TXT|National|A:A|1|PH,USD,2,44,12.8,BZS,HCP,2024-05-23
|CN|HCPB|UB|mBC|NEU|NEU|Resources|BZS Resources,BZS Resources|TXT|National|A:A|1|PH,USD,0,1,0.0,BZS,HCP,2024-05-23
|CN|HCPB|UB|mBC|NEU|NEU|Resources|BZS Resources,BZS Safety|TXT|National|A:A|1|EX,USD,0,0,0.0,BZS,HCP,2024-05-23
|CN|HCPB|UB|mBC|NEU|NEU|Resources|BZS Resources,BZS Safety|TXT|National|A:A|1|EX,USD,0,4,0.0,BZS,HCP,2024-05-23
|CN|HCPB|UB|mBC|NEU|NEU|Resources|BZS Resources,BZS Safety|TXT|National|A:A|1|PH,USD,0,66,0.0,BZS,HCP,2024-05-23
|CN|HCPB|UB|mBC|NEU|NEU|Resources|BZS Resources,BZS Safety|TXT|National|A:A|1|PH,USD,0,7,0.0,BZS,HCP,2024-05-23
|CN|HCPB|UB|mBC|NEU|NEU|Resources|BZS Resources,BZS Trial|TXT|National|A:A|1|EX,USD,1,11,8.01,BZS,HCP,2024-05-23
|CN|HCPB|UB|mBC|NEU|NEU|Resources|BZS Resources,BZS Trial|TXT|National|A:A|1|EX,USD,0,1,0.0,BZS,HCP,2024-05-23
|CN|HCPB|UB|mBC|NEU|NEU|Resources|BZS Resources,BZS Trial|TXT|National|A:A|1|EX,USD,1,10,7.6,BZS,HCP,2024-05-23
|CN|HCPB|UB|mBC|NEU|NEU|Resources|BZS Resources,BZS Trial|TXT|National|A:A|1|PH,USD,0,2,0.0,BZS,HCP,2024-05-23
|CN|HCPB|UB|mBC|NEU|NEU|Resources|BZS Resources,BZS Trial|TXT|National|A:A|1|PH,USD,0,17,0.0,BZS,HCP,2024-05-23
|CN|HCPB|UB|mBC|NEU|NEU|Resources|BZS Resources,BZS Trial|TXT|National|A:A|1|PH,USD,16,798,111.84,BZS,HCP,2024-05-23
|CN|HCPB|UB|mBC|NEU|NEU|Treatment|BZS Treatment,BZS Treatment|TXT|National|A:A|1|EX,USD,0,11,0.0,BZS,HCP,2024-05-23
|CN|HCPB|UB|mBC|NEU|NEU|Treatment|BZS Treatment,BZS Treatment|TXT|National|A:A|1|EX,USD,0,0,0.0,BZS,HCP,2024-05-23
|CN|HCPB|UB|mBC|NEU|NEU|Treatment|BZS Treatment,BZS Treatment|TXT|National|A:A|1|EX,USD,0,4,0.0,BZS,HCP,2024-05-23
|CN|HCPB|UB|mBC|NEU|NEU|Treatment|BZS Treatment,BZS Treatment|TXT|National|A:A|1|PH,USD,0,7,0.0,BZS,HCP,2024-05-23
|CN|HCPB|UB|mBC|NEU|NEU|Treatment|BZS Treatment,BZS Treatment|TXT|National|A:A|1|PH,USD,24,456,151.13,BZS,HCP,2024-05-23
|CN|HCPB|UB|mBC|NEU|NEU|Treatment|BZS Treatment,BZS Treatment|TXT|National|A:A|1|PH,USD,51,652,518.51,BZS,HCP,2024-05-23
|CN|HCPB|UB|mBC|NEU|NEU|Treatment|Treatment,Diagnosis|TXT|National|A:A|1|EX,USD,1,9,6.7,BZS,HCP,2024-05-23
|CN|HCPB|UB|mBC|NEU|NEU|Treatment|Treatment,Diagnosis|TXT|National|A:A|1|PH,USD,0,9,0.0,BZS,HCP,2024-05-23
|CN|HCPB|UB|mBC|NEU|NEU|Treatment|Treatment,Treatment Efficacy|TXT|National|A:A|1|PH,USD,1,9,8.29,BZS,HCP,2024-05-23
|CN|HCPB|UB|mBC|NEU|NEU|Treatment|Treatment Priority,Treatment|TXT|National|A:A|1|EX,USD,1,11,8.35,BZS,HCP,2024-05-23
|CN|HCPB|UB|mBC|NEU|NEU|Treatment|Treatment Priority,Treatment|TXT|National|A:A|1|PH,USD,2,84,12.22,BZS,HCP,2024-05-23
|CN|HCPB|BR|mBC|NEU|NEU|Competitive|Competitor,Competitors|TXT|National|A:A|1|EX,USD,8,222,70.51,BZS,HCP,2024-05-24
|CN|HCPB|BR|mBC|NEU|NEU|Competitive|Competitor,Competitors|TXT|National|A:A|1|PH,USD,7,295,55.8,BZS,HCP,2024-05-24
|CN|HCPB|BR|mBC|NEU|NEU|Competitive|Competitor,Competitor|TXT|National|A:A|1|EX,USD,4,19,23.16,BZS,HCP,2024-05-24
|CN|HCPB|BR|mBC|NEU|NEU|Competitive|Competitor,Competitor|TXT|National|A:A|1|PH,USD,1,126,10.19,BZS,HCP,2024-05-24
|CN|HCPB|BR|mBC|NEU|NEU|Condition|BZS,BZS|TXT|National|A:A|1|EX,USD,1,14,12.05,BZS,HCP,2024-05-24
|CN|HCPB|BR|mBC|NEU|NEU|Condition|BZS,BZS|TXT|National|A:A|1|PH,USD,7,76,69.15,BZS,HCP,2024-05-24
|CN|HCPB|BR|mBC|NEU|NEU|Condition|BZS,Destiny|TXT|National|A:A|1|EX,USD,1,5,9.71,BZS,HCP,2024-05-24
|CN|HCPB|BR|mBC|NEU|NEU|Condition|BZS,Destiny|TXT|National|A:A|1|PH,USD,0,15,0.0,BZS,HCP,2024-05-24
|CN|HCPB|BR|mBC|NEU|NEU|Core|Alone,Alone|TXT|National|A:A|1|EX,USD,22,224,133.69,BZS,HCP,2024-05-24
|CN|HCPB|BR|mBC|NEU|NEU|Core|Alone,Alone|TXT|National|A:A|1|PH,USD,15,187,130.13,BZS,HCP,2024-05-24
|CN|HCPB|BR|mBC|NEU|NEU|Core|Branded,Brand Alone|TXT|National|A:A|1|EX,USD,3,19,25.95,BZS,HCP,2024-05-24
|CN|HCPB|BR|mBC|NEU|NEU|Core|Branded,Brand Alone|TXT|National|A:A|1|PH,USD,2,46,25.66,BZS,HCP,2024-05-24
|CN|HCPB|BR|mBC|NEU|NEU|Information|Info,Dosing|TXT|National|A:A|1|EX,USD,1,2,4.76,BZS,HCP,2024-05-24
|CN|HCPB|BR|mBC|NEU|NEU|Information|Info,Info|TXT|National|A:A|1|EX,USD,0,15,0.0,BZS,HCP,2024-05-24
|CN|HCPB|BR|mBC|NEU|NEU|Information|Info,MOA|TXT|National|A:A|1|EX,USD,1,4,4.6899999999999995,BZS,HCP,2024-05-24
|CN|HCPB|BR|mBC|NEU|NEU|Information|Info,MOA|TXT|National|A:A|1|PH,USD,0,1,0.0,BZS,HCP,2024-05-24
|CN|HCPB|BR|mBC|NEU|NEU|Information|Info,Resources|TXT|National|A:A|1|EX,USD,0,7,0.0,BZS,HCP,2024-05-24
|CN|HCPB|BR|mBC|NEU|NEU|Information|Info,Safety|TXT|National|A:A|1|EX,USD,1,11,14.37,BZS,HCP,2024-05-24
|CN|HCPB|BR|mBC|NEU|NEU|Information|Info,Study|TXT|National|A:A|1|EX,USD,0,3,0.0,BZS,HCP,2024-05-24
|CN|HCPB|BR|mBC|NEU|NEU|Information|Info,Study|TXT|National|A:A|1|PH,USD,6,105,75.38,BZS,HCP,2024-05-24
|CN|HCPB|BR|mBC|NEU|NEU|Information|Info,Treatment|TXT|National|A:A|1|EX,USD,4,25,49.3,BZS,HCP,2024-05-24
|CN|HCPB|BR|mBC|NEU|NEU|Information|Info,Treatment|TXT|National|A:A|1|PH,USD,3,41,30.22,BZS,HCP,2024-05-24
|CN|HCPB|UB|mBC|NEU|NEU|Condition|BZS Condition,BZS Condition|TXT|National|A:A|1|EX,USD,2,15,8.61,BZS,HCP,2024-05-24
|CN|HCPB|UB|mBC|NEU|NEU|Condition|BZS Condition,BZS Condition|TXT|National|A:A|1|EX,USD,1,161,10.1,BZS,HCP,2024-05-24
|CN|HCPB|UB|mBC|NEU|NEU|Condition|BZS Condition,BZS Condition|TXT|National|A:A|1|PH,USD,4,101,30.72,BZS,HCP,2024-05-24
|CN|HCPB|UB|mBC|NEU|NEU|Condition|BZS Condition,BZS Condition|TXT|National|A:A|1|PH,USD,1,1,2.36,BZS,HCP,2024-05-24
|CN|HCPB|UB|mBC|NEU|NEU|Condition|BZS ITT Condition,BZS Condition|TXT|National|A:A|1|EX,USD,0,7,0.0,BZS,HCP,2024-05-24
|CN|HCPB|UB|mBC|NEU|NEU|Condition|BZS ITT Condition,BZS Condition|TXT|National|A:A|1|PH,USD,3,81,27.92,BZS,HCP,2024-05-24
|CN|HCPB|UB|mBC|NEU|NEU|Condition|BZS ITT Condition,ITT Condition|TXT|National|A:A|1|EX,USD,1,108,3.48,BZS,HCP,2024-05-24
|CN|HCPB|UB|mBC|NEU|NEU|Condition|BZS ITT Condition,ITT Condition|TXT|National|A:A|1|PH,USD,2,78,5.95,BZS,HCP,2024-05-24
|CN|HCPB|UB|mBC|NEU|NEU|Condition|Condition,Condition|TXT|National|A:A|1|EX,USD,0,33,0.0,BZS,HCP,2024-05-24
|CN|HCPB|UB|mBC|NEU|NEU|Condition|Condition,Condition|TXT|National|A:A|1|PH,USD,2,131,17.14,BZS,HCP,2024-05-24
|CN|HCPB|UB|mBC|NEU|NEU|Core|BZS,BZS|TXT|National|A:A|1|EX,USD,1,61,8.61,BZS,HCP,2024-05-24
|CN|HCPB|UB|mBC|NEU|NEU|Core|BZS,BZS|TXT|National|A:A|1|PH,USD,3,300,26.43,BZS,HCP,2024-05-24
|CN|HCPB|UB|mBC|NEU|NEU|Information|BZS Info,BZS Info|TXT|National|A:A|1|EX,USD,1,21,3.67,BZS,HCP,2024-05-24
|CN|HCPB|UB|mBC|NEU|NEU|Information|BZS Info,BZS Info|TXT|National|A:A|1|EX,USD,3,72,11.24,BZS,HCP,2024-05-24
|CN|HCPB|UB|mBC|NEU|NEU|Information|BZS Info,BZS Info|TXT|National|A:A|1|PH,USD,1,37,5.34,BZS,HCP,2024-05-24
|CN|HCPB|UB|mBC|NEU|NEU|Information|BZS Info,BZS Info|TXT|National|A:A|1|PH,USD,1,67,2.16,BZS,HCP,2024-05-24
|CN|HCPB|UB|mBC|NEU|NEU|Resources|BZS Resources,BZS Dosing|TXT|National|A:A|1|EX,USD,0,1,0.0,BZS,HCP,2024-05-24
|CN|HCPB|UB|mBC|NEU|NEU|Resources|BZS Resources,BZS Dosing|TXT|National|A:A|1|PH,USD,0,1,0.0,BZS,HCP,2024-05-24
|CN|HCPB|UB|mBC|NEU|NEU|Resources|BZS Resources,BZS MOA|TXT|National|A:A|1|PH,USD,0,3,0.0,BZS,HCP,2024-05-24
|CN|HCPB|UB|mBC|NEU|NEU|Resources|BZS Resources,BZS Resources|TXT|National|A:A|1|EX,USD,0,2,0.0,BZS,HCP,2024-05-24
|CN|HCPB|UB|mBC|NEU|NEU|Resources|BZS Resources,BZS Resources|TXT|National|A:A|1|EX,USD,0,4,0.0,BZS,HCP,2024-05-24
|CN|HCPB|UB|mBC|NEU|NEU|Resources|BZS Resources,BZS Resources|TXT|National|A:A|1|PH,USD,0,7,0.0,BZS,HCP,2024-05-24
|CN|HCPB|UB|mBC|NEU|NEU|Resources|BZS Resources,BZS Resources|TXT|National|A:A|1|PH,USD,0,19,0.0,BZS,HCP,2024-05-24
|CN|HCPB|UB|mBC|NEU|NEU|Resources|BZS Resources,BZS Safety|TXT|National|A:A|1|EX,USD,0,10,0.0,BZS,HCP,2024-05-24
|CN|HCPB|UB|mBC|NEU|NEU|Resources|BZS Resources,BZS Safety|TXT|National|A:A|1|PH,USD,0,22,0.0,BZS,HCP,2024-05-24
|CN|HCPB|UB|mBC|NEU|NEU|Resources|BZS Resources,BZS Safety|TXT|National|A:A|1|PH,USD,0,26,0.0,BZS,HCP,2024-05-24
|CN|HCPB|UB|mBC|NEU|NEU|Resources|BZS Resources,BZS Trial|TXT|National|A:A|1|EX,USD,0,2,0.0,BZS,HCP,2024-05-24
|CN|HCPB|UB|mBC|NEU|NEU|Resources|BZS Resources,BZS Trial|TXT|National|A:A|1|EX,USD,1,15,2.92,BZS,HCP,2024-05-24
|CN|HCPB|UB|mBC|NEU|NEU|Resources|BZS Resources,BZS Trial|TXT|National|A:A|1|EX,USD,1,6,6.85,BZS,HCP,2024-05-24
|CN|HCPB|UB|mBC|NEU|NEU|Resources|BZS Resources,BZS Trial|TXT|National|A:A|1|PH,USD,2,44,5.27,BZS,HCP,2024-05-24
|CN|HCPB|UB|mBC|NEU|NEU|Resources|BZS Resources,BZS Trial|TXT|National|A:A|1|PH,USD,0,6,0.0,BZS,HCP,2024-05-24
|CN|HCPB|UB|mBC|NEU|NEU|Resources|BZS Resources,BZS Trial|TXT|National|A:A|1|PH,USD,15,377,121.49,BZS,HCP,2024-05-24
|CN|HCPB|UB|mBC|NEU|NEU|Treatment|BZS Treatment,BZS Treatment|TXT|National|A:A|1|EX,USD,0,1,0.0,BZS,HCP,2024-05-24
|CN|HCPB|UB|mBC|NEU|NEU|Treatment|BZS Treatment,BZS Treatment|TXT|National|A:A|1|EX,USD,0,1,0.0,BZS,HCP,2024-05-24
|CN|HCPB|UB|mBC|NEU|NEU|Treatment|BZS Treatment,BZS Treatment|TXT|National|A:A|1|EX,USD,0,5,0.0,BZS,HCP,2024-05-24
|CN|HCPB|UB|mBC|NEU|NEU|Treatment|BZS Treatment,BZS Treatment|TXT|National|A:A|1|PH,USD,1,5,8.2,BZS,HCP,2024-05-24
|CN|HCPB|UB|mBC|NEU|NEU|Treatment|BZS Treatment,BZS Treatment|TXT|National|A:A|1|PH,USD,51,880,530.45,BZS,HCP,2024-05-24
|CN|HCPB|UB|mBC|NEU|NEU|Treatment|BZS Treatment,BZS Treatment|TXT|National|A:A|1|PH,USD,19,421,117.18,BZS,HCP,2024-05-24
|CN|HCPB|UB|mBC|NEU|NEU|Treatment|Treatment,Diagnosis|TXT|National|A:A|1|EX,USD,2,53,13.47,BZS,HCP,2024-05-24
|CN|HCPB|UB|mBC|NEU|NEU|Treatment|Treatment,Diagnosis|TXT|National|A:A|1|PH,USD,1,39,6.6899999999999995,BZS,HCP,2024-05-24
|CN|HCPB|UB|mBC|NEU|NEU|Treatment|Treatment,Treatment Efficacy|TXT|National|A:A|1|EX,USD,0,2,0.0,BZS,HCP,2024-05-24
|CN|HCPB|UB|mBC|NEU|NEU|Treatment|Treatment,Treatment Efficacy|TXT|National|A:A|1|PH,USD,0,65,0.0,BZS,HCP,2024-05-24
|CN|HCPB|UB|mBC|NEU|NEU|Treatment|Treatment Priority,Treatment|TXT|National|A:A|1|EX,USD,0,4,0.0,BZS,HCP,2024-05-24
|CN|HCPB|UB|mBC|NEU|NEU|Treatment|Treatment Priority,Treatment|TXT|National|A:A|1|PH,USD,2,43,15.72,BZS,HCP,2024-05-24
|CN|HCPB|BR|mBC|NEU|NEU|Competitive|Competitor,Competitors|TXT|National|A:A|1|EX,USD,7,209,55.45,BZS,HCP,2024-05-25
|CN|HCPB|BR|mBC|NEU|NEU|Competitive|Competitor,Competitors|TXT|National|A:A|1|PH,USD,12,340,103.83,BZS,HCP,2024-05-25
|CN|HCPB|BR|mBC|NEU|NEU|Competitive|Competitor,Competitor|TXT|National|A:A|1|EX,USD,0,17,0.0,BZS,HCP,2024-05-25
|CN|HCPB|BR|mBC|NEU|NEU|Competitive|Competitor,Competitor|TXT|National|A:A|1|PH,USD,2,96,21.34,BZS,HCP,2024-05-25
|CN|HCPB|BR|mBC|NEU|NEU|Condition|BZS,BZS|TXT|National|A:A|1|EX,USD,1,6,12.55,BZS,HCP,2024-05-25
|CN|HCPB|BR|mBC|NEU|NEU|Condition|BZS,BZS|TXT|National|A:A|1|PH,USD,7,72,62.71,BZS,HCP,2024-05-25
|CN|HCPB|BR|mBC|NEU|NEU|Condition|BZS,Destiny|TXT|National|A:A|1|EX,USD,0,7,0.0,BZS,HCP,2024-05-25
|CN|HCPB|BR|mBC|NEU|NEU|Condition|BZS,Destiny|TXT|National|A:A|1|PH,USD,1,6,12.73,BZS,HCP,2024-05-25
|CN|HCPB|BR|mBC|NEU|NEU|Core|Alone,Alone|TXT|National|A:A|1|EX,USD,13,206,78.69,BZS,HCP,2024-05-25
|CN|HCPB|BR|mBC|NEU|NEU|Core|Alone,Alone|TXT|National|A:A|1|PH,USD,12,184,104.58,BZS,HCP,2024-05-25
|CN|HCPB|BR|mBC|NEU|NEU|Core|Branded,Brand Alone|TXT|National|A:A|1|EX,USD,4,24,34.49,BZS,HCP,2024-05-25
|CN|HCPB|BR|mBC|NEU|NEU|Core|Branded,Brand Alone|TXT|National|A:A|1|PH,USD,1,22,11.54,BZS,HCP,2024-05-25
|CN|HCPB|BR|mBC|NEU|NEU|Information|Info,Dosing|TXT|National|A:A|1|EX,USD,0,2,0.0,BZS,HCP,2024-05-25
|CN|HCPB|BR|mBC|NEU|NEU|Information|Info,Info|TXT|National|A:A|1|EX,USD,3,16,11.74,BZS,HCP,2024-05-25
|CN|HCPB|BR|mBC|NEU|NEU|Information|Info,MOA|TXT|National|A:A|1|EX,USD,1,10,4.04,BZS,HCP,2024-05-25
|CN|HCPB|BR|mBC|NEU|NEU|Information|Info,Resources|TXT|National|A:A|1|EX,USD,1,7,5.03,BZS,HCP,2024-05-25
|CN|HCPB|BR|mBC|NEU|NEU|Information|Info,Resources|TXT|National|A:A|1|PH,USD,0,1,0.0,BZS,HCP,2024-05-25
|CN|HCPB|BR|mBC|NEU|NEU|Information|Info,Safety|TXT|National|A:A|1|EX,USD,3,9,36.66,BZS,HCP,2024-05-25
|CN|HCPB|BR|mBC|NEU|NEU|Information|Info,Study|TXT|National|A:A|1|EX,USD,0,7,0.0,BZS,HCP,2024-05-25
|CN|HCPB|BR|mBC|NEU|NEU|Information|Info,Study|TXT|National|A:A|1|PH,USD,6,85,73.99,BZS,HCP,2024-05-25
|CN|HCPB|BR|mBC|NEU|NEU|Information|Info,Treatment|TXT|National|A:A|1|EX,USD,1,19,11.98,BZS,HCP,2024-05-25
|CN|HCPB|BR|mBC|NEU|NEU|Information|Info,Treatment|TXT|National|A:A|1|PH,USD,3,31,31.32,BZS,HCP,2024-05-25
|CN|HCPB|UB|mBC|NEU|NEU|Condition|BZS Condition,BZS Condition|TXT|National|A:A|1|EX,USD,4,173,43.19,BZS,HCP,2024-05-25
|CN|HCPB|UB|mBC|NEU|NEU|Condition|BZS Condition,BZS Condition|TXT|National|A:A|1|EX,USD,1,11,7.36,BZS,HCP,2024-05-25
|CN|HCPB|UB|mBC|NEU|NEU|Condition|BZS Condition,BZS Condition|TXT|National|A:A|1|PH,USD,0,126,0.0,BZS,HCP,2024-05-25
|CN|HCPB|UB|mBC|NEU|NEU|Condition|BZS Condition,BZS Condition|TXT|National|A:A|1|PH,USD,0,2,0.0,BZS,HCP,2024-05-25
|CN|HCPB|UB|mBC|NEU|NEU|Condition|BZS ITT Condition,BZS Condition|TXT|National|A:A|1|EX,USD,0,3,0.0,BZS,HCP,2024-05-25
|CN|HCPB|UB|mBC|NEU|NEU|Condition|BZS ITT Condition,BZS Condition|TXT|National|A:A|1|PH,USD,6,94,43.94,BZS,HCP,2024-05-25
|CN|HCPB|UB|mBC|NEU|NEU|Condition|BZS ITT Condition,ITT Condition|TXT|National|A:A|1|EX,USD,4,174,13.25,BZS,HCP,2024-05-25
|CN|HCPB|UB|mBC|NEU|NEU|Condition|BZS ITT Condition,ITT Condition|TXT|National|A:A|1|PH,USD,3,141,8.17,BZS,HCP,2024-05-25
|CN|HCPB|UB|mBC|NEU|NEU|Condition|Condition,Condition|TXT|National|A:A|1|EX,USD,0,12,0.0,BZS,HCP,2024-05-25
|CN|HCPB|UB|mBC|NEU|NEU|Condition|Condition,Condition|TXT|National|A:A|1|PH,USD,3,69,19.26,BZS,HCP,2024-05-25
|CN|HCPB|UB|mBC|NEU|NEU|Core|BZS,BZS|TXT|National|A:A|1|EX,USD,0,39,0.0,BZS,HCP,2024-05-25
|CN|HCPB|UB|mBC|NEU|NEU|Core|BZS,BZS|TXT|National|A:A|1|PH,USD,3,219,25.54,BZS,HCP,2024-05-25
|CN|HCPB|UB|mBC|NEU|NEU|Information|BZS Info,BZS Info|TXT|National|A:A|1|EX,USD,3,30,10.76,BZS,HCP,2024-05-25
|CN|HCPB|UB|mBC|NEU|NEU|Information|BZS Info,BZS Info|TXT|National|A:A|1|EX,USD,2,32,7.0,BZS,HCP,2024-05-25
|CN|HCPB|UB|mBC|NEU|NEU|Information|BZS Info,BZS Info|TXT|National|A:A|1|PH,USD,1,33,3.83,BZS,HCP,2024-05-25
|CN|HCPB|UB|mBC|NEU|NEU|Information|BZS Info,BZS Info|TXT|National|A:A|1|PH,USD,0,48,0.0,BZS,HCP,2024-05-25
|CN|HCPB|UB|mBC|NEU|NEU|Resources|BZS Resources,BZS Dosing|TXT|National|A:A|1|EX,USD,0,5,0.0,BZS,HCP,2024-05-25
|CN|HCPB|UB|mBC|NEU|NEU|Resources|BZS Resources,BZS Dosing|TXT|National|A:A|1|PH,USD,0,12,0.0,BZS,HCP,2024-05-25
|CN|HCPB|UB|mBC|NEU|NEU|Resources|BZS Resources,BZS MOA|TXT|National|A:A|1|PH,USD,0,1,0.0,BZS,HCP,2024-05-25
|CN|HCPB|UB|mBC|NEU|NEU|Resources|BZS Resources,BZS MOA|TXT|National|A:A|1|PH,USD,0,7,0.0,BZS,HCP,2024-05-25
|CN|HCPB|UB|mBC|NEU|NEU|Resources|BZS Resources,BZS Resources|TXT|National|A:A|1|EX,USD,1,2,3.33,BZS,HCP,2024-05-25
|CN|HCPB|UB|mBC|NEU|NEU|Resources|BZS Resources,BZS Resources|TXT|National|A:A|1|EX,USD,0,17,0.0,BZS,HCP,2024-05-25
|CN|HCPB|UB|mBC|NEU|NEU|Resources|BZS Resources,BZS Resources|TXT|National|A:A|1|PH,USD,2,32,10.54,BZS,HCP,2024-05-25
|CN|HCPB|UB|mBC|NEU|NEU|Resources|BZS Resources,BZS Resources|TXT|National|A:A|1|PH,USD,0,18,0.0,BZS,HCP,2024-05-25
|CN|HCPB|UB|mBC|NEU|NEU|Resources|BZS Resources,BZS Safety|TXT|National|A:A|1|EX,USD,0,19,0.0,BZS,HCP,2024-05-25
|CN|HCPB|UB|mBC|NEU|NEU|Resources|BZS Resources,BZS Safety|TXT|National|A:A|1|PH,USD,0,50,0.0,BZS,HCP,2024-05-25
|CN|HCPB|UB|mBC|NEU|NEU|Resources|BZS Resources,BZS Safety|TXT|National|A:A|1|PH,USD,0,29,0.0,BZS,HCP,2024-05-25
|CN|HCPB|UB|mBC|NEU|NEU|Resources|BZS Resources,BZS Trial|TXT|National|A:A|1|EX,USD,0,1,0.0,BZS,HCP,2024-05-25
|CN|HCPB|UB|mBC|NEU|NEU|Resources|BZS Resources,BZS Trial|TXT|National|A:A|1|EX,USD,0,34,0.0,BZS,HCP,2024-05-25
|CN|HCPB|UB|mBC|NEU|NEU|Resources|BZS Resources,BZS Trial|TXT|National|A:A|1|EX,USD,0,8,0.0,BZS,HCP,2024-05-25
|CN|HCPB|UB|mBC|NEU|NEU|Resources|BZS Resources,BZS Trial|TXT|National|A:A|1|PH,USD,2,56,6.0,BZS,HCP,2024-05-25
|CN|HCPB|UB|mBC|NEU|NEU|Resources|BZS Resources,BZS Trial|TXT|National|A:A|1|PH,USD,0,2,0.0,BZS,HCP,2024-05-25
|CN|HCPB|UB|mBC|NEU|NEU|Resources|BZS Resources,BZS Trial|TXT|National|A:A|1|PH,USD,22,603,177.88,BZS,HCP,2024-05-25
|CN|HCPB|UB|mBC|NEU|NEU|Treatment|BZS Treatment,BZS Treatment|TXT|National|A:A|1|EX,USD,0,4,0.0,BZS,HCP,2024-05-25
|CN|HCPB|UB|mBC|NEU|NEU|Treatment|BZS Treatment,BZS Treatment|TXT|National|A:A|1|EX,USD,0,12,0.0,BZS,HCP,2024-05-25
|CN|HCPB|UB|mBC|NEU|NEU|Treatment|BZS Treatment,BZS Treatment|TXT|National|A:A|1|PH,USD,47,765,502.98,BZS,HCP,2024-05-25
|CN|HCPB|UB|mBC|NEU|NEU|Treatment|BZS Treatment,BZS Treatment|TXT|National|A:A|1|PH,USD,0,1,0.0,BZS,HCP,2024-05-25
|CN|HCPB|UB|mBC|NEU|NEU|Treatment|BZS Treatment,BZS Treatment|TXT|National|A:A|1|PH,USD,22,666,145.17,BZS,HCP,2024-05-25
|CN|HCPB|UB|mBC|NEU|NEU|Treatment|Treatment,Diagnosis|TXT|National|A:A|1|EX,USD,0,2,0.0,BZS,HCP,2024-05-25
|CN|HCPB|UB|mBC|NEU|NEU|Treatment|Treatment,Diagnosis|TXT|National|A:A|1|PH,USD,0,1,0.0,BZS,HCP,2024-05-25
|CN|HCPB|UB|mBC|NEU|NEU|Treatment|Treatment,Treatment Efficacy|TXT|National|A:A|1|PH,USD,3,7,20.34,BZS,HCP,2024-05-25
|CN|HCPB|UB|mBC|NEU|NEU|Treatment|Treatment Priority,Treatment|TXT|National|A:A|1|EX,USD,0,6,0.0,BZS,HCP,2024-05-25
|CN|HCPB|UB|mBC|NEU|NEU|Treatment|Treatment Priority,Treatment|TXT|National|A:A|1|PH,USD,3,97,19.91,BZS,HCP,2024-05-25
|CN|HCPB|BR|mBC|NEU|NEU|Competitive|Competitor,Competitors|TXT|National|A:A|1|EX,USD,8,481,71.21,BZS,HCP,2024-05-26
|CN|HCPB|BR|mBC|NEU|NEU|Competitive|Competitor,Competitors|TXT|National|A:A|1|PH,USD,19,625,147.99,BZS,HCP,2024-05-26
|CN|HCPB|BR|mBC|NEU|NEU|Competitive|Competitor,Competitor|TXT|National|A:A|1|EX,USD,3,47,18.07,BZS,HCP,2024-05-26
|CN|HCPB|BR|mBC|NEU|NEU|Competitive|Competitor,Competitor|TXT|National|A:A|1|PH,USD,1,186,3.11,BZS,HCP,2024-05-26
|CN|HCPB|BR|mBC|NEU|NEU|Condition|BZS,BZS|TXT|National|A:A|1|EX,USD,2,39,25.08,BZS,HCP,2024-05-26
|CN|HCPB|BR|mBC|NEU|NEU|Condition|BZS,BZS|TXT|National|A:A|1|PH,USD,15,155,128.67,BZS,HCP,2024-05-26
|CN|HCPB|BR|mBC|NEU|NEU|Condition|BZS,Destiny|TXT|National|A:A|1|EX,USD,0,8,0.0,BZS,HCP,2024-05-26
|CN|HCPB|BR|mBC|NEU|NEU|Condition|BZS,Destiny|TXT|National|A:A|1|PH,USD,1,27,15.09,BZS,HCP,2024-05-26
|CN|HCPB|BR|mBC|NEU|NEU|Core|Alone,Alone|TXT|National|A:A|1|EX,USD,60,642,343.06,BZS,HCP,2024-05-26
|CN|HCPB|BR|mBC|NEU|NEU|Core|Alone,Alone|TXT|National|A:A|1|PH,USD,23,478,196.24,BZS,HCP,2024-05-26
|CN|HCPB|BR|mBC|NEU|NEU|Core|Branded,Brand Alone|TXT|National|A:A|1|EX,USD,12,45,96.71,BZS,HCP,2024-05-26
|CN|HCPB|BR|mBC|NEU|NEU|Core|Branded,Brand Alone|TXT|National|A:A|1|PH,USD,8,56,95.12,BZS,HCP,2024-05-26
|CN|HCPB|BR|mBC|NEU|NEU|Information|Info,Dosing|TXT|National|A:A|1|EX,USD,3,9,11.38,BZS,HCP,2024-05-26
|CN|HCPB|BR|mBC|NEU|NEU|Information|Info,Info|TXT|National|A:A|1|EX,USD,11,53,41.35,BZS,HCP,2024-05-26
|CN|HCPB|BR|mBC|NEU|NEU|Information|Info,MOA|TXT|National|A:A|1|EX,USD,3,14,15.29,BZS,HCP,2024-05-26
|CN|HCPB|BR|mBC|NEU|NEU|Information|Info,Resources|TXT|National|A:A|1|EX,USD,0,6,0.0,BZS,HCP,2024-05-26
|CN|HCPB|BR|mBC|NEU|NEU|Information|Info,Safety|TXT|National|A:A|1|EX,USD,1,15,13.88,BZS,HCP,2024-05-26
|CN|HCPB|BR|mBC|NEU|NEU|Information|Info,Study|TXT|National|A:A|1|EX,USD,2,8,22.31,BZS,HCP,2024-05-26
|CN|HCPB|BR|mBC|NEU|NEU|Information|Info,Study|TXT|National|A:A|1|PH,USD,14,205,179.72,BZS,HCP,2024-05-26
|CN|HCPB|BR|mBC|NEU|NEU|Information|Info,Treatment|TXT|National|A:A|1|EX,USD,3,47,35.58,BZS,HCP,2024-05-26
|CN|HCPB|BR|mBC|NEU|NEU|Information|Info,Treatment|TXT|National|A:A|1|PH,USD,1,96,12.73,BZS,HCP,2024-05-26
|CN|HCPB|UB|mBC|NEU|NEU|Condition|BZS Condition,BZS Condition|TXT|National|A:A|1|EX,USD,3,246,37.38,BZS,HCP,2024-05-26
|CN|HCPB|UB|mBC|NEU|NEU|Condition|BZS Condition,BZS Condition|TXT|National|A:A|1|EX,USD,1,57,6.51,BZS,HCP,2024-05-26
|CN|HCPB|UB|mBC|NEU|NEU|Condition|BZS Condition,BZS Condition|TXT|National|A:A|1|PH,USD,3,283,24.24,BZS,HCP,2024-05-26
|CN|HCPB|UB|mBC|NEU|NEU|Condition|BZS Condition,BZS Condition|TXT|National|A:A|1|PH,USD,2,22,4.12,BZS,HCP,2024-05-26
|CN|HCPB|UB|mBC|NEU|NEU|Condition|BZS ITT Condition,BZS Condition|TXT|National|A:A|1|EX,USD,0,5,0.0,BZS,HCP,2024-05-26
|CN|HCPB|UB|mBC|NEU|NEU|Condition|BZS ITT Condition,BZS Condition|TXT|National|A:A|1|PH,USD,3,182,17.02,BZS,HCP,2024-05-26
|CN|HCPB|UB|mBC|NEU|NEU|Condition|BZS ITT Condition,ITT Condition|TXT|National|A:A|1|EX,USD,3,333,10.24,BZS,HCP,2024-05-26
|CN|HCPB|UB|mBC|NEU|NEU|Condition|BZS ITT Condition,ITT Condition|TXT|National|A:A|1|PH,USD,7,182,21.75,BZS,HCP,2024-05-26
|CN|HCPB|UB|mBC|NEU|NEU|Condition|Condition,Condition|TXT|National|A:A|1|EX,USD,0,46,0.0,BZS,HCP,2024-05-26
|CN|HCPB|UB|mBC|NEU|NEU|Condition|Condition,Condition|TXT|National|A:A|1|PH,USD,3,171,19.73,BZS,HCP,2024-05-26
|CN|HCPB|UB|mBC|NEU|NEU|Core|BZS,BZS|TXT|National|A:A|1|EX,USD,1,55,8.86,BZS,HCP,2024-05-26
|CN|HCPB|UB|mBC|NEU|NEU|Core|BZS,BZS|TXT|National|A:A|1|PH,USD,6,294,53.08,BZS,HCP,2024-05-26
|CN|HCPB|UB|mBC|NEU|NEU|Information|BZS Info,BZS Info|TXT|National|A:A|1|EX,USD,0,3,0.0,BZS,HCP,2024-05-26
|CN|HCPB|UB|mBC|NEU|NEU|Information|BZS Info,BZS Info|TXT|National|A:A|1|EX,USD,2,105,6.8100000000000005,BZS,HCP,2024-05-26
|CN|HCPB|UB|mBC|NEU|NEU|Information|BZS Info,BZS Info|TXT|National|A:A|1|EX,USD,1,12,8.16,BZS,HCP,2024-05-26
|CN|HCPB|UB|mBC|NEU|NEU|Information|BZS Info,BZS Info|TXT|National|A:A|1|PH,USD,0,14,0.0,BZS,HCP,2024-05-26
|CN|HCPB|UB|mBC|NEU|NEU|Information|BZS Info,BZS Info|TXT|National|A:A|1|PH,USD,1,128,2.35,BZS,HCP,2024-05-26
|CN|HCPB|UB|mBC|NEU|NEU|Information|BZS Info,BZS Info|TXT|National|A:A|1|PH,USD,0,2,0.0,BZS,HCP,2024-05-26
|CN|HCPB|UB|mBC|NEU|NEU|Resources|BZS Resources,BZS Dosing|TXT|National|A:A|1|EX,USD,0,4,0.0,BZS,HCP,2024-05-26
|CN|HCPB|UB|mBC|NEU|NEU|Resources|BZS Resources,BZS Dosing|TXT|National|A:A|1|PH,USD,0,9,0.0,BZS,HCP,2024-05-26
|CN|HCPB|UB|mBC|NEU|NEU|Resources|BZS Resources,BZS Dosing|TXT|National|A:A|1|PH,USD,1,3,6.28,BZS,HCP,2024-05-26
|CN|HCPB|UB|mBC|NEU|NEU|Resources|BZS Resources,BZS MOA|TXT|National|A:A|1|PH,USD,0,15,0.0,BZS,HCP,2024-05-26
|CN|HCPB|UB|mBC|NEU|NEU|Resources|BZS Resources,BZS MOA|TXT|National|A:A|1|PH,USD,0,4,0.0,BZS,HCP,2024-05-26
|CN|HCPB|UB|mBC|NEU|NEU|Resources|BZS Resources,BZS Resources|TXT|National|A:A|1|EX,USD,0,6,0.0,BZS,HCP,2024-05-26
|CN|HCPB|UB|mBC|NEU|NEU|Resources|BZS Resources,BZS Resources|TXT|National|A:A|1|EX,USD,0,3,0.0,BZS,HCP,2024-05-26
|CN|HCPB|UB|mBC|NEU|NEU|Resources|BZS Resources,BZS Resources|TXT|National|A:A|1|PH,USD,1,79,7.45,BZS,HCP,2024-05-26
|CN|HCPB|UB|mBC|NEU|NEU|Resources|BZS Resources,BZS Resources|TXT|National|A:A|1|PH,USD,0,18,0.0,BZS,HCP,2024-05-26
|CN|HCPB|UB|mBC|NEU|NEU|Resources|BZS Resources,BZS Safety|TXT|National|A:A|1|EX,USD,0,8,0.0,BZS,HCP,2024-05-26
|CN|HCPB|UB|mBC|NEU|NEU|Resources|BZS Resources,BZS Safety|TXT|National|A:A|1|PH,USD,1,71,6.2,BZS,HCP,2024-05-26
|CN|HCPB|UB|mBC|NEU|NEU|Resources|BZS Resources,BZS Safety|TXT|National|A:A|1|PH,USD,2,27,8.21,BZS,HCP,2024-05-26
|CN|HCPB|UB|mBC|NEU|NEU|Resources|BZS Resources,BZS Trial|TXT|National|A:A|1|EX,USD,1,16,5.46,BZS,HCP,2024-05-26
|CN|HCPB|UB|mBC|NEU|NEU|Resources|BZS Resources,BZS Trial|TXT|National|A:A|1|EX,USD,0,46,0.0,BZS,HCP,2024-05-26
|CN|HCPB|UB|mBC|NEU|NEU|Resources|BZS Resources,BZS Trial|TXT|National|A:A|1|EX,USD,0,4,0.0,BZS,HCP,2024-05-26
|CN|HCPB|UB|mBC|NEU|NEU|Resources|BZS Resources,BZS Trial|TXT|National|A:A|1|PH,USD,0,6,0.0,BZS,HCP,2024-05-26
|CN|HCPB|UB|mBC|NEU|NEU|Resources|BZS Resources,BZS Trial|TXT|National|A:A|1|PH,USD,15,678,116.95,BZS,HCP,2024-05-26
|CN|HCPB|UB|mBC|NEU|NEU|Resources|BZS Resources,BZS Trial|TXT|National|A:A|1|PH,USD,1,48,3.1,BZS,HCP,2024-05-26
|CN|HCPB|UB|mBC|NEU|NEU|Treatment|BZS Treatment,BZS Treatment|TXT|National|A:A|1|EX,USD,0,3,0.0,BZS,HCP,2024-05-26
|CN|HCPB|UB|mBC|NEU|NEU|Treatment|BZS Treatment,BZS Treatment|TXT|National|A:A|1|EX,USD,0,3,0.0,BZS,HCP,2024-05-26
|CN|HCPB|UB|mBC|NEU|NEU|Treatment|BZS Treatment,BZS Treatment|TXT|National|A:A|1|EX,USD,0,1,0.0,BZS,HCP,2024-05-26
|CN|HCPB|UB|mBC|NEU|NEU|Treatment|BZS Treatment,BZS Treatment|TXT|National|A:A|1|PH,USD,0,6,0.0,BZS,HCP,2024-05-26
|CN|HCPB|UB|mBC|NEU|NEU|Treatment|BZS Treatment,BZS Treatment|TXT|National|A:A|1|PH,USD,47,691,499.44,BZS,HCP,2024-05-26
|CN|HCPB|UB|mBC|NEU|NEU|Treatment|BZS Treatment,BZS Treatment|TXT|National|A:A|1|PH,USD,27,595,164.72,BZS,HCP,2024-05-26
|CN|HCPB|UB|mBC|NEU|NEU|Treatment|Treatment,Diagnosis|TXT|National|A:A|1|EX,USD,0,15,0.0,BZS,HCP,2024-05-26
|CN|HCPB|UB|mBC|NEU|NEU|Treatment|Treatment,Diagnosis|TXT|National|A:A|1|PH,USD,1,10,8.38,BZS,HCP,2024-05-26
|CN|HCPB|UB|mBC|NEU|NEU|Treatment|Treatment,Treatment Efficacy|TXT|National|A:A|1|PH,USD,1,27,9.57,BZS,HCP,2024-05-26
|CN|HCPB|UB|mBC|NEU|NEU|Treatment|Treatment Priority,Treatment|TXT|National|A:A|1|EX,USD,0,15,0.0,BZS,HCP,2024-05-26
|CN|HCPB|UB|mBC|NEU|NEU|Treatment|Treatment Priority,Treatment|TXT|National|A:A|1|PH,USD,3,193,19.05,BZS,HCP,2024-05-26
|CN|HCPB|BR|mBC|NEU|NEU|Competitive|Competitor,Competitors|TXT|National|A:A|1|EX,USD,17,479,121.86,BZS,HCP,2024-05-27
|CN|HCPB|BR|mBC|NEU|NEU|Competitive|Competitor,Competitors|TXT|National|A:A|1|PH,USD,25,571,203.14,BZS,HCP,2024-05-27
|CN|HCPB|BR|mBC|NEU|NEU|Competitive|Competitor,Competitor|TXT|National|A:A|1|EX,USD,2,83,14.3,BZS,HCP,2024-05-27
|CN|HCPB|BR|mBC|NEU|NEU|Competitive|Competitor,Competitor|TXT|National|A:A|1|PH,USD,2,189,21.13,BZS,HCP,2024-05-27
|CN|HCPB|BR|mBC|NEU|NEU|Condition|BZS,BZS|TXT|National|A:A|1|EX,USD,6,64,72.32,BZS,HCP,2024-05-27
|CN|HCPB|BR|mBC|NEU|NEU|Condition|BZS,BZS|TXT|National|A:A|1|PH,USD,18,215,166.62,BZS,HCP,2024-05-27
|CN|HCPB|BR|mBC|NEU|NEU|Condition|BZS,Destiny|TXT|National|A:A|1|EX,USD,1,21,12.57,BZS,HCP,2024-05-27
|CN|HCPB|BR|mBC|NEU|NEU|Condition|BZS,Destiny|TXT|National|A:A|1|PH,USD,0,32,0.0,BZS,HCP,2024-05-27
|CN|HCPB|BR|mBC|NEU|NEU|Core|Alone,Alone|TXT|National|A:A|1|EX,USD,67,1234,408.98,BZS,HCP,2024-05-27
|CN|HCPB|BR|mBC|NEU|NEU|Core|Alone,Alone|TXT|National|A:A|1|PH,USD,29,500,267.42,BZS,HCP,2024-05-27
|CN|HCPB|BR|mBC|NEU|NEU|Core|Branded,Brand Alone|TXT|National|A:A|1|EX,USD,16,119,140.24,BZS,HCP,2024-05-27
|CN|HCPB|BR|mBC|NEU|NEU|Core|Branded,Brand Alone|TXT|National|A:A|1|PH,USD,4,108,48.49,BZS,HCP,2024-05-27
|CN|HCPB|BR|mBC|NEU|NEU|Information|Info,Dosing|TXT|National|A:A|1|EX,USD,1,6,3.98,BZS,HCP,2024-05-27
|CN|HCPB|BR|mBC|NEU|NEU|Information|Info,Info|TXT|National|A:A|1|EX,USD,17,82,57.28,BZS,HCP,2024-05-27
|CN|HCPB|BR|mBC|NEU|NEU|Information|Info,Info|TXT|National|A:A|1|PH,USD,0,1,0.0,BZS,HCP,2024-05-27
|CN|HCPB|BR|mBC|NEU|NEU|Information|Info,MOA|TXT|National|A:A|1|EX,USD,4,9,21.18,BZS,HCP,2024-05-27
|CN|HCPB|BR|mBC|NEU|NEU|Information|Info,Resources|TXT|National|A:A|1|EX,USD,0,26,0.0,BZS,HCP,2024-05-27
|CN|HCPB|BR|mBC|NEU|NEU|Information|Info,Safety|TXT|National|A:A|1|EX,USD,2,32,23.5,BZS,HCP,2024-05-27
|CN|HCPB|BR|mBC|NEU|NEU|Information|Info,Safety|TXT|National|A:A|1|PH,USD,0,0,0.0,BZS,HCP,2024-05-27
|CN|HCPB|BR|mBC|NEU|NEU|Information|Info,Study|TXT|National|A:A|1|EX,USD,1,26,13.74,BZS,HCP,2024-05-27
|CN|HCPB|BR|mBC|NEU|NEU|Information|Info,Study|TXT|National|A:A|1|PH,USD,22,278,278.99,BZS,HCP,2024-05-27
|CN|HCPB|BR|mBC|NEU|NEU|Information|Info,Treatment|TXT|National|A:A|1|EX,USD,6,79,73.35,BZS,HCP,2024-05-27
|CN|HCPB|BR|mBC|NEU|NEU|Information|Info,Treatment|TXT|National|A:A|1|PH,USD,13,135,162.79,BZS,HCP,2024-05-27
|CN|HCPB|UB|mBC|NEU|NEU|Condition|BZS Condition,BZS Condition|TXT|National|A:A|1|EX,USD,3,67,14.74,BZS,HCP,2024-05-27
|CN|HCPB|UB|mBC|NEU|NEU|Condition|BZS Condition,BZS Condition|TXT|National|A:A|1|EX,USD,4,283,45.86,BZS,HCP,2024-05-27
|CN|HCPB|UB|mBC|NEU|NEU|Condition|BZS Condition,BZS Condition|TXT|National|A:A|1|PH,USD,11,374,88.94,BZS,HCP,2024-05-27
|CN|HCPB|UB|mBC|NEU|NEU|Condition|BZS Condition,BZS Condition|TXT|National|A:A|1|PH,USD,0,19,0.0,BZS,HCP,2024-05-27
|CN|HCPB|UB|mBC|NEU|NEU|Condition|BZS ITT Condition,BZS Condition|TXT|National|A:A|1|EX,USD,0,11,0.0,BZS,HCP,2024-05-27
|CN|HCPB|UB|mBC|NEU|NEU|Condition|BZS ITT Condition,BZS Condition|TXT|National|A:A|1|PH,USD,2,134,23.1,BZS,HCP,2024-05-27
|CN|HCPB|UB|mBC|NEU|NEU|Condition|BZS ITT Condition,ITT Condition|TXT|National|A:A|1|EX,USD,2,246,6.22,BZS,HCP,2024-05-27
|CN|HCPB|UB|mBC|NEU|NEU|Condition|BZS ITT Condition,ITT Condition|TXT|National|A:A|1|PH,USD,5,141,14.12,BZS,HCP,2024-05-27
|CN|HCPB|UB|mBC|NEU|NEU|Condition|Condition,Condition|TXT|National|A:A|1|EX,USD,1,12,7.62,BZS,HCP,2024-05-27
|CN|HCPB|UB|mBC|NEU|NEU|Condition|Condition,Condition|TXT|National|A:A|1|PH,USD,1,40,9.01,BZS,HCP,2024-05-27
|CN|HCPB|UB|mBC|NEU|NEU|Core|BZS,BZS|TXT|National|A:A|1|EX,USD,0,11,0.0,BZS,HCP,2024-05-27
|CN|HCPB|UB|mBC|NEU|NEU|Core|BZS,BZS|TXT|National|A:A|1|PH,USD,6,98,52.85,BZS,HCP,2024-05-27
|CN|HCPB|UB|mBC|NEU|NEU|Information|BZS Info,BZS Info|TXT|National|A:A|1|EX,USD,0,15,0.0,BZS,HCP,2024-05-27
|CN|HCPB|UB|mBC|NEU|NEU|Information|BZS Info,BZS Info|TXT|National|A:A|1|EX,USD,0,3,0.0,BZS,HCP,2024-05-27
|CN|HCPB|UB|mBC|NEU|NEU|Information|BZS Info,BZS Info|TXT|National|A:A|1|EX,USD,1,32,3.86,BZS,HCP,2024-05-27
|CN|HCPB|UB|mBC|NEU|NEU|Information|BZS Info,BZS Info|TXT|National|A:A|1|PH,USD,2,18,10.41,BZS,HCP,2024-05-27
|CN|HCPB|UB|mBC|NEU|NEU|Information|BZS Info,BZS Info|TXT|National|A:A|1|PH,USD,3,60,6.79,BZS,HCP,2024-05-27
|CN|HCPB|UB|mBC|NEU|NEU|Resources|BZS Resources,BZS Dosing|TXT|National|A:A|1|PH,USD,0,2,0.0,BZS,HCP,2024-05-27
|CN|HCPB|UB|mBC|NEU|NEU|Resources|BZS Resources,BZS Dosing|TXT|National|A:A|1|PH,USD,2,2,12.08,BZS,HCP,2024-05-27
|CN|HCPB|UB|mBC|NEU|NEU|Resources|BZS Resources,BZS MOA|TXT|National|A:A|1|PH,USD,0,0,0.0,BZS,HCP,2024-05-27
|CN|HCPB|UB|mBC|NEU|NEU|Resources|BZS Resources,BZS MOA|TXT|National|A:A|1|PH,USD,0,3,0.0,BZS,HCP,2024-05-27
|CN|HCPB|UB|mBC|NEU|NEU|Resources|BZS Resources,BZS Resources|TXT|National|A:A|1|EX,USD,0,2,0.0,BZS,HCP,2024-05-27
|CN|HCPB|UB|mBC|NEU|NEU|Resources|BZS Resources,BZS Resources|TXT|National|A:A|1|EX,USD,1,3,8.26,BZS,HCP,2024-05-27
|CN|HCPB|UB|mBC|NEU|NEU|Resources|BZS Resources,BZS Resources|TXT|National|A:A|1|PH,USD,0,2,0.0,BZS,HCP,2024-05-27
|CN|HCPB|UB|mBC|NEU|NEU|Resources|BZS Resources,BZS Resources|TXT|National|A:A|1|PH,USD,1,22,6.44,BZS,HCP,2024-05-27
|CN|HCPB|UB|mBC|NEU|NEU|Resources|BZS Resources,BZS Safety|TXT|National|A:A|1|EX,USD,0,4,0.0,BZS,HCP,2024-05-27
|CN|HCPB|UB|mBC|NEU|NEU|Resources|BZS Resources,BZS Safety|TXT|National|A:A|1|PH,USD,1,12,5.49,BZS,HCP,2024-05-27
|CN|HCPB|UB|mBC|NEU|NEU|Resources|BZS Resources,BZS Safety|TXT|National|A:A|1|PH,USD,2,35,10.61,BZS,HCP,2024-05-27
|CN|HCPB|UB|mBC|NEU|NEU|Resources|BZS Resources,BZS Trial|TXT|National|A:A|1|EX,USD,1,7,6.44,BZS,HCP,2024-05-27
|CN|HCPB|UB|mBC|NEU|NEU|Resources|BZS Resources,BZS Trial|TXT|National|A:A|1|EX,USD,1,6,7.8,BZS,HCP,2024-05-27
|CN|HCPB|UB|mBC|NEU|NEU|Resources|BZS Resources,BZS Trial|TXT|National|A:A|1|EX,USD,2,8,11.86,BZS,HCP,2024-05-27
|CN|HCPB|UB|mBC|NEU|NEU|Resources|BZS Resources,BZS Trial|TXT|National|A:A|1|PH,USD,19,259,145.14,BZS,HCP,2024-05-27
|CN|HCPB|UB|mBC|NEU|NEU|Resources|BZS Resources,BZS Trial|TXT|National|A:A|1|PH,USD,0,12,0.0,BZS,HCP,2024-05-27
|CN|HCPB|UB|mBC|NEU|NEU|Resources|BZS Resources,BZS Trial|TXT|National|A:A|1|PH,USD,2,25,5.25,BZS,HCP,2024-05-27
|CN|HCPB|UB|mBC|NEU|NEU|Treatment|BZS Treatment,BZS Treatment|TXT|National|A:A|1|EX,USD,0,2,0.0,BZS,HCP,2024-05-27
|CN|HCPB|UB|mBC|NEU|NEU|Treatment|BZS Treatment,BZS Treatment|TXT|National|A:A|1|EX,USD,0,15,0.0,BZS,HCP,2024-05-27
|CN|HCPB|UB|mBC|NEU|NEU|Treatment|BZS Treatment,BZS Treatment|TXT|National|A:A|1|EX,USD,1,13,7.27,BZS,HCP,2024-05-27
|CN|HCPB|UB|mBC|NEU|NEU|Treatment|BZS Treatment,BZS Treatment|TXT|National|A:A|1|PH,USD,31,671,206.4,BZS,HCP,2024-05-27
|CN|HCPB|UB|mBC|NEU|NEU|Treatment|BZS Treatment,BZS Treatment|TXT|National|A:A|1|PH,USD,0,9,0.0,BZS,HCP,2024-05-27
|CN|HCPB|UB|mBC|NEU|NEU|Treatment|BZS Treatment,BZS Treatment|TXT|National|A:A|1|PH,USD,49,963,501.77,BZS,HCP,2024-05-27
|CN|HCPB|UB|mBC|NEU|NEU|Treatment|Treatment,Diagnosis|TXT|National|A:A|1|EX,USD,2,5,16.16,BZS,HCP,2024-05-27
|CN|HCPB|UB|mBC|NEU|NEU|Treatment|Treatment,Diagnosis|TXT|National|A:A|1|PH,USD,0,5,0.0,BZS,HCP,2024-05-27
|CN|HCPB|UB|mBC|NEU|NEU|Treatment|Treatment,Treatment Efficacy|TXT|National|A:A|1|PH,USD,0,10,0.0,BZS,HCP,2024-05-27
|CN|HCPB|UB|mBC|NEU|NEU|Treatment|Treatment Priority,Treatment|TXT|National|A:A|1|EX,USD,0,14,0.0,BZS,HCP,2024-05-27
|CN|HCPB|UB|mBC|NEU|NEU|Treatment|Treatment Priority,Treatment|TXT|National|A:A|1|PH,USD,3,156,17.98,BZS,HCP,2024-05-27
|CN|HCPB|BR|mBC|NEU|NEU|Competitive|Competitor,Competitors|TXT|National|A:A|1|EX,USD,16,429,121.84,BZS,HCP,2024-05-28
|CN|HCPB|BR|mBC|NEU|NEU|Competitive|Competitor,Competitors|TXT|National|A:A|1|PH,USD,16,414,128.83,BZS,HCP,2024-05-28
|CN|HCPB|BR|mBC|NEU|NEU|Competitive|Competitor,Competitor|TXT|National|A:A|1|EX,USD,0,89,0.0,BZS,HCP,2024-05-28
|CN|HCPB|BR|mBC|NEU|NEU|Competitive|Competitor,Competitor|TXT|National|A:A|1|PH,USD,4,176,30.1,BZS,HCP,2024-05-28
|CN|HCPB|BR|mBC|NEU|NEU|Condition|BZS,BZS|TXT|National|A:A|1|EX,USD,1,40,12.32,BZS,HCP,2024-05-28
|CN|HCPB|BR|mBC|NEU|NEU|Condition|BZS,BZS|TXT|National|A:A|1|PH,USD,15,208,127.66,BZS,HCP,2024-05-28
|CN|HCPB|BR|mBC|NEU|NEU|Condition|BZS,Destiny|TXT|National|A:A|1|EX,USD,0,21,0.0,BZS,HCP,2024-05-28
|CN|HCPB|BR|mBC|NEU|NEU|Condition|BZS,Destiny|TXT|National|A:A|1|PH,USD,0,25,0.0,BZS,HCP,2024-05-28
|CN|HCPB|BR|mBC|NEU|NEU|Core|Alone,Alone|TXT|National|A:A|1|EX,USD,61,924,369.73,BZS,HCP,2024-05-28
|CN|HCPB|BR|mBC|NEU|NEU|Core|Alone,Alone|TXT|National|A:A|1|PH,USD,36,505,314.91,BZS,HCP,2024-05-28
|CN|HCPB|BR|mBC|NEU|NEU|Core|Branded,Brand Alone|TXT|National|A:A|1|EX,USD,13,43,103.77,BZS,HCP,2024-05-28
|CN|HCPB|BR|mBC|NEU|NEU|Core|Branded,Brand Alone|TXT|National|A:A|1|PH,USD,10,79,107.38,BZS,HCP,2024-05-28
|CN|HCPB|BR|mBC|NEU|NEU|Information|Info,Dosing|TXT|National|A:A|1|EX,USD,1,5,4.86,BZS,HCP,2024-05-28
|CN|HCPB|BR|mBC|NEU|NEU|Information|Info,Info|TXT|National|A:A|1|EX,USD,11,85,47.19,BZS,HCP,2024-05-28
|CN|HCPB|BR|mBC|NEU|NEU|Information|Info,Info|TXT|National|A:A|1|PH,USD,0,2,0.0,BZS,HCP,2024-05-28
|CN|HCPB|BR|mBC|NEU|NEU|Information|Info,MOA|TXT|National|A:A|1|EX,USD,1,10,3.86,BZS,HCP,2024-05-28
|CN|HCPB|BR|mBC|NEU|NEU|Information|Info,Resources|TXT|National|A:A|1|EX,USD,0,22,0.0,BZS,HCP,2024-05-28
|CN|HCPB|BR|mBC|NEU|NEU|Information|Info,Safety|TXT|National|A:A|1|EX,USD,3,30,42.08,BZS,HCP,2024-05-28
|CN|HCPB|BR|mBC|NEU|NEU|Information|Info,Safety|TXT|National|A:A|1|PH,USD,0,0,0.0,BZS,HCP,2024-05-28
|CN|HCPB|BR|mBC|NEU|NEU|Information|Info,Study|TXT|National|A:A|1|EX,USD,0,18,0.0,BZS,HCP,2024-05-28
|CN|HCPB|BR|mBC|NEU|NEU|Information|Info,Study|TXT|National|A:A|1|PH,USD,16,229,210.65,BZS,HCP,2024-05-28
|CN|HCPB|BR|mBC|NEU|NEU|Information|Info,Treatment|TXT|National|A:A|1|EX,USD,10,76,123.17,BZS,HCP,2024-05-28
|CN|HCPB|BR|mBC|NEU|NEU|Information|Info,Treatment|TXT|National|A:A|1|PH,USD,15,167,185.93,BZS,HCP,2024-05-28
|CN|HCPB|UB|mBC|NEU|NEU|Condition|BZS Condition,BZS Condition|TXT|National|A:A|1|EX,USD,1,16,6.48,BZS,HCP,2024-05-28
|CN|HCPB|UB|mBC|NEU|NEU|Condition|BZS Condition,BZS Condition|TXT|National|A:A|1|EX,USD,9,297,99.97,BZS,HCP,2024-05-28
|CN|HCPB|UB|mBC|NEU|NEU|Condition|BZS Condition,BZS Condition|TXT|National|A:A|1|PH,USD,0,5,0.0,BZS,HCP,2024-05-28
|CN|HCPB|UB|mBC|NEU|NEU|Condition|BZS Condition,BZS Condition|TXT|National|A:A|1|PH,USD,9,441,89.52,BZS,HCP,2024-05-28
|CN|HCPB|UB|mBC|NEU|NEU|Condition|BZS ITT Condition,BZS Condition|TXT|National|A:A|1|EX,USD,0,12,0.0,BZS,HCP,2024-05-28
|CN|HCPB|UB|mBC|NEU|NEU|Condition|BZS ITT Condition,BZS Condition|TXT|National|A:A|1|PH,USD,7,195,34.04,BZS,HCP,2024-05-28
|CN|HCPB|UB|mBC|NEU|NEU|Condition|BZS ITT Condition,ITT Condition|TXT|National|A:A|1|EX,USD,2,287,6.19,BZS,HCP,2024-05-28
|CN|HCPB|UB|mBC|NEU|NEU|Condition|BZS ITT Condition,ITT Condition|TXT|National|A:A|1|PH,USD,4,162,12.48,BZS,HCP,2024-05-28
|CN|HCPB|UB|mBC|NEU|NEU|Condition|Condition,Condition|TXT|National|A:A|1|EX,USD,0,2,0.0,BZS,HCP,2024-05-28
|CN|HCPB|UB|mBC|NEU|NEU|Condition|Condition,Condition|TXT|National|A:A|1|PH,USD,2,9,17.29,BZS,HCP,2024-05-28
|CN|HCPB|UB|mBC|NEU|NEU|Core|BZS,BZS|TXT|National|A:A|1|EX,USD,0,16,0.0,BZS,HCP,2024-05-28
|CN|HCPB|UB|mBC|NEU|NEU|Core|BZS,BZS|TXT|National|A:A|1|PH,USD,5,71,44.07,BZS,HCP,2024-05-28
|CN|HCPB|UB|mBC|NEU|NEU|Information|BZS Info,BZS Info|TXT|National|A:A|1|EX,USD,0,8,0.0,BZS,HCP,2024-05-28
|CN|HCPB|UB|mBC|NEU|NEU|Information|BZS Info,BZS Info|TXT|National|A:A|1|EX,USD,0,3,0.0,BZS,HCP,2024-05-28
|CN|HCPB|UB|mBC|NEU|NEU|Information|BZS Info,BZS Info|TXT|National|A:A|1|EX,USD,2,24,6.5,BZS,HCP,2024-05-28
|CN|HCPB|UB|mBC|NEU|NEU|Information|BZS Info,BZS Info|TXT|National|A:A|1|PH,USD,1,61,2.57,BZS,HCP,2024-05-28
|CN|HCPB|UB|mBC|NEU|NEU|Information|BZS Info,BZS Info|TXT|National|A:A|1|PH,USD,2,20,9.32,BZS,HCP,2024-05-28
|CN|HCPB|UB|mBC|NEU|NEU|Resources|BZS Resources,BZS Dosing|TXT|National|A:A|1|EX,USD,0,1,0.0,BZS,HCP,2024-05-28
|CN|HCPB|UB|mBC|NEU|NEU|Resources|BZS Resources,BZS Dosing|TXT|National|A:A|1|PH,USD,0,2,0.0,BZS,HCP,2024-05-28
|CN|HCPB|UB|mBC|NEU|NEU|Resources|BZS Resources,BZS MOA|TXT|National|A:A|1|PH,USD,0,9,0.0,BZS,HCP,2024-05-28
|CN|HCPB|UB|mBC|NEU|NEU|Resources|BZS Resources,BZS MOA|TXT|National|A:A|1|PH,USD,0,1,0.0,BZS,HCP,2024-05-28
|CN|HCPB|UB|mBC|NEU|NEU|Resources|BZS Resources,BZS Resources|TXT|National|A:A|1|EX,USD,0,0,0.0,BZS,HCP,2024-05-28
|CN|HCPB|UB|mBC|NEU|NEU|Resources|BZS Resources,BZS Resources|TXT|National|A:A|1|EX,USD,1,3,7.86,BZS,HCP,2024-05-28
|CN|HCPB|UB|mBC|NEU|NEU|Resources|BZS Resources,BZS Resources|TXT|National|A:A|1|PH,USD,1,22,6.24,BZS,HCP,2024-05-28
|CN|HCPB|UB|mBC|NEU|NEU|Resources|BZS Resources,BZS Resources|TXT|National|A:A|1|PH,USD,0,4,0.0,BZS,HCP,2024-05-28
|CN|HCPB|UB|mBC|NEU|NEU|Resources|BZS Resources,BZS Safety|TXT|National|A:A|1|EX,USD,0,6,0.0,BZS,HCP,2024-05-28
|CN|HCPB|UB|mBC|NEU|NEU|Resources|BZS Resources,BZS Safety|TXT|National|A:A|1|PH,USD,0,9,0.0,BZS,HCP,2024-05-28
|CN|HCPB|UB|mBC|NEU|NEU|Resources|BZS Resources,BZS Safety|TXT|National|A:A|1|PH,USD,5,59,27.93,BZS,HCP,2024-05-28
|CN|HCPB|UB|mBC|NEU|NEU|Resources|BZS Resources,BZS Trial|TXT|National|A:A|1|EX,USD,1,9,6.51,BZS,HCP,2024-05-28
|CN|HCPB|UB|mBC|NEU|NEU|Resources|BZS Resources,BZS Trial|TXT|National|A:A|1|EX,USD,0,0,0.0,BZS,HCP,2024-05-28
|CN|HCPB|UB|mBC|NEU|NEU|Resources|BZS Resources,BZS Trial|TXT|National|A:A|1|EX,USD,2,8,18.94,BZS,HCP,2024-05-28
|CN|HCPB|UB|mBC|NEU|NEU|Resources|BZS Resources,BZS Trial|TXT|National|A:A|1|PH,USD,14,319,110.76,BZS,HCP,2024-05-28
|CN|HCPB|UB|mBC|NEU|NEU|Resources|BZS Resources,BZS Trial|TXT|National|A:A|1|PH,USD,0,13,0.0,BZS,HCP,2024-05-28
|CN|HCPB|UB|mBC|NEU|NEU|Resources|BZS Resources,BZS Trial|TXT|National|A:A|1|PH,USD,2,13,11.37,BZS,HCP,2024-05-28
|CN|HCPB|UB|mBC|NEU|NEU|Treatment|BZS Treatment,BZS Treatment|TXT|National|A:A|1|EX,USD,1,9,10.05,BZS,HCP,2024-05-28
|CN|HCPB|UB|mBC|NEU|NEU|Treatment|BZS Treatment,BZS Treatment|TXT|National|A:A|1|EX,USD,0,4,0.0,BZS,HCP,2024-05-28
|CN|HCPB|UB|mBC|NEU|NEU|Treatment|BZS Treatment,BZS Treatment|TXT|National|A:A|1|EX,USD,1,10,5.4,BZS,HCP,2024-05-28
|CN|HCPB|UB|mBC|NEU|NEU|Treatment|BZS Treatment,BZS Treatment|TXT|National|A:A|1|PH,USD,48,717,503.34,BZS,HCP,2024-05-28
|CN|HCPB|UB|mBC|NEU|NEU|Treatment|BZS Treatment,BZS Treatment|TXT|National|A:A|1|PH,USD,23,368,156.79,BZS,HCP,2024-05-28
|CN|HCPB|UB|mBC|NEU|NEU|Treatment|BZS Treatment,BZS Treatment|TXT|National|A:A|1|PH,USD,0,11,0.0,BZS,HCP,2024-05-28
|CN|HCPB|UB|mBC|NEU|NEU|Treatment|Treatment,Diagnosis|TXT|National|A:A|1|EX,USD,1,11,6.79,BZS,HCP,2024-05-28
|CN|HCPB|UB|mBC|NEU|NEU|Treatment|Treatment,Diagnosis|TXT|National|A:A|1|PH,USD,0,13,0.0,BZS,HCP,2024-05-28
|CN|HCPB|UB|mBC|NEU|NEU|Treatment|Treatment,Treatment Efficacy|TXT|National|A:A|1|PH,USD,1,16,11.3,BZS,HCP,2024-05-28
|CN|HCPB|UB|mBC|NEU|NEU|Treatment|Treatment Priority,Treatment|TXT|National|A:A|1|EX,USD,0,2,0.0,BZS,HCP,2024-05-28
|CN|HCPB|UB|mBC|NEU|NEU|Treatment|Treatment Priority,Treatment|TXT|National|A:A|1|PH,USD,2,98,15.55,BZS,HCP,2024-05-28
|CN|HCPB|BR|mBC|NEU|NEU|Competitive|Competitor,Competitors|TXT|National|A:A|1|EX,USD,9,339,69.92,BZS,HCP,2024-05-29
|CN|HCPB|BR|mBC|NEU|NEU|Competitive|Competitor,Competitors|TXT|National|A:A|1|PH,USD,12,393,93.85,BZS,HCP,2024-05-29
|CN|HCPB|BR|mBC|NEU|NEU|Competitive|Competitor,Competitor|TXT|National|A:A|1|EX,USD,3,70,12.46,BZS,HCP,2024-05-29
|CN|HCPB|BR|mBC|NEU|NEU|Competitive|Competitor,Competitor|TXT|National|A:A|1|PH,USD,3,178,31.62,BZS,HCP,2024-05-29
|CN|HCPB|BR|mBC|NEU|NEU|Condition|BZS,BZS|TXT|National|A:A|1|EX,USD,4,43,52.05,BZS,HCP,2024-05-29
|CN|HCPB|BR|mBC|NEU|NEU|Condition|BZS,BZS|TXT|National|A:A|1|PH,USD,26,200,245.01,BZS,HCP,2024-05-29
|CN|HCPB|BR|mBC|NEU|NEU|Condition|BZS,Destiny|TXT|National|A:A|1|EX,USD,1,21,9.95,BZS,HCP,2024-05-29
|CN|HCPB|BR|mBC|NEU|NEU|Condition|BZS,Destiny|TXT|National|A:A|1|PH,USD,0,26,0.0,BZS,HCP,2024-05-29
|CN|HCPB|BR|mBC|NEU|NEU|Core|Alone,Alone|TXT|National|A:A|1|EX,USD,53,757,311.27,BZS,HCP,2024-05-29
|CN|HCPB|BR|mBC|NEU|NEU|Core|Alone,Alone|TXT|National|A:A|1|PH,USD,24,496,227.01,BZS,HCP,2024-05-29
|CN|HCPB|BR|mBC|NEU|NEU|Core|Branded,Brand Alone|TXT|National|A:A|1|EX,USD,7,53,54.0,BZS,HCP,2024-05-29
|CN|HCPB|BR|mBC|NEU|NEU|Core|Branded,Brand Alone|TXT|National|A:A|1|PH,USD,3,77,37.44,BZS,HCP,2024-05-29
|CN|HCPB|BR|mBC|NEU|NEU|Information|Info,Dosing|TXT|National|A:A|1|EX,USD,5,12,21.38,BZS,HCP,2024-05-29
|CN|HCPB|BR|mBC|NEU|NEU|Information|Info,Info|TXT|National|A:A|1|EX,USD,20,93,80.3,BZS,HCP,2024-05-29
|CN|HCPB|BR|mBC|NEU|NEU|Information|Info,Info|TXT|National|A:A|1|PH,USD,0,3,0.0,BZS,HCP,2024-05-29
|CN|HCPB|BR|mBC|NEU|NEU|Information|Info,MOA|TXT|National|A:A|1|EX,USD,2,11,7.61,BZS,HCP,2024-05-29
|CN|HCPB|BR|mBC|NEU|NEU|Information|Info,MOA|TXT|National|A:A|1|PH,USD,0,0,0.0,BZS,HCP,2024-05-29
|CN|HCPB|BR|mBC|NEU|NEU|Information|Info,Resources|TXT|National|A:A|1|EX,USD,1,7,3.92,BZS,HCP,2024-05-29
|CN|HCPB|BR|mBC|NEU|NEU|Information|Info,Resources|TXT|National|A:A|1|PH,USD,0,1,0.0,BZS,HCP,2024-05-29
|CN|HCPB|BR|mBC|NEU|NEU|Information|Info,Safety|TXT|National|A:A|1|EX,USD,0,11,0.0,BZS,HCP,2024-05-29
|CN|HCPB|BR|mBC|NEU|NEU|Information|Info,Study|TXT|National|A:A|1|EX,USD,1,12,6.17,BZS,HCP,2024-05-29
|CN|HCPB|BR|mBC|NEU|NEU|Information|Info,Study|TXT|National|A:A|1|PH,USD,10,144,127.41,BZS,HCP,2024-05-29
|CN|HCPB|BR|mBC|NEU|NEU|Information|Info,Treatment|TXT|National|A:A|1|EX,USD,1,43,12.46,BZS,HCP,2024-05-29
|CN|HCPB|BR|mBC|NEU|NEU|Information|Info,Treatment|TXT|National|A:A|1|PH,USD,8,136,83.3,BZS,HCP,2024-05-29
|CN|HCPB|UB|mBC|NEU|NEU|Condition|BZS Condition,BZS Condition|TXT|National|A:A|1|EX,USD,1,4,5.43,BZS,HCP,2024-05-29
|CN|HCPB|UB|mBC|NEU|NEU|Condition|BZS Condition,BZS Condition|TXT|National|A:A|1|EX,USD,16,253,191.66,BZS,HCP,2024-05-29
|CN|HCPB|UB|mBC|NEU|NEU|Condition|BZS Condition,BZS Condition|TXT|National|A:A|1|PH,USD,0,0,0.0,BZS,HCP,2024-05-29
|CN|HCPB|UB|mBC|NEU|NEU|Condition|BZS Condition,BZS Condition|TXT|National|A:A|1|PH,USD,6,414,57.72,BZS,HCP,2024-05-29
|CN|HCPB|UB|mBC|NEU|NEU|Condition|BZS ITT Condition,BZS Condition|TXT|National|A:A|1|EX,USD,0,2,0.0,BZS,HCP,2024-05-29
|CN|HCPB|UB|mBC|NEU|NEU|Condition|BZS ITT Condition,BZS Condition|TXT|National|A:A|1|PH,USD,3,91,22.44,BZS,HCP,2024-05-29
|CN|HCPB|UB|mBC|NEU|NEU|Condition|BZS ITT Condition,ITT Condition|TXT|National|A:A|1|EX,USD,2,140,6.72,BZS,HCP,2024-05-29
|CN|HCPB|UB|mBC|NEU|NEU|Condition|BZS ITT Condition,ITT Condition|TXT|National|A:A|1|PH,USD,7,80,21.54,BZS,HCP,2024-05-29
|CN|HCPB|UB|mBC|NEU|NEU|Condition|Condition,Condition|TXT|National|A:A|1|EX,USD,1,9,3.11,BZS,HCP,2024-05-29
|CN|HCPB|UB|mBC|NEU|NEU|Condition|Condition,Condition|TXT|National|A:A|1|PH,USD,1,38,9.62,BZS,HCP,2024-05-29
|CN|HCPB|UB|mBC|NEU|NEU|Core|BZS,BZS|TXT|National|A:A|1|EX,USD,0,10,0.0,BZS,HCP,2024-05-29
|CN|HCPB|UB|mBC|NEU|NEU|Core|BZS,BZS|TXT|National|A:A|1|PH,USD,3,28,26.5,BZS,HCP,2024-05-29
|CN|HCPB|UB|mBC|NEU|NEU|Information|BZS Info,BZS Info|TXT|National|A:A|1|EX,USD,0,2,0.0,BZS,HCP,2024-05-29
|CN|HCPB|UB|mBC|NEU|NEU|Information|BZS Info,BZS Info|TXT|National|A:A|1|EX,USD,1,17,3.3,BZS,HCP,2024-05-29
|CN|HCPB|UB|mBC|NEU|NEU|Information|BZS Info,BZS Info|TXT|National|A:A|1|EX,USD,2,65,7.41,BZS,HCP,2024-05-29
|CN|HCPB|UB|mBC|NEU|NEU|Information|BZS Info,BZS Info|TXT|National|A:A|1|PH,USD,1,19,3.09,BZS,HCP,2024-05-29
|CN|HCPB|UB|mBC|NEU|NEU|Information|BZS Info,BZS Info|TXT|National|A:A|1|PH,USD,0,84,0.0,BZS,HCP,2024-05-29
|CN|HCPB|UB|mBC|NEU|NEU|Information|BZS Info,BZS Info|TXT|National|A:A|1|PH,USD,0,1,0.0,BZS,HCP,2024-05-29
|CN|HCPB|UB|mBC|NEU|NEU|Resources|BZS Resources,BZS Dosing|TXT|National|A:A|1|PH,USD,0,1,0.0,BZS,HCP,2024-05-29
|CN|HCPB|UB|mBC|NEU|NEU|Resources|BZS Resources,BZS MOA|TXT|National|A:A|1|PH,USD,0,8,0.0,BZS,HCP,2024-05-29
|CN|HCPB|UB|mBC|NEU|NEU|Resources|BZS Resources,BZS Resources|TXT|National|A:A|1|EX,USD,0,2,0.0,BZS,HCP,2024-05-29
|CN|HCPB|UB|mBC|NEU|NEU|Resources|BZS Resources,BZS Resources|TXT|National|A:A|1|PH,USD,1,17,7.43,BZS,HCP,2024-05-29
|CN|HCPB|UB|mBC|NEU|NEU|Resources|BZS Resources,BZS Safety|TXT|National|A:A|1|PH,USD,4,56,24.02,BZS,HCP,2024-05-29
|CN|HCPB|UB|mBC|NEU|NEU|Resources|BZS Resources,BZS Trial|TXT|National|A:A|1|EX,USD,0,4,0.0,BZS,HCP,2024-05-29
|CN|HCPB|UB|mBC|NEU|NEU|Resources|BZS Resources,BZS Trial|TXT|National|A:A|1|EX,USD,0,9,0.0,BZS,HCP,2024-05-29
|CN|HCPB|UB|mBC|NEU|NEU|Resources|BZS Resources,BZS Trial|TXT|National|A:A|1|PH,USD,13,316,92.63,BZS,HCP,2024-05-29
|CN|HCPB|UB|mBC|NEU|NEU|Resources|BZS Resources,BZS Trial|TXT|National|A:A|1|PH,USD,0,3,0.0,BZS,HCP,2024-05-29
|CN|HCPB|UB|mBC|NEU|NEU|Treatment|BZS Treatment,BZS Treatment|TXT|National|A:A|1|EX,USD,0,0,0.0,BZS,HCP,2024-05-29
|CN|HCPB|UB|mBC|NEU|NEU|Treatment|BZS Treatment,BZS Treatment|TXT|National|A:A|1|EX,USD,0,12,0.0,BZS,HCP,2024-05-29
|CN|HCPB|UB|mBC|NEU|NEU|Treatment|BZS Treatment,BZS Treatment|TXT|National|A:A|1|EX,USD,0,10,0.0,BZS,HCP,2024-05-29
|CN|HCPB|UB|mBC|NEU|NEU|Treatment|BZS Treatment,BZS Treatment|TXT|National|A:A|1|PH,USD,20,435,124.84,BZS,HCP,2024-05-29
|CN|HCPB|UB|mBC|NEU|NEU|Treatment|BZS Treatment,BZS Treatment|TXT|National|A:A|1|PH,USD,43,728,449.37,BZS,HCP,2024-05-29
|CN|HCPB|UB|mBC|NEU|NEU|Treatment|BZS Treatment,BZS Treatment|TXT|National|A:A|1|PH,USD,0,7,0.0,BZS,HCP,2024-05-29
|CN|HCPB|UB|mBC|NEU|NEU|Treatment|Treatment,Diagnosis|TXT|National|A:A|1|EX,USD,0,27,0.0,BZS,HCP,2024-05-29
|CN|HCPB|UB|mBC|NEU|NEU|Treatment|Treatment,Diagnosis|TXT|National|A:A|1|PH,USD,1,15,3.37,BZS,HCP,2024-05-29
|CN|HCPB|UB|mBC|NEU|NEU|Treatment|Treatment,Treatment Efficacy|TXT|National|A:A|1|PH,USD,1,20,9.19,BZS,HCP,2024-05-29
|CN|HCPB|UB|mBC|NEU|NEU|Treatment|Treatment Priority,Treatment|TXT|National|A:A|1|EX,USD,0,1,0.0,BZS,HCP,2024-05-29
|CN|HCPB|UB|mBC|NEU|NEU|Treatment|Treatment Priority,Treatment|TXT|National|A:A|1|PH,USD,2,47,11.42,BZS,HCP,2024-05-29
|CN|HCPB|BR|mBC|NEU|NEU|Competitive|Competitor,Competitors|TXT|National|A:A|1|EX,USD,17,427,129.44,BZS,HCP,2024-06-01
|CN|HCPB|BR|mBC|NEU|NEU|Competitive|Competitor,Competitors|TXT|National|A:A|1|PH,USD,10,490,72.04,BZS,HCP,2024-06-01
|CN|HCPB|BR|mBC|NEU|NEU|Competitive|Competitor,Competitor|TXT|National|A:A|1|EX,USD,2,52,13.55,BZS,HCP,2024-06-01
|CN|HCPB|BR|mBC|NEU|NEU|Competitive|Competitor,Competitor|TXT|National|A:A|1|PH,USD,5,181,55.29,BZS,HCP,2024-06-01
|CN|HCPB|BR|mBC|NEU|NEU|Condition|BZS,BZS|TXT|National|A:A|1|EX,USD,3,35,36.65,BZS,HCP,2024-06-01
|CN|HCPB|BR|mBC|NEU|NEU|Condition|BZS,BZS|TXT|National|A:A|1|PH,USD,13,164,120.72,BZS,HCP,2024-06-01
|CN|HCPB|BR|mBC|NEU|NEU|Condition|BZS,Destiny|TXT|National|A:A|1|EX,USD,2,21,20.26,BZS,HCP,2024-06-01
|CN|HCPB|BR|mBC|NEU|NEU|Condition|BZS,Destiny|TXT|National|A:A|1|PH,USD,0,31,0.0,BZS,HCP,2024-06-01
|CN|HCPB|BR|mBC|NEU|NEU|Core|Alone,Alone|TXT|National|A:A|1|EX,USD,32,591,183.43,BZS,HCP,2024-06-01
|CN|HCPB|BR|mBC|NEU|NEU|Core|Alone,Alone|TXT|National|A:A|1|PH,USD,22,369,202.55,BZS,HCP,2024-06-01
|CN|HCPB|BR|mBC|NEU|NEU|Core|Branded,Brand Alone|TXT|National|A:A|1|EX,USD,3,26,26.06,BZS,HCP,2024-06-01
|CN|HCPB|BR|mBC|NEU|NEU|Core|Branded,Brand Alone|TXT|National|A:A|1|PH,USD,7,44,88.67,BZS,HCP,2024-06-01
|CN|HCPB|BR|mBC|NEU|NEU|Information|Info,Dosing|TXT|National|A:A|1|EX,USD,2,4,9.81,BZS,HCP,2024-06-01
|CN|HCPB|BR|mBC|NEU|NEU|Information|Info,Info|TXT|National|A:A|1|EX,USD,15,56,57.8,BZS,HCP,2024-06-01
|CN|HCPB|BR|mBC|NEU|NEU|Information|Info,Info|TXT|National|A:A|1|PH,USD,0,1,0.0,BZS,HCP,2024-06-01
|CN|HCPB|BR|mBC|NEU|NEU|Information|Info,MOA|TXT|National|A:A|1|EX,USD,2,23,10.3,BZS,HCP,2024-06-01
|CN|HCPB|BR|mBC|NEU|NEU|Information|Info,Resources|TXT|National|A:A|1|EX,USD,1,10,3.86,BZS,HCP,2024-06-01
|CN|HCPB|BR|mBC|NEU|NEU|Information|Info,Safety|TXT|National|A:A|1|EX,USD,0,8,0.0,BZS,HCP,2024-06-01
|CN|HCPB|BR|mBC|NEU|NEU|Information|Info,Safety|TXT|National|A:A|1|PH,USD,0,1,0.0,BZS,HCP,2024-06-01
|CN|HCPB|BR|mBC|NEU|NEU|Information|Info,Study|TXT|National|A:A|1|EX,USD,1,8,6.37,BZS,HCP,2024-06-01
|CN|HCPB|BR|mBC|NEU|NEU|Information|Info,Study|TXT|National|A:A|1|PH,USD,14,176,171.86,BZS,HCP,2024-06-01
|CN|HCPB|BR|mBC|NEU|NEU|Information|Info,Treatment|TXT|National|A:A|1|EX,USD,3,37,39.62,BZS,HCP,2024-06-01
|CN|HCPB|BR|mBC|NEU|NEU|Information|Info,Treatment|TXT|National|A:A|1|PH,USD,4,74,50.72,BZS,HCP,2024-06-01
|CN|HCPB|UB|mBC|NEU|NEU|Condition|BZS Condition,BZS Condition|TXT|National|A:A|1|EX,USD,8,323,79.04,BZS,HCP,2024-06-01
|CN|HCPB|UB|mBC|NEU|NEU|Condition|BZS Condition,BZS Condition|TXT|National|A:A|1|EX,USD,1,36,6.87,BZS,HCP,2024-06-01
|CN|HCPB|UB|mBC|NEU|NEU|Condition|BZS Condition,BZS Condition|TXT|National|A:A|1|PH,USD,1,7,2.2800000000000002,BZS,HCP,2024-06-01
|CN|HCPB|UB|mBC|NEU|NEU|Condition|BZS Condition,BZS Condition|TXT|National|A:A|1|PH,USD,6,372,52.65,BZS,HCP,2024-06-01
|CN|HCPB|UB|mBC|NEU|NEU|Condition|BZS ITT Condition,BZS Condition|TXT|National|A:A|1|EX,USD,1,3,6.3,BZS,HCP,2024-06-01
|CN|HCPB|UB|mBC|NEU|NEU|Condition|BZS ITT Condition,BZS Condition|TXT|National|A:A|1|PH,USD,4,92,38.76,BZS,HCP,2024-06-01
|CN|HCPB|UB|mBC|NEU|NEU|Condition|BZS ITT Condition,ITT Condition|TXT|National|A:A|1|EX,USD,0,101,0.0,BZS,HCP,2024-06-01
|CN|HCPB|UB|mBC|NEU|NEU|Condition|BZS ITT Condition,ITT Condition|TXT|National|A:A|1|PH,USD,4,72,11.43,BZS,HCP,2024-06-01
|CN|HCPB|UB|mBC|NEU|NEU|Condition|Condition,Condition|TXT|National|A:A|1|EX,USD,1,22,7.63,BZS,HCP,2024-06-01
|CN|HCPB|UB|mBC|NEU|NEU|Condition|Condition,Condition|TXT|National|A:A|1|PH,USD,2,65,15.7,BZS,HCP,2024-06-01
|CN|HCPB|UB|mBC|NEU|NEU|Core|BZS,BZS|TXT|National|A:A|1|EX,USD,1,24,8.85,BZS,HCP,2024-06-01
|CN|HCPB|UB|mBC|NEU|NEU|Core|BZS,BZS|TXT|National|A:A|1|PH,USD,3,189,26.31,BZS,HCP,2024-06-01
|CN|HCPB|UB|mBC|NEU|NEU|Information|BZS Info,BZS Info|TXT|National|A:A|1|EX,USD,1,16,3.57,BZS,HCP,2024-06-01
|CN|HCPB|UB|mBC|NEU|NEU|Information|BZS Info,BZS Info|TXT|National|A:A|1|EX,USD,2,29,8.37,BZS,HCP,2024-06-01
|CN|HCPB|UB|mBC|NEU|NEU|Information|BZS Info,BZS Info|TXT|National|A:A|1|PH,USD,1,18,6.57,BZS,HCP,2024-06-01
|CN|HCPB|UB|mBC|NEU|NEU|Information|BZS Info,BZS Info|TXT|National|A:A|1|PH,USD,0,1,0.0,BZS,HCP,2024-06-01
|CN|HCPB|UB|mBC|NEU|NEU|Information|BZS Info,BZS Info|TXT|National|A:A|1|PH,USD,1,60,2.15,BZS,HCP,2024-06-01
|CN|HCPB|UB|mBC|NEU|NEU|Resources|BZS Resources,BZS Dosing|TXT|National|A:A|1|PH,USD,0,2,0.0,BZS,HCP,2024-06-01
|CN|HCPB|UB|mBC|NEU|NEU|Resources|BZS Resources,BZS Dosing|TXT|National|A:A|1|PH,USD,1,4,6.3,BZS,HCP,2024-06-01
|CN|HCPB|UB|mBC|NEU|NEU|Resources|BZS Resources,BZS MOA|TXT|National|A:A|1|PH,USD,0,1,0.0,BZS,HCP,2024-06-01
|CN|HCPB|UB|mBC|NEU|NEU|Resources|BZS Resources,BZS MOA|TXT|National|A:A|1|PH,USD,0,22,0.0,BZS,HCP,2024-06-01
|CN|HCPB|UB|mBC|NEU|NEU|Resources|BZS Resources,BZS Resources|TXT|National|A:A|1|EX,USD,0,1,0.0,BZS,HCP,2024-06-01
|CN|HCPB|UB|mBC|NEU|NEU|Resources|BZS Resources,BZS Resources|TXT|National|A:A|1|EX,USD,0,3,0.0,BZS,HCP,2024-06-01
|CN|HCPB|UB|mBC|NEU|NEU|Resources|BZS Resources,BZS Resources|TXT|National|A:A|1|PH,USD,1,41,9.36,BZS,HCP,2024-06-01
|CN|HCPB|UB|mBC|NEU|NEU|Resources|BZS Resources,BZS Resources|TXT|National|A:A|1|PH,USD,0,7,0.0,BZS,HCP,2024-06-01
|CN|HCPB|UB|mBC|NEU|NEU|Resources|BZS Resources,BZS Safety|TXT|National|A:A|1|EX,USD,0,4,0.0,BZS,HCP,2024-06-01
|CN|HCPB|UB|mBC|NEU|NEU|Resources|BZS Resources,BZS Safety|TXT|National|A:A|1|PH,USD,6,56,34.62,BZS,HCP,2024-06-01
|CN|HCPB|UB|mBC|NEU|NEU|Resources|BZS Resources,BZS Safety|TXT|National|A:A|1|PH,USD,0,4,0.0,BZS,HCP,2024-06-01
|CN|HCPB|UB|mBC|NEU|NEU|Resources|BZS Resources,BZS Trial|TXT|National|A:A|1|EX,USD,1,8,3.77,BZS,HCP,2024-06-01
|CN|HCPB|UB|mBC|NEU|NEU|Resources|BZS Resources,BZS Trial|TXT|National|A:A|1|EX,USD,0,4,0.0,BZS,HCP,2024-06-01
|CN|HCPB|UB|mBC|NEU|NEU|Resources|BZS Resources,BZS Trial|TXT|National|A:A|1|EX,USD,0,6,0.0,BZS,HCP,2024-06-01
|CN|HCPB|UB|mBC|NEU|NEU|Resources|BZS Resources,BZS Trial|TXT|National|A:A|1|PH,USD,0,9,0.0,BZS,HCP,2024-06-01
|CN|HCPB|UB|mBC|NEU|NEU|Resources|BZS Resources,BZS Trial|TXT|National|A:A|1|PH,USD,0,6,0.0,BZS,HCP,2024-06-01
|CN|HCPB|UB|mBC|NEU|NEU|Resources|BZS Resources,BZS Trial|TXT|National|A:A|1|PH,USD,18,480,151.16,BZS,HCP,2024-06-01
|CN|HCPB|UB|mBC|NEU|NEU|Treatment|BZS Treatment,BZS Treatment|TXT|National|A:A|1|EX,USD,0,0,0.0,BZS,HCP,2024-06-01
|CN|HCPB|UB|mBC|NEU|NEU|Treatment|BZS Treatment,BZS Treatment|TXT|National|A:A|1|EX,USD,0,7,0.0,BZS,HCP,2024-06-01
|CN|HCPB|UB|mBC|NEU|NEU|Treatment|BZS Treatment,BZS Treatment|TXT|National|A:A|1|EX,USD,3,30,25.23,BZS,HCP,2024-06-01
|CN|HCPB|UB|mBC|NEU|NEU|Treatment|BZS Treatment,BZS Treatment|TXT|National|A:A|1|PH,USD,55,695,561.43,BZS,HCP,2024-06-01
|CN|HCPB|UB|mBC|NEU|NEU|Treatment|BZS Treatment,BZS Treatment|TXT|National|A:A|1|PH,USD,0,6,0.0,BZS,HCP,2024-06-01
|CN|HCPB|UB|mBC|NEU|NEU|Treatment|BZS Treatment,BZS Treatment|TXT|National|A:A|1|PH,USD,26,514,172.65,BZS,HCP,2024-06-01
|CN|HCPB|UB|mBC|NEU|NEU|Treatment|Treatment,Diagnosis|TXT|National|A:A|1|EX,USD,3,33,23.09,BZS,HCP,2024-06-01
|CN|HCPB|UB|mBC|NEU|NEU|Treatment|Treatment,Diagnosis|TXT|National|A:A|1|PH,USD,0,24,0.0,BZS,HCP,2024-06-01
|CN|HCPB|UB|mBC|NEU|NEU|Treatment|Treatment,Treatment Efficacy|TXT|National|A:A|1|PH,USD,0,37,0.0,BZS,HCP,2024-06-01
|CN|HCPB|UB|mBC|NEU|NEU|Treatment|Treatment Priority,Treatment|TXT|National|A:A|1|EX,USD,0,0,0.0,BZS,HCP,2024-06-01
|CN|HCPB|UB|mBC|NEU|NEU|Treatment|Treatment Priority,Treatment|TXT|National|A:A|1|PH,USD,3,24,19.81,BZS,HCP,2024-06-01
|CN|HCPB|BR|mBC|NEU|NEU|Competitive|Competitor,Competitors|TXT|National|A:A|1|EX,USD,11,288,83.42,BZS,HCP,2024-06-02
|CN|HCPB|BR|mBC|NEU|NEU|Competitive|Competitor,Competitors|TXT|National|A:A|1|PH,USD,10,339,77.88,BZS,HCP,2024-06-02
|CN|HCPB|BR|mBC|NEU|NEU|Competitive|Competitor,Competitor|TXT|National|A:A|1|EX,USD,1,8,8.9,BZS,HCP,2024-06-02
|CN|HCPB|BR|mBC|NEU|NEU|Competitive|Competitor,Competitor|TXT|National|A:A|1|PH,USD,4,72,42.31,BZS,HCP,2024-06-02
|CN|HCPB|BR|mBC|NEU|NEU|Condition|BZS,BZS|TXT|National|A:A|1|EX,USD,5,27,66.37,BZS,HCP,2024-06-02
|CN|HCPB|BR|mBC|NEU|NEU|Condition|BZS,BZS|TXT|National|A:A|1|PH,USD,7,79,60.41,BZS,HCP,2024-06-02
|CN|HCPB|BR|mBC|NEU|NEU|Condition|BZS,Destiny|TXT|National|A:A|1|EX,USD,0,14,0.0,BZS,HCP,2024-06-02
|CN|HCPB|BR|mBC|NEU|NEU|Condition|BZS,Destiny|TXT|National|A:A|1|PH,USD,0,7,0.0,BZS,HCP,2024-06-02
|CN|HCPB|BR|mBC|NEU|NEU|Core|Alone,Alone|TXT|National|A:A|1|EX,USD,19,216,118.93,BZS,HCP,2024-06-02
|CN|HCPB|BR|mBC|NEU|NEU|Core|Alone,Alone|TXT|National|A:A|1|PH,USD,4,155,33.9,BZS,HCP,2024-06-02
|CN|HCPB|BR|mBC|NEU|NEU|Core|Branded,Brand Alone|TXT|National|A:A|1|EX,USD,1,19,8.66,BZS,HCP,2024-06-02
|CN|HCPB|BR|mBC|NEU|NEU|Core|Branded,Brand Alone|TXT|National|A:A|1|PH,USD,1,28,12.57,BZS,HCP,2024-06-02
|CN|HCPB|BR|mBC|NEU|NEU|Information|Info,Dosing|TXT|National|A:A|1|EX,USD,0,1,0.0,BZS,HCP,2024-06-02
|CN|HCPB|BR|mBC|NEU|NEU|Information|Info,Info|TXT|National|A:A|1|EX,USD,0,7,0.0,BZS,HCP,2024-06-02
|CN|HCPB|BR|mBC|NEU|NEU|Information|Info,MOA|TXT|National|A:A|1|EX,USD,1,6,11.3,BZS,HCP,2024-06-02
|CN|HCPB|BR|mBC|NEU|NEU|Information|Info,Resources|TXT|National|A:A|1|EX,USD,0,11,0.0,BZS,HCP,2024-06-02
|CN|HCPB|BR|mBC|NEU|NEU|Information|Info,Safety|TXT|National|A:A|1|EX,USD,1,5,15.14,BZS,HCP,2024-06-02
|CN|HCPB|BR|mBC|NEU|NEU|Information|Info,Study|TXT|National|A:A|1|EX,USD,0,6,0.0,BZS,HCP,2024-06-02
|CN|HCPB|BR|mBC|NEU|NEU|Information|Info,Study|TXT|National|A:A|1|PH,USD,11,107,134.5,BZS,HCP,2024-06-02
|CN|HCPB|BR|mBC|NEU|NEU|Information|Info,Treatment|TXT|National|A:A|1|EX,USD,3,19,37.46,BZS,HCP,2024-06-02
|CN|HCPB|BR|mBC|NEU|NEU|Information|Info,Treatment|TXT|National|A:A|1|PH,USD,5,32,52.58,BZS,HCP,2024-06-02
|CN|HCPB|UB|mBC|NEU|NEU|Condition|BZS Condition,BZS Condition|TXT|National|A:A|1|EX,USD,6,159,67.88,BZS,HCP,2024-06-02
|CN|HCPB|UB|mBC|NEU|NEU|Condition|BZS Condition,BZS Condition|TXT|National|A:A|1|EX,USD,3,23,13.12,BZS,HCP,2024-06-02
|CN|HCPB|UB|mBC|NEU|NEU|Condition|BZS Condition,BZS Condition|TXT|National|A:A|1|PH,USD,0,5,0.0,BZS,HCP,2024-06-02
|CN|HCPB|UB|mBC|NEU|NEU|Condition|BZS Condition,BZS Condition|TXT|National|A:A|1|PH,USD,10,189,90.59,BZS,HCP,2024-06-02
|CN|HCPB|UB|mBC|NEU|NEU|Condition|BZS ITT Condition,BZS Condition|TXT|National|A:A|1|EX,USD,0,8,0.0,BZS,HCP,2024-06-02
|CN|HCPB|UB|mBC|NEU|NEU|Condition|BZS ITT Condition,BZS Condition|TXT|National|A:A|1|PH,USD,5,173,32.67,BZS,HCP,2024-06-02
|CN|HCPB|UB|mBC|NEU|NEU|Condition|BZS ITT Condition,ITT Condition|TXT|National|A:A|1|EX,USD,1,177,2.9,BZS,HCP,2024-06-02
|CN|HCPB|UB|mBC|NEU|NEU|Condition|BZS ITT Condition,ITT Condition|TXT|National|A:A|1|PH,USD,2,144,6.01,BZS,HCP,2024-06-02
|CN|HCPB|UB|mBC|NEU|NEU|Condition|Condition,Condition|TXT|National|A:A|1|EX,USD,2,46,12.49,BZS,HCP,2024-06-02
|CN|HCPB|UB|mBC|NEU|NEU|Condition|Condition,Condition|TXT|National|A:A|1|PH,USD,1,115,8.03,BZS,HCP,2024-06-02
|CN|HCPB|UB|mBC|NEU|NEU|Core|BZS,BZS|TXT|National|A:A|1|EX,USD,0,46,0.0,BZS,HCP,2024-06-02
|CN|HCPB|UB|mBC|NEU|NEU|Core|BZS,BZS|TXT|National|A:A|1|PH,USD,8,195,70.11,BZS,HCP,2024-06-02
|CN|HCPB|UB|mBC|NEU|NEU|Information|BZS Info,BZS Info|TXT|National|A:A|1|EX,USD,2,73,7.36,BZS,HCP,2024-06-02
|CN|HCPB|UB|mBC|NEU|NEU|Information|BZS Info,BZS Info|TXT|National|A:A|1|EX,USD,1,7,6.66,BZS,HCP,2024-06-02
|CN|HCPB|UB|mBC|NEU|NEU|Information|BZS Info,BZS Info|TXT|National|A:A|1|PH,USD,1,13,3.5,BZS,HCP,2024-06-02
|CN|HCPB|UB|mBC|NEU|NEU|Information|BZS Info,BZS Info|TXT|National|A:A|1|PH,USD,3,136,6.82,BZS,HCP,2024-06-02
|CN|HCPB|UB|mBC|NEU|NEU|Resources|BZS Resources,BZS Dosing|TXT|National|A:A|1|PH,USD,2,9,11.66,BZS,HCP,2024-06-02
|CN|HCPB|UB|mBC|NEU|NEU|Resources|BZS Resources,BZS MOA|TXT|National|A:A|1|PH,USD,1,10,6.76,BZS,HCP,2024-06-02
|CN|HCPB|UB|mBC|NEU|NEU|Resources|BZS Resources,BZS MOA|TXT|National|A:A|1|PH,USD,0,1,0.0,BZS,HCP,2024-06-02
|CN|HCPB|UB|mBC|NEU|NEU|Resources|BZS Resources,BZS Resources|TXT|National|A:A|1|EX,USD,0,1,0.0,BZS,HCP,2024-06-02
|CN|HCPB|UB|mBC|NEU|NEU|Resources|BZS Resources,BZS Resources|TXT|National|A:A|1|EX,USD,0,3,0.0,BZS,HCP,2024-06-02
|CN|HCPB|UB|mBC|NEU|NEU|Resources|BZS Resources,BZS Resources|TXT|National|A:A|1|PH,USD,0,21,0.0,BZS,HCP,2024-06-02
|CN|HCPB|UB|mBC|NEU|NEU|Resources|BZS Resources,BZS Resources|TXT|National|A:A|1|PH,USD,0,1,0.0,BZS,HCP,2024-06-02
|CN|HCPB|UB|mBC|NEU|NEU|Resources|BZS Resources,BZS Safety|TXT|National|A:A|1|EX,USD,0,6,0.0,BZS,HCP,2024-06-02
|CN|HCPB|UB|mBC|NEU|NEU|Resources|BZS Resources,BZS Safety|TXT|National|A:A|1|PH,USD,0,43,0.0,BZS,HCP,2024-06-02
|CN|HCPB|UB|mBC|NEU|NEU|Resources|BZS Resources,BZS Safety|TXT|National|A:A|1|PH,USD,0,6,0.0,BZS,HCP,2024-06-02
|CN|HCPB|UB|mBC|NEU|NEU|Resources|BZS Resources,BZS Trial|TXT|National|A:A|1|EX,USD,0,11,0.0,BZS,HCP,2024-06-02
|CN|HCPB|UB|mBC|NEU|NEU|Resources|BZS Resources,BZS Trial|TXT|National|A:A|1|EX,USD,0,10,0.0,BZS,HCP,2024-06-02
|CN|HCPB|UB|mBC|NEU|NEU|Resources|BZS Resources,BZS Trial|TXT|National|A:A|1|EX,USD,0,6,0.0,BZS,HCP,2024-06-02
|CN|HCPB|UB|mBC|NEU|NEU|Resources|BZS Resources,BZS Trial|TXT|National|A:A|1|PH,USD,0,19,0.0,BZS,HCP,2024-06-02
|CN|HCPB|UB|mBC|NEU|NEU|Resources|BZS Resources,BZS Trial|TXT|National|A:A|1|PH,USD,0,14,0.0,BZS,HCP,2024-06-02
|CN|HCPB|UB|mBC|NEU|NEU|Resources|BZS Resources,BZS Trial|TXT|National|A:A|1|PH,USD,22,380,167.82,BZS,HCP,2024-06-02
|CN|HCPB|UB|mBC|NEU|NEU|Treatment|BZS Treatment,BZS Treatment|TXT|National|A:A|1|EX,USD,0,9,0.0,BZS,HCP,2024-06-02
|CN|HCPB|UB|mBC|NEU|NEU|Treatment|BZS Treatment,BZS Treatment|TXT|National|A:A|1|EX,USD,3,19,25.99,BZS,HCP,2024-06-02
|CN|HCPB|UB|mBC|NEU|NEU|Treatment|BZS Treatment,BZS Treatment|TXT|National|A:A|1|EX,USD,0,0,0.0,BZS,HCP,2024-06-02
|CN|HCPB|UB|mBC|NEU|NEU|Treatment|BZS Treatment,BZS Treatment|TXT|National|A:A|1|PH,USD,0,2,0.0,BZS,HCP,2024-06-02
|CN|HCPB|UB|mBC|NEU|NEU|Treatment|BZS Treatment,BZS Treatment|TXT|National|A:A|1|PH,USD,18,554,110.0,BZS,HCP,2024-06-02
|CN|HCPB|UB|mBC|NEU|NEU|Treatment|BZS Treatment,BZS Treatment|TXT|National|A:A|1|PH,USD,55,737,560.41,BZS,HCP,2024-06-02
|CN|HCPB|UB|mBC|NEU|NEU|Treatment|Treatment,Diagnosis|TXT|National|A:A|1|EX,USD,0,39,0.0,BZS,HCP,2024-06-02
|CN|HCPB|UB|mBC|NEU|NEU|Treatment|Treatment,Diagnosis|TXT|National|A:A|1|PH,USD,2,27,13.68,BZS,HCP,2024-06-02
|CN|HCPB|UB|mBC|NEU|NEU|Treatment|Treatment,Treatment Efficacy|TXT|National|A:A|1|PH,USD,1,40,8.36,BZS,HCP,2024-06-02
|CN|HCPB|UB|mBC|NEU|NEU|Treatment|Treatment Priority,Treatment|TXT|National|A:A|1|EX,USD,0,11,0.0,BZS,HCP,2024-06-02
|CN|HCPB|UB|mBC|NEU|NEU|Treatment|Treatment Priority,Treatment|TXT|National|A:A|1|PH,USD,3,101,22.53,BZS,HCP,2024-06-02
|CN|HCPB|BR|mBC|NEU|NEU|Competitive|Competitor,Competitors|TXT|National|A:A|1|EX,USD,6,267,41.62,BZS,HCP,2024-06-03
|CN|HCPB|BR|mBC|NEU|NEU|Competitive|Competitor,Competitors|TXT|National|A:A|1|PH,USD,7,337,54.0,BZS,HCP,2024-06-03
|CN|HCPB|BR|mBC|NEU|NEU|Competitive|Competitor,Competitor|TXT|National|A:A|1|EX,USD,0,3,0.0,BZS,HCP,2024-06-03
|CN|HCPB|BR|mBC|NEU|NEU|Competitive|Competitor,Competitor|TXT|National|A:A|1|PH,USD,1,69,8.81,BZS,HCP,2024-06-03
|CN|HCPB|BR|mBC|NEU|NEU|Condition|BZS,BZS|TXT|National|A:A|1|EX,USD,3,19,36.22,BZS,HCP,2024-06-03
|CN|HCPB|BR|mBC|NEU|NEU|Condition|BZS,BZS|TXT|National|A:A|1|PH,USD,6,70,53.99,BZS,HCP,2024-06-03
|CN|HCPB|BR|mBC|NEU|NEU|Condition|BZS,Destiny|TXT|National|A:A|1|EX,USD,0,5,0.0,BZS,HCP,2024-06-03
|CN|HCPB|BR|mBC|NEU|NEU|Condition|BZS,Destiny|TXT|National|A:A|1|PH,USD,0,5,0.0,BZS,HCP,2024-06-03
|CN|HCPB|BR|mBC|NEU|NEU|Core|Alone,Alone|TXT|National|A:A|1|EX,USD,18,240,103.74,BZS,HCP,2024-06-03
|CN|HCPB|BR|mBC|NEU|NEU|Core|Alone,Alone|TXT|National|A:A|1|PH,USD,8,197,74.0,BZS,HCP,2024-06-03
|CN|HCPB|BR|mBC|NEU|NEU|Core|Branded,Brand Alone|TXT|National|A:A|1|EX,USD,0,12,0.0,BZS,HCP,2024-06-03
|CN|HCPB|BR|mBC|NEU|NEU|Core|Branded,Brand Alone|TXT|National|A:A|1|PH,USD,1,26,12.61,BZS,HCP,2024-06-03
|CN|HCPB|BR|mBC|NEU|NEU|Information|Info,Dosing|TXT|National|A:A|1|EX,USD,1,8,4.08,BZS,HCP,2024-06-03
|CN|HCPB|BR|mBC|NEU|NEU|Information|Info,Info|TXT|National|A:A|1|EX,USD,2,12,7.87,BZS,HCP,2024-06-03
|CN|HCPB|BR|mBC|NEU|NEU|Information|Info,MOA|TXT|National|A:A|1|EX,USD,0,10,0.0,BZS,HCP,2024-06-03
|CN|HCPB|BR|mBC|NEU|NEU|Information|Info,Resources|TXT|National|A:A|1|EX,USD,0,13,0.0,BZS,HCP,2024-06-03
|CN|HCPB|BR|mBC|NEU|NEU|Information|Info,Safety|TXT|National|A:A|1|EX,USD,0,15,0.0,BZS,HCP,2024-06-03
|CN|HCPB|BR|mBC|NEU|NEU|Information|Info,Safety|TXT|National|A:A|1|PH,USD,0,1,0.0,BZS,HCP,2024-06-03
|CN|HCPB|BR|mBC|NEU|NEU|Information|Info,Study|TXT|National|A:A|1|EX,USD,0,3,0.0,BZS,HCP,2024-06-03
|CN|HCPB|BR|mBC|NEU|NEU|Information|Info,Study|TXT|National|A:A|1|PH,USD,2,70,24.48,BZS,HCP,2024-06-03
|CN|HCPB|BR|mBC|NEU|NEU|Information|Info,Treatment|TXT|National|A:A|1|EX,USD,3,27,35.42,BZS,HCP,2024-06-03
|CN|HCPB|BR|mBC|NEU|NEU|Information|Info,Treatment|TXT|National|A:A|1|PH,USD,0,35,0.0,BZS,HCP,2024-06-03
|CN|HCPB|UB|mBC|NEU|NEU|Condition|BZS Condition,BZS Condition|TXT|National|A:A|1|EX,USD,2,3,11.54,BZS,HCP,2024-06-03
|CN|HCPB|UB|mBC|NEU|NEU|Condition|BZS Condition,BZS Condition|TXT|National|A:A|1|EX,USD,7,147,76.41,BZS,HCP,2024-06-03
|CN|HCPB|UB|mBC|NEU|NEU|Condition|BZS Condition,BZS Condition|TXT|National|A:A|1|PH,USD,0,1,0.0,BZS,HCP,2024-06-03
|CN|HCPB|UB|mBC|NEU|NEU|Condition|BZS Condition,BZS Condition|TXT|National|A:A|1|PH,USD,0,203,0.0,BZS,HCP,2024-06-03
|CN|HCPB|UB|mBC|NEU|NEU|Condition|BZS ITT Condition,BZS Condition|TXT|National|A:A|1|EX,USD,0,10,0.0,BZS,HCP,2024-06-03
|CN|HCPB|UB|mBC|NEU|NEU|Condition|BZS ITT Condition,BZS Condition|TXT|National|A:A|1|PH,USD,7,127,48.33,BZS,HCP,2024-06-03
|CN|HCPB|UB|mBC|NEU|NEU|Condition|BZS ITT Condition,ITT Condition|TXT|National|A:A|1|EX,USD,2,160,5.83,BZS,HCP,2024-06-03
|CN|HCPB|UB|mBC|NEU|NEU|Condition|BZS ITT Condition,ITT Condition|TXT|National|A:A|1|PH,USD,2,155,6.21,BZS,HCP,2024-06-03
|CN|HCPB|UB|mBC|NEU|NEU|Condition|Condition,Condition|TXT|National|A:A|1|EX,USD,3,22,23.15,BZS,HCP,2024-06-03
|CN|HCPB|UB|mBC|NEU|NEU|Condition|Condition,Condition|TXT|National|A:A|1|PH,USD,0,59,0.0,BZS,HCP,2024-06-03
|CN|HCPB|UB|mBC|NEU|NEU|Core|BZS,BZS|TXT|National|A:A|1|EX,USD,0,23,0.0,BZS,HCP,2024-06-03
|CN|HCPB|UB|mBC|NEU|NEU|Core|BZS,BZS|TXT|National|A:A|1|PH,USD,6,139,51.86,BZS,HCP,2024-06-03
|CN|HCPB|UB|mBC|NEU|NEU|Information|BZS Info,BZS Info|TXT|National|A:A|1|EX,USD,2,14,11.01,BZS,HCP,2024-06-03
|CN|HCPB|UB|mBC|NEU|NEU|Information|BZS Info,BZS Info|TXT|National|A:A|1|EX,USD,1,62,4.48,BZS,HCP,2024-06-03
|CN|HCPB|UB|mBC|NEU|NEU|Information|BZS Info,BZS Info|TXT|National|A:A|1|PH,USD,0,33,0.0,BZS,HCP,2024-06-03
|CN|HCPB|UB|mBC|NEU|NEU|Information|BZS Info,BZS Info|TXT|National|A:A|1|PH,USD,3,124,6.7,BZS,HCP,2024-06-03
|CN|HCPB|UB|mBC|NEU|NEU|Information|BZS Info,BZS Info|TXT|National|A:A|1|PH,USD,0,1,0.0,BZS,HCP,2024-06-03
|CN|HCPB|UB|mBC|NEU|NEU|Resources|BZS Resources,BZS Dosing|TXT|National|A:A|1|PH,USD,1,4,6.33,BZS,HCP,2024-06-03
|CN|HCPB|UB|mBC|NEU|NEU|Resources|BZS Resources,BZS Dosing|TXT|National|A:A|1|PH,USD,0,0,0.0,BZS,HCP,2024-06-03
|CN|HCPB|UB|mBC|NEU|NEU|Resources|BZS Resources,BZS MOA|TXT|National|A:A|1|PH,USD,0,27,0.0,BZS,HCP,2024-06-03
|CN|HCPB|UB|mBC|NEU|NEU|Resources|BZS Resources,BZS Resources|TXT|National|A:A|1|EX,USD,0,1,0.0,BZS,HCP,2024-06-03
|CN|HCPB|UB|mBC|NEU|NEU|Resources|BZS Resources,BZS Resources|TXT|National|A:A|1|EX,USD,0,5,0.0,BZS,HCP,2024-06-03
|CN|HCPB|UB|mBC|NEU|NEU|Resources|BZS Resources,BZS Resources|TXT|National|A:A|1|PH,USD,0,12,0.0,BZS,HCP,2024-06-03
|CN|HCPB|UB|mBC|NEU|NEU|Resources|BZS Resources,BZS Resources|TXT|National|A:A|1|PH,USD,0,6,0.0,BZS,HCP,2024-06-03
|CN|HCPB|UB|mBC|NEU|NEU|Resources|BZS Resources,BZS Safety|TXT|National|A:A|1|EX,USD,0,1,0.0,BZS,HCP,2024-06-03
|CN|HCPB|UB|mBC|NEU|NEU|Resources|BZS Resources,BZS Safety|TXT|National|A:A|1|PH,USD,1,39,5.51,BZS,HCP,2024-06-03
|CN|HCPB|UB|mBC|NEU|NEU|Resources|BZS Resources,BZS Safety|TXT|National|A:A|1|PH,USD,0,14,0.0,BZS,HCP,2024-06-03
|CN|HCPB|UB|mBC|NEU|NEU|Resources|BZS Resources,BZS Trial|TXT|National|A:A|1|EX,USD,0,2,0.0,BZS,HCP,2024-06-03
|CN|HCPB|UB|mBC|NEU|NEU|Resources|BZS Resources,BZS Trial|TXT|National|A:A|1|EX,USD,1,13,6.61,BZS,HCP,2024-06-03
|CN|HCPB|UB|mBC|NEU|NEU|Resources|BZS Resources,BZS Trial|TXT|National|A:A|1|EX,USD,0,12,0.0,BZS,HCP,2024-06-03
|CN|HCPB|UB|mBC|NEU|NEU|Resources|BZS Resources,BZS Trial|TXT|National|A:A|1|PH,USD,21,487,161.93,BZS,HCP,2024-06-03
|CN|HCPB|UB|mBC|NEU|NEU|Resources|BZS Resources,BZS Trial|TXT|National|A:A|1|PH,USD,2,20,4.92,BZS,HCP,2024-06-03
|CN|HCPB|UB|mBC|NEU|NEU|Treatment|BZS Treatment,BZS Treatment|TXT|National|A:A|1|EX,USD,0,14,0.0,BZS,HCP,2024-06-03
|CN|HCPB|UB|mBC|NEU|NEU|Treatment|BZS Treatment,BZS Treatment|TXT|National|A:A|1|EX,USD,0,2,0.0,BZS,HCP,2024-06-03
|CN|HCPB|UB|mBC|NEU|NEU|Treatment|BZS Treatment,BZS Treatment|TXT|National|A:A|1|PH,USD,52,602,538.12,BZS,HCP,2024-06-03
|CN|HCPB|UB|mBC|NEU|NEU|Treatment|BZS Treatment,BZS Treatment|TXT|National|A:A|1|PH,USD,0,6,0.0,BZS,HCP,2024-06-03
|CN|HCPB|UB|mBC|NEU|NEU|Treatment|BZS Treatment,BZS Treatment|TXT|National|A:A|1|PH,USD,29,515,185.0,BZS,HCP,2024-06-03
|CN|HCPB|UB|mBC|NEU|NEU|Treatment|Treatment,Diagnosis|TXT|National|A:A|1|EX,USD,2,6,13.76,BZS,HCP,2024-06-03
|CN|HCPB|UB|mBC|NEU|NEU|Treatment|Treatment,Diagnosis|TXT|National|A:A|1|PH,USD,0,8,0.0,BZS,HCP,2024-06-03
|CN|HCPB|UB|mBC|NEU|NEU|Treatment|Treatment,Treatment Efficacy|TXT|National|A:A|1|EX,USD,0,0,0.0,BZS,HCP,2024-06-03
|CN|HCPB|UB|mBC|NEU|NEU|Treatment|Treatment,Treatment Efficacy|TXT|National|A:A|1|PH,USD,1,15,8.36,BZS,HCP,2024-06-03
|CN|HCPB|UB|mBC|NEU|NEU|Treatment|Treatment Priority,Treatment|TXT|National|A:A|1|EX,USD,0,11,0.0,BZS,HCP,2024-06-03
|CN|HCPB|UB|mBC|NEU|NEU|Treatment|Treatment Priority,Treatment|TXT|National|A:A|1|PH,USD,3,81,23.36,BZS,HCP,2024-06-03
|CN|HCPB|BR|mBC|NEU|NEU|Competitive|Competitor,Competitors|TXT|National|A:A|1|EX,USD,17,419,134.02,BZS,HCP,2024-06-04
|CN|HCPB|BR|mBC|NEU|NEU|Competitive|Competitor,Competitors|TXT|National|A:A|1|PH,USD,28,583,223.14,BZS,HCP,2024-06-04
|CN|HCPB|BR|mBC|NEU|NEU|Competitive|Competitor,Competitor|TXT|National|A:A|1|EX,USD,0,9,0.0,BZS,HCP,2024-06-04
|CN|HCPB|BR|mBC|NEU|NEU|Competitive|Competitor,Competitor|TXT|National|A:A|1|PH,USD,2,167,20.08,BZS,HCP,2024-06-04
|CN|HCPB|BR|mBC|NEU|NEU|Condition|BZS,BZS|TXT|National|A:A|1|EX,USD,2,22,24.22,BZS,HCP,2024-06-04
|CN|HCPB|BR|mBC|NEU|NEU|Condition|BZS,BZS|TXT|National|A:A|1|PH,USD,10,171,82.69,BZS,HCP,2024-06-04
|CN|HCPB|BR|mBC|NEU|NEU|Condition|BZS,Destiny|TXT|National|A:A|1|EX,USD,1,21,9.74,BZS,HCP,2024-06-04
|CN|HCPB|BR|mBC|NEU|NEU|Condition|BZS,Destiny|TXT|National|A:A|1|PH,USD,0,21,0.0,BZS,HCP,2024-06-04
|CN|HCPB|BR|mBC|NEU|NEU|Core|Alone,Alone|TXT|National|A:A|1|EX,USD,51,619,282.95,BZS,HCP,2024-06-04
|CN|HCPB|BR|mBC|NEU|NEU|Core|Alone,Alone|TXT|National|A:A|1|PH,USD,18,438,156.65,BZS,HCP,2024-06-04
|CN|HCPB|BR|mBC|NEU|NEU|Core|Branded,Brand Alone|TXT|National|A:A|1|EX,USD,9,92,99.23,BZS,HCP,2024-06-04
|CN|HCPB|BR|mBC|NEU|NEU|Core|Branded,Brand Alone|TXT|National|A:A|1|PH,USD,5,62,64.58,BZS,HCP,2024-06-04
|CN|HCPB|BR|mBC|NEU|NEU|Information|Info,Dosing|TXT|National|A:A|1|EX,USD,2,5,10.65,BZS,HCP,2024-06-04
|CN|HCPB|BR|mBC|NEU|NEU|Information|Info,Info|TXT|National|A:A|1|EX,USD,13,66,59.9,BZS,HCP,2024-06-04
|CN|HCPB|BR|mBC|NEU|NEU|Information|Info,Info|TXT|National|A:A|1|PH,USD,0,2,0.0,BZS,HCP,2024-06-04
|CN|HCPB|BR|mBC|NEU|NEU|Information|Info,MOA|TXT|National|A:A|1|EX,USD,3,21,28.79,BZS,HCP,2024-06-04
|CN|HCPB|BR|mBC|NEU|NEU|Information|Info,Resources|TXT|National|A:A|1|EX,USD,0,13,0.0,BZS,HCP,2024-06-04
|CN|HCPB|BR|mBC|NEU|NEU|Information|Info,Safety|TXT|National|A:A|1|EX,USD,3,32,28.88,BZS,HCP,2024-06-04
|CN|HCPB|BR|mBC|NEU|NEU|Information|Info,Study|TXT|National|A:A|1|EX,USD,0,19,0.0,BZS,HCP,2024-06-04
|CN|HCPB|BR|mBC|NEU|NEU|Information|Info,Study|TXT|National|A:A|1|PH,USD,10,165,124.86,BZS,HCP,2024-06-04
|CN|HCPB|BR|mBC|NEU|NEU|Information|Info,Treatment|TXT|National|A:A|1|EX,USD,4,52,55.24,BZS,HCP,2024-06-04
|CN|HCPB|BR|mBC|NEU|NEU|Information|Info,Treatment|TXT|National|A:A|1|PH,USD,5,75,64.85,BZS,HCP,2024-06-04
|CN|HCPB|UB|mBC|NEU|NEU|Condition|BZS Condition,BZS Condition|TXT|National|A:A|1|EX,USD,13,214,145.22,BZS,HCP,2024-06-04
|CN|HCPB|UB|mBC|NEU|NEU|Condition|BZS Condition,BZS Condition|TXT|National|A:A|1|EX,USD,2,24,11.47,BZS,HCP,2024-06-04
|CN|HCPB|UB|mBC|NEU|NEU|Condition|BZS Condition,BZS Condition|TXT|National|A:A|1|PH,USD,0,7,0.0,BZS,HCP,2024-06-04
|CN|HCPB|UB|mBC|NEU|NEU|Condition|BZS Condition,BZS Condition|TXT|National|A:A|1|PH,USD,4,302,36.43,BZS,HCP,2024-06-04
|CN|HCPB|UB|mBC|NEU|NEU|Condition|BZS ITT Condition,BZS Condition|TXT|National|A:A|1|EX,USD,0,15,0.0,BZS,HCP,2024-06-04
|CN|HCPB|UB|mBC|NEU|NEU|Condition|BZS ITT Condition,BZS Condition|TXT|National|A:A|1|PH,USD,4,333,31.64,BZS,HCP,2024-06-04
|CN|HCPB|UB|mBC|NEU|NEU|Condition|BZS ITT Condition,ITT Condition|TXT|National|A:A|1|EX,USD,3,206,8.19,BZS,HCP,2024-06-04
|CN|HCPB|UB|mBC|NEU|NEU|Condition|BZS ITT Condition,ITT Condition|TXT|National|A:A|1|PH,USD,5,222,17.14,BZS,HCP,2024-06-04
|CN|HCPB|UB|mBC|NEU|NEU|Condition|Condition,Condition|TXT|National|A:A|1|EX,USD,0,12,0.0,BZS,HCP,2024-06-04
|CN|HCPB|UB|mBC|NEU|NEU|Condition|Condition,Condition|TXT|National|A:A|1|PH,USD,3,40,20.62,BZS,HCP,2024-06-04
|CN|HCPB|UB|mBC|NEU|NEU|Core|BZS,BZS|TXT|National|A:A|1|EX,USD,1,43,8.72,BZS,HCP,2024-06-04
|CN|HCPB|UB|mBC|NEU|NEU|Core|BZS,BZS|TXT|National|A:A|1|PH,USD,5,317,43.76,BZS,HCP,2024-06-04
|CN|HCPB|UB|mBC|NEU|NEU|Information|BZS Info,BZS Info|TXT|National|A:A|1|EX,USD,2,28,6.91,BZS,HCP,2024-06-04
|CN|HCPB|UB|mBC|NEU|NEU|Information|BZS Info,BZS Info|TXT|National|A:A|1|EX,USD,1,36,5.46,BZS,HCP,2024-06-04
|CN|HCPB|UB|mBC|NEU|NEU|Information|BZS Info,BZS Info|TXT|National|A:A|1|PH,USD,2,54,5.85,BZS,HCP,2024-06-04
|CN|HCPB|UB|mBC|NEU|NEU|Information|BZS Info,BZS Info|TXT|National|A:A|1|PH,USD,2,68,4.33,BZS,HCP,2024-06-04
|CN|HCPB|UB|mBC|NEU|NEU|Resources|BZS Resources,BZS Dosing|TXT|National|A:A|1|PH,USD,0,1,0.0,BZS,HCP,2024-06-04
|CN|HCPB|UB|mBC|NEU|NEU|Resources|BZS Resources,BZS Dosing|TXT|National|A:A|1|PH,USD,0,2,0.0,BZS,HCP,2024-06-04
|CN|HCPB|UB|mBC|NEU|NEU|Resources|BZS Resources,BZS MOA|TXT|National|A:A|1|PH,USD,0,5,0.0,BZS,HCP,2024-06-04
|CN|HCPB|UB|mBC|NEU|NEU|Resources|BZS Resources,BZS Resources|TXT|National|A:A|1|EX,USD,0,1,0.0,BZS,HCP,2024-06-04
|CN|HCPB|UB|mBC|NEU|NEU|Resources|BZS Resources,BZS Resources|TXT|National|A:A|1|EX,USD,0,1,0.0,BZS,HCP,2024-06-04
|CN|HCPB|UB|mBC|NEU|NEU|Resources|BZS Resources,BZS Resources|TXT|National|A:A|1|PH,USD,0,14,0.0,BZS,HCP,2024-06-04
|CN|HCPB|UB|mBC|NEU|NEU|Resources|BZS Resources,BZS Safety|TXT|National|A:A|1|EX,USD,0,2,0.0,BZS,HCP,2024-06-04
|CN|HCPB|UB|mBC|NEU|NEU|Resources|BZS Resources,BZS Safety|TXT|National|A:A|1|PH,USD,1,5,2.7800000000000002,BZS,HCP,2024-06-04
|CN|HCPB|UB|mBC|NEU|NEU|Resources|BZS Resources,BZS Safety|TXT|National|A:A|1|PH,USD,3,33,23.35,BZS,HCP,2024-06-04
|CN|HCPB|UB|mBC|NEU|NEU|Resources|BZS Resources,BZS Trial|TXT|National|A:A|1|EX,USD,0,1,0.0,BZS,HCP,2024-06-04
|CN|HCPB|UB|mBC|NEU|NEU|Resources|BZS Resources,BZS Trial|TXT|National|A:A|1|EX,USD,1,7,6.89,BZS,HCP,2024-06-04
|CN|HCPB|UB|mBC|NEU|NEU|Resources|BZS Resources,BZS Trial|TXT|National|A:A|1|EX,USD,1,3,2.96,BZS,HCP,2024-06-04
|CN|HCPB|UB|mBC|NEU|NEU|Resources|BZS Resources,BZS Trial|TXT|National|A:A|1|PH,USD,0,11,0.0,BZS,HCP,2024-06-04
|CN|HCPB|UB|mBC|NEU|NEU|Resources|BZS Resources,BZS Trial|TXT|National|A:A|1|PH,USD,16,279,132.5,BZS,HCP,2024-06-04
|CN|HCPB|UB|mBC|NEU|NEU|Resources|BZS Resources,BZS Trial|TXT|National|A:A|1|PH,USD,2,11,5.87,BZS,HCP,2024-06-04
|CN|HCPB|UB|mBC|NEU|NEU|Treatment|BZS Treatment,BZS Treatment|TXT|National|A:A|1|EX,USD,1,14,6.86,BZS,HCP,2024-06-04
|CN|HCPB|UB|mBC|NEU|NEU|Treatment|BZS Treatment,BZS Treatment|TXT|National|A:A|1|EX,USD,0,1,0.0,BZS,HCP,2024-06-04
|CN|HCPB|UB|mBC|NEU|NEU|Treatment|BZS Treatment,BZS Treatment|TXT|National|A:A|1|EX,USD,0,2,0.0,BZS,HCP,2024-06-04
|CN|HCPB|UB|mBC|NEU|NEU|Treatment|BZS Treatment,BZS Treatment|TXT|National|A:A|1|PH,USD,29,730,181.49,BZS,HCP,2024-06-04
|CN|HCPB|UB|mBC|NEU|NEU|Treatment|BZS Treatment,BZS Treatment|TXT|National|A:A|1|PH,USD,0,7,0.0,BZS,HCP,2024-06-04
|CN|HCPB|UB|mBC|NEU|NEU|Treatment|BZS Treatment,BZS Treatment|TXT|National|A:A|1|PH,USD,53,536,562.83,BZS,HCP,2024-06-04
|CN|HCPB|UB|mBC|NEU|NEU|Treatment|Treatment,Diagnosis|TXT|National|A:A|1|EX,USD,2,41,13.6,BZS,HCP,2024-06-04
|CN|HCPB|UB|mBC|NEU|NEU|Treatment|Treatment,Diagnosis|TXT|National|A:A|1|PH,USD,0,19,0.0,BZS,HCP,2024-06-04
|CN|HCPB|UB|mBC|NEU|NEU|Treatment|Treatment,Treatment Efficacy|TXT|National|A:A|1|PH,USD,1,33,9.43,BZS,HCP,2024-06-04
|CN|HCPB|UB|mBC|NEU|NEU|Treatment|Treatment Priority,Treatment|TXT|National|A:A|1|EX,USD,3,23,25.18,BZS,HCP,2024-06-04
|CN|HCPB|UB|mBC|NEU|NEU|Treatment|Treatment Priority,Treatment|TXT|National|A:A|1|PH,USD,11,221,83.98,BZS,HCP,2024-06-04
|CN|HCPB|BR|mBC|NEU|NEU|Competitive|Competitor,Competitors|TXT|National|A:A|1|EX,USD,21,527,156.75,BZS,HCP,2024-06-05
|CN|HCPB|BR|mBC|NEU|NEU|Competitive|Competitor,Competitors|TXT|National|A:A|1|PH,USD,20,623,154.08,BZS,HCP,2024-06-05
|CN|HCPB|BR|mBC|NEU|NEU|Competitive|Competitor,Competitor|TXT|National|A:A|1|EX,USD,2,46,8.4,BZS,HCP,2024-06-05
|CN|HCPB|BR|mBC|NEU|NEU|Competitive|Competitor,Competitor|TXT|National|A:A|1|PH,USD,3,220,31.27,BZS,HCP,2024-06-05
|CN|HCPB|BR|mBC|NEU|NEU|Condition|BZS,BZS|TXT|National|A:A|1|EX,USD,3,26,39.15,BZS,HCP,2024-06-05
|CN|HCPB|BR|mBC|NEU|NEU|Condition|BZS,BZS|TXT|National|A:A|1|PH,USD,19,234,176.53,BZS,HCP,2024-06-05
|CN|HCPB|BR|mBC|NEU|NEU|Condition|BZS,Destiny|TXT|National|A:A|1|EX,USD,1,14,11.8,BZS,HCP,2024-06-05
|CN|HCPB|BR|mBC|NEU|NEU|Condition|BZS,Destiny|TXT|National|A:A|1|PH,USD,3,26,37.63,BZS,HCP,2024-06-05
|CN|HCPB|BR|mBC|NEU|NEU|Core|Alone,Alone|TXT|National|A:A|1|EX,USD,66,776,401.9,BZS,HCP,2024-06-05
|CN|HCPB|BR|mBC|NEU|NEU|Core|Alone,Alone|TXT|National|A:A|1|PH,USD,24,494,209.4,BZS,HCP,2024-06-05
|CN|HCPB|BR|mBC|NEU|NEU|Core|Branded,Brand Alone|TXT|National|A:A|1|EX,USD,11,143,115.37,BZS,HCP,2024-06-05
|CN|HCPB|BR|mBC|NEU|NEU|Core|Branded,Brand Alone|TXT|National|A:A|1|PH,USD,2,55,27.6,BZS,HCP,2024-06-05
|CN|HCPB|BR|mBC|NEU|NEU|Information|Info,Dosing|TXT|National|A:A|1|EX,USD,3,14,12.25,BZS,HCP,2024-06-05
|CN|HCPB|BR|mBC|NEU|NEU|Information|Info,Info|TXT|National|A:A|1|EX,USD,17,90,80.39,BZS,HCP,2024-06-05
|CN|HCPB|BR|mBC|NEU|NEU|Information|Info,Info|TXT|National|A:A|1|PH,USD,0,3,0.0,BZS,HCP,2024-06-05
|CN|HCPB|BR|mBC|NEU|NEU|Information|Info,MOA|TXT|National|A:A|1|EX,USD,3,18,11.72,BZS,HCP,2024-06-05
|CN|HCPB|BR|mBC|NEU|NEU|Information|Info,Resources|TXT|National|A:A|1|EX,USD,0,16,0.0,BZS,HCP,2024-06-05
|CN|HCPB|BR|mBC|NEU|NEU|Information|Info,Safety|TXT|National|A:A|1|EX,USD,1,20,14.78,BZS,HCP,2024-06-05
|CN|HCPB|BR|mBC|NEU|NEU|Information|Info,Study|TXT|National|A:A|1|EX,USD,0,22,0.0,BZS,HCP,2024-06-05
|CN|HCPB|BR|mBC|NEU|NEU|Information|Info,Study|TXT|National|A:A|1|PH,USD,4,121,51.49,BZS,HCP,2024-06-05
|CN|HCPB|BR|mBC|NEU|NEU|Information|Info,Treatment|TXT|National|A:A|1|EX,USD,9,71,110.59,BZS,HCP,2024-06-05
|CN|HCPB|BR|mBC|NEU|NEU|Information|Info,Treatment|TXT|National|A:A|1|PH,USD,16,162,208.33,BZS,HCP,2024-06-05
|CN|HCPB|UB|mBC|NEU|NEU|Condition|BZS Condition,BZS Condition|TXT|National|A:A|1|EX,USD,14,297,152.88,BZS,HCP,2024-06-05
|CN|HCPB|UB|mBC|NEU|NEU|Condition|BZS Condition,BZS Condition|TXT|National|A:A|1|EX,USD,1,21,6.68,BZS,HCP,2024-06-05
|CN|HCPB|UB|mBC|NEU|NEU|Condition|BZS Condition,BZS Condition|TXT|National|A:A|1|PH,USD,1,9,2.81,BZS,HCP,2024-06-05
|CN|HCPB|UB|mBC|NEU|NEU|Condition|BZS Condition,BZS Condition|TXT|National|A:A|1|PH,USD,7,299,58.98,BZS,HCP,2024-06-05
|CN|HCPB|UB|mBC|NEU|NEU|Condition|BZS ITT Condition,BZS Condition|TXT|National|A:A|1|EX,USD,1,17,6.53,BZS,HCP,2024-06-05
|CN|HCPB|UB|mBC|NEU|NEU|Condition|BZS ITT Condition,BZS Condition|TXT|National|A:A|1|PH,USD,6,181,40.9,BZS,HCP,2024-06-05
|CN|HCPB|UB|mBC|NEU|NEU|Condition|BZS ITT Condition,ITT Condition|TXT|National|A:A|1|EX,USD,2,121,5.79,BZS,HCP,2024-06-05
|CN|HCPB|UB|mBC|NEU|NEU|Condition|BZS ITT Condition,ITT Condition|TXT|National|A:A|1|PH,USD,1,111,2.7,BZS,HCP,2024-06-05
|CN|HCPB|UB|mBC|NEU|NEU|Condition|Condition,Condition|TXT|National|A:A|1|EX,USD,0,27,0.0,BZS,HCP,2024-06-05
|CN|HCPB|UB|mBC|NEU|NEU|Condition|Condition,Condition|TXT|National|A:A|1|PH,USD,3,92,21.85,BZS,HCP,2024-06-05
|CN|HCPB|UB|mBC|NEU|NEU|Core|BZS,BZS|TXT|National|A:A|1|EX,USD,1,41,8.76,BZS,HCP,2024-06-05
|CN|HCPB|UB|mBC|NEU|NEU|Core|BZS,BZS|TXT|National|A:A|1|PH,USD,4,208,34.89,BZS,HCP,2024-06-05
|CN|HCPB|UB|mBC|NEU|NEU|Information|BZS Info,BZS Info|TXT|National|A:A|1|EX,USD,0,1,0.0,BZS,HCP,2024-06-05
|CN|HCPB|UB|mBC|NEU|NEU|Information|BZS Info,BZS Info|TXT|National|A:A|1|EX,USD,2,94,5.32,BZS,HCP,2024-06-05
|CN|HCPB|UB|mBC|NEU|NEU|Information|BZS Info,BZS Info|TXT|National|A:A|1|EX,USD,1,50,6.62,BZS,HCP,2024-06-05
|CN|HCPB|UB|mBC|NEU|NEU|Information|BZS Info,BZS Info|TXT|National|A:A|1|PH,USD,3,139,6.45,BZS,HCP,2024-06-05
|CN|HCPB|UB|mBC|NEU|NEU|Information|BZS Info,BZS Info|TXT|National|A:A|1|PH,USD,1,85,3.08,BZS,HCP,2024-06-05
|CN|HCPB|UB|mBC|NEU|NEU|Resources|BZS Resources,BZS Dosing|TXT|National|A:A|1|PH,USD,1,6,5.51,BZS,HCP,2024-06-05
|CN|HCPB|UB|mBC|NEU|NEU|Resources|BZS Resources,BZS Dosing|TXT|National|A:A|1|PH,USD,0,1,0.0,BZS,HCP,2024-06-05
|CN|HCPB|UB|mBC|NEU|NEU|Resources|BZS Resources,BZS MOA|TXT|National|A:A|1|PH,USD,0,4,0.0,BZS,HCP,2024-06-05
|CN|HCPB|UB|mBC|NEU|NEU|Resources|BZS Resources,BZS Resources|TXT|National|A:A|1|EX,USD,0,4,0.0,BZS,HCP,2024-06-05
|CN|HCPB|UB|mBC|NEU|NEU|Resources|BZS Resources,BZS Resources|TXT|National|A:A|1|EX,USD,0,10,0.0,BZS,HCP,2024-06-05
|CN|HCPB|UB|mBC|NEU|NEU|Resources|BZS Resources,BZS Resources|TXT|National|A:A|1|PH,USD,1,7,3.6,BZS,HCP,2024-06-05
|CN|HCPB|UB|mBC|NEU|NEU|Resources|BZS Resources,BZS Resources|TXT|National|A:A|1|PH,USD,2,24,10.85,BZS,HCP,2024-06-05
|CN|HCPB|UB|mBC|NEU|NEU|Resources|BZS Resources,BZS Safety|TXT|National|A:A|1|EX,USD,0,7,0.0,BZS,HCP,2024-06-05
|CN|HCPB|UB|mBC|NEU|NEU|Resources|BZS Resources,BZS Safety|TXT|National|A:A|1|PH,USD,0,25,0.0,BZS,HCP,2024-06-05
|CN|HCPB|UB|mBC|NEU|NEU|Resources|BZS Resources,BZS Safety|TXT|National|A:A|1|PH,USD,4,61,22.93,BZS,HCP,2024-06-05
|CN|HCPB|UB|mBC|NEU|NEU|Resources|BZS Resources,BZS Trial|TXT|National|A:A|1|EX,USD,0,8,0.0,BZS,HCP,2024-06-05
|CN|HCPB|UB|mBC|NEU|NEU|Resources|BZS Resources,BZS Trial|TXT|National|A:A|1|EX,USD,0,27,0.0,BZS,HCP,2024-06-05
|CN|HCPB|UB|mBC|NEU|NEU|Resources|BZS Resources,BZS Trial|TXT|National|A:A|1|EX,USD,0,2,0.0,BZS,HCP,2024-06-05
|CN|HCPB|UB|mBC|NEU|NEU|Resources|BZS Resources,BZS Trial|TXT|National|A:A|1|PH,USD,0,3,0.0,BZS,HCP,2024-06-05
|CN|HCPB|UB|mBC|NEU|NEU|Resources|BZS Resources,BZS Trial|TXT|National|A:A|1|PH,USD,20,345,160.25,BZS,HCP,2024-06-05
|CN|HCPB|UB|mBC|NEU|NEU|Resources|BZS Resources,BZS Trial|TXT|National|A:A|1|PH,USD,1,38,2.37,BZS,HCP,2024-06-05
|CN|HCPB|UB|mBC|NEU|NEU|Treatment|BZS Treatment,BZS Treatment|TXT|National|A:A|1|EX,USD,3,11,19.44,BZS,HCP,2024-06-05
|CN|HCPB|UB|mBC|NEU|NEU|Treatment|BZS Treatment,BZS Treatment|TXT|National|A:A|1|EX,USD,0,2,0.0,BZS,HCP,2024-06-05
|CN|HCPB|UB|mBC|NEU|NEU|Treatment|BZS Treatment,BZS Treatment|TXT|National|A:A|1|EX,USD,1,7,8.51,BZS,HCP,2024-06-05
|CN|HCPB|UB|mBC|NEU|NEU|Treatment|BZS Treatment,BZS Treatment|TXT|National|A:A|1|PH,USD,30,391,188.37,BZS,HCP,2024-06-05
|CN|HCPB|UB|mBC|NEU|NEU|Treatment|BZS Treatment,BZS Treatment|TXT|National|A:A|1|PH,USD,0,6,0.0,BZS,HCP,2024-06-05
|CN|HCPB|UB|mBC|NEU|NEU|Treatment|BZS Treatment,BZS Treatment|TXT|National|A:A|1|PH,USD,51,539,538.16,BZS,HCP,2024-06-05
|CN|HCPB|UB|mBC|NEU|NEU|Treatment|Treatment,Diagnosis|TXT|National|A:A|1|EX,USD,3,63,21.75,BZS,HCP,2024-06-05
|CN|HCPB|UB|mBC|NEU|NEU|Treatment|Treatment,Diagnosis|TXT|National|A:A|1|PH,USD,0,41,0.0,BZS,HCP,2024-06-05
|CN|HCPB|UB|mBC|NEU|NEU|Treatment|Treatment,Treatment Efficacy|TXT|National|A:A|1|PH,USD,0,57,0.0,BZS,HCP,2024-06-05
|CN|HCPB|UB|mBC|NEU|NEU|Treatment|Treatment Priority,Treatment|TXT|National|A:A|1|EX,USD,2,42,18.05,BZS,HCP,2024-06-05
|CN|HCPB|UB|mBC|NEU|NEU|Treatment|Treatment Priority,Treatment|TXT|National|A:A|1|PH,USD,11,391,81.8,BZS,HCP,2024-06-05
