ad_name,campaign_name,ad_set_name,reach,impressions,clicks_link,landing_page_views,video_plays_15_plus_sec,video_plays_25_pct,video_plays_50_pct,video_plays_75_pct,video_plays_100_pct,cost,comments,reactions,engagement,shares,page_likes,estimated_ad_recall_lift,estimated_ad_recall_rate,video_plays_3_sec,indication,brand_target,date
CM~Spon. Ad 1_CT~VID_VD~15s_PH~CONV_BO~TRF_PB~FB_PD~NEWSF,YR~24-Q1-01_CL~ASTRA_TA~ONC_DS~THEIR2Low_MB~Neurexa_CU~DTC_CA~B_PH~CONSD_BO~TRF_PB~FB_CN~18225-9-120399_FF~THEIR2Low FB PurpleLab,AN~DTC Purple Lab_TG~RT_DE~A25-65A_MA~ntl_RG~USA_PH~CONSD_BO~TRF_PB~FB_PD~NEWSF,12149,13983,120,0,0,0,0,0,0,107.44,0,0.0,2343,0,0,0,0,2223,AST,DTC,2024-05-07
CM~Spon. Ad 2_CT~VID_VD~15s_PH~CONV_BO~TRF_PB~FB_PD~NEWSF,YR~24-Q1-01_CL~ASTRA_TA~ONC_DS~THEIR2Low_MB~Neurexa_CU~DTC_CA~B_PH~CONSD_BO~TRF_PB~FB_CN~18225-9-120399_FF~THEIR2Low FB PurpleLab,AN~DTC Purple Lab_TG~RT_DE~A25-65A_MA~ntl_RG~USA_PH~CONSD_BO~TRF_PB~FB_PD~NEWSF,2490,2659,23,0,0,0,0,0,0,18.63,0,0.0,304,0,0,0,0,281,AST,DTC,2024-05-07
CM~Spon. Ad 3_CT~VID_VD~30s_PH~CONV_BO~TRF_PB~FB_PD~NEWSF,YR~24-Q1-01_CL~ASTRA_TA~ONC_DS~THEIR2Low_MB~Neurexa_CU~DTC_CA~B_PH~CONSD_BO~TRF_PB~FB_CN~18225-9-120399_FF~THEIR2Low FB PurpleLab,AN~DTC Purple Lab_TG~RT_DE~A25-65A_MA~ntl_RG~USA_PH~CONSD_BO~TRF_PB~FB_PD~NEWSF,6744,8341,57,0,0,0,0,0,0,45.4,0,0.0,665,0,0,0,0,608,AST,DTC,2024-05-07
CM~Spon. Ad 1_CT~VID_VD~15s_PH~CONV_BO~TRF_PB~FB_PD~NEWSF,YR~24-Q1-01_CL~ASTRA_TA~ONC_DS~THEIR2Low_MB~Neurexa_CU~DTC_CA~B_PH~CONSD_BO~TRF_PB~FB_CN~18225-9-120399_FF~THEIR2Low Pixel RTA,AN~Engagement RTA_TG~RT_DE~A25-65F_MA~ntl_RG~USA_PH~CONSD_BO~TRF_PB~FB_PD~NEWSF,10881,13415,126,0,0,0,0,0,0,89.96,0,0.0,1301,0,0,0,0,1175,AST,DTC,2024-05-07
CM~Spon. Ad 2_CT~VID_VD~15s_PH~CONV_BO~TRF_PB~FB_PD~NEWSF,YR~24-Q1-01_CL~ASTRA_TA~ONC_DS~THEIR2Low_MB~Neurexa_CU~DTC_CA~B_PH~CONSD_BO~TRF_PB~FB_CN~18225-9-120399_FF~THEIR2Low Pixel RTA,AN~Engagement RTA_TG~RT_DE~A25-65F_MA~ntl_RG~USA_PH~CONSD_BO~TRF_PB~FB_PD~NEWSF,1550,1652,13,0,0,0,0,0,0,12.09,0,0.0,166,0,0,0,0,153,AST,DTC,2024-05-07
CM~Spon. Ad 3_CT~VID_VD~30s_PH~CONV_BO~TRF_PB~FB_PD~NEWSF,YR~24-Q1-01_CL~ASTRA_TA~ONC_DS~THEIR2Low_MB~Neurexa_CU~DTC_CA~B_PH~CONSD_BO~TRF_PB~FB_CN~18225-9-120399_FF~THEIR2Low Pixel RTA,AN~Engagement RTA_TG~RT_DE~A25-65F_MA~ntl_RG~USA_PH~CONSD_BO~TRF_PB~FB_PD~NEWSF,12431,16989,102,0,0,0,0,0,0,93.22,0,0.0,1088,0,0,0,0,986,AST,DTC,2024-05-07
CM~Spon. Ad 1_CT~VID_VD~15s_PH~CONV_BO~TRF_PB~FB_PD~NEWSF,YR~24-Q1-01_CL~ASTRA_TA~ONC_DS~THEIR2Low_MB~Neurexa_CU~DTC_CA~B_PH~CONSD_BO~TRF_PB~FB_CN~18225-9-120399_FF~THEIR2Low Pixel RTA,AN~Pixel RTA_TG~RT_DE~A25-65F_MA~ntl_RG~USA_PH~CONSD_BO~TRF_PB~FB_PD~NEWSF,5,6,0,0,0,0,0,0,0,0.04,0,0.0,0,0,0,0,0,0,AST,DTC,2024-05-07
CM~Spon. Ad 2_CT~VID_VD~15s_PH~CONV_BO~TRF_PB~FB_PD~NEWSF,YR~24-Q1-01_CL~ASTRA_TA~ONC_DS~THEIR2Low_MB~Neurexa_CU~DTC_CA~B_PH~CONSD_BO~TRF_PB~FB_CN~18225-9-120399_FF~THEIR2Low Pixel RTA,AN~Pixel RTA_TG~RT_DE~A25-65F_MA~ntl_RG~USA_PH~CONSD_BO~TRF_PB~FB_PD~NEWSF,307,423,1,0,0,0,0,0,0,4.72,0,0.0,28,0,0,0,0,27,AST,DTC,2024-05-07
CM~Spon. Ad 1_CT~VID_VD~15s_PH~CONV_BO~TRF_PB~FB_PD~NEWSF,YR~24-Q1-01_CL~ASTRA_TA~ONC_DS~THEIR2Low_MB~Neurexa_CU~DTC_CA~B_PH~CONSD_BO~TRF_PB~FB_CN~18225-9-120399_FF~THEIR2Low Pixel RTA,AN~Pixel Search RTA_TG~RT_DE~A25-65F_MA~ntl_RG~USA_PH~CONSD_BO~TRF_PB~FB_PD~NEWSF,294,361,5,0,0,0,0,0,0,4.28,0,0.0,44,0,0,0,0,39,AST,DTC,2024-05-07
CM~Spon. Ad 2_CT~VID_VD~15s_PH~CONV_BO~TRF_PB~FB_PD~NEWSF,YR~24-Q1-01_CL~ASTRA_TA~ONC_DS~THEIR2Low_MB~Neurexa_CU~DTC_CA~B_PH~CONSD_BO~TRF_PB~FB_CN~18225-9-120399_FF~THEIR2Low Pixel RTA,AN~Pixel Search RTA_TG~RT_DE~A25-65F_MA~ntl_RG~USA_PH~CONSD_BO~TRF_PB~FB_PD~NEWSF,13,13,0,0,0,0,0,0,0,0.15,0,0.0,3,0,0,0,0,3,AST,DTC,2024-05-07
CM~Spon. Ad 3_CT~VID_VD~30s_PH~CONV_BO~TRF_PB~FB_PD~NEWSF,YR~24-Q1-01_CL~ASTRA_TA~ONC_DS~THEIR2Low_MB~Neurexa_CU~DTC_CA~B_PH~CONSD_BO~TRF_PB~FB_CN~18225-9-120399_FF~THEIR2Low Pixel RTA,AN~Pixel Search RTA_TG~RT_DE~A25-65F_MA~ntl_RG~USA_PH~CONSD_BO~TRF_PB~FB_PD~NEWSF,4,4,0,0,0,0,0,0,0,0.04,0,0.0,1,0,0,0,0,1,AST,DTC,2024-05-07
CM~Spon. Ad 1_CT~VID_VD~15s_PH~CONV_BO~TRF_PB~FB_PD~NEWSF,YR~24-Q1-01_CL~ASTRA_TA~ONC_DS~THEIR2Low_MB~Neurexa_CU~DTC_CA~B_PH~CONSD_BO~TRF_PB~FB_CN~18225-9-120399_FF~THEIR2Low Pixel RTA LAL,AN~Engagement RTA LAL_TG~LAL_DE~A25-65F_MA~ntl_RG~USA_PH~CONSD_BO~TRF_PB~FB_PD~NEWSF - Copy,11361,13182,103,0,0,0,0,0,0,74.13,0,0.0,1744,0,0,0,0,1641,AST,DTC,2024-05-07
CM~Spon. Ad 2_CT~VID_VD~15s_PH~CONV_BO~TRF_PB~FB_PD~NEWSF,YR~24-Q1-01_CL~ASTRA_TA~ONC_DS~THEIR2Low_MB~Neurexa_CU~DTC_CA~B_PH~CONSD_BO~TRF_PB~FB_CN~18225-9-120399_FF~THEIR2Low Pixel RTA LAL,AN~Engagement RTA LAL_TG~LAL_DE~A25-65F_MA~ntl_RG~USA_PH~CONSD_BO~TRF_PB~FB_PD~NEWSF - Copy,949,980,4,0,0,0,0,0,0,4.95,0,0.0,79,0,0,0,0,75,AST,DTC,2024-05-07
CM~Spon. Ad 3_CT~VID_VD~30s_PH~CONV_BO~TRF_PB~FB_PD~NEWSF,YR~24-Q1-01_CL~ASTRA_TA~ONC_DS~THEIR2Low_MB~Neurexa_CU~DTC_CA~B_PH~CONSD_BO~TRF_PB~FB_CN~18225-9-120399_FF~THEIR2Low Pixel RTA LAL,AN~Engagement RTA LAL_TG~LAL_DE~A25-65F_MA~ntl_RG~USA_PH~CONSD_BO~TRF_PB~FB_PD~NEWSF - Copy,24346,29101,180,0,0,0,0,0,0,121.74,0,0.0,1812,0,0,0,0,1632,AST,DTC,2024-05-07
CM~Spon. Ad 1_CT~VID_VD~15s_PH~CONV_BO~TRF_PB~FB_PD~NEWSF,YR~24-Q1-01_CL~ASTRA_TA~ONC_DS~THEIR2Low_MB~Neurexa_CU~DTC_CA~B_PH~CONSD_BO~TRF_PB~FB_CN~18225-9-120399_FF~THEIR2Low Pixel RTA LAL,AN~Pixel RTA LAL_TG~LAL_DE~A25-65F_MA~ntl_RG~USA_PH~CONSD_BO~TRF_PB~FB_PD~NEWSF,6,6,0,0,0,0,0,0,0,0.04,0,0.0,0,0,0,0,0,0,AST,DTC,2024-05-07
CM~Spon. Ad 2_CT~VID_VD~15s_PH~CONV_BO~TRF_PB~FB_PD~NEWSF,YR~24-Q1-01_CL~ASTRA_TA~ONC_DS~THEIR2Low_MB~Neurexa_CU~DTC_CA~B_PH~CONSD_BO~TRF_PB~FB_CN~18225-9-120399_FF~THEIR2Low Pixel RTA LAL,AN~Pixel RTA LAL_TG~LAL_DE~A25-65F_MA~ntl_RG~USA_PH~CONSD_BO~TRF_PB~FB_PD~NEWSF,594,634,2,0,0,0,0,0,0,4.93,0,0.0,62,0,0,0,0,60,AST,DTC,2024-05-07
CM~Spon. Ad 2_CT~VID_VD~15s_PH~CONV_BO~TRF_PB~FB_PD~NEWSF,YR~24-Q1-01_CL~ASTRA_TA~ONC_DS~THEIR2Low_MB~Neurexa_CU~DTC_CA~B_PH~CONSD_BO~TRF_PB~FB_CN~18225-9-120399_FF~THEIR2Low Pixel RTA LAL,AN~Pixel Search RTA LAL_TG~LAL_DE~A25-65F_MA~ntl_RG~USA_PH~CONSD_BO~TRF_PB~FB_PD~NEWSF,46,46,0,0,0,0,0,0,0,0.37,0,0.0,6,0,0,0,0,6,AST,DTC,2024-05-07
CM~Spon. Ad 1_CT~VID_VD~15s_PH~CONV_BO~TRF_PB~FB_PD~NEWSF,YR~24-Q1-01_CL~ASTRA_TA~ONC_DS~THEIR2Low_MB~Neurexa_CU~DTC_CA~B_PH~CONSD_BO~TRF_PB~FB_CN~18225-9-120399_FF~THEIR2Low Pixel RTA LAL,AN~Pixel Search RTA LAL_TG~LAL_DE~A25-65F_MA~ntl_RG~USA_PH~CONSD_BO~TRF_PB~FB_PD~NEWSF,458,463,6,0,0,0,0,0,0,4.39,0,0.0,59,0,0,0,0,53,AST,DTC,2024-05-07
CM~Sponsored Ad1_CT~VID_VD~15s_PH~CONSD_BO~TRF_PB~IG_PD~NEWSF,YR~24-Q1-01_CL~ASTRA_TA~ONC_DS~THEIR2Low_MB~Neurexa_CU~DTC_CA~B_PH~CONSD_BO~TRF_PB~IG_CN~18225-9-120399_FF~THEIR2Low IG Pixel RTA,AN~Engagement RTA_TG~RT_DE~A25-65F_MA~ntl_RG~USA_PH~CONSD_BO~TRF_PB~IG_PD~NEWSF,969,1082,5,0,0,0,0,0,0,13.09,0,0.0,227,0,0,0,0,222,AST,DTC,2024-05-07
CM~Sponsored Ad2_CT~VID_VD~15s_PH~CONSD_BO~TRF_PB~IG_PD~NEWSF,YR~24-Q1-01_CL~ASTRA_TA~ONC_DS~THEIR2Low_MB~Neurexa_CU~DTC_CA~B_PH~CONSD_BO~TRF_PB~IG_CN~18225-9-120399_FF~THEIR2Low IG Pixel RTA,AN~Engagement RTA_TG~RT_DE~A25-65F_MA~ntl_RG~USA_PH~CONSD_BO~TRF_PB~IG_PD~NEWSF,1664,2071,10,0,0,0,0,0,0,25.08,0,3.0,331,0,0,0,0,318,AST,DTC,2024-05-07
CM~Sponsored Ad3_CT~VID_VD~15s_PH~CONSD_BO~TRF_PB~IG_PD~NEWSF,YR~24-Q1-01_CL~ASTRA_TA~ONC_DS~THEIR2Low_MB~Neurexa_CU~DTC_CA~B_PH~CONSD_BO~TRF_PB~IG_CN~18225-9-120399_FF~THEIR2Low IG Pixel RTA,AN~Engagement RTA_TG~RT_DE~A25-65F_MA~ntl_RG~USA_PH~CONSD_BO~TRF_PB~IG_PD~NEWSF,485,589,2,0,0,0,0,0,0,8.42,0,1.0,106,0,0,0,0,103,AST,DTC,2024-05-07
CM~Sponsored Ad1_CT~VID_VD~15s_PH~CONSD_BO~TRF_PB~IG_PD~NEWSF,YR~24-Q1-01_CL~ASTRA_TA~ONC_DS~THEIR2Low_MB~Neurexa_CU~DTC_CA~B_PH~CONSD_BO~TRF_PB~IG_CN~18225-9-120399_FF~THEIR2Low IG Pixel RTA,AN~Pixel RTA_TG~RT_DE~A25-65F_MA~ntl_RG~USA_PH~CONSD_BO~TRF_PB~IG_PD~NEWSF,2,2,0,0,0,0,0,0,0,0.09,0,0.0,2,0,0,0,0,2,AST,DTC,2024-05-07
CM~Sponsored Ad1_CT~VID_VD~15s_PH~CONSD_BO~TRF_PB~IG_PD~NEWSF,YR~24-Q1-01_CL~ASTRA_TA~ONC_DS~THEIR2Low_MB~Neurexa_CU~DTC_CA~B_PH~CONSD_BO~TRF_PB~IG_CN~18225-9-120399_FF~THEIR2Low IG Pixel RTA,AN~Pixel Search RTA_TG~RT_DE~A25-65F_MA~ntl_RG~USA_PH~CONSD_BO~TRF_PB~IG_PD~NEWSF,101,111,0,0,0,0,0,0,0,3.11,0,1.0,28,0,0,0,0,27,AST,DTC,2024-05-07
CM~Sponsored Ad2_CT~VID_VD~15s_PH~CONSD_BO~TRF_PB~IG_PD~NEWSF,YR~24-Q1-01_CL~ASTRA_TA~ONC_DS~THEIR2Low_MB~Neurexa_CU~DTC_CA~B_PH~CONSD_BO~TRF_PB~IG_CN~18225-9-120399_FF~THEIR2Low IG Pixel RTA,AN~Pixel Search RTA_TG~RT_DE~A25-65F_MA~ntl_RG~USA_PH~CONSD_BO~TRF_PB~IG_PD~NEWSF,111,136,1,0,0,0,0,0,0,2.67,0,0.0,25,0,0,0,0,24,AST,DTC,2024-05-07
CM~Sponsored Ad3_CT~VID_VD~15s_PH~CONSD_BO~TRF_PB~IG_PD~NEWSF,YR~24-Q1-01_CL~ASTRA_TA~ONC_DS~THEIR2Low_MB~Neurexa_CU~DTC_CA~B_PH~CONSD_BO~TRF_PB~IG_CN~18225-9-120399_FF~THEIR2Low IG Pixel RTA,AN~Pixel Search RTA_TG~RT_DE~A25-65F_MA~ntl_RG~USA_PH~CONSD_BO~TRF_PB~IG_PD~NEWSF,3,3,0,0,0,0,0,0,0,0.04,0,0.0,1,0,0,0,0,1,AST,DTC,2024-05-07
CM~Sponsored Ad1_CT~VID_VD~15s_PH~CONSD_BO~TRF_PB~IG_PD~NEWSF,YR~24-Q1-01_CL~ASTRA_TA~ONC_DS~THEIR2Low_MB~Neurexa_CU~DTC_CA~B_PH~CONSD_BO~TRF_PB~IG_CN~18225-9-120399_FF~THEIR2Low IG Pixel RTA LAL,AN~Engagement RTALAL_TG~RT_DE~A25-65F_MA~ntl_RG~USA_PH~CONSD_BO~TRF_PB~IG_PD~NEWSF,85,88,1,0,0,0,0,0,0,1.6099999999999999,0,0.0,31,0,0,0,0,30,AST,DTC,2024-05-07
CM~Sponsored Ad2_CT~VID_VD~15s_PH~CONSD_BO~TRF_PB~IG_PD~NEWSF,YR~24-Q1-01_CL~ASTRA_TA~ONC_DS~THEIR2Low_MB~Neurexa_CU~DTC_CA~B_PH~CONSD_BO~TRF_PB~IG_CN~18225-9-120399_FF~THEIR2Low IG Pixel RTA LAL,AN~Engagement RTALAL_TG~RT_DE~A25-65F_MA~ntl_RG~USA_PH~CONSD_BO~TRF_PB~IG_PD~NEWSF,1475,1595,21,0,0,0,0,0,0,18.83,0,3.0,440,0,0,0,0,416,AST,DTC,2024-05-07
CM~Sponsored Ad3_CT~VID_VD~15s_PH~CONSD_BO~TRF_PB~IG_PD~NEWSF,YR~24-Q1-01_CL~ASTRA_TA~ONC_DS~THEIR2Low_MB~Neurexa_CU~DTC_CA~B_PH~CONSD_BO~TRF_PB~IG_CN~18225-9-120399_FF~THEIR2Low IG Pixel RTA LAL,AN~Engagement RTALAL_TG~RT_DE~A25-65F_MA~ntl_RG~USA_PH~CONSD_BO~TRF_PB~IG_PD~NEWSF,156,164,4,0,0,0,0,0,0,3.58,0,0.0,61,0,0,0,0,57,AST,DTC,2024-05-07
CM~Sponsored Ad1_CT~VID_VD~15s_PH~CONSD_BO~TRF_PB~IG_PD~NEWSF,YR~24-Q1-01_CL~ASTRA_TA~ONC_DS~THEIR2Low_MB~Neurexa_CU~DTC_CA~B_PH~CONSD_BO~TRF_PB~IG_CN~18225-9-120399_FF~THEIR2Low IG Pixel RTA LAL,AN~Pixel Search RTALAL_TG~RT_DE~A25-65F_MA~ntl_RG~USA_PH~CONSD_BO~TRF_PB~IG_PD~NEWSF,953,958,5,0,0,0,0,0,0,21.83,0,3.0,419,0,0,0,0,411,AST,DTC,2024-05-07
CM~Sponsored Ad1_CT~VID_VD~15s_PH~CONSD_BO~TRF_PB~IG_PD~NEWSF,YR~24-Q1-01_CL~ASTRA_TA~ONC_DS~THEIR2Low_MB~Neurexa_CU~DTC_CA~B_PH~CONSD_BO~TRF_PB~IG_CN~18225-9-120399_FF~THEIR2Low IG PurpleLab,AN~DTC Purple Lab_TG~RT_DE~A25-65A_MA~ntl_RG~USA_PH~CONSD_BO~TRF_PB~FB_PD~NEWSF,1055,1088,5,0,0,0,0,0,0,17.93,0,1.0,447,0,0,0,0,441,AST,DTC,2024-05-07
CM~Sponsored Ad2_CT~VID_VD~15s_PH~CONSD_BO~TRF_PB~IG_PD~NEWSF,YR~24-Q1-01_CL~ASTRA_TA~ONC_DS~THEIR2Low_MB~Neurexa_CU~DTC_CA~B_PH~CONSD_BO~TRF_PB~IG_CN~18225-9-120399_FF~THEIR2Low IG PurpleLab,AN~DTC Purple Lab_TG~RT_DE~A25-65A_MA~ntl_RG~USA_PH~CONSD_BO~TRF_PB~FB_PD~NEWSF,2678,3278,17,0,0,0,0,0,0,44.36,0,0.0,647,0,0,0,0,630,AST,DTC,2024-05-07
CM~Sponsored Ad3_CT~VID_VD~15s_PH~CONSD_BO~TRF_PB~IG_PD~NEWSF,YR~24-Q1-01_CL~ASTRA_TA~ONC_DS~THEIR2Low_MB~Neurexa_CU~DTC_CA~B_PH~CONSD_BO~TRF_PB~IG_CN~18225-9-120399_FF~THEIR2Low IG PurpleLab,AN~DTC Purple Lab_TG~RT_DE~A25-65A_MA~ntl_RG~USA_PH~CONSD_BO~TRF_PB~FB_PD~NEWSF,283,326,1,0,0,0,0,0,0,6.36,0,1.0,84,0,0,0,0,82,AST,DTC,2024-05-07
CM~CRM Ad_CT~VID_VD~15s_PH~CONSD_BO~TRF_PB~FB_PD~NEWSF,YR~24-Q1-01_CL~ASTRA_TA~ONC_DS~THEIR2+ 2L_MB~Neurexa_CU~DTC_CA~B_PH~CONSD_BO~TRF_PB~FB_CN~18224-9-120398_FF~THEIR2+ 2L Engagement + Video RTA,AN~Engagement RTA_TG~RT_DE~A25-65F_MA~ntl_RG~USA_PH~CONSD_BO~TRF_PB~FB_PD~NEWSF,9470,11022,111,0,0,0,0,0,0,79.51,0,0.0,880,0,0,0,0,768,BZS,DTC,2024-05-07
CM~Educate Ad 2_CT~VID_VD~15s_PH~CONSD_BO~TRF_PB~FB_PD~NEWSF,YR~24-Q1-01_CL~ASTRA_TA~ONC_DS~THEIR2+ 2L_MB~Neurexa_CU~DTC_CA~B_PH~CONSD_BO~TRF_PB~FB_CN~18224-9-120398_FF~THEIR2+ 2L Engagement + Video RTA,AN~Engagement RTA_TG~RT_DE~A25-65F_MA~ntl_RG~USA_PH~CONSD_BO~TRF_PB~FB_PD~NEWSF,521,591,9,0,0,0,0,0,0,3.69,0,0.0,39,0,0,0,0,30,BZS,DTC,2024-05-07
CM~Educate Ad 3_CT~VID_VD~15s_PH~CONSD_BO~TRF_PB~FB_PD~NEWSF,YR~24-Q1-01_CL~ASTRA_TA~ONC_DS~THEIR2+ 2L_MB~Neurexa_CU~DTC_CA~B_PH~CONSD_BO~TRF_PB~FB_CN~18224-9-120398_FF~THEIR2+ 2L Engagement + Video RTA,AN~Engagement RTA_TG~RT_DE~A25-65F_MA~ntl_RG~USA_PH~CONSD_BO~TRF_PB~FB_PD~NEWSF,200,233,1,0,0,0,0,0,0,2.08,0,0.0,9,0,0,0,0,8,BZS,DTC,2024-05-07
CM~Results Ad_CT~VID_VD~15s_PH~CONSD_BO~TRF_PB~FB_PD~NEWSF,YR~24-Q1-01_CL~ASTRA_TA~ONC_DS~THEIR2+ 2L_MB~Neurexa_CU~DTC_CA~B_PH~CONSD_BO~TRF_PB~FB_CN~18224-9-120398_FF~THEIR2+ 2L Engagement + Video RTA,AN~Engagement RTA_TG~RT_DE~A25-65F_MA~ntl_RG~USA_PH~CONSD_BO~TRF_PB~FB_PD~NEWSF,1750,1950,24,0,0,0,0,0,0,13.21,0,0.0,171,0,0,0,0,147,BZS,DTC,2024-05-07
CM~Educate Ad 3_CT~VID_VD~15s_PH~CONSD_BO~TRF_PB~FB_PD~NEWSF,YR~24-Q1-01_CL~ASTRA_TA~ONC_DS~THEIR2+ 2L_MB~Neurexa_CU~DTC_CA~B_PH~CONSD_BO~TRF_PB~FB_CN~18224-9-120398_FF~THEIR2+ 2L Engagement + Video RTA,AN~Video RTA_TG~RT_DE~A25-65F_MA~ntl_RG~USA_PH~CONSD_BO~TRF_PB~FB_PD~NEWSF,6,9,0,0,0,0,0,0,0,0.03,0,0.0,2,0,0,0,0,2,BZS,DTC,2024-05-07
CM~CRM Ad_CT~VID_VD~15s_PH~CONSD_BO~TRF_PB~FB_PD~NEWSF - Copy,YR~24-Q1-01_CL~ASTRA_TA~ONC_DS~THEIR2+ 2L_MB~Neurexa_CU~DTC_CA~B_PH~CONSD_BO~TRF_PB~FB_CN~18224-9-120398_FF~THEIR2+ 2L Engagement + Video RTA,AN~Video RTA_TG~RT_DE~A25-65F_MA~ntl_RG~USA_PH~CONSD_BO~TRF_PB~FB_PD~NEWSF,472,696,3,0,0,0,0,0,0,4.65,0,0.0,98,0,0,0,0,95,BZS,DTC,2024-05-07
CM~Educate Ad 2_CT~VID_VD~15s_PH~CONSD_BO~TRF_PB~FB_PD~NEWSF,YR~24-Q1-01_CL~ASTRA_TA~ONC_DS~THEIR2+ 2L_MB~Neurexa_CU~DTC_CA~B_PH~CONSD_BO~TRF_PB~FB_CN~18224-9-120398_FF~THEIR2+ 2L Engagement + Video RTA,AN~Video RTA_TG~RT_DE~A25-65F_MA~ntl_RG~USA_PH~CONSD_BO~TRF_PB~FB_PD~NEWSF,3,4,0,0,0,0,0,0,0,0.03,0,0.0,0,0,0,0,0,0,BZS,DTC,2024-05-07
CM~Results Ad_CT~VID_VD~15s_PH~CONSD_BO~TRF_PB~FB_PD~NEWSF,YR~24-Q1-01_CL~ASTRA_TA~ONC_DS~THEIR2+ 2L_MB~Neurexa_CU~DTC_CA~B_PH~CONSD_BO~TRF_PB~FB_CN~18224-9-120398_FF~THEIR2+ 2L Engagement + Video RTA,AN~Video RTA_TG~RT_DE~A25-65F_MA~ntl_RG~USA_PH~CONSD_BO~TRF_PB~FB_PD~NEWSF,2,2,0,0,0,0,0,0,0,0.0,0,0.0,0,0,0,0,0,0,BZS,DTC,2024-05-07
CM~CRM Ad_CT~VID_VD~15s_PH~CONSD_BO~TRF_PB~FB_PD~NEWSF,YR~24-Q1-01_CL~ASTRA_TA~ONC_DS~THEIR2+ 2L_MB~Neurexa_CU~DTC_CA~B_PH~CONSD_BO~TRF_PB~FB_CN~18224-9-120398_FF~THEIR2+ 2L Engagement + Video RTA LAL,AN~Engagement RTA LAL_TG~RT_DE~A25-65F_MA~ntl_RG~USA_PH~CONSD_BO~TRF_PB~FB_PD~NEWSF,6187,6776,67,0,0,0,0,0,0,52.93,0,0.0,568,0,0,0,0,501,BZS,DTC,2024-05-07
CM~Educate Ad 2_CT~VID_VD~15s_PH~CONSD_BO~TRF_PB~FB_PD~NEWSF,YR~24-Q1-01_CL~ASTRA_TA~ONC_DS~THEIR2+ 2L_MB~Neurexa_CU~DTC_CA~B_PH~CONSD_BO~TRF_PB~FB_CN~18224-9-120398_FF~THEIR2+ 2L Engagement + Video RTA LAL,AN~Engagement RTA LAL_TG~RT_DE~A25-65F_MA~ntl_RG~USA_PH~CONSD_BO~TRF_PB~FB_PD~NEWSF,167,184,0,0,0,0,0,0,0,0.95,0,0.0,9,0,0,0,0,9,BZS,DTC,2024-05-07
CM~Educate Ad 3_CT~VID_VD~15s_PH~CONSD_BO~TRF_PB~FB_PD~NEWSF,YR~24-Q1-01_CL~ASTRA_TA~ONC_DS~THEIR2+ 2L_MB~Neurexa_CU~DTC_CA~B_PH~CONSD_BO~TRF_PB~FB_CN~18224-9-120398_FF~THEIR2+ 2L Engagement + Video RTA LAL,AN~Engagement RTA LAL_TG~RT_DE~A25-65F_MA~ntl_RG~USA_PH~CONSD_BO~TRF_PB~FB_PD~NEWSF,43,51,0,0,0,0,0,0,0,0.65,0,0.0,0,0,0,0,0,0,BZS,DTC,2024-05-07
CM~Results Ad_CT~VID_VD~15s_PH~CONSD_BO~TRF_PB~FB_PD~NEWSF,YR~24-Q1-01_CL~ASTRA_TA~ONC_DS~THEIR2+ 2L_MB~Neurexa_CU~DTC_CA~B_PH~CONSD_BO~TRF_PB~FB_CN~18224-9-120398_FF~THEIR2+ 2L Engagement + Video RTA LAL,AN~Engagement RTA LAL_TG~RT_DE~A25-65F_MA~ntl_RG~USA_PH~CONSD_BO~TRF_PB~FB_PD~NEWSF,1329,1373,12,0,0,0,0,0,0,10.69,0,0.0,177,0,0,0,0,165,BZS,DTC,2024-05-07
CM~CRM Ad_CT~VID_VD~15s_PH~CONSD_BO~TRF_PB~FB_PD~NEWSF,YR~24-Q1-01_CL~ASTRA_TA~ONC_DS~THEIR2+ 2L_MB~Neurexa_CU~DTC_CA~B_PH~CONSD_BO~TRF_PB~FB_CN~18224-9-120398_FF~THEIR2+ 2L Engagement + Video RTA LAL,AN~Video RTA LAL_TG~RT_DE~A25-65F_MA~ntl_RG~USA_PH~CONSD_BO~TRF_PB~FB_PD~NEWSF,4344,4553,44,0,0,0,0,0,0,30.94,0,0.0,397,0,0,0,0,353,BZS,DTC,2024-05-07
CM~Educate Ad 2_CT~VID_VD~15s_PH~CONSD_BO~TRF_PB~FB_PD~NEWSF,YR~24-Q1-01_CL~ASTRA_TA~ONC_DS~THEIR2+ 2L_MB~Neurexa_CU~DTC_CA~B_PH~CONSD_BO~TRF_PB~FB_CN~18224-9-120398_FF~THEIR2+ 2L Engagement + Video RTA LAL,AN~Video RTA LAL_TG~RT_DE~A25-65F_MA~ntl_RG~USA_PH~CONSD_BO~TRF_PB~FB_PD~NEWSF,80,85,1,0,0,0,0,0,0,0.49,0,0.0,2,0,0,0,0,1,BZS,DTC,2024-05-07
CM~Educate Ad 3_CT~VID_VD~15s_PH~CONSD_BO~TRF_PB~FB_PD~NEWSF,YR~24-Q1-01_CL~ASTRA_TA~ONC_DS~THEIR2+ 2L_MB~Neurexa_CU~DTC_CA~B_PH~CONSD_BO~TRF_PB~FB_CN~18224-9-120398_FF~THEIR2+ 2L Engagement + Video RTA LAL,AN~Video RTA LAL_TG~RT_DE~A25-65F_MA~ntl_RG~USA_PH~CONSD_BO~TRF_PB~FB_PD~NEWSF,98,107,2,0,0,0,0,0,0,0.79,0,0.0,9,0,0,0,0,7,BZS,DTC,2024-05-07
CM~Results Ad_CT~VID_VD~15s_PH~CONSD_BO~TRF_PB~FB_PD~NEWSF,YR~24-Q1-01_CL~ASTRA_TA~ONC_DS~THEIR2+ 2L_MB~Neurexa_CU~DTC_CA~B_PH~CONSD_BO~TRF_PB~FB_CN~18224-9-120398_FF~THEIR2+ 2L Engagement + Video RTA LAL,AN~Video RTA LAL_TG~RT_DE~A25-65F_MA~ntl_RG~USA_PH~CONSD_BO~TRF_PB~FB_PD~NEWSF,936,971,16,0,0,0,0,0,0,6.63,0,0.0,118,0,0,0,0,102,BZS,DTC,2024-05-07
CM~CRM Ad_CT~VID_VD~15s_PH~CONSD_BO~TRF_PB~FB_PD~NEWSF,YR~24-Q1-01_CL~ASTRA_TA~ONC_DS~THEIR2+ 2L_MB~Neurexa_CU~DTC_CA~B_PH~CONSD_BO~TRF_PB~FB_CN~18224-9-120398_FF~THEIR2+ 2L FB PurpleLab,AN~DTC Purple Lab_TG~RT_DE~A25-65A_MA~ntl_RG~USA_PH~CONSD_BO~TRF_PB~FB_PD~NEWSF,7039,8092,52,0,0,0,0,0,0,55.91,0,0.0,764,0,0,0,0,712,BZS,DTC,2024-05-07
CM~Educate Ad 2_CT~VID_VD~15s_PH~CONSD_BO~TRF_PB~FB_PD~NEWSF,YR~24-Q1-01_CL~ASTRA_TA~ONC_DS~THEIR2+ 2L_MB~Neurexa_CU~DTC_CA~B_PH~CONSD_BO~TRF_PB~FB_CN~18224-9-120398_FF~THEIR2+ 2L FB PurpleLab,AN~DTC Purple Lab_TG~RT_DE~A25-65A_MA~ntl_RG~USA_PH~CONSD_BO~TRF_PB~FB_PD~NEWSF,616,740,3,0,0,0,0,0,0,2.26,0,0.0,50,0,0,0,0,47,BZS,DTC,2024-05-07
CM~Educate Ad 3_CT~VID_VD~15s_PH~CONSD_BO~TRF_PB~FB_PD~NEWSF,YR~24-Q1-01_CL~ASTRA_TA~ONC_DS~THEIR2+ 2L_MB~Neurexa_CU~DTC_CA~B_PH~CONSD_BO~TRF_PB~FB_CN~18224-9-120398_FF~THEIR2+ 2L FB PurpleLab,AN~DTC Purple Lab_TG~RT_DE~A25-65A_MA~ntl_RG~USA_PH~CONSD_BO~TRF_PB~FB_PD~NEWSF,263,312,1,0,0,0,0,0,0,1.8599999999999999,0,0.0,23,0,0,0,0,22,BZS,DTC,2024-05-07
CM~Results Ad_CT~VID_VD~15s_PH~CONSD_BO~TRF_PB~FB_PD~NEWSF,YR~24-Q1-01_CL~ASTRA_TA~ONC_DS~THEIR2+ 2L_MB~Neurexa_CU~DTC_CA~B_PH~CONSD_BO~TRF_PB~FB_CN~18224-9-120398_FF~THEIR2+ 2L FB PurpleLab,AN~DTC Purple Lab_TG~RT_DE~A25-65A_MA~ntl_RG~USA_PH~CONSD_BO~TRF_PB~FB_PD~NEWSF,4977,5844,48,0,0,0,0,0,0,39.41,0,0.0,726,0,0,0,0,678,BZS,DTC,2024-05-07
CM~CRM Ad_CT~VID_VD~15s_PH~CONSD_BO~TRF_PB~FB_PD~NEWSF,YR~24-Q1-01_CL~ASTRA_TA~ONC_DS~THEIR2+ 2L_MB~Neurexa_CU~DTC_CA~B_PH~CONSD_BO~TRF_PB~FB_CN~18224-9-120398_FF~THEIR2+ 2L Pixel LAL,AN~Pixel LAL_TG~LAL_DE~A25-65F_MA~ntl_RG~USA_PH~CONSD_BO~TRF_PB~FB_PD~NEWSF,11562,13434,121,0,0,0,0,0,0,77.94,0,0.0,1283,0,0,0,0,1162,BZS,DTC,2024-05-07
CM~Educate Ad 2_CT~VID_VD~15s_PH~CONSD_BO~TRF_PB~FB_PD~NEWSF,YR~24-Q1-01_CL~ASTRA_TA~ONC_DS~THEIR2+ 2L_MB~Neurexa_CU~DTC_CA~B_PH~CONSD_BO~TRF_PB~FB_CN~18224-9-120398_FF~THEIR2+ 2L Pixel LAL,AN~Pixel LAL_TG~LAL_DE~A25-65F_MA~ntl_RG~USA_PH~CONSD_BO~TRF_PB~FB_PD~NEWSF,543,668,1,0,0,0,0,0,0,2.55,0,0.0,37,0,0,0,0,36,BZS,DTC,2024-05-07
CM~Educate Ad 3_CT~VID_VD~15s_PH~CONSD_BO~TRF_PB~FB_PD~NEWSF,YR~24-Q1-01_CL~ASTRA_TA~ONC_DS~THEIR2+ 2L_MB~Neurexa_CU~DTC_CA~B_PH~CONSD_BO~TRF_PB~FB_CN~18224-9-120398_FF~THEIR2+ 2L Pixel LAL,AN~Pixel LAL_TG~LAL_DE~A25-65F_MA~ntl_RG~USA_PH~CONSD_BO~TRF_PB~FB_PD~NEWSF,294,350,1,0,0,0,0,0,0,1.3599999999999999,0,0.0,11,0,0,0,0,10,BZS,DTC,2024-05-07
CM~Results Ad_CT~VID_VD~15s_PH~CONSD_BO~TRF_PB~FB_PD~NEWSF,YR~24-Q1-01_CL~ASTRA_TA~ONC_DS~THEIR2+ 2L_MB~Neurexa_CU~DTC_CA~B_PH~CONSD_BO~TRF_PB~FB_CN~18224-9-120398_FF~THEIR2+ 2L Pixel LAL,AN~Pixel LAL_TG~LAL_DE~A25-65F_MA~ntl_RG~USA_PH~CONSD_BO~TRF_PB~FB_PD~NEWSF,2683,2973,26,0,0,0,0,0,0,14.0,0,0.0,302,0,0,0,0,276,BZS,DTC,2024-05-07
CM~CRM Ad_CT~VID_VD~15s_PH~CONSD_BO~TRF_PB~FB_PD~NEWSF,YR~24-Q1-01_CL~ASTRA_TA~ONC_DS~THEIR2+ 2L_MB~Neurexa_CU~DTC_CA~B_PH~CONSD_BO~TRF_PB~FB_CN~18224-9-120398_FF~THEIR2+ 2L Pixel LAL,AN~Pixel Search LAL_TG~LAL_DE~A25-65F_MA~ntl_RG~USA_PH~CONSD_BO~TRF_PB~FB_PD~NEWSF,574,603,10,0,0,0,0,0,0,4.47,0,0.0,48,0,0,0,0,38,BZS,DTC,2024-05-07
CM~Educate Ad 2_CT~VID_VD~15s_PH~CONSD_BO~TRF_PB~FB_PD~NEWSF,YR~24-Q1-01_CL~ASTRA_TA~ONC_DS~THEIR2+ 2L_MB~Neurexa_CU~DTC_CA~B_PH~CONSD_BO~TRF_PB~FB_CN~18224-9-120398_FF~THEIR2+ 2L Pixel LAL,AN~Pixel Search LAL_TG~LAL_DE~A25-65F_MA~ntl_RG~USA_PH~CONSD_BO~TRF_PB~FB_PD~NEWSF,69,76,0,0,0,0,0,0,0,0.34,0,0.0,3,0,0,0,0,3,BZS,DTC,2024-05-07
CM~Educate Ad 3_CT~VID_VD~15s_PH~CONSD_BO~TRF_PB~FB_PD~NEWSF,YR~24-Q1-01_CL~ASTRA_TA~ONC_DS~THEIR2+ 2L_MB~Neurexa_CU~DTC_CA~B_PH~CONSD_BO~TRF_PB~FB_CN~18224-9-120398_FF~THEIR2+ 2L Pixel LAL,AN~Pixel Search LAL_TG~LAL_DE~A25-65F_MA~ntl_RG~USA_PH~CONSD_BO~TRF_PB~FB_PD~NEWSF,2,2,0,0,0,0,0,0,0,0.02,0,0.0,0,0,0,0,0,0,BZS,DTC,2024-05-07
CM~Results Ad_CT~VID_VD~15s_PH~CONSD_BO~TRF_PB~FB_PD~NEWSF,YR~24-Q1-01_CL~ASTRA_TA~ONC_DS~THEIR2+ 2L_MB~Neurexa_CU~DTC_CA~B_PH~CONSD_BO~TRF_PB~FB_CN~18224-9-120398_FF~THEIR2+ 2L Pixel LAL,AN~Pixel Search LAL_TG~LAL_DE~A25-65F_MA~ntl_RG~USA_PH~CONSD_BO~TRF_PB~FB_PD~NEWSF,88,91,0,0,0,0,0,0,0,0.82,0,0.0,15,0,0,0,0,15,BZS,DTC,2024-05-07
CM~CRM Ad_CT~VID_VD~15s_PH~CONSD_BO~TRF_PB~FB_PD~NEWSF,YR~24-Q1-01_CL~ASTRA_TA~ONC_DS~THEIR2+ 2L_MB~Neurexa_CU~DTC_CA~B_PH~CONSD_BO~TRF_PB~FB_CN~18224-9-120398_FF~THEIR2+ 2L Pixel RTA,AN~Pixel RTA_TG~RT_DE~A25-65F_MA~ntl_RG~USA_PH~CONSD_BO~TRF_PB~FB_PD~NEWSF,3567,4768,53,0,0,0,0,0,0,53.19,0,0.0,494,0,0,0,0,440,BZS,DTC,2024-05-07
CM~Educate Ad2_CT~VID_VD~15s_PH~CONSD_BO~TRF_PB~FB_PD~NEWSF,YR~24-Q1-01_CL~ASTRA_TA~ONC_DS~THEIR2+ 2L_MB~Neurexa_CU~DTC_CA~B_PH~CONSD_BO~TRF_PB~FB_CN~18224-9-120398_FF~THEIR2+ 2L Pixel RTA,AN~Pixel RTA_TG~RT_DE~A25-65F_MA~ntl_RG~USA_PH~CONSD_BO~TRF_PB~FB_PD~NEWSF,902,1371,14,0,0,0,0,0,0,8.47,0,0.0,139,0,0,0,0,125,BZS,DTC,2024-05-07
CM~Educate Ad3_CT~VID_VD~15s_PH~CONSD_BO~TRF_PB~FB_PD~NEWSF,YR~24-Q1-01_CL~ASTRA_TA~ONC_DS~THEIR2+ 2L_MB~Neurexa_CU~DTC_CA~B_PH~CONSD_BO~TRF_PB~FB_CN~18224-9-120398_FF~THEIR2+ 2L Pixel RTA,AN~Pixel RTA_TG~RT_DE~A25-65F_MA~ntl_RG~USA_PH~CONSD_BO~TRF_PB~FB_PD~NEWSF,377,516,5,0,0,0,0,0,0,3.94,0,0.0,43,0,0,0,0,38,BZS,DTC,2024-05-07
CM~Results Ad_CT~VID_VD~15s_PH~CONSD_BO~TRF_PB~FB_PD~NEWSF,YR~24-Q1-01_CL~ASTRA_TA~ONC_DS~THEIR2+ 2L_MB~Neurexa_CU~DTC_CA~B_PH~CONSD_BO~TRF_PB~FB_CN~18224-9-120398_FF~THEIR2+ 2L Pixel RTA,AN~Pixel RTA_TG~RT_DE~A25-65F_MA~ntl_RG~USA_PH~CONSD_BO~TRF_PB~FB_PD~NEWSF,3082,3997,36,0,0,0,0,0,0,35.88,0,0.0,500,0,0,0,0,464,BZS,DTC,2024-05-07
CM~CRM Ad_CT~VID_VD~15s_PH~CONSD_BO~TRF_PB~FB_PD~NEWSF,YR~24-Q1-01_CL~ASTRA_TA~ONC_DS~THEIR2+ 2L_MB~Neurexa_CU~DTC_CA~B_PH~CONSD_BO~TRF_PB~FB_CN~18224-9-120398_FF~THEIR2+ 2L Pixel RTA,AN~Pixel Search RTA_TG~RT_DE~A25-65F_MA~ntl_RG~USA_PH~CONSD_BO~TRF_PB~FB_PD~NEWSF,398,515,4,0,0,0,0,0,0,4.99,0,0.0,38,0,0,0,0,34,BZS,DTC,2024-05-07
CM~SecondLineDressAd1_CT~VID_VD~15s_PH~CONSD_BO~TRF_PB~IG_PD~NEWSF,YR~24-Q1-01_CL~ASTRA_TA~ONC_DS~THEIR2+ 2L_MB~Neurexa_CU~DTC_CA~B_PH~CONSD_BO~TRF_PB~IG_CN~18224-9-120398_FF~THEIR2+ 2L IG Engagement + Video RTA LAL,AN~Engagement RTA LAL_TG~LAL_DE~A25-65F_MA~ntl_RG~USA_PH~CONSD_BO~TRF_PB~IG_PD~NEWSF,718,778,7,0,0,0,0,0,0,11.07,0,0.0,236,0,0,0,0,229,BZS,DTC,2024-05-07
CM~SecondLineWhiteFrameAd2_CT~VID_VD~15s_PH~CONSD_BO~TRF_PB~IG_PD~NEWSF,YR~24-Q1-01_CL~ASTRA_TA~ONC_DS~THEIR2+ 2L_MB~Neurexa_CU~DTC_CA~B_PH~CONSD_BO~TRF_PB~IG_CN~18224-9-120398_FF~THEIR2+ 2L IG Engagement + Video RTA LAL,AN~Engagement RTA LAL_TG~LAL_DE~A25-65F_MA~ntl_RG~USA_PH~CONSD_BO~TRF_PB~IG_PD~NEWSF,92,95,2,0,0,0,0,0,0,1.55,0,0.0,24,0,0,0,0,22,BZS,DTC,2024-05-07
CM~SecondLineDressAd1_CT~VID_VD~15s_PH~CONSD_BO~TRF_PB~IG_PD~NEWSF,YR~24-Q1-01_CL~ASTRA_TA~ONC_DS~THEIR2+ 2L_MB~Neurexa_CU~DTC_CA~B_PH~CONSD_BO~TRF_PB~IG_CN~18224-9-120398_FF~THEIR2+ 2L IG Engagement + Video RTA LAL,AN~Video RTA LAL_TG~LAL_DE~A25-65F_MA~ntl_RG~USA_PH~CONSD_BO~TRF_PB~IG_PD~NEWSF,1583,1709,14,0,0,0,0,0,0,20.05,0,3.0,472,0,0,0,0,454,BZS,DTC,2024-05-07
CM~SecondLineWhiteFrameAd2_CT~VID_VD~15s_PH~CONSD_BO~TRF_PB~IG_PD~NEWSF,YR~24-Q1-01_CL~ASTRA_TA~ONC_DS~THEIR2+ 2L_MB~Neurexa_CU~DTC_CA~B_PH~CONSD_BO~TRF_PB~IG_CN~18224-9-120398_FF~THEIR2+ 2L IG Engagement + Video RTA LAL,AN~Video RTA LAL_TG~LAL_DE~A25-65F_MA~ntl_RG~USA_PH~CONSD_BO~TRF_PB~IG_PD~NEWSF,141,149,1,0,0,0,0,0,0,1.99,0,0.0,40,0,0,0,0,39,BZS,DTC,2024-05-07
CM~SecondLineDressAd1_CT~VID_VD~15s_PH~CONSD_BO~TRF_PB~IG_PD~NEWSF,YR~24-Q1-01_CL~ASTRA_TA~ONC_DS~THEIR2+ 2L_MB~Neurexa_CU~DTC_CA~B_PH~CONSD_BO~TRF_PB~IG_CN~18224-9-120398_FF~THEIR2+ 2L IG Pixel LAL,AN~Pixel LAL_TG~LAL_DE~A25-65F_MA~ntl_RG~USA_PH~CONSD_BO~TRF_PB~IG_PD~NEWSF,1434,1706,9,0,0,0,0,0,0,23.5,0,1.0,390,0,0,0,0,379,BZS,DTC,2024-05-07
CM~SecondLineWhiteFrameAd2_CT~VID_VD~15s_PH~CONSD_BO~TRF_PB~IG_PD~NEWSF,YR~24-Q1-01_CL~ASTRA_TA~ONC_DS~THEIR2+ 2L_MB~Neurexa_CU~DTC_CA~B_PH~CONSD_BO~TRF_PB~IG_CN~18224-9-120398_FF~THEIR2+ 2L IG Pixel LAL,AN~Pixel LAL_TG~LAL_DE~A25-65F_MA~ntl_RG~USA_PH~CONSD_BO~TRF_PB~IG_PD~NEWSF,599,691,5,0,0,0,0,0,0,11.3,0,0.0,141,0,0,0,0,136,BZS,DTC,2024-05-07
CM~SecondLineDressAd1_CT~VID_VD~15s_PH~CONSD_BO~TRF_PB~IG_PD~NEWSF,YR~24-Q1-01_CL~ASTRA_TA~ONC_DS~THEIR2+ 2L_MB~Neurexa_CU~DTC_CA~B_PH~CONSD_BO~TRF_PB~IG_CN~18224-9-120398_FF~THEIR2+ 2L IG Pixel LAL,AN~Pixel Search LAL_TG~LAL_DE~A25-65F_MA~ntl_RG~USA_PH~CONSD_BO~TRF_PB~IG_PD~NEWSF,29,29,0,0,0,0,0,0,0,0.3,0,0.0,7,0,0,0,0,7,BZS,DTC,2024-05-07
CM~SecondLineDressAd1_CT~VID_VD~15s_PH~CONSD_BO~TRF_PB~IG_PD~NEWSF,YR~24-Q1-01_CL~ASTRA_TA~ONC_DS~THEIR2+ 2L_MB~Neurexa_CU~DTC_CA~B_PH~CONSD_BO~TRF_PB~IG_CN~18224-9-120398_FF~THEIR2+ 2L IG Pixel RTA,AN~Pixel RTA_TG~LAL_DE~A25-65F_MA~ntl_RG~USA_PH~CONSD_BO~TRF_PB~IG_PD~NEWSF,763,1103,6,0,0,0,0,0,0,18.29,0,1.0,174,0,0,0,0,167,BZS,DTC,2024-05-07
CM~SecondLineWhiteFrameAd2_CT~VID_VD~15s_PH~CONSD_BO~TRF_PB~IG_PD~NEWSF,YR~24-Q1-01_CL~ASTRA_TA~ONC_DS~THEIR2+ 2L_MB~Neurexa_CU~DTC_CA~B_PH~CONSD_BO~TRF_PB~IG_CN~18224-9-120398_FF~THEIR2+ 2L IG Pixel RTA,AN~Pixel RTA_TG~LAL_DE~A25-65F_MA~ntl_RG~USA_PH~CONSD_BO~TRF_PB~IG_PD~NEWSF,455,623,5,0,0,0,0,0,0,13.11,0,0.0,126,0,0,0,0,121,BZS,DTC,2024-05-07
CM~SecondLineDressAd1_CT~VID_VD~15s_PH~CONSD_BO~TRF_PB~IG_PD~NEWSF,YR~24-Q1-01_CL~ASTRA_TA~ONC_DS~THEIR2+ 2L_MB~Neurexa_CU~DTC_CA~B_PH~CONSD_BO~TRF_PB~IG_CN~18224-9-120398_FF~THEIR2+ 2L IG Pixel RTA,AN~Pixel Search RTA_TG~LAL_DE~A25-65F_MA~ntl_RG~USA_PH~CONSD_BO~TRF_PB~IG_PD~NEWSF,103,120,0,0,0,0,0,0,0,2.45,0,0.0,22,0,0,0,0,22,BZS,DTC,2024-05-07
CM~SecondLineWhiteFrameAd2_CT~VID_VD~15s_PH~CONSD_BO~TRF_PB~IG_PD~NEWSF,YR~24-Q1-01_CL~ASTRA_TA~ONC_DS~THEIR2+ 2L_MB~Neurexa_CU~DTC_CA~B_PH~CONSD_BO~TRF_PB~IG_CN~18224-9-120398_FF~THEIR2+ 2L IG Pixel RTA,AN~Pixel Search RTA_TG~LAL_DE~A25-65F_MA~ntl_RG~USA_PH~CONSD_BO~TRF_PB~IG_PD~NEWSF,7,8,0,0,0,0,0,0,0,0.07,0,0.0,1,0,0,0,0,1,BZS,DTC,2024-05-07
CM~SecondLineDressAd1_CT~VID_VD~15s_PH~CONSD_BO~TRF_PB~IG_PD~NEWSF,YR~24-Q1-01_CL~ASTRA_TA~ONC_DS~THEIR2+ 2L_MB~Neurexa_CU~DTC_CA~B_PH~CONSD_BO~TRF_PB~IG_CN~18224-9-120398_FF~THEIR2+ 2L IG PurpleLab,AN~DTC Purple Lab_TG~RT_DE~A25-65A_MA~ntl_RG~USA_PH~CONSD_BO~TRF_PB~FB_PD~NEWSF,1511,1807,6,0,0,0,0,0,0,24.96,0,2.0,386,0,0,0,0,378,BZS,DTC,2024-05-07
CM~SecondLineWhiteFrameAd2_CT~VID_VD~15s_PH~CONSD_BO~TRF_PB~IG_PD~NEWSF,YR~24-Q1-01_CL~ASTRA_TA~ONC_DS~THEIR2+ 2L_MB~Neurexa_CU~DTC_CA~B_PH~CONSD_BO~TRF_PB~IG_CN~18224-9-120398_FF~THEIR2+ 2L IG PurpleLab,AN~DTC Purple Lab_TG~RT_DE~A25-65A_MA~ntl_RG~USA_PH~CONSD_BO~TRF_PB~FB_PD~NEWSF,507,586,4,0,0,0,0,0,0,9.62,0,2.0,136,0,0,0,0,130,BZS,DTC,2024-05-07
CM~Spon. Ad 1_CT~VID_VD~15s_PH~CONV_BO~TRF_PB~FB_PD~NEWSF,YR~24-Q1-01_CL~ASTRA_TA~ONC_DS~THEIR2Low_MB~Neurexa_CU~DTC_CA~B_PH~CONSD_BO~TRF_PB~FB_CN~18225-9-120399_FF~THEIR2Low FB PurpleLab,AN~DTC Purple Lab_TG~RT_DE~A25-65A_MA~ntl_RG~USA_PH~CONSD_BO~TRF_PB~FB_PD~NEWSF,13149,15543,140,0,0,0,0,0,0,120.77,0,0.0,2403,0,0,0,0,2263,AST,DTC,2024-05-08
CM~Spon. Ad 2_CT~VID_VD~15s_PH~CONV_BO~TRF_PB~FB_PD~NEWSF,YR~24-Q1-01_CL~ASTRA_TA~ONC_DS~THEIR2Low_MB~Neurexa_CU~DTC_CA~B_PH~CONSD_BO~TRF_PB~FB_CN~18225-9-120399_FF~THEIR2Low FB PurpleLab,AN~DTC Purple Lab_TG~RT_DE~A25-65A_MA~ntl_RG~USA_PH~CONSD_BO~TRF_PB~FB_PD~NEWSF,47,57,1,0,0,0,0,0,0,0.38,0,0.0,4,0,0,0,0,3,AST,DTC,2024-05-08
CM~Spon. Ad 3_CT~VID_VD~30s_PH~CONV_BO~TRF_PB~FB_PD~NEWSF,YR~24-Q1-01_CL~ASTRA_TA~ONC_DS~THEIR2Low_MB~Neurexa_CU~DTC_CA~B_PH~CONSD_BO~TRF_PB~FB_CN~18225-9-120399_FF~THEIR2Low FB PurpleLab,AN~DTC Purple Lab_TG~RT_DE~A25-65A_MA~ntl_RG~USA_PH~CONSD_BO~TRF_PB~FB_PD~NEWSF,5589,6989,42,0,0,0,0,0,0,41.79,0,0.0,524,0,0,0,0,482,AST,DTC,2024-05-08
CM~Spon. Ad 1_CT~VID_VD~15s_PH~CONV_BO~TRF_PB~FB_PD~NEWSF,YR~24-Q1-01_CL~ASTRA_TA~ONC_DS~THEIR2Low_MB~Neurexa_CU~DTC_CA~B_PH~CONSD_BO~TRF_PB~FB_CN~18225-9-120399_FF~THEIR2Low Pixel RTA,AN~Engagement RTA_TG~RT_DE~A25-65F_MA~ntl_RG~USA_PH~CONSD_BO~TRF_PB~FB_PD~NEWSF,9312,11834,116,0,0,0,0,0,0,82.18,0,0.0,1108,0,0,0,0,992,AST,DTC,2024-05-08
CM~Spon. Ad 2_CT~VID_VD~15s_PH~CONV_BO~TRF_PB~FB_PD~NEWSF,YR~24-Q1-01_CL~ASTRA_TA~ONC_DS~THEIR2Low_MB~Neurexa_CU~DTC_CA~B_PH~CONSD_BO~TRF_PB~FB_CN~18225-9-120399_FF~THEIR2Low Pixel RTA,AN~Engagement RTA_TG~RT_DE~A25-65F_MA~ntl_RG~USA_PH~CONSD_BO~TRF_PB~FB_PD~NEWSF,976,1020,12,0,0,0,0,0,0,7.88,0,0.0,88,0,0,0,0,76,AST,DTC,2024-05-08
CM~Spon. Ad 3_CT~VID_VD~30s_PH~CONV_BO~TRF_PB~FB_PD~NEWSF,YR~24-Q1-01_CL~ASTRA_TA~ONC_DS~THEIR2Low_MB~Neurexa_CU~DTC_CA~B_PH~CONSD_BO~TRF_PB~FB_CN~18225-9-120399_FF~THEIR2Low Pixel RTA,AN~Engagement RTA_TG~RT_DE~A25-65F_MA~ntl_RG~USA_PH~CONSD_BO~TRF_PB~FB_PD~NEWSF,11820,16122,118,0,0,0,0,0,0,93.62,0,0.0,1016,0,0,0,0,898,AST,DTC,2024-05-08
CM~Spon. Ad 2_CT~VID_VD~15s_PH~CONV_BO~TRF_PB~FB_PD~NEWSF,YR~24-Q1-01_CL~ASTRA_TA~ONC_DS~THEIR2Low_MB~Neurexa_CU~DTC_CA~B_PH~CONSD_BO~TRF_PB~FB_CN~18225-9-120399_FF~THEIR2Low Pixel RTA,AN~Pixel RTA_TG~RT_DE~A25-65F_MA~ntl_RG~USA_PH~CONSD_BO~TRF_PB~FB_PD~NEWSF,360,527,5,0,0,0,0,0,0,5.89,0,0.0,45,0,0,0,0,40,AST,DTC,2024-05-08
CM~Spon. Ad 1_CT~VID_VD~15s_PH~CONV_BO~TRF_PB~FB_PD~NEWSF,YR~24-Q1-01_CL~ASTRA_TA~ONC_DS~THEIR2Low_MB~Neurexa_CU~DTC_CA~B_PH~CONSD_BO~TRF_PB~FB_CN~18225-9-120399_FF~THEIR2Low Pixel RTA,AN~Pixel RTA_TG~RT_DE~A25-65F_MA~ntl_RG~USA_PH~CONSD_BO~TRF_PB~FB_PD~NEWSF,226,317,2,0,0,0,0,0,0,3.39,0,0.0,21,0,0,0,0,19,AST,DTC,2024-05-08
CM~Spon. Ad 1_CT~VID_VD~15s_PH~CONV_BO~TRF_PB~FB_PD~NEWSF,YR~24-Q1-01_CL~ASTRA_TA~ONC_DS~THEIR2Low_MB~Neurexa_CU~DTC_CA~B_PH~CONSD_BO~TRF_PB~FB_CN~18225-9-120399_FF~THEIR2Low Pixel RTA,AN~Pixel Search RTA_TG~RT_DE~A25-65F_MA~ntl_RG~USA_PH~CONSD_BO~TRF_PB~FB_PD~NEWSF,441,618,10,0,0,0,0,0,0,7.91,0,0.0,75,0,0,0,0,65,AST,DTC,2024-05-08
CM~Spon. Ad 2_CT~VID_VD~15s_PH~CONV_BO~TRF_PB~FB_PD~NEWSF,YR~24-Q1-01_CL~ASTRA_TA~ONC_DS~THEIR2Low_MB~Neurexa_CU~DTC_CA~B_PH~CONSD_BO~TRF_PB~FB_CN~18225-9-120399_FF~THEIR2Low Pixel RTA,AN~Pixel Search RTA_TG~RT_DE~A25-65F_MA~ntl_RG~USA_PH~CONSD_BO~TRF_PB~FB_PD~NEWSF,1,1,0,0,0,0,0,0,0,0.0,0,0.0,0,0,0,0,0,0,AST,DTC,2024-05-08
CM~Spon. Ad 3_CT~VID_VD~30s_PH~CONV_BO~TRF_PB~FB_PD~NEWSF,YR~24-Q1-01_CL~ASTRA_TA~ONC_DS~THEIR2Low_MB~Neurexa_CU~DTC_CA~B_PH~CONSD_BO~TRF_PB~FB_CN~18225-9-120399_FF~THEIR2Low Pixel RTA,AN~Pixel Search RTA_TG~RT_DE~A25-65F_MA~ntl_RG~USA_PH~CONSD_BO~TRF_PB~FB_PD~NEWSF,62,78,2,0,0,0,0,0,0,0.92,0,0.0,11,0,0,0,0,9,AST,DTC,2024-05-08
CM~Spon. Ad 1_CT~VID_VD~15s_PH~CONV_BO~TRF_PB~FB_PD~NEWSF,YR~24-Q1-01_CL~ASTRA_TA~ONC_DS~THEIR2Low_MB~Neurexa_CU~DTC_CA~B_PH~CONSD_BO~TRF_PB~FB_CN~18225-9-120399_FF~THEIR2Low Pixel RTA LAL,AN~Engagement RTA LAL_TG~LAL_DE~A25-65F_MA~ntl_RG~USA_PH~CONSD_BO~TRF_PB~FB_PD~NEWSF - Copy,10783,12846,97,0,0,0,0,0,0,73.12,0,0.0,1543,0,0,0,0,1446,AST,DTC,2024-05-08
CM~Spon. Ad 2_CT~VID_VD~15s_PH~CONV_BO~TRF_PB~FB_PD~NEWSF,YR~24-Q1-01_CL~ASTRA_TA~ONC_DS~THEIR2Low_MB~Neurexa_CU~DTC_CA~B_PH~CONSD_BO~TRF_PB~FB_CN~18225-9-120399_FF~THEIR2Low Pixel RTA LAL,AN~Engagement RTA LAL_TG~LAL_DE~A25-65F_MA~ntl_RG~USA_PH~CONSD_BO~TRF_PB~FB_PD~NEWSF - Copy,69,70,0,0,0,0,0,0,0,0.46,0,0.0,3,0,0,0,0,3,AST,DTC,2024-05-08
CM~Spon. Ad 3_CT~VID_VD~30s_PH~CONV_BO~TRF_PB~FB_PD~NEWSF,YR~24-Q1-01_CL~ASTRA_TA~ONC_DS~THEIR2Low_MB~Neurexa_CU~DTC_CA~B_PH~CONSD_BO~TRF_PB~FB_CN~18225-9-120399_FF~THEIR2Low Pixel RTA LAL,AN~Engagement RTA LAL_TG~LAL_DE~A25-65F_MA~ntl_RG~USA_PH~CONSD_BO~TRF_PB~FB_PD~NEWSF - Copy,21100,24439,153,0,0,0,0,0,0,107.08,0,0.0,1461,0,0,0,0,1308,AST,DTC,2024-05-08
CM~Spon. Ad 1_CT~VID_VD~15s_PH~CONV_BO~TRF_PB~FB_PD~NEWSF,YR~24-Q1-01_CL~ASTRA_TA~ONC_DS~THEIR2Low_MB~Neurexa_CU~DTC_CA~B_PH~CONSD_BO~TRF_PB~FB_CN~18225-9-120399_FF~THEIR2Low Pixel RTA LAL,AN~Pixel RTA LAL_TG~LAL_DE~A25-65F_MA~ntl_RG~USA_PH~CONSD_BO~TRF_PB~FB_PD~NEWSF,333,337,0,0,0,0,0,0,0,2.58,0,0.0,44,0,0,0,0,44,AST,DTC,2024-05-08
CM~Spon. Ad 2_CT~VID_VD~15s_PH~CONV_BO~TRF_PB~FB_PD~NEWSF,YR~24-Q1-01_CL~ASTRA_TA~ONC_DS~THEIR2Low_MB~Neurexa_CU~DTC_CA~B_PH~CONSD_BO~TRF_PB~FB_CN~18225-9-120399_FF~THEIR2Low Pixel RTA LAL,AN~Pixel RTA LAL_TG~LAL_DE~A25-65F_MA~ntl_RG~USA_PH~CONSD_BO~TRF_PB~FB_PD~NEWSF,724,764,7,0,0,0,0,0,0,5.86,0,0.0,56,0,0,0,0,49,AST,DTC,2024-05-08
CM~Spon. Ad 2_CT~VID_VD~15s_PH~CONV_BO~TRF_PB~FB_PD~NEWSF,YR~24-Q1-01_CL~ASTRA_TA~ONC_DS~THEIR2Low_MB~Neurexa_CU~DTC_CA~B_PH~CONSD_BO~TRF_PB~FB_CN~18225-9-120399_FF~THEIR2Low Pixel RTA LAL,AN~Pixel Search RTA LAL_TG~LAL_DE~A25-65F_MA~ntl_RG~USA_PH~CONSD_BO~TRF_PB~FB_PD~NEWSF,5,5,0,0,0,0,0,0,0,0.07,0,0.0,0,0,0,0,0,0,AST,DTC,2024-05-08
CM~Spon. Ad 1_CT~VID_VD~15s_PH~CONV_BO~TRF_PB~FB_PD~NEWSF,YR~24-Q1-01_CL~ASTRA_TA~ONC_DS~THEIR2Low_MB~Neurexa_CU~DTC_CA~B_PH~CONSD_BO~TRF_PB~FB_CN~18225-9-120399_FF~THEIR2Low Pixel RTA LAL,AN~Pixel Search RTA LAL_TG~LAL_DE~A25-65F_MA~ntl_RG~USA_PH~CONSD_BO~TRF_PB~FB_PD~NEWSF,928,978,6,0,0,0,0,0,0,8.97,0,0.0,105,0,0,0,0,99,AST,DTC,2024-05-08
CM~Sponsored Ad1_CT~VID_VD~15s_PH~CONSD_BO~TRF_PB~IG_PD~NEWSF,YR~24-Q1-01_CL~ASTRA_TA~ONC_DS~THEIR2Low_MB~Neurexa_CU~DTC_CA~B_PH~CONSD_BO~TRF_PB~IG_CN~18225-9-120399_FF~THEIR2Low IG Pixel RTA,AN~Engagement RTA_TG~RT_DE~A25-65F_MA~ntl_RG~USA_PH~CONSD_BO~TRF_PB~IG_PD~NEWSF,742,826,1,0,0,0,0,0,0,15.04,0,0.0,170,0,0,0,0,169,AST,DTC,2024-05-08
CM~Sponsored Ad2_CT~VID_VD~15s_PH~CONSD_BO~TRF_PB~IG_PD~NEWSF,YR~24-Q1-01_CL~ASTRA_TA~ONC_DS~THEIR2Low_MB~Neurexa_CU~DTC_CA~B_PH~CONSD_BO~TRF_PB~IG_CN~18225-9-120399_FF~THEIR2Low IG Pixel RTA,AN~Engagement RTA_TG~RT_DE~A25-65F_MA~ntl_RG~USA_PH~CONSD_BO~TRF_PB~IG_PD~NEWSF,1223,1491,3,0,0,0,0,0,0,20.69,0,5.0,245,0,0,0,0,237,AST,DTC,2024-05-08
CM~Sponsored Ad3_CT~VID_VD~15s_PH~CONSD_BO~TRF_PB~IG_PD~NEWSF,YR~24-Q1-01_CL~ASTRA_TA~ONC_DS~THEIR2Low_MB~Neurexa_CU~DTC_CA~B_PH~CONSD_BO~TRF_PB~IG_CN~18225-9-120399_FF~THEIR2Low IG Pixel RTA,AN~Engagement RTA_TG~RT_DE~A25-65F_MA~ntl_RG~USA_PH~CONSD_BO~TRF_PB~IG_PD~NEWSF,364,438,1,0,0,0,0,0,0,6.5600000000000005,0,1.0,68,0,0,0,0,66,AST,DTC,2024-05-08
CM~Sponsored Ad1_CT~VID_VD~15s_PH~CONSD_BO~TRF_PB~IG_PD~NEWSF,YR~24-Q1-01_CL~ASTRA_TA~ONC_DS~THEIR2Low_MB~Neurexa_CU~DTC_CA~B_PH~CONSD_BO~TRF_PB~IG_CN~18225-9-120399_FF~THEIR2Low IG Pixel RTA,AN~Pixel RTA_TG~RT_DE~A25-65F_MA~ntl_RG~USA_PH~CONSD_BO~TRF_PB~IG_PD~NEWSF,1,1,0,0,0,0,0,0,0,0.01,0,0.0,0,0,0,0,0,0,AST,DTC,2024-05-08
CM~Sponsored Ad1_CT~VID_VD~15s_PH~CONSD_BO~TRF_PB~IG_PD~NEWSF,YR~24-Q1-01_CL~ASTRA_TA~ONC_DS~THEIR2Low_MB~Neurexa_CU~DTC_CA~B_PH~CONSD_BO~TRF_PB~IG_CN~18225-9-120399_FF~THEIR2Low IG Pixel RTA,AN~Pixel Search RTA_TG~RT_DE~A25-65F_MA~ntl_RG~USA_PH~CONSD_BO~TRF_PB~IG_PD~NEWSF,114,121,1,0,0,0,0,0,0,3.93,0,1.0,46,0,0,0,0,44,AST,DTC,2024-05-08
CM~Sponsored Ad2_CT~VID_VD~15s_PH~CONSD_BO~TRF_PB~IG_PD~NEWSF,YR~24-Q1-01_CL~ASTRA_TA~ONC_DS~THEIR2Low_MB~Neurexa_CU~DTC_CA~B_PH~CONSD_BO~TRF_PB~IG_CN~18225-9-120399_FF~THEIR2Low IG Pixel RTA,AN~Pixel Search RTA_TG~RT_DE~A25-65F_MA~ntl_RG~USA_PH~CONSD_BO~TRF_PB~IG_PD~NEWSF,146,176,0,0,0,0,0,0,0,3.29,0,0.0,39,0,0,0,0,39,AST,DTC,2024-05-08
CM~Sponsored Ad3_CT~VID_VD~15s_PH~CONSD_BO~TRF_PB~IG_PD~NEWSF,YR~24-Q1-01_CL~ASTRA_TA~ONC_DS~THEIR2Low_MB~Neurexa_CU~DTC_CA~B_PH~CONSD_BO~TRF_PB~IG_CN~18225-9-120399_FF~THEIR2Low IG Pixel RTA,AN~Pixel Search RTA_TG~RT_DE~A25-65F_MA~ntl_RG~USA_PH~CONSD_BO~TRF_PB~IG_PD~NEWSF,1,1,0,0,0,0,0,0,0,0.01,0,0.0,0,0,0,0,0,0,AST,DTC,2024-05-08
CM~Sponsored Ad1_CT~VID_VD~15s_PH~CONSD_BO~TRF_PB~IG_PD~NEWSF,YR~24-Q1-01_CL~ASTRA_TA~ONC_DS~THEIR2Low_MB~Neurexa_CU~DTC_CA~B_PH~CONSD_BO~TRF_PB~IG_CN~18225-9-120399_FF~THEIR2Low IG Pixel RTA LAL,AN~Engagement RTALAL_TG~RT_DE~A25-65F_MA~ntl_RG~USA_PH~CONSD_BO~TRF_PB~IG_PD~NEWSF,36,37,1,0,0,0,0,0,0,0.83,0,0.0,17,0,0,0,0,16,AST,DTC,2024-05-08
CM~Sponsored Ad2_CT~VID_VD~15s_PH~CONSD_BO~TRF_PB~IG_PD~NEWSF,YR~24-Q1-01_CL~ASTRA_TA~ONC_DS~THEIR2Low_MB~Neurexa_CU~DTC_CA~B_PH~CONSD_BO~TRF_PB~IG_CN~18225-9-120399_FF~THEIR2Low IG Pixel RTA LAL,AN~Engagement RTALAL_TG~RT_DE~A25-65F_MA~ntl_RG~USA_PH~CONSD_BO~TRF_PB~IG_PD~NEWSF,986,1057,13,0,0,0,0,0,0,14.41,0,0.0,311,0,0,0,0,298,AST,DTC,2024-05-08
CM~Sponsored Ad3_CT~VID_VD~15s_PH~CONSD_BO~TRF_PB~IG_PD~NEWSF,YR~24-Q1-01_CL~ASTRA_TA~ONC_DS~THEIR2Low_MB~Neurexa_CU~DTC_CA~B_PH~CONSD_BO~TRF_PB~IG_CN~18225-9-120399_FF~THEIR2Low IG Pixel RTA LAL,AN~Engagement RTALAL_TG~RT_DE~A25-65F_MA~ntl_RG~USA_PH~CONSD_BO~TRF_PB~IG_PD~NEWSF,42,44,2,0,0,0,0,0,0,1.54,0,1.0,14,0,0,0,0,11,AST,DTC,2024-05-08
CM~Sponsored Ad1_CT~VID_VD~15s_PH~CONSD_BO~TRF_PB~IG_PD~NEWSF,YR~24-Q1-01_CL~ASTRA_TA~ONC_DS~THEIR2Low_MB~Neurexa_CU~DTC_CA~B_PH~CONSD_BO~TRF_PB~IG_CN~18225-9-120399_FF~THEIR2Low IG Pixel RTA LAL,AN~Pixel Search RTALAL_TG~RT_DE~A25-65F_MA~ntl_RG~USA_PH~CONSD_BO~TRF_PB~IG_PD~NEWSF,1495,1578,5,0,0,0,0,0,0,37.97,0,5.0,627,0,0,0,0,617,AST,DTC,2024-05-08
CM~Sponsored Ad1_CT~VID_VD~15s_PH~CONSD_BO~TRF_PB~IG_PD~NEWSF,YR~24-Q1-01_CL~ASTRA_TA~ONC_DS~THEIR2Low_MB~Neurexa_CU~DTC_CA~B_PH~CONSD_BO~TRF_PB~IG_CN~18225-9-120399_FF~THEIR2Low IG PurpleLab,AN~DTC Purple Lab_TG~RT_DE~A25-65A_MA~ntl_RG~USA_PH~CONSD_BO~TRF_PB~FB_PD~NEWSF,947,987,2,0,0,0,0,0,0,14.52,0,1.0,418,0,0,0,0,415,AST,DTC,2024-05-08
CM~Sponsored Ad2_CT~VID_VD~15s_PH~CONSD_BO~TRF_PB~IG_PD~NEWSF,YR~24-Q1-01_CL~ASTRA_TA~ONC_DS~THEIR2Low_MB~Neurexa_CU~DTC_CA~B_PH~CONSD_BO~TRF_PB~IG_CN~18225-9-120399_FF~THEIR2Low IG PurpleLab,AN~DTC Purple Lab_TG~RT_DE~A25-65A_MA~ntl_RG~USA_PH~CONSD_BO~TRF_PB~FB_PD~NEWSF,2705,3306,14,0,0,0,0,0,0,47.59,0,0.0,720,0,0,0,0,706,AST,DTC,2024-05-08
CM~Sponsored Ad3_CT~VID_VD~15s_PH~CONSD_BO~TRF_PB~IG_PD~NEWSF,YR~24-Q1-01_CL~ASTRA_TA~ONC_DS~THEIR2Low_MB~Neurexa_CU~DTC_CA~B_PH~CONSD_BO~TRF_PB~IG_CN~18225-9-120399_FF~THEIR2Low IG PurpleLab,AN~DTC Purple Lab_TG~RT_DE~A25-65A_MA~ntl_RG~USA_PH~CONSD_BO~TRF_PB~FB_PD~NEWSF,275,325,1,0,0,0,0,0,0,6.19,0,2.0,84,0,0,0,0,81,AST,DTC,2024-05-08
CM~CRM Ad_CT~VID_VD~15s_PH~CONSD_BO~TRF_PB~FB_PD~NEWSF,YR~24-Q1-01_CL~ASTRA_TA~ONC_DS~THEIR2+ 2L_MB~Neurexa_CU~DTC_CA~B_PH~CONSD_BO~TRF_PB~FB_CN~18224-9-120398_FF~THEIR2+ 2L Engagement + Video RTA,AN~Engagement RTA_TG~RT_DE~A25-65F_MA~ntl_RG~USA_PH~CONSD_BO~TRF_PB~FB_PD~NEWSF,7883,9227,102,0,0,0,0,0,0,67.75,0,0.0,726,0,0,0,0,624,BZS,DTC,2024-05-08
CM~Educate Ad 2_CT~VID_VD~15s_PH~CONSD_BO~TRF_PB~FB_PD~NEWSF,YR~24-Q1-01_CL~ASTRA_TA~ONC_DS~THEIR2+ 2L_MB~Neurexa_CU~DTC_CA~B_PH~CONSD_BO~TRF_PB~FB_CN~18224-9-120398_FF~THEIR2+ 2L Engagement + Video RTA,AN~Engagement RTA_TG~RT_DE~A25-65F_MA~ntl_RG~USA_PH~CONSD_BO~TRF_PB~FB_PD~NEWSF,712,842,7,0,0,0,0,0,0,5.27,0,0.0,54,0,0,0,0,47,BZS,DTC,2024-05-08
CM~Educate Ad 3_CT~VID_VD~15s_PH~CONSD_BO~TRF_PB~FB_PD~NEWSF,YR~24-Q1-01_CL~ASTRA_TA~ONC_DS~THEIR2+ 2L_MB~Neurexa_CU~DTC_CA~B_PH~CONSD_BO~TRF_PB~FB_CN~18224-9-120398_FF~THEIR2+ 2L Engagement + Video RTA,AN~Engagement RTA_TG~RT_DE~A25-65F_MA~ntl_RG~USA_PH~CONSD_BO~TRF_PB~FB_PD~NEWSF,143,160,3,0,0,0,0,0,0,1.97,0,0.0,10,0,0,0,0,7,BZS,DTC,2024-05-08
CM~Results Ad_CT~VID_VD~15s_PH~CONSD_BO~TRF_PB~FB_PD~NEWSF,YR~24-Q1-01_CL~ASTRA_TA~ONC_DS~THEIR2+ 2L_MB~Neurexa_CU~DTC_CA~B_PH~CONSD_BO~TRF_PB~FB_CN~18224-9-120398_FF~THEIR2+ 2L Engagement + Video RTA,AN~Engagement RTA_TG~RT_DE~A25-65F_MA~ntl_RG~USA_PH~CONSD_BO~TRF_PB~FB_PD~NEWSF,2126,2352,16,0,0,0,0,0,0,14.42,0,0.0,181,0,0,0,0,165,BZS,DTC,2024-05-08
CM~Educate Ad 3_CT~VID_VD~15s_PH~CONSD_BO~TRF_PB~FB_PD~NEWSF,YR~24-Q1-01_CL~ASTRA_TA~ONC_DS~THEIR2+ 2L_MB~Neurexa_CU~DTC_CA~B_PH~CONSD_BO~TRF_PB~FB_CN~18224-9-120398_FF~THEIR2+ 2L Engagement + Video RTA,AN~Video RTA_TG~RT_DE~A25-65F_MA~ntl_RG~USA_PH~CONSD_BO~TRF_PB~FB_PD~NEWSF,6,7,0,0,0,0,0,0,0,0.05,0,0.0,2,0,0,0,0,2,BZS,DTC,2024-05-08
CM~CRM Ad_CT~VID_VD~15s_PH~CONSD_BO~TRF_PB~FB_PD~NEWSF - Copy,YR~24-Q1-01_CL~ASTRA_TA~ONC_DS~THEIR2+ 2L_MB~Neurexa_CU~DTC_CA~B_PH~CONSD_BO~TRF_PB~FB_CN~18224-9-120398_FF~THEIR2+ 2L Engagement + Video RTA,AN~Video RTA_TG~RT_DE~A25-65F_MA~ntl_RG~USA_PH~CONSD_BO~TRF_PB~FB_PD~NEWSF,380,581,6,0,0,0,0,0,0,3.85,0,0.0,77,0,0,0,0,71,BZS,DTC,2024-05-08
CM~Educate Ad 2_CT~VID_VD~15s_PH~CONSD_BO~TRF_PB~FB_PD~NEWSF,YR~24-Q1-01_CL~ASTRA_TA~ONC_DS~THEIR2+ 2L_MB~Neurexa_CU~DTC_CA~B_PH~CONSD_BO~TRF_PB~FB_CN~18224-9-120398_FF~THEIR2+ 2L Engagement + Video RTA,AN~Video RTA_TG~RT_DE~A25-65F_MA~ntl_RG~USA_PH~CONSD_BO~TRF_PB~FB_PD~NEWSF,9,9,0,0,0,0,0,0,0,0.05,0,0.0,1,0,0,0,0,1,BZS,DTC,2024-05-08
CM~Results Ad_CT~VID_VD~15s_PH~CONSD_BO~TRF_PB~FB_PD~NEWSF,YR~24-Q1-01_CL~ASTRA_TA~ONC_DS~THEIR2+ 2L_MB~Neurexa_CU~DTC_CA~B_PH~CONSD_BO~TRF_PB~FB_CN~18224-9-120398_FF~THEIR2+ 2L Engagement + Video RTA,AN~Video RTA_TG~RT_DE~A25-65F_MA~ntl_RG~USA_PH~CONSD_BO~TRF_PB~FB_PD~NEWSF,340,551,7,0,0,0,0,0,0,3.91,0,0.0,73,0,0,0,0,66,BZS,DTC,2024-05-08
CM~CRM Ad_CT~VID_VD~15s_PH~CONSD_BO~TRF_PB~FB_PD~NEWSF,YR~24-Q1-01_CL~ASTRA_TA~ONC_DS~THEIR2+ 2L_MB~Neurexa_CU~DTC_CA~B_PH~CONSD_BO~TRF_PB~FB_CN~18224-9-120398_FF~THEIR2+ 2L Engagement + Video RTA LAL,AN~Engagement RTA LAL_TG~RT_DE~A25-65F_MA~ntl_RG~USA_PH~CONSD_BO~TRF_PB~FB_PD~NEWSF,4962,5319,69,0,0,0,0,0,0,41.4,0,0.0,510,0,0,0,0,441,BZS,DTC,2024-05-08
CM~Educate Ad 2_CT~VID_VD~15s_PH~CONSD_BO~TRF_PB~FB_PD~NEWSF,YR~24-Q1-01_CL~ASTRA_TA~ONC_DS~THEIR2+ 2L_MB~Neurexa_CU~DTC_CA~B_PH~CONSD_BO~TRF_PB~FB_CN~18224-9-120398_FF~THEIR2+ 2L Engagement + Video RTA LAL,AN~Engagement RTA LAL_TG~RT_DE~A25-65F_MA~ntl_RG~USA_PH~CONSD_BO~TRF_PB~FB_PD~NEWSF,100,111,1,0,0,0,0,0,0,0.79,0,0.0,7,0,0,0,0,6,BZS,DTC,2024-05-08
CM~Educate Ad 3_CT~VID_VD~15s_PH~CONSD_BO~TRF_PB~FB_PD~NEWSF,YR~24-Q1-01_CL~ASTRA_TA~ONC_DS~THEIR2+ 2L_MB~Neurexa_CU~DTC_CA~B_PH~CONSD_BO~TRF_PB~FB_CN~18224-9-120398_FF~THEIR2+ 2L Engagement + Video RTA LAL,AN~Engagement RTA LAL_TG~RT_DE~A25-65F_MA~ntl_RG~USA_PH~CONSD_BO~TRF_PB~FB_PD~NEWSF,45,48,0,0,0,0,0,0,0,0.5,0,0.0,4,0,0,0,0,4,BZS,DTC,2024-05-08
CM~Results Ad_CT~VID_VD~15s_PH~CONSD_BO~TRF_PB~FB_PD~NEWSF,YR~24-Q1-01_CL~ASTRA_TA~ONC_DS~THEIR2+ 2L_MB~Neurexa_CU~DTC_CA~B_PH~CONSD_BO~TRF_PB~FB_CN~18224-9-120398_FF~THEIR2+ 2L Engagement + Video RTA LAL,AN~Engagement RTA LAL_TG~RT_DE~A25-65F_MA~ntl_RG~USA_PH~CONSD_BO~TRF_PB~FB_PD~NEWSF,674,702,6,0,0,0,0,0,0,5.6899999999999995,0,0.0,78,0,0,0,0,72,BZS,DTC,2024-05-08
CM~CRM Ad_CT~VID_VD~15s_PH~CONSD_BO~TRF_PB~FB_PD~NEWSF,YR~24-Q1-01_CL~ASTRA_TA~ONC_DS~THEIR2+ 2L_MB~Neurexa_CU~DTC_CA~B_PH~CONSD_BO~TRF_PB~FB_CN~18224-9-120398_FF~THEIR2+ 2L Engagement + Video RTA LAL,AN~Video RTA LAL_TG~RT_DE~A25-65F_MA~ntl_RG~USA_PH~CONSD_BO~TRF_PB~FB_PD~NEWSF,5024,5644,42,0,0,0,0,0,0,40.91,0,0.0,502,0,0,0,0,460,BZS,DTC,2024-05-08
CM~Educate Ad 2_CT~VID_VD~15s_PH~CONSD_BO~TRF_PB~FB_PD~NEWSF,YR~24-Q1-01_CL~ASTRA_TA~ONC_DS~THEIR2+ 2L_MB~Neurexa_CU~DTC_CA~B_PH~CONSD_BO~TRF_PB~FB_CN~18224-9-120398_FF~THEIR2+ 2L Engagement + Video RTA LAL,AN~Video RTA LAL_TG~RT_DE~A25-65F_MA~ntl_RG~USA_PH~CONSD_BO~TRF_PB~FB_PD~NEWSF,49,54,0,0,0,0,0,0,0,0.78,0,0.0,5,0,0,0,0,5,BZS,DTC,2024-05-08
CM~Educate Ad 3_CT~VID_VD~15s_PH~CONSD_BO~TRF_PB~FB_PD~NEWSF,YR~24-Q1-01_CL~ASTRA_TA~ONC_DS~THEIR2+ 2L_MB~Neurexa_CU~DTC_CA~B_PH~CONSD_BO~TRF_PB~FB_CN~18224-9-120398_FF~THEIR2+ 2L Engagement + Video RTA LAL,AN~Video RTA LAL_TG~RT_DE~A25-65F_MA~ntl_RG~USA_PH~CONSD_BO~TRF_PB~FB_PD~NEWSF,61,67,1,0,0,0,0,0,0,0.56,0,0.0,5,0,0,0,0,4,BZS,DTC,2024-05-08
CM~Results Ad_CT~VID_VD~15s_PH~CONSD_BO~TRF_PB~FB_PD~NEWSF,YR~24-Q1-01_CL~ASTRA_TA~ONC_DS~THEIR2+ 2L_MB~Neurexa_CU~DTC_CA~B_PH~CONSD_BO~TRF_PB~FB_CN~18224-9-120398_FF~THEIR2+ 2L Engagement + Video RTA LAL,AN~Video RTA LAL_TG~RT_DE~A25-65F_MA~ntl_RG~USA_PH~CONSD_BO~TRF_PB~FB_PD~NEWSF,957,1004,12,0,0,0,0,0,0,6.46,0,0.0,108,0,0,0,0,96,BZS,DTC,2024-05-08
CM~CRM Ad_CT~VID_VD~15s_PH~CONSD_BO~TRF_PB~FB_PD~NEWSF,YR~24-Q1-01_CL~ASTRA_TA~ONC_DS~THEIR2+ 2L_MB~Neurexa_CU~DTC_CA~B_PH~CONSD_BO~TRF_PB~FB_CN~18224-9-120398_FF~THEIR2+ 2L FB PurpleLab,AN~DTC Purple Lab_TG~RT_DE~A25-65A_MA~ntl_RG~USA_PH~CONSD_BO~TRF_PB~FB_PD~NEWSF,5668,6775,64,0,0,0,0,0,0,49.45,0,0.0,637,0,0,0,0,573,BZS,DTC,2024-05-08
CM~Educate Ad 2_CT~VID_VD~15s_PH~CONSD_BO~TRF_PB~FB_PD~NEWSF,YR~24-Q1-01_CL~ASTRA_TA~ONC_DS~THEIR2+ 2L_MB~Neurexa_CU~DTC_CA~B_PH~CONSD_BO~TRF_PB~FB_CN~18224-9-120398_FF~THEIR2+ 2L FB PurpleLab,AN~DTC Purple Lab_TG~RT_DE~A25-65A_MA~ntl_RG~USA_PH~CONSD_BO~TRF_PB~FB_PD~NEWSF,460,565,2,0,0,0,0,0,0,2.67,0,0.0,44,0,0,0,0,42,BZS,DTC,2024-05-08
CM~Educate Ad 3_CT~VID_VD~15s_PH~CONSD_BO~TRF_PB~FB_PD~NEWSF,YR~24-Q1-01_CL~ASTRA_TA~ONC_DS~THEIR2+ 2L_MB~Neurexa_CU~DTC_CA~B_PH~CONSD_BO~TRF_PB~FB_CN~18224-9-120398_FF~THEIR2+ 2L FB PurpleLab,AN~DTC Purple Lab_TG~RT_DE~A25-65A_MA~ntl_RG~USA_PH~CONSD_BO~TRF_PB~FB_PD~NEWSF,201,240,2,0,0,0,0,0,0,1.51,0,0.0,19,0,0,0,0,17,BZS,DTC,2024-05-08
CM~Results Ad_CT~VID_VD~15s_PH~CONSD_BO~TRF_PB~FB_PD~NEWSF,YR~24-Q1-01_CL~ASTRA_TA~ONC_DS~THEIR2+ 2L_MB~Neurexa_CU~DTC_CA~B_PH~CONSD_BO~TRF_PB~FB_CN~18224-9-120398_FF~THEIR2+ 2L FB PurpleLab,AN~DTC Purple Lab_TG~RT_DE~A25-65A_MA~ntl_RG~USA_PH~CONSD_BO~TRF_PB~FB_PD~NEWSF,5280,6190,44,0,0,0,0,0,0,43.97,0,0.0,750,0,0,0,0,706,BZS,DTC,2024-05-08
CM~CRM Ad_CT~VID_VD~15s_PH~CONSD_BO~TRF_PB~FB_PD~NEWSF,YR~24-Q1-01_CL~ASTRA_TA~ONC_DS~THEIR2+ 2L_MB~Neurexa_CU~DTC_CA~B_PH~CONSD_BO~TRF_PB~FB_CN~18224-9-120398_FF~THEIR2+ 2L Pixel LAL,AN~Pixel LAL_TG~LAL_DE~A25-65F_MA~ntl_RG~USA_PH~CONSD_BO~TRF_PB~FB_PD~NEWSF,9754,11037,106,0,0,0,0,0,0,69.14,0,0.0,1096,0,0,0,0,990,BZS,DTC,2024-05-08
CM~Educate Ad 2_CT~VID_VD~15s_PH~CONSD_BO~TRF_PB~FB_PD~NEWSF,YR~24-Q1-01_CL~ASTRA_TA~ONC_DS~THEIR2+ 2L_MB~Neurexa_CU~DTC_CA~B_PH~CONSD_BO~TRF_PB~FB_CN~18224-9-120398_FF~THEIR2+ 2L Pixel LAL,AN~Pixel LAL_TG~LAL_DE~A25-65F_MA~ntl_RG~USA_PH~CONSD_BO~TRF_PB~FB_PD~NEWSF,400,492,3,0,0,0,0,0,0,2.0,0,0.0,39,0,0,0,0,36,BZS,DTC,2024-05-08
CM~Educate Ad 3_CT~VID_VD~15s_PH~CONSD_BO~TRF_PB~FB_PD~NEWSF,YR~24-Q1-01_CL~ASTRA_TA~ONC_DS~THEIR2+ 2L_MB~Neurexa_CU~DTC_CA~B_PH~CONSD_BO~TRF_PB~FB_CN~18224-9-120398_FF~THEIR2+ 2L Pixel LAL,AN~Pixel LAL_TG~LAL_DE~A25-65F_MA~ntl_RG~USA_PH~CONSD_BO~TRF_PB~FB_PD~NEWSF,250,287,0,0,0,0,0,0,0,1.48,0,0.0,16,0,0,0,0,16,BZS,DTC,2024-05-08
CM~Results Ad_CT~VID_VD~15s_PH~CONSD_BO~TRF_PB~FB_PD~NEWSF,YR~24-Q1-01_CL~ASTRA_TA~ONC_DS~THEIR2+ 2L_MB~Neurexa_CU~DTC_CA~B_PH~CONSD_BO~TRF_PB~FB_CN~18224-9-120398_FF~THEIR2+ 2L Pixel LAL,AN~Pixel LAL_TG~LAL_DE~A25-65F_MA~ntl_RG~USA_PH~CONSD_BO~TRF_PB~FB_PD~NEWSF,3029,3415,19,0,0,0,0,0,0,17.02,0,0.0,315,0,0,0,0,296,BZS,DTC,2024-05-08
CM~CRM Ad_CT~VID_VD~15s_PH~CONSD_BO~TRF_PB~FB_PD~NEWSF,YR~24-Q1-01_CL~ASTRA_TA~ONC_DS~THEIR2+ 2L_MB~Neurexa_CU~DTC_CA~B_PH~CONSD_BO~TRF_PB~FB_CN~18224-9-120398_FF~THEIR2+ 2L Pixel LAL,AN~Pixel Search LAL_TG~LAL_DE~A25-65F_MA~ntl_RG~USA_PH~CONSD_BO~TRF_PB~FB_PD~NEWSF,867,931,13,0,0,0,0,0,0,6.87,0,0.0,100,0,0,0,0,87,BZS,DTC,2024-05-08
CM~Educate Ad 2_CT~VID_VD~15s_PH~CONSD_BO~TRF_PB~FB_PD~NEWSF,YR~24-Q1-01_CL~ASTRA_TA~ONC_DS~THEIR2+ 2L_MB~Neurexa_CU~DTC_CA~B_PH~CONSD_BO~TRF_PB~FB_CN~18224-9-120398_FF~THEIR2+ 2L Pixel LAL,AN~Pixel Search LAL_TG~LAL_DE~A25-65F_MA~ntl_RG~USA_PH~CONSD_BO~TRF_PB~FB_PD~NEWSF,5,5,0,0,0,0,0,0,0,0.02,0,0.0,0,0,0,0,0,0,BZS,DTC,2024-05-08
CM~Educate Ad 3_CT~VID_VD~15s_PH~CONSD_BO~TRF_PB~FB_PD~NEWSF,YR~24-Q1-01_CL~ASTRA_TA~ONC_DS~THEIR2+ 2L_MB~Neurexa_CU~DTC_CA~B_PH~CONSD_BO~TRF_PB~FB_CN~18224-9-120398_FF~THEIR2+ 2L Pixel LAL,AN~Pixel Search LAL_TG~LAL_DE~A25-65F_MA~ntl_RG~USA_PH~CONSD_BO~TRF_PB~FB_PD~NEWSF,3,3,0,0,0,0,0,0,0,0.0,0,0.0,1,0,0,0,0,1,BZS,DTC,2024-05-08
CM~Results Ad_CT~VID_VD~15s_PH~CONSD_BO~TRF_PB~FB_PD~NEWSF,YR~24-Q1-01_CL~ASTRA_TA~ONC_DS~THEIR2+ 2L_MB~Neurexa_CU~DTC_CA~B_PH~CONSD_BO~TRF_PB~FB_CN~18224-9-120398_FF~THEIR2+ 2L Pixel LAL,AN~Pixel Search LAL_TG~LAL_DE~A25-65F_MA~ntl_RG~USA_PH~CONSD_BO~TRF_PB~FB_PD~NEWSF,238,253,3,0,0,0,0,0,0,1.94,0,0.0,28,0,0,0,0,25,BZS,DTC,2024-05-08
CM~CRM Ad_CT~VID_VD~15s_PH~CONSD_BO~TRF_PB~FB_PD~NEWSF,YR~24-Q1-01_CL~ASTRA_TA~ONC_DS~THEIR2+ 2L_MB~Neurexa_CU~DTC_CA~B_PH~CONSD_BO~TRF_PB~FB_CN~18224-9-120398_FF~THEIR2+ 2L Pixel RTA,AN~Pixel RTA_TG~RT_DE~A25-65F_MA~ntl_RG~USA_PH~CONSD_BO~TRF_PB~FB_PD~NEWSF,2840,3685,56,0,0,0,0,0,0,43.26,0,0.0,429,0,0,0,0,373,BZS,DTC,2024-05-08
CM~Educate Ad2_CT~VID_VD~15s_PH~CONSD_BO~TRF_PB~FB_PD~NEWSF,YR~24-Q1-01_CL~ASTRA_TA~ONC_DS~THEIR2+ 2L_MB~Neurexa_CU~DTC_CA~B_PH~CONSD_BO~TRF_PB~FB_CN~18224-9-120398_FF~THEIR2+ 2L Pixel RTA,AN~Pixel RTA_TG~RT_DE~A25-65F_MA~ntl_RG~USA_PH~CONSD_BO~TRF_PB~FB_PD~NEWSF,675,1032,12,0,0,0,0,0,0,9.89,0,0.0,100,0,0,0,0,88,BZS,DTC,2024-05-08
CM~Educate Ad3_CT~VID_VD~15s_PH~CONSD_BO~TRF_PB~FB_PD~NEWSF,YR~24-Q1-01_CL~ASTRA_TA~ONC_DS~THEIR2+ 2L_MB~Neurexa_CU~DTC_CA~B_PH~CONSD_BO~TRF_PB~FB_CN~18224-9-120398_FF~THEIR2+ 2L Pixel RTA,AN~Pixel RTA_TG~RT_DE~A25-65F_MA~ntl_RG~USA_PH~CONSD_BO~TRF_PB~FB_PD~NEWSF,261,365,1,0,0,0,0,0,0,2.69,0,0.0,35,0,0,0,0,34,BZS,DTC,2024-05-08
CM~Results Ad_CT~VID_VD~15s_PH~CONSD_BO~TRF_PB~FB_PD~NEWSF,YR~24-Q1-01_CL~ASTRA_TA~ONC_DS~THEIR2+ 2L_MB~Neurexa_CU~DTC_CA~B_PH~CONSD_BO~TRF_PB~FB_CN~18224-9-120398_FF~THEIR2+ 2L Pixel RTA,AN~Pixel RTA_TG~RT_DE~A25-65F_MA~ntl_RG~USA_PH~CONSD_BO~TRF_PB~FB_PD~NEWSF,3088,4282,46,0,0,0,0,0,0,37.2,0,0.0,527,0,0,0,0,481,BZS,DTC,2024-05-08
CM~CRM Ad_CT~VID_VD~15s_PH~CONSD_BO~TRF_PB~FB_PD~NEWSF,YR~24-Q1-01_CL~ASTRA_TA~ONC_DS~THEIR2+ 2L_MB~Neurexa_CU~DTC_CA~B_PH~CONSD_BO~TRF_PB~FB_CN~18224-9-120398_FF~THEIR2+ 2L Pixel RTA,AN~Pixel Search RTA_TG~RT_DE~A25-65F_MA~ntl_RG~USA_PH~CONSD_BO~TRF_PB~FB_PD~NEWSF,606,925,5,0,0,0,0,0,0,8.77,0,0.0,79,0,0,0,0,74,BZS,DTC,2024-05-08
CM~SecondLineDressAd1_CT~VID_VD~15s_PH~CONSD_BO~TRF_PB~IG_PD~NEWSF,YR~24-Q1-01_CL~ASTRA_TA~ONC_DS~THEIR2+ 2L_MB~Neurexa_CU~DTC_CA~B_PH~CONSD_BO~TRF_PB~IG_CN~18224-9-120398_FF~THEIR2+ 2L IG Engagement + Video RTA LAL,AN~Engagement RTA LAL_TG~LAL_DE~A25-65F_MA~ntl_RG~USA_PH~CONSD_BO~TRF_PB~IG_PD~NEWSF,417,446,6,0,0,0,0,0,0,6.15,0,0.0,140,0,0,0,0,134,BZS,DTC,2024-05-08
CM~SecondLineWhiteFrameAd2_CT~VID_VD~15s_PH~CONSD_BO~TRF_PB~IG_PD~NEWSF,YR~24-Q1-01_CL~ASTRA_TA~ONC_DS~THEIR2+ 2L_MB~Neurexa_CU~DTC_CA~B_PH~CONSD_BO~TRF_PB~IG_CN~18224-9-120398_FF~THEIR2+ 2L IG Engagement + Video RTA LAL,AN~Engagement RTA LAL_TG~LAL_DE~A25-65F_MA~ntl_RG~USA_PH~CONSD_BO~TRF_PB~IG_PD~NEWSF,90,97,0,0,0,0,0,0,0,1.32,0,0.0,38,0,0,0,0,38,BZS,DTC,2024-05-08
CM~SecondLineDressAd1_CT~VID_VD~15s_PH~CONSD_BO~TRF_PB~IG_PD~NEWSF,YR~24-Q1-01_CL~ASTRA_TA~ONC_DS~THEIR2+ 2L_MB~Neurexa_CU~DTC_CA~B_PH~CONSD_BO~TRF_PB~IG_CN~18224-9-120398_FF~THEIR2+ 2L IG Engagement + Video RTA LAL,AN~Video RTA LAL_TG~LAL_DE~A25-65F_MA~ntl_RG~USA_PH~CONSD_BO~TRF_PB~IG_PD~NEWSF,1747,1872,21,0,0,0,0,0,0,23.45,0,1.0,548,0,0,0,0,526,BZS,DTC,2024-05-08
CM~SecondLineWhiteFrameAd2_CT~VID_VD~15s_PH~CONSD_BO~TRF_PB~IG_PD~NEWSF,YR~24-Q1-01_CL~ASTRA_TA~ONC_DS~THEIR2+ 2L_MB~Neurexa_CU~DTC_CA~B_PH~CONSD_BO~TRF_PB~IG_CN~18224-9-120398_FF~THEIR2+ 2L IG Engagement + Video RTA LAL,AN~Video RTA LAL_TG~LAL_DE~A25-65F_MA~ntl_RG~USA_PH~CONSD_BO~TRF_PB~IG_PD~NEWSF,200,217,5,0,0,0,0,0,0,3.12,0,0.0,62,0,0,0,0,57,BZS,DTC,2024-05-08
CM~SecondLineDressAd1_CT~VID_VD~15s_PH~CONSD_BO~TRF_PB~IG_PD~NEWSF,YR~24-Q1-01_CL~ASTRA_TA~ONC_DS~THEIR2+ 2L_MB~Neurexa_CU~DTC_CA~B_PH~CONSD_BO~TRF_PB~IG_CN~18224-9-120398_FF~THEIR2+ 2L IG Pixel LAL,AN~Pixel LAL_TG~LAL_DE~A25-65F_MA~ntl_RG~USA_PH~CONSD_BO~TRF_PB~IG_PD~NEWSF,1328,1529,11,0,0,0,0,0,0,21.37,0,2.0,362,0,0,0,0,349,BZS,DTC,2024-05-08
CM~SecondLineWhiteFrameAd2_CT~VID_VD~15s_PH~CONSD_BO~TRF_PB~IG_PD~NEWSF,YR~24-Q1-01_CL~ASTRA_TA~ONC_DS~THEIR2+ 2L_MB~Neurexa_CU~DTC_CA~B_PH~CONSD_BO~TRF_PB~IG_CN~18224-9-120398_FF~THEIR2+ 2L IG Pixel LAL,AN~Pixel LAL_TG~LAL_DE~A25-65F_MA~ntl_RG~USA_PH~CONSD_BO~TRF_PB~IG_PD~NEWSF,551,630,7,0,0,0,0,0,0,11.09,0,0.0,150,0,0,0,0,143,BZS,DTC,2024-05-08
CM~SecondLineDressAd1_CT~VID_VD~15s_PH~CONSD_BO~TRF_PB~IG_PD~NEWSF,YR~24-Q1-01_CL~ASTRA_TA~ONC_DS~THEIR2+ 2L_MB~Neurexa_CU~DTC_CA~B_PH~CONSD_BO~TRF_PB~IG_CN~18224-9-120398_FF~THEIR2+ 2L IG Pixel LAL,AN~Pixel Search LAL_TG~LAL_DE~A25-65F_MA~ntl_RG~USA_PH~CONSD_BO~TRF_PB~IG_PD~NEWSF,21,22,0,0,0,0,0,0,0,0.39,0,0.0,2,0,0,0,0,2,BZS,DTC,2024-05-08
CM~SecondLineDressAd1_CT~VID_VD~15s_PH~CONSD_BO~TRF_PB~IG_PD~NEWSF,YR~24-Q1-01_CL~ASTRA_TA~ONC_DS~THEIR2+ 2L_MB~Neurexa_CU~DTC_CA~B_PH~CONSD_BO~TRF_PB~IG_CN~18224-9-120398_FF~THEIR2+ 2L IG Pixel RTA,AN~Pixel RTA_TG~LAL_DE~A25-65F_MA~ntl_RG~USA_PH~CONSD_BO~TRF_PB~IG_PD~NEWSF,740,1029,9,0,0,0,0,0,0,17.04,0,3.0,187,0,0,0,0,175,BZS,DTC,2024-05-08
CM~SecondLineWhiteFrameAd2_CT~VID_VD~15s_PH~CONSD_BO~TRF_PB~IG_PD~NEWSF,YR~24-Q1-01_CL~ASTRA_TA~ONC_DS~THEIR2+ 2L_MB~Neurexa_CU~DTC_CA~B_PH~CONSD_BO~TRF_PB~IG_CN~18224-9-120398_FF~THEIR2+ 2L IG Pixel RTA,AN~Pixel RTA_TG~LAL_DE~A25-65F_MA~ntl_RG~USA_PH~CONSD_BO~TRF_PB~IG_PD~NEWSF,451,623,9,0,0,0,0,0,0,12.93,0,1.0,137,0,0,0,0,127,BZS,DTC,2024-05-08
CM~SecondLineDressAd1_CT~VID_VD~15s_PH~CONSD_BO~TRF_PB~IG_PD~NEWSF,YR~24-Q1-01_CL~ASTRA_TA~ONC_DS~THEIR2+ 2L_MB~Neurexa_CU~DTC_CA~B_PH~CONSD_BO~TRF_PB~IG_CN~18224-9-120398_FF~THEIR2+ 2L IG Pixel RTA,AN~Pixel Search RTA_TG~LAL_DE~A25-65F_MA~ntl_RG~USA_PH~CONSD_BO~TRF_PB~IG_PD~NEWSF,181,229,2,0,0,0,0,0,0,4.19,0,0.0,51,0,0,0,0,49,BZS,DTC,2024-05-08
CM~SecondLineWhiteFrameAd2_CT~VID_VD~15s_PH~CONSD_BO~TRF_PB~IG_PD~NEWSF,YR~24-Q1-01_CL~ASTRA_TA~ONC_DS~THEIR2+ 2L_MB~Neurexa_CU~DTC_CA~B_PH~CONSD_BO~TRF_PB~IG_CN~18224-9-120398_FF~THEIR2+ 2L IG Pixel RTA,AN~Pixel Search RTA_TG~LAL_DE~A25-65F_MA~ntl_RG~USA_PH~CONSD_BO~TRF_PB~IG_PD~NEWSF,2,4,0,0,0,0,0,0,0,0.16,0,0.0,0,0,0,0,0,0,BZS,DTC,2024-05-08
CM~SecondLineDressAd1_CT~VID_VD~15s_PH~CONSD_BO~TRF_PB~IG_PD~NEWSF,YR~24-Q1-01_CL~ASTRA_TA~ONC_DS~THEIR2+ 2L_MB~Neurexa_CU~DTC_CA~B_PH~CONSD_BO~TRF_PB~IG_CN~18224-9-120398_FF~THEIR2+ 2L IG PurpleLab,AN~DTC Purple Lab_TG~RT_DE~A25-65A_MA~ntl_RG~USA_PH~CONSD_BO~TRF_PB~FB_PD~NEWSF,1197,1433,4,0,0,0,0,0,0,21.45,0,1.0,319,0,0,0,0,313,BZS,DTC,2024-05-08
CM~SecondLineWhiteFrameAd2_CT~VID_VD~15s_PH~CONSD_BO~TRF_PB~IG_PD~NEWSF,YR~24-Q1-01_CL~ASTRA_TA~ONC_DS~THEIR2+ 2L_MB~Neurexa_CU~DTC_CA~B_PH~CONSD_BO~TRF_PB~IG_CN~18224-9-120398_FF~THEIR2+ 2L IG PurpleLab,AN~DTC Purple Lab_TG~RT_DE~A25-65A_MA~ntl_RG~USA_PH~CONSD_BO~TRF_PB~FB_PD~NEWSF,587,704,3,0,0,0,0,0,0,12.89,0,0.0,168,0,0,0,0,164,BZS,DTC,2024-05-08
CM~Spon. Ad 1_CT~VID_VD~15s_PH~CONV_BO~TRF_PB~FB_PD~NEWSF,YR~24-Q1-01_CL~ASTRA_TA~ONC_DS~THEIR2Low_MB~Neurexa_CU~DTC_CA~B_PH~CONSD_BO~TRF_PB~FB_CN~18225-9-120399_FF~THEIR2Low FB PurpleLab,AN~DTC Purple Lab_TG~RT_DE~A25-65A_MA~ntl_RG~USA_PH~CONSD_BO~TRF_PB~FB_PD~NEWSF,12623,15224,123,0,0,0,0,0,0,121.17,0,0.0,2235,0,0,0,0,2112,AST,DTC,2024-05-09
CM~Spon. Ad 2_CT~VID_VD~15s_PH~CONV_BO~TRF_PB~FB_PD~NEWSF,YR~24-Q1-01_CL~ASTRA_TA~ONC_DS~THEIR2Low_MB~Neurexa_CU~DTC_CA~B_PH~CONSD_BO~TRF_PB~FB_CN~18225-9-120399_FF~THEIR2Low FB PurpleLab,AN~DTC Purple Lab_TG~RT_DE~A25-65A_MA~ntl_RG~USA_PH~CONSD_BO~TRF_PB~FB_PD~NEWSF,45,52,0,0,0,0,0,0,0,0.39,0,0.0,10,0,0,0,0,10,AST,DTC,2024-05-09
CM~Spon. Ad 3_CT~VID_VD~30s_PH~CONV_BO~TRF_PB~FB_PD~NEWSF,YR~24-Q1-01_CL~ASTRA_TA~ONC_DS~THEIR2Low_MB~Neurexa_CU~DTC_CA~B_PH~CONSD_BO~TRF_PB~FB_CN~18225-9-120399_FF~THEIR2Low FB PurpleLab,AN~DTC Purple Lab_TG~RT_DE~A25-65A_MA~ntl_RG~USA_PH~CONSD_BO~TRF_PB~FB_PD~NEWSF,6513,8182,51,0,0,0,0,0,0,49.34,0,0.0,653,0,0,0,0,602,AST,DTC,2024-05-09
CM~Spon. Ad 1_CT~VID_VD~15s_PH~CONV_BO~TRF_PB~FB_PD~NEWSF,YR~24-Q1-01_CL~ASTRA_TA~ONC_DS~THEIR2Low_MB~Neurexa_CU~DTC_CA~B_PH~CONSD_BO~TRF_PB~FB_CN~18225-9-120399_FF~THEIR2Low Pixel RTA,AN~Engagement RTA_TG~RT_DE~A25-65F_MA~ntl_RG~USA_PH~CONSD_BO~TRF_PB~FB_PD~NEWSF,10571,13891,131,0,0,0,0,0,0,98.4,0,0.0,1348,0,0,0,0,1217,AST,DTC,2024-05-09
CM~Spon. Ad 2_CT~VID_VD~15s_PH~CONV_BO~TRF_PB~FB_PD~NEWSF,YR~24-Q1-01_CL~ASTRA_TA~ONC_DS~THEIR2Low_MB~Neurexa_CU~DTC_CA~B_PH~CONSD_BO~TRF_PB~FB_CN~18225-9-120399_FF~THEIR2Low Pixel RTA,AN~Engagement RTA_TG~RT_DE~A25-65F_MA~ntl_RG~USA_PH~CONSD_BO~TRF_PB~FB_PD~NEWSF,459,479,3,0,0,0,0,0,0,2.23,0,0.0,47,0,0,0,0,44,AST,DTC,2024-05-09
CM~Spon. Ad 3_CT~VID_VD~30s_PH~CONV_BO~TRF_PB~FB_PD~NEWSF,YR~24-Q1-01_CL~ASTRA_TA~ONC_DS~THEIR2Low_MB~Neurexa_CU~DTC_CA~B_PH~CONSD_BO~TRF_PB~FB_CN~18225-9-120399_FF~THEIR2Low Pixel RTA,AN~Engagement RTA_TG~RT_DE~A25-65F_MA~ntl_RG~USA_PH~CONSD_BO~TRF_PB~FB_PD~NEWSF,10271,14226,114,0,0,0,0,0,0,84.17,0,0.0,913,0,0,0,0,799,AST,DTC,2024-05-09
CM~Spon. Ad 2_CT~VID_VD~15s_PH~CONV_BO~TRF_PB~FB_PD~NEWSF,YR~24-Q1-01_CL~ASTRA_TA~ONC_DS~THEIR2Low_MB~Neurexa_CU~DTC_CA~B_PH~CONSD_BO~TRF_PB~FB_CN~18225-9-120399_FF~THEIR2Low Pixel RTA,AN~Pixel RTA_TG~RT_DE~A25-65F_MA~ntl_RG~USA_PH~CONSD_BO~TRF_PB~FB_PD~NEWSF,2,2,0,0,0,0,0,0,0,0.02,0,0.0,0,0,0,0,0,0,AST,DTC,2024-05-09
CM~Spon. Ad 1_CT~VID_VD~15s_PH~CONV_BO~TRF_PB~FB_PD~NEWSF,YR~24-Q1-01_CL~ASTRA_TA~ONC_DS~THEIR2Low_MB~Neurexa_CU~DTC_CA~B_PH~CONSD_BO~TRF_PB~FB_CN~18225-9-120399_FF~THEIR2Low Pixel RTA,AN~Pixel RTA_TG~RT_DE~A25-65F_MA~ntl_RG~USA_PH~CONSD_BO~TRF_PB~FB_PD~NEWSF,488,777,3,0,0,0,0,0,0,7.57,0,0.0,75,0,0,0,0,72,AST,DTC,2024-05-09
CM~Spon. Ad 1_CT~VID_VD~15s_PH~CONV_BO~TRF_PB~FB_PD~NEWSF,YR~24-Q1-01_CL~ASTRA_TA~ONC_DS~THEIR2Low_MB~Neurexa_CU~DTC_CA~B_PH~CONSD_BO~TRF_PB~FB_CN~18225-9-120399_FF~THEIR2Low Pixel RTA,AN~Pixel Search RTA_TG~RT_DE~A25-65F_MA~ntl_RG~USA_PH~CONSD_BO~TRF_PB~FB_PD~NEWSF,228,287,4,0,0,0,0,0,0,3.7800000000000002,0,0.0,40,0,0,0,0,36,AST,DTC,2024-05-09
CM~Spon. Ad 2_CT~VID_VD~15s_PH~CONV_BO~TRF_PB~FB_PD~NEWSF,YR~24-Q1-01_CL~ASTRA_TA~ONC_DS~THEIR2Low_MB~Neurexa_CU~DTC_CA~B_PH~CONSD_BO~TRF_PB~FB_CN~18225-9-120399_FF~THEIR2Low Pixel RTA,AN~Pixel Search RTA_TG~RT_DE~A25-65F_MA~ntl_RG~USA_PH~CONSD_BO~TRF_PB~FB_PD~NEWSF,25,25,0,0,0,0,0,0,0,0.4,0,0.0,3,0,0,0,0,3,AST,DTC,2024-05-09
CM~Spon. Ad 3_CT~VID_VD~30s_PH~CONV_BO~TRF_PB~FB_PD~NEWSF,YR~24-Q1-01_CL~ASTRA_TA~ONC_DS~THEIR2Low_MB~Neurexa_CU~DTC_CA~B_PH~CONSD_BO~TRF_PB~FB_CN~18225-9-120399_FF~THEIR2Low Pixel RTA,AN~Pixel Search RTA_TG~RT_DE~A25-65F_MA~ntl_RG~USA_PH~CONSD_BO~TRF_PB~FB_PD~NEWSF,300,381,1,0,0,0,0,0,0,4.67,0,0.0,34,0,0,0,0,33,AST,DTC,2024-05-09
CM~Spon. Ad 1_CT~VID_VD~15s_PH~CONV_BO~TRF_PB~FB_PD~NEWSF,YR~24-Q1-01_CL~ASTRA_TA~ONC_DS~THEIR2Low_MB~Neurexa_CU~DTC_CA~B_PH~CONSD_BO~TRF_PB~FB_CN~18225-9-120399_FF~THEIR2Low Pixel RTA LAL,AN~Engagement RTA LAL_TG~LAL_DE~A25-65F_MA~ntl_RG~USA_PH~CONSD_BO~TRF_PB~FB_PD~NEWSF - Copy,8619,9787,80,0,0,0,0,0,0,55.34,0,0.0,1090,0,0,0,0,1010,AST,DTC,2024-05-09
CM~Spon. Ad 2_CT~VID_VD~15s_PH~CONV_BO~TRF_PB~FB_PD~NEWSF,YR~24-Q1-01_CL~ASTRA_TA~ONC_DS~THEIR2Low_MB~Neurexa_CU~DTC_CA~B_PH~CONSD_BO~TRF_PB~FB_CN~18225-9-120399_FF~THEIR2Low Pixel RTA LAL,AN~Engagement RTA LAL_TG~LAL_DE~A25-65F_MA~ntl_RG~USA_PH~CONSD_BO~TRF_PB~FB_PD~NEWSF - Copy,905,927,4,0,0,0,0,0,0,3.48,0,0.0,67,0,0,0,0,63,AST,DTC,2024-05-09
CM~Spon. Ad 3_CT~VID_VD~30s_PH~CONV_BO~TRF_PB~FB_PD~NEWSF,YR~24-Q1-01_CL~ASTRA_TA~ONC_DS~THEIR2Low_MB~Neurexa_CU~DTC_CA~B_PH~CONSD_BO~TRF_PB~FB_CN~18225-9-120399_FF~THEIR2Low Pixel RTA LAL,AN~Engagement RTA LAL_TG~LAL_DE~A25-65F_MA~ntl_RG~USA_PH~CONSD_BO~TRF_PB~FB_PD~NEWSF - Copy,22323,27223,165,0,0,0,0,0,0,125.3,0,0.0,1719,0,0,0,0,1554,AST,DTC,2024-05-09
CM~Spon. Ad 1_CT~VID_VD~15s_PH~CONV_BO~TRF_PB~FB_PD~NEWSF,YR~24-Q1-01_CL~ASTRA_TA~ONC_DS~THEIR2Low_MB~Neurexa_CU~DTC_CA~B_PH~CONSD_BO~TRF_PB~FB_CN~18225-9-120399_FF~THEIR2Low Pixel RTA LAL,AN~Pixel RTA LAL_TG~LAL_DE~A25-65F_MA~ntl_RG~USA_PH~CONSD_BO~TRF_PB~FB_PD~NEWSF,988,1066,5,0,0,0,0,0,0,7.71,0,0.0,103,0,0,0,0,98,AST,DTC,2024-05-09
CM~Spon. Ad 2_CT~VID_VD~15s_PH~CONV_BO~TRF_PB~FB_PD~NEWSF,YR~24-Q1-01_CL~ASTRA_TA~ONC_DS~THEIR2Low_MB~Neurexa_CU~DTC_CA~B_PH~CONSD_BO~TRF_PB~FB_CN~18225-9-120399_FF~THEIR2Low Pixel RTA LAL,AN~Pixel RTA LAL_TG~LAL_DE~A25-65F_MA~ntl_RG~USA_PH~CONSD_BO~TRF_PB~FB_PD~NEWSF,8,8,0,0,0,0,0,0,0,0.05,0,0.0,1,0,0,0,0,1,AST,DTC,2024-05-09
CM~Spon. Ad 1_CT~VID_VD~15s_PH~CONV_BO~TRF_PB~FB_PD~NEWSF,YR~24-Q1-01_CL~ASTRA_TA~ONC_DS~THEIR2Low_MB~Neurexa_CU~DTC_CA~B_PH~CONSD_BO~TRF_PB~FB_CN~18225-9-120399_FF~THEIR2Low Pixel RTA LAL,AN~Pixel Search RTA LAL_TG~LAL_DE~A25-65F_MA~ntl_RG~USA_PH~CONSD_BO~TRF_PB~FB_PD~NEWSF,886,949,16,0,0,0,0,0,0,8.37,0,0.0,108,0,0,0,0,92,AST,DTC,2024-05-09
CM~Spon. Ad 2_CT~VID_VD~15s_PH~CONV_BO~TRF_PB~FB_PD~NEWSF,YR~24-Q1-01_CL~ASTRA_TA~ONC_DS~THEIR2Low_MB~Neurexa_CU~DTC_CA~B_PH~CONSD_BO~TRF_PB~FB_CN~18225-9-120399_FF~THEIR2Low Pixel RTA LAL,AN~Pixel Search RTA LAL_TG~LAL_DE~A25-65F_MA~ntl_RG~USA_PH~CONSD_BO~TRF_PB~FB_PD~NEWSF,103,106,0,0,0,0,0,0,0,0.9,0,0.0,8,0,0,0,0,8,AST,DTC,2024-05-09
CM~Sponsored Ad1_CT~VID_VD~15s_PH~CONSD_BO~TRF_PB~IG_PD~NEWSF,YR~24-Q1-01_CL~ASTRA_TA~ONC_DS~THEIR2Low_MB~Neurexa_CU~DTC_CA~B_PH~CONSD_BO~TRF_PB~IG_CN~18225-9-120399_FF~THEIR2Low IG Pixel RTA,AN~Engagement RTA_TG~RT_DE~A25-65F_MA~ntl_RG~USA_PH~CONSD_BO~TRF_PB~IG_PD~NEWSF,717,786,2,0,0,0,0,0,0,16.0,0,0.0,152,0,0,0,0,150,AST,DTC,2024-05-09
CM~Sponsored Ad2_CT~VID_VD~15s_PH~CONSD_BO~TRF_PB~IG_PD~NEWSF,YR~24-Q1-01_CL~ASTRA_TA~ONC_DS~THEIR2Low_MB~Neurexa_CU~DTC_CA~B_PH~CONSD_BO~TRF_PB~IG_CN~18225-9-120399_FF~THEIR2Low IG Pixel RTA,AN~Engagement RTA_TG~RT_DE~A25-65F_MA~ntl_RG~USA_PH~CONSD_BO~TRF_PB~IG_PD~NEWSF,1383,1725,5,0,0,0,0,0,0,20.17,0,1.0,251,0,0,0,0,245,AST,DTC,2024-05-09
CM~Sponsored Ad3_CT~VID_VD~15s_PH~CONSD_BO~TRF_PB~IG_PD~NEWSF,YR~24-Q1-01_CL~ASTRA_TA~ONC_DS~THEIR2Low_MB~Neurexa_CU~DTC_CA~B_PH~CONSD_BO~TRF_PB~IG_CN~18225-9-120399_FF~THEIR2Low IG Pixel RTA,AN~Engagement RTA_TG~RT_DE~A25-65F_MA~ntl_RG~USA_PH~CONSD_BO~TRF_PB~IG_PD~NEWSF,501,584,1,0,0,0,0,0,0,11.01,0,2.0,102,0,0,0,0,99,AST,DTC,2024-05-09
CM~Sponsored Ad1_CT~VID_VD~15s_PH~CONSD_BO~TRF_PB~IG_PD~NEWSF,YR~24-Q1-01_CL~ASTRA_TA~ONC_DS~THEIR2Low_MB~Neurexa_CU~DTC_CA~B_PH~CONSD_BO~TRF_PB~IG_CN~18225-9-120399_FF~THEIR2Low IG Pixel RTA,AN~Pixel Search RTA_TG~RT_DE~A25-65F_MA~ntl_RG~USA_PH~CONSD_BO~TRF_PB~IG_PD~NEWSF,126,134,1,0,0,0,0,0,0,3.6,0,0.0,39,0,0,0,0,38,AST,DTC,2024-05-09
CM~Sponsored Ad2_CT~VID_VD~15s_PH~CONSD_BO~TRF_PB~IG_PD~NEWSF,YR~24-Q1-01_CL~ASTRA_TA~ONC_DS~THEIR2Low_MB~Neurexa_CU~DTC_CA~B_PH~CONSD_BO~TRF_PB~IG_CN~18225-9-120399_FF~THEIR2Low IG Pixel RTA,AN~Pixel Search RTA_TG~RT_DE~A25-65F_MA~ntl_RG~USA_PH~CONSD_BO~TRF_PB~IG_PD~NEWSF,99,116,0,0,0,0,0,0,0,2.71,0,0.0,26,0,0,0,0,26,AST,DTC,2024-05-09
CM~Sponsored Ad3_CT~VID_VD~15s_PH~CONSD_BO~TRF_PB~IG_PD~NEWSF,YR~24-Q1-01_CL~ASTRA_TA~ONC_DS~THEIR2Low_MB~Neurexa_CU~DTC_CA~B_PH~CONSD_BO~TRF_PB~IG_CN~18225-9-120399_FF~THEIR2Low IG Pixel RTA,AN~Pixel Search RTA_TG~RT_DE~A25-65F_MA~ntl_RG~USA_PH~CONSD_BO~TRF_PB~IG_PD~NEWSF,24,32,0,0,0,0,0,0,0,1.0,0,0.0,8,0,0,0,0,8,AST,DTC,2024-05-09
CM~Sponsored Ad1_CT~VID_VD~15s_PH~CONSD_BO~TRF_PB~IG_PD~NEWSF,YR~24-Q1-01_CL~ASTRA_TA~ONC_DS~THEIR2Low_MB~Neurexa_CU~DTC_CA~B_PH~CONSD_BO~TRF_PB~IG_CN~18225-9-120399_FF~THEIR2Low IG Pixel RTA LAL,AN~Engagement RTALAL_TG~RT_DE~A25-65F_MA~ntl_RG~USA_PH~CONSD_BO~TRF_PB~IG_PD~NEWSF,28,30,1,0,0,0,0,0,0,0.54,0,0.0,12,0,0,0,0,11,AST,DTC,2024-05-09
CM~Sponsored Ad2_CT~VID_VD~15s_PH~CONSD_BO~TRF_PB~IG_PD~NEWSF,YR~24-Q1-01_CL~ASTRA_TA~ONC_DS~THEIR2Low_MB~Neurexa_CU~DTC_CA~B_PH~CONSD_BO~TRF_PB~IG_CN~18225-9-120399_FF~THEIR2Low IG Pixel RTA LAL,AN~Engagement RTALAL_TG~RT_DE~A25-65F_MA~ntl_RG~USA_PH~CONSD_BO~TRF_PB~IG_PD~NEWSF,1123,1207,19,0,0,0,0,0,0,16.6,0,1.0,369,0,0,0,0,349,AST,DTC,2024-05-09
CM~Sponsored Ad3_CT~VID_VD~15s_PH~CONSD_BO~TRF_PB~IG_PD~NEWSF,YR~24-Q1-01_CL~ASTRA_TA~ONC_DS~THEIR2Low_MB~Neurexa_CU~DTC_CA~B_PH~CONSD_BO~TRF_PB~IG_CN~18225-9-120399_FF~THEIR2Low IG Pixel RTA LAL,AN~Engagement RTALAL_TG~RT_DE~A25-65F_MA~ntl_RG~USA_PH~CONSD_BO~TRF_PB~IG_PD~NEWSF,52,53,2,0,0,0,0,0,0,0.78,0,0.0,13,0,0,0,0,11,AST,DTC,2024-05-09
CM~Sponsored Ad1_CT~VID_VD~15s_PH~CONSD_BO~TRF_PB~IG_PD~NEWSF,YR~24-Q1-01_CL~ASTRA_TA~ONC_DS~THEIR2Low_MB~Neurexa_CU~DTC_CA~B_PH~CONSD_BO~TRF_PB~IG_CN~18225-9-120399_FF~THEIR2Low IG Pixel RTA LAL,AN~Pixel Search RTALAL_TG~RT_DE~A25-65F_MA~ntl_RG~USA_PH~CONSD_BO~TRF_PB~IG_PD~NEWSF,1545,1676,8,0,0,0,0,0,0,32.09,0,2.0,607,0,0,0,0,597,AST,DTC,2024-05-09
CM~Sponsored Ad1_CT~VID_VD~15s_PH~CONSD_BO~TRF_PB~IG_PD~NEWSF,YR~24-Q1-01_CL~ASTRA_TA~ONC_DS~THEIR2Low_MB~Neurexa_CU~DTC_CA~B_PH~CONSD_BO~TRF_PB~IG_CN~18225-9-120399_FF~THEIR2Low IG PurpleLab,AN~DTC Purple Lab_TG~RT_DE~A25-65A_MA~ntl_RG~USA_PH~CONSD_BO~TRF_PB~FB_PD~NEWSF,789,831,1,0,0,0,0,0,0,11.61,0,0.0,311,0,0,0,0,310,AST,DTC,2024-05-09
CM~Sponsored Ad2_CT~VID_VD~15s_PH~CONSD_BO~TRF_PB~IG_PD~NEWSF,YR~24-Q1-01_CL~ASTRA_TA~ONC_DS~THEIR2Low_MB~Neurexa_CU~DTC_CA~B_PH~CONSD_BO~TRF_PB~IG_CN~18225-9-120399_FF~THEIR2Low IG PurpleLab,AN~DTC Purple Lab_TG~RT_DE~A25-65A_MA~ntl_RG~USA_PH~CONSD_BO~TRF_PB~FB_PD~NEWSF,2554,3147,18,0,0,0,0,0,0,47.5,0,2.0,631,0,0,0,0,611,AST,DTC,2024-05-09
CM~Sponsored Ad3_CT~VID_VD~15s_PH~CONSD_BO~TRF_PB~IG_PD~NEWSF,YR~24-Q1-01_CL~ASTRA_TA~ONC_DS~THEIR2Low_MB~Neurexa_CU~DTC_CA~B_PH~CONSD_BO~TRF_PB~IG_CN~18225-9-120399_FF~THEIR2Low IG PurpleLab,AN~DTC Purple Lab_TG~RT_DE~A25-65A_MA~ntl_RG~USA_PH~CONSD_BO~TRF_PB~FB_PD~NEWSF,272,337,4,0,0,0,0,0,0,7.32,0,0.0,84,0,0,0,0,80,AST,DTC,2024-05-09
CM~CRM Ad_CT~VID_VD~15s_PH~CONSD_BO~TRF_PB~FB_PD~NEWSF,YR~24-Q1-01_CL~ASTRA_TA~ONC_DS~THEIR2+ 2L_MB~Neurexa_CU~DTC_CA~B_PH~CONSD_BO~TRF_PB~FB_CN~18224-9-120398_FF~THEIR2+ 2L Engagement + Video RTA,AN~Engagement RTA_TG~RT_DE~A25-65F_MA~ntl_RG~USA_PH~CONSD_BO~TRF_PB~FB_PD~NEWSF,8777,10313,101,0,0,0,0,0,0,75.27,0,0.0,800,0,0,0,0,699,BZS,DTC,2024-05-09
CM~Educate Ad 2_CT~VID_VD~15s_PH~CONSD_BO~TRF_PB~FB_PD~NEWSF,YR~24-Q1-01_CL~ASTRA_TA~ONC_DS~THEIR2+ 2L_MB~Neurexa_CU~DTC_CA~B_PH~CONSD_BO~TRF_PB~FB_CN~18224-9-120398_FF~THEIR2+ 2L Engagement + Video RTA,AN~Engagement RTA_TG~RT_DE~A25-65F_MA~ntl_RG~USA_PH~CONSD_BO~TRF_PB~FB_PD~NEWSF,548,646,8,0,0,0,0,0,0,3.27,0,0.0,35,0,0,0,0,27,BZS,DTC,2024-05-09
CM~Educate Ad 3_CT~VID_VD~15s_PH~CONSD_BO~TRF_PB~FB_PD~NEWSF,YR~24-Q1-01_CL~ASTRA_TA~ONC_DS~THEIR2+ 2L_MB~Neurexa_CU~DTC_CA~B_PH~CONSD_BO~TRF_PB~FB_CN~18224-9-120398_FF~THEIR2+ 2L Engagement + Video RTA,AN~Engagement RTA_TG~RT_DE~A25-65F_MA~ntl_RG~USA_PH~CONSD_BO~TRF_PB~FB_PD~NEWSF,163,178,3,0,0,0,0,0,0,1.94,0,0.0,10,0,0,0,0,7,BZS,DTC,2024-05-09
CM~Results Ad_CT~VID_VD~15s_PH~CONSD_BO~TRF_PB~FB_PD~NEWSF,YR~24-Q1-01_CL~ASTRA_TA~ONC_DS~THEIR2+ 2L_MB~Neurexa_CU~DTC_CA~B_PH~CONSD_BO~TRF_PB~FB_CN~18224-9-120398_FF~THEIR2+ 2L Engagement + Video RTA,AN~Engagement RTA_TG~RT_DE~A25-65F_MA~ntl_RG~USA_PH~CONSD_BO~TRF_PB~FB_PD~NEWSF,1140,1253,15,0,0,0,0,0,0,9.46,0,0.0,85,0,0,0,0,70,BZS,DTC,2024-05-09
CM~Educate Ad 3_CT~VID_VD~15s_PH~CONSD_BO~TRF_PB~FB_PD~NEWSF,YR~24-Q1-01_CL~ASTRA_TA~ONC_DS~THEIR2+ 2L_MB~Neurexa_CU~DTC_CA~B_PH~CONSD_BO~TRF_PB~FB_CN~18224-9-120398_FF~THEIR2+ 2L Engagement + Video RTA,AN~Video RTA_TG~RT_DE~A25-65F_MA~ntl_RG~USA_PH~CONSD_BO~TRF_PB~FB_PD~NEWSF,21,28,0,0,0,0,0,0,0,0.21,0,0.0,2,0,0,0,0,2,BZS,DTC,2024-05-09
CM~CRM Ad_CT~VID_VD~15s_PH~CONSD_BO~TRF_PB~FB_PD~NEWSF - Copy,YR~24-Q1-01_CL~ASTRA_TA~ONC_DS~THEIR2+ 2L_MB~Neurexa_CU~DTC_CA~B_PH~CONSD_BO~TRF_PB~FB_CN~18224-9-120398_FF~THEIR2+ 2L Engagement + Video RTA,AN~Video RTA_TG~RT_DE~A25-65F_MA~ntl_RG~USA_PH~CONSD_BO~TRF_PB~FB_PD~NEWSF,425,607,5,0,0,0,0,0,0,5.35,0,0.0,70,0,0,0,0,65,BZS,DTC,2024-05-09
CM~Educate Ad 2_CT~VID_VD~15s_PH~CONSD_BO~TRF_PB~FB_PD~NEWSF,YR~24-Q1-01_CL~ASTRA_TA~ONC_DS~THEIR2+ 2L_MB~Neurexa_CU~DTC_CA~B_PH~CONSD_BO~TRF_PB~FB_CN~18224-9-120398_FF~THEIR2+ 2L Engagement + Video RTA,AN~Video RTA_TG~RT_DE~A25-65F_MA~ntl_RG~USA_PH~CONSD_BO~TRF_PB~FB_PD~NEWSF,56,81,1,0,0,0,0,0,0,0.43,0,0.0,10,0,0,0,0,9,BZS,DTC,2024-05-09
CM~Results Ad_CT~VID_VD~15s_PH~CONSD_BO~TRF_PB~FB_PD~NEWSF,YR~24-Q1-01_CL~ASTRA_TA~ONC_DS~THEIR2+ 2L_MB~Neurexa_CU~DTC_CA~B_PH~CONSD_BO~TRF_PB~FB_CN~18224-9-120398_FF~THEIR2+ 2L Engagement + Video RTA,AN~Video RTA_TG~RT_DE~A25-65F_MA~ntl_RG~USA_PH~CONSD_BO~TRF_PB~FB_PD~NEWSF,250,374,2,0,0,0,0,0,0,2.51,0,0.0,47,0,0,0,0,45,BZS,DTC,2024-05-09
CM~CRM Ad_CT~VID_VD~15s_PH~CONSD_BO~TRF_PB~FB_PD~NEWSF,YR~24-Q1-01_CL~ASTRA_TA~ONC_DS~THEIR2+ 2L_MB~Neurexa_CU~DTC_CA~B_PH~CONSD_BO~TRF_PB~FB_CN~18224-9-120398_FF~THEIR2+ 2L Engagement + Video RTA LAL,AN~Engagement RTA LAL_TG~RT_DE~A25-65F_MA~ntl_RG~USA_PH~CONSD_BO~TRF_PB~FB_PD~NEWSF,4746,5214,46,0,0,0,0,0,0,42.1,0,0.0,437,0,0,0,0,391,BZS,DTC,2024-05-09
CM~Educate Ad 2_CT~VID_VD~15s_PH~CONSD_BO~TRF_PB~FB_PD~NEWSF,YR~24-Q1-01_CL~ASTRA_TA~ONC_DS~THEIR2+ 2L_MB~Neurexa_CU~DTC_CA~B_PH~CONSD_BO~TRF_PB~FB_CN~18224-9-120398_FF~THEIR2+ 2L Engagement + Video RTA LAL,AN~Engagement RTA LAL_TG~RT_DE~A25-65F_MA~ntl_RG~USA_PH~CONSD_BO~TRF_PB~FB_PD~NEWSF,118,124,1,0,0,0,0,0,0,1.13,0,0.0,12,0,0,0,0,11,BZS,DTC,2024-05-09
CM~Educate Ad 3_CT~VID_VD~15s_PH~CONSD_BO~TRF_PB~FB_PD~NEWSF,YR~24-Q1-01_CL~ASTRA_TA~ONC_DS~THEIR2+ 2L_MB~Neurexa_CU~DTC_CA~B_PH~CONSD_BO~TRF_PB~FB_CN~18224-9-120398_FF~THEIR2+ 2L Engagement + Video RTA LAL,AN~Engagement RTA LAL_TG~RT_DE~A25-65F_MA~ntl_RG~USA_PH~CONSD_BO~TRF_PB~FB_PD~NEWSF,32,34,2,0,0,0,0,0,0,0.38,0,0.0,2,0,0,0,0,0,BZS,DTC,2024-05-09
CM~Results Ad_CT~VID_VD~15s_PH~CONSD_BO~TRF_PB~FB_PD~NEWSF,YR~24-Q1-01_CL~ASTRA_TA~ONC_DS~THEIR2+ 2L_MB~Neurexa_CU~DTC_CA~B_PH~CONSD_BO~TRF_PB~FB_CN~18224-9-120398_FF~THEIR2+ 2L Engagement + Video RTA LAL,AN~Engagement RTA LAL_TG~RT_DE~A25-65F_MA~ntl_RG~USA_PH~CONSD_BO~TRF_PB~FB_PD~NEWSF,440,459,12,0,0,0,0,0,0,3.79,0,0.0,64,0,0,0,0,52,BZS,DTC,2024-05-09
CM~CRM Ad_CT~VID_VD~15s_PH~CONSD_BO~TRF_PB~FB_PD~NEWSF,YR~24-Q1-01_CL~ASTRA_TA~ONC_DS~THEIR2+ 2L_MB~Neurexa_CU~DTC_CA~B_PH~CONSD_BO~TRF_PB~FB_CN~18224-9-120398_FF~THEIR2+ 2L Engagement + Video RTA LAL,AN~Video RTA LAL_TG~RT_DE~A25-65F_MA~ntl_RG~USA_PH~CONSD_BO~TRF_PB~FB_PD~NEWSF,5555,5988,65,0,0,0,0,0,0,45.74,0,0.0,553,0,0,0,0,488,BZS,DTC,2024-05-09
CM~Educate Ad 2_CT~VID_VD~15s_PH~CONSD_BO~TRF_PB~FB_PD~NEWSF,YR~24-Q1-01_CL~ASTRA_TA~ONC_DS~THEIR2+ 2L_MB~Neurexa_CU~DTC_CA~B_PH~CONSD_BO~TRF_PB~FB_CN~18224-9-120398_FF~THEIR2+ 2L Engagement + Video RTA LAL,AN~Video RTA LAL_TG~RT_DE~A25-65F_MA~ntl_RG~USA_PH~CONSD_BO~TRF_PB~FB_PD~NEWSF,90,97,3,0,0,0,0,0,0,1.0,0,0.0,10,0,0,0,0,7,BZS,DTC,2024-05-09
CM~Educate Ad 3_CT~VID_VD~15s_PH~CONSD_BO~TRF_PB~FB_PD~NEWSF,YR~24-Q1-01_CL~ASTRA_TA~ONC_DS~THEIR2+ 2L_MB~Neurexa_CU~DTC_CA~B_PH~CONSD_BO~TRF_PB~FB_CN~18224-9-120398_FF~THEIR2+ 2L Engagement + Video RTA LAL,AN~Video RTA LAL_TG~RT_DE~A25-65F_MA~ntl_RG~USA_PH~CONSD_BO~TRF_PB~FB_PD~NEWSF,106,114,0,0,0,0,0,0,0,0.98,0,0.0,5,0,0,0,0,5,BZS,DTC,2024-05-09
CM~Results Ad_CT~VID_VD~15s_PH~CONSD_BO~TRF_PB~FB_PD~NEWSF,YR~24-Q1-01_CL~ASTRA_TA~ONC_DS~THEIR2+ 2L_MB~Neurexa_CU~DTC_CA~B_PH~CONSD_BO~TRF_PB~FB_CN~18224-9-120398_FF~THEIR2+ 2L Engagement + Video RTA LAL,AN~Video RTA LAL_TG~RT_DE~A25-65F_MA~ntl_RG~USA_PH~CONSD_BO~TRF_PB~FB_PD~NEWSF,674,701,5,0,0,0,0,0,0,5.35,0,0.0,60,0,0,0,0,55,BZS,DTC,2024-05-09
CM~CRM Ad_CT~VID_VD~15s_PH~CONSD_BO~TRF_PB~FB_PD~NEWSF,YR~24-Q1-01_CL~ASTRA_TA~ONC_DS~THEIR2+ 2L_MB~Neurexa_CU~DTC_CA~B_PH~CONSD_BO~TRF_PB~FB_CN~18224-9-120398_FF~THEIR2+ 2L FB PurpleLab,AN~DTC Purple Lab_TG~RT_DE~A25-65A_MA~ntl_RG~USA_PH~CONSD_BO~TRF_PB~FB_PD~NEWSF,8033,9477,82,0,0,0,0,0,0,75.63,0,0.0,964,0,0,0,0,882,BZS,DTC,2024-05-09
CM~Educate Ad 2_CT~VID_VD~15s_PH~CONSD_BO~TRF_PB~FB_PD~NEWSF,YR~24-Q1-01_CL~ASTRA_TA~ONC_DS~THEIR2+ 2L_MB~Neurexa_CU~DTC_CA~B_PH~CONSD_BO~TRF_PB~FB_CN~18224-9-120398_FF~THEIR2+ 2L FB PurpleLab,AN~DTC Purple Lab_TG~RT_DE~A25-65A_MA~ntl_RG~USA_PH~CONSD_BO~TRF_PB~FB_PD~NEWSF,376,451,2,0,0,0,0,0,0,2.4699999999999998,0,0.0,27,0,0,0,0,25,BZS,DTC,2024-05-09
CM~Educate Ad 3_CT~VID_VD~15s_PH~CONSD_BO~TRF_PB~FB_PD~NEWSF,YR~24-Q1-01_CL~ASTRA_TA~ONC_DS~THEIR2+ 2L_MB~Neurexa_CU~DTC_CA~B_PH~CONSD_BO~TRF_PB~FB_CN~18224-9-120398_FF~THEIR2+ 2L FB PurpleLab,AN~DTC Purple Lab_TG~RT_DE~A25-65A_MA~ntl_RG~USA_PH~CONSD_BO~TRF_PB~FB_PD~NEWSF,152,178,1,0,0,0,0,0,0,1.1,0,0.0,12,0,0,0,0,11,BZS,DTC,2024-05-09
CM~Results Ad_CT~VID_VD~15s_PH~CONSD_BO~TRF_PB~FB_PD~NEWSF,YR~24-Q1-01_CL~ASTRA_TA~ONC_DS~THEIR2+ 2L_MB~Neurexa_CU~DTC_CA~B_PH~CONSD_BO~TRF_PB~FB_CN~18224-9-120398_FF~THEIR2+ 2L FB PurpleLab,AN~DTC Purple Lab_TG~RT_DE~A25-65A_MA~ntl_RG~USA_PH~CONSD_BO~TRF_PB~FB_PD~NEWSF,3108,3448,25,0,0,0,0,0,0,23.78,0,0.0,445,0,0,0,0,420,BZS,DTC,2024-05-09
CM~CRM Ad_CT~VID_VD~15s_PH~CONSD_BO~TRF_PB~FB_PD~NEWSF,YR~24-Q1-01_CL~ASTRA_TA~ONC_DS~THEIR2+ 2L_MB~Neurexa_CU~DTC_CA~B_PH~CONSD_BO~TRF_PB~FB_CN~18224-9-120398_FF~THEIR2+ 2L Pixel LAL,AN~Pixel LAL_TG~LAL_DE~A25-65F_MA~ntl_RG~USA_PH~CONSD_BO~TRF_PB~FB_PD~NEWSF,10432,12168,103,0,0,0,0,0,0,77.44,0,0.0,1203,0,0,0,0,1100,BZS,DTC,2024-05-09
CM~Educate Ad 2_CT~VID_VD~15s_PH~CONSD_BO~TRF_PB~FB_PD~NEWSF,YR~24-Q1-01_CL~ASTRA_TA~ONC_DS~THEIR2+ 2L_MB~Neurexa_CU~DTC_CA~B_PH~CONSD_BO~TRF_PB~FB_CN~18224-9-120398_FF~THEIR2+ 2L Pixel LAL,AN~Pixel LAL_TG~LAL_DE~A25-65F_MA~ntl_RG~USA_PH~CONSD_BO~TRF_PB~FB_PD~NEWSF,364,433,3,0,0,0,0,0,0,2.21,0,0.0,34,0,0,0,0,31,BZS,DTC,2024-05-09
CM~Educate Ad 3_CT~VID_VD~15s_PH~CONSD_BO~TRF_PB~FB_PD~NEWSF,YR~24-Q1-01_CL~ASTRA_TA~ONC_DS~THEIR2+ 2L_MB~Neurexa_CU~DTC_CA~B_PH~CONSD_BO~TRF_PB~FB_CN~18224-9-120398_FF~THEIR2+ 2L Pixel LAL,AN~Pixel LAL_TG~LAL_DE~A25-65F_MA~ntl_RG~USA_PH~CONSD_BO~TRF_PB~FB_PD~NEWSF,257,293,3,0,0,0,0,0,0,1.46,0,0.0,19,0,0,0,0,16,BZS,DTC,2024-05-09
CM~Results Ad_CT~VID_VD~15s_PH~CONSD_BO~TRF_PB~FB_PD~NEWSF,YR~24-Q1-01_CL~ASTRA_TA~ONC_DS~THEIR2+ 2L_MB~Neurexa_CU~DTC_CA~B_PH~CONSD_BO~TRF_PB~FB_CN~18224-9-120398_FF~THEIR2+ 2L Pixel LAL,AN~Pixel LAL_TG~LAL_DE~A25-65F_MA~ntl_RG~USA_PH~CONSD_BO~TRF_PB~FB_PD~NEWSF,1983,2166,12,0,0,0,0,0,0,11.09,0,0.0,207,0,0,0,0,195,BZS,DTC,2024-05-09
CM~CRM Ad_CT~VID_VD~15s_PH~CONSD_BO~TRF_PB~FB_PD~NEWSF,YR~24-Q1-01_CL~ASTRA_TA~ONC_DS~THEIR2+ 2L_MB~Neurexa_CU~DTC_CA~B_PH~CONSD_BO~TRF_PB~FB_CN~18224-9-120398_FF~THEIR2+ 2L Pixel LAL,AN~Pixel Search LAL_TG~LAL_DE~A25-65F_MA~ntl_RG~USA_PH~CONSD_BO~TRF_PB~FB_PD~NEWSF,824,906,7,0,0,0,0,0,0,7.44,0,0.0,77,0,0,0,0,70,BZS,DTC,2024-05-09
CM~Educate Ad 2_CT~VID_VD~15s_PH~CONSD_BO~TRF_PB~FB_PD~NEWSF,YR~24-Q1-01_CL~ASTRA_TA~ONC_DS~THEIR2+ 2L_MB~Neurexa_CU~DTC_CA~B_PH~CONSD_BO~TRF_PB~FB_CN~18224-9-120398_FF~THEIR2+ 2L Pixel LAL,AN~Pixel Search LAL_TG~LAL_DE~A25-65F_MA~ntl_RG~USA_PH~CONSD_BO~TRF_PB~FB_PD~NEWSF,17,17,0,0,0,0,0,0,0,0.17,0,0.0,1,0,0,0,0,1,BZS,DTC,2024-05-09
CM~Educate Ad 3_CT~VID_VD~15s_PH~CONSD_BO~TRF_PB~FB_PD~NEWSF,YR~24-Q1-01_CL~ASTRA_TA~ONC_DS~THEIR2+ 2L_MB~Neurexa_CU~DTC_CA~B_PH~CONSD_BO~TRF_PB~FB_CN~18224-9-120398_FF~THEIR2+ 2L Pixel LAL,AN~Pixel Search LAL_TG~LAL_DE~A25-65F_MA~ntl_RG~USA_PH~CONSD_BO~TRF_PB~FB_PD~NEWSF,23,23,0,0,0,0,0,0,0,0.24,0,0.0,0,0,0,0,0,0,BZS,DTC,2024-05-09
CM~Results Ad_CT~VID_VD~15s_PH~CONSD_BO~TRF_PB~FB_PD~NEWSF,YR~24-Q1-01_CL~ASTRA_TA~ONC_DS~THEIR2+ 2L_MB~Neurexa_CU~DTC_CA~B_PH~CONSD_BO~TRF_PB~FB_CN~18224-9-120398_FF~THEIR2+ 2L Pixel LAL,AN~Pixel Search LAL_TG~LAL_DE~A25-65F_MA~ntl_RG~USA_PH~CONSD_BO~TRF_PB~FB_PD~NEWSF,152,160,0,0,0,0,0,0,0,1.15,0,0.0,16,0,0,0,0,16,BZS,DTC,2024-05-09
CM~CRM Ad_CT~VID_VD~15s_PH~CONSD_BO~TRF_PB~FB_PD~NEWSF,YR~24-Q1-01_CL~ASTRA_TA~ONC_DS~THEIR2+ 2L_MB~Neurexa_CU~DTC_CA~B_PH~CONSD_BO~TRF_PB~FB_CN~18224-9-120398_FF~THEIR2+ 2L Pixel RTA,AN~Pixel RTA_TG~RT_DE~A25-65F_MA~ntl_RG~USA_PH~CONSD_BO~TRF_PB~FB_PD~NEWSF,3583,4807,55,0,0,0,0,0,0,53.06,0,0.0,545,0,0,0,0,490,BZS,DTC,2024-05-09
CM~Educate Ad2_CT~VID_VD~15s_PH~CONSD_BO~TRF_PB~FB_PD~NEWSF,YR~24-Q1-01_CL~ASTRA_TA~ONC_DS~THEIR2+ 2L_MB~Neurexa_CU~DTC_CA~B_PH~CONSD_BO~TRF_PB~FB_CN~18224-9-120398_FF~THEIR2+ 2L Pixel RTA,AN~Pixel RTA_TG~RT_DE~A25-65F_MA~ntl_RG~USA_PH~CONSD_BO~TRF_PB~FB_PD~NEWSF,565,851,5,0,0,0,0,0,0,5.5,0,0.0,75,0,0,0,0,70,BZS,DTC,2024-05-09
CM~Educate Ad3_CT~VID_VD~15s_PH~CONSD_BO~TRF_PB~FB_PD~NEWSF,YR~24-Q1-01_CL~ASTRA_TA~ONC_DS~THEIR2+ 2L_MB~Neurexa_CU~DTC_CA~B_PH~CONSD_BO~TRF_PB~FB_CN~18224-9-120398_FF~THEIR2+ 2L Pixel RTA,AN~Pixel RTA_TG~RT_DE~A25-65F_MA~ntl_RG~USA_PH~CONSD_BO~TRF_PB~FB_PD~NEWSF,223,334,1,0,0,0,0,0,0,3.48,0,0.0,33,0,0,0,0,32,BZS,DTC,2024-05-09
CM~Results Ad_CT~VID_VD~15s_PH~CONSD_BO~TRF_PB~FB_PD~NEWSF,YR~24-Q1-01_CL~ASTRA_TA~ONC_DS~THEIR2+ 2L_MB~Neurexa_CU~DTC_CA~B_PH~CONSD_BO~TRF_PB~FB_CN~18224-9-120398_FF~THEIR2+ 2L Pixel RTA,AN~Pixel RTA_TG~RT_DE~A25-65F_MA~ntl_RG~USA_PH~CONSD_BO~TRF_PB~FB_PD~NEWSF,2356,3264,23,0,0,0,0,0,0,28.16,0,0.0,343,0,0,0,0,320,BZS,DTC,2024-05-09
CM~CRM Ad_CT~VID_VD~15s_PH~CONSD_BO~TRF_PB~FB_PD~NEWSF,YR~24-Q1-01_CL~ASTRA_TA~ONC_DS~THEIR2+ 2L_MB~Neurexa_CU~DTC_CA~B_PH~CONSD_BO~TRF_PB~FB_CN~18224-9-120398_FF~THEIR2+ 2L Pixel RTA,AN~Pixel Search RTA_TG~RT_DE~A25-65F_MA~ntl_RG~USA_PH~CONSD_BO~TRF_PB~FB_PD~NEWSF,626,904,13,0,0,0,0,0,0,9.03,0,0.0,99,0,0,0,0,86,BZS,DTC,2024-05-09
CM~SecondLineDressAd1_CT~VID_VD~15s_PH~CONSD_BO~TRF_PB~IG_PD~NEWSF,YR~24-Q1-01_CL~ASTRA_TA~ONC_DS~THEIR2+ 2L_MB~Neurexa_CU~DTC_CA~B_PH~CONSD_BO~TRF_PB~IG_CN~18224-9-120398_FF~THEIR2+ 2L IG Engagement + Video RTA LAL,AN~Engagement RTA LAL_TG~LAL_DE~A25-65F_MA~ntl_RG~USA_PH~CONSD_BO~TRF_PB~IG_PD~NEWSF,372,391,7,0,0,0,0,0,0,6.15,0,2.0,129,0,0,0,0,120,BZS,DTC,2024-05-09
CM~SecondLineWhiteFrameAd2_CT~VID_VD~15s_PH~CONSD_BO~TRF_PB~IG_PD~NEWSF,YR~24-Q1-01_CL~ASTRA_TA~ONC_DS~THEIR2+ 2L_MB~Neurexa_CU~DTC_CA~B_PH~CONSD_BO~TRF_PB~IG_CN~18224-9-120398_FF~THEIR2+ 2L IG Engagement + Video RTA LAL,AN~Engagement RTA LAL_TG~LAL_DE~A25-65F_MA~ntl_RG~USA_PH~CONSD_BO~TRF_PB~IG_PD~NEWSF,41,44,0,0,0,0,0,0,0,0.75,0,0.0,17,0,0,0,0,17,BZS,DTC,2024-05-09
CM~SecondLineDressAd1_CT~VID_VD~15s_PH~CONSD_BO~TRF_PB~IG_PD~NEWSF,YR~24-Q1-01_CL~ASTRA_TA~ONC_DS~THEIR2+ 2L_MB~Neurexa_CU~DTC_CA~B_PH~CONSD_BO~TRF_PB~IG_CN~18224-9-120398_FF~THEIR2+ 2L IG Engagement + Video RTA LAL,AN~Video RTA LAL_TG~LAL_DE~A25-65F_MA~ntl_RG~USA_PH~CONSD_BO~TRF_PB~IG_PD~NEWSF,1649,1770,17,0,0,0,0,0,0,24.63,0,1.0,478,0,0,0,0,460,BZS,DTC,2024-05-09
CM~SecondLineWhiteFrameAd2_CT~VID_VD~15s_PH~CONSD_BO~TRF_PB~IG_PD~NEWSF,YR~24-Q1-01_CL~ASTRA_TA~ONC_DS~THEIR2+ 2L_MB~Neurexa_CU~DTC_CA~B_PH~CONSD_BO~TRF_PB~IG_CN~18224-9-120398_FF~THEIR2+ 2L IG Engagement + Video RTA LAL,AN~Video RTA LAL_TG~LAL_DE~A25-65F_MA~ntl_RG~USA_PH~CONSD_BO~TRF_PB~IG_PD~NEWSF,140,152,2,0,0,0,0,0,0,2.59,0,0.0,43,0,0,0,0,41,BZS,DTC,2024-05-09
CM~SecondLineDressAd1_CT~VID_VD~15s_PH~CONSD_BO~TRF_PB~IG_PD~NEWSF,YR~24-Q1-01_CL~ASTRA_TA~ONC_DS~THEIR2+ 2L_MB~Neurexa_CU~DTC_CA~B_PH~CONSD_BO~TRF_PB~IG_CN~18224-9-120398_FF~THEIR2+ 2L IG Pixel LAL,AN~Pixel LAL_TG~LAL_DE~A25-65F_MA~ntl_RG~USA_PH~CONSD_BO~TRF_PB~IG_PD~NEWSF,1407,1688,17,0,0,0,0,0,0,25.93,0,0.0,408,0,0,0,0,391,BZS,DTC,2024-05-09
CM~SecondLineWhiteFrameAd2_CT~VID_VD~15s_PH~CONSD_BO~TRF_PB~IG_PD~NEWSF,YR~24-Q1-01_CL~ASTRA_TA~ONC_DS~THEIR2+ 2L_MB~Neurexa_CU~DTC_CA~B_PH~CONSD_BO~TRF_PB~IG_CN~18224-9-120398_FF~THEIR2+ 2L IG Pixel LAL,AN~Pixel LAL_TG~LAL_DE~A25-65F_MA~ntl_RG~USA_PH~CONSD_BO~TRF_PB~IG_PD~NEWSF,459,540,4,0,0,0,0,0,0,9.52,0,2.0,115,0,0,0,0,109,BZS,DTC,2024-05-09
CM~SecondLineDressAd1_CT~VID_VD~15s_PH~CONSD_BO~TRF_PB~IG_PD~NEWSF,YR~24-Q1-01_CL~ASTRA_TA~ONC_DS~THEIR2+ 2L_MB~Neurexa_CU~DTC_CA~B_PH~CONSD_BO~TRF_PB~IG_CN~18224-9-120398_FF~THEIR2+ 2L IG Pixel LAL,AN~Pixel Search LAL_TG~LAL_DE~A25-65F_MA~ntl_RG~USA_PH~CONSD_BO~TRF_PB~IG_PD~NEWSF,6,6,0,0,0,0,0,0,0,0.07,0,0.0,1,0,0,0,0,1,BZS,DTC,2024-05-09
CM~SecondLineWhiteFrameAd2_CT~VID_VD~15s_PH~CONSD_BO~TRF_PB~IG_PD~NEWSF,YR~24-Q1-01_CL~ASTRA_TA~ONC_DS~THEIR2+ 2L_MB~Neurexa_CU~DTC_CA~B_PH~CONSD_BO~TRF_PB~IG_CN~18224-9-120398_FF~THEIR2+ 2L IG Pixel LAL,AN~Pixel Search LAL_TG~LAL_DE~A25-65F_MA~ntl_RG~USA_PH~CONSD_BO~TRF_PB~IG_PD~NEWSF,1,1,0,0,0,0,0,0,0,0.0,0,0.0,0,0,0,0,0,0,BZS,DTC,2024-05-09
CM~SecondLineDressAd1_CT~VID_VD~15s_PH~CONSD_BO~TRF_PB~IG_PD~NEWSF,YR~24-Q1-01_CL~ASTRA_TA~ONC_DS~THEIR2+ 2L_MB~Neurexa_CU~DTC_CA~B_PH~CONSD_BO~TRF_PB~IG_CN~18224-9-120398_FF~THEIR2+ 2L IG Pixel RTA,AN~Pixel RTA_TG~LAL_DE~A25-65F_MA~ntl_RG~USA_PH~CONSD_BO~TRF_PB~IG_PD~NEWSF,757,1087,13,0,0,0,0,0,0,18.72,0,1.0,186,0,0,0,0,172,BZS,DTC,2024-05-09
CM~SecondLineWhiteFrameAd2_CT~VID_VD~15s_PH~CONSD_BO~TRF_PB~IG_PD~NEWSF,YR~24-Q1-01_CL~ASTRA_TA~ONC_DS~THEIR2+ 2L_MB~Neurexa_CU~DTC_CA~B_PH~CONSD_BO~TRF_PB~IG_CN~18224-9-120398_FF~THEIR2+ 2L IG Pixel RTA,AN~Pixel RTA_TG~LAL_DE~A25-65F_MA~ntl_RG~USA_PH~CONSD_BO~TRF_PB~IG_PD~NEWSF,404,551,10,0,0,0,0,0,0,11.18,0,2.0,118,0,0,0,0,106,BZS,DTC,2024-05-09
CM~SecondLineDressAd1_CT~VID_VD~15s_PH~CONSD_BO~TRF_PB~IG_PD~NEWSF,YR~24-Q1-01_CL~ASTRA_TA~ONC_DS~THEIR2+ 2L_MB~Neurexa_CU~DTC_CA~B_PH~CONSD_BO~TRF_PB~IG_CN~18224-9-120398_FF~THEIR2+ 2L IG Pixel RTA,AN~Pixel Search RTA_TG~LAL_DE~A25-65F_MA~ntl_RG~USA_PH~CONSD_BO~TRF_PB~IG_PD~NEWSF,122,142,2,0,0,0,0,0,0,2.51,0,1.0,36,0,0,0,0,33,BZS,DTC,2024-05-09
CM~SecondLineWhiteFrameAd2_CT~VID_VD~15s_PH~CONSD_BO~TRF_PB~IG_PD~NEWSF,YR~24-Q1-01_CL~ASTRA_TA~ONC_DS~THEIR2+ 2L_MB~Neurexa_CU~DTC_CA~B_PH~CONSD_BO~TRF_PB~IG_CN~18224-9-120398_FF~THEIR2+ 2L IG Pixel RTA,AN~Pixel Search RTA_TG~LAL_DE~A25-65F_MA~ntl_RG~USA_PH~CONSD_BO~TRF_PB~IG_PD~NEWSF,67,78,2,0,0,0,0,0,0,1.8599999999999999,0,0.0,29,0,0,0,0,27,BZS,DTC,2024-05-09
CM~SecondLineDressAd1_CT~VID_VD~15s_PH~CONSD_BO~TRF_PB~IG_PD~NEWSF,YR~24-Q1-01_CL~ASTRA_TA~ONC_DS~THEIR2+ 2L_MB~Neurexa_CU~DTC_CA~B_PH~CONSD_BO~TRF_PB~IG_CN~18224-9-120398_FF~THEIR2+ 2L IG PurpleLab,AN~DTC Purple Lab_TG~RT_DE~A25-65A_MA~ntl_RG~USA_PH~CONSD_BO~TRF_PB~FB_PD~NEWSF,1229,1469,7,0,0,0,0,0,0,23.68,0,1.0,306,0,0,0,0,298,BZS,DTC,2024-05-09
CM~SecondLineWhiteFrameAd2_CT~VID_VD~15s_PH~CONSD_BO~TRF_PB~IG_PD~NEWSF,YR~24-Q1-01_CL~ASTRA_TA~ONC_DS~THEIR2+ 2L_MB~Neurexa_CU~DTC_CA~B_PH~CONSD_BO~TRF_PB~IG_CN~18224-9-120398_FF~THEIR2+ 2L IG PurpleLab,AN~DTC Purple Lab_TG~RT_DE~A25-65A_MA~ntl_RG~USA_PH~CONSD_BO~TRF_PB~FB_PD~NEWSF,458,541,6,0,0,0,0,0,0,9.97,0,0.0,135,0,0,0,0,129,BZS,DTC,2024-05-09
CM~Spon. Ad 1_CT~VID_VD~15s_PH~CONV_BO~TRF_PB~FB_PD~NEWSF,YR~24-Q1-01_CL~ASTRA_TA~ONC_DS~THEIR2Low_MB~Neurexa_CU~DTC_CA~B_PH~CONSD_BO~TRF_PB~FB_CN~18225-9-120399_FF~THEIR2Low FB PurpleLab,AN~DTC Purple Lab_TG~RT_DE~A25-65A_MA~ntl_RG~USA_PH~CONSD_BO~TRF_PB~FB_PD~NEWSF,9609,11111,106,0,0,0,0,0,0,79.32,0,0.0,1448,0,0,0,0,1342,AST,DTC,2024-05-10
CM~Spon. Ad 2_CT~VID_VD~15s_PH~CONV_BO~TRF_PB~FB_PD~NEWSF,YR~24-Q1-01_CL~ASTRA_TA~ONC_DS~THEIR2Low_MB~Neurexa_CU~DTC_CA~B_PH~CONSD_BO~TRF_PB~FB_CN~18225-9-120399_FF~THEIR2Low FB PurpleLab,AN~DTC Purple Lab_TG~RT_DE~A25-65A_MA~ntl_RG~USA_PH~CONSD_BO~TRF_PB~FB_PD~NEWSF,2162,2385,14,0,0,0,0,0,0,15.78,0,0.0,185,0,0,0,0,171,AST,DTC,2024-05-10
CM~Spon. Ad 3_CT~VID_VD~30s_PH~CONV_BO~TRF_PB~FB_PD~NEWSF,YR~24-Q1-01_CL~ASTRA_TA~ONC_DS~THEIR2Low_MB~Neurexa_CU~DTC_CA~B_PH~CONSD_BO~TRF_PB~FB_CN~18225-9-120399_FF~THEIR2Low FB PurpleLab,AN~DTC Purple Lab_TG~RT_DE~A25-65A_MA~ntl_RG~USA_PH~CONSD_BO~TRF_PB~FB_PD~NEWSF,10357,13718,101,0,0,0,0,0,0,79.99,0,0.0,958,0,0,0,0,857,AST,DTC,2024-05-10
CM~Spon. Ad 1_CT~VID_VD~15s_PH~CONV_BO~TRF_PB~FB_PD~NEWSF,YR~24-Q1-01_CL~ASTRA_TA~ONC_DS~THEIR2Low_MB~Neurexa_CU~DTC_CA~B_PH~CONSD_BO~TRF_PB~FB_CN~18225-9-120399_FF~THEIR2Low Pixel RTA,AN~Engagement RTA_TG~RT_DE~A25-65F_MA~ntl_RG~USA_PH~CONSD_BO~TRF_PB~FB_PD~NEWSF,9922,12948,124,0,0,0,0,0,0,87.13,0,0.0,1226,0,0,0,0,1102,AST,DTC,2024-05-10
CM~Spon. Ad 2_CT~VID_VD~15s_PH~CONV_BO~TRF_PB~FB_PD~NEWSF,YR~24-Q1-01_CL~ASTRA_TA~ONC_DS~THEIR2Low_MB~Neurexa_CU~DTC_CA~B_PH~CONSD_BO~TRF_PB~FB_CN~18225-9-120399_FF~THEIR2Low Pixel RTA,AN~Engagement RTA_TG~RT_DE~A25-65F_MA~ntl_RG~USA_PH~CONSD_BO~TRF_PB~FB_PD~NEWSF,268,278,1,0,0,0,0,0,0,2.21,0,0.0,24,0,0,0,0,23,AST,DTC,2024-05-10
CM~Spon. Ad 3_CT~VID_VD~30s_PH~CONV_BO~TRF_PB~FB_PD~NEWSF,YR~24-Q1-01_CL~ASTRA_TA~ONC_DS~THEIR2Low_MB~Neurexa_CU~DTC_CA~B_PH~CONSD_BO~TRF_PB~FB_CN~18225-9-120399_FF~THEIR2Low Pixel RTA,AN~Engagement RTA_TG~RT_DE~A25-65F_MA~ntl_RG~USA_PH~CONSD_BO~TRF_PB~FB_PD~NEWSF,11896,16562,134,0,0,0,0,0,0,100.73,0,0.0,1093,0,0,0,0,959,AST,DTC,2024-05-10
CM~Spon. Ad 2_CT~VID_VD~15s_PH~CONV_BO~TRF_PB~FB_PD~NEWSF,YR~24-Q1-01_CL~ASTRA_TA~ONC_DS~THEIR2Low_MB~Neurexa_CU~DTC_CA~B_PH~CONSD_BO~TRF_PB~FB_CN~18225-9-120399_FF~THEIR2Low Pixel RTA,AN~Pixel RTA_TG~RT_DE~A25-65F_MA~ntl_RG~USA_PH~CONSD_BO~TRF_PB~FB_PD~NEWSF,172,216,2,0,0,0,0,0,0,2.21,0,0.0,9,0,0,0,0,7,AST,DTC,2024-05-10
CM~Spon. Ad 1_CT~VID_VD~15s_PH~CONV_BO~TRF_PB~FB_PD~NEWSF,YR~24-Q1-01_CL~ASTRA_TA~ONC_DS~THEIR2Low_MB~Neurexa_CU~DTC_CA~B_PH~CONSD_BO~TRF_PB~FB_CN~18225-9-120399_FF~THEIR2Low Pixel RTA,AN~Pixel RTA_TG~RT_DE~A25-65F_MA~ntl_RG~USA_PH~CONSD_BO~TRF_PB~FB_PD~NEWSF,417,597,5,0,0,0,0,0,0,6.58,0,0.0,58,0,0,0,0,53,AST,DTC,2024-05-10
CM~Spon. Ad 1_CT~VID_VD~15s_PH~CONV_BO~TRF_PB~FB_PD~NEWSF,YR~24-Q1-01_CL~ASTRA_TA~ONC_DS~THEIR2Low_MB~Neurexa_CU~DTC_CA~B_PH~CONSD_BO~TRF_PB~FB_CN~18225-9-120399_FF~THEIR2Low Pixel RTA,AN~Pixel Search RTA_TG~RT_DE~A25-65F_MA~ntl_RG~USA_PH~CONSD_BO~TRF_PB~FB_PD~NEWSF,282,344,0,0,0,0,0,0,0,4.65,0,0.0,47,0,0,0,0,47,AST,DTC,2024-05-10
CM~Spon. Ad 2_CT~VID_VD~15s_PH~CONV_BO~TRF_PB~FB_PD~NEWSF,YR~24-Q1-01_CL~ASTRA_TA~ONC_DS~THEIR2Low_MB~Neurexa_CU~DTC_CA~B_PH~CONSD_BO~TRF_PB~FB_CN~18225-9-120399_FF~THEIR2Low Pixel RTA,AN~Pixel Search RTA_TG~RT_DE~A25-65F_MA~ntl_RG~USA_PH~CONSD_BO~TRF_PB~FB_PD~NEWSF,5,9,0,0,0,0,0,0,0,0.07,0,0.0,0,0,0,0,0,0,AST,DTC,2024-05-10
CM~Spon. Ad 3_CT~VID_VD~30s_PH~CONV_BO~TRF_PB~FB_PD~NEWSF,YR~24-Q1-01_CL~ASTRA_TA~ONC_DS~THEIR2Low_MB~Neurexa_CU~DTC_CA~B_PH~CONSD_BO~TRF_PB~FB_CN~18225-9-120399_FF~THEIR2Low Pixel RTA,AN~Pixel Search RTA_TG~RT_DE~A25-65F_MA~ntl_RG~USA_PH~CONSD_BO~TRF_PB~FB_PD~NEWSF,278,356,3,0,0,0,0,0,0,4.42,0,0.0,34,0,0,0,0,31,AST,DTC,2024-05-10
CM~Spon. Ad 1_CT~VID_VD~15s_PH~CONV_BO~TRF_PB~FB_PD~NEWSF,YR~24-Q1-01_CL~ASTRA_TA~ONC_DS~THEIR2Low_MB~Neurexa_CU~DTC_CA~B_PH~CONSD_BO~TRF_PB~FB_CN~18225-9-120399_FF~THEIR2Low Pixel RTA LAL,AN~Engagement RTA LAL_TG~LAL_DE~A25-65F_MA~ntl_RG~USA_PH~CONSD_BO~TRF_PB~FB_PD~NEWSF - Copy,6909,7870,58,0,0,0,0,0,0,38.99,0,0.0,730,0,0,0,0,672,AST,DTC,2024-05-10
CM~Spon. Ad 2_CT~VID_VD~15s_PH~CONV_BO~TRF_PB~FB_PD~NEWSF,YR~24-Q1-01_CL~ASTRA_TA~ONC_DS~THEIR2Low_MB~Neurexa_CU~DTC_CA~B_PH~CONSD_BO~TRF_PB~FB_CN~18225-9-120399_FF~THEIR2Low Pixel RTA LAL,AN~Engagement RTA LAL_TG~LAL_DE~A25-65F_MA~ntl_RG~USA_PH~CONSD_BO~TRF_PB~FB_PD~NEWSF - Copy,810,848,8,0,0,0,0,0,0,5.12,0,0.0,68,0,0,0,0,60,AST,DTC,2024-05-10
CM~Spon. Ad 3_CT~VID_VD~30s_PH~CONV_BO~TRF_PB~FB_PD~NEWSF,YR~24-Q1-01_CL~ASTRA_TA~ONC_DS~THEIR2Low_MB~Neurexa_CU~DTC_CA~B_PH~CONSD_BO~TRF_PB~FB_CN~18225-9-120399_FF~THEIR2Low Pixel RTA LAL,AN~Engagement RTA LAL_TG~LAL_DE~A25-65F_MA~ntl_RG~USA_PH~CONSD_BO~TRF_PB~FB_PD~NEWSF - Copy,25534,31105,249,0,0,0,0,0,0,152.09,0,0.0,1894,0,0,0,0,1645,AST,DTC,2024-05-10
CM~Spon. Ad 1_CT~VID_VD~15s_PH~CONV_BO~TRF_PB~FB_PD~NEWSF,YR~24-Q1-01_CL~ASTRA_TA~ONC_DS~THEIR2Low_MB~Neurexa_CU~DTC_CA~B_PH~CONSD_BO~TRF_PB~FB_CN~18225-9-120399_FF~THEIR2Low Pixel RTA LAL,AN~Pixel RTA LAL_TG~LAL_DE~A25-65F_MA~ntl_RG~USA_PH~CONSD_BO~TRF_PB~FB_PD~NEWSF,736,765,11,0,0,0,0,0,0,6.7,0,0.0,104,0,0,0,0,93,AST,DTC,2024-05-10
CM~Spon. Ad 2_CT~VID_VD~15s_PH~CONV_BO~TRF_PB~FB_PD~NEWSF,YR~24-Q1-01_CL~ASTRA_TA~ONC_DS~THEIR2Low_MB~Neurexa_CU~DTC_CA~B_PH~CONSD_BO~TRF_PB~FB_CN~18225-9-120399_FF~THEIR2Low Pixel RTA LAL,AN~Pixel RTA LAL_TG~LAL_DE~A25-65F_MA~ntl_RG~USA_PH~CONSD_BO~TRF_PB~FB_PD~NEWSF,191,192,2,0,0,0,0,0,0,2.04,0,0.0,16,0,0,0,0,14,AST,DTC,2024-05-10
CM~Spon. Ad 1_CT~VID_VD~15s_PH~CONV_BO~TRF_PB~FB_PD~NEWSF,YR~24-Q1-01_CL~ASTRA_TA~ONC_DS~THEIR2Low_MB~Neurexa_CU~DTC_CA~B_PH~CONSD_BO~TRF_PB~FB_CN~18225-9-120399_FF~THEIR2Low Pixel RTA LAL,AN~Pixel Search RTA LAL_TG~LAL_DE~A25-65F_MA~ntl_RG~USA_PH~CONSD_BO~TRF_PB~FB_PD~NEWSF,922,996,8,0,0,0,0,0,0,7.58,0,0.0,113,0,0,0,0,105,AST,DTC,2024-05-10
CM~Spon. Ad 2_CT~VID_VD~15s_PH~CONV_BO~TRF_PB~FB_PD~NEWSF,YR~24-Q1-01_CL~ASTRA_TA~ONC_DS~THEIR2Low_MB~Neurexa_CU~DTC_CA~B_PH~CONSD_BO~TRF_PB~FB_CN~18225-9-120399_FF~THEIR2Low Pixel RTA LAL,AN~Pixel Search RTA LAL_TG~LAL_DE~A25-65F_MA~ntl_RG~USA_PH~CONSD_BO~TRF_PB~FB_PD~NEWSF,17,17,0,0,0,0,0,0,0,0.25,0,0.0,0,0,0,0,0,0,AST,DTC,2024-05-10
CM~Sponsored Ad1_CT~VID_VD~15s_PH~CONSD_BO~TRF_PB~IG_PD~NEWSF,YR~24-Q1-01_CL~ASTRA_TA~ONC_DS~THEIR2Low_MB~Neurexa_CU~DTC_CA~B_PH~CONSD_BO~TRF_PB~IG_CN~18225-9-120399_FF~THEIR2Low IG Pixel RTA,AN~Engagement RTA_TG~RT_DE~A25-65F_MA~ntl_RG~USA_PH~CONSD_BO~TRF_PB~IG_PD~NEWSF,911,1032,5,0,0,0,0,0,0,14.32,0,1.0,228,0,0,0,0,222,AST,DTC,2024-05-10
CM~Sponsored Ad2_CT~VID_VD~15s_PH~CONSD_BO~TRF_PB~IG_PD~NEWSF,YR~24-Q1-01_CL~ASTRA_TA~ONC_DS~THEIR2Low_MB~Neurexa_CU~DTC_CA~B_PH~CONSD_BO~TRF_PB~IG_CN~18225-9-120399_FF~THEIR2Low IG Pixel RTA,AN~Engagement RTA_TG~RT_DE~A25-65F_MA~ntl_RG~USA_PH~CONSD_BO~TRF_PB~IG_PD~NEWSF,1417,1776,7,0,0,0,0,0,0,22.66,0,4.0,289,0,0,0,0,278,AST,DTC,2024-05-10
CM~Sponsored Ad3_CT~VID_VD~15s_PH~CONSD_BO~TRF_PB~IG_PD~NEWSF,YR~24-Q1-01_CL~ASTRA_TA~ONC_DS~THEIR2Low_MB~Neurexa_CU~DTC_CA~B_PH~CONSD_BO~TRF_PB~IG_CN~18225-9-120399_FF~THEIR2Low IG Pixel RTA,AN~Engagement RTA_TG~RT_DE~A25-65F_MA~ntl_RG~USA_PH~CONSD_BO~TRF_PB~IG_PD~NEWSF,468,577,3,0,0,0,0,0,0,8.9,0,1.0,105,0,0,0,0,101,AST,DTC,2024-05-10
CM~Sponsored Ad1_CT~VID_VD~15s_PH~CONSD_BO~TRF_PB~IG_PD~NEWSF,YR~24-Q1-01_CL~ASTRA_TA~ONC_DS~THEIR2Low_MB~Neurexa_CU~DTC_CA~B_PH~CONSD_BO~TRF_PB~IG_CN~18225-9-120399_FF~THEIR2Low IG Pixel RTA,AN~Pixel Search RTA_TG~RT_DE~A25-65F_MA~ntl_RG~USA_PH~CONSD_BO~TRF_PB~IG_PD~NEWSF,119,127,0,0,0,0,0,0,0,3.2800000000000002,0,0.0,33,0,0,0,0,33,AST,DTC,2024-05-10
CM~Sponsored Ad2_CT~VID_VD~15s_PH~CONSD_BO~TRF_PB~IG_PD~NEWSF,YR~24-Q1-01_CL~ASTRA_TA~ONC_DS~THEIR2Low_MB~Neurexa_CU~DTC_CA~B_PH~CONSD_BO~TRF_PB~IG_CN~18225-9-120399_FF~THEIR2Low IG Pixel RTA,AN~Pixel Search RTA_TG~RT_DE~A25-65F_MA~ntl_RG~USA_PH~CONSD_BO~TRF_PB~IG_PD~NEWSF,100,127,1,0,0,0,0,0,0,2.55,0,0.0,30,0,0,0,0,29,AST,DTC,2024-05-10
CM~Sponsored Ad3_CT~VID_VD~15s_PH~CONSD_BO~TRF_PB~IG_PD~NEWSF,YR~24-Q1-01_CL~ASTRA_TA~ONC_DS~THEIR2Low_MB~Neurexa_CU~DTC_CA~B_PH~CONSD_BO~TRF_PB~IG_CN~18225-9-120399_FF~THEIR2Low IG Pixel RTA,AN~Pixel Search RTA_TG~RT_DE~A25-65F_MA~ntl_RG~USA_PH~CONSD_BO~TRF_PB~IG_PD~NEWSF,27,38,0,0,0,0,0,0,0,1.2,0,0.0,8,0,0,0,0,8,AST,DTC,2024-05-10
CM~Sponsored Ad1_CT~VID_VD~15s_PH~CONSD_BO~TRF_PB~IG_PD~NEWSF,YR~24-Q1-01_CL~ASTRA_TA~ONC_DS~THEIR2Low_MB~Neurexa_CU~DTC_CA~B_PH~CONSD_BO~TRF_PB~IG_CN~18225-9-120399_FF~THEIR2Low IG Pixel RTA LAL,AN~Engagement RTALAL_TG~RT_DE~A25-65F_MA~ntl_RG~USA_PH~CONSD_BO~TRF_PB~IG_PD~NEWSF,29,34,0,0,0,0,0,0,0,0.61,0,0.0,11,0,0,0,0,11,AST,DTC,2024-05-10
CM~Sponsored Ad2_CT~VID_VD~15s_PH~CONSD_BO~TRF_PB~IG_PD~NEWSF,YR~24-Q1-01_CL~ASTRA_TA~ONC_DS~THEIR2Low_MB~Neurexa_CU~DTC_CA~B_PH~CONSD_BO~TRF_PB~IG_CN~18225-9-120399_FF~THEIR2Low IG Pixel RTA LAL,AN~Engagement RTALAL_TG~RT_DE~A25-65F_MA~ntl_RG~USA_PH~CONSD_BO~TRF_PB~IG_PD~NEWSF,1012,1097,8,0,0,0,0,0,0,14.34,0,1.0,280,0,0,0,0,271,AST,DTC,2024-05-10
CM~Sponsored Ad3_CT~VID_VD~15s_PH~CONSD_BO~TRF_PB~IG_PD~NEWSF,YR~24-Q1-01_CL~ASTRA_TA~ONC_DS~THEIR2Low_MB~Neurexa_CU~DTC_CA~B_PH~CONSD_BO~TRF_PB~IG_CN~18225-9-120399_FF~THEIR2Low IG Pixel RTA LAL,AN~Engagement RTALAL_TG~RT_DE~A25-65F_MA~ntl_RG~USA_PH~CONSD_BO~TRF_PB~IG_PD~NEWSF,84,90,3,0,0,0,0,0,0,1.58,0,0.0,21,0,0,0,0,18,AST,DTC,2024-05-10
CM~Sponsored Ad1_CT~VID_VD~15s_PH~CONSD_BO~TRF_PB~IG_PD~NEWSF,YR~24-Q1-01_CL~ASTRA_TA~ONC_DS~THEIR2Low_MB~Neurexa_CU~DTC_CA~B_PH~CONSD_BO~TRF_PB~IG_CN~18225-9-120399_FF~THEIR2Low IG Pixel RTA LAL,AN~Pixel Search RTALAL_TG~RT_DE~A25-65F_MA~ntl_RG~USA_PH~CONSD_BO~TRF_PB~IG_PD~NEWSF,1700,1847,8,0,0,0,0,0,0,37.45,0,6.0,606,0,0,0,0,592,AST,DTC,2024-05-10
CM~Sponsored Ad1_CT~VID_VD~15s_PH~CONSD_BO~TRF_PB~IG_PD~NEWSF,YR~24-Q1-01_CL~ASTRA_TA~ONC_DS~THEIR2Low_MB~Neurexa_CU~DTC_CA~B_PH~CONSD_BO~TRF_PB~IG_CN~18225-9-120399_FF~THEIR2Low IG PurpleLab,AN~DTC Purple Lab_TG~RT_DE~A25-65A_MA~ntl_RG~USA_PH~CONSD_BO~TRF_PB~FB_PD~NEWSF,660,700,3,0,0,0,0,0,0,12.25,0,0.0,270,0,0,0,0,267,AST,DTC,2024-05-10
CM~Sponsored Ad2_CT~VID_VD~15s_PH~CONSD_BO~TRF_PB~IG_PD~NEWSF,YR~24-Q1-01_CL~ASTRA_TA~ONC_DS~THEIR2Low_MB~Neurexa_CU~DTC_CA~B_PH~CONSD_BO~TRF_PB~IG_CN~18225-9-120399_FF~THEIR2Low IG PurpleLab,AN~DTC Purple Lab_TG~RT_DE~A25-65A_MA~ntl_RG~USA_PH~CONSD_BO~TRF_PB~FB_PD~NEWSF,2781,3422,23,0,0,0,0,0,0,51.28,0,5.0,730,0,0,0,0,702,AST,DTC,2024-05-10
CM~Sponsored Ad3_CT~VID_VD~15s_PH~CONSD_BO~TRF_PB~IG_PD~NEWSF,YR~24-Q1-01_CL~ASTRA_TA~ONC_DS~THEIR2Low_MB~Neurexa_CU~DTC_CA~B_PH~CONSD_BO~TRF_PB~IG_CN~18225-9-120399_FF~THEIR2Low IG PurpleLab,AN~DTC Purple Lab_TG~RT_DE~A25-65A_MA~ntl_RG~USA_PH~CONSD_BO~TRF_PB~FB_PD~NEWSF,311,370,5,0,0,0,0,0,0,8.07,0,0.0,106,0,0,0,0,101,AST,DTC,2024-05-10
CM~CRM Ad_CT~VID_VD~15s_PH~CONSD_BO~TRF_PB~FB_PD~NEWSF,YR~24-Q1-01_CL~ASTRA_TA~ONC_DS~THEIR2+ 2L_MB~Neurexa_CU~DTC_CA~B_PH~CONSD_BO~TRF_PB~FB_CN~18224-9-120398_FF~THEIR2+ 2L Engagement + Video RTA,AN~Engagement RTA_TG~RT_DE~A25-65F_MA~ntl_RG~USA_PH~CONSD_BO~TRF_PB~FB_PD~NEWSF,8743,10397,79,0,0,0,0,0,0,76.86,0,0.0,786,0,0,0,0,707,BZS,DTC,2024-05-10
CM~Educate Ad 2_CT~VID_VD~15s_PH~CONSD_BO~TRF_PB~FB_PD~NEWSF,YR~24-Q1-01_CL~ASTRA_TA~ONC_DS~THEIR2+ 2L_MB~Neurexa_CU~DTC_CA~B_PH~CONSD_BO~TRF_PB~FB_CN~18224-9-120398_FF~THEIR2+ 2L Engagement + Video RTA,AN~Engagement RTA_TG~RT_DE~A25-65F_MA~ntl_RG~USA_PH~CONSD_BO~TRF_PB~FB_PD~NEWSF,743,881,11,0,0,0,0,0,0,5.87,0,0.0,64,0,0,0,0,53,BZS,DTC,2024-05-10
CM~Educate Ad 3_CT~VID_VD~15s_PH~CONSD_BO~TRF_PB~FB_PD~NEWSF,YR~24-Q1-01_CL~ASTRA_TA~ONC_DS~THEIR2+ 2L_MB~Neurexa_CU~DTC_CA~B_PH~CONSD_BO~TRF_PB~FB_CN~18224-9-120398_FF~THEIR2+ 2L Engagement + Video RTA,AN~Engagement RTA_TG~RT_DE~A25-65F_MA~ntl_RG~USA_PH~CONSD_BO~TRF_PB~FB_PD~NEWSF,184,212,4,0,0,0,0,0,0,1.44,0,0.0,13,0,0,0,0,9,BZS,DTC,2024-05-10
CM~Results Ad_CT~VID_VD~15s_PH~CONSD_BO~TRF_PB~FB_PD~NEWSF,YR~24-Q1-01_CL~ASTRA_TA~ONC_DS~THEIR2+ 2L_MB~Neurexa_CU~DTC_CA~B_PH~CONSD_BO~TRF_PB~FB_CN~18224-9-120398_FF~THEIR2+ 2L Engagement + Video RTA,AN~Engagement RTA_TG~RT_DE~A25-65F_MA~ntl_RG~USA_PH~CONSD_BO~TRF_PB~FB_PD~NEWSF,1595,1782,21,0,0,0,0,0,0,13.17,0,0.0,146,0,0,0,0,125,BZS,DTC,2024-05-10
CM~Educate Ad 2_CT~VID_VD~15s_PH~CONSD_BO~TRF_PB~FB_PD~NEWSF,YR~24-Q1-01_CL~ASTRA_TA~ONC_DS~THEIR2+ 2L_MB~Neurexa_CU~DTC_CA~B_PH~CONSD_BO~TRF_PB~FB_CN~18224-9-120398_FF~THEIR2+ 2L Engagement + Video RTA,AN~Video RTA_TG~RT_DE~A25-65F_MA~ntl_RG~USA_PH~CONSD_BO~TRF_PB~FB_PD~NEWSF,23,28,0,0,0,0,0,0,0,0.2,0,0.0,4,0,0,0,0,4,BZS,DTC,2024-05-10
CM~Educate Ad 3_CT~VID_VD~15s_PH~CONSD_BO~TRF_PB~FB_PD~NEWSF,YR~24-Q1-01_CL~ASTRA_TA~ONC_DS~THEIR2+ 2L_MB~Neurexa_CU~DTC_CA~B_PH~CONSD_BO~TRF_PB~FB_CN~18224-9-120398_FF~THEIR2+ 2L Engagement + Video RTA,AN~Video RTA_TG~RT_DE~A25-65F_MA~ntl_RG~USA_PH~CONSD_BO~TRF_PB~FB_PD~NEWSF,9,9,0,0,0,0,0,0,0,0.06,0,0.0,1,0,0,0,0,1,BZS,DTC,2024-05-10
CM~CRM Ad_CT~VID_VD~15s_PH~CONSD_BO~TRF_PB~FB_PD~NEWSF - Copy,YR~24-Q1-01_CL~ASTRA_TA~ONC_DS~THEIR2+ 2L_MB~Neurexa_CU~DTC_CA~B_PH~CONSD_BO~TRF_PB~FB_CN~18224-9-120398_FF~THEIR2+ 2L Engagement + Video RTA,AN~Video RTA_TG~RT_DE~A25-65F_MA~ntl_RG~USA_PH~CONSD_BO~TRF_PB~FB_PD~NEWSF,424,625,5,0,0,0,0,0,0,5.19,0,0.0,88,0,0,0,0,83,BZS,DTC,2024-05-10
CM~Results Ad_CT~VID_VD~15s_PH~CONSD_BO~TRF_PB~FB_PD~NEWSF,YR~24-Q1-01_CL~ASTRA_TA~ONC_DS~THEIR2+ 2L_MB~Neurexa_CU~DTC_CA~B_PH~CONSD_BO~TRF_PB~FB_CN~18224-9-120398_FF~THEIR2+ 2L Engagement + Video RTA,AN~Video RTA_TG~RT_DE~A25-65F_MA~ntl_RG~USA_PH~CONSD_BO~TRF_PB~FB_PD~NEWSF,334,525,2,0,0,0,0,0,0,3.5,0,0.0,70,0,0,0,0,68,BZS,DTC,2024-05-10
CM~CRM Ad_CT~VID_VD~15s_PH~CONSD_BO~TRF_PB~FB_PD~NEWSF,YR~24-Q1-01_CL~ASTRA_TA~ONC_DS~THEIR2+ 2L_MB~Neurexa_CU~DTC_CA~B_PH~CONSD_BO~TRF_PB~FB_CN~18224-9-120398_FF~THEIR2+ 2L Engagement + Video RTA LAL,AN~Engagement RTA LAL_TG~RT_DE~A25-65F_MA~ntl_RG~USA_PH~CONSD_BO~TRF_PB~FB_PD~NEWSF,5375,5813,61,0,0,0,0,0,0,39.17,0,0.0,526,0,0,0,0,465,BZS,DTC,2024-05-10
CM~Educate Ad 2_CT~VID_VD~15s_PH~CONSD_BO~TRF_PB~FB_PD~NEWSF,YR~24-Q1-01_CL~ASTRA_TA~ONC_DS~THEIR2+ 2L_MB~Neurexa_CU~DTC_CA~B_PH~CONSD_BO~TRF_PB~FB_CN~18224-9-120398_FF~THEIR2+ 2L Engagement + Video RTA LAL,AN~Engagement RTA LAL_TG~RT_DE~A25-65F_MA~ntl_RG~USA_PH~CONSD_BO~TRF_PB~FB_PD~NEWSF,268,285,2,0,0,0,0,0,0,1.92,0,0.0,16,0,0,0,0,14,BZS,DTC,2024-05-10
CM~Educate Ad 3_CT~VID_VD~15s_PH~CONSD_BO~TRF_PB~FB_PD~NEWSF,YR~24-Q1-01_CL~ASTRA_TA~ONC_DS~THEIR2+ 2L_MB~Neurexa_CU~DTC_CA~B_PH~CONSD_BO~TRF_PB~FB_CN~18224-9-120398_FF~THEIR2+ 2L Engagement + Video RTA LAL,AN~Engagement RTA LAL_TG~RT_DE~A25-65F_MA~ntl_RG~USA_PH~CONSD_BO~TRF_PB~FB_PD~NEWSF,63,66,2,0,0,0,0,0,0,0.68,0,0.0,2,0,0,0,0,0,BZS,DTC,2024-05-10
CM~Results Ad_CT~VID_VD~15s_PH~CONSD_BO~TRF_PB~FB_PD~NEWSF,YR~24-Q1-01_CL~ASTRA_TA~ONC_DS~THEIR2+ 2L_MB~Neurexa_CU~DTC_CA~B_PH~CONSD_BO~TRF_PB~FB_CN~18224-9-120398_FF~THEIR2+ 2L Engagement + Video RTA LAL,AN~Engagement RTA LAL_TG~RT_DE~A25-65F_MA~ntl_RG~USA_PH~CONSD_BO~TRF_PB~FB_PD~NEWSF,558,596,6,0,0,0,0,0,0,3.05,0,0.0,57,0,0,0,0,51,BZS,DTC,2024-05-10
CM~CRM Ad_CT~VID_VD~15s_PH~CONSD_BO~TRF_PB~FB_PD~NEWSF,YR~24-Q1-01_CL~ASTRA_TA~ONC_DS~THEIR2+ 2L_MB~Neurexa_CU~DTC_CA~B_PH~CONSD_BO~TRF_PB~FB_CN~18224-9-120398_FF~THEIR2+ 2L Engagement + Video RTA LAL,AN~Video RTA LAL_TG~RT_DE~A25-65F_MA~ntl_RG~USA_PH~CONSD_BO~TRF_PB~FB_PD~NEWSF,4998,5324,47,0,0,0,0,0,0,31.83,0,0.0,476,0,0,0,0,428,BZS,DTC,2024-05-10
CM~Educate Ad 2_CT~VID_VD~15s_PH~CONSD_BO~TRF_PB~FB_PD~NEWSF,YR~24-Q1-01_CL~ASTRA_TA~ONC_DS~THEIR2+ 2L_MB~Neurexa_CU~DTC_CA~B_PH~CONSD_BO~TRF_PB~FB_CN~18224-9-120398_FF~THEIR2+ 2L Engagement + Video RTA LAL,AN~Video RTA LAL_TG~RT_DE~A25-65F_MA~ntl_RG~USA_PH~CONSD_BO~TRF_PB~FB_PD~NEWSF,254,281,2,0,0,0,0,0,0,1.69,0,0.0,11,0,0,0,0,9,BZS,DTC,2024-05-10
CM~Educate Ad 3_CT~VID_VD~15s_PH~CONSD_BO~TRF_PB~FB_PD~NEWSF,YR~24-Q1-01_CL~ASTRA_TA~ONC_DS~THEIR2+ 2L_MB~Neurexa_CU~DTC_CA~B_PH~CONSD_BO~TRF_PB~FB_CN~18224-9-120398_FF~THEIR2+ 2L Engagement + Video RTA LAL,AN~Video RTA LAL_TG~RT_DE~A25-65F_MA~ntl_RG~USA_PH~CONSD_BO~TRF_PB~FB_PD~NEWSF,189,208,1,0,0,0,0,0,0,1.3,0,0.0,10,0,0,0,0,9,BZS,DTC,2024-05-10
CM~Results Ad_CT~VID_VD~15s_PH~CONSD_BO~TRF_PB~FB_PD~NEWSF,YR~24-Q1-01_CL~ASTRA_TA~ONC_DS~THEIR2+ 2L_MB~Neurexa_CU~DTC_CA~B_PH~CONSD_BO~TRF_PB~FB_CN~18224-9-120398_FF~THEIR2+ 2L Engagement + Video RTA LAL,AN~Video RTA LAL_TG~RT_DE~A25-65F_MA~ntl_RG~USA_PH~CONSD_BO~TRF_PB~FB_PD~NEWSF,3488,3955,38,0,0,0,0,0,0,21.54,0,0.0,268,0,0,0,0,230,BZS,DTC,2024-05-10
CM~CRM Ad_CT~VID_VD~15s_PH~CONSD_BO~TRF_PB~FB_PD~NEWSF,YR~24-Q1-01_CL~ASTRA_TA~ONC_DS~THEIR2+ 2L_MB~Neurexa_CU~DTC_CA~B_PH~CONSD_BO~TRF_PB~FB_CN~18224-9-120398_FF~THEIR2+ 2L FB PurpleLab,AN~DTC Purple Lab_TG~RT_DE~A25-65A_MA~ntl_RG~USA_PH~CONSD_BO~TRF_PB~FB_PD~NEWSF,7781,9275,72,0,0,0,0,0,0,70.24,0,0.0,895,0,0,0,0,823,BZS,DTC,2024-05-10
CM~Educate Ad 2_CT~VID_VD~15s_PH~CONSD_BO~TRF_PB~FB_PD~NEWSF,YR~24-Q1-01_CL~ASTRA_TA~ONC_DS~THEIR2+ 2L_MB~Neurexa_CU~DTC_CA~B_PH~CONSD_BO~TRF_PB~FB_CN~18224-9-120398_FF~THEIR2+ 2L FB PurpleLab,AN~DTC Purple Lab_TG~RT_DE~A25-65A_MA~ntl_RG~USA_PH~CONSD_BO~TRF_PB~FB_PD~NEWSF,567,689,5,0,0,0,0,0,0,5.02,0,0.0,38,0,0,0,0,33,BZS,DTC,2024-05-10
CM~Educate Ad 3_CT~VID_VD~15s_PH~CONSD_BO~TRF_PB~FB_PD~NEWSF,YR~24-Q1-01_CL~ASTRA_TA~ONC_DS~THEIR2+ 2L_MB~Neurexa_CU~DTC_CA~B_PH~CONSD_BO~TRF_PB~FB_CN~18224-9-120398_FF~THEIR2+ 2L FB PurpleLab,AN~DTC Purple Lab_TG~RT_DE~A25-65A_MA~ntl_RG~USA_PH~CONSD_BO~TRF_PB~FB_PD~NEWSF,202,255,0,0,0,0,0,0,0,1.63,0,0.0,13,0,0,0,0,13,BZS,DTC,2024-05-10
CM~Results Ad_CT~VID_VD~15s_PH~CONSD_BO~TRF_PB~FB_PD~NEWSF,YR~24-Q1-01_CL~ASTRA_TA~ONC_DS~THEIR2+ 2L_MB~Neurexa_CU~DTC_CA~B_PH~CONSD_BO~TRF_PB~FB_CN~18224-9-120398_FF~THEIR2+ 2L FB PurpleLab,AN~DTC Purple Lab_TG~RT_DE~A25-65A_MA~ntl_RG~USA_PH~CONSD_BO~TRF_PB~FB_PD~NEWSF,3880,4625,35,0,0,0,0,0,0,28.96,0,0.0,432,0,0,0,0,397,BZS,DTC,2024-05-10
CM~CRM Ad_CT~VID_VD~15s_PH~CONSD_BO~TRF_PB~FB_PD~NEWSF,YR~24-Q1-01_CL~ASTRA_TA~ONC_DS~THEIR2+ 2L_MB~Neurexa_CU~DTC_CA~B_PH~CONSD_BO~TRF_PB~FB_CN~18224-9-120398_FF~THEIR2+ 2L Pixel LAL,AN~Pixel LAL_TG~LAL_DE~A25-65F_MA~ntl_RG~USA_PH~CONSD_BO~TRF_PB~FB_PD~NEWSF,10034,12034,110,0,0,0,0,0,0,74.57,0,0.0,1193,0,0,0,0,1083,BZS,DTC,2024-05-10
CM~Educate Ad 2_CT~VID_VD~15s_PH~CONSD_BO~TRF_PB~FB_PD~NEWSF,YR~24-Q1-01_CL~ASTRA_TA~ONC_DS~THEIR2+ 2L_MB~Neurexa_CU~DTC_CA~B_PH~CONSD_BO~TRF_PB~FB_CN~18224-9-120398_FF~THEIR2+ 2L Pixel LAL,AN~Pixel LAL_TG~LAL_DE~A25-65F_MA~ntl_RG~USA_PH~CONSD_BO~TRF_PB~FB_PD~NEWSF,588,700,7,0,0,0,0,0,0,3.59,0,0.0,42,0,0,0,0,35,BZS,DTC,2024-05-10
CM~Educate Ad 3_CT~VID_VD~15s_PH~CONSD_BO~TRF_PB~FB_PD~NEWSF,YR~24-Q1-01_CL~ASTRA_TA~ONC_DS~THEIR2+ 2L_MB~Neurexa_CU~DTC_CA~B_PH~CONSD_BO~TRF_PB~FB_CN~18224-9-120398_FF~THEIR2+ 2L Pixel LAL,AN~Pixel LAL_TG~LAL_DE~A25-65F_MA~ntl_RG~USA_PH~CONSD_BO~TRF_PB~FB_PD~NEWSF,478,554,3,0,0,0,0,0,0,2.98,0,0.0,34,0,0,0,0,31,BZS,DTC,2024-05-10
CM~Results Ad_CT~VID_VD~15s_PH~CONSD_BO~TRF_PB~FB_PD~NEWSF,YR~24-Q1-01_CL~ASTRA_TA~ONC_DS~THEIR2+ 2L_MB~Neurexa_CU~DTC_CA~B_PH~CONSD_BO~TRF_PB~FB_CN~18224-9-120398_FF~THEIR2+ 2L Pixel LAL,AN~Pixel LAL_TG~LAL_DE~A25-65F_MA~ntl_RG~USA_PH~CONSD_BO~TRF_PB~FB_PD~NEWSF,2612,3008,36,0,0,0,0,0,0,16.04,0,0.0,287,0,0,0,0,251,BZS,DTC,2024-05-10
CM~CRM Ad_CT~VID_VD~15s_PH~CONSD_BO~TRF_PB~FB_PD~NEWSF,YR~24-Q1-01_CL~ASTRA_TA~ONC_DS~THEIR2+ 2L_MB~Neurexa_CU~DTC_CA~B_PH~CONSD_BO~TRF_PB~FB_CN~18224-9-120398_FF~THEIR2+ 2L Pixel LAL,AN~Pixel Search LAL_TG~LAL_DE~A25-65F_MA~ntl_RG~USA_PH~CONSD_BO~TRF_PB~FB_PD~NEWSF,816,881,12,0,0,0,0,0,0,6.83,0,0.0,89,0,0,0,0,77,BZS,DTC,2024-05-10
CM~Educate Ad 2_CT~VID_VD~15s_PH~CONSD_BO~TRF_PB~FB_PD~NEWSF,YR~24-Q1-01_CL~ASTRA_TA~ONC_DS~THEIR2+ 2L_MB~Neurexa_CU~DTC_CA~B_PH~CONSD_BO~TRF_PB~FB_CN~18224-9-120398_FF~THEIR2+ 2L Pixel LAL,AN~Pixel Search LAL_TG~LAL_DE~A25-65F_MA~ntl_RG~USA_PH~CONSD_BO~TRF_PB~FB_PD~NEWSF,45,50,1,0,0,0,0,0,0,0.41,0,0.0,3,0,0,0,0,2,BZS,DTC,2024-05-10
CM~Educate Ad 3_CT~VID_VD~15s_PH~CONSD_BO~TRF_PB~FB_PD~NEWSF,YR~24-Q1-01_CL~ASTRA_TA~ONC_DS~THEIR2+ 2L_MB~Neurexa_CU~DTC_CA~B_PH~CONSD_BO~TRF_PB~FB_CN~18224-9-120398_FF~THEIR2+ 2L Pixel LAL,AN~Pixel Search LAL_TG~LAL_DE~A25-65F_MA~ntl_RG~USA_PH~CONSD_BO~TRF_PB~FB_PD~NEWSF,2,2,0,0,0,0,0,0,0,0.01,0,0.0,0,0,0,0,0,0,BZS,DTC,2024-05-10
CM~Results Ad_CT~VID_VD~15s_PH~CONSD_BO~TRF_PB~FB_PD~NEWSF,YR~24-Q1-01_CL~ASTRA_TA~ONC_DS~THEIR2+ 2L_MB~Neurexa_CU~DTC_CA~B_PH~CONSD_BO~TRF_PB~FB_CN~18224-9-120398_FF~THEIR2+ 2L Pixel LAL,AN~Pixel Search LAL_TG~LAL_DE~A25-65F_MA~ntl_RG~USA_PH~CONSD_BO~TRF_PB~FB_PD~NEWSF,200,211,3,0,0,0,0,0,0,1.42,0,0.0,12,0,0,0,0,9,BZS,DTC,2024-05-10
CM~CRM Ad_CT~VID_VD~15s_PH~CONSD_BO~TRF_PB~FB_PD~NEWSF,YR~24-Q1-01_CL~ASTRA_TA~ONC_DS~THEIR2+ 2L_MB~Neurexa_CU~DTC_CA~B_PH~CONSD_BO~TRF_PB~FB_CN~18224-9-120398_FF~THEIR2+ 2L Pixel RTA,AN~Pixel RTA_TG~RT_DE~A25-65F_MA~ntl_RG~USA_PH~CONSD_BO~TRF_PB~FB_PD~NEWSF,3675,4999,49,0,0,0,0,0,0,52.73,0,0.0,522,0,0,0,0,473,BZS,DTC,2024-05-10
CM~Educate Ad2_CT~VID_VD~15s_PH~CONSD_BO~TRF_PB~FB_PD~NEWSF,YR~24-Q1-01_CL~ASTRA_TA~ONC_DS~THEIR2+ 2L_MB~Neurexa_CU~DTC_CA~B_PH~CONSD_BO~TRF_PB~FB_CN~18224-9-120398_FF~THEIR2+ 2L Pixel RTA,AN~Pixel RTA_TG~RT_DE~A25-65F_MA~ntl_RG~USA_PH~CONSD_BO~TRF_PB~FB_PD~NEWSF,707,1093,3,0,0,0,0,0,0,8.09,0,0.0,92,0,0,0,0,89,BZS,DTC,2024-05-10
CM~Educate Ad3_CT~VID_VD~15s_PH~CONSD_BO~TRF_PB~FB_PD~NEWSF,YR~24-Q1-01_CL~ASTRA_TA~ONC_DS~THEIR2+ 2L_MB~Neurexa_CU~DTC_CA~B_PH~CONSD_BO~TRF_PB~FB_CN~18224-9-120398_FF~THEIR2+ 2L Pixel RTA,AN~Pixel RTA_TG~RT_DE~A25-65F_MA~ntl_RG~USA_PH~CONSD_BO~TRF_PB~FB_PD~NEWSF,197,275,3,0,0,0,0,0,0,2.34,0,0.0,33,0,0,0,0,30,BZS,DTC,2024-05-10
CM~Results Ad_CT~VID_VD~15s_PH~CONSD_BO~TRF_PB~FB_PD~NEWSF,YR~24-Q1-01_CL~ASTRA_TA~ONC_DS~THEIR2+ 2L_MB~Neurexa_CU~DTC_CA~B_PH~CONSD_BO~TRF_PB~FB_CN~18224-9-120398_FF~THEIR2+ 2L Pixel RTA,AN~Pixel RTA_TG~RT_DE~A25-65F_MA~ntl_RG~USA_PH~CONSD_BO~TRF_PB~FB_PD~NEWSF,2974,4405,46,0,0,0,0,0,0,34.93,0,0.0,477,0,0,0,0,431,BZS,DTC,2024-05-10
CM~CRM Ad_CT~VID_VD~15s_PH~CONSD_BO~TRF_PB~FB_PD~NEWSF,YR~24-Q1-01_CL~ASTRA_TA~ONC_DS~THEIR2+ 2L_MB~Neurexa_CU~DTC_CA~B_PH~CONSD_BO~TRF_PB~FB_CN~18224-9-120398_FF~THEIR2+ 2L Pixel RTA,AN~Pixel Search RTA_TG~RT_DE~A25-65F_MA~ntl_RG~USA_PH~CONSD_BO~TRF_PB~FB_PD~NEWSF,627,880,3,0,0,0,0,0,0,7.35,0,0.0,70,0,0,0,0,67,BZS,DTC,2024-05-10
CM~SecondLineDressAd1_CT~VID_VD~15s_PH~CONSD_BO~TRF_PB~IG_PD~NEWSF,YR~24-Q1-01_CL~ASTRA_TA~ONC_DS~THEIR2+ 2L_MB~Neurexa_CU~DTC_CA~B_PH~CONSD_BO~TRF_PB~IG_CN~18224-9-120398_FF~THEIR2+ 2L IG Engagement + Video RTA LAL,AN~Engagement RTA LAL_TG~LAL_DE~A25-65F_MA~ntl_RG~USA_PH~CONSD_BO~TRF_PB~IG_PD~NEWSF,538,575,5,0,0,0,0,0,0,8.69,0,0.0,172,0,0,0,0,167,BZS,DTC,2024-05-10
CM~SecondLineWhiteFrameAd2_CT~VID_VD~15s_PH~CONSD_BO~TRF_PB~IG_PD~NEWSF,YR~24-Q1-01_CL~ASTRA_TA~ONC_DS~THEIR2+ 2L_MB~Neurexa_CU~DTC_CA~B_PH~CONSD_BO~TRF_PB~IG_CN~18224-9-120398_FF~THEIR2+ 2L IG Engagement + Video RTA LAL,AN~Engagement RTA LAL_TG~LAL_DE~A25-65F_MA~ntl_RG~USA_PH~CONSD_BO~TRF_PB~IG_PD~NEWSF,44,50,1,0,0,0,0,0,0,0.89,0,0.0,19,0,0,0,0,18,BZS,DTC,2024-05-10
CM~SecondLineDressAd1_CT~VID_VD~15s_PH~CONSD_BO~TRF_PB~IG_PD~NEWSF,YR~24-Q1-01_CL~ASTRA_TA~ONC_DS~THEIR2+ 2L_MB~Neurexa_CU~DTC_CA~B_PH~CONSD_BO~TRF_PB~IG_CN~18224-9-120398_FF~THEIR2+ 2L IG Engagement + Video RTA LAL,AN~Video RTA LAL_TG~LAL_DE~A25-65F_MA~ntl_RG~USA_PH~CONSD_BO~TRF_PB~IG_PD~NEWSF,1717,1887,23,0,0,0,0,0,0,24.25,0,1.0,526,0,0,0,0,502,BZS,DTC,2024-05-10
CM~SecondLineWhiteFrameAd2_CT~VID_VD~15s_PH~CONSD_BO~TRF_PB~IG_PD~NEWSF,YR~24-Q1-01_CL~ASTRA_TA~ONC_DS~THEIR2+ 2L_MB~Neurexa_CU~DTC_CA~B_PH~CONSD_BO~TRF_PB~IG_CN~18224-9-120398_FF~THEIR2+ 2L IG Engagement + Video RTA LAL,AN~Video RTA LAL_TG~LAL_DE~A25-65F_MA~ntl_RG~USA_PH~CONSD_BO~TRF_PB~IG_PD~NEWSF,133,146,3,0,0,0,0,0,0,2.4,0,0.0,45,0,0,0,0,42,BZS,DTC,2024-05-10
CM~SecondLineDressAd1_CT~VID_VD~15s_PH~CONSD_BO~TRF_PB~IG_PD~NEWSF,YR~24-Q1-01_CL~ASTRA_TA~ONC_DS~THEIR2+ 2L_MB~Neurexa_CU~DTC_CA~B_PH~CONSD_BO~TRF_PB~IG_CN~18224-9-120398_FF~THEIR2+ 2L IG Pixel LAL,AN~Pixel LAL_TG~LAL_DE~A25-65F_MA~ntl_RG~USA_PH~CONSD_BO~TRF_PB~IG_PD~NEWSF,1440,1715,13,0,0,0,0,0,0,26.91,0,2.0,439,0,0,0,0,424,BZS,DTC,2024-05-10
CM~SecondLineWhiteFrameAd2_CT~VID_VD~15s_PH~CONSD_BO~TRF_PB~IG_PD~NEWSF,YR~24-Q1-01_CL~ASTRA_TA~ONC_DS~THEIR2+ 2L_MB~Neurexa_CU~DTC_CA~B_PH~CONSD_BO~TRF_PB~IG_CN~18224-9-120398_FF~THEIR2+ 2L IG Pixel LAL,AN~Pixel LAL_TG~LAL_DE~A25-65F_MA~ntl_RG~USA_PH~CONSD_BO~TRF_PB~IG_PD~NEWSF,430,515,5,0,0,0,0,0,0,8.91,0,2.0,133,0,0,0,0,126,BZS,DTC,2024-05-10
CM~SecondLineDressAd1_CT~VID_VD~15s_PH~CONSD_BO~TRF_PB~IG_PD~NEWSF,YR~24-Q1-01_CL~ASTRA_TA~ONC_DS~THEIR2+ 2L_MB~Neurexa_CU~DTC_CA~B_PH~CONSD_BO~TRF_PB~IG_CN~18224-9-120398_FF~THEIR2+ 2L IG Pixel LAL,AN~Pixel Search LAL_TG~LAL_DE~A25-65F_MA~ntl_RG~USA_PH~CONSD_BO~TRF_PB~IG_PD~NEWSF,7,8,0,0,0,0,0,0,0,0.07,0,0.0,0,0,0,0,0,0,BZS,DTC,2024-05-10
CM~SecondLineDressAd1_CT~VID_VD~15s_PH~CONSD_BO~TRF_PB~IG_PD~NEWSF,YR~24-Q1-01_CL~ASTRA_TA~ONC_DS~THEIR2+ 2L_MB~Neurexa_CU~DTC_CA~B_PH~CONSD_BO~TRF_PB~IG_CN~18224-9-120398_FF~THEIR2+ 2L IG Pixel RTA,AN~Pixel RTA_TG~LAL_DE~A25-65F_MA~ntl_RG~USA_PH~CONSD_BO~TRF_PB~IG_PD~NEWSF,719,1024,8,0,0,0,0,0,0,19.25,0,3.0,163,0,0,0,0,152,BZS,DTC,2024-05-10
CM~SecondLineWhiteFrameAd2_CT~VID_VD~15s_PH~CONSD_BO~TRF_PB~IG_PD~NEWSF,YR~24-Q1-01_CL~ASTRA_TA~ONC_DS~THEIR2+ 2L_MB~Neurexa_CU~DTC_CA~B_PH~CONSD_BO~TRF_PB~IG_CN~18224-9-120398_FF~THEIR2+ 2L IG Pixel RTA,AN~Pixel RTA_TG~LAL_DE~A25-65F_MA~ntl_RG~USA_PH~CONSD_BO~TRF_PB~IG_PD~NEWSF,438,591,7,0,0,0,0,0,0,12.65,0,1.0,127,0,0,0,0,119,BZS,DTC,2024-05-10
CM~SecondLineDressAd1_CT~VID_VD~15s_PH~CONSD_BO~TRF_PB~IG_PD~NEWSF,YR~24-Q1-01_CL~ASTRA_TA~ONC_DS~THEIR2+ 2L_MB~Neurexa_CU~DTC_CA~B_PH~CONSD_BO~TRF_PB~IG_CN~18224-9-120398_FF~THEIR2+ 2L IG Pixel RTA,AN~Pixel Search RTA_TG~LAL_DE~A25-65F_MA~ntl_RG~USA_PH~CONSD_BO~TRF_PB~IG_PD~NEWSF,126,150,1,0,0,0,0,0,0,2.45,0,0.0,27,0,0,0,0,26,BZS,DTC,2024-05-10
CM~SecondLineWhiteFrameAd2_CT~VID_VD~15s_PH~CONSD_BO~TRF_PB~IG_PD~NEWSF,YR~24-Q1-01_CL~ASTRA_TA~ONC_DS~THEIR2+ 2L_MB~Neurexa_CU~DTC_CA~B_PH~CONSD_BO~TRF_PB~IG_CN~18224-9-120398_FF~THEIR2+ 2L IG Pixel RTA,AN~Pixel Search RTA_TG~LAL_DE~A25-65F_MA~ntl_RG~USA_PH~CONSD_BO~TRF_PB~IG_PD~NEWSF,71,81,0,0,0,0,0,0,0,1.76,0,0.0,19,0,0,0,0,19,BZS,DTC,2024-05-10
CM~SecondLineDressAd1_CT~VID_VD~15s_PH~CONSD_BO~TRF_PB~IG_PD~NEWSF,YR~24-Q1-01_CL~ASTRA_TA~ONC_DS~THEIR2+ 2L_MB~Neurexa_CU~DTC_CA~B_PH~CONSD_BO~TRF_PB~IG_CN~18224-9-120398_FF~THEIR2+ 2L IG PurpleLab,AN~DTC Purple Lab_TG~RT_DE~A25-65A_MA~ntl_RG~USA_PH~CONSD_BO~TRF_PB~FB_PD~NEWSF,1354,1644,14,0,0,0,0,0,0,24.93,0,1.0,382,0,0,0,0,367,BZS,DTC,2024-05-10
CM~SecondLineWhiteFrameAd2_CT~VID_VD~15s_PH~CONSD_BO~TRF_PB~IG_PD~NEWSF,YR~24-Q1-01_CL~ASTRA_TA~ONC_DS~THEIR2+ 2L_MB~Neurexa_CU~DTC_CA~B_PH~CONSD_BO~TRF_PB~IG_CN~18224-9-120398_FF~THEIR2+ 2L IG PurpleLab,AN~DTC Purple Lab_TG~RT_DE~A25-65A_MA~ntl_RG~USA_PH~CONSD_BO~TRF_PB~FB_PD~NEWSF,460,545,3,0,0,0,0,0,0,10.02,0,1.0,123,0,0,0,0,119,BZS,DTC,2024-05-10
CM~Spon. Ad 1_CT~VID_VD~15s_PH~CONV_BO~TRF_PB~FB_PD~NEWSF,YR~24-Q1-01_CL~ASTRA_TA~ONC_DS~THEIR2Low_MB~Neurexa_CU~DTC_CA~B_PH~CONSD_BO~TRF_PB~FB_CN~18225-9-120399_FF~THEIR2Low FB PurpleLab,AN~DTC Purple Lab_TG~RT_DE~A25-65A_MA~ntl_RG~USA_PH~CONSD_BO~TRF_PB~FB_PD~NEWSF,10266,12250,87,0,0,0,0,0,0,84.54,0,0.0,1526,0,0,0,0,1439,AST,DTC,2024-05-11
CM~Spon. Ad 2_CT~VID_VD~15s_PH~CONV_BO~TRF_PB~FB_PD~NEWSF,YR~24-Q1-01_CL~ASTRA_TA~ONC_DS~THEIR2Low_MB~Neurexa_CU~DTC_CA~B_PH~CONSD_BO~TRF_PB~FB_CN~18225-9-120399_FF~THEIR2Low FB PurpleLab,AN~DTC Purple Lab_TG~RT_DE~A25-65A_MA~ntl_RG~USA_PH~CONSD_BO~TRF_PB~FB_PD~NEWSF,683,719,5,0,0,0,0,0,0,4.71,0,0.0,74,0,0,0,0,69,AST,DTC,2024-05-11
CM~Spon. Ad 3_CT~VID_VD~30s_PH~CONV_BO~TRF_PB~FB_PD~NEWSF,YR~24-Q1-01_CL~ASTRA_TA~ONC_DS~THEIR2Low_MB~Neurexa_CU~DTC_CA~B_PH~CONSD_BO~TRF_PB~FB_CN~18225-9-120399_FF~THEIR2Low FB PurpleLab,AN~DTC Purple Lab_TG~RT_DE~A25-65A_MA~ntl_RG~USA_PH~CONSD_BO~TRF_PB~FB_PD~NEWSF,11849,16611,115,0,0,0,0,0,0,96.14,0,0.0,1281,0,0,0,0,1166,AST,DTC,2024-05-11
CM~Spon. Ad 1_CT~VID_VD~15s_PH~CONV_BO~TRF_PB~FB_PD~NEWSF,YR~24-Q1-01_CL~ASTRA_TA~ONC_DS~THEIR2Low_MB~Neurexa_CU~DTC_CA~B_PH~CONSD_BO~TRF_PB~FB_CN~18225-9-120399_FF~THEIR2Low Pixel RTA,AN~Engagement RTA_TG~RT_DE~A25-65F_MA~ntl_RG~USA_PH~CONSD_BO~TRF_PB~FB_PD~NEWSF,9450,12283,144,0,0,0,0,0,0,79.49,0,0.0,1198,0,0,0,0,1054,AST,DTC,2024-05-11
CM~Spon. Ad 2_CT~VID_VD~15s_PH~CONV_BO~TRF_PB~FB_PD~NEWSF,YR~24-Q1-01_CL~ASTRA_TA~ONC_DS~THEIR2Low_MB~Neurexa_CU~DTC_CA~B_PH~CONSD_BO~TRF_PB~FB_CN~18225-9-120399_FF~THEIR2Low Pixel RTA,AN~Engagement RTA_TG~RT_DE~A25-65F_MA~ntl_RG~USA_PH~CONSD_BO~TRF_PB~FB_PD~NEWSF,969,1014,9,0,0,0,0,0,0,7.04,0,0.0,87,0,0,0,0,78,AST,DTC,2024-05-11
CM~Spon. Ad 3_CT~VID_VD~30s_PH~CONV_BO~TRF_PB~FB_PD~NEWSF,YR~24-Q1-01_CL~ASTRA_TA~ONC_DS~THEIR2Low_MB~Neurexa_CU~DTC_CA~B_PH~CONSD_BO~TRF_PB~FB_CN~18225-9-120399_FF~THEIR2Low Pixel RTA,AN~Engagement RTA_TG~RT_DE~A25-65F_MA~ntl_RG~USA_PH~CONSD_BO~TRF_PB~FB_PD~NEWSF,13806,20118,165,0,0,0,0,0,0,117.24,0,0.0,1434,0,0,0,0,1269,AST,DTC,2024-05-11
CM~Spon. Ad 2_CT~VID_VD~15s_PH~CONV_BO~TRF_PB~FB_PD~NEWSF,YR~24-Q1-01_CL~ASTRA_TA~ONC_DS~THEIR2Low_MB~Neurexa_CU~DTC_CA~B_PH~CONSD_BO~TRF_PB~FB_CN~18225-9-120399_FF~THEIR2Low Pixel RTA,AN~Pixel RTA_TG~RT_DE~A25-65F_MA~ntl_RG~USA_PH~CONSD_BO~TRF_PB~FB_PD~NEWSF,202,251,3,0,0,0,0,0,0,2.8,0,0.0,22,0,0,0,0,19,AST,DTC,2024-05-11
CM~Spon. Ad 1_CT~VID_VD~15s_PH~CONV_BO~TRF_PB~FB_PD~NEWSF,YR~24-Q1-01_CL~ASTRA_TA~ONC_DS~THEIR2Low_MB~Neurexa_CU~DTC_CA~B_PH~CONSD_BO~TRF_PB~FB_CN~18225-9-120399_FF~THEIR2Low Pixel RTA,AN~Pixel RTA_TG~RT_DE~A25-65F_MA~ntl_RG~USA_PH~CONSD_BO~TRF_PB~FB_PD~NEWSF,399,612,4,0,0,0,0,0,0,5.18,0,0.0,66,0,0,0,0,62,AST,DTC,2024-05-11
CM~Spon. Ad 1_CT~VID_VD~15s_PH~CONV_BO~TRF_PB~FB_PD~NEWSF,YR~24-Q1-01_CL~ASTRA_TA~ONC_DS~THEIR2Low_MB~Neurexa_CU~DTC_CA~B_PH~CONSD_BO~TRF_PB~FB_CN~18225-9-120399_FF~THEIR2Low Pixel RTA,AN~Pixel Search RTA_TG~RT_DE~A25-65F_MA~ntl_RG~USA_PH~CONSD_BO~TRF_PB~FB_PD~NEWSF,281,360,1,0,0,0,0,0,0,4.76,0,0.0,36,0,0,0,0,35,AST,DTC,2024-05-11
CM~Spon. Ad 2_CT~VID_VD~15s_PH~CONV_BO~TRF_PB~FB_PD~NEWSF,YR~24-Q1-01_CL~ASTRA_TA~ONC_DS~THEIR2Low_MB~Neurexa_CU~DTC_CA~B_PH~CONSD_BO~TRF_PB~FB_CN~18225-9-120399_FF~THEIR2Low Pixel RTA,AN~Pixel Search RTA_TG~RT_DE~A25-65F_MA~ntl_RG~USA_PH~CONSD_BO~TRF_PB~FB_PD~NEWSF,3,3,0,0,0,0,0,0,0,0.01,0,0.0,0,0,0,0,0,0,AST,DTC,2024-05-11
CM~Spon. Ad 3_CT~VID_VD~30s_PH~CONV_BO~TRF_PB~FB_PD~NEWSF,YR~24-Q1-01_CL~ASTRA_TA~ONC_DS~THEIR2Low_MB~Neurexa_CU~DTC_CA~B_PH~CONSD_BO~TRF_PB~FB_CN~18225-9-120399_FF~THEIR2Low Pixel RTA,AN~Pixel Search RTA_TG~RT_DE~A25-65F_MA~ntl_RG~USA_PH~CONSD_BO~TRF_PB~FB_PD~NEWSF,320,425,5,0,0,0,0,0,0,4.35,0,0.0,32,0,0,0,0,27,AST,DTC,2024-05-11
CM~Spon. Ad 1_CT~VID_VD~15s_PH~CONV_BO~TRF_PB~FB_PD~NEWSF,YR~24-Q1-01_CL~ASTRA_TA~ONC_DS~THEIR2Low_MB~Neurexa_CU~DTC_CA~B_PH~CONSD_BO~TRF_PB~FB_CN~18225-9-120399_FF~THEIR2Low Pixel RTA LAL,AN~Engagement RTA LAL_TG~LAL_DE~A25-65F_MA~ntl_RG~USA_PH~CONSD_BO~TRF_PB~FB_PD~NEWSF - Copy,5609,6287,59,0,0,0,0,0,0,33.75,0,0.0,587,0,0,0,0,528,AST,DTC,2024-05-11
CM~Spon. Ad 2_CT~VID_VD~15s_PH~CONV_BO~TRF_PB~FB_PD~NEWSF,YR~24-Q1-01_CL~ASTRA_TA~ONC_DS~THEIR2Low_MB~Neurexa_CU~DTC_CA~B_PH~CONSD_BO~TRF_PB~FB_CN~18225-9-120399_FF~THEIR2Low Pixel RTA LAL,AN~Engagement RTA LAL_TG~LAL_DE~A25-65F_MA~ntl_RG~USA_PH~CONSD_BO~TRF_PB~FB_PD~NEWSF - Copy,335,348,2,0,0,0,0,0,0,2.0,0,0.0,18,0,0,0,0,16,AST,DTC,2024-05-11
CM~Spon. Ad 3_CT~VID_VD~30s_PH~CONV_BO~TRF_PB~FB_PD~NEWSF,YR~24-Q1-01_CL~ASTRA_TA~ONC_DS~THEIR2Low_MB~Neurexa_CU~DTC_CA~B_PH~CONSD_BO~TRF_PB~FB_CN~18225-9-120399_FF~THEIR2Low Pixel RTA LAL,AN~Engagement RTA LAL_TG~LAL_DE~A25-65F_MA~ntl_RG~USA_PH~CONSD_BO~TRF_PB~FB_PD~NEWSF - Copy,27001,32995,272,0,0,0,0,0,0,171.78,0,0.0,2193,0,0,0,0,1921,AST,DTC,2024-05-11
CM~Spon. Ad 1_CT~VID_VD~15s_PH~CONV_BO~TRF_PB~FB_PD~NEWSF,YR~24-Q1-01_CL~ASTRA_TA~ONC_DS~THEIR2Low_MB~Neurexa_CU~DTC_CA~B_PH~CONSD_BO~TRF_PB~FB_CN~18225-9-120399_FF~THEIR2Low Pixel RTA LAL,AN~Pixel RTA LAL_TG~LAL_DE~A25-65F_MA~ntl_RG~USA_PH~CONSD_BO~TRF_PB~FB_PD~NEWSF,408,422,2,0,0,0,0,0,0,3.6,0,0.0,43,0,0,0,0,41,AST,DTC,2024-05-11
CM~Spon. Ad 2_CT~VID_VD~15s_PH~CONV_BO~TRF_PB~FB_PD~NEWSF,YR~24-Q1-01_CL~ASTRA_TA~ONC_DS~THEIR2Low_MB~Neurexa_CU~DTC_CA~B_PH~CONSD_BO~TRF_PB~FB_CN~18225-9-120399_FF~THEIR2Low Pixel RTA LAL,AN~Pixel RTA LAL_TG~LAL_DE~A25-65F_MA~ntl_RG~USA_PH~CONSD_BO~TRF_PB~FB_PD~NEWSF,723,781,9,0,0,0,0,0,0,4.41,0,0.0,78,0,0,0,0,69,AST,DTC,2024-05-11
CM~Spon. Ad 1_CT~VID_VD~15s_PH~CONV_BO~TRF_PB~FB_PD~NEWSF,YR~24-Q1-01_CL~ASTRA_TA~ONC_DS~THEIR2Low_MB~Neurexa_CU~DTC_CA~B_PH~CONSD_BO~TRF_PB~FB_CN~18225-9-120399_FF~THEIR2Low Pixel RTA LAL,AN~Pixel Search RTA LAL_TG~LAL_DE~A25-65F_MA~ntl_RG~USA_PH~CONSD_BO~TRF_PB~FB_PD~NEWSF,1053,1166,10,0,0,0,0,0,0,7.22,0,0.0,125,0,0,0,0,115,AST,DTC,2024-05-11
CM~Spon. Ad 2_CT~VID_VD~15s_PH~CONV_BO~TRF_PB~FB_PD~NEWSF,YR~24-Q1-01_CL~ASTRA_TA~ONC_DS~THEIR2Low_MB~Neurexa_CU~DTC_CA~B_PH~CONSD_BO~TRF_PB~FB_CN~18225-9-120399_FF~THEIR2Low Pixel RTA LAL,AN~Pixel Search RTA LAL_TG~LAL_DE~A25-65F_MA~ntl_RG~USA_PH~CONSD_BO~TRF_PB~FB_PD~NEWSF,7,7,0,0,0,0,0,0,0,0.06,0,0.0,2,0,0,0,0,2,AST,DTC,2024-05-11
CM~Sponsored Ad1_CT~VID_VD~15s_PH~CONSD_BO~TRF_PB~IG_PD~NEWSF,YR~24-Q1-01_CL~ASTRA_TA~ONC_DS~THEIR2Low_MB~Neurexa_CU~DTC_CA~B_PH~CONSD_BO~TRF_PB~IG_CN~18225-9-120399_FF~THEIR2Low IG Pixel RTA,AN~Engagement RTA_TG~RT_DE~A25-65F_MA~ntl_RG~USA_PH~CONSD_BO~TRF_PB~IG_PD~NEWSF,760,841,4,0,0,0,0,0,0,16.05,0,1.0,193,0,0,0,0,188,AST,DTC,2024-05-11
CM~Sponsored Ad2_CT~VID_VD~15s_PH~CONSD_BO~TRF_PB~IG_PD~NEWSF,YR~24-Q1-01_CL~ASTRA_TA~ONC_DS~THEIR2Low_MB~Neurexa_CU~DTC_CA~B_PH~CONSD_BO~TRF_PB~IG_CN~18225-9-120399_FF~THEIR2Low IG Pixel RTA,AN~Engagement RTA_TG~RT_DE~A25-65F_MA~ntl_RG~USA_PH~CONSD_BO~TRF_PB~IG_PD~NEWSF,1178,1473,6,0,0,0,0,0,0,20.86,0,2.0,254,0,0,0,0,246,AST,DTC,2024-05-11
CM~Sponsored Ad3_CT~VID_VD~15s_PH~CONSD_BO~TRF_PB~IG_PD~NEWSF,YR~24-Q1-01_CL~ASTRA_TA~ONC_DS~THEIR2Low_MB~Neurexa_CU~DTC_CA~B_PH~CONSD_BO~TRF_PB~IG_CN~18225-9-120399_FF~THEIR2Low IG Pixel RTA,AN~Engagement RTA_TG~RT_DE~A25-65F_MA~ntl_RG~USA_PH~CONSD_BO~TRF_PB~IG_PD~NEWSF,439,524,6,0,0,0,0,0,0,16.13,0,1.0,89,0,0,0,0,82,AST,DTC,2024-05-11
CM~Sponsored Ad1_CT~VID_VD~15s_PH~CONSD_BO~TRF_PB~IG_PD~NEWSF,YR~24-Q1-01_CL~ASTRA_TA~ONC_DS~THEIR2Low_MB~Neurexa_CU~DTC_CA~B_PH~CONSD_BO~TRF_PB~IG_CN~18225-9-120399_FF~THEIR2Low IG Pixel RTA,AN~Pixel Search RTA_TG~RT_DE~A25-65F_MA~ntl_RG~USA_PH~CONSD_BO~TRF_PB~IG_PD~NEWSF,115,126,1,0,0,0,0,0,0,3.58,0,0.0,45,0,0,0,0,44,AST,DTC,2024-05-11
CM~Sponsored Ad2_CT~VID_VD~15s_PH~CONSD_BO~TRF_PB~IG_PD~NEWSF,YR~24-Q1-01_CL~ASTRA_TA~ONC_DS~THEIR2Low_MB~Neurexa_CU~DTC_CA~B_PH~CONSD_BO~TRF_PB~IG_CN~18225-9-120399_FF~THEIR2Low IG Pixel RTA,AN~Pixel Search RTA_TG~RT_DE~A25-65F_MA~ntl_RG~USA_PH~CONSD_BO~TRF_PB~IG_PD~NEWSF,129,156,1,0,0,0,0,0,0,2.63,0,0.0,33,0,0,0,0,32,AST,DTC,2024-05-11
CM~Sponsored Ad3_CT~VID_VD~15s_PH~CONSD_BO~TRF_PB~IG_PD~NEWSF,YR~24-Q1-01_CL~ASTRA_TA~ONC_DS~THEIR2Low_MB~Neurexa_CU~DTC_CA~B_PH~CONSD_BO~TRF_PB~IG_CN~18225-9-120399_FF~THEIR2Low IG Pixel RTA,AN~Pixel Search RTA_TG~RT_DE~A25-65F_MA~ntl_RG~USA_PH~CONSD_BO~TRF_PB~IG_PD~NEWSF,33,39,0,0,0,0,0,0,0,1.01,0,0.0,8,0,0,0,0,8,AST,DTC,2024-05-11
CM~Sponsored Ad1_CT~VID_VD~15s_PH~CONSD_BO~TRF_PB~IG_PD~NEWSF,YR~24-Q1-01_CL~ASTRA_TA~ONC_DS~THEIR2Low_MB~Neurexa_CU~DTC_CA~B_PH~CONSD_BO~TRF_PB~IG_CN~18225-9-120399_FF~THEIR2Low IG Pixel RTA LAL,AN~Engagement RTALAL_TG~RT_DE~A25-65F_MA~ntl_RG~USA_PH~CONSD_BO~TRF_PB~IG_PD~NEWSF,29,30,0,0,0,0,0,0,0,0.44,0,0.0,11,0,0,0,0,11,AST,DTC,2024-05-11
CM~Sponsored Ad2_CT~VID_VD~15s_PH~CONSD_BO~TRF_PB~IG_PD~NEWSF,YR~24-Q1-01_CL~ASTRA_TA~ONC_DS~THEIR2Low_MB~Neurexa_CU~DTC_CA~B_PH~CONSD_BO~TRF_PB~IG_CN~18225-9-120399_FF~THEIR2Low IG Pixel RTA LAL,AN~Engagement RTALAL_TG~RT_DE~A25-65F_MA~ntl_RG~USA_PH~CONSD_BO~TRF_PB~IG_PD~NEWSF,1147,1242,15,0,0,0,0,0,0,15.27,0,0.0,329,0,0,0,0,314,AST,DTC,2024-05-11
CM~Sponsored Ad3_CT~VID_VD~15s_PH~CONSD_BO~TRF_PB~IG_PD~NEWSF,YR~24-Q1-01_CL~ASTRA_TA~ONC_DS~THEIR2Low_MB~Neurexa_CU~DTC_CA~B_PH~CONSD_BO~TRF_PB~IG_CN~18225-9-120399_FF~THEIR2Low IG Pixel RTA LAL,AN~Engagement RTALAL_TG~RT_DE~A25-65F_MA~ntl_RG~USA_PH~CONSD_BO~TRF_PB~IG_PD~NEWSF,84,91,3,0,0,0,0,0,0,1.34,0,0.0,23,0,0,0,0,20,AST,DTC,2024-05-11
CM~Sponsored Ad1_CT~VID_VD~15s_PH~CONSD_BO~TRF_PB~IG_PD~NEWSF,YR~24-Q1-01_CL~ASTRA_TA~ONC_DS~THEIR2Low_MB~Neurexa_CU~DTC_CA~B_PH~CONSD_BO~TRF_PB~IG_CN~18225-9-120399_FF~THEIR2Low IG Pixel RTA LAL,AN~Pixel Search RTALAL_TG~RT_DE~A25-65F_MA~ntl_RG~USA_PH~CONSD_BO~TRF_PB~IG_PD~NEWSF,1870,2074,5,0,0,0,0,0,0,36.5,0,6.0,655,0,0,0,0,644,AST,DTC,2024-05-11
CM~Sponsored Ad1_CT~VID_VD~15s_PH~CONSD_BO~TRF_PB~IG_PD~NEWSF,YR~24-Q1-01_CL~ASTRA_TA~ONC_DS~THEIR2Low_MB~Neurexa_CU~DTC_CA~B_PH~CONSD_BO~TRF_PB~IG_CN~18225-9-120399_FF~THEIR2Low IG PurpleLab,AN~DTC Purple Lab_TG~RT_DE~A25-65A_MA~ntl_RG~USA_PH~CONSD_BO~TRF_PB~FB_PD~NEWSF,505,544,4,0,0,0,0,0,0,9.36,0,1.0,217,0,0,0,0,212,AST,DTC,2024-05-11
CM~Sponsored Ad2_CT~VID_VD~15s_PH~CONSD_BO~TRF_PB~IG_PD~NEWSF,YR~24-Q1-01_CL~ASTRA_TA~ONC_DS~THEIR2Low_MB~Neurexa_CU~DTC_CA~B_PH~CONSD_BO~TRF_PB~IG_CN~18225-9-120399_FF~THEIR2Low IG PurpleLab,AN~DTC Purple Lab_TG~RT_DE~A25-65A_MA~ntl_RG~USA_PH~CONSD_BO~TRF_PB~FB_PD~NEWSF,3138,3915,22,0,0,0,0,0,0,57.42,0,1.0,824,0,0,0,0,801,AST,DTC,2024-05-11
CM~Sponsored Ad3_CT~VID_VD~15s_PH~CONSD_BO~TRF_PB~IG_PD~NEWSF,YR~24-Q1-01_CL~ASTRA_TA~ONC_DS~THEIR2Low_MB~Neurexa_CU~DTC_CA~B_PH~CONSD_BO~TRF_PB~IG_CN~18225-9-120399_FF~THEIR2Low IG PurpleLab,AN~DTC Purple Lab_TG~RT_DE~A25-65A_MA~ntl_RG~USA_PH~CONSD_BO~TRF_PB~FB_PD~NEWSF,289,355,3,0,0,0,0,0,0,7.07,0,0.0,96,0,0,0,0,93,AST,DTC,2024-05-11
CM~CRM Ad_CT~VID_VD~15s_PH~CONSD_BO~TRF_PB~FB_PD~NEWSF,YR~24-Q1-01_CL~ASTRA_TA~ONC_DS~THEIR2+ 2L_MB~Neurexa_CU~DTC_CA~B_PH~CONSD_BO~TRF_PB~FB_CN~18224-9-120398_FF~THEIR2+ 2L Engagement + Video RTA,AN~Engagement RTA_TG~RT_DE~A25-65F_MA~ntl_RG~USA_PH~CONSD_BO~TRF_PB~FB_PD~NEWSF,8129,9795,102,0,0,0,0,0,0,70.32,0,0.0,799,0,0,0,0,697,BZS,DTC,2024-05-11
CM~Educate Ad 2_CT~VID_VD~15s_PH~CONSD_BO~TRF_PB~FB_PD~NEWSF,YR~24-Q1-01_CL~ASTRA_TA~ONC_DS~THEIR2+ 2L_MB~Neurexa_CU~DTC_CA~B_PH~CONSD_BO~TRF_PB~FB_CN~18224-9-120398_FF~THEIR2+ 2L Engagement + Video RTA,AN~Engagement RTA_TG~RT_DE~A25-65F_MA~ntl_RG~USA_PH~CONSD_BO~TRF_PB~FB_PD~NEWSF,936,1119,12,0,0,0,0,0,0,8.11,0,0.0,74,0,0,0,0,62,BZS,DTC,2024-05-11
CM~Educate Ad 3_CT~VID_VD~15s_PH~CONSD_BO~TRF_PB~FB_PD~NEWSF,YR~24-Q1-01_CL~ASTRA_TA~ONC_DS~THEIR2+ 2L_MB~Neurexa_CU~DTC_CA~B_PH~CONSD_BO~TRF_PB~FB_CN~18224-9-120398_FF~THEIR2+ 2L Engagement + Video RTA,AN~Engagement RTA_TG~RT_DE~A25-65F_MA~ntl_RG~USA_PH~CONSD_BO~TRF_PB~FB_PD~NEWSF,315,382,7,0,0,0,0,0,0,3.75,0,0.0,25,0,0,0,0,18,BZS,DTC,2024-05-11
CM~Results Ad_CT~VID_VD~15s_PH~CONSD_BO~TRF_PB~FB_PD~NEWSF,YR~24-Q1-01_CL~ASTRA_TA~ONC_DS~THEIR2+ 2L_MB~Neurexa_CU~DTC_CA~B_PH~CONSD_BO~TRF_PB~FB_CN~18224-9-120398_FF~THEIR2+ 2L Engagement + Video RTA,AN~Engagement RTA_TG~RT_DE~A25-65F_MA~ntl_RG~USA_PH~CONSD_BO~TRF_PB~FB_PD~NEWSF,2648,3036,31,0,0,0,0,0,0,19.27,0,0.0,246,0,0,0,0,215,BZS,DTC,2024-05-11
CM~Educate Ad 2_CT~VID_VD~15s_PH~CONSD_BO~TRF_PB~FB_PD~NEWSF,YR~24-Q1-01_CL~ASTRA_TA~ONC_DS~THEIR2+ 2L_MB~Neurexa_CU~DTC_CA~B_PH~CONSD_BO~TRF_PB~FB_CN~18224-9-120398_FF~THEIR2+ 2L Engagement + Video RTA,AN~Video RTA_TG~RT_DE~A25-65F_MA~ntl_RG~USA_PH~CONSD_BO~TRF_PB~FB_PD~NEWSF,34,39,0,0,0,0,0,0,0,0.26,0,0.0,10,0,0,0,0,10,BZS,DTC,2024-05-11
CM~Educate Ad 3_CT~VID_VD~15s_PH~CONSD_BO~TRF_PB~FB_PD~NEWSF,YR~24-Q1-01_CL~ASTRA_TA~ONC_DS~THEIR2+ 2L_MB~Neurexa_CU~DTC_CA~B_PH~CONSD_BO~TRF_PB~FB_CN~18224-9-120398_FF~THEIR2+ 2L Engagement + Video RTA,AN~Video RTA_TG~RT_DE~A25-65F_MA~ntl_RG~USA_PH~CONSD_BO~TRF_PB~FB_PD~NEWSF,4,6,0,0,0,0,0,0,0,0.04,0,0.0,0,0,0,0,0,0,BZS,DTC,2024-05-11
CM~CRM Ad_CT~VID_VD~15s_PH~CONSD_BO~TRF_PB~FB_PD~NEWSF - Copy,YR~24-Q1-01_CL~ASTRA_TA~ONC_DS~THEIR2+ 2L_MB~Neurexa_CU~DTC_CA~B_PH~CONSD_BO~TRF_PB~FB_CN~18224-9-120398_FF~THEIR2+ 2L Engagement + Video RTA,AN~Video RTA_TG~RT_DE~A25-65F_MA~ntl_RG~USA_PH~CONSD_BO~TRF_PB~FB_PD~NEWSF,406,616,0,0,0,0,0,0,0,4.86,0,0.0,64,0,0,0,0,64,BZS,DTC,2024-05-11
CM~Results Ad_CT~VID_VD~15s_PH~CONSD_BO~TRF_PB~FB_PD~NEWSF,YR~24-Q1-01_CL~ASTRA_TA~ONC_DS~THEIR2+ 2L_MB~Neurexa_CU~DTC_CA~B_PH~CONSD_BO~TRF_PB~FB_CN~18224-9-120398_FF~THEIR2+ 2L Engagement + Video RTA,AN~Video RTA_TG~RT_DE~A25-65F_MA~ntl_RG~USA_PH~CONSD_BO~TRF_PB~FB_PD~NEWSF,364,595,3,0,0,0,0,0,0,3.86,0,0.0,74,0,0,0,0,71,BZS,DTC,2024-05-11
CM~CRM Ad_CT~VID_VD~15s_PH~CONSD_BO~TRF_PB~FB_PD~NEWSF,YR~24-Q1-01_CL~ASTRA_TA~ONC_DS~THEIR2+ 2L_MB~Neurexa_CU~DTC_CA~B_PH~CONSD_BO~TRF_PB~FB_CN~18224-9-120398_FF~THEIR2+ 2L Engagement + Video RTA LAL,AN~Engagement RTA LAL_TG~RT_DE~A25-65F_MA~ntl_RG~USA_PH~CONSD_BO~TRF_PB~FB_PD~NEWSF,3931,4303,44,0,0,0,0,0,0,28.59,0,0.0,344,0,0,0,0,300,BZS,DTC,2024-05-11
CM~Educate Ad 2_CT~VID_VD~15s_PH~CONSD_BO~TRF_PB~FB_PD~NEWSF,YR~24-Q1-01_CL~ASTRA_TA~ONC_DS~THEIR2+ 2L_MB~Neurexa_CU~DTC_CA~B_PH~CONSD_BO~TRF_PB~FB_CN~18224-9-120398_FF~THEIR2+ 2L Engagement + Video RTA LAL,AN~Engagement RTA LAL_TG~RT_DE~A25-65F_MA~ntl_RG~USA_PH~CONSD_BO~TRF_PB~FB_PD~NEWSF,348,391,3,0,0,0,0,0,0,2.49,0,0.0,23,0,0,0,0,20,BZS,DTC,2024-05-11
CM~Educate Ad 3_CT~VID_VD~15s_PH~CONSD_BO~TRF_PB~FB_PD~NEWSF,YR~24-Q1-01_CL~ASTRA_TA~ONC_DS~THEIR2+ 2L_MB~Neurexa_CU~DTC_CA~B_PH~CONSD_BO~TRF_PB~FB_CN~18224-9-120398_FF~THEIR2+ 2L Engagement + Video RTA LAL,AN~Engagement RTA LAL_TG~RT_DE~A25-65F_MA~ntl_RG~USA_PH~CONSD_BO~TRF_PB~FB_PD~NEWSF,63,69,3,0,0,0,0,0,0,0.99,0,0.0,6,0,0,0,0,3,BZS,DTC,2024-05-11
CM~Results Ad_CT~VID_VD~15s_PH~CONSD_BO~TRF_PB~FB_PD~NEWSF,YR~24-Q1-01_CL~ASTRA_TA~ONC_DS~THEIR2+ 2L_MB~Neurexa_CU~DTC_CA~B_PH~CONSD_BO~TRF_PB~FB_CN~18224-9-120398_FF~THEIR2+ 2L Engagement + Video RTA LAL,AN~Engagement RTA LAL_TG~RT_DE~A25-65F_MA~ntl_RG~USA_PH~CONSD_BO~TRF_PB~FB_PD~NEWSF,718,777,4,0,0,0,0,0,0,5.09,0,0.0,43,0,0,0,0,39,BZS,DTC,2024-05-11
CM~CRM Ad_CT~VID_VD~15s_PH~CONSD_BO~TRF_PB~FB_PD~NEWSF,YR~24-Q1-01_CL~ASTRA_TA~ONC_DS~THEIR2+ 2L_MB~Neurexa_CU~DTC_CA~B_PH~CONSD_BO~TRF_PB~FB_CN~18224-9-120398_FF~THEIR2+ 2L Engagement + Video RTA LAL,AN~Video RTA LAL_TG~RT_DE~A25-65F_MA~ntl_RG~USA_PH~CONSD_BO~TRF_PB~FB_PD~NEWSF,4804,5273,54,0,0,0,0,0,0,34.15,0,0.0,388,0,0,0,0,334,BZS,DTC,2024-05-11
CM~Educate Ad 2_CT~VID_VD~15s_PH~CONSD_BO~TRF_PB~FB_PD~NEWSF,YR~24-Q1-01_CL~ASTRA_TA~ONC_DS~THEIR2+ 2L_MB~Neurexa_CU~DTC_CA~B_PH~CONSD_BO~TRF_PB~FB_CN~18224-9-120398_FF~THEIR2+ 2L Engagement + Video RTA LAL,AN~Video RTA LAL_TG~RT_DE~A25-65F_MA~ntl_RG~USA_PH~CONSD_BO~TRF_PB~FB_PD~NEWSF,324,361,4,0,0,0,0,0,0,2.21,0,0.0,18,0,0,0,0,14,BZS,DTC,2024-05-11
CM~Educate Ad 3_CT~VID_VD~15s_PH~CONSD_BO~TRF_PB~FB_PD~NEWSF,YR~24-Q1-01_CL~ASTRA_TA~ONC_DS~THEIR2+ 2L_MB~Neurexa_CU~DTC_CA~B_PH~CONSD_BO~TRF_PB~FB_CN~18224-9-120398_FF~THEIR2+ 2L Engagement + Video RTA LAL,AN~Video RTA LAL_TG~RT_DE~A25-65F_MA~ntl_RG~USA_PH~CONSD_BO~TRF_PB~FB_PD~NEWSF,189,210,2,0,0,0,0,0,0,1.62,0,0.0,14,0,0,0,0,12,BZS,DTC,2024-05-11
CM~Results Ad_CT~VID_VD~15s_PH~CONSD_BO~TRF_PB~FB_PD~NEWSF,YR~24-Q1-01_CL~ASTRA_TA~ONC_DS~THEIR2+ 2L_MB~Neurexa_CU~DTC_CA~B_PH~CONSD_BO~TRF_PB~FB_CN~18224-9-120398_FF~THEIR2+ 2L Engagement + Video RTA LAL,AN~Video RTA LAL_TG~RT_DE~A25-65F_MA~ntl_RG~USA_PH~CONSD_BO~TRF_PB~FB_PD~NEWSF,5013,6034,75,0,0,0,0,0,0,35.83,0,0.0,415,0,0,0,0,340,BZS,DTC,2024-05-11
CM~CRM Ad_CT~VID_VD~15s_PH~CONSD_BO~TRF_PB~FB_PD~NEWSF,YR~24-Q1-01_CL~ASTRA_TA~ONC_DS~THEIR2+ 2L_MB~Neurexa_CU~DTC_CA~B_PH~CONSD_BO~TRF_PB~FB_CN~18224-9-120398_FF~THEIR2+ 2L FB PurpleLab,AN~DTC Purple Lab_TG~RT_DE~A25-65A_MA~ntl_RG~USA_PH~CONSD_BO~TRF_PB~FB_PD~NEWSF,7994,9806,100,0,0,0,0,0,0,67.89,0,0.0,921,0,0,0,0,821,BZS,DTC,2024-05-11
CM~Educate Ad 2_CT~VID_VD~15s_PH~CONSD_BO~TRF_PB~FB_PD~NEWSF,YR~24-Q1-01_CL~ASTRA_TA~ONC_DS~THEIR2+ 2L_MB~Neurexa_CU~DTC_CA~B_PH~CONSD_BO~TRF_PB~FB_CN~18224-9-120398_FF~THEIR2+ 2L FB PurpleLab,AN~DTC Purple Lab_TG~RT_DE~A25-65A_MA~ntl_RG~USA_PH~CONSD_BO~TRF_PB~FB_PD~NEWSF,644,799,1,0,0,0,0,0,0,4.63,0,0.0,53,0,0,0,0,52,BZS,DTC,2024-05-11
CM~Educate Ad 3_CT~VID_VD~15s_PH~CONSD_BO~TRF_PB~FB_PD~NEWSF,YR~24-Q1-01_CL~ASTRA_TA~ONC_DS~THEIR2+ 2L_MB~Neurexa_CU~DTC_CA~B_PH~CONSD_BO~TRF_PB~FB_CN~18224-9-120398_FF~THEIR2+ 2L FB PurpleLab,AN~DTC Purple Lab_TG~RT_DE~A25-65A_MA~ntl_RG~USA_PH~CONSD_BO~TRF_PB~FB_PD~NEWSF,192,232,2,0,0,0,0,0,0,1.58,0,0.0,24,0,0,0,0,22,BZS,DTC,2024-05-11
CM~Results Ad_CT~VID_VD~15s_PH~CONSD_BO~TRF_PB~FB_PD~NEWSF,YR~24-Q1-01_CL~ASTRA_TA~ONC_DS~THEIR2+ 2L_MB~Neurexa_CU~DTC_CA~B_PH~CONSD_BO~TRF_PB~FB_CN~18224-9-120398_FF~THEIR2+ 2L FB PurpleLab,AN~DTC Purple Lab_TG~RT_DE~A25-65A_MA~ntl_RG~USA_PH~CONSD_BO~TRF_PB~FB_PD~NEWSF,4646,5697,36,0,0,0,0,0,0,35.6,0,0.0,536,0,0,0,0,500,BZS,DTC,2024-05-11
CM~CRM Ad_CT~VID_VD~15s_PH~CONSD_BO~TRF_PB~FB_PD~NEWSF,YR~24-Q1-01_CL~ASTRA_TA~ONC_DS~THEIR2+ 2L_MB~Neurexa_CU~DTC_CA~B_PH~CONSD_BO~TRF_PB~FB_CN~18224-9-120398_FF~THEIR2+ 2L Pixel LAL,AN~Pixel LAL_TG~LAL_DE~A25-65F_MA~ntl_RG~USA_PH~CONSD_BO~TRF_PB~FB_PD~NEWSF,9903,11460,94,0,0,0,0,0,0,70.51,0,0.0,1058,0,0,0,0,964,BZS,DTC,2024-05-11
CM~Educate Ad 2_CT~VID_VD~15s_PH~CONSD_BO~TRF_PB~FB_PD~NEWSF,YR~24-Q1-01_CL~ASTRA_TA~ONC_DS~THEIR2+ 2L_MB~Neurexa_CU~DTC_CA~B_PH~CONSD_BO~TRF_PB~FB_CN~18224-9-120398_FF~THEIR2+ 2L Pixel LAL,AN~Pixel LAL_TG~LAL_DE~A25-65F_MA~ntl_RG~USA_PH~CONSD_BO~TRF_PB~FB_PD~NEWSF,1073,1354,9,0,0,0,0,0,0,5.13,0,0.0,98,0,0,0,0,89,BZS,DTC,2024-05-11
CM~Educate Ad 3_CT~VID_VD~15s_PH~CONSD_BO~TRF_PB~FB_PD~NEWSF,YR~24-Q1-01_CL~ASTRA_TA~ONC_DS~THEIR2+ 2L_MB~Neurexa_CU~DTC_CA~B_PH~CONSD_BO~TRF_PB~FB_CN~18224-9-120398_FF~THEIR2+ 2L Pixel LAL,AN~Pixel LAL_TG~LAL_DE~A25-65F_MA~ntl_RG~USA_PH~CONSD_BO~TRF_PB~FB_PD~NEWSF,366,425,8,0,0,0,0,0,0,1.98,0,0.0,34,0,0,0,0,26,BZS,DTC,2024-05-11
CM~Results Ad_CT~VID_VD~15s_PH~CONSD_BO~TRF_PB~FB_PD~NEWSF,YR~24-Q1-01_CL~ASTRA_TA~ONC_DS~THEIR2+ 2L_MB~Neurexa_CU~DTC_CA~B_PH~CONSD_BO~TRF_PB~FB_CN~18224-9-120398_FF~THEIR2+ 2L Pixel LAL,AN~Pixel LAL_TG~LAL_DE~A25-65F_MA~ntl_RG~USA_PH~CONSD_BO~TRF_PB~FB_PD~NEWSF,4033,4843,34,0,0,0,0,0,0,24.91,0,0.0,416,0,0,0,0,382,BZS,DTC,2024-05-11
CM~CRM Ad_CT~VID_VD~15s_PH~CONSD_BO~TRF_PB~FB_PD~NEWSF,YR~24-Q1-01_CL~ASTRA_TA~ONC_DS~THEIR2+ 2L_MB~Neurexa_CU~DTC_CA~B_PH~CONSD_BO~TRF_PB~FB_CN~18224-9-120398_FF~THEIR2+ 2L Pixel LAL,AN~Pixel Search LAL_TG~LAL_DE~A25-65F_MA~ntl_RG~USA_PH~CONSD_BO~TRF_PB~FB_PD~NEWSF,785,849,11,0,0,0,0,0,0,5.18,0,0.0,79,0,0,0,0,68,BZS,DTC,2024-05-11
CM~Educate Ad 2_CT~VID_VD~15s_PH~CONSD_BO~TRF_PB~FB_PD~NEWSF,YR~24-Q1-01_CL~ASTRA_TA~ONC_DS~THEIR2+ 2L_MB~Neurexa_CU~DTC_CA~B_PH~CONSD_BO~TRF_PB~FB_CN~18224-9-120398_FF~THEIR2+ 2L Pixel LAL,AN~Pixel Search LAL_TG~LAL_DE~A25-65F_MA~ntl_RG~USA_PH~CONSD_BO~TRF_PB~FB_PD~NEWSF,67,72,0,0,0,0,0,0,0,0.42,0,0.0,3,0,0,0,0,3,BZS,DTC,2024-05-11
CM~Educate Ad 3_CT~VID_VD~15s_PH~CONSD_BO~TRF_PB~FB_PD~NEWSF,YR~24-Q1-01_CL~ASTRA_TA~ONC_DS~THEIR2+ 2L_MB~Neurexa_CU~DTC_CA~B_PH~CONSD_BO~TRF_PB~FB_CN~18224-9-120398_FF~THEIR2+ 2L Pixel LAL,AN~Pixel Search LAL_TG~LAL_DE~A25-65F_MA~ntl_RG~USA_PH~CONSD_BO~TRF_PB~FB_PD~NEWSF,11,11,1,0,0,0,0,0,0,0.27,0,0.0,1,0,0,0,0,0,BZS,DTC,2024-05-11
CM~Results Ad_CT~VID_VD~15s_PH~CONSD_BO~TRF_PB~FB_PD~NEWSF,YR~24-Q1-01_CL~ASTRA_TA~ONC_DS~THEIR2+ 2L_MB~Neurexa_CU~DTC_CA~B_PH~CONSD_BO~TRF_PB~FB_CN~18224-9-120398_FF~THEIR2+ 2L Pixel LAL,AN~Pixel Search LAL_TG~LAL_DE~A25-65F_MA~ntl_RG~USA_PH~CONSD_BO~TRF_PB~FB_PD~NEWSF,246,272,2,0,0,0,0,0,0,1.56,0,0.0,23,0,0,0,0,21,BZS,DTC,2024-05-11
CM~CRM Ad_CT~VID_VD~15s_PH~CONSD_BO~TRF_PB~FB_PD~NEWSF,YR~24-Q1-01_CL~ASTRA_TA~ONC_DS~THEIR2+ 2L_MB~Neurexa_CU~DTC_CA~B_PH~CONSD_BO~TRF_PB~FB_CN~18224-9-120398_FF~THEIR2+ 2L Pixel RTA,AN~Pixel RTA_TG~RT_DE~A25-65F_MA~ntl_RG~USA_PH~CONSD_BO~TRF_PB~FB_PD~NEWSF,3619,4989,63,0,0,0,0,0,0,49.18,0,0.0,529,0,0,0,0,466,BZS,DTC,2024-05-11
CM~Educate Ad2_CT~VID_VD~15s_PH~CONSD_BO~TRF_PB~FB_PD~NEWSF,YR~24-Q1-01_CL~ASTRA_TA~ONC_DS~THEIR2+ 2L_MB~Neurexa_CU~DTC_CA~B_PH~CONSD_BO~TRF_PB~FB_CN~18224-9-120398_FF~THEIR2+ 2L Pixel RTA,AN~Pixel RTA_TG~RT_DE~A25-65F_MA~ntl_RG~USA_PH~CONSD_BO~TRF_PB~FB_PD~NEWSF,895,1403,11,0,0,0,0,0,0,11.75,0,0.0,163,0,0,0,0,152,BZS,DTC,2024-05-11
CM~Educate Ad3_CT~VID_VD~15s_PH~CONSD_BO~TRF_PB~FB_PD~NEWSF,YR~24-Q1-01_CL~ASTRA_TA~ONC_DS~THEIR2+ 2L_MB~Neurexa_CU~DTC_CA~B_PH~CONSD_BO~TRF_PB~FB_CN~18224-9-120398_FF~THEIR2+ 2L Pixel RTA,AN~Pixel RTA_TG~RT_DE~A25-65F_MA~ntl_RG~USA_PH~CONSD_BO~TRF_PB~FB_PD~NEWSF,202,271,1,0,0,0,0,0,0,2.05,0,0.0,21,0,0,0,0,20,BZS,DTC,2024-05-11
CM~Results Ad_CT~VID_VD~15s_PH~CONSD_BO~TRF_PB~FB_PD~NEWSF,YR~24-Q1-01_CL~ASTRA_TA~ONC_DS~THEIR2+ 2L_MB~Neurexa_CU~DTC_CA~B_PH~CONSD_BO~TRF_PB~FB_CN~18224-9-120398_FF~THEIR2+ 2L Pixel RTA,AN~Pixel RTA_TG~RT_DE~A25-65F_MA~ntl_RG~USA_PH~CONSD_BO~TRF_PB~FB_PD~NEWSF,3281,4911,41,0,0,0,0,0,0,37.24,0,0.0,543,0,0,0,0,502,BZS,DTC,2024-05-11
CM~CRM Ad_CT~VID_VD~15s_PH~CONSD_BO~TRF_PB~FB_PD~NEWSF,YR~24-Q1-01_CL~ASTRA_TA~ONC_DS~THEIR2+ 2L_MB~Neurexa_CU~DTC_CA~B_PH~CONSD_BO~TRF_PB~FB_CN~18224-9-120398_FF~THEIR2+ 2L Pixel RTA,AN~Pixel Search RTA_TG~RT_DE~A25-65F_MA~ntl_RG~USA_PH~CONSD_BO~TRF_PB~FB_PD~NEWSF,589,888,4,0,0,0,0,0,0,8.91,0,0.0,81,0,0,0,0,77,BZS,DTC,2024-05-11
CM~SecondLineDressAd1_CT~VID_VD~15s_PH~CONSD_BO~TRF_PB~IG_PD~NEWSF,YR~24-Q1-01_CL~ASTRA_TA~ONC_DS~THEIR2+ 2L_MB~Neurexa_CU~DTC_CA~B_PH~CONSD_BO~TRF_PB~IG_CN~18224-9-120398_FF~THEIR2+ 2L IG Engagement + Video RTA LAL,AN~Engagement RTA LAL_TG~LAL_DE~A25-65F_MA~ntl_RG~USA_PH~CONSD_BO~TRF_PB~IG_PD~NEWSF,728,775,4,0,0,0,0,0,0,9.72,0,1.0,239,0,0,0,0,234,BZS,DTC,2024-05-11
CM~SecondLineWhiteFrameAd2_CT~VID_VD~15s_PH~CONSD_BO~TRF_PB~IG_PD~NEWSF,YR~24-Q1-01_CL~ASTRA_TA~ONC_DS~THEIR2+ 2L_MB~Neurexa_CU~DTC_CA~B_PH~CONSD_BO~TRF_PB~IG_CN~18224-9-120398_FF~THEIR2+ 2L IG Engagement + Video RTA LAL,AN~Engagement RTA LAL_TG~LAL_DE~A25-65F_MA~ntl_RG~USA_PH~CONSD_BO~TRF_PB~IG_PD~NEWSF,42,44,0,0,0,0,0,0,0,0.81,0,0.0,14,0,0,0,0,14,BZS,DTC,2024-05-11
CM~SecondLineDressAd1_CT~VID_VD~15s_PH~CONSD_BO~TRF_PB~IG_PD~NEWSF,YR~24-Q1-01_CL~ASTRA_TA~ONC_DS~THEIR2+ 2L_MB~Neurexa_CU~DTC_CA~B_PH~CONSD_BO~TRF_PB~IG_CN~18224-9-120398_FF~THEIR2+ 2L IG Engagement + Video RTA LAL,AN~Video RTA LAL_TG~LAL_DE~A25-65F_MA~ntl_RG~USA_PH~CONSD_BO~TRF_PB~IG_PD~NEWSF,1792,1933,27,0,0,0,0,0,0,23.14,0,2.0,581,0,0,0,0,552,BZS,DTC,2024-05-11
CM~SecondLineWhiteFrameAd2_CT~VID_VD~15s_PH~CONSD_BO~TRF_PB~IG_PD~NEWSF,YR~24-Q1-01_CL~ASTRA_TA~ONC_DS~THEIR2+ 2L_MB~Neurexa_CU~DTC_CA~B_PH~CONSD_BO~TRF_PB~IG_CN~18224-9-120398_FF~THEIR2+ 2L IG Engagement + Video RTA LAL,AN~Video RTA LAL_TG~LAL_DE~A25-65F_MA~ntl_RG~USA_PH~CONSD_BO~TRF_PB~IG_PD~NEWSF,169,178,2,0,0,0,0,0,0,2.52,0,1.0,43,0,0,0,0,40,BZS,DTC,2024-05-11
CM~SecondLineDressAd1_CT~VID_VD~15s_PH~CONSD_BO~TRF_PB~IG_PD~NEWSF,YR~24-Q1-01_CL~ASTRA_TA~ONC_DS~THEIR2+ 2L_MB~Neurexa_CU~DTC_CA~B_PH~CONSD_BO~TRF_PB~IG_CN~18224-9-120398_FF~THEIR2+ 2L IG Pixel LAL,AN~Pixel LAL_TG~LAL_DE~A25-65F_MA~ntl_RG~USA_PH~CONSD_BO~TRF_PB~IG_PD~NEWSF,1414,1711,12,0,0,0,0,0,0,26.0,0,1.0,429,0,0,0,0,416,BZS,DTC,2024-05-11
CM~SecondLineWhiteFrameAd2_CT~VID_VD~15s_PH~CONSD_BO~TRF_PB~IG_PD~NEWSF,YR~24-Q1-01_CL~ASTRA_TA~ONC_DS~THEIR2+ 2L_MB~Neurexa_CU~DTC_CA~B_PH~CONSD_BO~TRF_PB~IG_CN~18224-9-120398_FF~THEIR2+ 2L IG Pixel LAL,AN~Pixel LAL_TG~LAL_DE~A25-65F_MA~ntl_RG~USA_PH~CONSD_BO~TRF_PB~IG_PD~NEWSF,396,469,6,0,0,0,0,0,0,10.71,0,2.0,137,0,0,0,0,129,BZS,DTC,2024-05-11
CM~SecondLineDressAd1_CT~VID_VD~15s_PH~CONSD_BO~TRF_PB~IG_PD~NEWSF,YR~24-Q1-01_CL~ASTRA_TA~ONC_DS~THEIR2+ 2L_MB~Neurexa_CU~DTC_CA~B_PH~CONSD_BO~TRF_PB~IG_CN~18224-9-120398_FF~THEIR2+ 2L IG Pixel LAL,AN~Pixel Search LAL_TG~LAL_DE~A25-65F_MA~ntl_RG~USA_PH~CONSD_BO~TRF_PB~IG_PD~NEWSF,2,2,0,0,0,0,0,0,0,0.03,0,0.0,1,0,0,0,0,1,BZS,DTC,2024-05-11
CM~SecondLineWhiteFrameAd2_CT~VID_VD~15s_PH~CONSD_BO~TRF_PB~IG_PD~NEWSF,YR~24-Q1-01_CL~ASTRA_TA~ONC_DS~THEIR2+ 2L_MB~Neurexa_CU~DTC_CA~B_PH~CONSD_BO~TRF_PB~IG_CN~18224-9-120398_FF~THEIR2+ 2L IG Pixel LAL,AN~Pixel Search LAL_TG~LAL_DE~A25-65F_MA~ntl_RG~USA_PH~CONSD_BO~TRF_PB~IG_PD~NEWSF,1,1,0,0,0,0,0,0,0,0.0,0,0.0,0,0,0,0,0,0,BZS,DTC,2024-05-11
CM~SecondLineDressAd1_CT~VID_VD~15s_PH~CONSD_BO~TRF_PB~IG_PD~NEWSF,YR~24-Q1-01_CL~ASTRA_TA~ONC_DS~THEIR2+ 2L_MB~Neurexa_CU~DTC_CA~B_PH~CONSD_BO~TRF_PB~IG_CN~18224-9-120398_FF~THEIR2+ 2L IG Pixel RTA,AN~Pixel RTA_TG~LAL_DE~A25-65F_MA~ntl_RG~USA_PH~CONSD_BO~TRF_PB~IG_PD~NEWSF,798,1128,11,0,0,0,0,0,0,19.36,0,1.0,203,0,0,0,0,191,BZS,DTC,2024-05-11
CM~SecondLineWhiteFrameAd2_CT~VID_VD~15s_PH~CONSD_BO~TRF_PB~IG_PD~NEWSF,YR~24-Q1-01_CL~ASTRA_TA~ONC_DS~THEIR2+ 2L_MB~Neurexa_CU~DTC_CA~B_PH~CONSD_BO~TRF_PB~IG_CN~18224-9-120398_FF~THEIR2+ 2L IG Pixel RTA,AN~Pixel RTA_TG~LAL_DE~A25-65F_MA~ntl_RG~USA_PH~CONSD_BO~TRF_PB~IG_PD~NEWSF,453,628,16,0,0,0,0,0,0,13.64,0,1.0,157,0,0,0,0,140,BZS,DTC,2024-05-11
CM~SecondLineDressAd1_CT~VID_VD~15s_PH~CONSD_BO~TRF_PB~IG_PD~NEWSF,YR~24-Q1-01_CL~ASTRA_TA~ONC_DS~THEIR2+ 2L_MB~Neurexa_CU~DTC_CA~B_PH~CONSD_BO~TRF_PB~IG_CN~18224-9-120398_FF~THEIR2+ 2L IG Pixel RTA,AN~Pixel Search RTA_TG~LAL_DE~A25-65F_MA~ntl_RG~USA_PH~CONSD_BO~TRF_PB~IG_PD~NEWSF,104,131,0,0,0,0,0,0,0,2.45,0,0.0,30,0,0,0,0,30,BZS,DTC,2024-05-11
CM~SecondLineWhiteFrameAd2_CT~VID_VD~15s_PH~CONSD_BO~TRF_PB~IG_PD~NEWSF,YR~24-Q1-01_CL~ASTRA_TA~ONC_DS~THEIR2+ 2L_MB~Neurexa_CU~DTC_CA~B_PH~CONSD_BO~TRF_PB~IG_CN~18224-9-120398_FF~THEIR2+ 2L IG Pixel RTA,AN~Pixel Search RTA_TG~LAL_DE~A25-65F_MA~ntl_RG~USA_PH~CONSD_BO~TRF_PB~IG_PD~NEWSF,66,78,0,0,0,0,0,0,0,2.1,0,0.0,18,0,0,0,0,18,BZS,DTC,2024-05-11
CM~SecondLineDressAd1_CT~VID_VD~15s_PH~CONSD_BO~TRF_PB~IG_PD~NEWSF,YR~24-Q1-01_CL~ASTRA_TA~ONC_DS~THEIR2+ 2L_MB~Neurexa_CU~DTC_CA~B_PH~CONSD_BO~TRF_PB~IG_CN~18224-9-120398_FF~THEIR2+ 2L IG PurpleLab,AN~DTC Purple Lab_TG~RT_DE~A25-65A_MA~ntl_RG~USA_PH~CONSD_BO~TRF_PB~FB_PD~NEWSF,1326,1603,9,0,0,0,0,0,0,25.89,0,3.0,376,0,0,0,0,364,BZS,DTC,2024-05-11
CM~SecondLineWhiteFrameAd2_CT~VID_VD~15s_PH~CONSD_BO~TRF_PB~IG_PD~NEWSF,YR~24-Q1-01_CL~ASTRA_TA~ONC_DS~THEIR2+ 2L_MB~Neurexa_CU~DTC_CA~B_PH~CONSD_BO~TRF_PB~IG_CN~18224-9-120398_FF~THEIR2+ 2L IG PurpleLab,AN~DTC Purple Lab_TG~RT_DE~A25-65A_MA~ntl_RG~USA_PH~CONSD_BO~TRF_PB~FB_PD~NEWSF,494,599,1,0,0,0,0,0,0,10.98,0,0.0,150,0,0,0,0,149,BZS,DTC,2024-05-11
CM~Spon. Ad 1_CT~VID_VD~15s_PH~CONV_BO~TRF_PB~FB_PD~NEWSF,YR~24-Q1-01_CL~ASTRA_TA~ONC_DS~THEIR2Low_MB~Neurexa_CU~DTC_CA~B_PH~CONSD_BO~TRF_PB~FB_CN~18225-9-120399_FF~THEIR2Low FB PurpleLab,AN~DTC Purple Lab_TG~RT_DE~A25-65A_MA~ntl_RG~USA_PH~CONSD_BO~TRF_PB~FB_PD~NEWSF,10252,12786,117,0,0,0,0,0,0,87.39,0,0.0,1608,0,0,0,0,1491,AST,DTC,2024-05-12
CM~Spon. Ad 2_CT~VID_VD~15s_PH~CONV_BO~TRF_PB~FB_PD~NEWSF,YR~24-Q1-01_CL~ASTRA_TA~ONC_DS~THEIR2Low_MB~Neurexa_CU~DTC_CA~B_PH~CONSD_BO~TRF_PB~FB_CN~18225-9-120399_FF~THEIR2Low FB PurpleLab,AN~DTC Purple Lab_TG~RT_DE~A25-65A_MA~ntl_RG~USA_PH~CONSD_BO~TRF_PB~FB_PD~NEWSF,48,51,0,0,0,0,0,0,0,0.33,0,0.0,3,0,0,0,0,3,AST,DTC,2024-05-12
CM~Spon. Ad 3_CT~VID_VD~30s_PH~CONV_BO~TRF_PB~FB_PD~NEWSF,YR~24-Q1-01_CL~ASTRA_TA~ONC_DS~THEIR2Low_MB~Neurexa_CU~DTC_CA~B_PH~CONSD_BO~TRF_PB~FB_CN~18225-9-120399_FF~THEIR2Low FB PurpleLab,AN~DTC Purple Lab_TG~RT_DE~A25-65A_MA~ntl_RG~USA_PH~CONSD_BO~TRF_PB~FB_PD~NEWSF,9858,12865,77,0,0,0,0,0,0,77.72,0,0.0,916,0,0,0,0,839,AST,DTC,2024-05-12
CM~Spon. Ad 1_CT~VID_VD~15s_PH~CONV_BO~TRF_PB~FB_PD~NEWSF,YR~24-Q1-01_CL~ASTRA_TA~ONC_DS~THEIR2Low_MB~Neurexa_CU~DTC_CA~B_PH~CONSD_BO~TRF_PB~FB_CN~18225-9-120399_FF~THEIR2Low Pixel RTA,AN~Engagement RTA_TG~RT_DE~A25-65F_MA~ntl_RG~USA_PH~CONSD_BO~TRF_PB~FB_PD~NEWSF,9308,11435,126,0,0,0,0,0,0,75.91,0,0.0,1094,0,0,0,0,968,AST,DTC,2024-05-12
CM~Spon. Ad 2_CT~VID_VD~15s_PH~CONV_BO~TRF_PB~FB_PD~NEWSF,YR~24-Q1-01_CL~ASTRA_TA~ONC_DS~THEIR2Low_MB~Neurexa_CU~DTC_CA~B_PH~CONSD_BO~TRF_PB~FB_CN~18225-9-120399_FF~THEIR2Low Pixel RTA,AN~Engagement RTA_TG~RT_DE~A25-65F_MA~ntl_RG~USA_PH~CONSD_BO~TRF_PB~FB_PD~NEWSF,727,757,5,0,0,0,0,0,0,4.8100000000000005,0,0.0,62,0,0,0,0,57,AST,DTC,2024-05-12
CM~Spon. Ad 3_CT~VID_VD~30s_PH~CONV_BO~TRF_PB~FB_PD~NEWSF,YR~24-Q1-01_CL~ASTRA_TA~ONC_DS~THEIR2Low_MB~Neurexa_CU~DTC_CA~B_PH~CONSD_BO~TRF_PB~FB_CN~18225-9-120399_FF~THEIR2Low Pixel RTA,AN~Engagement RTA_TG~RT_DE~A25-65F_MA~ntl_RG~USA_PH~CONSD_BO~TRF_PB~FB_PD~NEWSF,13258,17931,154,0,0,0,0,0,0,108.3,0,0.0,1193,0,0,0,0,1039,AST,DTC,2024-05-12
CM~Spon. Ad 1_CT~VID_VD~15s_PH~CONV_BO~TRF_PB~FB_PD~NEWSF,YR~24-Q1-01_CL~ASTRA_TA~ONC_DS~THEIR2Low_MB~Neurexa_CU~DTC_CA~B_PH~CONSD_BO~TRF_PB~FB_CN~18225-9-120399_FF~THEIR2Low Pixel RTA,AN~Pixel RTA_TG~RT_DE~A25-65F_MA~ntl_RG~USA_PH~CONSD_BO~TRF_PB~FB_PD~NEWSF,469,730,3,0,0,0,0,0,0,7.22,0,0.0,67,0,0,0,0,64,AST,DTC,2024-05-12
CM~Spon. Ad 2_CT~VID_VD~15s_PH~CONV_BO~TRF_PB~FB_PD~NEWSF,YR~24-Q1-01_CL~ASTRA_TA~ONC_DS~THEIR2Low_MB~Neurexa_CU~DTC_CA~B_PH~CONSD_BO~TRF_PB~FB_CN~18225-9-120399_FF~THEIR2Low Pixel RTA,AN~Pixel RTA_TG~RT_DE~A25-65F_MA~ntl_RG~USA_PH~CONSD_BO~TRF_PB~FB_PD~NEWSF,5,5,0,0,0,0,0,0,0,0.04,0,0.0,0,0,0,0,0,0,AST,DTC,2024-05-12
CM~Spon. Ad 1_CT~VID_VD~15s_PH~CONV_BO~TRF_PB~FB_PD~NEWSF,YR~24-Q1-01_CL~ASTRA_TA~ONC_DS~THEIR2Low_MB~Neurexa_CU~DTC_CA~B_PH~CONSD_BO~TRF_PB~FB_CN~18225-9-120399_FF~THEIR2Low Pixel RTA,AN~Pixel Search RTA_TG~RT_DE~A25-65F_MA~ntl_RG~USA_PH~CONSD_BO~TRF_PB~FB_PD~NEWSF,188,218,1,0,0,0,0,0,0,2.54,0,0.0,17,0,0,0,0,16,AST,DTC,2024-05-12
CM~Spon. Ad 2_CT~VID_VD~15s_PH~CONV_BO~TRF_PB~FB_PD~NEWSF,YR~24-Q1-01_CL~ASTRA_TA~ONC_DS~THEIR2Low_MB~Neurexa_CU~DTC_CA~B_PH~CONSD_BO~TRF_PB~FB_CN~18225-9-120399_FF~THEIR2Low Pixel RTA,AN~Pixel Search RTA_TG~RT_DE~A25-65F_MA~ntl_RG~USA_PH~CONSD_BO~TRF_PB~FB_PD~NEWSF,26,27,0,0,0,0,0,0,0,0.37,0,0.0,2,0,0,0,0,2,AST,DTC,2024-05-12
CM~Spon. Ad 3_CT~VID_VD~30s_PH~CONV_BO~TRF_PB~FB_PD~NEWSF,YR~24-Q1-01_CL~ASTRA_TA~ONC_DS~THEIR2Low_MB~Neurexa_CU~DTC_CA~B_PH~CONSD_BO~TRF_PB~FB_CN~18225-9-120399_FF~THEIR2Low Pixel RTA,AN~Pixel Search RTA_TG~RT_DE~A25-65F_MA~ntl_RG~USA_PH~CONSD_BO~TRF_PB~FB_PD~NEWSF,330,440,8,0,0,0,0,0,0,4.45,0,0.0,42,0,0,0,0,34,AST,DTC,2024-05-12
CM~Spon. Ad 1_CT~VID_VD~15s_PH~CONV_BO~TRF_PB~FB_PD~NEWSF,YR~24-Q1-01_CL~ASTRA_TA~ONC_DS~THEIR2Low_MB~Neurexa_CU~DTC_CA~B_PH~CONSD_BO~TRF_PB~FB_CN~18225-9-120399_FF~THEIR2Low Pixel RTA LAL,AN~Engagement RTA LAL_TG~LAL_DE~A25-65F_MA~ntl_RG~USA_PH~CONSD_BO~TRF_PB~FB_PD~NEWSF - Copy,3674,3936,34,0,0,0,0,0,0,21.99,0,0.0,357,0,0,0,0,323,AST,DTC,2024-05-12
CM~Spon. Ad 2_CT~VID_VD~15s_PH~CONV_BO~TRF_PB~FB_PD~NEWSF,YR~24-Q1-01_CL~ASTRA_TA~ONC_DS~THEIR2Low_MB~Neurexa_CU~DTC_CA~B_PH~CONSD_BO~TRF_PB~FB_CN~18225-9-120399_FF~THEIR2Low Pixel RTA LAL,AN~Engagement RTA LAL_TG~LAL_DE~A25-65F_MA~ntl_RG~USA_PH~CONSD_BO~TRF_PB~FB_PD~NEWSF - Copy,681,703,10,0,0,0,0,0,0,3.84,0,0.0,65,0,0,0,0,55,AST,DTC,2024-05-12
CM~Spon. Ad 3_CT~VID_VD~30s_PH~CONV_BO~TRF_PB~FB_PD~NEWSF,YR~24-Q1-01_CL~ASTRA_TA~ONC_DS~THEIR2Low_MB~Neurexa_CU~DTC_CA~B_PH~CONSD_BO~TRF_PB~FB_CN~18225-9-120399_FF~THEIR2Low Pixel RTA LAL,AN~Engagement RTA LAL_TG~LAL_DE~A25-65F_MA~ntl_RG~USA_PH~CONSD_BO~TRF_PB~FB_PD~NEWSF - Copy,24774,30173,274,0,0,0,0,0,0,163.32,0,0.0,1928,0,0,0,0,1654,AST,DTC,2024-05-12
CM~Spon. Ad 1_CT~VID_VD~15s_PH~CONV_BO~TRF_PB~FB_PD~NEWSF,YR~24-Q1-01_CL~ASTRA_TA~ONC_DS~THEIR2Low_MB~Neurexa_CU~DTC_CA~B_PH~CONSD_BO~TRF_PB~FB_CN~18225-9-120399_FF~THEIR2Low Pixel RTA LAL,AN~Pixel RTA LAL_TG~LAL_DE~A25-65F_MA~ntl_RG~USA_PH~CONSD_BO~TRF_PB~FB_PD~NEWSF,831,872,6,0,0,0,0,0,0,5.71,0,0.0,89,0,0,0,0,83,AST,DTC,2024-05-12
CM~Spon. Ad 2_CT~VID_VD~15s_PH~CONV_BO~TRF_PB~FB_PD~NEWSF,YR~24-Q1-01_CL~ASTRA_TA~ONC_DS~THEIR2Low_MB~Neurexa_CU~DTC_CA~B_PH~CONSD_BO~TRF_PB~FB_CN~18225-9-120399_FF~THEIR2Low Pixel RTA LAL,AN~Pixel RTA LAL_TG~LAL_DE~A25-65F_MA~ntl_RG~USA_PH~CONSD_BO~TRF_PB~FB_PD~NEWSF,263,267,4,0,0,0,0,0,0,2.12,0,0.0,20,0,0,0,0,16,AST,DTC,2024-05-12
CM~Spon. Ad 1_CT~VID_VD~15s_PH~CONV_BO~TRF_PB~FB_PD~NEWSF,YR~24-Q1-01_CL~ASTRA_TA~ONC_DS~THEIR2Low_MB~Neurexa_CU~DTC_CA~B_PH~CONSD_BO~TRF_PB~FB_CN~18225-9-120399_FF~THEIR2Low Pixel RTA LAL,AN~Pixel Search RTA LAL_TG~LAL_DE~A25-65F_MA~ntl_RG~USA_PH~CONSD_BO~TRF_PB~FB_PD~NEWSF,351,357,2,0,0,0,0,0,0,3.07,0,0.0,31,0,0,0,0,29,AST,DTC,2024-05-12
CM~Spon. Ad 2_CT~VID_VD~15s_PH~CONV_BO~TRF_PB~FB_PD~NEWSF,YR~24-Q1-01_CL~ASTRA_TA~ONC_DS~THEIR2Low_MB~Neurexa_CU~DTC_CA~B_PH~CONSD_BO~TRF_PB~FB_CN~18225-9-120399_FF~THEIR2Low Pixel RTA LAL,AN~Pixel Search RTA LAL_TG~LAL_DE~A25-65F_MA~ntl_RG~USA_PH~CONSD_BO~TRF_PB~FB_PD~NEWSF,633,661,11,0,0,0,0,0,0,5.66,0,0.0,66,0,0,0,0,55,AST,DTC,2024-05-12
CM~Sponsored Ad1_CT~VID_VD~15s_PH~CONSD_BO~TRF_PB~IG_PD~NEWSF,YR~24-Q1-01_CL~ASTRA_TA~ONC_DS~THEIR2Low_MB~Neurexa_CU~DTC_CA~B_PH~CONSD_BO~TRF_PB~IG_CN~18225-9-120399_FF~THEIR2Low IG Pixel RTA,AN~Engagement RTA_TG~RT_DE~A25-65F_MA~ntl_RG~USA_PH~CONSD_BO~TRF_PB~IG_PD~NEWSF,728,823,3,0,0,0,0,0,0,10.81,0,3.0,182,0,0,0,0,176,AST,DTC,2024-05-12
CM~Sponsored Ad2_CT~VID_VD~15s_PH~CONSD_BO~TRF_PB~IG_PD~NEWSF,YR~24-Q1-01_CL~ASTRA_TA~ONC_DS~THEIR2Low_MB~Neurexa_CU~DTC_CA~B_PH~CONSD_BO~TRF_PB~IG_CN~18225-9-120399_FF~THEIR2Low IG Pixel RTA,AN~Engagement RTA_TG~RT_DE~A25-65F_MA~ntl_RG~USA_PH~CONSD_BO~TRF_PB~IG_PD~NEWSF,1282,1663,7,0,0,0,0,0,0,31.02,0,2.0,276,0,0,0,0,267,AST,DTC,2024-05-12
CM~Sponsored Ad3_CT~VID_VD~15s_PH~CONSD_BO~TRF_PB~IG_PD~NEWSF,YR~24-Q1-01_CL~ASTRA_TA~ONC_DS~THEIR2Low_MB~Neurexa_CU~DTC_CA~B_PH~CONSD_BO~TRF_PB~IG_CN~18225-9-120399_FF~THEIR2Low IG Pixel RTA,AN~Engagement RTA_TG~RT_DE~A25-65F_MA~ntl_RG~USA_PH~CONSD_BO~TRF_PB~IG_PD~NEWSF,495,603,2,0,0,0,0,0,0,8.48,0,0.0,85,0,0,0,0,83,AST,DTC,2024-05-12
CM~Sponsored Ad1_CT~VID_VD~15s_PH~CONSD_BO~TRF_PB~IG_PD~NEWSF,YR~24-Q1-01_CL~ASTRA_TA~ONC_DS~THEIR2Low_MB~Neurexa_CU~DTC_CA~B_PH~CONSD_BO~TRF_PB~IG_CN~18225-9-120399_FF~THEIR2Low IG Pixel RTA,AN~Pixel Search RTA_TG~RT_DE~A25-65F_MA~ntl_RG~USA_PH~CONSD_BO~TRF_PB~IG_PD~NEWSF,73,83,1,0,0,0,0,0,0,2.49,0,0.0,21,0,0,0,0,20,AST,DTC,2024-05-12
CM~Sponsored Ad2_CT~VID_VD~15s_PH~CONSD_BO~TRF_PB~IG_PD~NEWSF,YR~24-Q1-01_CL~ASTRA_TA~ONC_DS~THEIR2Low_MB~Neurexa_CU~DTC_CA~B_PH~CONSD_BO~TRF_PB~IG_CN~18225-9-120399_FF~THEIR2Low IG Pixel RTA,AN~Pixel Search RTA_TG~RT_DE~A25-65F_MA~ntl_RG~USA_PH~CONSD_BO~TRF_PB~IG_PD~NEWSF,133,158,0,0,0,0,0,0,0,3.05,0,0.0,40,0,0,0,0,40,AST,DTC,2024-05-12
CM~Sponsored Ad3_CT~VID_VD~15s_PH~CONSD_BO~TRF_PB~IG_PD~NEWSF,YR~24-Q1-01_CL~ASTRA_TA~ONC_DS~THEIR2Low_MB~Neurexa_CU~DTC_CA~B_PH~CONSD_BO~TRF_PB~IG_CN~18225-9-120399_FF~THEIR2Low IG Pixel RTA,AN~Pixel Search RTA_TG~RT_DE~A25-65F_MA~ntl_RG~USA_PH~CONSD_BO~TRF_PB~IG_PD~NEWSF,32,36,0,0,0,0,0,0,0,0.75,0,0.0,8,0,0,0,0,8,AST,DTC,2024-05-12
CM~Sponsored Ad1_CT~VID_VD~15s_PH~CONSD_BO~TRF_PB~IG_PD~NEWSF,YR~24-Q1-01_CL~ASTRA_TA~ONC_DS~THEIR2Low_MB~Neurexa_CU~DTC_CA~B_PH~CONSD_BO~TRF_PB~IG_CN~18225-9-120399_FF~THEIR2Low IG Pixel RTA LAL,AN~Engagement RTALAL_TG~RT_DE~A25-65F_MA~ntl_RG~USA_PH~CONSD_BO~TRF_PB~IG_PD~NEWSF,38,39,0,0,0,0,0,0,0,0.54,0,0.0,13,0,0,0,0,13,AST,DTC,2024-05-12
CM~Sponsored Ad2_CT~VID_VD~15s_PH~CONSD_BO~TRF_PB~IG_PD~NEWSF,YR~24-Q1-01_CL~ASTRA_TA~ONC_DS~THEIR2Low_MB~Neurexa_CU~DTC_CA~B_PH~CONSD_BO~TRF_PB~IG_CN~18225-9-120399_FF~THEIR2Low IG Pixel RTA LAL,AN~Engagement RTALAL_TG~RT_DE~A25-65F_MA~ntl_RG~USA_PH~CONSD_BO~TRF_PB~IG_PD~NEWSF,906,958,15,0,0,0,0,0,0,12.01,0,2.0,284,0,0,0,0,267,AST,DTC,2024-05-12
CM~Sponsored Ad3_CT~VID_VD~15s_PH~CONSD_BO~TRF_PB~IG_PD~NEWSF,YR~24-Q1-01_CL~ASTRA_TA~ONC_DS~THEIR2Low_MB~Neurexa_CU~DTC_CA~B_PH~CONSD_BO~TRF_PB~IG_CN~18225-9-120399_FF~THEIR2Low IG Pixel RTA LAL,AN~Engagement RTALAL_TG~RT_DE~A25-65F_MA~ntl_RG~USA_PH~CONSD_BO~TRF_PB~IG_PD~NEWSF,60,63,2,0,0,0,0,0,0,0.85,0,0.0,19,0,0,0,0,17,AST,DTC,2024-05-12
CM~Sponsored Ad1_CT~VID_VD~15s_PH~CONSD_BO~TRF_PB~IG_PD~NEWSF,YR~24-Q1-01_CL~ASTRA_TA~ONC_DS~THEIR2Low_MB~Neurexa_CU~DTC_CA~B_PH~CONSD_BO~TRF_PB~IG_CN~18225-9-120399_FF~THEIR2Low IG Pixel RTA LAL,AN~Pixel Search RTALAL_TG~RT_DE~A25-65F_MA~ntl_RG~USA_PH~CONSD_BO~TRF_PB~IG_PD~NEWSF,1865,2048,8,0,0,0,0,0,0,34.7,0,7.0,583,0,0,0,0,568,AST,DTC,2024-05-12
CM~Sponsored Ad1_CT~VID_VD~15s_PH~CONSD_BO~TRF_PB~IG_PD~NEWSF,YR~24-Q1-01_CL~ASTRA_TA~ONC_DS~THEIR2Low_MB~Neurexa_CU~DTC_CA~B_PH~CONSD_BO~TRF_PB~IG_CN~18225-9-120399_FF~THEIR2Low IG PurpleLab,AN~DTC Purple Lab_TG~RT_DE~A25-65A_MA~ntl_RG~USA_PH~CONSD_BO~TRF_PB~FB_PD~NEWSF,623,675,4,0,0,0,0,0,0,11.42,0,2.0,270,0,0,0,0,264,AST,DTC,2024-05-12
CM~Sponsored Ad2_CT~VID_VD~15s_PH~CONSD_BO~TRF_PB~IG_PD~NEWSF,YR~24-Q1-01_CL~ASTRA_TA~ONC_DS~THEIR2Low_MB~Neurexa_CU~DTC_CA~B_PH~CONSD_BO~TRF_PB~IG_CN~18225-9-120399_FF~THEIR2Low IG PurpleLab,AN~DTC Purple Lab_TG~RT_DE~A25-65A_MA~ntl_RG~USA_PH~CONSD_BO~TRF_PB~FB_PD~NEWSF,2779,3403,19,0,0,0,0,0,0,50.08,0,5.0,718,0,0,0,0,694,AST,DTC,2024-05-12
CM~Sponsored Ad3_CT~VID_VD~15s_PH~CONSD_BO~TRF_PB~IG_PD~NEWSF,YR~24-Q1-01_CL~ASTRA_TA~ONC_DS~THEIR2Low_MB~Neurexa_CU~DTC_CA~B_PH~CONSD_BO~TRF_PB~IG_CN~18225-9-120399_FF~THEIR2Low IG PurpleLab,AN~DTC Purple Lab_TG~RT_DE~A25-65A_MA~ntl_RG~USA_PH~CONSD_BO~TRF_PB~FB_PD~NEWSF,310,382,6,0,0,0,0,0,0,7.31,0,0.0,117,0,0,0,0,111,AST,DTC,2024-05-12
CM~CRM Ad_CT~VID_VD~15s_PH~CONSD_BO~TRF_PB~FB_PD~NEWSF,YR~24-Q1-01_CL~ASTRA_TA~ONC_DS~THEIR2+ 2L_MB~Neurexa_CU~DTC_CA~B_PH~CONSD_BO~TRF_PB~FB_CN~18224-9-120398_FF~THEIR2+ 2L Engagement + Video RTA,AN~Engagement RTA_TG~RT_DE~A25-65F_MA~ntl_RG~USA_PH~CONSD_BO~TRF_PB~FB_PD~NEWSF,10285,12022,106,0,0,0,0,0,0,79.53,0,0.0,1021,0,0,0,0,915,BZS,DTC,2024-05-12
CM~Educate Ad 2_CT~VID_VD~15s_PH~CONSD_BO~TRF_PB~FB_PD~NEWSF,YR~24-Q1-01_CL~ASTRA_TA~ONC_DS~THEIR2+ 2L_MB~Neurexa_CU~DTC_CA~B_PH~CONSD_BO~TRF_PB~FB_CN~18224-9-120398_FF~THEIR2+ 2L Engagement + Video RTA,AN~Engagement RTA_TG~RT_DE~A25-65F_MA~ntl_RG~USA_PH~CONSD_BO~TRF_PB~FB_PD~NEWSF,456,511,2,0,0,0,0,0,0,3.18,0,0.0,27,0,0,0,0,25,BZS,DTC,2024-05-12
CM~Educate Ad 3_CT~VID_VD~15s_PH~CONSD_BO~TRF_PB~FB_PD~NEWSF,YR~24-Q1-01_CL~ASTRA_TA~ONC_DS~THEIR2+ 2L_MB~Neurexa_CU~DTC_CA~B_PH~CONSD_BO~TRF_PB~FB_CN~18224-9-120398_FF~THEIR2+ 2L Engagement + Video RTA,AN~Engagement RTA_TG~RT_DE~A25-65F_MA~ntl_RG~USA_PH~CONSD_BO~TRF_PB~FB_PD~NEWSF,241,285,3,0,0,0,0,0,0,2.36,0,0.0,20,0,0,0,0,17,BZS,DTC,2024-05-12
CM~Results Ad_CT~VID_VD~15s_PH~CONSD_BO~TRF_PB~FB_PD~NEWSF,YR~24-Q1-01_CL~ASTRA_TA~ONC_DS~THEIR2+ 2L_MB~Neurexa_CU~DTC_CA~B_PH~CONSD_BO~TRF_PB~FB_CN~18224-9-120398_FF~THEIR2+ 2L Engagement + Video RTA,AN~Engagement RTA_TG~RT_DE~A25-65F_MA~ntl_RG~USA_PH~CONSD_BO~TRF_PB~FB_PD~NEWSF,2067,2263,21,0,0,0,0,0,0,12.21,0,0.0,182,0,0,0,0,161,BZS,DTC,2024-05-12
CM~CRM Ad_CT~VID_VD~15s_PH~CONSD_BO~TRF_PB~FB_PD~NEWSF - Copy,YR~24-Q1-01_CL~ASTRA_TA~ONC_DS~THEIR2+ 2L_MB~Neurexa_CU~DTC_CA~B_PH~CONSD_BO~TRF_PB~FB_CN~18224-9-120398_FF~THEIR2+ 2L Engagement + Video RTA,AN~Video RTA_TG~RT_DE~A25-65F_MA~ntl_RG~USA_PH~CONSD_BO~TRF_PB~FB_PD~NEWSF,365,496,7,0,0,0,0,0,0,2.67,0,0.0,64,0,0,0,0,57,BZS,DTC,2024-05-12
CM~Educate Ad 2_CT~VID_VD~15s_PH~CONSD_BO~TRF_PB~FB_PD~NEWSF,YR~24-Q1-01_CL~ASTRA_TA~ONC_DS~THEIR2+ 2L_MB~Neurexa_CU~DTC_CA~B_PH~CONSD_BO~TRF_PB~FB_CN~18224-9-120398_FF~THEIR2+ 2L Engagement + Video RTA,AN~Video RTA_TG~RT_DE~A25-65F_MA~ntl_RG~USA_PH~CONSD_BO~TRF_PB~FB_PD~NEWSF,44,60,0,0,0,0,0,0,0,0.39,0,0.0,8,0,0,0,0,8,BZS,DTC,2024-05-12
CM~Educate Ad 3_CT~VID_VD~15s_PH~CONSD_BO~TRF_PB~FB_PD~NEWSF,YR~24-Q1-01_CL~ASTRA_TA~ONC_DS~THEIR2+ 2L_MB~Neurexa_CU~DTC_CA~B_PH~CONSD_BO~TRF_PB~FB_CN~18224-9-120398_FF~THEIR2+ 2L Engagement + Video RTA,AN~Video RTA_TG~RT_DE~A25-65F_MA~ntl_RG~USA_PH~CONSD_BO~TRF_PB~FB_PD~NEWSF,2,2,0,0,0,0,0,0,0,0.04,0,0.0,0,0,0,0,0,0,BZS,DTC,2024-05-12
CM~Results Ad_CT~VID_VD~15s_PH~CONSD_BO~TRF_PB~FB_PD~NEWSF,YR~24-Q1-01_CL~ASTRA_TA~ONC_DS~THEIR2+ 2L_MB~Neurexa_CU~DTC_CA~B_PH~CONSD_BO~TRF_PB~FB_CN~18224-9-120398_FF~THEIR2+ 2L Engagement + Video RTA,AN~Video RTA_TG~RT_DE~A25-65F_MA~ntl_RG~USA_PH~CONSD_BO~TRF_PB~FB_PD~NEWSF,258,368,3,0,0,0,0,0,0,2.52,0,0.0,47,0,0,0,0,44,BZS,DTC,2024-05-12
CM~CRM Ad_CT~VID_VD~15s_PH~CONSD_BO~TRF_PB~FB_PD~NEWSF,YR~24-Q1-01_CL~ASTRA_TA~ONC_DS~THEIR2+ 2L_MB~Neurexa_CU~DTC_CA~B_PH~CONSD_BO~TRF_PB~FB_CN~18224-9-120398_FF~THEIR2+ 2L Engagement + Video RTA LAL,AN~Engagement RTA LAL_TG~RT_DE~A25-65F_MA~ntl_RG~USA_PH~CONSD_BO~TRF_PB~FB_PD~NEWSF,3208,3446,42,0,0,0,0,0,0,23.87,0,0.0,305,0,0,0,0,263,BZS,DTC,2024-05-12
CM~Educate Ad 2_CT~VID_VD~15s_PH~CONSD_BO~TRF_PB~FB_PD~NEWSF,YR~24-Q1-01_CL~ASTRA_TA~ONC_DS~THEIR2+ 2L_MB~Neurexa_CU~DTC_CA~B_PH~CONSD_BO~TRF_PB~FB_CN~18224-9-120398_FF~THEIR2+ 2L Engagement + Video RTA LAL,AN~Engagement RTA LAL_TG~RT_DE~A25-65F_MA~ntl_RG~USA_PH~CONSD_BO~TRF_PB~FB_PD~NEWSF,176,196,1,0,0,0,0,0,0,1.18,0,0.0,11,0,0,0,0,10,BZS,DTC,2024-05-12
CM~Educate Ad 3_CT~VID_VD~15s_PH~CONSD_BO~TRF_PB~FB_PD~NEWSF,YR~24-Q1-01_CL~ASTRA_TA~ONC_DS~THEIR2+ 2L_MB~Neurexa_CU~DTC_CA~B_PH~CONSD_BO~TRF_PB~FB_CN~18224-9-120398_FF~THEIR2+ 2L Engagement + Video RTA LAL,AN~Engagement RTA LAL_TG~RT_DE~A25-65F_MA~ntl_RG~USA_PH~CONSD_BO~TRF_PB~FB_PD~NEWSF,45,50,1,0,0,0,0,0,0,0.72,0,0.0,4,0,0,0,0,3,BZS,DTC,2024-05-12
CM~Results Ad_CT~VID_VD~15s_PH~CONSD_BO~TRF_PB~FB_PD~NEWSF,YR~24-Q1-01_CL~ASTRA_TA~ONC_DS~THEIR2+ 2L_MB~Neurexa_CU~DTC_CA~B_PH~CONSD_BO~TRF_PB~FB_CN~18224-9-120398_FF~THEIR2+ 2L Engagement + Video RTA LAL,AN~Engagement RTA LAL_TG~RT_DE~A25-65F_MA~ntl_RG~USA_PH~CONSD_BO~TRF_PB~FB_PD~NEWSF,444,486,2,0,0,0,0,0,0,2.36,0,0.0,36,0,0,0,0,34,BZS,DTC,2024-05-12
CM~CRM Ad_CT~VID_VD~15s_PH~CONSD_BO~TRF_PB~FB_PD~NEWSF,YR~24-Q1-01_CL~ASTRA_TA~ONC_DS~THEIR2+ 2L_MB~Neurexa_CU~DTC_CA~B_PH~CONSD_BO~TRF_PB~FB_CN~18224-9-120398_FF~THEIR2+ 2L Engagement + Video RTA LAL,AN~Video RTA LAL_TG~RT_DE~A25-65F_MA~ntl_RG~USA_PH~CONSD_BO~TRF_PB~FB_PD~NEWSF,3950,4245,51,0,0,0,0,0,0,29.72,0,0.0,338,0,0,0,0,287,BZS,DTC,2024-05-12
CM~Educate Ad 2_CT~VID_VD~15s_PH~CONSD_BO~TRF_PB~FB_PD~NEWSF,YR~24-Q1-01_CL~ASTRA_TA~ONC_DS~THEIR2+ 2L_MB~Neurexa_CU~DTC_CA~B_PH~CONSD_BO~TRF_PB~FB_CN~18224-9-120398_FF~THEIR2+ 2L Engagement + Video RTA LAL,AN~Video RTA LAL_TG~RT_DE~A25-65F_MA~ntl_RG~USA_PH~CONSD_BO~TRF_PB~FB_PD~NEWSF,156,167,4,0,0,0,0,0,0,1.16,0,0.0,15,0,0,0,0,11,BZS,DTC,2024-05-12
CM~Educate Ad 3_CT~VID_VD~15s_PH~CONSD_BO~TRF_PB~FB_PD~NEWSF,YR~24-Q1-01_CL~ASTRA_TA~ONC_DS~THEIR2+ 2L_MB~Neurexa_CU~DTC_CA~B_PH~CONSD_BO~TRF_PB~FB_CN~18224-9-120398_FF~THEIR2+ 2L Engagement + Video RTA LAL,AN~Video RTA LAL_TG~RT_DE~A25-65F_MA~ntl_RG~USA_PH~CONSD_BO~TRF_PB~FB_PD~NEWSF,97,108,0,0,0,0,0,0,0,1.08,0,0.0,6,0,0,0,0,6,BZS,DTC,2024-05-12
CM~Results Ad_CT~VID_VD~15s_PH~CONSD_BO~TRF_PB~FB_PD~NEWSF,YR~24-Q1-01_CL~ASTRA_TA~ONC_DS~THEIR2+ 2L_MB~Neurexa_CU~DTC_CA~B_PH~CONSD_BO~TRF_PB~FB_CN~18224-9-120398_FF~THEIR2+ 2L Engagement + Video RTA LAL,AN~Video RTA LAL_TG~RT_DE~A25-65F_MA~ntl_RG~USA_PH~CONSD_BO~TRF_PB~FB_PD~NEWSF,5044,5929,80,0,0,0,0,0,0,38.63,0,0.0,442,0,0,0,0,362,BZS,DTC,2024-05-12
CM~CRM Ad_CT~VID_VD~15s_PH~CONSD_BO~TRF_PB~FB_PD~NEWSF,YR~24-Q1-01_CL~ASTRA_TA~ONC_DS~THEIR2+ 2L_MB~Neurexa_CU~DTC_CA~B_PH~CONSD_BO~TRF_PB~FB_CN~18224-9-120398_FF~THEIR2+ 2L FB PurpleLab,AN~DTC Purple Lab_TG~RT_DE~A25-65A_MA~ntl_RG~USA_PH~CONSD_BO~TRF_PB~FB_PD~NEWSF,9058,10659,102,0,0,0,0,0,0,73.38,0,0.0,976,0,0,0,0,874,BZS,DTC,2024-05-12
CM~Educate Ad 2_CT~VID_VD~15s_PH~CONSD_BO~TRF_PB~FB_PD~NEWSF,YR~24-Q1-01_CL~ASTRA_TA~ONC_DS~THEIR2+ 2L_MB~Neurexa_CU~DTC_CA~B_PH~CONSD_BO~TRF_PB~FB_CN~18224-9-120398_FF~THEIR2+ 2L FB PurpleLab,AN~DTC Purple Lab_TG~RT_DE~A25-65A_MA~ntl_RG~USA_PH~CONSD_BO~TRF_PB~FB_PD~NEWSF,436,525,5,0,0,0,0,0,0,3.01,0,0.0,32,0,0,0,0,27,BZS,DTC,2024-05-12
CM~Educate Ad 3_CT~VID_VD~15s_PH~CONSD_BO~TRF_PB~FB_PD~NEWSF,YR~24-Q1-01_CL~ASTRA_TA~ONC_DS~THEIR2+ 2L_MB~Neurexa_CU~DTC_CA~B_PH~CONSD_BO~TRF_PB~FB_CN~18224-9-120398_FF~THEIR2+ 2L FB PurpleLab,AN~DTC Purple Lab_TG~RT_DE~A25-65A_MA~ntl_RG~USA_PH~CONSD_BO~TRF_PB~FB_PD~NEWSF,139,148,1,0,0,0,0,0,0,0.9,0,0.0,8,0,0,0,0,7,BZS,DTC,2024-05-12
CM~Results Ad_CT~VID_VD~15s_PH~CONSD_BO~TRF_PB~FB_PD~NEWSF,YR~24-Q1-01_CL~ASTRA_TA~ONC_DS~THEIR2+ 2L_MB~Neurexa_CU~DTC_CA~B_PH~CONSD_BO~TRF_PB~FB_CN~18224-9-120398_FF~THEIR2+ 2L FB PurpleLab,AN~DTC Purple Lab_TG~RT_DE~A25-65A_MA~ntl_RG~USA_PH~CONSD_BO~TRF_PB~FB_PD~NEWSF,3572,4185,31,0,0,0,0,0,0,26.88,0,0.0,414,0,0,0,0,383,BZS,DTC,2024-05-12
CM~CRM Ad_CT~VID_VD~15s_PH~CONSD_BO~TRF_PB~FB_PD~NEWSF,YR~24-Q1-01_CL~ASTRA_TA~ONC_DS~THEIR2+ 2L_MB~Neurexa_CU~DTC_CA~B_PH~CONSD_BO~TRF_PB~FB_CN~18224-9-120398_FF~THEIR2+ 2L Pixel LAL,AN~Pixel LAL_TG~LAL_DE~A25-65F_MA~ntl_RG~USA_PH~CONSD_BO~TRF_PB~FB_PD~NEWSF,10149,11714,111,0,0,0,0,0,0,67.4,0,0.0,1084,0,0,0,0,973,BZS,DTC,2024-05-12
CM~Educate Ad 2_CT~VID_VD~15s_PH~CONSD_BO~TRF_PB~FB_PD~NEWSF,YR~24-Q1-01_CL~ASTRA_TA~ONC_DS~THEIR2+ 2L_MB~Neurexa_CU~DTC_CA~B_PH~CONSD_BO~TRF_PB~FB_CN~18224-9-120398_FF~THEIR2+ 2L Pixel LAL,AN~Pixel LAL_TG~LAL_DE~A25-65F_MA~ntl_RG~USA_PH~CONSD_BO~TRF_PB~FB_PD~NEWSF,857,1051,13,0,0,0,0,0,0,4.91,0,0.0,69,0,0,0,0,56,BZS,DTC,2024-05-12
CM~Educate Ad 3_CT~VID_VD~15s_PH~CONSD_BO~TRF_PB~FB_PD~NEWSF,YR~24-Q1-01_CL~ASTRA_TA~ONC_DS~THEIR2+ 2L_MB~Neurexa_CU~DTC_CA~B_PH~CONSD_BO~TRF_PB~FB_CN~18224-9-120398_FF~THEIR2+ 2L Pixel LAL,AN~Pixel LAL_TG~LAL_DE~A25-65F_MA~ntl_RG~USA_PH~CONSD_BO~TRF_PB~FB_PD~NEWSF,277,325,1,0,0,0,0,0,0,1.58,0,0.0,15,0,0,0,0,14,BZS,DTC,2024-05-12
CM~Results Ad_CT~VID_VD~15s_PH~CONSD_BO~TRF_PB~FB_PD~NEWSF,YR~24-Q1-01_CL~ASTRA_TA~ONC_DS~THEIR2+ 2L_MB~Neurexa_CU~DTC_CA~B_PH~CONSD_BO~TRF_PB~FB_CN~18224-9-120398_FF~THEIR2+ 2L Pixel LAL,AN~Pixel LAL_TG~LAL_DE~A25-65F_MA~ntl_RG~USA_PH~CONSD_BO~TRF_PB~FB_PD~NEWSF,3504,4145,23,0,0,0,0,0,0,21.7,0,0.0,364,0,0,0,0,341,BZS,DTC,2024-05-12
CM~CRM Ad_CT~VID_VD~15s_PH~CONSD_BO~TRF_PB~FB_PD~NEWSF,YR~24-Q1-01_CL~ASTRA_TA~ONC_DS~THEIR2+ 2L_MB~Neurexa_CU~DTC_CA~B_PH~CONSD_BO~TRF_PB~FB_CN~18224-9-120398_FF~THEIR2+ 2L Pixel LAL,AN~Pixel Search LAL_TG~LAL_DE~A25-65F_MA~ntl_RG~USA_PH~CONSD_BO~TRF_PB~FB_PD~NEWSF,841,895,8,0,0,0,0,0,0,6.49,0,0.0,79,0,0,0,0,71,BZS,DTC,2024-05-12
CM~Educate Ad 2_CT~VID_VD~15s_PH~CONSD_BO~TRF_PB~FB_PD~NEWSF,YR~24-Q1-01_CL~ASTRA_TA~ONC_DS~THEIR2+ 2L_MB~Neurexa_CU~DTC_CA~B_PH~CONSD_BO~TRF_PB~FB_CN~18224-9-120398_FF~THEIR2+ 2L Pixel LAL,AN~Pixel Search LAL_TG~LAL_DE~A25-65F_MA~ntl_RG~USA_PH~CONSD_BO~TRF_PB~FB_PD~NEWSF,18,19,0,0,0,0,0,0,0,0.12,0,0.0,2,0,0,0,0,2,BZS,DTC,2024-05-12
CM~Educate Ad 3_CT~VID_VD~15s_PH~CONSD_BO~TRF_PB~FB_PD~NEWSF,YR~24-Q1-01_CL~ASTRA_TA~ONC_DS~THEIR2+ 2L_MB~Neurexa_CU~DTC_CA~B_PH~CONSD_BO~TRF_PB~FB_CN~18224-9-120398_FF~THEIR2+ 2L Pixel LAL,AN~Pixel Search LAL_TG~LAL_DE~A25-65F_MA~ntl_RG~USA_PH~CONSD_BO~TRF_PB~FB_PD~NEWSF,15,16,0,0,0,0,0,0,0,0.1,0,0.0,0,0,0,0,0,0,BZS,DTC,2024-05-12
CM~Results Ad_CT~VID_VD~15s_PH~CONSD_BO~TRF_PB~FB_PD~NEWSF,YR~24-Q1-01_CL~ASTRA_TA~ONC_DS~THEIR2+ 2L_MB~Neurexa_CU~DTC_CA~B_PH~CONSD_BO~TRF_PB~FB_CN~18224-9-120398_FF~THEIR2+ 2L Pixel LAL,AN~Pixel Search LAL_TG~LAL_DE~A25-65F_MA~ntl_RG~USA_PH~CONSD_BO~TRF_PB~FB_PD~NEWSF,257,274,3,0,0,0,0,0,0,1.69,0,0.0,29,0,0,0,0,26,BZS,DTC,2024-05-12
CM~CRM Ad_CT~VID_VD~15s_PH~CONSD_BO~TRF_PB~FB_PD~NEWSF,YR~24-Q1-01_CL~ASTRA_TA~ONC_DS~THEIR2+ 2L_MB~Neurexa_CU~DTC_CA~B_PH~CONSD_BO~TRF_PB~FB_CN~18224-9-120398_FF~THEIR2+ 2L Pixel RTA,AN~Pixel RTA_TG~RT_DE~A25-65F_MA~ntl_RG~USA_PH~CONSD_BO~TRF_PB~FB_PD~NEWSF,3804,5176,47,0,0,0,0,0,0,52.49,0,0.0,529,0,0,0,0,482,BZS,DTC,2024-05-12
CM~Educate Ad2_CT~VID_VD~15s_PH~CONSD_BO~TRF_PB~FB_PD~NEWSF,YR~24-Q1-01_CL~ASTRA_TA~ONC_DS~THEIR2+ 2L_MB~Neurexa_CU~DTC_CA~B_PH~CONSD_BO~TRF_PB~FB_CN~18224-9-120398_FF~THEIR2+ 2L Pixel RTA,AN~Pixel RTA_TG~RT_DE~A25-65F_MA~ntl_RG~USA_PH~CONSD_BO~TRF_PB~FB_PD~NEWSF,681,957,8,0,0,0,0,0,0,7.6,0,0.0,100,0,0,0,0,92,BZS,DTC,2024-05-12
CM~Educate Ad3_CT~VID_VD~15s_PH~CONSD_BO~TRF_PB~FB_PD~NEWSF,YR~24-Q1-01_CL~ASTRA_TA~ONC_DS~THEIR2+ 2L_MB~Neurexa_CU~DTC_CA~B_PH~CONSD_BO~TRF_PB~FB_CN~18224-9-120398_FF~THEIR2+ 2L Pixel RTA,AN~Pixel RTA_TG~RT_DE~A25-65F_MA~ntl_RG~USA_PH~CONSD_BO~TRF_PB~FB_PD~NEWSF,225,298,1,0,0,0,0,0,0,2.5,0,0.0,25,0,0,0,0,24,BZS,DTC,2024-05-12
CM~Results Ad_CT~VID_VD~15s_PH~CONSD_BO~TRF_PB~FB_PD~NEWSF,YR~24-Q1-01_CL~ASTRA_TA~ONC_DS~THEIR2+ 2L_MB~Neurexa_CU~DTC_CA~B_PH~CONSD_BO~TRF_PB~FB_CN~18224-9-120398_FF~THEIR2+ 2L Pixel RTA,AN~Pixel RTA_TG~RT_DE~A25-65F_MA~ntl_RG~USA_PH~CONSD_BO~TRF_PB~FB_PD~NEWSF,2972,4150,41,0,0,0,0,0,0,33.78,0,0.0,490,0,0,0,0,449,BZS,DTC,2024-05-12
CM~CRM Ad_CT~VID_VD~15s_PH~CONSD_BO~TRF_PB~FB_PD~NEWSF,YR~24-Q1-01_CL~ASTRA_TA~ONC_DS~THEIR2+ 2L_MB~Neurexa_CU~DTC_CA~B_PH~CONSD_BO~TRF_PB~FB_CN~18224-9-120398_FF~THEIR2+ 2L Pixel RTA,AN~Pixel Search RTA_TG~RT_DE~A25-65F_MA~ntl_RG~USA_PH~CONSD_BO~TRF_PB~FB_PD~NEWSF,548,785,6,0,0,0,0,0,0,7.49,0,0.0,71,0,0,0,0,65,BZS,DTC,2024-05-12
CM~SecondLineDressAd1_CT~VID_VD~15s_PH~CONSD_BO~TRF_PB~IG_PD~NEWSF,YR~24-Q1-01_CL~ASTRA_TA~ONC_DS~THEIR2+ 2L_MB~Neurexa_CU~DTC_CA~B_PH~CONSD_BO~TRF_PB~IG_CN~18224-9-120398_FF~THEIR2+ 2L IG Engagement + Video RTA LAL,AN~Engagement RTA LAL_TG~LAL_DE~A25-65F_MA~ntl_RG~USA_PH~CONSD_BO~TRF_PB~IG_PD~NEWSF,594,642,8,0,0,0,0,0,0,9.23,0,1.0,189,0,0,0,0,180,BZS,DTC,2024-05-12
CM~SecondLineWhiteFrameAd2_CT~VID_VD~15s_PH~CONSD_BO~TRF_PB~IG_PD~NEWSF,YR~24-Q1-01_CL~ASTRA_TA~ONC_DS~THEIR2+ 2L_MB~Neurexa_CU~DTC_CA~B_PH~CONSD_BO~TRF_PB~IG_CN~18224-9-120398_FF~THEIR2+ 2L IG Engagement + Video RTA LAL,AN~Engagement RTA LAL_TG~LAL_DE~A25-65F_MA~ntl_RG~USA_PH~CONSD_BO~TRF_PB~IG_PD~NEWSF,47,50,1,0,0,0,0,0,0,0.6,0,0.0,14,0,0,0,0,13,BZS,DTC,2024-05-12
CM~SecondLineDressAd1_CT~VID_VD~15s_PH~CONSD_BO~TRF_PB~IG_PD~NEWSF,YR~24-Q1-01_CL~ASTRA_TA~ONC_DS~THEIR2+ 2L_MB~Neurexa_CU~DTC_CA~B_PH~CONSD_BO~TRF_PB~IG_CN~18224-9-120398_FF~THEIR2+ 2L IG Engagement + Video RTA LAL,AN~Video RTA LAL_TG~LAL_DE~A25-65F_MA~ntl_RG~USA_PH~CONSD_BO~TRF_PB~IG_PD~NEWSF,1709,1821,18,0,0,0,0,0,0,22.2,0,4.0,454,0,0,0,0,432,BZS,DTC,2024-05-12
CM~SecondLineWhiteFrameAd2_CT~VID_VD~15s_PH~CONSD_BO~TRF_PB~IG_PD~NEWSF,YR~24-Q1-01_CL~ASTRA_TA~ONC_DS~THEIR2+ 2L_MB~Neurexa_CU~DTC_CA~B_PH~CONSD_BO~TRF_PB~IG_CN~18224-9-120398_FF~THEIR2+ 2L IG Engagement + Video RTA LAL,AN~Video RTA LAL_TG~LAL_DE~A25-65F_MA~ntl_RG~USA_PH~CONSD_BO~TRF_PB~IG_PD~NEWSF,198,212,1,0,0,0,0,0,0,2.93,0,1.0,64,0,0,0,0,62,BZS,DTC,2024-05-12
CM~SecondLineDressAd1_CT~VID_VD~15s_PH~CONSD_BO~TRF_PB~IG_PD~NEWSF,YR~24-Q1-01_CL~ASTRA_TA~ONC_DS~THEIR2+ 2L_MB~Neurexa_CU~DTC_CA~B_PH~CONSD_BO~TRF_PB~IG_CN~18224-9-120398_FF~THEIR2+ 2L IG Pixel LAL,AN~Pixel LAL_TG~LAL_DE~A25-65F_MA~ntl_RG~USA_PH~CONSD_BO~TRF_PB~IG_PD~NEWSF,1411,1678,6,0,0,0,0,0,0,24.37,0,4.0,423,0,0,0,0,413,BZS,DTC,2024-05-12
CM~SecondLineWhiteFrameAd2_CT~VID_VD~15s_PH~CONSD_BO~TRF_PB~IG_PD~NEWSF,YR~24-Q1-01_CL~ASTRA_TA~ONC_DS~THEIR2+ 2L_MB~Neurexa_CU~DTC_CA~B_PH~CONSD_BO~TRF_PB~IG_CN~18224-9-120398_FF~THEIR2+ 2L IG Pixel LAL,AN~Pixel LAL_TG~LAL_DE~A25-65F_MA~ntl_RG~USA_PH~CONSD_BO~TRF_PB~IG_PD~NEWSF,514,624,4,0,0,0,0,0,0,10.11,0,1.0,140,0,0,0,0,135,BZS,DTC,2024-05-12
CM~SecondLineDressAd1_CT~VID_VD~15s_PH~CONSD_BO~TRF_PB~IG_PD~NEWSF,YR~24-Q1-01_CL~ASTRA_TA~ONC_DS~THEIR2+ 2L_MB~Neurexa_CU~DTC_CA~B_PH~CONSD_BO~TRF_PB~IG_CN~18224-9-120398_FF~THEIR2+ 2L IG Pixel LAL,AN~Pixel Search LAL_TG~LAL_DE~A25-65F_MA~ntl_RG~USA_PH~CONSD_BO~TRF_PB~IG_PD~NEWSF,4,4,0,0,0,0,0,0,0,0.04,0,0.0,1,0,0,0,0,1,BZS,DTC,2024-05-12
CM~SecondLineDressAd1_CT~VID_VD~15s_PH~CONSD_BO~TRF_PB~IG_PD~NEWSF,YR~24-Q1-01_CL~ASTRA_TA~ONC_DS~THEIR2+ 2L_MB~Neurexa_CU~DTC_CA~B_PH~CONSD_BO~TRF_PB~IG_CN~18224-9-120398_FF~THEIR2+ 2L IG Pixel RTA,AN~Pixel RTA_TG~LAL_DE~A25-65F_MA~ntl_RG~USA_PH~CONSD_BO~TRF_PB~IG_PD~NEWSF,749,1044,12,0,0,0,0,0,0,17.86,0,0.0,163,0,0,0,0,151,BZS,DTC,2024-05-12
CM~SecondLineWhiteFrameAd2_CT~VID_VD~15s_PH~CONSD_BO~TRF_PB~IG_PD~NEWSF,YR~24-Q1-01_CL~ASTRA_TA~ONC_DS~THEIR2+ 2L_MB~Neurexa_CU~DTC_CA~B_PH~CONSD_BO~TRF_PB~IG_CN~18224-9-120398_FF~THEIR2+ 2L IG Pixel RTA,AN~Pixel RTA_TG~LAL_DE~A25-65F_MA~ntl_RG~USA_PH~CONSD_BO~TRF_PB~IG_PD~NEWSF,450,623,8,0,0,0,0,0,0,11.99,0,0.0,127,0,0,0,0,119,BZS,DTC,2024-05-12
CM~SecondLineDressAd1_CT~VID_VD~15s_PH~CONSD_BO~TRF_PB~IG_PD~NEWSF,YR~24-Q1-01_CL~ASTRA_TA~ONC_DS~THEIR2+ 2L_MB~Neurexa_CU~DTC_CA~B_PH~CONSD_BO~TRF_PB~IG_CN~18224-9-120398_FF~THEIR2+ 2L IG Pixel RTA,AN~Pixel Search RTA_TG~LAL_DE~A25-65F_MA~ntl_RG~USA_PH~CONSD_BO~TRF_PB~IG_PD~NEWSF,113,130,1,0,0,0,0,0,0,2.19,0,0.0,27,0,0,0,0,26,BZS,DTC,2024-05-12
CM~SecondLineWhiteFrameAd2_CT~VID_VD~15s_PH~CONSD_BO~TRF_PB~IG_PD~NEWSF,YR~24-Q1-01_CL~ASTRA_TA~ONC_DS~THEIR2+ 2L_MB~Neurexa_CU~DTC_CA~B_PH~CONSD_BO~TRF_PB~IG_CN~18224-9-120398_FF~THEIR2+ 2L IG Pixel RTA,AN~Pixel Search RTA_TG~LAL_DE~A25-65F_MA~ntl_RG~USA_PH~CONSD_BO~TRF_PB~IG_PD~NEWSF,67,75,0,0,0,0,0,0,0,1.31,0,0.0,16,0,0,0,0,16,BZS,DTC,2024-05-12
CM~SecondLineDressAd1_CT~VID_VD~15s_PH~CONSD_BO~TRF_PB~IG_PD~NEWSF,YR~24-Q1-01_CL~ASTRA_TA~ONC_DS~THEIR2+ 2L_MB~Neurexa_CU~DTC_CA~B_PH~CONSD_BO~TRF_PB~IG_CN~18224-9-120398_FF~THEIR2+ 2L IG PurpleLab,AN~DTC Purple Lab_TG~RT_DE~A25-65A_MA~ntl_RG~USA_PH~CONSD_BO~TRF_PB~FB_PD~NEWSF,1261,1498,8,0,0,0,0,0,0,23.8,0,0.0,351,0,0,0,0,343,BZS,DTC,2024-05-12
CM~SecondLineWhiteFrameAd2_CT~VID_VD~15s_PH~CONSD_BO~TRF_PB~IG_PD~NEWSF,YR~24-Q1-01_CL~ASTRA_TA~ONC_DS~THEIR2+ 2L_MB~Neurexa_CU~DTC_CA~B_PH~CONSD_BO~TRF_PB~IG_CN~18224-9-120398_FF~THEIR2+ 2L IG PurpleLab,AN~DTC Purple Lab_TG~RT_DE~A25-65A_MA~ntl_RG~USA_PH~CONSD_BO~TRF_PB~FB_PD~NEWSF,524,610,3,0,0,0,0,0,0,10.77,0,1.0,150,0,0,0,0,146,BZS,DTC,2024-05-12
CM~Spon. Ad 1_CT~VID_VD~15s_PH~CONV_BO~TRF_PB~FB_PD~NEWSF,YR~24-Q1-01_CL~ASTRA_TA~ONC_DS~THEIR2Low_MB~Neurexa_CU~DTC_CA~B_PH~CONSD_BO~TRF_PB~FB_CN~18225-9-120399_FF~THEIR2Low FB PurpleLab,AN~DTC Purple Lab_TG~RT_DE~A25-65A_MA~ntl_RG~USA_PH~CONSD_BO~TRF_PB~FB_PD~NEWSF,8293,9500,55,0,0,0,0,0,0,64.49,0,0.0,1203,0,0,0,0,1148,AST,DTC,2024-05-13
CM~Spon. Ad 2_CT~VID_VD~15s_PH~CONV_BO~TRF_PB~FB_PD~NEWSF,YR~24-Q1-01_CL~ASTRA_TA~ONC_DS~THEIR2Low_MB~Neurexa_CU~DTC_CA~B_PH~CONSD_BO~TRF_PB~FB_CN~18225-9-120399_FF~THEIR2Low FB PurpleLab,AN~DTC Purple Lab_TG~RT_DE~A25-65A_MA~ntl_RG~USA_PH~CONSD_BO~TRF_PB~FB_PD~NEWSF,3726,4091,27,0,0,0,0,0,0,27.52,0,0.0,402,0,0,0,0,375,AST,DTC,2024-05-13
CM~Spon. Ad 3_CT~VID_VD~30s_PH~CONV_BO~TRF_PB~FB_PD~NEWSF,YR~24-Q1-01_CL~ASTRA_TA~ONC_DS~THEIR2Low_MB~Neurexa_CU~DTC_CA~B_PH~CONSD_BO~TRF_PB~FB_CN~18225-9-120399_FF~THEIR2Low FB PurpleLab,AN~DTC Purple Lab_TG~RT_DE~A25-65A_MA~ntl_RG~USA_PH~CONSD_BO~TRF_PB~FB_PD~NEWSF,10055,12674,88,0,0,0,0,0,0,71.14,0,0.0,969,0,0,0,0,881,AST,DTC,2024-05-13
CM~Spon. Ad 1_CT~VID_VD~15s_PH~CONV_BO~TRF_PB~FB_PD~NEWSF,YR~24-Q1-01_CL~ASTRA_TA~ONC_DS~THEIR2Low_MB~Neurexa_CU~DTC_CA~B_PH~CONSD_BO~TRF_PB~FB_CN~18225-9-120399_FF~THEIR2Low Pixel RTA,AN~Engagement RTA_TG~RT_DE~A25-65F_MA~ntl_RG~USA_PH~CONSD_BO~TRF_PB~FB_PD~NEWSF,11368,14583,126,0,0,0,0,0,0,90.33,0,0.0,1312,0,0,0,0,1186,AST,DTC,2024-05-13
CM~Spon. Ad 2_CT~VID_VD~15s_PH~CONV_BO~TRF_PB~FB_PD~NEWSF,YR~24-Q1-01_CL~ASTRA_TA~ONC_DS~THEIR2Low_MB~Neurexa_CU~DTC_CA~B_PH~CONSD_BO~TRF_PB~FB_CN~18225-9-120399_FF~THEIR2Low Pixel RTA,AN~Engagement RTA_TG~RT_DE~A25-65F_MA~ntl_RG~USA_PH~CONSD_BO~TRF_PB~FB_PD~NEWSF,1377,1463,15,0,0,0,0,0,0,9.59,0,0.0,146,0,0,0,0,131,AST,DTC,2024-05-13
CM~Spon. Ad 3_CT~VID_VD~30s_PH~CONV_BO~TRF_PB~FB_PD~NEWSF,YR~24-Q1-01_CL~ASTRA_TA~ONC_DS~THEIR2Low_MB~Neurexa_CU~DTC_CA~B_PH~CONSD_BO~TRF_PB~FB_CN~18225-9-120399_FF~THEIR2Low Pixel RTA,AN~Engagement RTA_TG~RT_DE~A25-65F_MA~ntl_RG~USA_PH~CONSD_BO~TRF_PB~FB_PD~NEWSF,10489,14636,132,0,0,0,0,0,0,82.48,0,0.0,980,0,0,0,0,848,AST,DTC,2024-05-13
CM~Spon. Ad 2_CT~VID_VD~15s_PH~CONV_BO~TRF_PB~FB_PD~NEWSF,YR~24-Q1-01_CL~ASTRA_TA~ONC_DS~THEIR2Low_MB~Neurexa_CU~DTC_CA~B_PH~CONSD_BO~TRF_PB~FB_CN~18225-9-120399_FF~THEIR2Low Pixel RTA,AN~Pixel RTA_TG~RT_DE~A25-65F_MA~ntl_RG~USA_PH~CONSD_BO~TRF_PB~FB_PD~NEWSF,259,359,6,0,0,0,0,0,0,3.44,0,0.0,23,0,0,0,0,17,AST,DTC,2024-05-13
CM~Spon. Ad 1_CT~VID_VD~15s_PH~CONV_BO~TRF_PB~FB_PD~NEWSF,YR~24-Q1-01_CL~ASTRA_TA~ONC_DS~THEIR2Low_MB~Neurexa_CU~DTC_CA~B_PH~CONSD_BO~TRF_PB~FB_CN~18225-9-120399_FF~THEIR2Low Pixel RTA,AN~Pixel RTA_TG~RT_DE~A25-65F_MA~ntl_RG~USA_PH~CONSD_BO~TRF_PB~FB_PD~NEWSF,387,517,6,0,0,0,0,0,0,5.49,0,0.0,42,0,0,0,0,36,AST,DTC,2024-05-13
CM~Spon. Ad 1_CT~VID_VD~15s_PH~CONV_BO~TRF_PB~FB_PD~NEWSF,YR~24-Q1-01_CL~ASTRA_TA~ONC_DS~THEIR2Low_MB~Neurexa_CU~DTC_CA~B_PH~CONSD_BO~TRF_PB~FB_CN~18225-9-120399_FF~THEIR2Low Pixel RTA,AN~Pixel Search RTA_TG~RT_DE~A25-65F_MA~ntl_RG~USA_PH~CONSD_BO~TRF_PB~FB_PD~NEWSF,306,379,3,0,0,0,0,0,0,4.7,0,0.0,40,0,0,0,0,37,AST,DTC,2024-05-13
CM~Spon. Ad 2_CT~VID_VD~15s_PH~CONV_BO~TRF_PB~FB_PD~NEWSF,YR~24-Q1-01_CL~ASTRA_TA~ONC_DS~THEIR2Low_MB~Neurexa_CU~DTC_CA~B_PH~CONSD_BO~TRF_PB~FB_CN~18225-9-120399_FF~THEIR2Low Pixel RTA,AN~Pixel Search RTA_TG~RT_DE~A25-65F_MA~ntl_RG~USA_PH~CONSD_BO~TRF_PB~FB_PD~NEWSF,4,5,0,0,0,0,0,0,0,0.1,0,0.0,0,0,0,0,0,0,AST,DTC,2024-05-13
CM~Spon. Ad 3_CT~VID_VD~30s_PH~CONV_BO~TRF_PB~FB_PD~NEWSF,YR~24-Q1-01_CL~ASTRA_TA~ONC_DS~THEIR2Low_MB~Neurexa_CU~DTC_CA~B_PH~CONSD_BO~TRF_PB~FB_CN~18225-9-120399_FF~THEIR2Low Pixel RTA,AN~Pixel Search RTA_TG~RT_DE~A25-65F_MA~ntl_RG~USA_PH~CONSD_BO~TRF_PB~FB_PD~NEWSF,335,443,5,0,0,0,0,0,0,3.2,0,0.0,35,0,0,0,0,30,AST,DTC,2024-05-13
CM~Spon. Ad 1_CT~VID_VD~15s_PH~CONV_BO~TRF_PB~FB_PD~NEWSF,YR~24-Q1-01_CL~ASTRA_TA~ONC_DS~THEIR2Low_MB~Neurexa_CU~DTC_CA~B_PH~CONSD_BO~TRF_PB~FB_CN~18225-9-120399_FF~THEIR2Low Pixel RTA LAL,AN~Engagement RTA LAL_TG~LAL_DE~A25-65F_MA~ntl_RG~USA_PH~CONSD_BO~TRF_PB~FB_PD~NEWSF - Copy,6295,7138,58,0,0,0,0,0,0,36.27,0,0.0,646,0,0,0,0,587,AST,DTC,2024-05-13
CM~Spon. Ad 2_CT~VID_VD~15s_PH~CONV_BO~TRF_PB~FB_PD~NEWSF,YR~24-Q1-01_CL~ASTRA_TA~ONC_DS~THEIR2Low_MB~Neurexa_CU~DTC_CA~B_PH~CONSD_BO~TRF_PB~FB_CN~18225-9-120399_FF~THEIR2Low Pixel RTA LAL,AN~Engagement RTA LAL_TG~LAL_DE~A25-65F_MA~ntl_RG~USA_PH~CONSD_BO~TRF_PB~FB_PD~NEWSF - Copy,1279,1330,12,0,0,0,0,0,0,6.39,0,0.0,98,0,0,0,0,86,AST,DTC,2024-05-13
CM~Spon. Ad 3_CT~VID_VD~30s_PH~CONV_BO~TRF_PB~FB_PD~NEWSF,YR~24-Q1-01_CL~ASTRA_TA~ONC_DS~THEIR2Low_MB~Neurexa_CU~DTC_CA~B_PH~CONSD_BO~TRF_PB~FB_CN~18225-9-120399_FF~THEIR2Low Pixel RTA LAL,AN~Engagement RTA LAL_TG~LAL_DE~A25-65F_MA~ntl_RG~USA_PH~CONSD_BO~TRF_PB~FB_PD~NEWSF - Copy,24864,29721,199,0,0,0,0,0,0,137.97,0,0.0,1852,0,0,0,0,1653,AST,DTC,2024-05-13
CM~Spon. Ad 1_CT~VID_VD~15s_PH~CONV_BO~TRF_PB~FB_PD~NEWSF,YR~24-Q1-01_CL~ASTRA_TA~ONC_DS~THEIR2Low_MB~Neurexa_CU~DTC_CA~B_PH~CONSD_BO~TRF_PB~FB_CN~18225-9-120399_FF~THEIR2Low Pixel RTA LAL,AN~Pixel RTA LAL_TG~LAL_DE~A25-65F_MA~ntl_RG~USA_PH~CONSD_BO~TRF_PB~FB_PD~NEWSF,976,1074,11,0,0,0,0,0,0,6.52,0,0.0,84,0,0,0,0,73,AST,DTC,2024-05-13
CM~Spon. Ad 2_CT~VID_VD~15s_PH~CONV_BO~TRF_PB~FB_PD~NEWSF,YR~24-Q1-01_CL~ASTRA_TA~ONC_DS~THEIR2Low_MB~Neurexa_CU~DTC_CA~B_PH~CONSD_BO~TRF_PB~FB_CN~18225-9-120399_FF~THEIR2Low Pixel RTA LAL,AN~Pixel RTA LAL_TG~LAL_DE~A25-65F_MA~ntl_RG~USA_PH~CONSD_BO~TRF_PB~FB_PD~NEWSF,152,154,0,0,0,0,0,0,0,1.09,0,0.0,13,0,0,0,0,13,AST,DTC,2024-05-13
CM~Spon. Ad 1_CT~VID_VD~15s_PH~CONV_BO~TRF_PB~FB_PD~NEWSF,YR~24-Q1-01_CL~ASTRA_TA~ONC_DS~THEIR2Low_MB~Neurexa_CU~DTC_CA~B_PH~CONSD_BO~TRF_PB~FB_CN~18225-9-120399_FF~THEIR2Low Pixel RTA LAL,AN~Pixel Search RTA LAL_TG~LAL_DE~A25-65F_MA~ntl_RG~USA_PH~CONSD_BO~TRF_PB~FB_PD~NEWSF,551,593,5,0,0,0,0,0,0,5.19,0,0.0,52,0,0,0,0,47,AST,DTC,2024-05-13
CM~Spon. Ad 2_CT~VID_VD~15s_PH~CONV_BO~TRF_PB~FB_PD~NEWSF,YR~24-Q1-01_CL~ASTRA_TA~ONC_DS~THEIR2Low_MB~Neurexa_CU~DTC_CA~B_PH~CONSD_BO~TRF_PB~FB_CN~18225-9-120399_FF~THEIR2Low Pixel RTA LAL,AN~Pixel Search RTA LAL_TG~LAL_DE~A25-65F_MA~ntl_RG~USA_PH~CONSD_BO~TRF_PB~FB_PD~NEWSF,433,453,7,0,0,0,0,0,0,3.73,0,0.0,49,0,0,0,0,42,AST,DTC,2024-05-13
CM~Sponsored Ad1_CT~VID_VD~15s_PH~CONSD_BO~TRF_PB~IG_PD~NEWSF,YR~24-Q1-01_CL~ASTRA_TA~ONC_DS~THEIR2Low_MB~Neurexa_CU~DTC_CA~B_PH~CONSD_BO~TRF_PB~IG_CN~18225-9-120399_FF~THEIR2Low IG Pixel RTA,AN~Engagement RTA_TG~RT_DE~A25-65F_MA~ntl_RG~USA_PH~CONSD_BO~TRF_PB~IG_PD~NEWSF,573,624,3,0,0,0,0,0,0,12.95,0,3.0,125,0,0,0,0,119,AST,DTC,2024-05-13
CM~Sponsored Ad2_CT~VID_VD~15s_PH~CONSD_BO~TRF_PB~IG_PD~NEWSF,YR~24-Q1-01_CL~ASTRA_TA~ONC_DS~THEIR2Low_MB~Neurexa_CU~DTC_CA~B_PH~CONSD_BO~TRF_PB~IG_CN~18225-9-120399_FF~THEIR2Low IG Pixel RTA,AN~Engagement RTA_TG~RT_DE~A25-65F_MA~ntl_RG~USA_PH~CONSD_BO~TRF_PB~IG_PD~NEWSF,930,1119,4,0,0,0,0,0,0,15.57,0,1.0,174,0,0,0,0,169,AST,DTC,2024-05-13
CM~Sponsored Ad3_CT~VID_VD~15s_PH~CONSD_BO~TRF_PB~IG_PD~NEWSF,YR~24-Q1-01_CL~ASTRA_TA~ONC_DS~THEIR2Low_MB~Neurexa_CU~DTC_CA~B_PH~CONSD_BO~TRF_PB~IG_CN~18225-9-120399_FF~THEIR2Low IG Pixel RTA,AN~Engagement RTA_TG~RT_DE~A25-65F_MA~ntl_RG~USA_PH~CONSD_BO~TRF_PB~IG_PD~NEWSF,375,443,6,0,0,0,0,0,0,13.42,0,0.0,83,0,0,0,0,77,AST,DTC,2024-05-13
CM~Sponsored Ad1_CT~VID_VD~15s_PH~CONSD_BO~TRF_PB~IG_PD~NEWSF,YR~24-Q1-01_CL~ASTRA_TA~ONC_DS~THEIR2Low_MB~Neurexa_CU~DTC_CA~B_PH~CONSD_BO~TRF_PB~IG_CN~18225-9-120399_FF~THEIR2Low IG Pixel RTA,AN~Pixel Search RTA_TG~RT_DE~A25-65F_MA~ntl_RG~USA_PH~CONSD_BO~TRF_PB~IG_PD~NEWSF,102,112,1,0,0,0,0,0,0,2.55,0,0.0,40,0,0,0,0,39,AST,DTC,2024-05-13
CM~Sponsored Ad2_CT~VID_VD~15s_PH~CONSD_BO~TRF_PB~IG_PD~NEWSF,YR~24-Q1-01_CL~ASTRA_TA~ONC_DS~THEIR2Low_MB~Neurexa_CU~DTC_CA~B_PH~CONSD_BO~TRF_PB~IG_CN~18225-9-120399_FF~THEIR2Low IG Pixel RTA,AN~Pixel Search RTA_TG~RT_DE~A25-65F_MA~ntl_RG~USA_PH~CONSD_BO~TRF_PB~IG_PD~NEWSF,140,166,0,0,0,0,0,0,0,3.37,0,1.0,35,0,0,0,0,34,AST,DTC,2024-05-13
CM~Sponsored Ad3_CT~VID_VD~15s_PH~CONSD_BO~TRF_PB~IG_PD~NEWSF,YR~24-Q1-01_CL~ASTRA_TA~ONC_DS~THEIR2Low_MB~Neurexa_CU~DTC_CA~B_PH~CONSD_BO~TRF_PB~IG_CN~18225-9-120399_FF~THEIR2Low IG Pixel RTA,AN~Pixel Search RTA_TG~RT_DE~A25-65F_MA~ntl_RG~USA_PH~CONSD_BO~TRF_PB~IG_PD~NEWSF,23,28,0,0,0,0,0,0,0,0.83,0,0.0,8,0,0,0,0,8,AST,DTC,2024-05-13
CM~Sponsored Ad1_CT~VID_VD~15s_PH~CONSD_BO~TRF_PB~IG_PD~NEWSF,YR~24-Q1-01_CL~ASTRA_TA~ONC_DS~THEIR2Low_MB~Neurexa_CU~DTC_CA~B_PH~CONSD_BO~TRF_PB~IG_CN~18225-9-120399_FF~THEIR2Low IG Pixel RTA LAL,AN~Engagement RTALAL_TG~RT_DE~A25-65F_MA~ntl_RG~USA_PH~CONSD_BO~TRF_PB~IG_PD~NEWSF,27,28,0,0,0,0,0,0,0,0.59,0,0.0,8,0,0,0,0,8,AST,DTC,2024-05-13
CM~Sponsored Ad2_CT~VID_VD~15s_PH~CONSD_BO~TRF_PB~IG_PD~NEWSF,YR~24-Q1-01_CL~ASTRA_TA~ONC_DS~THEIR2Low_MB~Neurexa_CU~DTC_CA~B_PH~CONSD_BO~TRF_PB~IG_CN~18225-9-120399_FF~THEIR2Low IG Pixel RTA LAL,AN~Engagement RTALAL_TG~RT_DE~A25-65F_MA~ntl_RG~USA_PH~CONSD_BO~TRF_PB~IG_PD~NEWSF,1137,1224,11,0,0,0,0,0,0,15.38,0,1.0,317,0,0,0,0,305,AST,DTC,2024-05-13
CM~Sponsored Ad3_CT~VID_VD~15s_PH~CONSD_BO~TRF_PB~IG_PD~NEWSF,YR~24-Q1-01_CL~ASTRA_TA~ONC_DS~THEIR2Low_MB~Neurexa_CU~DTC_CA~B_PH~CONSD_BO~TRF_PB~IG_CN~18225-9-120399_FF~THEIR2Low IG Pixel RTA LAL,AN~Engagement RTALAL_TG~RT_DE~A25-65F_MA~ntl_RG~USA_PH~CONSD_BO~TRF_PB~IG_PD~NEWSF,63,66,0,0,0,0,0,0,0,0.84,0,0.0,15,0,0,0,0,15,AST,DTC,2024-05-13
CM~Sponsored Ad1_CT~VID_VD~15s_PH~CONSD_BO~TRF_PB~IG_PD~NEWSF,YR~24-Q1-01_CL~ASTRA_TA~ONC_DS~THEIR2Low_MB~Neurexa_CU~DTC_CA~B_PH~CONSD_BO~TRF_PB~IG_CN~18225-9-120399_FF~THEIR2Low IG Pixel RTA LAL,AN~Pixel Search RTALAL_TG~RT_DE~A25-65F_MA~ntl_RG~USA_PH~CONSD_BO~TRF_PB~IG_PD~NEWSF,1669,1826,10,0,0,0,0,0,0,35.56,0,8.0,576,0,0,0,0,558,AST,DTC,2024-05-13
CM~Sponsored Ad1_CT~VID_VD~15s_PH~CONSD_BO~TRF_PB~IG_PD~NEWSF,YR~24-Q1-01_CL~ASTRA_TA~ONC_DS~THEIR2Low_MB~Neurexa_CU~DTC_CA~B_PH~CONSD_BO~TRF_PB~IG_CN~18225-9-120399_FF~THEIR2Low IG PurpleLab,AN~DTC Purple Lab_TG~RT_DE~A25-65A_MA~ntl_RG~USA_PH~CONSD_BO~TRF_PB~FB_PD~NEWSF,679,730,3,0,0,0,0,0,0,13.71,0,1.0,298,0,0,0,0,294,AST,DTC,2024-05-13
CM~Sponsored Ad2_CT~VID_VD~15s_PH~CONSD_BO~TRF_PB~IG_PD~NEWSF,YR~24-Q1-01_CL~ASTRA_TA~ONC_DS~THEIR2Low_MB~Neurexa_CU~DTC_CA~B_PH~CONSD_BO~TRF_PB~IG_CN~18225-9-120399_FF~THEIR2Low IG PurpleLab,AN~DTC Purple Lab_TG~RT_DE~A25-65A_MA~ntl_RG~USA_PH~CONSD_BO~TRF_PB~FB_PD~NEWSF,2816,3455,20,0,0,0,0,0,0,49.98,0,1.0,707,0,0,0,0,686,AST,DTC,2024-05-13
CM~Sponsored Ad3_CT~VID_VD~15s_PH~CONSD_BO~TRF_PB~IG_PD~NEWSF,YR~24-Q1-01_CL~ASTRA_TA~ONC_DS~THEIR2Low_MB~Neurexa_CU~DTC_CA~B_PH~CONSD_BO~TRF_PB~IG_CN~18225-9-120399_FF~THEIR2Low IG PurpleLab,AN~DTC Purple Lab_TG~RT_DE~A25-65A_MA~ntl_RG~USA_PH~CONSD_BO~TRF_PB~FB_PD~NEWSF,263,325,3,0,0,0,0,0,0,6.72,0,1.0,81,0,0,0,0,77,AST,DTC,2024-05-13
CM~CRM Ad_CT~VID_VD~15s_PH~CONSD_BO~TRF_PB~FB_PD~NEWSF,YR~24-Q1-01_CL~ASTRA_TA~ONC_DS~THEIR2+ 2L_MB~Neurexa_CU~DTC_CA~B_PH~CONSD_BO~TRF_PB~FB_CN~18224-9-120398_FF~THEIR2+ 2L Engagement + Video RTA,AN~Engagement RTA_TG~RT_DE~A25-65F_MA~ntl_RG~USA_PH~CONSD_BO~TRF_PB~FB_PD~NEWSF,9139,11055,82,0,0,0,0,0,0,71.58,0,0.0,788,0,0,0,0,706,BZS,DTC,2024-05-13
CM~Educate Ad 2_CT~VID_VD~15s_PH~CONSD_BO~TRF_PB~FB_PD~NEWSF,YR~24-Q1-01_CL~ASTRA_TA~ONC_DS~THEIR2+ 2L_MB~Neurexa_CU~DTC_CA~B_PH~CONSD_BO~TRF_PB~FB_CN~18224-9-120398_FF~THEIR2+ 2L Engagement + Video RTA,AN~Engagement RTA_TG~RT_DE~A25-65F_MA~ntl_RG~USA_PH~CONSD_BO~TRF_PB~FB_PD~NEWSF,475,546,4,0,0,0,0,0,0,3.57,0,0.0,34,0,0,0,0,30,BZS,DTC,2024-05-13
CM~Educate Ad 3_CT~VID_VD~15s_PH~CONSD_BO~TRF_PB~FB_PD~NEWSF,YR~24-Q1-01_CL~ASTRA_TA~ONC_DS~THEIR2+ 2L_MB~Neurexa_CU~DTC_CA~B_PH~CONSD_BO~TRF_PB~FB_CN~18224-9-120398_FF~THEIR2+ 2L Engagement + Video RTA,AN~Engagement RTA_TG~RT_DE~A25-65F_MA~ntl_RG~USA_PH~CONSD_BO~TRF_PB~FB_PD~NEWSF,174,193,0,0,0,0,0,0,0,1.81,0,0.0,5,0,0,0,0,5,BZS,DTC,2024-05-13
CM~Results Ad_CT~VID_VD~15s_PH~CONSD_BO~TRF_PB~FB_PD~NEWSF,YR~24-Q1-01_CL~ASTRA_TA~ONC_DS~THEIR2+ 2L_MB~Neurexa_CU~DTC_CA~B_PH~CONSD_BO~TRF_PB~FB_CN~18224-9-120398_FF~THEIR2+ 2L Engagement + Video RTA,AN~Engagement RTA_TG~RT_DE~A25-65F_MA~ntl_RG~USA_PH~CONSD_BO~TRF_PB~FB_PD~NEWSF,1721,1961,22,0,0,0,0,0,0,12.87,0,0.0,147,0,0,0,0,125,BZS,DTC,2024-05-13
CM~Educate Ad 2_CT~VID_VD~15s_PH~CONSD_BO~TRF_PB~FB_PD~NEWSF,YR~24-Q1-01_CL~ASTRA_TA~ONC_DS~THEIR2+ 2L_MB~Neurexa_CU~DTC_CA~B_PH~CONSD_BO~TRF_PB~FB_CN~18224-9-120398_FF~THEIR2+ 2L Engagement + Video RTA,AN~Video RTA_TG~RT_DE~A25-65F_MA~ntl_RG~USA_PH~CONSD_BO~TRF_PB~FB_PD~NEWSF,20,22,0,0,0,0,0,0,0,0.16,0,0.0,2,0,0,0,0,2,BZS,DTC,2024-05-13
CM~CRM Ad_CT~VID_VD~15s_PH~CONSD_BO~TRF_PB~FB_PD~NEWSF - Copy,YR~24-Q1-01_CL~ASTRA_TA~ONC_DS~THEIR2+ 2L_MB~Neurexa_CU~DTC_CA~B_PH~CONSD_BO~TRF_PB~FB_CN~18224-9-120398_FF~THEIR2+ 2L Engagement + Video RTA,AN~Video RTA_TG~RT_DE~A25-65F_MA~ntl_RG~USA_PH~CONSD_BO~TRF_PB~FB_PD~NEWSF,404,574,5,0,0,0,0,0,0,4.19,0,0.0,71,0,0,0,0,66,BZS,DTC,2024-05-13
CM~Educate Ad 3_CT~VID_VD~15s_PH~CONSD_BO~TRF_PB~FB_PD~NEWSF,YR~24-Q1-01_CL~ASTRA_TA~ONC_DS~THEIR2+ 2L_MB~Neurexa_CU~DTC_CA~B_PH~CONSD_BO~TRF_PB~FB_CN~18224-9-120398_FF~THEIR2+ 2L Engagement + Video RTA,AN~Video RTA_TG~RT_DE~A25-65F_MA~ntl_RG~USA_PH~CONSD_BO~TRF_PB~FB_PD~NEWSF,7,8,0,0,0,0,0,0,0,0.04,0,0.0,0,0,0,0,0,0,BZS,DTC,2024-05-13
CM~Results Ad_CT~VID_VD~15s_PH~CONSD_BO~TRF_PB~FB_PD~NEWSF,YR~24-Q1-01_CL~ASTRA_TA~ONC_DS~THEIR2+ 2L_MB~Neurexa_CU~DTC_CA~B_PH~CONSD_BO~TRF_PB~FB_CN~18224-9-120398_FF~THEIR2+ 2L Engagement + Video RTA,AN~Video RTA_TG~RT_DE~A25-65F_MA~ntl_RG~USA_PH~CONSD_BO~TRF_PB~FB_PD~NEWSF,425,639,3,0,0,0,0,0,0,4.3,0,0.0,74,0,0,0,0,71,BZS,DTC,2024-05-13
CM~CRM Ad_CT~VID_VD~15s_PH~CONSD_BO~TRF_PB~FB_PD~NEWSF,YR~24-Q1-01_CL~ASTRA_TA~ONC_DS~THEIR2+ 2L_MB~Neurexa_CU~DTC_CA~B_PH~CONSD_BO~TRF_PB~FB_CN~18224-9-120398_FF~THEIR2+ 2L Engagement + Video RTA LAL,AN~Engagement RTA LAL_TG~RT_DE~A25-65F_MA~ntl_RG~USA_PH~CONSD_BO~TRF_PB~FB_PD~NEWSF,4847,5081,70,0,0,0,0,0,0,43.36,0,0.0,438,0,0,0,0,368,BZS,DTC,2024-05-13
CM~Educate Ad 2_CT~VID_VD~15s_PH~CONSD_BO~TRF_PB~FB_PD~NEWSF,YR~24-Q1-01_CL~ASTRA_TA~ONC_DS~THEIR2+ 2L_MB~Neurexa_CU~DTC_CA~B_PH~CONSD_BO~TRF_PB~FB_CN~18224-9-120398_FF~THEIR2+ 2L Engagement + Video RTA LAL,AN~Engagement RTA LAL_TG~RT_DE~A25-65F_MA~ntl_RG~USA_PH~CONSD_BO~TRF_PB~FB_PD~NEWSF,104,115,2,0,0,0,0,0,0,0.87,0,0.0,10,0,0,0,0,8,BZS,DTC,2024-05-13
CM~Educate Ad 3_CT~VID_VD~15s_PH~CONSD_BO~TRF_PB~FB_PD~NEWSF,YR~24-Q1-01_CL~ASTRA_TA~ONC_DS~THEIR2+ 2L_MB~Neurexa_CU~DTC_CA~B_PH~CONSD_BO~TRF_PB~FB_CN~18224-9-120398_FF~THEIR2+ 2L Engagement + Video RTA LAL,AN~Engagement RTA LAL_TG~RT_DE~A25-65F_MA~ntl_RG~USA_PH~CONSD_BO~TRF_PB~FB_PD~NEWSF,31,35,0,0,0,0,0,0,0,0.48,0,0.0,4,0,0,0,0,4,BZS,DTC,2024-05-13
CM~Results Ad_CT~VID_VD~15s_PH~CONSD_BO~TRF_PB~FB_PD~NEWSF,YR~24-Q1-01_CL~ASTRA_TA~ONC_DS~THEIR2+ 2L_MB~Neurexa_CU~DTC_CA~B_PH~CONSD_BO~TRF_PB~FB_CN~18224-9-120398_FF~THEIR2+ 2L Engagement + Video RTA LAL,AN~Engagement RTA LAL_TG~RT_DE~A25-65F_MA~ntl_RG~USA_PH~CONSD_BO~TRF_PB~FB_PD~NEWSF,434,457,9,0,0,0,0,0,0,2.59,0,0.0,44,0,0,0,0,35,BZS,DTC,2024-05-13
CM~CRM Ad_CT~VID_VD~15s_PH~CONSD_BO~TRF_PB~FB_PD~NEWSF,YR~24-Q1-01_CL~ASTRA_TA~ONC_DS~THEIR2+ 2L_MB~Neurexa_CU~DTC_CA~B_PH~CONSD_BO~TRF_PB~FB_CN~18224-9-120398_FF~THEIR2+ 2L Engagement + Video RTA LAL,AN~Video RTA LAL_TG~RT_DE~A25-65F_MA~ntl_RG~USA_PH~CONSD_BO~TRF_PB~FB_PD~NEWSF,2903,3061,35,0,0,0,0,0,0,21.84,0,0.0,278,0,0,0,0,243,BZS,DTC,2024-05-13
CM~Educate Ad 2_CT~VID_VD~15s_PH~CONSD_BO~TRF_PB~FB_PD~NEWSF,YR~24-Q1-01_CL~ASTRA_TA~ONC_DS~THEIR2+ 2L_MB~Neurexa_CU~DTC_CA~B_PH~CONSD_BO~TRF_PB~FB_CN~18224-9-120398_FF~THEIR2+ 2L Engagement + Video RTA LAL,AN~Video RTA LAL_TG~RT_DE~A25-65F_MA~ntl_RG~USA_PH~CONSD_BO~TRF_PB~FB_PD~NEWSF,119,132,2,0,0,0,0,0,0,0.73,0,0.0,10,0,0,0,0,8,BZS,DTC,2024-05-13
CM~Educate Ad 3_CT~VID_VD~15s_PH~CONSD_BO~TRF_PB~FB_PD~NEWSF,YR~24-Q1-01_CL~ASTRA_TA~ONC_DS~THEIR2+ 2L_MB~Neurexa_CU~DTC_CA~B_PH~CONSD_BO~TRF_PB~FB_CN~18224-9-120398_FF~THEIR2+ 2L Engagement + Video RTA LAL,AN~Video RTA LAL_TG~RT_DE~A25-65F_MA~ntl_RG~USA_PH~CONSD_BO~TRF_PB~FB_PD~NEWSF,78,82,2,0,0,0,0,0,0,1.17,0,0.0,7,0,0,0,0,5,BZS,DTC,2024-05-13
CM~Results Ad_CT~VID_VD~15s_PH~CONSD_BO~TRF_PB~FB_PD~NEWSF,YR~24-Q1-01_CL~ASTRA_TA~ONC_DS~THEIR2+ 2L_MB~Neurexa_CU~DTC_CA~B_PH~CONSD_BO~TRF_PB~FB_CN~18224-9-120398_FF~THEIR2+ 2L Engagement + Video RTA LAL,AN~Video RTA LAL_TG~RT_DE~A25-65F_MA~ntl_RG~USA_PH~CONSD_BO~TRF_PB~FB_PD~NEWSF,3389,3673,26,0,0,0,0,0,0,26.22,0,0.0,264,0,0,0,0,238,BZS,DTC,2024-05-13
CM~CRM Ad_CT~VID_VD~15s_PH~CONSD_BO~TRF_PB~FB_PD~NEWSF,YR~24-Q1-01_CL~ASTRA_TA~ONC_DS~THEIR2+ 2L_MB~Neurexa_CU~DTC_CA~B_PH~CONSD_BO~TRF_PB~FB_CN~18224-9-120398_FF~THEIR2+ 2L FB PurpleLab,AN~DTC Purple Lab_TG~RT_DE~A25-65A_MA~ntl_RG~USA_PH~CONSD_BO~TRF_PB~FB_PD~NEWSF,8691,10131,78,0,0,0,0,0,0,69.66,0,0.0,1002,0,0,0,0,924,BZS,DTC,2024-05-13
CM~Educate Ad 2_CT~VID_VD~15s_PH~CONSD_BO~TRF_PB~FB_PD~NEWSF,YR~24-Q1-01_CL~ASTRA_TA~ONC_DS~THEIR2+ 2L_MB~Neurexa_CU~DTC_CA~B_PH~CONSD_BO~TRF_PB~FB_CN~18224-9-120398_FF~THEIR2+ 2L FB PurpleLab,AN~DTC Purple Lab_TG~RT_DE~A25-65A_MA~ntl_RG~USA_PH~CONSD_BO~TRF_PB~FB_PD~NEWSF,339,400,3,0,0,0,0,0,0,2.21,0,0.0,35,0,0,0,0,32,BZS,DTC,2024-05-13
CM~Educate Ad 3_CT~VID_VD~15s_PH~CONSD_BO~TRF_PB~FB_PD~NEWSF,YR~24-Q1-01_CL~ASTRA_TA~ONC_DS~THEIR2+ 2L_MB~Neurexa_CU~DTC_CA~B_PH~CONSD_BO~TRF_PB~FB_CN~18224-9-120398_FF~THEIR2+ 2L FB PurpleLab,AN~DTC Purple Lab_TG~RT_DE~A25-65A_MA~ntl_RG~USA_PH~CONSD_BO~TRF_PB~FB_PD~NEWSF,115,129,0,0,0,0,0,0,0,0.95,0,0.0,8,0,0,0,0,8,BZS,DTC,2024-05-13
CM~Results Ad_CT~VID_VD~15s_PH~CONSD_BO~TRF_PB~FB_PD~NEWSF,YR~24-Q1-01_CL~ASTRA_TA~ONC_DS~THEIR2+ 2L_MB~Neurexa_CU~DTC_CA~B_PH~CONSD_BO~TRF_PB~FB_CN~18224-9-120398_FF~THEIR2+ 2L FB PurpleLab,AN~DTC Purple Lab_TG~RT_DE~A25-65A_MA~ntl_RG~USA_PH~CONSD_BO~TRF_PB~FB_PD~NEWSF,3594,4113,23,0,0,0,0,0,0,24.95,0,0.0,394,0,0,0,0,371,BZS,DTC,2024-05-13
CM~CRM Ad_CT~VID_VD~15s_PH~CONSD_BO~TRF_PB~FB_PD~NEWSF,YR~24-Q1-01_CL~ASTRA_TA~ONC_DS~THEIR2+ 2L_MB~Neurexa_CU~DTC_CA~B_PH~CONSD_BO~TRF_PB~FB_CN~18224-9-120398_FF~THEIR2+ 2L Pixel LAL,AN~Pixel LAL_TG~LAL_DE~A25-65F_MA~ntl_RG~USA_PH~CONSD_BO~TRF_PB~FB_PD~NEWSF,10146,11742,85,0,0,0,0,0,0,62.61,0,0.0,1039,0,0,0,0,954,BZS,DTC,2024-05-13
CM~Educate Ad 2_CT~VID_VD~15s_PH~CONSD_BO~TRF_PB~FB_PD~NEWSF,YR~24-Q1-01_CL~ASTRA_TA~ONC_DS~THEIR2+ 2L_MB~Neurexa_CU~DTC_CA~B_PH~CONSD_BO~TRF_PB~FB_CN~18224-9-120398_FF~THEIR2+ 2L Pixel LAL,AN~Pixel LAL_TG~LAL_DE~A25-65F_MA~ntl_RG~USA_PH~CONSD_BO~TRF_PB~FB_PD~NEWSF,833,1054,6,0,0,0,0,0,0,4.42,0,0.0,54,0,0,0,0,48,BZS,DTC,2024-05-13
CM~Educate Ad 3_CT~VID_VD~15s_PH~CONSD_BO~TRF_PB~FB_PD~NEWSF,YR~24-Q1-01_CL~ASTRA_TA~ONC_DS~THEIR2+ 2L_MB~Neurexa_CU~DTC_CA~B_PH~CONSD_BO~TRF_PB~FB_CN~18224-9-120398_FF~THEIR2+ 2L Pixel LAL,AN~Pixel LAL_TG~LAL_DE~A25-65F_MA~ntl_RG~USA_PH~CONSD_BO~TRF_PB~FB_PD~NEWSF,435,505,3,0,0,0,0,0,0,2.13,0,0.0,28,0,0,0,0,25,BZS,DTC,2024-05-13
CM~Results Ad_CT~VID_VD~15s_PH~CONSD_BO~TRF_PB~FB_PD~NEWSF,YR~24-Q1-01_CL~ASTRA_TA~ONC_DS~THEIR2+ 2L_MB~Neurexa_CU~DTC_CA~B_PH~CONSD_BO~TRF_PB~FB_CN~18224-9-120398_FF~THEIR2+ 2L Pixel LAL,AN~Pixel LAL_TG~LAL_DE~A25-65F_MA~ntl_RG~USA_PH~CONSD_BO~TRF_PB~FB_PD~NEWSF,3724,4431,33,0,0,0,0,0,0,20.74,0,0.0,393,0,0,0,0,360,BZS,DTC,2024-05-13
CM~CRM Ad_CT~VID_VD~15s_PH~CONSD_BO~TRF_PB~FB_PD~NEWSF,YR~24-Q1-01_CL~ASTRA_TA~ONC_DS~THEIR2+ 2L_MB~Neurexa_CU~DTC_CA~B_PH~CONSD_BO~TRF_PB~FB_CN~18224-9-120398_FF~THEIR2+ 2L Pixel LAL,AN~Pixel Search LAL_TG~LAL_DE~A25-65F_MA~ntl_RG~USA_PH~CONSD_BO~TRF_PB~FB_PD~NEWSF,995,1096,6,0,0,0,0,0,0,7.04,0,0.0,83,0,0,0,0,77,BZS,DTC,2024-05-13
CM~Educate Ad 2_CT~VID_VD~15s_PH~CONSD_BO~TRF_PB~FB_PD~NEWSF,YR~24-Q1-01_CL~ASTRA_TA~ONC_DS~THEIR2+ 2L_MB~Neurexa_CU~DTC_CA~B_PH~CONSD_BO~TRF_PB~FB_CN~18224-9-120398_FF~THEIR2+ 2L Pixel LAL,AN~Pixel Search LAL_TG~LAL_DE~A25-65F_MA~ntl_RG~USA_PH~CONSD_BO~TRF_PB~FB_PD~NEWSF,20,20,0,0,0,0,0,0,0,0.12,0,0.0,0,0,0,0,0,0,BZS,DTC,2024-05-13
CM~Educate Ad 3_CT~VID_VD~15s_PH~CONSD_BO~TRF_PB~FB_PD~NEWSF,YR~24-Q1-01_CL~ASTRA_TA~ONC_DS~THEIR2+ 2L_MB~Neurexa_CU~DTC_CA~B_PH~CONSD_BO~TRF_PB~FB_CN~18224-9-120398_FF~THEIR2+ 2L Pixel LAL,AN~Pixel Search LAL_TG~LAL_DE~A25-65F_MA~ntl_RG~USA_PH~CONSD_BO~TRF_PB~FB_PD~NEWSF,2,2,0,0,0,0,0,0,0,0.0,0,0.0,0,0,0,0,0,0,BZS,DTC,2024-05-13
CM~Results Ad_CT~VID_VD~15s_PH~CONSD_BO~TRF_PB~FB_PD~NEWSF,YR~24-Q1-01_CL~ASTRA_TA~ONC_DS~THEIR2+ 2L_MB~Neurexa_CU~DTC_CA~B_PH~CONSD_BO~TRF_PB~FB_CN~18224-9-120398_FF~THEIR2+ 2L Pixel LAL,AN~Pixel Search LAL_TG~LAL_DE~A25-65F_MA~ntl_RG~USA_PH~CONSD_BO~TRF_PB~FB_PD~NEWSF,254,274,1,0,0,0,0,0,0,1.35,0,0.0,18,0,0,0,0,17,BZS,DTC,2024-05-13
CM~CRM Ad_CT~VID_VD~15s_PH~CONSD_BO~TRF_PB~FB_PD~NEWSF,YR~24-Q1-01_CL~ASTRA_TA~ONC_DS~THEIR2+ 2L_MB~Neurexa_CU~DTC_CA~B_PH~CONSD_BO~TRF_PB~FB_CN~18224-9-120398_FF~THEIR2+ 2L Pixel RTA,AN~Pixel RTA_TG~RT_DE~A25-65F_MA~ntl_RG~USA_PH~CONSD_BO~TRF_PB~FB_PD~NEWSF,3419,4588,47,0,0,0,0,0,0,46.93,0,0.0,467,0,0,0,0,420,BZS,DTC,2024-05-13
CM~Educate Ad2_CT~VID_VD~15s_PH~CONSD_BO~TRF_PB~FB_PD~NEWSF,YR~24-Q1-01_CL~ASTRA_TA~ONC_DS~THEIR2+ 2L_MB~Neurexa_CU~DTC_CA~B_PH~CONSD_BO~TRF_PB~FB_CN~18224-9-120398_FF~THEIR2+ 2L Pixel RTA,AN~Pixel RTA_TG~RT_DE~A25-65F_MA~ntl_RG~USA_PH~CONSD_BO~TRF_PB~FB_PD~NEWSF,619,891,6,0,0,0,0,0,0,6.44,0,0.0,81,0,0,0,0,75,BZS,DTC,2024-05-13
CM~Educate Ad3_CT~VID_VD~15s_PH~CONSD_BO~TRF_PB~FB_PD~NEWSF,YR~24-Q1-01_CL~ASTRA_TA~ONC_DS~THEIR2+ 2L_MB~Neurexa_CU~DTC_CA~B_PH~CONSD_BO~TRF_PB~FB_CN~18224-9-120398_FF~THEIR2+ 2L Pixel RTA,AN~Pixel RTA_TG~RT_DE~A25-65F_MA~ntl_RG~USA_PH~CONSD_BO~TRF_PB~FB_PD~NEWSF,176,230,6,0,0,0,0,0,0,1.77,0,0.0,33,0,0,0,0,27,BZS,DTC,2024-05-13
CM~Results Ad_CT~VID_VD~15s_PH~CONSD_BO~TRF_PB~FB_PD~NEWSF,YR~24-Q1-01_CL~ASTRA_TA~ONC_DS~THEIR2+ 2L_MB~Neurexa_CU~DTC_CA~B_PH~CONSD_BO~TRF_PB~FB_CN~18224-9-120398_FF~THEIR2+ 2L Pixel RTA,AN~Pixel RTA_TG~RT_DE~A25-65F_MA~ntl_RG~USA_PH~CONSD_BO~TRF_PB~FB_PD~NEWSF,3184,4690,35,0,0,0,0,0,0,37.35,0,0.0,479,0,0,0,0,444,BZS,DTC,2024-05-13
CM~CRM Ad_CT~VID_VD~15s_PH~CONSD_BO~TRF_PB~FB_PD~NEWSF,YR~24-Q1-01_CL~ASTRA_TA~ONC_DS~THEIR2+ 2L_MB~Neurexa_CU~DTC_CA~B_PH~CONSD_BO~TRF_PB~FB_CN~18224-9-120398_FF~THEIR2+ 2L Pixel RTA,AN~Pixel Search RTA_TG~RT_DE~A25-65F_MA~ntl_RG~USA_PH~CONSD_BO~TRF_PB~FB_PD~NEWSF,612,901,7,0,0,0,0,0,0,8.53,0,0.0,78,0,0,0,0,71,BZS,DTC,2024-05-13
CM~SecondLineDressAd1_CT~VID_VD~15s_PH~CONSD_BO~TRF_PB~IG_PD~NEWSF,YR~24-Q1-01_CL~ASTRA_TA~ONC_DS~THEIR2+ 2L_MB~Neurexa_CU~DTC_CA~B_PH~CONSD_BO~TRF_PB~IG_CN~18224-9-120398_FF~THEIR2+ 2L IG Engagement + Video RTA LAL,AN~Engagement RTA LAL_TG~LAL_DE~A25-65F_MA~ntl_RG~USA_PH~CONSD_BO~TRF_PB~IG_PD~NEWSF,230,238,1,0,0,0,0,0,0,3.61,0,0.0,76,0,0,0,0,75,BZS,DTC,2024-05-13
CM~SecondLineWhiteFrameAd2_CT~VID_VD~15s_PH~CONSD_BO~TRF_PB~IG_PD~NEWSF,YR~24-Q1-01_CL~ASTRA_TA~ONC_DS~THEIR2+ 2L_MB~Neurexa_CU~DTC_CA~B_PH~CONSD_BO~TRF_PB~IG_CN~18224-9-120398_FF~THEIR2+ 2L IG Engagement + Video RTA LAL,AN~Engagement RTA LAL_TG~LAL_DE~A25-65F_MA~ntl_RG~USA_PH~CONSD_BO~TRF_PB~IG_PD~NEWSF,40,46,2,0,0,0,0,0,0,0.66,0,0.0,14,0,0,0,0,12,BZS,DTC,2024-05-13
CM~SecondLineDressAd1_CT~VID_VD~15s_PH~CONSD_BO~TRF_PB~IG_PD~NEWSF,YR~24-Q1-01_CL~ASTRA_TA~ONC_DS~THEIR2+ 2L_MB~Neurexa_CU~DTC_CA~B_PH~CONSD_BO~TRF_PB~IG_CN~18224-9-120398_FF~THEIR2+ 2L IG Engagement + Video RTA LAL,AN~Video RTA LAL_TG~LAL_DE~A25-65F_MA~ntl_RG~USA_PH~CONSD_BO~TRF_PB~IG_PD~NEWSF,1950,2086,38,0,0,0,0,0,0,28.46,0,7.0,616,0,0,0,0,571,BZS,DTC,2024-05-13
CM~SecondLineWhiteFrameAd2_CT~VID_VD~15s_PH~CONSD_BO~TRF_PB~IG_PD~NEWSF,YR~24-Q1-01_CL~ASTRA_TA~ONC_DS~THEIR2+ 2L_MB~Neurexa_CU~DTC_CA~B_PH~CONSD_BO~TRF_PB~IG_CN~18224-9-120398_FF~THEIR2+ 2L IG Engagement + Video RTA LAL,AN~Video RTA LAL_TG~LAL_DE~A25-65F_MA~ntl_RG~USA_PH~CONSD_BO~TRF_PB~IG_PD~NEWSF,164,170,2,0,0,0,0,0,0,2.38,0,0.0,51,0,0,0,0,49,BZS,DTC,2024-05-13
CM~SecondLineDressAd1_CT~VID_VD~15s_PH~CONSD_BO~TRF_PB~IG_PD~NEWSF,YR~24-Q1-01_CL~ASTRA_TA~ONC_DS~THEIR2+ 2L_MB~Neurexa_CU~DTC_CA~B_PH~CONSD_BO~TRF_PB~IG_CN~18224-9-120398_FF~THEIR2+ 2L IG Pixel LAL,AN~Pixel LAL_TG~LAL_DE~A25-65F_MA~ntl_RG~USA_PH~CONSD_BO~TRF_PB~IG_PD~NEWSF,1375,1619,17,0,0,0,0,0,0,23.43,0,3.0,399,0,0,0,0,379,BZS,DTC,2024-05-13
CM~SecondLineWhiteFrameAd2_CT~VID_VD~15s_PH~CONSD_BO~TRF_PB~IG_PD~NEWSF,YR~24-Q1-01_CL~ASTRA_TA~ONC_DS~THEIR2+ 2L_MB~Neurexa_CU~DTC_CA~B_PH~CONSD_BO~TRF_PB~IG_CN~18224-9-120398_FF~THEIR2+ 2L IG Pixel LAL,AN~Pixel LAL_TG~LAL_DE~A25-65F_MA~ntl_RG~USA_PH~CONSD_BO~TRF_PB~IG_PD~NEWSF,444,527,1,0,0,0,0,0,0,10.78,0,1.0,131,0,0,0,0,128,BZS,DTC,2024-05-13
CM~SecondLineDressAd1_CT~VID_VD~15s_PH~CONSD_BO~TRF_PB~IG_PD~NEWSF,YR~24-Q1-01_CL~ASTRA_TA~ONC_DS~THEIR2+ 2L_MB~Neurexa_CU~DTC_CA~B_PH~CONSD_BO~TRF_PB~IG_CN~18224-9-120398_FF~THEIR2+ 2L IG Pixel LAL,AN~Pixel Search LAL_TG~LAL_DE~A25-65F_MA~ntl_RG~USA_PH~CONSD_BO~TRF_PB~IG_PD~NEWSF,7,9,1,0,0,0,0,0,0,0.1,0,0.0,3,0,0,0,0,2,BZS,DTC,2024-05-13
CM~SecondLineDressAd1_CT~VID_VD~15s_PH~CONSD_BO~TRF_PB~IG_PD~NEWSF,YR~24-Q1-01_CL~ASTRA_TA~ONC_DS~THEIR2+ 2L_MB~Neurexa_CU~DTC_CA~B_PH~CONSD_BO~TRF_PB~IG_CN~18224-9-120398_FF~THEIR2+ 2L IG Pixel RTA,AN~Pixel RTA_TG~LAL_DE~A25-65F_MA~ntl_RG~USA_PH~CONSD_BO~TRF_PB~IG_PD~NEWSF,740,1057,8,0,0,0,0,0,0,17.84,0,1.0,176,0,0,0,0,167,BZS,DTC,2024-05-13
CM~SecondLineWhiteFrameAd2_CT~VID_VD~15s_PH~CONSD_BO~TRF_PB~IG_PD~NEWSF,YR~24-Q1-01_CL~ASTRA_TA~ONC_DS~THEIR2+ 2L_MB~Neurexa_CU~DTC_CA~B_PH~CONSD_BO~TRF_PB~IG_CN~18224-9-120398_FF~THEIR2+ 2L IG Pixel RTA,AN~Pixel RTA_TG~LAL_DE~A25-65F_MA~ntl_RG~USA_PH~CONSD_BO~TRF_PB~IG_PD~NEWSF,443,604,5,0,0,0,0,0,0,12.96,0,1.0,116,0,0,0,0,110,BZS,DTC,2024-05-13
CM~SecondLineDressAd1_CT~VID_VD~15s_PH~CONSD_BO~TRF_PB~IG_PD~NEWSF,YR~24-Q1-01_CL~ASTRA_TA~ONC_DS~THEIR2+ 2L_MB~Neurexa_CU~DTC_CA~B_PH~CONSD_BO~TRF_PB~IG_CN~18224-9-120398_FF~THEIR2+ 2L IG Pixel RTA,AN~Pixel Search RTA_TG~LAL_DE~A25-65F_MA~ntl_RG~USA_PH~CONSD_BO~TRF_PB~IG_PD~NEWSF,125,143,0,0,0,0,0,0,0,2.89,0,0.0,29,0,0,0,0,29,BZS,DTC,2024-05-13
CM~SecondLineWhiteFrameAd2_CT~VID_VD~15s_PH~CONSD_BO~TRF_PB~IG_PD~NEWSF,YR~24-Q1-01_CL~ASTRA_TA~ONC_DS~THEIR2+ 2L_MB~Neurexa_CU~DTC_CA~B_PH~CONSD_BO~TRF_PB~IG_CN~18224-9-120398_FF~THEIR2+ 2L IG Pixel RTA,AN~Pixel Search RTA_TG~LAL_DE~A25-65F_MA~ntl_RG~USA_PH~CONSD_BO~TRF_PB~IG_PD~NEWSF,61,74,0,0,0,0,0,0,0,1.55,0,0.0,16,0,0,0,0,16,BZS,DTC,2024-05-13
CM~SecondLineDressAd1_CT~VID_VD~15s_PH~CONSD_BO~TRF_PB~IG_PD~NEWSF,YR~24-Q1-01_CL~ASTRA_TA~ONC_DS~THEIR2+ 2L_MB~Neurexa_CU~DTC_CA~B_PH~CONSD_BO~TRF_PB~IG_CN~18224-9-120398_FF~THEIR2+ 2L IG PurpleLab,AN~DTC Purple Lab_TG~RT_DE~A25-65A_MA~ntl_RG~USA_PH~CONSD_BO~TRF_PB~FB_PD~NEWSF,1358,1619,8,0,0,0,0,0,0,25.76,0,3.0,389,0,0,0,0,378,BZS,DTC,2024-05-13
CM~SecondLineWhiteFrameAd2_CT~VID_VD~15s_PH~CONSD_BO~TRF_PB~IG_PD~NEWSF,YR~24-Q1-01_CL~ASTRA_TA~ONC_DS~THEIR2+ 2L_MB~Neurexa_CU~DTC_CA~B_PH~CONSD_BO~TRF_PB~IG_CN~18224-9-120398_FF~THEIR2+ 2L IG PurpleLab,AN~DTC Purple Lab_TG~RT_DE~A25-65A_MA~ntl_RG~USA_PH~CONSD_BO~TRF_PB~FB_PD~NEWSF,480,553,2,0,0,0,0,0,0,9.61,0,0.0,136,0,0,0,0,134,BZS,DTC,2024-05-13
CM~Spon. Ad 1_CT~VID_VD~15s_PH~CONV_BO~TRF_PB~FB_PD~NEWSF,YR~24-Q1-01_CL~ASTRA_TA~ONC_DS~THEIR2Low_MB~Neurexa_CU~DTC_CA~B_PH~CONSD_BO~TRF_PB~FB_CN~18225-9-120399_FF~THEIR2Low FB PurpleLab,AN~DTC Purple Lab_TG~RT_DE~A25-65A_MA~ntl_RG~USA_PH~CONSD_BO~TRF_PB~FB_PD~NEWSF,13090,15540,129,0,0,0,0,0,0,105.6,0,0.0,2041,0,0,0,0,1912,AST,DTC,2024-05-14
CM~Spon. Ad 2_CT~VID_VD~15s_PH~CONV_BO~TRF_PB~FB_PD~NEWSF,YR~24-Q1-01_CL~ASTRA_TA~ONC_DS~THEIR2Low_MB~Neurexa_CU~DTC_CA~B_PH~CONSD_BO~TRF_PB~FB_CN~18225-9-120399_FF~THEIR2Low FB PurpleLab,AN~DTC Purple Lab_TG~RT_DE~A25-65A_MA~ntl_RG~USA_PH~CONSD_BO~TRF_PB~FB_PD~NEWSF,944,969,8,0,0,0,0,0,0,7.3,0,0.0,95,0,0,0,0,87,AST,DTC,2024-05-14
CM~Spon. Ad 3_CT~VID_VD~30s_PH~CONV_BO~TRF_PB~FB_PD~NEWSF,YR~24-Q1-01_CL~ASTRA_TA~ONC_DS~THEIR2Low_MB~Neurexa_CU~DTC_CA~B_PH~CONSD_BO~TRF_PB~FB_CN~18225-9-120399_FF~THEIR2Low FB PurpleLab,AN~DTC Purple Lab_TG~RT_DE~A25-65A_MA~ntl_RG~USA_PH~CONSD_BO~TRF_PB~FB_PD~NEWSF,8663,11104,53,0,0,0,0,0,0,56.37,0,0.0,780,0,0,0,0,727,AST,DTC,2024-05-14
CM~Spon. Ad 1_CT~VID_VD~15s_PH~CONV_BO~TRF_PB~FB_PD~NEWSF,YR~24-Q1-01_CL~ASTRA_TA~ONC_DS~THEIR2Low_MB~Neurexa_CU~DTC_CA~B_PH~CONSD_BO~TRF_PB~FB_CN~18225-9-120399_FF~THEIR2Low Pixel RTA,AN~Engagement RTA_TG~RT_DE~A25-65F_MA~ntl_RG~USA_PH~CONSD_BO~TRF_PB~FB_PD~NEWSF,13885,18344,157,0,0,0,0,0,0,113.59,0,0.0,1667,0,0,0,0,1510,AST,DTC,2024-05-14
CM~Spon. Ad 2_CT~VID_VD~15s_PH~CONV_BO~TRF_PB~FB_PD~NEWSF,YR~24-Q1-01_CL~ASTRA_TA~ONC_DS~THEIR2Low_MB~Neurexa_CU~DTC_CA~B_PH~CONSD_BO~TRF_PB~FB_CN~18225-9-120399_FF~THEIR2Low Pixel RTA,AN~Engagement RTA_TG~RT_DE~A25-65F_MA~ntl_RG~USA_PH~CONSD_BO~TRF_PB~FB_PD~NEWSF,64,73,1,0,0,0,0,0,0,0.47,0,0.0,8,0,0,0,0,7,AST,DTC,2024-05-14
CM~Spon. Ad 3_CT~VID_VD~30s_PH~CONV_BO~TRF_PB~FB_PD~NEWSF,YR~24-Q1-01_CL~ASTRA_TA~ONC_DS~THEIR2Low_MB~Neurexa_CU~DTC_CA~B_PH~CONSD_BO~TRF_PB~FB_CN~18225-9-120399_FF~THEIR2Low Pixel RTA,AN~Engagement RTA_TG~RT_DE~A25-65F_MA~ntl_RG~USA_PH~CONSD_BO~TRF_PB~FB_PD~NEWSF,10217,14213,93,0,0,0,0,0,0,74.26,0,0.0,829,0,0,0,0,736,AST,DTC,2024-05-14
CM~Spon. Ad 2_CT~VID_VD~15s_PH~CONV_BO~TRF_PB~FB_PD~NEWSF,YR~24-Q1-01_CL~ASTRA_TA~ONC_DS~THEIR2Low_MB~Neurexa_CU~DTC_CA~B_PH~CONSD_BO~TRF_PB~FB_CN~18225-9-120399_FF~THEIR2Low Pixel RTA,AN~Pixel RTA_TG~RT_DE~A25-65F_MA~ntl_RG~USA_PH~CONSD_BO~TRF_PB~FB_PD~NEWSF,518,811,4,0,0,0,0,0,0,6.86,0,0.0,60,0,0,0,0,56,AST,DTC,2024-05-14
CM~Spon. Ad 1_CT~VID_VD~15s_PH~CONV_BO~TRF_PB~FB_PD~NEWSF,YR~24-Q1-01_CL~ASTRA_TA~ONC_DS~THEIR2Low_MB~Neurexa_CU~DTC_CA~B_PH~CONSD_BO~TRF_PB~FB_CN~18225-9-120399_FF~THEIR2Low Pixel RTA,AN~Pixel RTA_TG~RT_DE~A25-65F_MA~ntl_RG~USA_PH~CONSD_BO~TRF_PB~FB_PD~NEWSF,115,125,0,0,0,0,0,0,0,1.22,0,0.0,16,0,0,0,0,16,AST,DTC,2024-05-14
CM~Spon. Ad 1_CT~VID_VD~15s_PH~CONV_BO~TRF_PB~FB_PD~NEWSF,YR~24-Q1-01_CL~ASTRA_TA~ONC_DS~THEIR2Low_MB~Neurexa_CU~DTC_CA~B_PH~CONSD_BO~TRF_PB~FB_CN~18225-9-120399_FF~THEIR2Low Pixel RTA,AN~Pixel Search RTA_TG~RT_DE~A25-65F_MA~ntl_RG~USA_PH~CONSD_BO~TRF_PB~FB_PD~NEWSF,291,371,9,0,0,0,0,0,0,4.37,0,0.0,49,0,0,0,0,40,AST,DTC,2024-05-14
CM~Spon. Ad 2_CT~VID_VD~15s_PH~CONV_BO~TRF_PB~FB_PD~NEWSF,YR~24-Q1-01_CL~ASTRA_TA~ONC_DS~THEIR2Low_MB~Neurexa_CU~DTC_CA~B_PH~CONSD_BO~TRF_PB~FB_CN~18225-9-120399_FF~THEIR2Low Pixel RTA,AN~Pixel Search RTA_TG~RT_DE~A25-65F_MA~ntl_RG~USA_PH~CONSD_BO~TRF_PB~FB_PD~NEWSF,10,10,2,0,0,0,0,0,0,0.26,0,0.0,2,0,0,0,0,0,AST,DTC,2024-05-14
CM~Spon. Ad 3_CT~VID_VD~30s_PH~CONV_BO~TRF_PB~FB_PD~NEWSF,YR~24-Q1-01_CL~ASTRA_TA~ONC_DS~THEIR2Low_MB~Neurexa_CU~DTC_CA~B_PH~CONSD_BO~TRF_PB~FB_CN~18225-9-120399_FF~THEIR2Low Pixel RTA,AN~Pixel Search RTA_TG~RT_DE~A25-65F_MA~ntl_RG~USA_PH~CONSD_BO~TRF_PB~FB_PD~NEWSF,314,399,4,0,0,0,0,0,0,4.03,0,0.0,28,0,0,0,0,24,AST,DTC,2024-05-14
CM~Spon. Ad 1_CT~VID_VD~15s_PH~CONV_BO~TRF_PB~FB_PD~NEWSF,YR~24-Q1-01_CL~ASTRA_TA~ONC_DS~THEIR2Low_MB~Neurexa_CU~DTC_CA~B_PH~CONSD_BO~TRF_PB~FB_CN~18225-9-120399_FF~THEIR2Low Pixel RTA LAL,AN~Engagement RTA LAL_TG~LAL_DE~A25-65F_MA~ntl_RG~USA_PH~CONSD_BO~TRF_PB~FB_PD~NEWSF - Copy,11509,13559,89,0,0,0,0,0,0,66.58,0,0.0,1247,0,0,0,0,1158,AST,DTC,2024-05-14
CM~Spon. Ad 2_CT~VID_VD~15s_PH~CONV_BO~TRF_PB~FB_PD~NEWSF,YR~24-Q1-01_CL~ASTRA_TA~ONC_DS~THEIR2Low_MB~Neurexa_CU~DTC_CA~B_PH~CONSD_BO~TRF_PB~FB_CN~18225-9-120399_FF~THEIR2Low Pixel RTA LAL,AN~Engagement RTA LAL_TG~LAL_DE~A25-65F_MA~ntl_RG~USA_PH~CONSD_BO~TRF_PB~FB_PD~NEWSF - Copy,96,99,0,0,0,0,0,0,0,0.46,0,0.0,11,0,0,0,0,11,AST,DTC,2024-05-14
CM~Spon. Ad 3_CT~VID_VD~30s_PH~CONV_BO~TRF_PB~FB_PD~NEWSF,YR~24-Q1-01_CL~ASTRA_TA~ONC_DS~THEIR2Low_MB~Neurexa_CU~DTC_CA~B_PH~CONSD_BO~TRF_PB~FB_CN~18225-9-120399_FF~THEIR2Low Pixel RTA LAL,AN~Engagement RTA LAL_TG~LAL_DE~A25-65F_MA~ntl_RG~USA_PH~CONSD_BO~TRF_PB~FB_PD~NEWSF - Copy,25059,30521,166,0,0,0,0,0,0,123.44,0,0.0,1750,0,0,0,0,1584,AST,DTC,2024-05-14
CM~Spon. Ad 1_CT~VID_VD~15s_PH~CONV_BO~TRF_PB~FB_PD~NEWSF,YR~24-Q1-01_CL~ASTRA_TA~ONC_DS~THEIR2Low_MB~Neurexa_CU~DTC_CA~B_PH~CONSD_BO~TRF_PB~FB_CN~18225-9-120399_FF~THEIR2Low Pixel RTA LAL,AN~Pixel RTA LAL_TG~LAL_DE~A25-65F_MA~ntl_RG~USA_PH~CONSD_BO~TRF_PB~FB_PD~NEWSF,539,574,5,0,0,0,0,0,0,4.42,0,0.0,59,0,0,0,0,54,AST,DTC,2024-05-14
CM~Spon. Ad 2_CT~VID_VD~15s_PH~CONV_BO~TRF_PB~FB_PD~NEWSF,YR~24-Q1-01_CL~ASTRA_TA~ONC_DS~THEIR2Low_MB~Neurexa_CU~DTC_CA~B_PH~CONSD_BO~TRF_PB~FB_CN~18225-9-120399_FF~THEIR2Low Pixel RTA LAL,AN~Pixel RTA LAL_TG~LAL_DE~A25-65F_MA~ntl_RG~USA_PH~CONSD_BO~TRF_PB~FB_PD~NEWSF,549,571,7,0,0,0,0,0,0,4.19,0,0.0,51,0,0,0,0,44,AST,DTC,2024-05-14
CM~Spon. Ad 1_CT~VID_VD~15s_PH~CONV_BO~TRF_PB~FB_PD~NEWSF,YR~24-Q1-01_CL~ASTRA_TA~ONC_DS~THEIR2Low_MB~Neurexa_CU~DTC_CA~B_PH~CONSD_BO~TRF_PB~FB_CN~18225-9-120399_FF~THEIR2Low Pixel RTA LAL,AN~Pixel Search RTA LAL_TG~LAL_DE~A25-65F_MA~ntl_RG~USA_PH~CONSD_BO~TRF_PB~FB_PD~NEWSF,794,862,7,0,0,0,0,0,0,4.85,0,0.0,84,0,0,0,0,77,AST,DTC,2024-05-14
CM~Spon. Ad 2_CT~VID_VD~15s_PH~CONV_BO~TRF_PB~FB_PD~NEWSF,YR~24-Q1-01_CL~ASTRA_TA~ONC_DS~THEIR2Low_MB~Neurexa_CU~DTC_CA~B_PH~CONSD_BO~TRF_PB~FB_CN~18225-9-120399_FF~THEIR2Low Pixel RTA LAL,AN~Pixel Search RTA LAL_TG~LAL_DE~A25-65F_MA~ntl_RG~USA_PH~CONSD_BO~TRF_PB~FB_PD~NEWSF,235,239,2,0,0,0,0,0,0,2.51,0,0.0,24,0,0,0,0,22,AST,DTC,2024-05-14
CM~Sponsored Ad1_CT~VID_VD~15s_PH~CONSD_BO~TRF_PB~IG_PD~NEWSF,YR~24-Q1-01_CL~ASTRA_TA~ONC_DS~THEIR2Low_MB~Neurexa_CU~DTC_CA~B_PH~CONSD_BO~TRF_PB~IG_CN~18225-9-120399_FF~THEIR2Low IG Pixel RTA,AN~Engagement RTA_TG~RT_DE~A25-65F_MA~ntl_RG~USA_PH~CONSD_BO~TRF_PB~IG_PD~NEWSF,600,682,1,0,0,0,0,0,0,9.74,0,0.0,150,0,0,0,0,149,AST,DTC,2024-05-14
CM~Sponsored Ad2_CT~VID_VD~15s_PH~CONSD_BO~TRF_PB~IG_PD~NEWSF,YR~24-Q1-01_CL~ASTRA_TA~ONC_DS~THEIR2Low_MB~Neurexa_CU~DTC_CA~B_PH~CONSD_BO~TRF_PB~IG_CN~18225-9-120399_FF~THEIR2Low IG Pixel RTA,AN~Engagement RTA_TG~RT_DE~A25-65F_MA~ntl_RG~USA_PH~CONSD_BO~TRF_PB~IG_PD~NEWSF,1222,1564,9,0,0,0,0,0,0,21.93,0,2.0,259,0,0,0,0,248,AST,DTC,2024-05-14
CM~Sponsored Ad3_CT~VID_VD~15s_PH~CONSD_BO~TRF_PB~IG_PD~NEWSF,YR~24-Q1-01_CL~ASTRA_TA~ONC_DS~THEIR2Low_MB~Neurexa_CU~DTC_CA~B_PH~CONSD_BO~TRF_PB~IG_CN~18225-9-120399_FF~THEIR2Low IG Pixel RTA,AN~Engagement RTA_TG~RT_DE~A25-65F_MA~ntl_RG~USA_PH~CONSD_BO~TRF_PB~IG_PD~NEWSF,388,471,1,0,0,0,0,0,0,11.18,0,0.0,80,0,0,0,0,79,AST,DTC,2024-05-14
CM~Sponsored Ad1_CT~VID_VD~15s_PH~CONSD_BO~TRF_PB~IG_PD~NEWSF,YR~24-Q1-01_CL~ASTRA_TA~ONC_DS~THEIR2Low_MB~Neurexa_CU~DTC_CA~B_PH~CONSD_BO~TRF_PB~IG_CN~18225-9-120399_FF~THEIR2Low IG Pixel RTA,AN~Pixel Search RTA_TG~RT_DE~A25-65F_MA~ntl_RG~USA_PH~CONSD_BO~TRF_PB~IG_PD~NEWSF,142,154,0,0,0,0,0,0,0,3.87,0,1.0,34,0,0,0,0,33,AST,DTC,2024-05-14
CM~Sponsored Ad2_CT~VID_VD~15s_PH~CONSD_BO~TRF_PB~IG_PD~NEWSF,YR~24-Q1-01_CL~ASTRA_TA~ONC_DS~THEIR2Low_MB~Neurexa_CU~DTC_CA~B_PH~CONSD_BO~TRF_PB~IG_CN~18225-9-120399_FF~THEIR2Low IG Pixel RTA,AN~Pixel Search RTA_TG~RT_DE~A25-65F_MA~ntl_RG~USA_PH~CONSD_BO~TRF_PB~IG_PD~NEWSF,124,164,0,0,0,0,0,0,0,3.11,0,0.0,36,0,0,0,0,36,AST,DTC,2024-05-14
CM~Sponsored Ad3_CT~VID_VD~15s_PH~CONSD_BO~TRF_PB~IG_PD~NEWSF,YR~24-Q1-01_CL~ASTRA_TA~ONC_DS~THEIR2Low_MB~Neurexa_CU~DTC_CA~B_PH~CONSD_BO~TRF_PB~IG_CN~18225-9-120399_FF~THEIR2Low IG Pixel RTA,AN~Pixel Search RTA_TG~RT_DE~A25-65F_MA~ntl_RG~USA_PH~CONSD_BO~TRF_PB~IG_PD~NEWSF,8,8,0,0,0,0,0,0,0,0.18,0,0.0,4,0,0,0,0,4,AST,DTC,2024-05-14
CM~Sponsored Ad3_CT~VID_VD~15s_PH~CONSD_BO~TRF_PB~IG_PD~NEWSF,YR~24-Q1-01_CL~ASTRA_TA~ONC_DS~THEIR2Low_MB~Neurexa_CU~DTC_CA~B_PH~CONSD_BO~TRF_PB~IG_CN~18225-9-120399_FF~THEIR2Low IG Pixel RTA LAL,AN~Engagement RTALAL_TG~RT_DE~A25-65F_MA~ntl_RG~USA_PH~CONSD_BO~TRF_PB~IG_PD~NEWSF,71,71,1,0,0,0,0,0,0,0.81,0,0.0,15,0,0,0,0,14,AST,DTC,2024-05-14
CM~Sponsored Ad1_CT~VID_VD~15s_PH~CONSD_BO~TRF_PB~IG_PD~NEWSF,YR~24-Q1-01_CL~ASTRA_TA~ONC_DS~THEIR2Low_MB~Neurexa_CU~DTC_CA~B_PH~CONSD_BO~TRF_PB~IG_CN~18225-9-120399_FF~THEIR2Low IG Pixel RTA LAL,AN~Engagement RTALAL_TG~RT_DE~A25-65F_MA~ntl_RG~USA_PH~CONSD_BO~TRF_PB~IG_PD~NEWSF,40,43,3,0,0,0,0,0,0,0.69,0,0.0,14,0,0,0,0,11,AST,DTC,2024-05-14
CM~Sponsored Ad2_CT~VID_VD~15s_PH~CONSD_BO~TRF_PB~IG_PD~NEWSF,YR~24-Q1-01_CL~ASTRA_TA~ONC_DS~THEIR2Low_MB~Neurexa_CU~DTC_CA~B_PH~CONSD_BO~TRF_PB~IG_CN~18225-9-120399_FF~THEIR2Low IG Pixel RTA LAL,AN~Engagement RTALAL_TG~RT_DE~A25-65F_MA~ntl_RG~USA_PH~CONSD_BO~TRF_PB~IG_PD~NEWSF,1225,1313,11,0,0,0,0,0,0,15.61,0,1.0,356,0,0,0,0,344,AST,DTC,2024-05-14
CM~Sponsored Ad1_CT~VID_VD~15s_PH~CONSD_BO~TRF_PB~IG_PD~NEWSF,YR~24-Q1-01_CL~ASTRA_TA~ONC_DS~THEIR2Low_MB~Neurexa_CU~DTC_CA~B_PH~CONSD_BO~TRF_PB~IG_CN~18225-9-120399_FF~THEIR2Low IG Pixel RTA LAL,AN~Pixel Search RTALAL_TG~RT_DE~A25-65F_MA~ntl_RG~USA_PH~CONSD_BO~TRF_PB~IG_PD~NEWSF,1323,1470,6,0,0,0,0,0,0,22.97,0,1.0,414,0,0,0,0,407,AST,DTC,2024-05-14
CM~Sponsored Ad1_CT~VID_VD~15s_PH~CONSD_BO~TRF_PB~IG_PD~NEWSF,YR~24-Q1-01_CL~ASTRA_TA~ONC_DS~THEIR2Low_MB~Neurexa_CU~DTC_CA~B_PH~CONSD_BO~TRF_PB~IG_CN~18225-9-120399_FF~THEIR2Low IG PurpleLab,AN~DTC Purple Lab_TG~RT_DE~A25-65A_MA~ntl_RG~USA_PH~CONSD_BO~TRF_PB~FB_PD~NEWSF,668,714,1,0,0,0,0,0,0,11.52,0,0.0,289,0,0,0,0,288,AST,DTC,2024-05-14
CM~Sponsored Ad2_CT~VID_VD~15s_PH~CONSD_BO~TRF_PB~IG_PD~NEWSF,YR~24-Q1-01_CL~ASTRA_TA~ONC_DS~THEIR2Low_MB~Neurexa_CU~DTC_CA~B_PH~CONSD_BO~TRF_PB~IG_CN~18225-9-120399_FF~THEIR2Low IG PurpleLab,AN~DTC Purple Lab_TG~RT_DE~A25-65A_MA~ntl_RG~USA_PH~CONSD_BO~TRF_PB~FB_PD~NEWSF,3076,3739,19,0,0,0,0,0,0,51.45,0,8.0,775,0,0,0,0,748,AST,DTC,2024-05-14
CM~Sponsored Ad3_CT~VID_VD~15s_PH~CONSD_BO~TRF_PB~IG_PD~NEWSF,YR~24-Q1-01_CL~ASTRA_TA~ONC_DS~THEIR2Low_MB~Neurexa_CU~DTC_CA~B_PH~CONSD_BO~TRF_PB~IG_CN~18225-9-120399_FF~THEIR2Low IG PurpleLab,AN~DTC Purple Lab_TG~RT_DE~A25-65A_MA~ntl_RG~USA_PH~CONSD_BO~TRF_PB~FB_PD~NEWSF,251,283,2,0,0,0,0,0,0,5.64,0,0.0,69,0,0,0,0,67,AST,DTC,2024-05-14
CM~CRM Ad_CT~VID_VD~15s_PH~CONSD_BO~TRF_PB~FB_PD~NEWSF,YR~24-Q1-01_CL~ASTRA_TA~ONC_DS~THEIR2+ 2L_MB~Neurexa_CU~DTC_CA~B_PH~CONSD_BO~TRF_PB~FB_CN~18224-9-120398_FF~THEIR2+ 2L Engagement + Video RTA,AN~Engagement RTA_TG~RT_DE~A25-65F_MA~ntl_RG~USA_PH~CONSD_BO~TRF_PB~FB_PD~NEWSF,7349,8699,69,0,0,0,0,0,0,58.75,0,0.0,612,0,0,0,0,542,BZS,DTC,2024-05-14
CM~Educate Ad 2_CT~VID_VD~15s_PH~CONSD_BO~TRF_PB~FB_PD~NEWSF,YR~24-Q1-01_CL~ASTRA_TA~ONC_DS~THEIR2+ 2L_MB~Neurexa_CU~DTC_CA~B_PH~CONSD_BO~TRF_PB~FB_CN~18224-9-120398_FF~THEIR2+ 2L Engagement + Video RTA,AN~Engagement RTA_TG~RT_DE~A25-65F_MA~ntl_RG~USA_PH~CONSD_BO~TRF_PB~FB_PD~NEWSF,487,552,5,0,0,0,0,0,0,4.71,0,0.0,42,0,0,0,0,37,BZS,DTC,2024-05-14
CM~Educate Ad 3_CT~VID_VD~15s_PH~CONSD_BO~TRF_PB~FB_PD~NEWSF,YR~24-Q1-01_CL~ASTRA_TA~ONC_DS~THEIR2+ 2L_MB~Neurexa_CU~DTC_CA~B_PH~CONSD_BO~TRF_PB~FB_CN~18224-9-120398_FF~THEIR2+ 2L Engagement + Video RTA,AN~Engagement RTA_TG~RT_DE~A25-65F_MA~ntl_RG~USA_PH~CONSD_BO~TRF_PB~FB_PD~NEWSF,564,625,4,0,0,0,0,0,0,3.48,0,0.0,28,0,0,0,0,24,BZS,DTC,2024-05-14
CM~Results Ad_CT~VID_VD~15s_PH~CONSD_BO~TRF_PB~FB_PD~NEWSF,YR~24-Q1-01_CL~ASTRA_TA~ONC_DS~THEIR2+ 2L_MB~Neurexa_CU~DTC_CA~B_PH~CONSD_BO~TRF_PB~FB_CN~18224-9-120398_FF~THEIR2+ 2L Engagement + Video RTA,AN~Engagement RTA_TG~RT_DE~A25-65F_MA~ntl_RG~USA_PH~CONSD_BO~TRF_PB~FB_PD~NEWSF,3414,4044,25,0,0,0,0,0,0,26.12,0,0.0,246,0,0,0,0,221,BZS,DTC,2024-05-14
CM~Educate Ad 2_CT~VID_VD~15s_PH~CONSD_BO~TRF_PB~FB_PD~NEWSF,YR~24-Q1-01_CL~ASTRA_TA~ONC_DS~THEIR2+ 2L_MB~Neurexa_CU~DTC_CA~B_PH~CONSD_BO~TRF_PB~FB_CN~18224-9-120398_FF~THEIR2+ 2L Engagement + Video RTA,AN~Video RTA_TG~RT_DE~A25-65F_MA~ntl_RG~USA_PH~CONSD_BO~TRF_PB~FB_PD~NEWSF,2,2,0,0,0,0,0,0,0,0.02,0,0.0,1,0,0,0,0,1,BZS,DTC,2024-05-14
CM~CRM Ad_CT~VID_VD~15s_PH~CONSD_BO~TRF_PB~FB_PD~NEWSF - Copy,YR~24-Q1-01_CL~ASTRA_TA~ONC_DS~THEIR2+ 2L_MB~Neurexa_CU~DTC_CA~B_PH~CONSD_BO~TRF_PB~FB_CN~18224-9-120398_FF~THEIR2+ 2L Engagement + Video RTA,AN~Video RTA_TG~RT_DE~A25-65F_MA~ntl_RG~USA_PH~CONSD_BO~TRF_PB~FB_PD~NEWSF,333,435,0,0,0,0,0,0,0,3.26,0,0.0,47,0,0,0,0,47,BZS,DTC,2024-05-14
CM~Educate Ad 3_CT~VID_VD~15s_PH~CONSD_BO~TRF_PB~FB_PD~NEWSF,YR~24-Q1-01_CL~ASTRA_TA~ONC_DS~THEIR2+ 2L_MB~Neurexa_CU~DTC_CA~B_PH~CONSD_BO~TRF_PB~FB_CN~18224-9-120398_FF~THEIR2+ 2L Engagement + Video RTA,AN~Video RTA_TG~RT_DE~A25-65F_MA~ntl_RG~USA_PH~CONSD_BO~TRF_PB~FB_PD~NEWSF,4,4,0,0,0,0,0,0,0,0.03,0,0.0,0,0,0,0,0,0,BZS,DTC,2024-05-14
CM~Results Ad_CT~VID_VD~15s_PH~CONSD_BO~TRF_PB~FB_PD~NEWSF,YR~24-Q1-01_CL~ASTRA_TA~ONC_DS~THEIR2+ 2L_MB~Neurexa_CU~DTC_CA~B_PH~CONSD_BO~TRF_PB~FB_CN~18224-9-120398_FF~THEIR2+ 2L Engagement + Video RTA,AN~Video RTA_TG~RT_DE~A25-65F_MA~ntl_RG~USA_PH~CONSD_BO~TRF_PB~FB_PD~NEWSF,516,866,4,0,0,0,0,0,0,5.54,0,0.0,92,0,0,0,0,88,BZS,DTC,2024-05-14
CM~CRM Ad_CT~VID_VD~15s_PH~CONSD_BO~TRF_PB~FB_PD~NEWSF,YR~24-Q1-01_CL~ASTRA_TA~ONC_DS~THEIR2+ 2L_MB~Neurexa_CU~DTC_CA~B_PH~CONSD_BO~TRF_PB~FB_CN~18224-9-120398_FF~THEIR2+ 2L Engagement + Video RTA LAL,AN~Engagement RTA LAL_TG~RT_DE~A25-65F_MA~ntl_RG~USA_PH~CONSD_BO~TRF_PB~FB_PD~NEWSF,5588,6044,66,0,0,0,0,0,0,45.78,0,0.0,508,0,0,0,0,442,BZS,DTC,2024-05-14
CM~Educate Ad 2_CT~VID_VD~15s_PH~CONSD_BO~TRF_PB~FB_PD~NEWSF,YR~24-Q1-01_CL~ASTRA_TA~ONC_DS~THEIR2+ 2L_MB~Neurexa_CU~DTC_CA~B_PH~CONSD_BO~TRF_PB~FB_CN~18224-9-120398_FF~THEIR2+ 2L Engagement + Video RTA LAL,AN~Engagement RTA LAL_TG~RT_DE~A25-65F_MA~ntl_RG~USA_PH~CONSD_BO~TRF_PB~FB_PD~NEWSF,91,96,1,0,0,0,0,0,0,1.19,0,0.0,6,0,0,0,0,5,BZS,DTC,2024-05-14
CM~Educate Ad 3_CT~VID_VD~15s_PH~CONSD_BO~TRF_PB~FB_PD~NEWSF,YR~24-Q1-01_CL~ASTRA_TA~ONC_DS~THEIR2+ 2L_MB~Neurexa_CU~DTC_CA~B_PH~CONSD_BO~TRF_PB~FB_CN~18224-9-120398_FF~THEIR2+ 2L Engagement + Video RTA LAL,AN~Engagement RTA LAL_TG~RT_DE~A25-65F_MA~ntl_RG~USA_PH~CONSD_BO~TRF_PB~FB_PD~NEWSF,75,78,3,0,0,0,0,0,0,1.18,0,0.0,5,0,0,0,0,2,BZS,DTC,2024-05-14
CM~Results Ad_CT~VID_VD~15s_PH~CONSD_BO~TRF_PB~FB_PD~NEWSF,YR~24-Q1-01_CL~ASTRA_TA~ONC_DS~THEIR2+ 2L_MB~Neurexa_CU~DTC_CA~B_PH~CONSD_BO~TRF_PB~FB_CN~18224-9-120398_FF~THEIR2+ 2L Engagement + Video RTA LAL,AN~Engagement RTA LAL_TG~RT_DE~A25-65F_MA~ntl_RG~USA_PH~CONSD_BO~TRF_PB~FB_PD~NEWSF,548,559,11,0,0,0,0,0,0,4.5,0,0.0,49,0,0,0,0,38,BZS,DTC,2024-05-14
CM~CRM Ad_CT~VID_VD~15s_PH~CONSD_BO~TRF_PB~FB_PD~NEWSF,YR~24-Q1-01_CL~ASTRA_TA~ONC_DS~THEIR2+ 2L_MB~Neurexa_CU~DTC_CA~B_PH~CONSD_BO~TRF_PB~FB_CN~18224-9-120398_FF~THEIR2+ 2L Engagement + Video RTA LAL,AN~Video RTA LAL_TG~RT_DE~A25-65F_MA~ntl_RG~USA_PH~CONSD_BO~TRF_PB~FB_PD~NEWSF,3139,3260,39,0,0,0,0,0,0,24.52,0,0.0,331,0,0,0,0,292,BZS,DTC,2024-05-14
CM~Educate Ad 2_CT~VID_VD~15s_PH~CONSD_BO~TRF_PB~FB_PD~NEWSF,YR~24-Q1-01_CL~ASTRA_TA~ONC_DS~THEIR2+ 2L_MB~Neurexa_CU~DTC_CA~B_PH~CONSD_BO~TRF_PB~FB_CN~18224-9-120398_FF~THEIR2+ 2L Engagement + Video RTA LAL,AN~Video RTA LAL_TG~RT_DE~A25-65F_MA~ntl_RG~USA_PH~CONSD_BO~TRF_PB~FB_PD~NEWSF,118,127,1,0,0,0,0,0,0,1.17,0,0.0,8,0,0,0,0,7,BZS,DTC,2024-05-14
CM~Educate Ad 3_CT~VID_VD~15s_PH~CONSD_BO~TRF_PB~FB_PD~NEWSF,YR~24-Q1-01_CL~ASTRA_TA~ONC_DS~THEIR2+ 2L_MB~Neurexa_CU~DTC_CA~B_PH~CONSD_BO~TRF_PB~FB_CN~18224-9-120398_FF~THEIR2+ 2L Engagement + Video RTA LAL,AN~Video RTA LAL_TG~RT_DE~A25-65F_MA~ntl_RG~USA_PH~CONSD_BO~TRF_PB~FB_PD~NEWSF,161,173,14,0,0,0,0,0,0,5.55,0,0.0,22,0,0,0,0,8,BZS,DTC,2024-05-14
CM~Results Ad_CT~VID_VD~15s_PH~CONSD_BO~TRF_PB~FB_PD~NEWSF,YR~24-Q1-01_CL~ASTRA_TA~ONC_DS~THEIR2+ 2L_MB~Neurexa_CU~DTC_CA~B_PH~CONSD_BO~TRF_PB~FB_CN~18224-9-120398_FF~THEIR2+ 2L Engagement + Video RTA LAL,AN~Video RTA LAL_TG~RT_DE~A25-65F_MA~ntl_RG~USA_PH~CONSD_BO~TRF_PB~FB_PD~NEWSF,2866,3043,34,0,0,0,0,0,0,19.02,0,0.0,281,0,0,0,0,247,BZS,DTC,2024-05-14
CM~CRM Ad_CT~VID_VD~15s_PH~CONSD_BO~TRF_PB~FB_PD~NEWSF,YR~24-Q1-01_CL~ASTRA_TA~ONC_DS~THEIR2+ 2L_MB~Neurexa_CU~DTC_CA~B_PH~CONSD_BO~TRF_PB~FB_CN~18224-9-120398_FF~THEIR2+ 2L FB PurpleLab,AN~DTC Purple Lab_TG~RT_DE~A25-65A_MA~ntl_RG~USA_PH~CONSD_BO~TRF_PB~FB_PD~NEWSF,7344,8391,63,0,0,0,0,0,0,60.89,0,0.0,810,0,0,0,0,747,BZS,DTC,2024-05-14
CM~Educate Ad 2_CT~VID_VD~15s_PH~CONSD_BO~TRF_PB~FB_PD~NEWSF,YR~24-Q1-01_CL~ASTRA_TA~ONC_DS~THEIR2+ 2L_MB~Neurexa_CU~DTC_CA~B_PH~CONSD_BO~TRF_PB~FB_CN~18224-9-120398_FF~THEIR2+ 2L FB PurpleLab,AN~DTC Purple Lab_TG~RT_DE~A25-65A_MA~ntl_RG~USA_PH~CONSD_BO~TRF_PB~FB_PD~NEWSF,370,469,0,0,0,0,0,0,0,2.21,0,0.0,27,0,0,0,0,27,BZS,DTC,2024-05-14
CM~Educate Ad 3_CT~VID_VD~15s_PH~CONSD_BO~TRF_PB~FB_PD~NEWSF,YR~24-Q1-01_CL~ASTRA_TA~ONC_DS~THEIR2+ 2L_MB~Neurexa_CU~DTC_CA~B_PH~CONSD_BO~TRF_PB~FB_CN~18224-9-120398_FF~THEIR2+ 2L FB PurpleLab,AN~DTC Purple Lab_TG~RT_DE~A25-65A_MA~ntl_RG~USA_PH~CONSD_BO~TRF_PB~FB_PD~NEWSF,381,444,2,0,0,0,0,0,0,2.52,0,0.0,35,0,0,0,0,33,BZS,DTC,2024-05-14
CM~Results Ad_CT~VID_VD~15s_PH~CONSD_BO~TRF_PB~FB_PD~NEWSF,YR~24-Q1-01_CL~ASTRA_TA~ONC_DS~THEIR2+ 2L_MB~Neurexa_CU~DTC_CA~B_PH~CONSD_BO~TRF_PB~FB_CN~18224-9-120398_FF~THEIR2+ 2L FB PurpleLab,AN~DTC Purple Lab_TG~RT_DE~A25-65A_MA~ntl_RG~USA_PH~CONSD_BO~TRF_PB~FB_PD~NEWSF,5185,6147,49,0,0,0,0,0,0,36.1,0,0.0,643,0,0,0,0,594,BZS,DTC,2024-05-14
CM~CRM Ad_CT~VID_VD~15s_PH~CONSD_BO~TRF_PB~FB_PD~NEWSF,YR~24-Q1-01_CL~ASTRA_TA~ONC_DS~THEIR2+ 2L_MB~Neurexa_CU~DTC_CA~B_PH~CONSD_BO~TRF_PB~FB_CN~18224-9-120398_FF~THEIR2+ 2L Pixel LAL,AN~Pixel LAL_TG~LAL_DE~A25-65F_MA~ntl_RG~USA_PH~CONSD_BO~TRF_PB~FB_PD~NEWSF,9846,11233,94,0,0,0,0,0,0,61.85,0,0.0,1029,0,0,0,0,935,BZS,DTC,2024-05-14
CM~Educate Ad 2_CT~VID_VD~15s_PH~CONSD_BO~TRF_PB~FB_PD~NEWSF,YR~24-Q1-01_CL~ASTRA_TA~ONC_DS~THEIR2+ 2L_MB~Neurexa_CU~DTC_CA~B_PH~CONSD_BO~TRF_PB~FB_CN~18224-9-120398_FF~THEIR2+ 2L Pixel LAL,AN~Pixel LAL_TG~LAL_DE~A25-65F_MA~ntl_RG~USA_PH~CONSD_BO~TRF_PB~FB_PD~NEWSF,591,759,2,0,0,0,0,0,0,3.13,0,0.0,39,0,0,0,0,37,BZS,DTC,2024-05-14
CM~Educate Ad 3_CT~VID_VD~15s_PH~CONSD_BO~TRF_PB~FB_PD~NEWSF,YR~24-Q1-01_CL~ASTRA_TA~ONC_DS~THEIR2+ 2L_MB~Neurexa_CU~DTC_CA~B_PH~CONSD_BO~TRF_PB~FB_CN~18224-9-120398_FF~THEIR2+ 2L Pixel LAL,AN~Pixel LAL_TG~LAL_DE~A25-65F_MA~ntl_RG~USA_PH~CONSD_BO~TRF_PB~FB_PD~NEWSF,999,1166,4,0,0,0,0,0,0,4.66,0,0.0,77,0,0,0,0,73,BZS,DTC,2024-05-14
CM~Results Ad_CT~VID_VD~15s_PH~CONSD_BO~TRF_PB~FB_PD~NEWSF,YR~24-Q1-01_CL~ASTRA_TA~ONC_DS~THEIR2+ 2L_MB~Neurexa_CU~DTC_CA~B_PH~CONSD_BO~TRF_PB~FB_CN~18224-9-120398_FF~THEIR2+ 2L Pixel LAL,AN~Pixel LAL_TG~LAL_DE~A25-65F_MA~ntl_RG~USA_PH~CONSD_BO~TRF_PB~FB_PD~NEWSF,4954,5693,45,0,0,0,0,0,0,23.45,0,0.0,476,0,0,0,0,431,BZS,DTC,2024-05-14
CM~CRM Ad_CT~VID_VD~15s_PH~CONSD_BO~TRF_PB~FB_PD~NEWSF,YR~24-Q1-01_CL~ASTRA_TA~ONC_DS~THEIR2+ 2L_MB~Neurexa_CU~DTC_CA~B_PH~CONSD_BO~TRF_PB~FB_CN~18224-9-120398_FF~THEIR2+ 2L Pixel LAL,AN~Pixel Search LAL_TG~LAL_DE~A25-65F_MA~ntl_RG~USA_PH~CONSD_BO~TRF_PB~FB_PD~NEWSF,752,802,4,0,0,0,0,0,0,4.64,0,0.0,48,0,0,0,0,44,BZS,DTC,2024-05-14
CM~Educate Ad 2_CT~VID_VD~15s_PH~CONSD_BO~TRF_PB~FB_PD~NEWSF,YR~24-Q1-01_CL~ASTRA_TA~ONC_DS~THEIR2+ 2L_MB~Neurexa_CU~DTC_CA~B_PH~CONSD_BO~TRF_PB~FB_CN~18224-9-120398_FF~THEIR2+ 2L Pixel LAL,AN~Pixel Search LAL_TG~LAL_DE~A25-65F_MA~ntl_RG~USA_PH~CONSD_BO~TRF_PB~FB_PD~NEWSF,15,15,1,0,0,0,0,0,0,0.07,0,0.0,3,0,0,0,0,2,BZS,DTC,2024-05-14
CM~Educate Ad 3_CT~VID_VD~15s_PH~CONSD_BO~TRF_PB~FB_PD~NEWSF,YR~24-Q1-01_CL~ASTRA_TA~ONC_DS~THEIR2+ 2L_MB~Neurexa_CU~DTC_CA~B_PH~CONSD_BO~TRF_PB~FB_CN~18224-9-120398_FF~THEIR2+ 2L Pixel LAL,AN~Pixel Search LAL_TG~LAL_DE~A25-65F_MA~ntl_RG~USA_PH~CONSD_BO~TRF_PB~FB_PD~NEWSF,2,2,0,0,0,0,0,0,0,0.02,0,0.0,0,0,0,0,0,0,BZS,DTC,2024-05-14
CM~Results Ad_CT~VID_VD~15s_PH~CONSD_BO~TRF_PB~FB_PD~NEWSF,YR~24-Q1-01_CL~ASTRA_TA~ONC_DS~THEIR2+ 2L_MB~Neurexa_CU~DTC_CA~B_PH~CONSD_BO~TRF_PB~FB_CN~18224-9-120398_FF~THEIR2+ 2L Pixel LAL,AN~Pixel Search LAL_TG~LAL_DE~A25-65F_MA~ntl_RG~USA_PH~CONSD_BO~TRF_PB~FB_PD~NEWSF,535,569,6,0,0,0,0,0,0,3.15,0,0.0,34,0,0,0,0,28,BZS,DTC,2024-05-14
CM~CRM Ad_CT~VID_VD~15s_PH~CONSD_BO~TRF_PB~FB_PD~NEWSF,YR~24-Q1-01_CL~ASTRA_TA~ONC_DS~THEIR2+ 2L_MB~Neurexa_CU~DTC_CA~B_PH~CONSD_BO~TRF_PB~FB_CN~18224-9-120398_FF~THEIR2+ 2L Pixel RTA,AN~Pixel RTA_TG~RT_DE~A25-65F_MA~ntl_RG~USA_PH~CONSD_BO~TRF_PB~FB_PD~NEWSF,2899,3770,40,0,0,0,0,0,0,37.71,0,0.0,394,0,0,0,0,354,BZS,DTC,2024-05-14
CM~Educate Ad2_CT~VID_VD~15s_PH~CONSD_BO~TRF_PB~FB_PD~NEWSF,YR~24-Q1-01_CL~ASTRA_TA~ONC_DS~THEIR2+ 2L_MB~Neurexa_CU~DTC_CA~B_PH~CONSD_BO~TRF_PB~FB_CN~18224-9-120398_FF~THEIR2+ 2L Pixel RTA,AN~Pixel RTA_TG~RT_DE~A25-65F_MA~ntl_RG~USA_PH~CONSD_BO~TRF_PB~FB_PD~NEWSF,671,970,13,0,0,0,0,0,0,7.05,0,0.0,93,0,0,0,0,80,BZS,DTC,2024-05-14
CM~Educate Ad3_CT~VID_VD~15s_PH~CONSD_BO~TRF_PB~FB_PD~NEWSF,YR~24-Q1-01_CL~ASTRA_TA~ONC_DS~THEIR2+ 2L_MB~Neurexa_CU~DTC_CA~B_PH~CONSD_BO~TRF_PB~FB_CN~18224-9-120398_FF~THEIR2+ 2L Pixel RTA,AN~Pixel RTA_TG~RT_DE~A25-65F_MA~ntl_RG~USA_PH~CONSD_BO~TRF_PB~FB_PD~NEWSF,364,469,5,0,0,0,0,0,0,3.17,0,0.0,39,0,0,0,0,34,BZS,DTC,2024-05-14
CM~Results Ad_CT~VID_VD~15s_PH~CONSD_BO~TRF_PB~FB_PD~NEWSF,YR~24-Q1-01_CL~ASTRA_TA~ONC_DS~THEIR2+ 2L_MB~Neurexa_CU~DTC_CA~B_PH~CONSD_BO~TRF_PB~FB_CN~18224-9-120398_FF~THEIR2+ 2L Pixel RTA,AN~Pixel RTA_TG~RT_DE~A25-65F_MA~ntl_RG~USA_PH~CONSD_BO~TRF_PB~FB_PD~NEWSF,3925,5800,53,0,0,0,0,0,0,43.91,0,0.0,593,0,0,0,0,540,BZS,DTC,2024-05-14
CM~CRM Ad_CT~VID_VD~15s_PH~CONSD_BO~TRF_PB~FB_PD~NEWSF,YR~24-Q1-01_CL~ASTRA_TA~ONC_DS~THEIR2+ 2L_MB~Neurexa_CU~DTC_CA~B_PH~CONSD_BO~TRF_PB~FB_CN~18224-9-120398_FF~THEIR2+ 2L Pixel RTA,AN~Pixel Search RTA_TG~RT_DE~A25-65F_MA~ntl_RG~USA_PH~CONSD_BO~TRF_PB~FB_PD~NEWSF,693,1034,4,0,0,0,0,0,0,8.8,0,0.0,64,0,0,0,0,60,BZS,DTC,2024-05-14
CM~SecondLineDressAd1_CT~VID_VD~15s_PH~CONSD_BO~TRF_PB~IG_PD~NEWSF,YR~24-Q1-01_CL~ASTRA_TA~ONC_DS~THEIR2+ 2L_MB~Neurexa_CU~DTC_CA~B_PH~CONSD_BO~TRF_PB~IG_CN~18224-9-120398_FF~THEIR2+ 2L IG Engagement + Video RTA LAL,AN~Engagement RTA LAL_TG~LAL_DE~A25-65F_MA~ntl_RG~USA_PH~CONSD_BO~TRF_PB~IG_PD~NEWSF,261,266,5,0,0,0,0,0,0,3.86,0,0.0,98,0,0,0,0,93,BZS,DTC,2024-05-14
CM~SecondLineWhiteFrameAd2_CT~VID_VD~15s_PH~CONSD_BO~TRF_PB~IG_PD~NEWSF,YR~24-Q1-01_CL~ASTRA_TA~ONC_DS~THEIR2+ 2L_MB~Neurexa_CU~DTC_CA~B_PH~CONSD_BO~TRF_PB~IG_CN~18224-9-120398_FF~THEIR2+ 2L IG Engagement + Video RTA LAL,AN~Engagement RTA LAL_TG~LAL_DE~A25-65F_MA~ntl_RG~USA_PH~CONSD_BO~TRF_PB~IG_PD~NEWSF,16,16,1,0,0,0,0,0,0,0.25,0,0.0,4,0,0,0,0,3,BZS,DTC,2024-05-14
CM~SecondLineDressAd1_CT~VID_VD~15s_PH~CONSD_BO~TRF_PB~IG_PD~NEWSF,YR~24-Q1-01_CL~ASTRA_TA~ONC_DS~THEIR2+ 2L_MB~Neurexa_CU~DTC_CA~B_PH~CONSD_BO~TRF_PB~IG_CN~18224-9-120398_FF~THEIR2+ 2L IG Engagement + Video RTA LAL,AN~Video RTA LAL_TG~LAL_DE~A25-65F_MA~ntl_RG~USA_PH~CONSD_BO~TRF_PB~IG_PD~NEWSF,2014,2134,33,0,0,0,0,0,0,27.67,0,2.0,642,0,0,0,0,607,BZS,DTC,2024-05-14
CM~SecondLineWhiteFrameAd2_CT~VID_VD~15s_PH~CONSD_BO~TRF_PB~IG_PD~NEWSF,YR~24-Q1-01_CL~ASTRA_TA~ONC_DS~THEIR2+ 2L_MB~Neurexa_CU~DTC_CA~B_PH~CONSD_BO~TRF_PB~IG_CN~18224-9-120398_FF~THEIR2+ 2L IG Engagement + Video RTA LAL,AN~Video RTA LAL_TG~LAL_DE~A25-65F_MA~ntl_RG~USA_PH~CONSD_BO~TRF_PB~IG_PD~NEWSF,186,198,1,0,0,0,0,0,0,2.85,0,0.0,54,0,0,0,0,53,BZS,DTC,2024-05-14
CM~SecondLineDressAd1_CT~VID_VD~15s_PH~CONSD_BO~TRF_PB~IG_PD~NEWSF,YR~24-Q1-01_CL~ASTRA_TA~ONC_DS~THEIR2+ 2L_MB~Neurexa_CU~DTC_CA~B_PH~CONSD_BO~TRF_PB~IG_CN~18224-9-120398_FF~THEIR2+ 2L IG Pixel LAL,AN~Pixel LAL_TG~LAL_DE~A25-65F_MA~ntl_RG~USA_PH~CONSD_BO~TRF_PB~IG_PD~NEWSF,1518,1802,18,0,0,0,0,0,0,27.41,0,2.0,455,0,0,0,0,434,BZS,DTC,2024-05-14
CM~SecondLineWhiteFrameAd2_CT~VID_VD~15s_PH~CONSD_BO~TRF_PB~IG_PD~NEWSF,YR~24-Q1-01_CL~ASTRA_TA~ONC_DS~THEIR2+ 2L_MB~Neurexa_CU~DTC_CA~B_PH~CONSD_BO~TRF_PB~IG_CN~18224-9-120398_FF~THEIR2+ 2L IG Pixel LAL,AN~Pixel LAL_TG~LAL_DE~A25-65F_MA~ntl_RG~USA_PH~CONSD_BO~TRF_PB~IG_PD~NEWSF,371,448,2,0,0,0,0,0,0,8.02,0,1.0,94,0,0,0,0,91,BZS,DTC,2024-05-14
CM~SecondLineDressAd1_CT~VID_VD~15s_PH~CONSD_BO~TRF_PB~IG_PD~NEWSF,YR~24-Q1-01_CL~ASTRA_TA~ONC_DS~THEIR2+ 2L_MB~Neurexa_CU~DTC_CA~B_PH~CONSD_BO~TRF_PB~IG_CN~18224-9-120398_FF~THEIR2+ 2L IG Pixel LAL,AN~Pixel Search LAL_TG~LAL_DE~A25-65F_MA~ntl_RG~USA_PH~CONSD_BO~TRF_PB~IG_PD~NEWSF,1,1,0,0,0,0,0,0,0,0.01,0,0.0,1,0,0,0,0,1,BZS,DTC,2024-05-14
CM~SecondLineDressAd1_CT~VID_VD~15s_PH~CONSD_BO~TRF_PB~IG_PD~NEWSF,YR~24-Q1-01_CL~ASTRA_TA~ONC_DS~THEIR2+ 2L_MB~Neurexa_CU~DTC_CA~B_PH~CONSD_BO~TRF_PB~IG_CN~18224-9-120398_FF~THEIR2+ 2L IG Pixel RTA,AN~Pixel RTA_TG~LAL_DE~A25-65F_MA~ntl_RG~USA_PH~CONSD_BO~TRF_PB~IG_PD~NEWSF,778,1071,12,0,0,0,0,0,0,18.55,0,2.0,193,0,0,0,0,179,BZS,DTC,2024-05-14
CM~SecondLineWhiteFrameAd2_CT~VID_VD~15s_PH~CONSD_BO~TRF_PB~IG_PD~NEWSF,YR~24-Q1-01_CL~ASTRA_TA~ONC_DS~THEIR2+ 2L_MB~Neurexa_CU~DTC_CA~B_PH~CONSD_BO~TRF_PB~IG_CN~18224-9-120398_FF~THEIR2+ 2L IG Pixel RTA,AN~Pixel RTA_TG~LAL_DE~A25-65F_MA~ntl_RG~USA_PH~CONSD_BO~TRF_PB~IG_PD~NEWSF,387,522,2,0,0,0,0,0,0,11.41,0,3.0,108,0,0,0,0,103,BZS,DTC,2024-05-14
CM~SecondLineDressAd1_CT~VID_VD~15s_PH~CONSD_BO~TRF_PB~IG_PD~NEWSF,YR~24-Q1-01_CL~ASTRA_TA~ONC_DS~THEIR2+ 2L_MB~Neurexa_CU~DTC_CA~B_PH~CONSD_BO~TRF_PB~IG_CN~18224-9-120398_FF~THEIR2+ 2L IG Pixel RTA,AN~Pixel Search RTA_TG~LAL_DE~A25-65F_MA~ntl_RG~USA_PH~CONSD_BO~TRF_PB~IG_PD~NEWSF,137,162,1,0,0,0,0,0,0,3.2,0,1.0,35,0,0,0,0,33,BZS,DTC,2024-05-14
CM~SecondLineWhiteFrameAd2_CT~VID_VD~15s_PH~CONSD_BO~TRF_PB~IG_PD~NEWSF,YR~24-Q1-01_CL~ASTRA_TA~ONC_DS~THEIR2+ 2L_MB~Neurexa_CU~DTC_CA~B_PH~CONSD_BO~TRF_PB~IG_CN~18224-9-120398_FF~THEIR2+ 2L IG Pixel RTA,AN~Pixel Search RTA_TG~LAL_DE~A25-65F_MA~ntl_RG~USA_PH~CONSD_BO~TRF_PB~IG_PD~NEWSF,50,55,0,0,0,0,0,0,0,1.19,0,0.0,14,0,0,0,0,14,BZS,DTC,2024-05-14
CM~SecondLineDressAd1_CT~VID_VD~15s_PH~CONSD_BO~TRF_PB~IG_PD~NEWSF,YR~24-Q1-01_CL~ASTRA_TA~ONC_DS~THEIR2+ 2L_MB~Neurexa_CU~DTC_CA~B_PH~CONSD_BO~TRF_PB~IG_CN~18224-9-120398_FF~THEIR2+ 2L IG PurpleLab,AN~DTC Purple Lab_TG~RT_DE~A25-65A_MA~ntl_RG~USA_PH~CONSD_BO~TRF_PB~FB_PD~NEWSF,1402,1660,17,0,0,0,0,0,0,25.78,0,0.0,444,0,0,0,0,427,BZS,DTC,2024-05-14
CM~SecondLineWhiteFrameAd2_CT~VID_VD~15s_PH~CONSD_BO~TRF_PB~IG_PD~NEWSF,YR~24-Q1-01_CL~ASTRA_TA~ONC_DS~THEIR2+ 2L_MB~Neurexa_CU~DTC_CA~B_PH~CONSD_BO~TRF_PB~IG_CN~18224-9-120398_FF~THEIR2+ 2L IG PurpleLab,AN~DTC Purple Lab_TG~RT_DE~A25-65A_MA~ntl_RG~USA_PH~CONSD_BO~TRF_PB~FB_PD~NEWSF,397,466,2,0,0,0,0,0,0,8.75,0,0.0,129,0,0,0,0,127,BZS,DTC,2024-05-14
CM~Spon. Ad 1_CT~VID_VD~15s_PH~CONV_BO~TRF_PB~FB_PD~NEWSF,YR~24-Q1-01_CL~ASTRA_TA~ONC_DS~THEIR2Low_MB~Neurexa_CU~DTC_CA~B_PH~CONSD_BO~TRF_PB~FB_CN~18225-9-120399_FF~THEIR2Low FB PurpleLab,AN~DTC Purple Lab_TG~RT_DE~A25-65A_MA~ntl_RG~USA_PH~CONSD_BO~TRF_PB~FB_PD~NEWSF,14038,16708,123,0,0,0,0,0,0,116.8,0,0.0,2115,0,0,0,0,1992,AST,DTC,2024-05-15
CM~Spon. Ad 2_CT~VID_VD~15s_PH~CONV_BO~TRF_PB~FB_PD~NEWSF,YR~24-Q1-01_CL~ASTRA_TA~ONC_DS~THEIR2Low_MB~Neurexa_CU~DTC_CA~B_PH~CONSD_BO~TRF_PB~FB_CN~18225-9-120399_FF~THEIR2Low FB PurpleLab,AN~DTC Purple Lab_TG~RT_DE~A25-65A_MA~ntl_RG~USA_PH~CONSD_BO~TRF_PB~FB_PD~NEWSF,105,105,2,0,0,0,0,0,0,0.8,0,0.0,12,0,0,0,0,10,AST,DTC,2024-05-15
CM~Spon. Ad 3_CT~VID_VD~30s_PH~CONV_BO~TRF_PB~FB_PD~NEWSF,YR~24-Q1-01_CL~ASTRA_TA~ONC_DS~THEIR2Low_MB~Neurexa_CU~DTC_CA~B_PH~CONSD_BO~TRF_PB~FB_CN~18225-9-120399_FF~THEIR2Low FB PurpleLab,AN~DTC Purple Lab_TG~RT_DE~A25-65A_MA~ntl_RG~USA_PH~CONSD_BO~TRF_PB~FB_PD~NEWSF,6743,8755,66,0,0,0,0,0,0,42.64,0,0.0,650,0,0,0,0,584,AST,DTC,2024-05-15
CM~Spon. Ad 1_CT~VID_VD~15s_PH~CONV_BO~TRF_PB~FB_PD~NEWSF,YR~24-Q1-01_CL~ASTRA_TA~ONC_DS~THEIR2Low_MB~Neurexa_CU~DTC_CA~B_PH~CONSD_BO~TRF_PB~FB_CN~18225-9-120399_FF~THEIR2Low Pixel RTA,AN~Engagement RTA_TG~RT_DE~A25-65F_MA~ntl_RG~USA_PH~CONSD_BO~TRF_PB~FB_PD~NEWSF,11799,15780,141,0,0,0,0,0,0,99.95,0,0.0,1377,0,0,0,0,1236,AST,DTC,2024-05-15
CM~Spon. Ad 2_CT~VID_VD~15s_PH~CONV_BO~TRF_PB~FB_PD~NEWSF,YR~24-Q1-01_CL~ASTRA_TA~ONC_DS~THEIR2Low_MB~Neurexa_CU~DTC_CA~B_PH~CONSD_BO~TRF_PB~FB_CN~18225-9-120399_FF~THEIR2Low Pixel RTA,AN~Engagement RTA_TG~RT_DE~A25-65F_MA~ntl_RG~USA_PH~CONSD_BO~TRF_PB~FB_PD~NEWSF,173,185,0,0,0,0,0,0,0,1.34,0,0.0,15,0,0,0,0,15,AST,DTC,2024-05-15
CM~Spon. Ad 3_CT~VID_VD~30s_PH~CONV_BO~TRF_PB~FB_PD~NEWSF,YR~24-Q1-01_CL~ASTRA_TA~ONC_DS~THEIR2Low_MB~Neurexa_CU~DTC_CA~B_PH~CONSD_BO~TRF_PB~FB_CN~18225-9-120399_FF~THEIR2Low Pixel RTA,AN~Engagement RTA_TG~RT_DE~A25-65F_MA~ntl_RG~USA_PH~CONSD_BO~TRF_PB~FB_PD~NEWSF,10435,14256,119,0,0,0,0,0,0,75.86,0,0.0,949,0,0,0,0,830,AST,DTC,2024-05-15
CM~Spon. Ad 2_CT~VID_VD~15s_PH~CONV_BO~TRF_PB~FB_PD~NEWSF,YR~24-Q1-01_CL~ASTRA_TA~ONC_DS~THEIR2Low_MB~Neurexa_CU~DTC_CA~B_PH~CONSD_BO~TRF_PB~FB_CN~18225-9-120399_FF~THEIR2Low Pixel RTA,AN~Pixel RTA_TG~RT_DE~A25-65F_MA~ntl_RG~USA_PH~CONSD_BO~TRF_PB~FB_PD~NEWSF,420,605,5,0,0,0,0,0,0,6.3,0,0.0,52,0,0,0,0,47,AST,DTC,2024-05-15
CM~Spon. Ad 1_CT~VID_VD~15s_PH~CONV_BO~TRF_PB~FB_PD~NEWSF,YR~24-Q1-01_CL~ASTRA_TA~ONC_DS~THEIR2Low_MB~Neurexa_CU~DTC_CA~B_PH~CONSD_BO~TRF_PB~FB_CN~18225-9-120399_FF~THEIR2Low Pixel RTA,AN~Pixel RTA_TG~RT_DE~A25-65F_MA~ntl_RG~USA_PH~CONSD_BO~TRF_PB~FB_PD~NEWSF,216,268,2,0,0,0,0,0,0,2.94,0,0.0,22,0,0,0,0,20,AST,DTC,2024-05-15
CM~Spon. Ad 3_CT~VID_VD~30s_PH~CONV_BO~TRF_PB~FB_PD~NEWSF,YR~24-Q1-01_CL~ASTRA_TA~ONC_DS~THEIR2Low_MB~Neurexa_CU~DTC_CA~B_PH~CONSD_BO~TRF_PB~FB_CN~18225-9-120399_FF~THEIR2Low Pixel RTA,AN~Pixel Search RTA_TG~RT_DE~A25-65F_MA~ntl_RG~USA_PH~CONSD_BO~TRF_PB~FB_PD~NEWSF,360,474,8,0,0,0,0,0,0,4.08,0,0.0,39,0,0,0,0,31,AST,DTC,2024-05-15
CM~Spon. Ad 1_CT~VID_VD~15s_PH~CONV_BO~TRF_PB~FB_PD~NEWSF,YR~24-Q1-01_CL~ASTRA_TA~ONC_DS~THEIR2Low_MB~Neurexa_CU~DTC_CA~B_PH~CONSD_BO~TRF_PB~FB_CN~18225-9-120399_FF~THEIR2Low Pixel RTA,AN~Pixel Search RTA_TG~RT_DE~A25-65F_MA~ntl_RG~USA_PH~CONSD_BO~TRF_PB~FB_PD~NEWSF,286,353,3,0,0,0,0,0,0,4.01,0,0.0,34,0,0,0,0,31,AST,DTC,2024-05-15
CM~Spon. Ad 2_CT~VID_VD~15s_PH~CONV_BO~TRF_PB~FB_PD~NEWSF,YR~24-Q1-01_CL~ASTRA_TA~ONC_DS~THEIR2Low_MB~Neurexa_CU~DTC_CA~B_PH~CONSD_BO~TRF_PB~FB_CN~18225-9-120399_FF~THEIR2Low Pixel RTA,AN~Pixel Search RTA_TG~RT_DE~A25-65F_MA~ntl_RG~USA_PH~CONSD_BO~TRF_PB~FB_PD~NEWSF,44,50,0,0,0,0,0,0,0,0.5,0,0.0,4,0,0,0,0,4,AST,DTC,2024-05-15
CM~Spon. Ad 1_CT~VID_VD~15s_PH~CONV_BO~TRF_PB~FB_PD~NEWSF,YR~24-Q1-01_CL~ASTRA_TA~ONC_DS~THEIR2Low_MB~Neurexa_CU~DTC_CA~B_PH~CONSD_BO~TRF_PB~FB_CN~18225-9-120399_FF~THEIR2Low Pixel RTA LAL,AN~Engagement RTA LAL_TG~LAL_DE~A25-65F_MA~ntl_RG~USA_PH~CONSD_BO~TRF_PB~FB_PD~NEWSF - Copy,10464,11884,107,0,0,0,0,0,0,61.91,0,0.0,1165,0,0,0,0,1058,AST,DTC,2024-05-15
CM~Spon. Ad 2_CT~VID_VD~15s_PH~CONV_BO~TRF_PB~FB_PD~NEWSF,YR~24-Q1-01_CL~ASTRA_TA~ONC_DS~THEIR2Low_MB~Neurexa_CU~DTC_CA~B_PH~CONSD_BO~TRF_PB~FB_CN~18225-9-120399_FF~THEIR2Low Pixel RTA LAL,AN~Engagement RTA LAL_TG~LAL_DE~A25-65F_MA~ntl_RG~USA_PH~CONSD_BO~TRF_PB~FB_PD~NEWSF - Copy,40,44,0,0,0,0,0,0,0,0.21,0,0.0,2,0,0,0,0,2,AST,DTC,2024-05-15
CM~Spon. Ad 3_CT~VID_VD~30s_PH~CONV_BO~TRF_PB~FB_PD~NEWSF,YR~24-Q1-01_CL~ASTRA_TA~ONC_DS~THEIR2Low_MB~Neurexa_CU~DTC_CA~B_PH~CONSD_BO~TRF_PB~FB_CN~18225-9-120399_FF~THEIR2Low Pixel RTA LAL,AN~Engagement RTA LAL_TG~LAL_DE~A25-65F_MA~ntl_RG~USA_PH~CONSD_BO~TRF_PB~FB_PD~NEWSF - Copy,22256,26783,168,0,0,0,0,0,0,113.74,0,0.0,1625,0,0,0,0,1457,AST,DTC,2024-05-15
CM~Spon. Ad 1_CT~VID_VD~15s_PH~CONV_BO~TRF_PB~FB_PD~NEWSF,YR~24-Q1-01_CL~ASTRA_TA~ONC_DS~THEIR2Low_MB~Neurexa_CU~DTC_CA~B_PH~CONSD_BO~TRF_PB~FB_CN~18225-9-120399_FF~THEIR2Low Pixel RTA LAL,AN~Pixel RTA LAL_TG~LAL_DE~A25-65F_MA~ntl_RG~USA_PH~CONSD_BO~TRF_PB~FB_PD~NEWSF,156,160,0,0,0,0,0,0,0,1.17,0,0.0,19,0,0,0,0,19,AST,DTC,2024-05-15
CM~Spon. Ad 2_CT~VID_VD~15s_PH~CONV_BO~TRF_PB~FB_PD~NEWSF,YR~24-Q1-01_CL~ASTRA_TA~ONC_DS~THEIR2Low_MB~Neurexa_CU~DTC_CA~B_PH~CONSD_BO~TRF_PB~FB_CN~18225-9-120399_FF~THEIR2Low Pixel RTA LAL,AN~Pixel RTA LAL_TG~LAL_DE~A25-65F_MA~ntl_RG~USA_PH~CONSD_BO~TRF_PB~FB_PD~NEWSF,1059,1119,12,0,0,0,0,0,0,8.09,0,0.0,88,0,0,0,0,76,AST,DTC,2024-05-15
CM~Spon. Ad 1_CT~VID_VD~15s_PH~CONV_BO~TRF_PB~FB_PD~NEWSF,YR~24-Q1-01_CL~ASTRA_TA~ONC_DS~THEIR2Low_MB~Neurexa_CU~DTC_CA~B_PH~CONSD_BO~TRF_PB~FB_CN~18225-9-120399_FF~THEIR2Low Pixel RTA LAL,AN~Pixel Search RTA LAL_TG~LAL_DE~A25-65F_MA~ntl_RG~USA_PH~CONSD_BO~TRF_PB~FB_PD~NEWSF,961,1029,9,0,0,0,0,0,0,7.33,0,0.0,102,0,0,0,0,93,AST,DTC,2024-05-15
CM~Spon. Ad 2_CT~VID_VD~15s_PH~CONV_BO~TRF_PB~FB_PD~NEWSF,YR~24-Q1-01_CL~ASTRA_TA~ONC_DS~THEIR2Low_MB~Neurexa_CU~DTC_CA~B_PH~CONSD_BO~TRF_PB~FB_CN~18225-9-120399_FF~THEIR2Low Pixel RTA LAL,AN~Pixel Search RTA LAL_TG~LAL_DE~A25-65F_MA~ntl_RG~USA_PH~CONSD_BO~TRF_PB~FB_PD~NEWSF,141,144,1,0,0,0,0,0,0,1.18,0,0.0,13,0,0,0,0,12,AST,DTC,2024-05-15
CM~Sponsored Ad1_CT~VID_VD~15s_PH~CONSD_BO~TRF_PB~IG_PD~NEWSF,YR~24-Q1-01_CL~ASTRA_TA~ONC_DS~THEIR2Low_MB~Neurexa_CU~DTC_CA~B_PH~CONSD_BO~TRF_PB~IG_CN~18225-9-120399_FF~THEIR2Low IG Pixel RTA,AN~Engagement RTA_TG~RT_DE~A25-65F_MA~ntl_RG~USA_PH~CONSD_BO~TRF_PB~IG_PD~NEWSF,627,723,0,0,0,0,0,0,0,10.06,0,1.0,173,0,0,0,0,172,AST,DTC,2024-05-15
CM~Sponsored Ad2_CT~VID_VD~15s_PH~CONSD_BO~TRF_PB~IG_PD~NEWSF,YR~24-Q1-01_CL~ASTRA_TA~ONC_DS~THEIR2Low_MB~Neurexa_CU~DTC_CA~B_PH~CONSD_BO~TRF_PB~IG_CN~18225-9-120399_FF~THEIR2Low IG Pixel RTA,AN~Engagement RTA_TG~RT_DE~A25-65F_MA~ntl_RG~USA_PH~CONSD_BO~TRF_PB~IG_PD~NEWSF,1350,1685,5,0,0,0,0,0,0,23.81,0,4.0,283,0,0,0,0,274,AST,DTC,2024-05-15
CM~Sponsored Ad3_CT~VID_VD~15s_PH~CONSD_BO~TRF_PB~IG_PD~NEWSF,YR~24-Q1-01_CL~ASTRA_TA~ONC_DS~THEIR2Low_MB~Neurexa_CU~DTC_CA~B_PH~CONSD_BO~TRF_PB~IG_CN~18225-9-120399_FF~THEIR2Low IG Pixel RTA,AN~Engagement RTA_TG~RT_DE~A25-65F_MA~ntl_RG~USA_PH~CONSD_BO~TRF_PB~IG_PD~NEWSF,457,543,2,0,0,0,0,0,0,7.49,0,0.0,89,0,0,0,0,87,AST,DTC,2024-05-15
CM~Sponsored Ad1_CT~VID_VD~15s_PH~CONSD_BO~TRF_PB~IG_PD~NEWSF,YR~24-Q1-01_CL~ASTRA_TA~ONC_DS~THEIR2Low_MB~Neurexa_CU~DTC_CA~B_PH~CONSD_BO~TRF_PB~IG_CN~18225-9-120399_FF~THEIR2Low IG Pixel RTA,AN~Pixel Search RTA_TG~RT_DE~A25-65F_MA~ntl_RG~USA_PH~CONSD_BO~TRF_PB~IG_PD~NEWSF,143,152,2,0,0,0,0,0,0,4.07,0,0.0,35,0,0,0,0,33,AST,DTC,2024-05-15
CM~Sponsored Ad2_CT~VID_VD~15s_PH~CONSD_BO~TRF_PB~IG_PD~NEWSF,YR~24-Q1-01_CL~ASTRA_TA~ONC_DS~THEIR2Low_MB~Neurexa_CU~DTC_CA~B_PH~CONSD_BO~TRF_PB~IG_CN~18225-9-120399_FF~THEIR2Low IG Pixel RTA,AN~Pixel Search RTA_TG~RT_DE~A25-65F_MA~ntl_RG~USA_PH~CONSD_BO~TRF_PB~IG_PD~NEWSF,154,183,0,0,0,0,0,0,0,3.27,0,0.0,28,0,0,0,0,28,AST,DTC,2024-05-15
CM~Sponsored Ad1_CT~VID_VD~15s_PH~CONSD_BO~TRF_PB~IG_PD~NEWSF,YR~24-Q1-01_CL~ASTRA_TA~ONC_DS~THEIR2Low_MB~Neurexa_CU~DTC_CA~B_PH~CONSD_BO~TRF_PB~IG_CN~18225-9-120399_FF~THEIR2Low IG Pixel RTA LAL,AN~Engagement RTALAL_TG~RT_DE~A25-65F_MA~ntl_RG~USA_PH~CONSD_BO~TRF_PB~IG_PD~NEWSF,49,49,1,0,0,0,0,0,0,0.79,0,0.0,15,0,0,0,0,14,AST,DTC,2024-05-15
CM~Sponsored Ad2_CT~VID_VD~15s_PH~CONSD_BO~TRF_PB~IG_PD~NEWSF,YR~24-Q1-01_CL~ASTRA_TA~ONC_DS~THEIR2Low_MB~Neurexa_CU~DTC_CA~B_PH~CONSD_BO~TRF_PB~IG_CN~18225-9-120399_FF~THEIR2Low IG Pixel RTA LAL,AN~Engagement RTALAL_TG~RT_DE~A25-65F_MA~ntl_RG~USA_PH~CONSD_BO~TRF_PB~IG_PD~NEWSF,1089,1150,11,0,0,0,0,0,0,14.44,0,0.0,339,0,0,0,0,328,AST,DTC,2024-05-15
CM~Sponsored Ad3_CT~VID_VD~15s_PH~CONSD_BO~TRF_PB~IG_PD~NEWSF,YR~24-Q1-01_CL~ASTRA_TA~ONC_DS~THEIR2Low_MB~Neurexa_CU~DTC_CA~B_PH~CONSD_BO~TRF_PB~IG_CN~18225-9-120399_FF~THEIR2Low IG Pixel RTA LAL,AN~Engagement RTALAL_TG~RT_DE~A25-65F_MA~ntl_RG~USA_PH~CONSD_BO~TRF_PB~IG_PD~NEWSF,59,63,0,0,0,0,0,0,0,0.91,0,0.0,12,0,0,0,0,12,AST,DTC,2024-05-15
CM~Sponsored Ad1_CT~VID_VD~15s_PH~CONSD_BO~TRF_PB~IG_PD~NEWSF,YR~24-Q1-01_CL~ASTRA_TA~ONC_DS~THEIR2Low_MB~Neurexa_CU~DTC_CA~B_PH~CONSD_BO~TRF_PB~IG_CN~18225-9-120399_FF~THEIR2Low IG Pixel RTA LAL,AN~Pixel Search RTALAL_TG~RT_DE~A25-65F_MA~ntl_RG~USA_PH~CONSD_BO~TRF_PB~IG_PD~NEWSF,1304,1434,3,0,0,0,0,0,0,21.15,0,4.0,387,0,0,0,0,380,AST,DTC,2024-05-15
CM~Sponsored Ad1_CT~VID_VD~15s_PH~CONSD_BO~TRF_PB~IG_PD~NEWSF,YR~24-Q1-01_CL~ASTRA_TA~ONC_DS~THEIR2Low_MB~Neurexa_CU~DTC_CA~B_PH~CONSD_BO~TRF_PB~IG_CN~18225-9-120399_FF~THEIR2Low IG PurpleLab,AN~DTC Purple Lab_TG~RT_DE~A25-65A_MA~ntl_RG~USA_PH~CONSD_BO~TRF_PB~FB_PD~NEWSF,586,651,4,0,0,0,0,0,0,10.58,0,2.0,249,0,0,0,0,243,AST,DTC,2024-05-15
CM~Sponsored Ad2_CT~VID_VD~15s_PH~CONSD_BO~TRF_PB~IG_PD~NEWSF,YR~24-Q1-01_CL~ASTRA_TA~ONC_DS~THEIR2Low_MB~Neurexa_CU~DTC_CA~B_PH~CONSD_BO~TRF_PB~IG_CN~18225-9-120399_FF~THEIR2Low IG PurpleLab,AN~DTC Purple Lab_TG~RT_DE~A25-65A_MA~ntl_RG~USA_PH~CONSD_BO~TRF_PB~FB_PD~NEWSF,3104,3840,18,0,0,0,0,0,0,50.78,0,1.0,758,0,0,0,0,739,AST,DTC,2024-05-15
CM~Sponsored Ad3_CT~VID_VD~15s_PH~CONSD_BO~TRF_PB~IG_PD~NEWSF,YR~24-Q1-01_CL~ASTRA_TA~ONC_DS~THEIR2Low_MB~Neurexa_CU~DTC_CA~B_PH~CONSD_BO~TRF_PB~IG_CN~18225-9-120399_FF~THEIR2Low IG PurpleLab,AN~DTC Purple Lab_TG~RT_DE~A25-65A_MA~ntl_RG~USA_PH~CONSD_BO~TRF_PB~FB_PD~NEWSF,194,236,1,0,0,0,0,0,0,4.44,0,0.0,53,0,0,0,0,52,AST,DTC,2024-05-15
CM~CRM Ad_CT~VID_VD~15s_PH~CONSD_BO~TRF_PB~FB_PD~NEWSF,YR~24-Q1-01_CL~ASTRA_TA~ONC_DS~THEIR2+ 2L_MB~Neurexa_CU~DTC_CA~B_PH~CONSD_BO~TRF_PB~FB_CN~18224-9-120398_FF~THEIR2+ 2L Engagement + Video RTA,AN~Engagement RTA_TG~RT_DE~A25-65F_MA~ntl_RG~USA_PH~CONSD_BO~TRF_PB~FB_PD~NEWSF,7319,8358,67,0,0,0,0,0,0,55.87,0,0.0,630,0,0,0,0,563,BZS,DTC,2024-05-15
CM~Educate Ad 2_CT~VID_VD~15s_PH~CONSD_BO~TRF_PB~FB_PD~NEWSF,YR~24-Q1-01_CL~ASTRA_TA~ONC_DS~THEIR2+ 2L_MB~Neurexa_CU~DTC_CA~B_PH~CONSD_BO~TRF_PB~FB_CN~18224-9-120398_FF~THEIR2+ 2L Engagement + Video RTA,AN~Engagement RTA_TG~RT_DE~A25-65F_MA~ntl_RG~USA_PH~CONSD_BO~TRF_PB~FB_PD~NEWSF,270,300,4,0,0,0,0,0,0,2.42,0,0.0,25,0,0,0,0,21,BZS,DTC,2024-05-15
CM~Educate Ad 3_CT~VID_VD~15s_PH~CONSD_BO~TRF_PB~FB_PD~NEWSF,YR~24-Q1-01_CL~ASTRA_TA~ONC_DS~THEIR2+ 2L_MB~Neurexa_CU~DTC_CA~B_PH~CONSD_BO~TRF_PB~FB_CN~18224-9-120398_FF~THEIR2+ 2L Engagement + Video RTA,AN~Engagement RTA_TG~RT_DE~A25-65F_MA~ntl_RG~USA_PH~CONSD_BO~TRF_PB~FB_PD~NEWSF,524,591,3,0,0,0,0,0,0,3.12,0,0.0,28,0,0,0,0,25,BZS,DTC,2024-05-15
CM~Results Ad_CT~VID_VD~15s_PH~CONSD_BO~TRF_PB~FB_PD~NEWSF,YR~24-Q1-01_CL~ASTRA_TA~ONC_DS~THEIR2+ 2L_MB~Neurexa_CU~DTC_CA~B_PH~CONSD_BO~TRF_PB~FB_CN~18224-9-120398_FF~THEIR2+ 2L Engagement + Video RTA,AN~Engagement RTA_TG~RT_DE~A25-65F_MA~ntl_RG~USA_PH~CONSD_BO~TRF_PB~FB_PD~NEWSF,3850,4328,43,0,0,0,0,0,0,28.29,0,0.0,347,0,0,0,0,304,BZS,DTC,2024-05-15
CM~CRM Ad_CT~VID_VD~15s_PH~CONSD_BO~TRF_PB~FB_PD~NEWSF - Copy,YR~24-Q1-01_CL~ASTRA_TA~ONC_DS~THEIR2+ 2L_MB~Neurexa_CU~DTC_CA~B_PH~CONSD_BO~TRF_PB~FB_CN~18224-9-120398_FF~THEIR2+ 2L Engagement + Video RTA,AN~Video RTA_TG~RT_DE~A25-65F_MA~ntl_RG~USA_PH~CONSD_BO~TRF_PB~FB_PD~NEWSF,268,362,4,0,0,0,0,0,0,2.85,0,0.0,36,0,0,0,0,32,BZS,DTC,2024-05-15
CM~Educate Ad 2_CT~VID_VD~15s_PH~CONSD_BO~TRF_PB~FB_PD~NEWSF,YR~24-Q1-01_CL~ASTRA_TA~ONC_DS~THEIR2+ 2L_MB~Neurexa_CU~DTC_CA~B_PH~CONSD_BO~TRF_PB~FB_CN~18224-9-120398_FF~THEIR2+ 2L Engagement + Video RTA,AN~Video RTA_TG~RT_DE~A25-65F_MA~ntl_RG~USA_PH~CONSD_BO~TRF_PB~FB_PD~NEWSF,43,61,0,0,0,0,0,0,0,0.31,0,0.0,7,0,0,0,0,7,BZS,DTC,2024-05-15
CM~Educate Ad 3_CT~VID_VD~15s_PH~CONSD_BO~TRF_PB~FB_PD~NEWSF,YR~24-Q1-01_CL~ASTRA_TA~ONC_DS~THEIR2+ 2L_MB~Neurexa_CU~DTC_CA~B_PH~CONSD_BO~TRF_PB~FB_CN~18224-9-120398_FF~THEIR2+ 2L Engagement + Video RTA,AN~Video RTA_TG~RT_DE~A25-65F_MA~ntl_RG~USA_PH~CONSD_BO~TRF_PB~FB_PD~NEWSF,20,23,0,0,0,0,0,0,0,0.16,0,0.0,5,0,0,0,0,5,BZS,DTC,2024-05-15
CM~Results Ad_CT~VID_VD~15s_PH~CONSD_BO~TRF_PB~FB_PD~NEWSF,YR~24-Q1-01_CL~ASTRA_TA~ONC_DS~THEIR2+ 2L_MB~Neurexa_CU~DTC_CA~B_PH~CONSD_BO~TRF_PB~FB_CN~18224-9-120398_FF~THEIR2+ 2L Engagement + Video RTA,AN~Video RTA_TG~RT_DE~A25-65F_MA~ntl_RG~USA_PH~CONSD_BO~TRF_PB~FB_PD~NEWSF,505,817,2,0,0,0,0,0,0,4.3,0,0.0,94,0,0,0,0,92,BZS,DTC,2024-05-15
CM~CRM Ad_CT~VID_VD~15s_PH~CONSD_BO~TRF_PB~FB_PD~NEWSF,YR~24-Q1-01_CL~ASTRA_TA~ONC_DS~THEIR2+ 2L_MB~Neurexa_CU~DTC_CA~B_PH~CONSD_BO~TRF_PB~FB_CN~18224-9-120398_FF~THEIR2+ 2L Engagement + Video RTA LAL,AN~Engagement RTA LAL_TG~RT_DE~A25-65F_MA~ntl_RG~USA_PH~CONSD_BO~TRF_PB~FB_PD~NEWSF,5817,6336,74,0,0,0,0,0,0,42.81,0,0.0,571,0,0,0,0,497,BZS,DTC,2024-05-15
CM~Educate Ad 2_CT~VID_VD~15s_PH~CONSD_BO~TRF_PB~FB_PD~NEWSF,YR~24-Q1-01_CL~ASTRA_TA~ONC_DS~THEIR2+ 2L_MB~Neurexa_CU~DTC_CA~B_PH~CONSD_BO~TRF_PB~FB_CN~18224-9-120398_FF~THEIR2+ 2L Engagement + Video RTA LAL,AN~Engagement RTA LAL_TG~RT_DE~A25-65F_MA~ntl_RG~USA_PH~CONSD_BO~TRF_PB~FB_PD~NEWSF,25,25,0,0,0,0,0,0,0,0.13,0,0.0,0,0,0,0,0,0,BZS,DTC,2024-05-15
CM~Educate Ad 3_CT~VID_VD~15s_PH~CONSD_BO~TRF_PB~FB_PD~NEWSF,YR~24-Q1-01_CL~ASTRA_TA~ONC_DS~THEIR2+ 2L_MB~Neurexa_CU~DTC_CA~B_PH~CONSD_BO~TRF_PB~FB_CN~18224-9-120398_FF~THEIR2+ 2L Engagement + Video RTA LAL,AN~Engagement RTA LAL_TG~RT_DE~A25-65F_MA~ntl_RG~USA_PH~CONSD_BO~TRF_PB~FB_PD~NEWSF,42,43,0,0,0,0,0,0,0,0.44,0,0.0,1,0,0,0,0,1,BZS,DTC,2024-05-15
CM~Results Ad_CT~VID_VD~15s_PH~CONSD_BO~TRF_PB~FB_PD~NEWSF,YR~24-Q1-01_CL~ASTRA_TA~ONC_DS~THEIR2+ 2L_MB~Neurexa_CU~DTC_CA~B_PH~CONSD_BO~TRF_PB~FB_CN~18224-9-120398_FF~THEIR2+ 2L Engagement + Video RTA LAL,AN~Engagement RTA LAL_TG~RT_DE~A25-65F_MA~ntl_RG~USA_PH~CONSD_BO~TRF_PB~FB_PD~NEWSF,1770,1849,12,0,0,0,0,0,0,12.89,0,0.0,129,0,0,0,0,117,BZS,DTC,2024-05-15
CM~CRM Ad_CT~VID_VD~15s_PH~CONSD_BO~TRF_PB~FB_PD~NEWSF,YR~24-Q1-01_CL~ASTRA_TA~ONC_DS~THEIR2+ 2L_MB~Neurexa_CU~DTC_CA~B_PH~CONSD_BO~TRF_PB~FB_CN~18224-9-120398_FF~THEIR2+ 2L Engagement + Video RTA LAL,AN~Video RTA LAL_TG~RT_DE~A25-65F_MA~ntl_RG~USA_PH~CONSD_BO~TRF_PB~FB_PD~NEWSF,2946,3046,28,0,0,0,0,0,0,19.28,0,0.0,284,0,0,0,0,256,BZS,DTC,2024-05-15
CM~Educate Ad 2_CT~VID_VD~15s_PH~CONSD_BO~TRF_PB~FB_PD~NEWSF,YR~24-Q1-01_CL~ASTRA_TA~ONC_DS~THEIR2+ 2L_MB~Neurexa_CU~DTC_CA~B_PH~CONSD_BO~TRF_PB~FB_CN~18224-9-120398_FF~THEIR2+ 2L Engagement + Video RTA LAL,AN~Video RTA LAL_TG~RT_DE~A25-65F_MA~ntl_RG~USA_PH~CONSD_BO~TRF_PB~FB_PD~NEWSF,44,45,0,0,0,0,0,0,0,0.4,0,0.0,2,0,0,0,0,2,BZS,DTC,2024-05-15
CM~Educate Ad 3_CT~VID_VD~15s_PH~CONSD_BO~TRF_PB~FB_PD~NEWSF,YR~24-Q1-01_CL~ASTRA_TA~ONC_DS~THEIR2+ 2L_MB~Neurexa_CU~DTC_CA~B_PH~CONSD_BO~TRF_PB~FB_CN~18224-9-120398_FF~THEIR2+ 2L Engagement + Video RTA LAL,AN~Video RTA LAL_TG~RT_DE~A25-65F_MA~ntl_RG~USA_PH~CONSD_BO~TRF_PB~FB_PD~NEWSF,59,62,1,0,0,0,0,0,0,0.45,0,0.0,5,0,0,0,0,4,BZS,DTC,2024-05-15
CM~Results Ad_CT~VID_VD~15s_PH~CONSD_BO~TRF_PB~FB_PD~NEWSF,YR~24-Q1-01_CL~ASTRA_TA~ONC_DS~THEIR2+ 2L_MB~Neurexa_CU~DTC_CA~B_PH~CONSD_BO~TRF_PB~FB_CN~18224-9-120398_FF~THEIR2+ 2L Engagement + Video RTA LAL,AN~Video RTA LAL_TG~RT_DE~A25-65F_MA~ntl_RG~USA_PH~CONSD_BO~TRF_PB~FB_PD~NEWSF,2687,2866,25,0,0,0,0,0,0,16.79,0,0.0,219,0,0,0,0,194,BZS,DTC,2024-05-15
CM~CRM Ad_CT~VID_VD~15s_PH~CONSD_BO~TRF_PB~FB_PD~NEWSF,YR~24-Q1-01_CL~ASTRA_TA~ONC_DS~THEIR2+ 2L_MB~Neurexa_CU~DTC_CA~B_PH~CONSD_BO~TRF_PB~FB_CN~18224-9-120398_FF~THEIR2+ 2L FB PurpleLab,AN~DTC Purple Lab_TG~RT_DE~A25-65A_MA~ntl_RG~USA_PH~CONSD_BO~TRF_PB~FB_PD~NEWSF,5867,6707,38,0,0,0,0,0,0,47.3,0,0.0,638,0,0,0,0,600,BZS,DTC,2024-05-15
CM~Educate Ad 2_CT~VID_VD~15s_PH~CONSD_BO~TRF_PB~FB_PD~NEWSF,YR~24-Q1-01_CL~ASTRA_TA~ONC_DS~THEIR2+ 2L_MB~Neurexa_CU~DTC_CA~B_PH~CONSD_BO~TRF_PB~FB_CN~18224-9-120398_FF~THEIR2+ 2L FB PurpleLab,AN~DTC Purple Lab_TG~RT_DE~A25-65A_MA~ntl_RG~USA_PH~CONSD_BO~TRF_PB~FB_PD~NEWSF,209,264,2,0,0,0,0,0,0,1.88,0,0.0,18,0,0,0,0,16,BZS,DTC,2024-05-15
CM~Educate Ad 3_CT~VID_VD~15s_PH~CONSD_BO~TRF_PB~FB_PD~NEWSF,YR~24-Q1-01_CL~ASTRA_TA~ONC_DS~THEIR2+ 2L_MB~Neurexa_CU~DTC_CA~B_PH~CONSD_BO~TRF_PB~FB_CN~18224-9-120398_FF~THEIR2+ 2L FB PurpleLab,AN~DTC Purple Lab_TG~RT_DE~A25-65A_MA~ntl_RG~USA_PH~CONSD_BO~TRF_PB~FB_PD~NEWSF,439,532,4,0,0,0,0,0,0,1.92,0,0.0,41,0,0,0,0,37,BZS,DTC,2024-05-15
CM~Results Ad_CT~VID_VD~15s_PH~CONSD_BO~TRF_PB~FB_PD~NEWSF,YR~24-Q1-01_CL~ASTRA_TA~ONC_DS~THEIR2+ 2L_MB~Neurexa_CU~DTC_CA~B_PH~CONSD_BO~TRF_PB~FB_CN~18224-9-120398_FF~THEIR2+ 2L FB PurpleLab,AN~DTC Purple Lab_TG~RT_DE~A25-65A_MA~ntl_RG~USA_PH~CONSD_BO~TRF_PB~FB_PD~NEWSF,5715,6801,56,0,0,0,0,0,0,40.8,0,0.0,713,0,0,0,0,657,BZS,DTC,2024-05-15
CM~CRM Ad_CT~VID_VD~15s_PH~CONSD_BO~TRF_PB~FB_PD~NEWSF,YR~24-Q1-01_CL~ASTRA_TA~ONC_DS~THEIR2+ 2L_MB~Neurexa_CU~DTC_CA~B_PH~CONSD_BO~TRF_PB~FB_CN~18224-9-120398_FF~THEIR2+ 2L Pixel LAL,AN~Pixel LAL_TG~LAL_DE~A25-65F_MA~ntl_RG~USA_PH~CONSD_BO~TRF_PB~FB_PD~NEWSF,7791,8627,66,0,0,0,0,0,0,49.38,0,0.0,818,0,0,0,0,752,BZS,DTC,2024-05-15
CM~Educate Ad 2_CT~VID_VD~15s_PH~CONSD_BO~TRF_PB~FB_PD~NEWSF,YR~24-Q1-01_CL~ASTRA_TA~ONC_DS~THEIR2+ 2L_MB~Neurexa_CU~DTC_CA~B_PH~CONSD_BO~TRF_PB~FB_CN~18224-9-120398_FF~THEIR2+ 2L Pixel LAL,AN~Pixel LAL_TG~LAL_DE~A25-65F_MA~ntl_RG~USA_PH~CONSD_BO~TRF_PB~FB_PD~NEWSF,754,912,4,0,0,0,0,0,0,2.67,0,0.0,70,0,0,0,0,66,BZS,DTC,2024-05-15
CM~Educate Ad 3_CT~VID_VD~15s_PH~CONSD_BO~TRF_PB~FB_PD~NEWSF,YR~24-Q1-01_CL~ASTRA_TA~ONC_DS~THEIR2+ 2L_MB~Neurexa_CU~DTC_CA~B_PH~CONSD_BO~TRF_PB~FB_CN~18224-9-120398_FF~THEIR2+ 2L Pixel LAL,AN~Pixel LAL_TG~LAL_DE~A25-65F_MA~ntl_RG~USA_PH~CONSD_BO~TRF_PB~FB_PD~NEWSF,1092,1302,11,0,0,0,0,0,0,5.02,0,0.0,75,0,0,0,0,64,BZS,DTC,2024-05-15
CM~Results Ad_CT~VID_VD~15s_PH~CONSD_BO~TRF_PB~FB_PD~NEWSF,YR~24-Q1-01_CL~ASTRA_TA~ONC_DS~THEIR2+ 2L_MB~Neurexa_CU~DTC_CA~B_PH~CONSD_BO~TRF_PB~FB_CN~18224-9-120398_FF~THEIR2+ 2L Pixel LAL,AN~Pixel LAL_TG~LAL_DE~A25-65F_MA~ntl_RG~USA_PH~CONSD_BO~TRF_PB~FB_PD~NEWSF,5520,6422,46,0,0,0,0,0,0,28.49,0,0.0,541,0,0,0,0,495,BZS,DTC,2024-05-15
CM~CRM Ad_CT~VID_VD~15s_PH~CONSD_BO~TRF_PB~FB_PD~NEWSF,YR~24-Q1-01_CL~ASTRA_TA~ONC_DS~THEIR2+ 2L_MB~Neurexa_CU~DTC_CA~B_PH~CONSD_BO~TRF_PB~FB_CN~18224-9-120398_FF~THEIR2+ 2L Pixel LAL,AN~Pixel Search LAL_TG~LAL_DE~A25-65F_MA~ntl_RG~USA_PH~CONSD_BO~TRF_PB~FB_PD~NEWSF,584,624,5,0,0,0,0,0,0,4.61,0,0.0,44,0,0,0,0,39,BZS,DTC,2024-05-15
CM~Educate Ad 3_CT~VID_VD~15s_PH~CONSD_BO~TRF_PB~FB_PD~NEWSF,YR~24-Q1-01_CL~ASTRA_TA~ONC_DS~THEIR2+ 2L_MB~Neurexa_CU~DTC_CA~B_PH~CONSD_BO~TRF_PB~FB_CN~18224-9-120398_FF~THEIR2+ 2L Pixel LAL,AN~Pixel Search LAL_TG~LAL_DE~A25-65F_MA~ntl_RG~USA_PH~CONSD_BO~TRF_PB~FB_PD~NEWSF,2,2,0,0,0,0,0,0,0,0.0,0,0.0,0,0,0,0,0,0,BZS,DTC,2024-05-15
CM~Results Ad_CT~VID_VD~15s_PH~CONSD_BO~TRF_PB~FB_PD~NEWSF,YR~24-Q1-01_CL~ASTRA_TA~ONC_DS~THEIR2+ 2L_MB~Neurexa_CU~DTC_CA~B_PH~CONSD_BO~TRF_PB~FB_CN~18224-9-120398_FF~THEIR2+ 2L Pixel LAL,AN~Pixel Search LAL_TG~LAL_DE~A25-65F_MA~ntl_RG~USA_PH~CONSD_BO~TRF_PB~FB_PD~NEWSF,643,710,3,0,0,0,0,0,0,4.1,0,0.0,44,0,0,0,0,41,BZS,DTC,2024-05-15
CM~CRM Ad_CT~VID_VD~15s_PH~CONSD_BO~TRF_PB~FB_PD~NEWSF,YR~24-Q1-01_CL~ASTRA_TA~ONC_DS~THEIR2+ 2L_MB~Neurexa_CU~DTC_CA~B_PH~CONSD_BO~TRF_PB~FB_CN~18224-9-120398_FF~THEIR2+ 2L Pixel RTA,AN~Pixel RTA_TG~RT_DE~A25-65F_MA~ntl_RG~USA_PH~CONSD_BO~TRF_PB~FB_PD~NEWSF,2291,2905,30,0,0,0,0,0,0,30.27,0,0.0,290,0,0,0,0,260,BZS,DTC,2024-05-15
CM~Educate Ad2_CT~VID_VD~15s_PH~CONSD_BO~TRF_PB~FB_PD~NEWSF,YR~24-Q1-01_CL~ASTRA_TA~ONC_DS~THEIR2+ 2L_MB~Neurexa_CU~DTC_CA~B_PH~CONSD_BO~TRF_PB~FB_CN~18224-9-120398_FF~THEIR2+ 2L Pixel RTA,AN~Pixel RTA_TG~RT_DE~A25-65F_MA~ntl_RG~USA_PH~CONSD_BO~TRF_PB~FB_PD~NEWSF,500,717,3,0,0,0,0,0,0,5.13,0,0.0,55,0,0,0,0,52,BZS,DTC,2024-05-15
CM~Educate Ad3_CT~VID_VD~15s_PH~CONSD_BO~TRF_PB~FB_PD~NEWSF,YR~24-Q1-01_CL~ASTRA_TA~ONC_DS~THEIR2+ 2L_MB~Neurexa_CU~DTC_CA~B_PH~CONSD_BO~TRF_PB~FB_CN~18224-9-120398_FF~THEIR2+ 2L Pixel RTA,AN~Pixel RTA_TG~RT_DE~A25-65F_MA~ntl_RG~USA_PH~CONSD_BO~TRF_PB~FB_PD~NEWSF,464,677,6,0,0,0,0,0,0,4.44,0,0.0,67,0,0,0,0,61,BZS,DTC,2024-05-15
CM~Results Ad_CT~VID_VD~15s_PH~CONSD_BO~TRF_PB~FB_PD~NEWSF,YR~24-Q1-01_CL~ASTRA_TA~ONC_DS~THEIR2+ 2L_MB~Neurexa_CU~DTC_CA~B_PH~CONSD_BO~TRF_PB~FB_CN~18224-9-120398_FF~THEIR2+ 2L Pixel RTA,AN~Pixel RTA_TG~RT_DE~A25-65F_MA~ntl_RG~USA_PH~CONSD_BO~TRF_PB~FB_PD~NEWSF,4287,6186,59,0,0,0,0,0,0,49.25,0,0.0,678,0,0,0,0,619,BZS,DTC,2024-05-15
CM~CRM Ad_CT~VID_VD~15s_PH~CONSD_BO~TRF_PB~FB_PD~NEWSF,YR~24-Q1-01_CL~ASTRA_TA~ONC_DS~THEIR2+ 2L_MB~Neurexa_CU~DTC_CA~B_PH~CONSD_BO~TRF_PB~FB_CN~18224-9-120398_FF~THEIR2+ 2L Pixel RTA,AN~Pixel Search RTA_TG~RT_DE~A25-65F_MA~ntl_RG~USA_PH~CONSD_BO~TRF_PB~FB_PD~NEWSF,655,868,8,0,0,0,0,0,0,7.18,0,0.0,73,0,0,0,0,65,BZS,DTC,2024-05-15
CM~SecondLineDressAd1_CT~VID_VD~15s_PH~CONSD_BO~TRF_PB~IG_PD~NEWSF,YR~24-Q1-01_CL~ASTRA_TA~ONC_DS~THEIR2+ 2L_MB~Neurexa_CU~DTC_CA~B_PH~CONSD_BO~TRF_PB~IG_CN~18224-9-120398_FF~THEIR2+ 2L IG Engagement + Video RTA LAL,AN~Engagement RTA LAL_TG~LAL_DE~A25-65F_MA~ntl_RG~USA_PH~CONSD_BO~TRF_PB~IG_PD~NEWSF,360,380,6,0,0,0,0,0,0,5.65,0,1.0,133,0,0,0,0,126,BZS,DTC,2024-05-15
CM~SecondLineWhiteFrameAd2_CT~VID_VD~15s_PH~CONSD_BO~TRF_PB~IG_PD~NEWSF,YR~24-Q1-01_CL~ASTRA_TA~ONC_DS~THEIR2+ 2L_MB~Neurexa_CU~DTC_CA~B_PH~CONSD_BO~TRF_PB~IG_CN~18224-9-120398_FF~THEIR2+ 2L IG Engagement + Video RTA LAL,AN~Engagement RTA LAL_TG~LAL_DE~A25-65F_MA~ntl_RG~USA_PH~CONSD_BO~TRF_PB~IG_PD~NEWSF,2,2,0,0,0,0,0,0,0,0.03,0,0.0,0,0,0,0,0,0,BZS,DTC,2024-05-15
CM~SecondLineDressAd1_CT~VID_VD~15s_PH~CONSD_BO~TRF_PB~IG_PD~NEWSF,YR~24-Q1-01_CL~ASTRA_TA~ONC_DS~THEIR2+ 2L_MB~Neurexa_CU~DTC_CA~B_PH~CONSD_BO~TRF_PB~IG_CN~18224-9-120398_FF~THEIR2+ 2L IG Engagement + Video RTA LAL,AN~Video RTA LAL_TG~LAL_DE~A25-65F_MA~ntl_RG~USA_PH~CONSD_BO~TRF_PB~IG_PD~NEWSF,1724,1812,21,0,0,0,0,0,0,22.25,0,5.0,554,0,0,0,0,528,BZS,DTC,2024-05-15
CM~SecondLineWhiteFrameAd2_CT~VID_VD~15s_PH~CONSD_BO~TRF_PB~IG_PD~NEWSF,YR~24-Q1-01_CL~ASTRA_TA~ONC_DS~THEIR2+ 2L_MB~Neurexa_CU~DTC_CA~B_PH~CONSD_BO~TRF_PB~IG_CN~18224-9-120398_FF~THEIR2+ 2L IG Engagement + Video RTA LAL,AN~Video RTA LAL_TG~LAL_DE~A25-65F_MA~ntl_RG~USA_PH~CONSD_BO~TRF_PB~IG_PD~NEWSF,299,318,6,0,0,0,0,0,0,4.6899999999999995,0,0.0,99,0,0,0,0,93,BZS,DTC,2024-05-15
CM~SecondLineDressAd1_CT~VID_VD~15s_PH~CONSD_BO~TRF_PB~IG_PD~NEWSF,YR~24-Q1-01_CL~ASTRA_TA~ONC_DS~THEIR2+ 2L_MB~Neurexa_CU~DTC_CA~B_PH~CONSD_BO~TRF_PB~IG_CN~18224-9-120398_FF~THEIR2+ 2L IG Pixel LAL,AN~Pixel LAL_TG~LAL_DE~A25-65F_MA~ntl_RG~USA_PH~CONSD_BO~TRF_PB~IG_PD~NEWSF,1496,1752,24,0,0,0,0,0,0,25.18,0,2.0,430,0,0,0,0,404,BZS,DTC,2024-05-15
CM~SecondLineWhiteFrameAd2_CT~VID_VD~15s_PH~CONSD_BO~TRF_PB~IG_PD~NEWSF,YR~24-Q1-01_CL~ASTRA_TA~ONC_DS~THEIR2+ 2L_MB~Neurexa_CU~DTC_CA~B_PH~CONSD_BO~TRF_PB~IG_CN~18224-9-120398_FF~THEIR2+ 2L IG Pixel LAL,AN~Pixel LAL_TG~LAL_DE~A25-65F_MA~ntl_RG~USA_PH~CONSD_BO~TRF_PB~IG_PD~NEWSF,443,497,8,0,0,0,0,0,0,8.18,0,1.0,147,0,0,0,0,138,BZS,DTC,2024-05-15
CM~SecondLineDressAd1_CT~VID_VD~15s_PH~CONSD_BO~TRF_PB~IG_PD~NEWSF,YR~24-Q1-01_CL~ASTRA_TA~ONC_DS~THEIR2+ 2L_MB~Neurexa_CU~DTC_CA~B_PH~CONSD_BO~TRF_PB~IG_CN~18224-9-120398_FF~THEIR2+ 2L IG Pixel LAL,AN~Pixel Search LAL_TG~LAL_DE~A25-65F_MA~ntl_RG~USA_PH~CONSD_BO~TRF_PB~IG_PD~NEWSF,1,1,0,0,0,0,0,0,0,0.02,0,0.0,0,0,0,0,0,0,BZS,DTC,2024-05-15
CM~SecondLineDressAd1_CT~VID_VD~15s_PH~CONSD_BO~TRF_PB~IG_PD~NEWSF,YR~24-Q1-01_CL~ASTRA_TA~ONC_DS~THEIR2+ 2L_MB~Neurexa_CU~DTC_CA~B_PH~CONSD_BO~TRF_PB~IG_CN~18224-9-120398_FF~THEIR2+ 2L IG Pixel RTA,AN~Pixel RTA_TG~LAL_DE~A25-65F_MA~ntl_RG~USA_PH~CONSD_BO~TRF_PB~IG_PD~NEWSF,778,1092,12,0,0,0,0,0,0,17.43,0,1.0,187,0,0,0,0,174,BZS,DTC,2024-05-15
CM~SecondLineWhiteFrameAd2_CT~VID_VD~15s_PH~CONSD_BO~TRF_PB~IG_PD~NEWSF,YR~24-Q1-01_CL~ASTRA_TA~ONC_DS~THEIR2+ 2L_MB~Neurexa_CU~DTC_CA~B_PH~CONSD_BO~TRF_PB~IG_CN~18224-9-120398_FF~THEIR2+ 2L IG Pixel RTA,AN~Pixel RTA_TG~LAL_DE~A25-65F_MA~ntl_RG~USA_PH~CONSD_BO~TRF_PB~IG_PD~NEWSF,435,565,8,0,0,0,0,0,0,11.29,0,0.0,119,0,0,0,0,111,BZS,DTC,2024-05-15
CM~SecondLineDressAd1_CT~VID_VD~15s_PH~CONSD_BO~TRF_PB~IG_PD~NEWSF,YR~24-Q1-01_CL~ASTRA_TA~ONC_DS~THEIR2+ 2L_MB~Neurexa_CU~DTC_CA~B_PH~CONSD_BO~TRF_PB~IG_CN~18224-9-120398_FF~THEIR2+ 2L IG Pixel RTA,AN~Pixel Search RTA_TG~LAL_DE~A25-65F_MA~ntl_RG~USA_PH~CONSD_BO~TRF_PB~IG_PD~NEWSF,147,172,0,0,0,0,0,0,0,3.15,0,0.0,30,0,0,0,0,30,BZS,DTC,2024-05-15
CM~SecondLineWhiteFrameAd2_CT~VID_VD~15s_PH~CONSD_BO~TRF_PB~IG_PD~NEWSF,YR~24-Q1-01_CL~ASTRA_TA~ONC_DS~THEIR2+ 2L_MB~Neurexa_CU~DTC_CA~B_PH~CONSD_BO~TRF_PB~IG_CN~18224-9-120398_FF~THEIR2+ 2L IG Pixel RTA,AN~Pixel Search RTA_TG~LAL_DE~A25-65F_MA~ntl_RG~USA_PH~CONSD_BO~TRF_PB~IG_PD~NEWSF,80,96,0,0,0,0,0,0,0,1.7,0,0.0,25,0,0,0,0,25,BZS,DTC,2024-05-15
CM~SecondLineDressAd1_CT~VID_VD~15s_PH~CONSD_BO~TRF_PB~IG_PD~NEWSF,YR~24-Q1-01_CL~ASTRA_TA~ONC_DS~THEIR2+ 2L_MB~Neurexa_CU~DTC_CA~B_PH~CONSD_BO~TRF_PB~IG_CN~18224-9-120398_FF~THEIR2+ 2L IG PurpleLab,AN~DTC Purple Lab_TG~RT_DE~A25-65A_MA~ntl_RG~USA_PH~CONSD_BO~TRF_PB~FB_PD~NEWSF,1303,1540,5,0,0,0,0,0,0,22.96,0,1.0,407,0,0,0,0,401,BZS,DTC,2024-05-15
CM~SecondLineWhiteFrameAd2_CT~VID_VD~15s_PH~CONSD_BO~TRF_PB~IG_PD~NEWSF,YR~24-Q1-01_CL~ASTRA_TA~ONC_DS~THEIR2+ 2L_MB~Neurexa_CU~DTC_CA~B_PH~CONSD_BO~TRF_PB~IG_CN~18224-9-120398_FF~THEIR2+ 2L IG PurpleLab,AN~DTC Purple Lab_TG~RT_DE~A25-65A_MA~ntl_RG~USA_PH~CONSD_BO~TRF_PB~FB_PD~NEWSF,476,559,3,0,0,0,0,0,0,9.5,0,1.0,165,0,0,0,0,160,BZS,DTC,2024-05-15
CM~Spon. Ad 1_CT~VID_VD~15s_PH~CONV_BO~TRF_PB~FB_PD~NEWSF,YR~24-Q1-01_CL~ASTRA_TA~ONC_DS~THEIR2Low_MB~Neurexa_CU~DTC_CA~B_PH~CONSD_BO~TRF_PB~FB_CN~18225-9-120399_FF~THEIR2Low FB PurpleLab,AN~DTC Purple Lab_TG~RT_DE~A25-65A_MA~ntl_RG~USA_PH~CONSD_BO~TRF_PB~FB_PD~NEWSF,14857,17819,134,0,0,0,0,0,0,124.26,0,0.0,2131,0,0,0,0,1997,AST,DTC,2024-05-16
CM~Spon. Ad 2_CT~VID_VD~15s_PH~CONV_BO~TRF_PB~FB_PD~NEWSF,YR~24-Q1-01_CL~ASTRA_TA~ONC_DS~THEIR2Low_MB~Neurexa_CU~DTC_CA~B_PH~CONSD_BO~TRF_PB~FB_CN~18225-9-120399_FF~THEIR2Low FB PurpleLab,AN~DTC Purple Lab_TG~RT_DE~A25-65A_MA~ntl_RG~USA_PH~CONSD_BO~TRF_PB~FB_PD~NEWSF,558,580,2,0,0,0,0,0,0,4.2,0,0.0,55,0,0,0,0,53,AST,DTC,2024-05-16
CM~Spon. Ad 3_CT~VID_VD~30s_PH~CONV_BO~TRF_PB~FB_PD~NEWSF,YR~24-Q1-01_CL~ASTRA_TA~ONC_DS~THEIR2Low_MB~Neurexa_CU~DTC_CA~B_PH~CONSD_BO~TRF_PB~FB_CN~18225-9-120399_FF~THEIR2Low FB PurpleLab,AN~DTC Purple Lab_TG~RT_DE~A25-65A_MA~ntl_RG~USA_PH~CONSD_BO~TRF_PB~FB_PD~NEWSF,4833,6108,35,0,0,0,0,0,0,32.26,0,0.0,409,0,0,0,0,374,AST,DTC,2024-05-16
CM~Spon. Ad 1_CT~VID_VD~15s_PH~CONV_BO~TRF_PB~FB_PD~NEWSF,YR~24-Q1-01_CL~ASTRA_TA~ONC_DS~THEIR2Low_MB~Neurexa_CU~DTC_CA~B_PH~CONSD_BO~TRF_PB~FB_CN~18225-9-120399_FF~THEIR2Low Pixel RTA,AN~Engagement RTA_TG~RT_DE~A25-65F_MA~ntl_RG~USA_PH~CONSD_BO~TRF_PB~FB_PD~NEWSF,12429,15966,155,0,0,0,0,0,0,105.57,0,0.0,1391,0,0,0,0,1236,AST,DTC,2024-05-16
CM~Spon. Ad 2_CT~VID_VD~15s_PH~CONV_BO~TRF_PB~FB_PD~NEWSF,YR~24-Q1-01_CL~ASTRA_TA~ONC_DS~THEIR2Low_MB~Neurexa_CU~DTC_CA~B_PH~CONSD_BO~TRF_PB~FB_CN~18225-9-120399_FF~THEIR2Low Pixel RTA,AN~Engagement RTA_TG~RT_DE~A25-65F_MA~ntl_RG~USA_PH~CONSD_BO~TRF_PB~FB_PD~NEWSF,1156,1236,9,0,0,0,0,0,0,7.3,0,0.0,87,0,0,0,0,78,AST,DTC,2024-05-16
CM~Spon. Ad 3_CT~VID_VD~30s_PH~CONV_BO~TRF_PB~FB_PD~NEWSF,YR~24-Q1-01_CL~ASTRA_TA~ONC_DS~THEIR2Low_MB~Neurexa_CU~DTC_CA~B_PH~CONSD_BO~TRF_PB~FB_CN~18225-9-120399_FF~THEIR2Low Pixel RTA,AN~Engagement RTA_TG~RT_DE~A25-65F_MA~ntl_RG~USA_PH~CONSD_BO~TRF_PB~FB_PD~NEWSF,9302,12854,102,0,0,0,0,0,0,66.8,0,0.0,801,0,0,0,0,699,AST,DTC,2024-05-16
CM~Spon. Ad 1_CT~VID_VD~15s_PH~CONV_BO~TRF_PB~FB_PD~NEWSF,YR~24-Q1-01_CL~ASTRA_TA~ONC_DS~THEIR2Low_MB~Neurexa_CU~DTC_CA~B_PH~CONSD_BO~TRF_PB~FB_CN~18225-9-120399_FF~THEIR2Low Pixel RTA,AN~Pixel RTA_TG~RT_DE~A25-65F_MA~ntl_RG~USA_PH~CONSD_BO~TRF_PB~FB_PD~NEWSF,434,635,3,0,0,0,0,0,0,7.25,0,0.0,61,0,0,0,0,58,AST,DTC,2024-05-16
CM~Spon. Ad 2_CT~VID_VD~15s_PH~CONV_BO~TRF_PB~FB_PD~NEWSF,YR~24-Q1-01_CL~ASTRA_TA~ONC_DS~THEIR2Low_MB~Neurexa_CU~DTC_CA~B_PH~CONSD_BO~TRF_PB~FB_CN~18225-9-120399_FF~THEIR2Low Pixel RTA,AN~Pixel RTA_TG~RT_DE~A25-65F_MA~ntl_RG~USA_PH~CONSD_BO~TRF_PB~FB_PD~NEWSF,146,179,0,0,0,0,0,0,0,1.8399999999999999,0,0.0,14,0,0,0,0,14,AST,DTC,2024-05-16
CM~Spon. Ad 3_CT~VID_VD~30s_PH~CONV_BO~TRF_PB~FB_PD~NEWSF,YR~24-Q1-01_CL~ASTRA_TA~ONC_DS~THEIR2Low_MB~Neurexa_CU~DTC_CA~B_PH~CONSD_BO~TRF_PB~FB_CN~18225-9-120399_FF~THEIR2Low Pixel RTA,AN~Pixel Search RTA_TG~RT_DE~A25-65F_MA~ntl_RG~USA_PH~CONSD_BO~TRF_PB~FB_PD~NEWSF,245,319,2,0,0,0,0,0,0,1.8900000000000001,0,0.0,20,0,0,0,0,18,AST,DTC,2024-05-16
CM~Spon. Ad 1_CT~VID_VD~15s_PH~CONV_BO~TRF_PB~FB_PD~NEWSF,YR~24-Q1-01_CL~ASTRA_TA~ONC_DS~THEIR2Low_MB~Neurexa_CU~DTC_CA~B_PH~CONSD_BO~TRF_PB~FB_CN~18225-9-120399_FF~THEIR2Low Pixel RTA,AN~Pixel Search RTA_TG~RT_DE~A25-65F_MA~ntl_RG~USA_PH~CONSD_BO~TRF_PB~FB_PD~NEWSF,391,519,5,0,0,0,0,0,0,5.06,0,0.0,58,0,0,0,0,53,AST,DTC,2024-05-16
CM~Spon. Ad 2_CT~VID_VD~15s_PH~CONV_BO~TRF_PB~FB_PD~NEWSF,YR~24-Q1-01_CL~ASTRA_TA~ONC_DS~THEIR2Low_MB~Neurexa_CU~DTC_CA~B_PH~CONSD_BO~TRF_PB~FB_CN~18225-9-120399_FF~THEIR2Low Pixel RTA,AN~Pixel Search RTA_TG~RT_DE~A25-65F_MA~ntl_RG~USA_PH~CONSD_BO~TRF_PB~FB_PD~NEWSF,4,5,0,0,0,0,0,0,0,0.07,0,0.0,0,0,0,0,0,0,AST,DTC,2024-05-16
CM~Spon. Ad 1_CT~VID_VD~15s_PH~CONV_BO~TRF_PB~FB_PD~NEWSF,YR~24-Q1-01_CL~ASTRA_TA~ONC_DS~THEIR2Low_MB~Neurexa_CU~DTC_CA~B_PH~CONSD_BO~TRF_PB~FB_CN~18225-9-120399_FF~THEIR2Low Pixel RTA LAL,AN~Engagement RTA LAL_TG~LAL_DE~A25-65F_MA~ntl_RG~USA_PH~CONSD_BO~TRF_PB~FB_PD~NEWSF - Copy,10219,12150,86,0,0,0,0,0,0,59.82,0,0.0,1023,0,0,0,0,937,AST,DTC,2024-05-16
CM~Spon. Ad 2_CT~VID_VD~15s_PH~CONV_BO~TRF_PB~FB_PD~NEWSF,YR~24-Q1-01_CL~ASTRA_TA~ONC_DS~THEIR2Low_MB~Neurexa_CU~DTC_CA~B_PH~CONSD_BO~TRF_PB~FB_CN~18225-9-120399_FF~THEIR2Low Pixel RTA LAL,AN~Engagement RTA LAL_TG~LAL_DE~A25-65F_MA~ntl_RG~USA_PH~CONSD_BO~TRF_PB~FB_PD~NEWSF - Copy,1350,1409,10,0,0,0,0,0,0,7.34,0,0.0,91,0,0,0,0,81,AST,DTC,2024-05-16
CM~Spon. Ad 3_CT~VID_VD~30s_PH~CONV_BO~TRF_PB~FB_PD~NEWSF,YR~24-Q1-01_CL~ASTRA_TA~ONC_DS~THEIR2Low_MB~Neurexa_CU~DTC_CA~B_PH~CONSD_BO~TRF_PB~FB_CN~18225-9-120399_FF~THEIR2Low Pixel RTA LAL,AN~Engagement RTA LAL_TG~LAL_DE~A25-65F_MA~ntl_RG~USA_PH~CONSD_BO~TRF_PB~FB_PD~NEWSF - Copy,21745,27449,166,0,0,0,0,0,0,113.03,0,0.0,1611,0,0,0,0,1445,AST,DTC,2024-05-16
CM~Spon. Ad 1_CT~VID_VD~15s_PH~CONV_BO~TRF_PB~FB_PD~NEWSF,YR~24-Q1-01_CL~ASTRA_TA~ONC_DS~THEIR2Low_MB~Neurexa_CU~DTC_CA~B_PH~CONSD_BO~TRF_PB~FB_CN~18225-9-120399_FF~THEIR2Low Pixel RTA LAL,AN~Pixel RTA LAL_TG~LAL_DE~A25-65F_MA~ntl_RG~USA_PH~CONSD_BO~TRF_PB~FB_PD~NEWSF,246,253,5,0,0,0,0,0,0,1.97,0,0.0,25,0,0,0,0,20,AST,DTC,2024-05-16
CM~Spon. Ad 2_CT~VID_VD~15s_PH~CONV_BO~TRF_PB~FB_PD~NEWSF,YR~24-Q1-01_CL~ASTRA_TA~ONC_DS~THEIR2Low_MB~Neurexa_CU~DTC_CA~B_PH~CONSD_BO~TRF_PB~FB_CN~18225-9-120399_FF~THEIR2Low Pixel RTA LAL,AN~Pixel RTA LAL_TG~LAL_DE~A25-65F_MA~ntl_RG~USA_PH~CONSD_BO~TRF_PB~FB_PD~NEWSF,882,956,9,0,0,0,0,0,0,5.88,0,0.0,72,0,0,0,0,63,AST,DTC,2024-05-16
CM~Spon. Ad 1_CT~VID_VD~15s_PH~CONV_BO~TRF_PB~FB_PD~NEWSF,YR~24-Q1-01_CL~ASTRA_TA~ONC_DS~THEIR2Low_MB~Neurexa_CU~DTC_CA~B_PH~CONSD_BO~TRF_PB~FB_CN~18225-9-120399_FF~THEIR2Low Pixel RTA LAL,AN~Pixel Search RTA LAL_TG~LAL_DE~A25-65F_MA~ntl_RG~USA_PH~CONSD_BO~TRF_PB~FB_PD~NEWSF,997,1080,7,0,0,0,0,0,0,8.03,0,0.0,90,0,0,0,0,83,AST,DTC,2024-05-16
CM~Spon. Ad 2_CT~VID_VD~15s_PH~CONV_BO~TRF_PB~FB_PD~NEWSF,YR~24-Q1-01_CL~ASTRA_TA~ONC_DS~THEIR2Low_MB~Neurexa_CU~DTC_CA~B_PH~CONSD_BO~TRF_PB~FB_CN~18225-9-120399_FF~THEIR2Low Pixel RTA LAL,AN~Pixel Search RTA LAL_TG~LAL_DE~A25-65F_MA~ntl_RG~USA_PH~CONSD_BO~TRF_PB~FB_PD~NEWSF,82,82,1,0,0,0,0,0,0,0.75,0,0.0,9,0,0,0,0,8,AST,DTC,2024-05-16
CM~Sponsored Ad1_CT~VID_VD~15s_PH~CONSD_BO~TRF_PB~IG_PD~NEWSF,YR~24-Q1-01_CL~ASTRA_TA~ONC_DS~THEIR2Low_MB~Neurexa_CU~DTC_CA~B_PH~CONSD_BO~TRF_PB~IG_CN~18225-9-120399_FF~THEIR2Low IG Pixel RTA,AN~Engagement RTA_TG~RT_DE~A25-65F_MA~ntl_RG~USA_PH~CONSD_BO~TRF_PB~IG_PD~NEWSF,566,639,4,0,0,0,0,0,0,14.64,0,0.0,148,0,0,0,0,144,AST,DTC,2024-05-16
CM~Sponsored Ad2_CT~VID_VD~15s_PH~CONSD_BO~TRF_PB~IG_PD~NEWSF,YR~24-Q1-01_CL~ASTRA_TA~ONC_DS~THEIR2Low_MB~Neurexa_CU~DTC_CA~B_PH~CONSD_BO~TRF_PB~IG_CN~18225-9-120399_FF~THEIR2Low IG Pixel RTA,AN~Engagement RTA_TG~RT_DE~A25-65F_MA~ntl_RG~USA_PH~CONSD_BO~TRF_PB~IG_PD~NEWSF,1296,1658,7,0,0,0,0,0,0,25.29,0,2.0,251,0,0,0,0,242,AST,DTC,2024-05-16
CM~Sponsored Ad3_CT~VID_VD~15s_PH~CONSD_BO~TRF_PB~IG_PD~NEWSF,YR~24-Q1-01_CL~ASTRA_TA~ONC_DS~THEIR2Low_MB~Neurexa_CU~DTC_CA~B_PH~CONSD_BO~TRF_PB~IG_CN~18225-9-120399_FF~THEIR2Low IG Pixel RTA,AN~Engagement RTA_TG~RT_DE~A25-65F_MA~ntl_RG~USA_PH~CONSD_BO~TRF_PB~IG_PD~NEWSF,442,530,3,0,0,0,0,0,0,8.47,0,1.0,87,0,0,0,0,83,AST,DTC,2024-05-16
CM~Sponsored Ad1_CT~VID_VD~15s_PH~CONSD_BO~TRF_PB~IG_PD~NEWSF,YR~24-Q1-01_CL~ASTRA_TA~ONC_DS~THEIR2Low_MB~Neurexa_CU~DTC_CA~B_PH~CONSD_BO~TRF_PB~IG_CN~18225-9-120399_FF~THEIR2Low IG Pixel RTA,AN~Pixel Search RTA_TG~RT_DE~A25-65F_MA~ntl_RG~USA_PH~CONSD_BO~TRF_PB~IG_PD~NEWSF,118,124,2,0,0,0,0,0,0,2.49,0,1.0,34,0,0,0,0,31,AST,DTC,2024-05-16
CM~Sponsored Ad2_CT~VID_VD~15s_PH~CONSD_BO~TRF_PB~IG_PD~NEWSF,YR~24-Q1-01_CL~ASTRA_TA~ONC_DS~THEIR2Low_MB~Neurexa_CU~DTC_CA~B_PH~CONSD_BO~TRF_PB~IG_CN~18225-9-120399_FF~THEIR2Low IG Pixel RTA,AN~Pixel Search RTA_TG~RT_DE~A25-65F_MA~ntl_RG~USA_PH~CONSD_BO~TRF_PB~IG_PD~NEWSF,130,157,0,0,0,0,0,0,0,3.0,0,0.0,40,0,0,0,0,40,AST,DTC,2024-05-16
CM~Sponsored Ad3_CT~VID_VD~15s_PH~CONSD_BO~TRF_PB~IG_PD~NEWSF,YR~24-Q1-01_CL~ASTRA_TA~ONC_DS~THEIR2Low_MB~Neurexa_CU~DTC_CA~B_PH~CONSD_BO~TRF_PB~IG_CN~18225-9-120399_FF~THEIR2Low IG Pixel RTA,AN~Pixel Search RTA_TG~RT_DE~A25-65F_MA~ntl_RG~USA_PH~CONSD_BO~TRF_PB~IG_PD~NEWSF,24,28,0,0,0,0,0,0,0,1.21,0,0.0,9,0,0,0,0,9,AST,DTC,2024-05-16
CM~Sponsored Ad1_CT~VID_VD~15s_PH~CONSD_BO~TRF_PB~IG_PD~NEWSF,YR~24-Q1-01_CL~ASTRA_TA~ONC_DS~THEIR2Low_MB~Neurexa_CU~DTC_CA~B_PH~CONSD_BO~TRF_PB~IG_CN~18225-9-120399_FF~THEIR2Low IG Pixel RTA LAL,AN~Engagement RTALAL_TG~RT_DE~A25-65F_MA~ntl_RG~USA_PH~CONSD_BO~TRF_PB~IG_PD~NEWSF,26,27,0,0,0,0,0,0,0,0.39,0,0.0,11,0,0,0,0,11,AST,DTC,2024-05-16
CM~Sponsored Ad2_CT~VID_VD~15s_PH~CONSD_BO~TRF_PB~IG_PD~NEWSF,YR~24-Q1-01_CL~ASTRA_TA~ONC_DS~THEIR2Low_MB~Neurexa_CU~DTC_CA~B_PH~CONSD_BO~TRF_PB~IG_CN~18225-9-120399_FF~THEIR2Low IG Pixel RTA LAL,AN~Engagement RTALAL_TG~RT_DE~A25-65F_MA~ntl_RG~USA_PH~CONSD_BO~TRF_PB~IG_PD~NEWSF,989,1064,15,0,0,0,0,0,0,15.09,0,0.0,324,0,0,0,0,309,AST,DTC,2024-05-16
CM~Sponsored Ad3_CT~VID_VD~15s_PH~CONSD_BO~TRF_PB~IG_PD~NEWSF,YR~24-Q1-01_CL~ASTRA_TA~ONC_DS~THEIR2Low_MB~Neurexa_CU~DTC_CA~B_PH~CONSD_BO~TRF_PB~IG_CN~18225-9-120399_FF~THEIR2Low IG Pixel RTA LAL,AN~Engagement RTALAL_TG~RT_DE~A25-65F_MA~ntl_RG~USA_PH~CONSD_BO~TRF_PB~IG_PD~NEWSF,56,58,2,0,0,0,0,0,0,0.72,0,0.0,10,0,0,0,0,8,AST,DTC,2024-05-16
CM~Sponsored Ad1_CT~VID_VD~15s_PH~CONSD_BO~TRF_PB~IG_PD~NEWSF,YR~24-Q1-01_CL~ASTRA_TA~ONC_DS~THEIR2Low_MB~Neurexa_CU~DTC_CA~B_PH~CONSD_BO~TRF_PB~IG_CN~18225-9-120399_FF~THEIR2Low IG Pixel RTA LAL,AN~Pixel Search RTALAL_TG~RT_DE~A25-65F_MA~ntl_RG~USA_PH~CONSD_BO~TRF_PB~IG_PD~NEWSF,1175,1258,5,0,0,0,0,0,0,21.21,0,1.0,343,0,0,0,0,337,AST,DTC,2024-05-16
CM~Sponsored Ad1_CT~VID_VD~15s_PH~CONSD_BO~TRF_PB~IG_PD~NEWSF,YR~24-Q1-01_CL~ASTRA_TA~ONC_DS~THEIR2Low_MB~Neurexa_CU~DTC_CA~B_PH~CONSD_BO~TRF_PB~IG_CN~18225-9-120399_FF~THEIR2Low IG PurpleLab,AN~DTC Purple Lab_TG~RT_DE~A25-65A_MA~ntl_RG~USA_PH~CONSD_BO~TRF_PB~FB_PD~NEWSF,549,605,7,0,0,0,0,0,0,10.32,0,1.0,214,0,0,0,0,206,AST,DTC,2024-05-16
CM~Sponsored Ad2_CT~VID_VD~15s_PH~CONSD_BO~TRF_PB~IG_PD~NEWSF,YR~24-Q1-01_CL~ASTRA_TA~ONC_DS~THEIR2Low_MB~Neurexa_CU~DTC_CA~B_PH~CONSD_BO~TRF_PB~IG_CN~18225-9-120399_FF~THEIR2Low IG PurpleLab,AN~DTC Purple Lab_TG~RT_DE~A25-65A_MA~ntl_RG~USA_PH~CONSD_BO~TRF_PB~FB_PD~NEWSF,2868,3591,20,0,0,0,0,0,0,52.56,0,2.0,657,0,0,0,0,635,AST,DTC,2024-05-16
CM~Sponsored Ad3_CT~VID_VD~15s_PH~CONSD_BO~TRF_PB~IG_PD~NEWSF,YR~24-Q1-01_CL~ASTRA_TA~ONC_DS~THEIR2Low_MB~Neurexa_CU~DTC_CA~B_PH~CONSD_BO~TRF_PB~IG_CN~18225-9-120399_FF~THEIR2Low IG PurpleLab,AN~DTC Purple Lab_TG~RT_DE~A25-65A_MA~ntl_RG~USA_PH~CONSD_BO~TRF_PB~FB_PD~NEWSF,196,243,3,0,0,0,0,0,0,5.01,0,0.0,62,0,0,0,0,59,AST,DTC,2024-05-16
CM~CRM Ad_CT~VID_VD~15s_PH~CONSD_BO~TRF_PB~FB_PD~NEWSF,YR~24-Q1-01_CL~ASTRA_TA~ONC_DS~THEIR2+ 2L_MB~Neurexa_CU~DTC_CA~B_PH~CONSD_BO~TRF_PB~FB_CN~18224-9-120398_FF~THEIR2+ 2L Engagement + Video RTA,AN~Engagement RTA_TG~RT_DE~A25-65F_MA~ntl_RG~USA_PH~CONSD_BO~TRF_PB~FB_PD~NEWSF,7434,8703,58,0,0,0,0,0,0,56.13,0,0.0,614,0,0,0,0,556,BZS,DTC,2024-05-16
CM~Educate Ad 2_CT~VID_VD~15s_PH~CONSD_BO~TRF_PB~FB_PD~NEWSF,YR~24-Q1-01_CL~ASTRA_TA~ONC_DS~THEIR2+ 2L_MB~Neurexa_CU~DTC_CA~B_PH~CONSD_BO~TRF_PB~FB_CN~18224-9-120398_FF~THEIR2+ 2L Engagement + Video RTA,AN~Engagement RTA_TG~RT_DE~A25-65F_MA~ntl_RG~USA_PH~CONSD_BO~TRF_PB~FB_PD~NEWSF,501,583,8,0,0,0,0,0,0,3.63,0,0.0,54,0,0,0,0,46,BZS,DTC,2024-05-16
CM~Educate Ad 3_CT~VID_VD~15s_PH~CONSD_BO~TRF_PB~FB_PD~NEWSF,YR~24-Q1-01_CL~ASTRA_TA~ONC_DS~THEIR2+ 2L_MB~Neurexa_CU~DTC_CA~B_PH~CONSD_BO~TRF_PB~FB_CN~18224-9-120398_FF~THEIR2+ 2L Engagement + Video RTA,AN~Engagement RTA_TG~RT_DE~A25-65F_MA~ntl_RG~USA_PH~CONSD_BO~TRF_PB~FB_PD~NEWSF,378,437,5,0,0,0,0,0,0,3.92,0,0.0,33,0,0,0,0,28,BZS,DTC,2024-05-16
CM~Results Ad_CT~VID_VD~15s_PH~CONSD_BO~TRF_PB~FB_PD~NEWSF,YR~24-Q1-01_CL~ASTRA_TA~ONC_DS~THEIR2+ 2L_MB~Neurexa_CU~DTC_CA~B_PH~CONSD_BO~TRF_PB~FB_CN~18224-9-120398_FF~THEIR2+ 2L Engagement + Video RTA,AN~Engagement RTA_TG~RT_DE~A25-65F_MA~ntl_RG~USA_PH~CONSD_BO~TRF_PB~FB_PD~NEWSF,3710,4162,37,0,0,0,0,0,0,23.78,0,0.0,282,0,0,0,0,245,BZS,DTC,2024-05-16
CM~Educate Ad 2_CT~VID_VD~15s_PH~CONSD_BO~TRF_PB~FB_PD~NEWSF,YR~24-Q1-01_CL~ASTRA_TA~ONC_DS~THEIR2+ 2L_MB~Neurexa_CU~DTC_CA~B_PH~CONSD_BO~TRF_PB~FB_CN~18224-9-120398_FF~THEIR2+ 2L Engagement + Video RTA,AN~Video RTA_TG~RT_DE~A25-65F_MA~ntl_RG~USA_PH~CONSD_BO~TRF_PB~FB_PD~NEWSF,11,13,0,0,0,0,0,0,0,0.1,0,0.0,2,0,0,0,0,2,BZS,DTC,2024-05-16
CM~CRM Ad_CT~VID_VD~15s_PH~CONSD_BO~TRF_PB~FB_PD~NEWSF - Copy,YR~24-Q1-01_CL~ASTRA_TA~ONC_DS~THEIR2+ 2L_MB~Neurexa_CU~DTC_CA~B_PH~CONSD_BO~TRF_PB~FB_CN~18224-9-120398_FF~THEIR2+ 2L Engagement + Video RTA,AN~Video RTA_TG~RT_DE~A25-65F_MA~ntl_RG~USA_PH~CONSD_BO~TRF_PB~FB_PD~NEWSF,231,292,2,0,0,0,0,0,0,1.43,0,0.0,34,0,0,0,0,32,BZS,DTC,2024-05-16
CM~Educate Ad 3_CT~VID_VD~15s_PH~CONSD_BO~TRF_PB~FB_PD~NEWSF,YR~24-Q1-01_CL~ASTRA_TA~ONC_DS~THEIR2+ 2L_MB~Neurexa_CU~DTC_CA~B_PH~CONSD_BO~TRF_PB~FB_CN~18224-9-120398_FF~THEIR2+ 2L Engagement + Video RTA,AN~Video RTA_TG~RT_DE~A25-65F_MA~ntl_RG~USA_PH~CONSD_BO~TRF_PB~FB_PD~NEWSF,27,35,0,0,0,0,0,0,0,0.19,0,0.0,8,0,0,0,0,8,BZS,DTC,2024-05-16
CM~Results Ad_CT~VID_VD~15s_PH~CONSD_BO~TRF_PB~FB_PD~NEWSF,YR~24-Q1-01_CL~ASTRA_TA~ONC_DS~THEIR2+ 2L_MB~Neurexa_CU~DTC_CA~B_PH~CONSD_BO~TRF_PB~FB_CN~18224-9-120398_FF~THEIR2+ 2L Engagement + Video RTA,AN~Video RTA_TG~RT_DE~A25-65F_MA~ntl_RG~USA_PH~CONSD_BO~TRF_PB~FB_PD~NEWSF,518,847,10,0,0,0,0,0,0,5.88,0,0.0,113,0,0,0,0,103,BZS,DTC,2024-05-16
CM~CRM Ad_CT~VID_VD~15s_PH~CONSD_BO~TRF_PB~FB_PD~NEWSF,YR~24-Q1-01_CL~ASTRA_TA~ONC_DS~THEIR2+ 2L_MB~Neurexa_CU~DTC_CA~B_PH~CONSD_BO~TRF_PB~FB_CN~18224-9-120398_FF~THEIR2+ 2L Engagement + Video RTA LAL,AN~Engagement RTA LAL_TG~RT_DE~A25-65F_MA~ntl_RG~USA_PH~CONSD_BO~TRF_PB~FB_PD~NEWSF,4048,4231,31,0,0,0,0,0,0,26.43,0,0.0,338,0,0,0,0,307,BZS,DTC,2024-05-16
CM~Educate Ad 2_CT~VID_VD~15s_PH~CONSD_BO~TRF_PB~FB_PD~NEWSF,YR~24-Q1-01_CL~ASTRA_TA~ONC_DS~THEIR2+ 2L_MB~Neurexa_CU~DTC_CA~B_PH~CONSD_BO~TRF_PB~FB_CN~18224-9-120398_FF~THEIR2+ 2L Engagement + Video RTA LAL,AN~Engagement RTA LAL_TG~RT_DE~A25-65F_MA~ntl_RG~USA_PH~CONSD_BO~TRF_PB~FB_PD~NEWSF,27,28,1,0,0,0,0,0,0,0.34,0,0.0,1,0,0,0,0,0,BZS,DTC,2024-05-16
CM~Educate Ad 3_CT~VID_VD~15s_PH~CONSD_BO~TRF_PB~FB_PD~NEWSF,YR~24-Q1-01_CL~ASTRA_TA~ONC_DS~THEIR2+ 2L_MB~Neurexa_CU~DTC_CA~B_PH~CONSD_BO~TRF_PB~FB_CN~18224-9-120398_FF~THEIR2+ 2L Engagement + Video RTA LAL,AN~Engagement RTA LAL_TG~RT_DE~A25-65F_MA~ntl_RG~USA_PH~CONSD_BO~TRF_PB~FB_PD~NEWSF,16,17,0,0,0,0,0,0,0,0.15,0,0.0,0,0,0,0,0,0,BZS,DTC,2024-05-16
CM~Results Ad_CT~VID_VD~15s_PH~CONSD_BO~TRF_PB~FB_PD~NEWSF,YR~24-Q1-01_CL~ASTRA_TA~ONC_DS~THEIR2+ 2L_MB~Neurexa_CU~DTC_CA~B_PH~CONSD_BO~TRF_PB~FB_CN~18224-9-120398_FF~THEIR2+ 2L Engagement + Video RTA LAL,AN~Engagement RTA LAL_TG~RT_DE~A25-65F_MA~ntl_RG~USA_PH~CONSD_BO~TRF_PB~FB_PD~NEWSF,2235,2336,18,0,0,0,0,0,0,16.01,0,0.0,160,0,0,0,0,142,BZS,DTC,2024-05-16
CM~CRM Ad_CT~VID_VD~15s_PH~CONSD_BO~TRF_PB~FB_PD~NEWSF,YR~24-Q1-01_CL~ASTRA_TA~ONC_DS~THEIR2+ 2L_MB~Neurexa_CU~DTC_CA~B_PH~CONSD_BO~TRF_PB~FB_CN~18224-9-120398_FF~THEIR2+ 2L Engagement + Video RTA LAL,AN~Video RTA LAL_TG~RT_DE~A25-65F_MA~ntl_RG~USA_PH~CONSD_BO~TRF_PB~FB_PD~NEWSF,5096,5603,54,0,0,0,0,0,0,32.9,0,0.0,484,0,0,0,0,430,BZS,DTC,2024-05-16
CM~Educate Ad 2_CT~VID_VD~15s_PH~CONSD_BO~TRF_PB~FB_PD~NEWSF,YR~24-Q1-01_CL~ASTRA_TA~ONC_DS~THEIR2+ 2L_MB~Neurexa_CU~DTC_CA~B_PH~CONSD_BO~TRF_PB~FB_CN~18224-9-120398_FF~THEIR2+ 2L Engagement + Video RTA LAL,AN~Video RTA LAL_TG~RT_DE~A25-65F_MA~ntl_RG~USA_PH~CONSD_BO~TRF_PB~FB_PD~NEWSF,25,27,2,0,0,0,0,0,0,0.23,0,0.0,5,0,0,0,0,3,BZS,DTC,2024-05-16
CM~Educate Ad 3_CT~VID_VD~15s_PH~CONSD_BO~TRF_PB~FB_PD~NEWSF,YR~24-Q1-01_CL~ASTRA_TA~ONC_DS~THEIR2+ 2L_MB~Neurexa_CU~DTC_CA~B_PH~CONSD_BO~TRF_PB~FB_CN~18224-9-120398_FF~THEIR2+ 2L Engagement + Video RTA LAL,AN~Video RTA LAL_TG~RT_DE~A25-65F_MA~ntl_RG~USA_PH~CONSD_BO~TRF_PB~FB_PD~NEWSF,14,14,0,0,0,0,0,0,0,0.38,0,0.0,1,0,0,0,0,1,BZS,DTC,2024-05-16
CM~Results Ad_CT~VID_VD~15s_PH~CONSD_BO~TRF_PB~FB_PD~NEWSF,YR~24-Q1-01_CL~ASTRA_TA~ONC_DS~THEIR2+ 2L_MB~Neurexa_CU~DTC_CA~B_PH~CONSD_BO~TRF_PB~FB_CN~18224-9-120398_FF~THEIR2+ 2L Engagement + Video RTA LAL,AN~Video RTA LAL_TG~RT_DE~A25-65F_MA~ntl_RG~USA_PH~CONSD_BO~TRF_PB~FB_PD~NEWSF,3955,4267,37,0,0,0,0,0,0,19.58,0,0.0,322,0,0,0,0,285,BZS,DTC,2024-05-16
CM~CRM Ad_CT~VID_VD~15s_PH~CONSD_BO~TRF_PB~FB_PD~NEWSF,YR~24-Q1-01_CL~ASTRA_TA~ONC_DS~THEIR2+ 2L_MB~Neurexa_CU~DTC_CA~B_PH~CONSD_BO~TRF_PB~FB_CN~18224-9-120398_FF~THEIR2+ 2L FB PurpleLab,AN~DTC Purple Lab_TG~RT_DE~A25-65A_MA~ntl_RG~USA_PH~CONSD_BO~TRF_PB~FB_PD~NEWSF,5041,5790,45,0,0,0,0,0,0,40.47,0,0.0,571,0,0,0,0,526,BZS,DTC,2024-05-16
CM~Educate Ad 2_CT~VID_VD~15s_PH~CONSD_BO~TRF_PB~FB_PD~NEWSF,YR~24-Q1-01_CL~ASTRA_TA~ONC_DS~THEIR2+ 2L_MB~Neurexa_CU~DTC_CA~B_PH~CONSD_BO~TRF_PB~FB_CN~18224-9-120398_FF~THEIR2+ 2L FB PurpleLab,AN~DTC Purple Lab_TG~RT_DE~A25-65A_MA~ntl_RG~USA_PH~CONSD_BO~TRF_PB~FB_PD~NEWSF,279,356,2,0,0,0,0,0,0,1.74,0,0.0,39,0,0,0,0,37,BZS,DTC,2024-05-16
CM~Educate Ad 3_CT~VID_VD~15s_PH~CONSD_BO~TRF_PB~FB_PD~NEWSF,YR~24-Q1-01_CL~ASTRA_TA~ONC_DS~THEIR2+ 2L_MB~Neurexa_CU~DTC_CA~B_PH~CONSD_BO~TRF_PB~FB_CN~18224-9-120398_FF~THEIR2+ 2L FB PurpleLab,AN~DTC Purple Lab_TG~RT_DE~A25-65A_MA~ntl_RG~USA_PH~CONSD_BO~TRF_PB~FB_PD~NEWSF,330,416,5,0,0,0,0,0,0,2.33,0,0.0,32,0,0,0,0,27,BZS,DTC,2024-05-16
CM~Results Ad_CT~VID_VD~15s_PH~CONSD_BO~TRF_PB~FB_PD~NEWSF,YR~24-Q1-01_CL~ASTRA_TA~ONC_DS~THEIR2+ 2L_MB~Neurexa_CU~DTC_CA~B_PH~CONSD_BO~TRF_PB~FB_CN~18224-9-120398_FF~THEIR2+ 2L FB PurpleLab,AN~DTC Purple Lab_TG~RT_DE~A25-65A_MA~ntl_RG~USA_PH~CONSD_BO~TRF_PB~FB_PD~NEWSF,7492,8909,53,0,0,0,0,0,0,51.48,0,0.0,852,0,0,0,0,799,BZS,DTC,2024-05-16
CM~CRM Ad_CT~VID_VD~15s_PH~CONSD_BO~TRF_PB~FB_PD~NEWSF,YR~24-Q1-01_CL~ASTRA_TA~ONC_DS~THEIR2+ 2L_MB~Neurexa_CU~DTC_CA~B_PH~CONSD_BO~TRF_PB~FB_CN~18224-9-120398_FF~THEIR2+ 2L Pixel LAL,AN~Pixel LAL_TG~LAL_DE~A25-65F_MA~ntl_RG~USA_PH~CONSD_BO~TRF_PB~FB_PD~NEWSF,6578,7529,66,0,0,0,0,0,0,45.15,0,0.0,727,0,0,0,0,661,BZS,DTC,2024-05-16
CM~Educate Ad 2_CT~VID_VD~15s_PH~CONSD_BO~TRF_PB~FB_PD~NEWSF,YR~24-Q1-01_CL~ASTRA_TA~ONC_DS~THEIR2+ 2L_MB~Neurexa_CU~DTC_CA~B_PH~CONSD_BO~TRF_PB~FB_CN~18224-9-120398_FF~THEIR2+ 2L Pixel LAL,AN~Pixel LAL_TG~LAL_DE~A25-65F_MA~ntl_RG~USA_PH~CONSD_BO~TRF_PB~FB_PD~NEWSF,1083,1332,11,0,0,0,0,0,0,6.13,0,0.0,87,0,0,0,0,76,BZS,DTC,2024-05-16
CM~Educate Ad 3_CT~VID_VD~15s_PH~CONSD_BO~TRF_PB~FB_PD~NEWSF,YR~24-Q1-01_CL~ASTRA_TA~ONC_DS~THEIR2+ 2L_MB~Neurexa_CU~DTC_CA~B_PH~CONSD_BO~TRF_PB~FB_CN~18224-9-120398_FF~THEIR2+ 2L Pixel LAL,AN~Pixel LAL_TG~LAL_DE~A25-65F_MA~ntl_RG~USA_PH~CONSD_BO~TRF_PB~FB_PD~NEWSF,505,585,3,0,0,0,0,0,0,1.51,0,0.0,35,0,0,0,0,32,BZS,DTC,2024-05-16
CM~Results Ad_CT~VID_VD~15s_PH~CONSD_BO~TRF_PB~FB_PD~NEWSF,YR~24-Q1-01_CL~ASTRA_TA~ONC_DS~THEIR2+ 2L_MB~Neurexa_CU~DTC_CA~B_PH~CONSD_BO~TRF_PB~FB_CN~18224-9-120398_FF~THEIR2+ 2L Pixel LAL,AN~Pixel LAL_TG~LAL_DE~A25-65F_MA~ntl_RG~USA_PH~CONSD_BO~TRF_PB~FB_PD~NEWSF,6416,7515,44,0,0,0,0,0,0,33.28,0,0.0,619,0,0,0,0,575,BZS,DTC,2024-05-16
CM~CRM Ad_CT~VID_VD~15s_PH~CONSD_BO~TRF_PB~FB_PD~NEWSF,YR~24-Q1-01_CL~ASTRA_TA~ONC_DS~THEIR2+ 2L_MB~Neurexa_CU~DTC_CA~B_PH~CONSD_BO~TRF_PB~FB_CN~18224-9-120398_FF~THEIR2+ 2L Pixel LAL,AN~Pixel Search LAL_TG~LAL_DE~A25-65F_MA~ntl_RG~USA_PH~CONSD_BO~TRF_PB~FB_PD~NEWSF,484,509,9,0,0,0,0,0,0,4.07,0,0.0,51,0,0,0,0,42,BZS,DTC,2024-05-16
CM~Educate Ad 3_CT~VID_VD~15s_PH~CONSD_BO~TRF_PB~FB_PD~NEWSF,YR~24-Q1-01_CL~ASTRA_TA~ONC_DS~THEIR2+ 2L_MB~Neurexa_CU~DTC_CA~B_PH~CONSD_BO~TRF_PB~FB_CN~18224-9-120398_FF~THEIR2+ 2L Pixel LAL,AN~Pixel Search LAL_TG~LAL_DE~A25-65F_MA~ntl_RG~USA_PH~CONSD_BO~TRF_PB~FB_PD~NEWSF,32,35,0,0,0,0,0,0,0,0.84,0,0.0,0,0,0,0,0,0,BZS,DTC,2024-05-16
CM~Results Ad_CT~VID_VD~15s_PH~CONSD_BO~TRF_PB~FB_PD~NEWSF,YR~24-Q1-01_CL~ASTRA_TA~ONC_DS~THEIR2+ 2L_MB~Neurexa_CU~DTC_CA~B_PH~CONSD_BO~TRF_PB~FB_CN~18224-9-120398_FF~THEIR2+ 2L Pixel LAL,AN~Pixel Search LAL_TG~LAL_DE~A25-65F_MA~ntl_RG~USA_PH~CONSD_BO~TRF_PB~FB_PD~NEWSF,594,656,5,0,0,0,0,0,0,2.59,0,0.0,49,0,0,0,0,44,BZS,DTC,2024-05-16
CM~CRM Ad_CT~VID_VD~15s_PH~CONSD_BO~TRF_PB~FB_PD~NEWSF,YR~24-Q1-01_CL~ASTRA_TA~ONC_DS~THEIR2+ 2L_MB~Neurexa_CU~DTC_CA~B_PH~CONSD_BO~TRF_PB~FB_CN~18224-9-120398_FF~THEIR2+ 2L Pixel RTA,AN~Pixel RTA_TG~RT_DE~A25-65F_MA~ntl_RG~USA_PH~CONSD_BO~TRF_PB~FB_PD~NEWSF,1967,2513,35,0,0,0,0,0,0,26.36,0,0.0,277,0,0,0,0,242,BZS,DTC,2024-05-16
CM~Educate Ad2_CT~VID_VD~15s_PH~CONSD_BO~TRF_PB~FB_PD~NEWSF,YR~24-Q1-01_CL~ASTRA_TA~ONC_DS~THEIR2+ 2L_MB~Neurexa_CU~DTC_CA~B_PH~CONSD_BO~TRF_PB~FB_CN~18224-9-120398_FF~THEIR2+ 2L Pixel RTA,AN~Pixel RTA_TG~RT_DE~A25-65F_MA~ntl_RG~USA_PH~CONSD_BO~TRF_PB~FB_PD~NEWSF,470,653,5,0,0,0,0,0,0,4.72,0,0.0,59,0,0,0,0,54,BZS,DTC,2024-05-16
CM~Educate Ad3_CT~VID_VD~15s_PH~CONSD_BO~TRF_PB~FB_PD~NEWSF,YR~24-Q1-01_CL~ASTRA_TA~ONC_DS~THEIR2+ 2L_MB~Neurexa_CU~DTC_CA~B_PH~CONSD_BO~TRF_PB~FB_CN~18224-9-120398_FF~THEIR2+ 2L Pixel RTA,AN~Pixel RTA_TG~RT_DE~A25-65F_MA~ntl_RG~USA_PH~CONSD_BO~TRF_PB~FB_PD~NEWSF,324,457,3,0,0,0,0,0,0,3.62,0,0.0,49,0,0,0,0,46,BZS,DTC,2024-05-16
CM~Results Ad_CT~VID_VD~15s_PH~CONSD_BO~TRF_PB~FB_PD~NEWSF,YR~24-Q1-01_CL~ASTRA_TA~ONC_DS~THEIR2+ 2L_MB~Neurexa_CU~DTC_CA~B_PH~CONSD_BO~TRF_PB~FB_CN~18224-9-120398_FF~THEIR2+ 2L Pixel RTA,AN~Pixel RTA_TG~RT_DE~A25-65F_MA~ntl_RG~USA_PH~CONSD_BO~TRF_PB~FB_PD~NEWSF,4729,6946,56,0,0,0,0,0,0,53.25,0,0.0,714,0,0,0,0,658,BZS,DTC,2024-05-16
CM~CRM Ad_CT~VID_VD~15s_PH~CONSD_BO~TRF_PB~FB_PD~NEWSF,YR~24-Q1-01_CL~ASTRA_TA~ONC_DS~THEIR2+ 2L_MB~Neurexa_CU~DTC_CA~B_PH~CONSD_BO~TRF_PB~FB_CN~18224-9-120398_FF~THEIR2+ 2L Pixel RTA,AN~Pixel Search RTA_TG~RT_DE~A25-65F_MA~ntl_RG~USA_PH~CONSD_BO~TRF_PB~FB_PD~NEWSF,654,945,7,0,0,0,0,0,0,7.4,0,0.0,81,0,0,0,0,74,BZS,DTC,2024-05-16
CM~SecondLineDressAd1_CT~VID_VD~15s_PH~CONSD_BO~TRF_PB~IG_PD~NEWSF,YR~24-Q1-01_CL~ASTRA_TA~ONC_DS~THEIR2+ 2L_MB~Neurexa_CU~DTC_CA~B_PH~CONSD_BO~TRF_PB~IG_CN~18224-9-120398_FF~THEIR2+ 2L IG Engagement + Video RTA LAL,AN~Engagement RTA LAL_TG~LAL_DE~A25-65F_MA~ntl_RG~USA_PH~CONSD_BO~TRF_PB~IG_PD~NEWSF,306,321,6,0,0,0,0,0,0,4.93,0,0.0,114,0,0,0,0,108,BZS,DTC,2024-05-16
CM~SecondLineWhiteFrameAd2_CT~VID_VD~15s_PH~CONSD_BO~TRF_PB~IG_PD~NEWSF,YR~24-Q1-01_CL~ASTRA_TA~ONC_DS~THEIR2+ 2L_MB~Neurexa_CU~DTC_CA~B_PH~CONSD_BO~TRF_PB~IG_CN~18224-9-120398_FF~THEIR2+ 2L IG Engagement + Video RTA LAL,AN~Engagement RTA LAL_TG~LAL_DE~A25-65F_MA~ntl_RG~USA_PH~CONSD_BO~TRF_PB~IG_PD~NEWSF,3,3,0,0,0,0,0,0,0,0.07,0,0.0,0,0,0,0,0,0,BZS,DTC,2024-05-16
CM~SecondLineDressAd1_CT~VID_VD~15s_PH~CONSD_BO~TRF_PB~IG_PD~NEWSF,YR~24-Q1-01_CL~ASTRA_TA~ONC_DS~THEIR2+ 2L_MB~Neurexa_CU~DTC_CA~B_PH~CONSD_BO~TRF_PB~IG_CN~18224-9-120398_FF~THEIR2+ 2L IG Engagement + Video RTA LAL,AN~Video RTA LAL_TG~LAL_DE~A25-65F_MA~ntl_RG~USA_PH~CONSD_BO~TRF_PB~IG_PD~NEWSF,1725,1863,26,0,0,0,0,0,0,25.18,0,3.0,568,0,0,0,0,539,BZS,DTC,2024-05-16
CM~SecondLineWhiteFrameAd2_CT~VID_VD~15s_PH~CONSD_BO~TRF_PB~IG_PD~NEWSF,YR~24-Q1-01_CL~ASTRA_TA~ONC_DS~THEIR2+ 2L_MB~Neurexa_CU~DTC_CA~B_PH~CONSD_BO~TRF_PB~IG_CN~18224-9-120398_FF~THEIR2+ 2L IG Engagement + Video RTA LAL,AN~Video RTA LAL_TG~LAL_DE~A25-65F_MA~ntl_RG~USA_PH~CONSD_BO~TRF_PB~IG_PD~NEWSF,211,215,2,0,0,0,0,0,0,3.61,0,0.0,66,0,0,0,0,64,BZS,DTC,2024-05-16
CM~SecondLineDressAd1_CT~VID_VD~15s_PH~CONSD_BO~TRF_PB~IG_PD~NEWSF,YR~24-Q1-01_CL~ASTRA_TA~ONC_DS~THEIR2+ 2L_MB~Neurexa_CU~DTC_CA~B_PH~CONSD_BO~TRF_PB~IG_CN~18224-9-120398_FF~THEIR2+ 2L IG Pixel LAL,AN~Pixel LAL_TG~LAL_DE~A25-65F_MA~ntl_RG~USA_PH~CONSD_BO~TRF_PB~IG_PD~NEWSF,1287,1515,9,0,0,0,0,0,0,23.59,0,2.0,352,0,0,0,0,341,BZS,DTC,2024-05-16
CM~SecondLineWhiteFrameAd2_CT~VID_VD~15s_PH~CONSD_BO~TRF_PB~IG_PD~NEWSF,YR~24-Q1-01_CL~ASTRA_TA~ONC_DS~THEIR2+ 2L_MB~Neurexa_CU~DTC_CA~B_PH~CONSD_BO~TRF_PB~IG_CN~18224-9-120398_FF~THEIR2+ 2L IG Pixel LAL,AN~Pixel LAL_TG~LAL_DE~A25-65F_MA~ntl_RG~USA_PH~CONSD_BO~TRF_PB~IG_PD~NEWSF,360,423,3,0,0,0,0,0,0,9.16,0,0.0,109,0,0,0,0,106,BZS,DTC,2024-05-16
CM~SecondLineDressAd1_CT~VID_VD~15s_PH~CONSD_BO~TRF_PB~IG_PD~NEWSF,YR~24-Q1-01_CL~ASTRA_TA~ONC_DS~THEIR2+ 2L_MB~Neurexa_CU~DTC_CA~B_PH~CONSD_BO~TRF_PB~IG_CN~18224-9-120398_FF~THEIR2+ 2L IG Pixel LAL,AN~Pixel Search LAL_TG~LAL_DE~A25-65F_MA~ntl_RG~USA_PH~CONSD_BO~TRF_PB~IG_PD~NEWSF,2,2,0,0,0,0,0,0,0,0.02,0,0.0,0,0,0,0,0,0,BZS,DTC,2024-05-16
CM~SecondLineDressAd1_CT~VID_VD~15s_PH~CONSD_BO~TRF_PB~IG_PD~NEWSF,YR~24-Q1-01_CL~ASTRA_TA~ONC_DS~THEIR2+ 2L_MB~Neurexa_CU~DTC_CA~B_PH~CONSD_BO~TRF_PB~IG_CN~18224-9-120398_FF~THEIR2+ 2L IG Pixel RTA,AN~Pixel RTA_TG~LAL_DE~A25-65F_MA~ntl_RG~USA_PH~CONSD_BO~TRF_PB~IG_PD~NEWSF,725,1031,14,0,0,0,0,0,0,18.41,0,3.0,158,0,0,0,0,141,BZS,DTC,2024-05-16
CM~SecondLineWhiteFrameAd2_CT~VID_VD~15s_PH~CONSD_BO~TRF_PB~IG_PD~NEWSF,YR~24-Q1-01_CL~ASTRA_TA~ONC_DS~THEIR2+ 2L_MB~Neurexa_CU~DTC_CA~B_PH~CONSD_BO~TRF_PB~IG_CN~18224-9-120398_FF~THEIR2+ 2L IG Pixel RTA,AN~Pixel RTA_TG~LAL_DE~A25-65F_MA~ntl_RG~USA_PH~CONSD_BO~TRF_PB~IG_PD~NEWSF,395,536,4,0,0,0,0,0,0,10.99,0,2.0,110,0,0,0,0,104,BZS,DTC,2024-05-16
CM~SecondLineWhiteFrameAd2_CT~VID_VD~15s_PH~CONSD_BO~TRF_PB~IG_PD~NEWSF,YR~24-Q1-01_CL~ASTRA_TA~ONC_DS~THEIR2+ 2L_MB~Neurexa_CU~DTC_CA~B_PH~CONSD_BO~TRF_PB~IG_CN~18224-9-120398_FF~THEIR2+ 2L IG Pixel RTA,AN~Pixel Search RTA_TG~LAL_DE~A25-65F_MA~ntl_RG~USA_PH~CONSD_BO~TRF_PB~IG_PD~NEWSF,63,71,0,0,0,0,0,0,0,1.3,0,0.0,12,0,0,0,0,12,BZS,DTC,2024-05-16
CM~SecondLineDressAd1_CT~VID_VD~15s_PH~CONSD_BO~TRF_PB~IG_PD~NEWSF,YR~24-Q1-01_CL~ASTRA_TA~ONC_DS~THEIR2+ 2L_MB~Neurexa_CU~DTC_CA~B_PH~CONSD_BO~TRF_PB~IG_CN~18224-9-120398_FF~THEIR2+ 2L IG Pixel RTA,AN~Pixel Search RTA_TG~LAL_DE~A25-65F_MA~ntl_RG~USA_PH~CONSD_BO~TRF_PB~IG_PD~NEWSF,152,175,0,0,0,0,0,0,0,3.26,0,1.0,34,0,0,0,0,33,BZS,DTC,2024-05-16
CM~SecondLineDressAd1_CT~VID_VD~15s_PH~CONSD_BO~TRF_PB~IG_PD~NEWSF,YR~24-Q1-01_CL~ASTRA_TA~ONC_DS~THEIR2+ 2L_MB~Neurexa_CU~DTC_CA~B_PH~CONSD_BO~TRF_PB~IG_CN~18224-9-120398_FF~THEIR2+ 2L IG PurpleLab,AN~DTC Purple Lab_TG~RT_DE~A25-65A_MA~ntl_RG~USA_PH~CONSD_BO~TRF_PB~FB_PD~NEWSF,1164,1396,7,0,0,0,0,0,0,22.76,0,0.0,296,0,0,0,0,289,BZS,DTC,2024-05-16
CM~SecondLineWhiteFrameAd2_CT~VID_VD~15s_PH~CONSD_BO~TRF_PB~IG_PD~NEWSF,YR~24-Q1-01_CL~ASTRA_TA~ONC_DS~THEIR2+ 2L_MB~Neurexa_CU~DTC_CA~B_PH~CONSD_BO~TRF_PB~IG_CN~18224-9-120398_FF~THEIR2+ 2L IG PurpleLab,AN~DTC Purple Lab_TG~RT_DE~A25-65A_MA~ntl_RG~USA_PH~CONSD_BO~TRF_PB~FB_PD~NEWSF,456,555,5,0,0,0,0,0,0,10.67,0,1.0,145,0,0,0,0,139,BZS,DTC,2024-05-16
CM~Spon. Ad 1_CT~VID_VD~15s_PH~CONV_BO~TRF_PB~FB_PD~NEWSF,YR~24-Q1-01_CL~ASTRA_TA~ONC_DS~THEIR2Low_MB~Neurexa_CU~DTC_CA~B_PH~CONSD_BO~TRF_PB~FB_CN~18225-9-120399_FF~THEIR2Low FB PurpleLab,AN~DTC Purple Lab_TG~RT_DE~A25-65A_MA~ntl_RG~USA_PH~CONSD_BO~TRF_PB~FB_PD~NEWSF,15057,18797,151,0,0,0,0,0,0,137.83,0,0.0,2287,0,0,0,0,2136,AST,DTC,2024-05-17
CM~Spon. Ad 2_CT~VID_VD~15s_PH~CONV_BO~TRF_PB~FB_PD~NEWSF,YR~24-Q1-01_CL~ASTRA_TA~ONC_DS~THEIR2Low_MB~Neurexa_CU~DTC_CA~B_PH~CONSD_BO~TRF_PB~FB_CN~18225-9-120399_FF~THEIR2Low FB PurpleLab,AN~DTC Purple Lab_TG~RT_DE~A25-65A_MA~ntl_RG~USA_PH~CONSD_BO~TRF_PB~FB_PD~NEWSF,303,313,2,0,0,0,0,0,0,2.58,0,0.0,29,0,0,0,0,27,AST,DTC,2024-05-17
CM~Spon. Ad 3_CT~VID_VD~30s_PH~CONV_BO~TRF_PB~FB_PD~NEWSF,YR~24-Q1-01_CL~ASTRA_TA~ONC_DS~THEIR2Low_MB~Neurexa_CU~DTC_CA~B_PH~CONSD_BO~TRF_PB~FB_CN~18225-9-120399_FF~THEIR2Low FB PurpleLab,AN~DTC Purple Lab_TG~RT_DE~A25-65A_MA~ntl_RG~USA_PH~CONSD_BO~TRF_PB~FB_PD~NEWSF,4609,5805,32,0,0,0,0,0,0,32.84,0,0.0,417,0,0,0,0,385,AST,DTC,2024-05-17
CM~Spon. Ad 1_CT~VID_VD~15s_PH~CONV_BO~TRF_PB~FB_PD~NEWSF,YR~24-Q1-01_CL~ASTRA_TA~ONC_DS~THEIR2Low_MB~Neurexa_CU~DTC_CA~B_PH~CONSD_BO~TRF_PB~FB_CN~18225-9-120399_FF~THEIR2Low Pixel RTA,AN~Engagement RTA_TG~RT_DE~A25-65F_MA~ntl_RG~USA_PH~CONSD_BO~TRF_PB~FB_PD~NEWSF,13360,18220,191,0,0,0,0,0,0,121.92,0,0.0,1598,0,0,0,0,1407,AST,DTC,2024-05-17
CM~Spon. Ad 2_CT~VID_VD~15s_PH~CONV_BO~TRF_PB~FB_PD~NEWSF,YR~24-Q1-01_CL~ASTRA_TA~ONC_DS~THEIR2Low_MB~Neurexa_CU~DTC_CA~B_PH~CONSD_BO~TRF_PB~FB_CN~18225-9-120399_FF~THEIR2Low Pixel RTA,AN~Engagement RTA_TG~RT_DE~A25-65F_MA~ntl_RG~USA_PH~CONSD_BO~TRF_PB~FB_PD~NEWSF,55,63,2,0,0,0,0,0,0,0.49,0,0.0,8,0,0,0,0,6,AST,DTC,2024-05-17
CM~Spon. Ad 3_CT~VID_VD~30s_PH~CONV_BO~TRF_PB~FB_PD~NEWSF,YR~24-Q1-01_CL~ASTRA_TA~ONC_DS~THEIR2Low_MB~Neurexa_CU~DTC_CA~B_PH~CONSD_BO~TRF_PB~FB_CN~18225-9-120399_FF~THEIR2Low Pixel RTA,AN~Engagement RTA_TG~RT_DE~A25-65F_MA~ntl_RG~USA_PH~CONSD_BO~TRF_PB~FB_PD~NEWSF,8865,12594,88,0,0,0,0,0,0,66.23,0,0.0,782,0,0,0,0,694,AST,DTC,2024-05-17
CM~Spon. Ad 1_CT~VID_VD~15s_PH~CONV_BO~TRF_PB~FB_PD~NEWSF,YR~24-Q1-01_CL~ASTRA_TA~ONC_DS~THEIR2Low_MB~Neurexa_CU~DTC_CA~B_PH~CONSD_BO~TRF_PB~FB_CN~18225-9-120399_FF~THEIR2Low Pixel RTA,AN~Pixel RTA_TG~RT_DE~A25-65F_MA~ntl_RG~USA_PH~CONSD_BO~TRF_PB~FB_PD~NEWSF,302,402,1,0,0,0,0,0,0,4.0,0,0.0,28,0,0,0,0,27,AST,DTC,2024-05-17
CM~Spon. Ad 2_CT~VID_VD~15s_PH~CONV_BO~TRF_PB~FB_PD~NEWSF,YR~24-Q1-01_CL~ASTRA_TA~ONC_DS~THEIR2Low_MB~Neurexa_CU~DTC_CA~B_PH~CONSD_BO~TRF_PB~FB_CN~18225-9-120399_FF~THEIR2Low Pixel RTA,AN~Pixel RTA_TG~RT_DE~A25-65F_MA~ntl_RG~USA_PH~CONSD_BO~TRF_PB~FB_PD~NEWSF,306,440,2,0,0,0,0,0,0,4.89,0,0.0,44,0,0,0,0,42,AST,DTC,2024-05-17
CM~Spon. Ad 3_CT~VID_VD~30s_PH~CONV_BO~TRF_PB~FB_PD~NEWSF,YR~24-Q1-01_CL~ASTRA_TA~ONC_DS~THEIR2Low_MB~Neurexa_CU~DTC_CA~B_PH~CONSD_BO~TRF_PB~FB_CN~18225-9-120399_FF~THEIR2Low Pixel RTA,AN~Pixel Search RTA_TG~RT_DE~A25-65F_MA~ntl_RG~USA_PH~CONSD_BO~TRF_PB~FB_PD~NEWSF,213,291,1,0,0,0,0,0,0,3.2,0,0.0,24,0,0,0,0,23,AST,DTC,2024-05-17
CM~Spon. Ad 1_CT~VID_VD~15s_PH~CONV_BO~TRF_PB~FB_PD~NEWSF,YR~24-Q1-01_CL~ASTRA_TA~ONC_DS~THEIR2Low_MB~Neurexa_CU~DTC_CA~B_PH~CONSD_BO~TRF_PB~FB_CN~18225-9-120399_FF~THEIR2Low Pixel RTA,AN~Pixel Search RTA_TG~RT_DE~A25-65F_MA~ntl_RG~USA_PH~CONSD_BO~TRF_PB~FB_PD~NEWSF,326,425,6,0,0,0,0,0,0,5.44,0,0.0,52,0,0,0,0,46,AST,DTC,2024-05-17
CM~Spon. Ad 2_CT~VID_VD~15s_PH~CONV_BO~TRF_PB~FB_PD~NEWSF,YR~24-Q1-01_CL~ASTRA_TA~ONC_DS~THEIR2Low_MB~Neurexa_CU~DTC_CA~B_PH~CONSD_BO~TRF_PB~FB_CN~18225-9-120399_FF~THEIR2Low Pixel RTA,AN~Pixel Search RTA_TG~RT_DE~A25-65F_MA~ntl_RG~USA_PH~CONSD_BO~TRF_PB~FB_PD~NEWSF,2,2,0,0,0,0,0,0,0,0.02,0,0.0,0,0,0,0,0,0,AST,DTC,2024-05-17
CM~Spon. Ad 1_CT~VID_VD~15s_PH~CONV_BO~TRF_PB~FB_PD~NEWSF,YR~24-Q1-01_CL~ASTRA_TA~ONC_DS~THEIR2Low_MB~Neurexa_CU~DTC_CA~B_PH~CONSD_BO~TRF_PB~FB_CN~18225-9-120399_FF~THEIR2Low Pixel RTA LAL,AN~Engagement RTA LAL_TG~LAL_DE~A25-65F_MA~ntl_RG~USA_PH~CONSD_BO~TRF_PB~FB_PD~NEWSF - Copy,12841,15464,109,0,0,0,0,0,0,75.71,0,0.0,1299,0,0,0,0,1189,AST,DTC,2024-05-17
CM~Spon. Ad 2_CT~VID_VD~15s_PH~CONV_BO~TRF_PB~FB_PD~NEWSF,YR~24-Q1-01_CL~ASTRA_TA~ONC_DS~THEIR2Low_MB~Neurexa_CU~DTC_CA~B_PH~CONSD_BO~TRF_PB~FB_CN~18225-9-120399_FF~THEIR2Low Pixel RTA LAL,AN~Engagement RTA LAL_TG~LAL_DE~A25-65F_MA~ntl_RG~USA_PH~CONSD_BO~TRF_PB~FB_PD~NEWSF - Copy,64,67,1,0,0,0,0,0,0,0.3,0,0.0,4,0,0,0,0,3,AST,DTC,2024-05-17
CM~Spon. Ad 3_CT~VID_VD~30s_PH~CONV_BO~TRF_PB~FB_PD~NEWSF,YR~24-Q1-01_CL~ASTRA_TA~ONC_DS~THEIR2Low_MB~Neurexa_CU~DTC_CA~B_PH~CONSD_BO~TRF_PB~FB_CN~18225-9-120399_FF~THEIR2Low Pixel RTA LAL,AN~Engagement RTA LAL_TG~LAL_DE~A25-65F_MA~ntl_RG~USA_PH~CONSD_BO~TRF_PB~FB_PD~NEWSF - Copy,23744,28484,169,0,0,0,0,0,0,115.29,0,0.0,1653,0,0,0,0,1484,AST,DTC,2024-05-17
CM~Spon. Ad 1_CT~VID_VD~15s_PH~CONV_BO~TRF_PB~FB_PD~NEWSF,YR~24-Q1-01_CL~ASTRA_TA~ONC_DS~THEIR2Low_MB~Neurexa_CU~DTC_CA~B_PH~CONSD_BO~TRF_PB~FB_CN~18225-9-120399_FF~THEIR2Low Pixel RTA LAL,AN~Pixel RTA LAL_TG~LAL_DE~A25-65F_MA~ntl_RG~USA_PH~CONSD_BO~TRF_PB~FB_PD~NEWSF,683,744,9,0,0,0,0,0,0,4.59,0,0.0,69,0,0,0,0,60,AST,DTC,2024-05-17
CM~Spon. Ad 2_CT~VID_VD~15s_PH~CONV_BO~TRF_PB~FB_PD~NEWSF,YR~24-Q1-01_CL~ASTRA_TA~ONC_DS~THEIR2Low_MB~Neurexa_CU~DTC_CA~B_PH~CONSD_BO~TRF_PB~FB_CN~18225-9-120399_FF~THEIR2Low Pixel RTA LAL,AN~Pixel RTA LAL_TG~LAL_DE~A25-65F_MA~ntl_RG~USA_PH~CONSD_BO~TRF_PB~FB_PD~NEWSF,415,431,5,0,0,0,0,0,0,3.19,0,0.0,40,0,0,0,0,35,AST,DTC,2024-05-17
CM~Spon. Ad 1_CT~VID_VD~15s_PH~CONV_BO~TRF_PB~FB_PD~NEWSF,YR~24-Q1-01_CL~ASTRA_TA~ONC_DS~THEIR2Low_MB~Neurexa_CU~DTC_CA~B_PH~CONSD_BO~TRF_PB~FB_CN~18225-9-120399_FF~THEIR2Low Pixel RTA LAL,AN~Pixel Search RTA LAL_TG~LAL_DE~A25-65F_MA~ntl_RG~USA_PH~CONSD_BO~TRF_PB~FB_PD~NEWSF,748,805,11,0,0,0,0,0,0,4.89,0,0.0,89,0,0,0,0,78,AST,DTC,2024-05-17
CM~Spon. Ad 2_CT~VID_VD~15s_PH~CONV_BO~TRF_PB~FB_PD~NEWSF,YR~24-Q1-01_CL~ASTRA_TA~ONC_DS~THEIR2Low_MB~Neurexa_CU~DTC_CA~B_PH~CONSD_BO~TRF_PB~FB_CN~18225-9-120399_FF~THEIR2Low Pixel RTA LAL,AN~Pixel Search RTA LAL_TG~LAL_DE~A25-65F_MA~ntl_RG~USA_PH~CONSD_BO~TRF_PB~FB_PD~NEWSF,201,205,2,0,0,0,0,0,0,2.41,0,0.0,24,0,0,0,0,22,AST,DTC,2024-05-17
CM~Sponsored Ad1_CT~VID_VD~15s_PH~CONSD_BO~TRF_PB~IG_PD~NEWSF,YR~24-Q1-01_CL~ASTRA_TA~ONC_DS~THEIR2Low_MB~Neurexa_CU~DTC_CA~B_PH~CONSD_BO~TRF_PB~IG_CN~18225-9-120399_FF~THEIR2Low IG Pixel RTA,AN~Engagement RTA_TG~RT_DE~A25-65F_MA~ntl_RG~USA_PH~CONSD_BO~TRF_PB~IG_PD~NEWSF,620,684,3,0,0,0,0,0,0,13.33,0,1.0,158,0,0,0,0,154,AST,DTC,2024-05-17
CM~Sponsored Ad2_CT~VID_VD~15s_PH~CONSD_BO~TRF_PB~IG_PD~NEWSF,YR~24-Q1-01_CL~ASTRA_TA~ONC_DS~THEIR2Low_MB~Neurexa_CU~DTC_CA~B_PH~CONSD_BO~TRF_PB~IG_CN~18225-9-120399_FF~THEIR2Low IG Pixel RTA,AN~Engagement RTA_TG~RT_DE~A25-65F_MA~ntl_RG~USA_PH~CONSD_BO~TRF_PB~IG_PD~NEWSF,1109,1384,5,0,0,0,0,0,0,21.07,0,2.0,205,0,0,0,0,198,AST,DTC,2024-05-17
CM~Sponsored Ad3_CT~VID_VD~15s_PH~CONSD_BO~TRF_PB~IG_PD~NEWSF,YR~24-Q1-01_CL~ASTRA_TA~ONC_DS~THEIR2Low_MB~Neurexa_CU~DTC_CA~B_PH~CONSD_BO~TRF_PB~IG_CN~18225-9-120399_FF~THEIR2Low IG Pixel RTA,AN~Engagement RTA_TG~RT_DE~A25-65F_MA~ntl_RG~USA_PH~CONSD_BO~TRF_PB~IG_PD~NEWSF,389,462,5,0,0,0,0,0,0,11.43,0,1.0,81,0,0,0,0,75,AST,DTC,2024-05-17
CM~Sponsored Ad1_CT~VID_VD~15s_PH~CONSD_BO~TRF_PB~IG_PD~NEWSF,YR~24-Q1-01_CL~ASTRA_TA~ONC_DS~THEIR2Low_MB~Neurexa_CU~DTC_CA~B_PH~CONSD_BO~TRF_PB~IG_CN~18225-9-120399_FF~THEIR2Low IG Pixel RTA,AN~Pixel Search RTA_TG~RT_DE~A25-65F_MA~ntl_RG~USA_PH~CONSD_BO~TRF_PB~IG_PD~NEWSF,135,144,0,0,0,0,0,0,0,3.14,0,0.0,28,0,0,0,0,28,AST,DTC,2024-05-17
CM~Sponsored Ad2_CT~VID_VD~15s_PH~CONSD_BO~TRF_PB~IG_PD~NEWSF,YR~24-Q1-01_CL~ASTRA_TA~ONC_DS~THEIR2Low_MB~Neurexa_CU~DTC_CA~B_PH~CONSD_BO~TRF_PB~IG_CN~18225-9-120399_FF~THEIR2Low IG Pixel RTA,AN~Pixel Search RTA_TG~RT_DE~A25-65F_MA~ntl_RG~USA_PH~CONSD_BO~TRF_PB~IG_PD~NEWSF,119,146,1,0,0,0,0,0,0,2.74,0,0.0,36,0,0,0,0,35,AST,DTC,2024-05-17
CM~Sponsored Ad3_CT~VID_VD~15s_PH~CONSD_BO~TRF_PB~IG_PD~NEWSF,YR~24-Q1-01_CL~ASTRA_TA~ONC_DS~THEIR2Low_MB~Neurexa_CU~DTC_CA~B_PH~CONSD_BO~TRF_PB~IG_CN~18225-9-120399_FF~THEIR2Low IG Pixel RTA,AN~Pixel Search RTA_TG~RT_DE~A25-65F_MA~ntl_RG~USA_PH~CONSD_BO~TRF_PB~IG_PD~NEWSF,23,28,0,0,0,0,0,0,0,0.95,0,0.0,6,0,0,0,0,6,AST,DTC,2024-05-17
CM~Sponsored Ad1_CT~VID_VD~15s_PH~CONSD_BO~TRF_PB~IG_PD~NEWSF,YR~24-Q1-01_CL~ASTRA_TA~ONC_DS~THEIR2Low_MB~Neurexa_CU~DTC_CA~B_PH~CONSD_BO~TRF_PB~IG_CN~18225-9-120399_FF~THEIR2Low IG Pixel RTA LAL,AN~Engagement RTALAL_TG~RT_DE~A25-65F_MA~ntl_RG~USA_PH~CONSD_BO~TRF_PB~IG_PD~NEWSF,55,60,4,0,0,0,0,0,0,1.34,0,0.0,31,0,0,0,0,27,AST,DTC,2024-05-17
CM~Sponsored Ad2_CT~VID_VD~15s_PH~CONSD_BO~TRF_PB~IG_PD~NEWSF,YR~24-Q1-01_CL~ASTRA_TA~ONC_DS~THEIR2Low_MB~Neurexa_CU~DTC_CA~B_PH~CONSD_BO~TRF_PB~IG_CN~18225-9-120399_FF~THEIR2Low IG Pixel RTA LAL,AN~Engagement RTALAL_TG~RT_DE~A25-65F_MA~ntl_RG~USA_PH~CONSD_BO~TRF_PB~IG_PD~NEWSF,981,1044,9,0,0,0,0,0,0,13.76,0,1.0,278,0,0,0,0,268,AST,DTC,2024-05-17
CM~Sponsored Ad3_CT~VID_VD~15s_PH~CONSD_BO~TRF_PB~IG_PD~NEWSF,YR~24-Q1-01_CL~ASTRA_TA~ONC_DS~THEIR2Low_MB~Neurexa_CU~DTC_CA~B_PH~CONSD_BO~TRF_PB~IG_CN~18225-9-120399_FF~THEIR2Low IG Pixel RTA LAL,AN~Engagement RTALAL_TG~RT_DE~A25-65F_MA~ntl_RG~USA_PH~CONSD_BO~TRF_PB~IG_PD~NEWSF,95,100,0,0,0,0,0,0,0,1.42,0,1.0,25,0,0,0,0,24,AST,DTC,2024-05-17
CM~Sponsored Ad1_CT~VID_VD~15s_PH~CONSD_BO~TRF_PB~IG_PD~NEWSF,YR~24-Q1-01_CL~ASTRA_TA~ONC_DS~THEIR2Low_MB~Neurexa_CU~DTC_CA~B_PH~CONSD_BO~TRF_PB~IG_CN~18225-9-120399_FF~THEIR2Low IG Pixel RTA LAL,AN~Pixel Search RTALAL_TG~RT_DE~A25-65F_MA~ntl_RG~USA_PH~CONSD_BO~TRF_PB~IG_PD~NEWSF,1279,1362,5,0,0,0,0,0,0,21.67,0,3.0,432,0,0,0,0,424,AST,DTC,2024-05-17
CM~Sponsored Ad1_CT~VID_VD~15s_PH~CONSD_BO~TRF_PB~IG_PD~NEWSF,YR~24-Q1-01_CL~ASTRA_TA~ONC_DS~THEIR2Low_MB~Neurexa_CU~DTC_CA~B_PH~CONSD_BO~TRF_PB~IG_CN~18225-9-120399_FF~THEIR2Low IG PurpleLab,AN~DTC Purple Lab_TG~RT_DE~A25-65A_MA~ntl_RG~USA_PH~CONSD_BO~TRF_PB~FB_PD~NEWSF,871,928,5,0,0,0,0,0,0,15.23,0,1.0,359,0,0,0,0,353,AST,DTC,2024-05-17
CM~Sponsored Ad2_CT~VID_VD~15s_PH~CONSD_BO~TRF_PB~IG_PD~NEWSF,YR~24-Q1-01_CL~ASTRA_TA~ONC_DS~THEIR2Low_MB~Neurexa_CU~DTC_CA~B_PH~CONSD_BO~TRF_PB~IG_CN~18225-9-120399_FF~THEIR2Low IG PurpleLab,AN~DTC Purple Lab_TG~RT_DE~A25-65A_MA~ntl_RG~USA_PH~CONSD_BO~TRF_PB~FB_PD~NEWSF,2702,3249,14,0,0,0,0,0,0,47.02,0,0.0,632,0,0,0,0,618,AST,DTC,2024-05-17
CM~Sponsored Ad3_CT~VID_VD~15s_PH~CONSD_BO~TRF_PB~IG_PD~NEWSF,YR~24-Q1-01_CL~ASTRA_TA~ONC_DS~THEIR2Low_MB~Neurexa_CU~DTC_CA~B_PH~CONSD_BO~TRF_PB~IG_CN~18225-9-120399_FF~THEIR2Low IG PurpleLab,AN~DTC Purple Lab_TG~RT_DE~A25-65A_MA~ntl_RG~USA_PH~CONSD_BO~TRF_PB~FB_PD~NEWSF,255,289,2,0,0,0,0,0,0,6.4,0,1.0,71,0,0,0,0,68,AST,DTC,2024-05-17
CM~CRM Ad_CT~VID_VD~15s_PH~CONSD_BO~TRF_PB~FB_PD~NEWSF,YR~24-Q1-01_CL~ASTRA_TA~ONC_DS~THEIR2+ 2L_MB~Neurexa_CU~DTC_CA~B_PH~CONSD_BO~TRF_PB~FB_CN~18224-9-120398_FF~THEIR2+ 2L Engagement + Video RTA,AN~Engagement RTA_TG~RT_DE~A25-65F_MA~ntl_RG~USA_PH~CONSD_BO~TRF_PB~FB_PD~NEWSF,8302,10002,97,0,0,0,0,0,0,60.24,0,0.0,752,0,0,0,0,655,BZS,DTC,2024-05-17
CM~Educate Ad 2_CT~VID_VD~15s_PH~CONSD_BO~TRF_PB~FB_PD~NEWSF,YR~24-Q1-01_CL~ASTRA_TA~ONC_DS~THEIR2+ 2L_MB~Neurexa_CU~DTC_CA~B_PH~CONSD_BO~TRF_PB~FB_CN~18224-9-120398_FF~THEIR2+ 2L Engagement + Video RTA,AN~Engagement RTA_TG~RT_DE~A25-65F_MA~ntl_RG~USA_PH~CONSD_BO~TRF_PB~FB_PD~NEWSF,943,1139,13,0,0,0,0,0,0,7.42,0,0.0,73,0,0,0,0,60,BZS,DTC,2024-05-17
CM~Educate Ad 3_CT~VID_VD~15s_PH~CONSD_BO~TRF_PB~FB_PD~NEWSF,YR~24-Q1-01_CL~ASTRA_TA~ONC_DS~THEIR2+ 2L_MB~Neurexa_CU~DTC_CA~B_PH~CONSD_BO~TRF_PB~FB_CN~18224-9-120398_FF~THEIR2+ 2L Engagement + Video RTA,AN~Engagement RTA_TG~RT_DE~A25-65F_MA~ntl_RG~USA_PH~CONSD_BO~TRF_PB~FB_PD~NEWSF,139,179,8,0,0,0,0,0,0,3.55,0,0.0,18,0,0,0,0,10,BZS,DTC,2024-05-17
CM~Results Ad_CT~VID_VD~15s_PH~CONSD_BO~TRF_PB~FB_PD~NEWSF,YR~24-Q1-01_CL~ASTRA_TA~ONC_DS~THEIR2+ 2L_MB~Neurexa_CU~DTC_CA~B_PH~CONSD_BO~TRF_PB~FB_CN~18224-9-120398_FF~THEIR2+ 2L Engagement + Video RTA,AN~Engagement RTA_TG~RT_DE~A25-65F_MA~ntl_RG~USA_PH~CONSD_BO~TRF_PB~FB_PD~NEWSF,3144,3669,31,0,0,0,0,0,0,20.41,0,0.0,247,0,0,0,0,216,BZS,DTC,2024-05-17
CM~CRM Ad_CT~VID_VD~15s_PH~CONSD_BO~TRF_PB~FB_PD~NEWSF - Copy,YR~24-Q1-01_CL~ASTRA_TA~ONC_DS~THEIR2+ 2L_MB~Neurexa_CU~DTC_CA~B_PH~CONSD_BO~TRF_PB~FB_CN~18224-9-120398_FF~THEIR2+ 2L Engagement + Video RTA,AN~Video RTA_TG~RT_DE~A25-65F_MA~ntl_RG~USA_PH~CONSD_BO~TRF_PB~FB_PD~NEWSF,231,336,5,0,0,0,0,0,0,2.88,0,0.0,48,0,0,0,0,43,BZS,DTC,2024-05-17
CM~Educate Ad 2_CT~VID_VD~15s_PH~CONSD_BO~TRF_PB~FB_PD~NEWSF,YR~24-Q1-01_CL~ASTRA_TA~ONC_DS~THEIR2+ 2L_MB~Neurexa_CU~DTC_CA~B_PH~CONSD_BO~TRF_PB~FB_CN~18224-9-120398_FF~THEIR2+ 2L Engagement + Video RTA,AN~Video RTA_TG~RT_DE~A25-65F_MA~ntl_RG~USA_PH~CONSD_BO~TRF_PB~FB_PD~NEWSF,2,2,0,0,0,0,0,0,0,0.02,0,0.0,1,0,0,0,0,1,BZS,DTC,2024-05-17
CM~Educate Ad 3_CT~VID_VD~15s_PH~CONSD_BO~TRF_PB~FB_PD~NEWSF,YR~24-Q1-01_CL~ASTRA_TA~ONC_DS~THEIR2+ 2L_MB~Neurexa_CU~DTC_CA~B_PH~CONSD_BO~TRF_PB~FB_CN~18224-9-120398_FF~THEIR2+ 2L Engagement + Video RTA,AN~Video RTA_TG~RT_DE~A25-65F_MA~ntl_RG~USA_PH~CONSD_BO~TRF_PB~FB_PD~NEWSF,5,5,0,0,0,0,0,0,0,0.03,0,0.0,0,0,0,0,0,0,BZS,DTC,2024-05-17
CM~Results Ad_CT~VID_VD~15s_PH~CONSD_BO~TRF_PB~FB_PD~NEWSF,YR~24-Q1-01_CL~ASTRA_TA~ONC_DS~THEIR2+ 2L_MB~Neurexa_CU~DTC_CA~B_PH~CONSD_BO~TRF_PB~FB_CN~18224-9-120398_FF~THEIR2+ 2L Engagement + Video RTA,AN~Video RTA_TG~RT_DE~A25-65F_MA~ntl_RG~USA_PH~CONSD_BO~TRF_PB~FB_PD~NEWSF,492,824,7,0,0,0,0,0,0,5.5600000000000005,0,0.0,111,0,0,0,0,104,BZS,DTC,2024-05-17
CM~CRM Ad_CT~VID_VD~15s_PH~CONSD_BO~TRF_PB~FB_PD~NEWSF,YR~24-Q1-01_CL~ASTRA_TA~ONC_DS~THEIR2+ 2L_MB~Neurexa_CU~DTC_CA~B_PH~CONSD_BO~TRF_PB~FB_CN~18224-9-120398_FF~THEIR2+ 2L Engagement + Video RTA LAL,AN~Engagement RTA LAL_TG~RT_DE~A25-65F_MA~ntl_RG~USA_PH~CONSD_BO~TRF_PB~FB_PD~NEWSF,5509,6010,38,0,0,0,0,0,0,31.39,0,0.0,474,0,0,0,0,436,BZS,DTC,2024-05-17
CM~Educate Ad 2_CT~VID_VD~15s_PH~CONSD_BO~TRF_PB~FB_PD~NEWSF,YR~24-Q1-01_CL~ASTRA_TA~ONC_DS~THEIR2+ 2L_MB~Neurexa_CU~DTC_CA~B_PH~CONSD_BO~TRF_PB~FB_CN~18224-9-120398_FF~THEIR2+ 2L Engagement + Video RTA LAL,AN~Engagement RTA LAL_TG~RT_DE~A25-65F_MA~ntl_RG~USA_PH~CONSD_BO~TRF_PB~FB_PD~NEWSF,26,26,0,0,0,0,0,0,0,0.25,0,0.0,1,0,0,0,0,1,BZS,DTC,2024-05-17
CM~Educate Ad 3_CT~VID_VD~15s_PH~CONSD_BO~TRF_PB~FB_PD~NEWSF,YR~24-Q1-01_CL~ASTRA_TA~ONC_DS~THEIR2+ 2L_MB~Neurexa_CU~DTC_CA~B_PH~CONSD_BO~TRF_PB~FB_CN~18224-9-120398_FF~THEIR2+ 2L Engagement + Video RTA LAL,AN~Engagement RTA LAL_TG~RT_DE~A25-65F_MA~ntl_RG~USA_PH~CONSD_BO~TRF_PB~FB_PD~NEWSF,11,13,0,0,0,0,0,0,0,0.2,0,0.0,1,0,0,0,0,1,BZS,DTC,2024-05-17
CM~Results Ad_CT~VID_VD~15s_PH~CONSD_BO~TRF_PB~FB_PD~NEWSF,YR~24-Q1-01_CL~ASTRA_TA~ONC_DS~THEIR2+ 2L_MB~Neurexa_CU~DTC_CA~B_PH~CONSD_BO~TRF_PB~FB_CN~18224-9-120398_FF~THEIR2+ 2L Engagement + Video RTA LAL,AN~Engagement RTA LAL_TG~RT_DE~A25-65F_MA~ntl_RG~USA_PH~CONSD_BO~TRF_PB~FB_PD~NEWSF,2675,2804,30,0,0,0,0,0,0,16.46,0,0.0,215,0,0,0,0,185,BZS,DTC,2024-05-17
CM~CRM Ad_CT~VID_VD~15s_PH~CONSD_BO~TRF_PB~FB_PD~NEWSF,YR~24-Q1-01_CL~ASTRA_TA~ONC_DS~THEIR2+ 2L_MB~Neurexa_CU~DTC_CA~B_PH~CONSD_BO~TRF_PB~FB_CN~18224-9-120398_FF~THEIR2+ 2L Engagement + Video RTA LAL,AN~Video RTA LAL_TG~RT_DE~A25-65F_MA~ntl_RG~USA_PH~CONSD_BO~TRF_PB~FB_PD~NEWSF,5675,6178,56,0,0,0,0,0,0,32.49,0,0.0,480,0,0,0,0,424,BZS,DTC,2024-05-17
CM~Educate Ad 2_CT~VID_VD~15s_PH~CONSD_BO~TRF_PB~FB_PD~NEWSF,YR~24-Q1-01_CL~ASTRA_TA~ONC_DS~THEIR2+ 2L_MB~Neurexa_CU~DTC_CA~B_PH~CONSD_BO~TRF_PB~FB_CN~18224-9-120398_FF~THEIR2+ 2L Engagement + Video RTA LAL,AN~Video RTA LAL_TG~RT_DE~A25-65F_MA~ntl_RG~USA_PH~CONSD_BO~TRF_PB~FB_PD~NEWSF,18,18,0,0,0,0,0,0,0,0.08,0,0.0,1,0,0,0,0,1,BZS,DTC,2024-05-17
CM~Educate Ad 3_CT~VID_VD~15s_PH~CONSD_BO~TRF_PB~FB_PD~NEWSF,YR~24-Q1-01_CL~ASTRA_TA~ONC_DS~THEIR2+ 2L_MB~Neurexa_CU~DTC_CA~B_PH~CONSD_BO~TRF_PB~FB_CN~18224-9-120398_FF~THEIR2+ 2L Engagement + Video RTA LAL,AN~Video RTA LAL_TG~RT_DE~A25-65F_MA~ntl_RG~USA_PH~CONSD_BO~TRF_PB~FB_PD~NEWSF,10,10,0,0,0,0,0,0,0,0.11,0,0.0,1,0,0,0,0,1,BZS,DTC,2024-05-17
CM~Results Ad_CT~VID_VD~15s_PH~CONSD_BO~TRF_PB~FB_PD~NEWSF,YR~24-Q1-01_CL~ASTRA_TA~ONC_DS~THEIR2+ 2L_MB~Neurexa_CU~DTC_CA~B_PH~CONSD_BO~TRF_PB~FB_CN~18224-9-120398_FF~THEIR2+ 2L Engagement + Video RTA LAL,AN~Video RTA LAL_TG~RT_DE~A25-65F_MA~ntl_RG~USA_PH~CONSD_BO~TRF_PB~FB_PD~NEWSF,3892,4229,28,0,0,0,0,0,0,20.61,0,0.0,317,0,0,0,0,289,BZS,DTC,2024-05-17
CM~CRM Ad_CT~VID_VD~15s_PH~CONSD_BO~TRF_PB~FB_PD~NEWSF,YR~24-Q1-01_CL~ASTRA_TA~ONC_DS~THEIR2+ 2L_MB~Neurexa_CU~DTC_CA~B_PH~CONSD_BO~TRF_PB~FB_CN~18224-9-120398_FF~THEIR2+ 2L FB PurpleLab,AN~DTC Purple Lab_TG~RT_DE~A25-65A_MA~ntl_RG~USA_PH~CONSD_BO~TRF_PB~FB_PD~NEWSF,5564,6524,46,0,0,0,0,0,0,43.15,0,0.0,594,0,0,0,0,548,BZS,DTC,2024-05-17
CM~Educate Ad 2_CT~VID_VD~15s_PH~CONSD_BO~TRF_PB~FB_PD~NEWSF,YR~24-Q1-01_CL~ASTRA_TA~ONC_DS~THEIR2+ 2L_MB~Neurexa_CU~DTC_CA~B_PH~CONSD_BO~TRF_PB~FB_CN~18224-9-120398_FF~THEIR2+ 2L FB PurpleLab,AN~DTC Purple Lab_TG~RT_DE~A25-65A_MA~ntl_RG~USA_PH~CONSD_BO~TRF_PB~FB_PD~NEWSF,451,567,3,0,0,0,0,0,0,2.92,0,0.0,39,0,0,0,0,36,BZS,DTC,2024-05-17
CM~Educate Ad 3_CT~VID_VD~15s_PH~CONSD_BO~TRF_PB~FB_PD~NEWSF,YR~24-Q1-01_CL~ASTRA_TA~ONC_DS~THEIR2+ 2L_MB~Neurexa_CU~DTC_CA~B_PH~CONSD_BO~TRF_PB~FB_CN~18224-9-120398_FF~THEIR2+ 2L FB PurpleLab,AN~DTC Purple Lab_TG~RT_DE~A25-65A_MA~ntl_RG~USA_PH~CONSD_BO~TRF_PB~FB_PD~NEWSF,180,222,1,0,0,0,0,0,0,1.15,0,0.0,16,0,0,0,0,15,BZS,DTC,2024-05-17
CM~Results Ad_CT~VID_VD~15s_PH~CONSD_BO~TRF_PB~FB_PD~NEWSF,YR~24-Q1-01_CL~ASTRA_TA~ONC_DS~THEIR2+ 2L_MB~Neurexa_CU~DTC_CA~B_PH~CONSD_BO~TRF_PB~FB_CN~18224-9-120398_FF~THEIR2+ 2L FB PurpleLab,AN~DTC Purple Lab_TG~RT_DE~A25-65A_MA~ntl_RG~USA_PH~CONSD_BO~TRF_PB~FB_PD~NEWSF,7611,9245,58,0,0,0,0,0,0,54.33,0,0.0,909,0,0,0,0,851,BZS,DTC,2024-05-17
CM~CRM Ad_CT~VID_VD~15s_PH~CONSD_BO~TRF_PB~FB_PD~NEWSF,YR~24-Q1-01_CL~ASTRA_TA~ONC_DS~THEIR2+ 2L_MB~Neurexa_CU~DTC_CA~B_PH~CONSD_BO~TRF_PB~FB_CN~18224-9-120398_FF~THEIR2+ 2L Pixel LAL,AN~Pixel LAL_TG~LAL_DE~A25-65F_MA~ntl_RG~USA_PH~CONSD_BO~TRF_PB~FB_PD~NEWSF,7320,8318,93,0,0,0,0,0,0,49.61,0,0.0,849,0,0,0,0,756,BZS,DTC,2024-05-17
CM~Educate Ad 2_CT~VID_VD~15s_PH~CONSD_BO~TRF_PB~FB_PD~NEWSF,YR~24-Q1-01_CL~ASTRA_TA~ONC_DS~THEIR2+ 2L_MB~Neurexa_CU~DTC_CA~B_PH~CONSD_BO~TRF_PB~FB_CN~18224-9-120398_FF~THEIR2+ 2L Pixel LAL,AN~Pixel LAL_TG~LAL_DE~A25-65F_MA~ntl_RG~USA_PH~CONSD_BO~TRF_PB~FB_PD~NEWSF,1086,1399,6,0,0,0,0,0,0,6.2,0,0.0,86,0,0,0,0,80,BZS,DTC,2024-05-17
CM~Educate Ad 3_CT~VID_VD~15s_PH~CONSD_BO~TRF_PB~FB_PD~NEWSF,YR~24-Q1-01_CL~ASTRA_TA~ONC_DS~THEIR2+ 2L_MB~Neurexa_CU~DTC_CA~B_PH~CONSD_BO~TRF_PB~FB_CN~18224-9-120398_FF~THEIR2+ 2L Pixel LAL,AN~Pixel LAL_TG~LAL_DE~A25-65F_MA~ntl_RG~USA_PH~CONSD_BO~TRF_PB~FB_PD~NEWSF,177,215,0,0,0,0,0,0,0,1.08,0,0.0,14,0,0,0,0,14,BZS,DTC,2024-05-17
CM~Results Ad_CT~VID_VD~15s_PH~CONSD_BO~TRF_PB~FB_PD~NEWSF,YR~24-Q1-01_CL~ASTRA_TA~ONC_DS~THEIR2+ 2L_MB~Neurexa_CU~DTC_CA~B_PH~CONSD_BO~TRF_PB~FB_CN~18224-9-120398_FF~THEIR2+ 2L Pixel LAL,AN~Pixel LAL_TG~LAL_DE~A25-65F_MA~ntl_RG~USA_PH~CONSD_BO~TRF_PB~FB_PD~NEWSF,6853,8245,45,0,0,0,0,0,0,38.94,0,0.0,670,0,0,0,0,625,BZS,DTC,2024-05-17
CM~CRM Ad_CT~VID_VD~15s_PH~CONSD_BO~TRF_PB~FB_PD~NEWSF,YR~24-Q1-01_CL~ASTRA_TA~ONC_DS~THEIR2+ 2L_MB~Neurexa_CU~DTC_CA~B_PH~CONSD_BO~TRF_PB~FB_CN~18224-9-120398_FF~THEIR2+ 2L Pixel LAL,AN~Pixel Search LAL_TG~LAL_DE~A25-65F_MA~ntl_RG~USA_PH~CONSD_BO~TRF_PB~FB_PD~NEWSF,648,688,4,0,0,0,0,0,0,5.18,0,0.0,41,0,0,0,0,37,BZS,DTC,2024-05-17
CM~Educate Ad 2_CT~VID_VD~15s_PH~CONSD_BO~TRF_PB~FB_PD~NEWSF,YR~24-Q1-01_CL~ASTRA_TA~ONC_DS~THEIR2+ 2L_MB~Neurexa_CU~DTC_CA~B_PH~CONSD_BO~TRF_PB~FB_CN~18224-9-120398_FF~THEIR2+ 2L Pixel LAL,AN~Pixel Search LAL_TG~LAL_DE~A25-65F_MA~ntl_RG~USA_PH~CONSD_BO~TRF_PB~FB_PD~NEWSF,2,2,0,0,0,0,0,0,0,0.03,0,0.0,0,0,0,0,0,0,BZS,DTC,2024-05-17
CM~Educate Ad 3_CT~VID_VD~15s_PH~CONSD_BO~TRF_PB~FB_PD~NEWSF,YR~24-Q1-01_CL~ASTRA_TA~ONC_DS~THEIR2+ 2L_MB~Neurexa_CU~DTC_CA~B_PH~CONSD_BO~TRF_PB~FB_CN~18224-9-120398_FF~THEIR2+ 2L Pixel LAL,AN~Pixel Search LAL_TG~LAL_DE~A25-65F_MA~ntl_RG~USA_PH~CONSD_BO~TRF_PB~FB_PD~NEWSF,31,40,0,0,0,0,0,0,0,0.32,0,0.0,4,0,0,0,0,4,BZS,DTC,2024-05-17
CM~Results Ad_CT~VID_VD~15s_PH~CONSD_BO~TRF_PB~FB_PD~NEWSF,YR~24-Q1-01_CL~ASTRA_TA~ONC_DS~THEIR2+ 2L_MB~Neurexa_CU~DTC_CA~B_PH~CONSD_BO~TRF_PB~FB_CN~18224-9-120398_FF~THEIR2+ 2L Pixel LAL,AN~Pixel Search LAL_TG~LAL_DE~A25-65F_MA~ntl_RG~USA_PH~CONSD_BO~TRF_PB~FB_PD~NEWSF,468,519,4,0,0,0,0,0,0,3.2,0,0.0,42,0,0,0,0,38,BZS,DTC,2024-05-17
CM~CRM Ad_CT~VID_VD~15s_PH~CONSD_BO~TRF_PB~FB_PD~NEWSF,YR~24-Q1-01_CL~ASTRA_TA~ONC_DS~THEIR2+ 2L_MB~Neurexa_CU~DTC_CA~B_PH~CONSD_BO~TRF_PB~FB_CN~18224-9-120398_FF~THEIR2+ 2L Pixel RTA,AN~Pixel RTA_TG~RT_DE~A25-65F_MA~ntl_RG~USA_PH~CONSD_BO~TRF_PB~FB_PD~NEWSF,2126,2841,32,0,0,0,0,0,0,31.49,0,0.0,311,0,0,0,0,279,BZS,DTC,2024-05-17
CM~Educate Ad2_CT~VID_VD~15s_PH~CONSD_BO~TRF_PB~FB_PD~NEWSF,YR~24-Q1-01_CL~ASTRA_TA~ONC_DS~THEIR2+ 2L_MB~Neurexa_CU~DTC_CA~B_PH~CONSD_BO~TRF_PB~FB_CN~18224-9-120398_FF~THEIR2+ 2L Pixel RTA,AN~Pixel RTA_TG~RT_DE~A25-65F_MA~ntl_RG~USA_PH~CONSD_BO~TRF_PB~FB_PD~NEWSF,589,906,5,0,0,0,0,0,0,6.34,0,0.0,80,0,0,0,0,75,BZS,DTC,2024-05-17
CM~Educate Ad3_CT~VID_VD~15s_PH~CONSD_BO~TRF_PB~FB_PD~NEWSF,YR~24-Q1-01_CL~ASTRA_TA~ONC_DS~THEIR2+ 2L_MB~Neurexa_CU~DTC_CA~B_PH~CONSD_BO~TRF_PB~FB_CN~18224-9-120398_FF~THEIR2+ 2L Pixel RTA,AN~Pixel RTA_TG~RT_DE~A25-65F_MA~ntl_RG~USA_PH~CONSD_BO~TRF_PB~FB_PD~NEWSF,157,242,1,0,0,0,0,0,0,1.6800000000000002,0,0.0,24,0,0,0,0,23,BZS,DTC,2024-05-17
CM~Results Ad_CT~VID_VD~15s_PH~CONSD_BO~TRF_PB~FB_PD~NEWSF,YR~24-Q1-01_CL~ASTRA_TA~ONC_DS~THEIR2+ 2L_MB~Neurexa_CU~DTC_CA~B_PH~CONSD_BO~TRF_PB~FB_CN~18224-9-120398_FF~THEIR2+ 2L Pixel RTA,AN~Pixel RTA_TG~RT_DE~A25-65F_MA~ntl_RG~USA_PH~CONSD_BO~TRF_PB~FB_PD~NEWSF,4641,7060,59,0,0,0,0,0,0,55.83,0,0.0,678,0,0,0,0,619,BZS,DTC,2024-05-17
CM~CRM Ad_CT~VID_VD~15s_PH~CONSD_BO~TRF_PB~FB_PD~NEWSF,YR~24-Q1-01_CL~ASTRA_TA~ONC_DS~THEIR2+ 2L_MB~Neurexa_CU~DTC_CA~B_PH~CONSD_BO~TRF_PB~FB_CN~18224-9-120398_FF~THEIR2+ 2L Pixel RTA,AN~Pixel Search RTA_TG~RT_DE~A25-65F_MA~ntl_RG~USA_PH~CONSD_BO~TRF_PB~FB_PD~NEWSF,686,1003,7,0,0,0,0,0,0,9.01,0,0.0,69,0,0,0,0,62,BZS,DTC,2024-05-17
CM~SecondLineDressAd1_CT~VID_VD~15s_PH~CONSD_BO~TRF_PB~IG_PD~NEWSF,YR~24-Q1-01_CL~ASTRA_TA~ONC_DS~THEIR2+ 2L_MB~Neurexa_CU~DTC_CA~B_PH~CONSD_BO~TRF_PB~IG_CN~18224-9-120398_FF~THEIR2+ 2L IG Engagement + Video RTA LAL,AN~Engagement RTA LAL_TG~LAL_DE~A25-65F_MA~ntl_RG~USA_PH~CONSD_BO~TRF_PB~IG_PD~NEWSF,237,253,2,0,0,0,0,0,0,3.73,0,1.0,74,0,0,0,0,71,BZS,DTC,2024-05-17
CM~SecondLineWhiteFrameAd2_CT~VID_VD~15s_PH~CONSD_BO~TRF_PB~IG_PD~NEWSF,YR~24-Q1-01_CL~ASTRA_TA~ONC_DS~THEIR2+ 2L_MB~Neurexa_CU~DTC_CA~B_PH~CONSD_BO~TRF_PB~IG_CN~18224-9-120398_FF~THEIR2+ 2L IG Engagement + Video RTA LAL,AN~Engagement RTA LAL_TG~LAL_DE~A25-65F_MA~ntl_RG~USA_PH~CONSD_BO~TRF_PB~IG_PD~NEWSF,5,7,0,0,0,0,0,0,0,0.06,0,0.0,2,0,0,0,0,2,BZS,DTC,2024-05-17
CM~SecondLineDressAd1_CT~VID_VD~15s_PH~CONSD_BO~TRF_PB~IG_PD~NEWSF,YR~24-Q1-01_CL~ASTRA_TA~ONC_DS~THEIR2+ 2L_MB~Neurexa_CU~DTC_CA~B_PH~CONSD_BO~TRF_PB~IG_CN~18224-9-120398_FF~THEIR2+ 2L IG Engagement + Video RTA LAL,AN~Video RTA LAL_TG~LAL_DE~A25-65F_MA~ntl_RG~USA_PH~CONSD_BO~TRF_PB~IG_PD~NEWSF,1907,2056,28,0,0,0,0,0,0,27.79,0,1.0,620,0,0,0,0,591,BZS,DTC,2024-05-17
CM~SecondLineWhiteFrameAd2_CT~VID_VD~15s_PH~CONSD_BO~TRF_PB~IG_PD~NEWSF,YR~24-Q1-01_CL~ASTRA_TA~ONC_DS~THEIR2+ 2L_MB~Neurexa_CU~DTC_CA~B_PH~CONSD_BO~TRF_PB~IG_CN~18224-9-120398_FF~THEIR2+ 2L IG Engagement + Video RTA LAL,AN~Video RTA LAL_TG~LAL_DE~A25-65F_MA~ntl_RG~USA_PH~CONSD_BO~TRF_PB~IG_PD~NEWSF,239,254,4,0,0,0,0,0,0,4.01,0,0.0,80,0,0,0,0,76,BZS,DTC,2024-05-17
CM~SecondLineDressAd1_CT~VID_VD~15s_PH~CONSD_BO~TRF_PB~IG_PD~NEWSF,YR~24-Q1-01_CL~ASTRA_TA~ONC_DS~THEIR2+ 2L_MB~Neurexa_CU~DTC_CA~B_PH~CONSD_BO~TRF_PB~IG_CN~18224-9-120398_FF~THEIR2+ 2L IG Pixel LAL,AN~Pixel LAL_TG~LAL_DE~A25-65F_MA~ntl_RG~USA_PH~CONSD_BO~TRF_PB~IG_PD~NEWSF,1372,1622,9,0,0,0,0,0,0,25.18,0,6.0,390,0,0,0,0,375,BZS,DTC,2024-05-17
CM~SecondLineWhiteFrameAd2_CT~VID_VD~15s_PH~CONSD_BO~TRF_PB~IG_PD~NEWSF,YR~24-Q1-01_CL~ASTRA_TA~ONC_DS~THEIR2+ 2L_MB~Neurexa_CU~DTC_CA~B_PH~CONSD_BO~TRF_PB~IG_CN~18224-9-120398_FF~THEIR2+ 2L IG Pixel LAL,AN~Pixel LAL_TG~LAL_DE~A25-65F_MA~ntl_RG~USA_PH~CONSD_BO~TRF_PB~IG_PD~NEWSF,507,603,4,0,0,0,0,0,0,9.95,0,0.0,129,0,0,0,0,125,BZS,DTC,2024-05-17
CM~SecondLineDressAd1_CT~VID_VD~15s_PH~CONSD_BO~TRF_PB~IG_PD~NEWSF,YR~24-Q1-01_CL~ASTRA_TA~ONC_DS~THEIR2+ 2L_MB~Neurexa_CU~DTC_CA~B_PH~CONSD_BO~TRF_PB~IG_CN~18224-9-120398_FF~THEIR2+ 2L IG Pixel LAL,AN~Pixel Search LAL_TG~LAL_DE~A25-65F_MA~ntl_RG~USA_PH~CONSD_BO~TRF_PB~IG_PD~NEWSF,1,2,0,0,0,0,0,0,0,0.11,0,0.0,1,0,0,0,0,1,BZS,DTC,2024-05-17
CM~SecondLineDressAd1_CT~VID_VD~15s_PH~CONSD_BO~TRF_PB~IG_PD~NEWSF,YR~24-Q1-01_CL~ASTRA_TA~ONC_DS~THEIR2+ 2L_MB~Neurexa_CU~DTC_CA~B_PH~CONSD_BO~TRF_PB~IG_CN~18224-9-120398_FF~THEIR2+ 2L IG Pixel RTA,AN~Pixel RTA_TG~LAL_DE~A25-65F_MA~ntl_RG~USA_PH~CONSD_BO~TRF_PB~IG_PD~NEWSF,727,1024,12,0,0,0,0,0,0,16.72,0,0.0,140,0,0,0,0,128,BZS,DTC,2024-05-17
CM~SecondLineWhiteFrameAd2_CT~VID_VD~15s_PH~CONSD_BO~TRF_PB~IG_PD~NEWSF,YR~24-Q1-01_CL~ASTRA_TA~ONC_DS~THEIR2+ 2L_MB~Neurexa_CU~DTC_CA~B_PH~CONSD_BO~TRF_PB~IG_CN~18224-9-120398_FF~THEIR2+ 2L IG Pixel RTA,AN~Pixel RTA_TG~LAL_DE~A25-65F_MA~ntl_RG~USA_PH~CONSD_BO~TRF_PB~IG_PD~NEWSF,407,563,1,0,0,0,0,0,0,12.06,0,1.0,107,0,0,0,0,105,BZS,DTC,2024-05-17
CM~SecondLineDressAd1_CT~VID_VD~15s_PH~CONSD_BO~TRF_PB~IG_PD~NEWSF,YR~24-Q1-01_CL~ASTRA_TA~ONC_DS~THEIR2+ 2L_MB~Neurexa_CU~DTC_CA~B_PH~CONSD_BO~TRF_PB~IG_CN~18224-9-120398_FF~THEIR2+ 2L IG Pixel RTA,AN~Pixel Search RTA_TG~LAL_DE~A25-65F_MA~ntl_RG~USA_PH~CONSD_BO~TRF_PB~IG_PD~NEWSF,126,145,0,0,0,0,0,0,0,2.63,0,0.0,34,0,0,0,0,34,BZS,DTC,2024-05-17
CM~SecondLineWhiteFrameAd2_CT~VID_VD~15s_PH~CONSD_BO~TRF_PB~IG_PD~NEWSF,YR~24-Q1-01_CL~ASTRA_TA~ONC_DS~THEIR2+ 2L_MB~Neurexa_CU~DTC_CA~B_PH~CONSD_BO~TRF_PB~IG_CN~18224-9-120398_FF~THEIR2+ 2L IG Pixel RTA,AN~Pixel Search RTA_TG~LAL_DE~A25-65F_MA~ntl_RG~USA_PH~CONSD_BO~TRF_PB~IG_PD~NEWSF,84,96,0,0,0,0,0,0,0,1.8900000000000001,0,0.0,21,0,0,0,0,21,BZS,DTC,2024-05-17
CM~SecondLineDressAd1_CT~VID_VD~15s_PH~CONSD_BO~TRF_PB~IG_PD~NEWSF,YR~24-Q1-01_CL~ASTRA_TA~ONC_DS~THEIR2+ 2L_MB~Neurexa_CU~DTC_CA~B_PH~CONSD_BO~TRF_PB~IG_CN~18224-9-120398_FF~THEIR2+ 2L IG PurpleLab,AN~DTC Purple Lab_TG~RT_DE~A25-65A_MA~ntl_RG~USA_PH~CONSD_BO~TRF_PB~FB_PD~NEWSF,1094,1320,5,0,0,0,0,0,0,22.2,0,3.0,309,0,0,0,0,301,BZS,DTC,2024-05-17
CM~SecondLineWhiteFrameAd2_CT~VID_VD~15s_PH~CONSD_BO~TRF_PB~IG_PD~NEWSF,YR~24-Q1-01_CL~ASTRA_TA~ONC_DS~THEIR2+ 2L_MB~Neurexa_CU~DTC_CA~B_PH~CONSD_BO~TRF_PB~IG_CN~18224-9-120398_FF~THEIR2+ 2L IG PurpleLab,AN~DTC Purple Lab_TG~RT_DE~A25-65A_MA~ntl_RG~USA_PH~CONSD_BO~TRF_PB~FB_PD~NEWSF,529,649,8,0,0,0,0,0,0,12.14,0,2.0,157,0,0,0,0,147,BZS,DTC,2024-05-17
CM~Spon. Ad 1_CT~VID_VD~15s_PH~CONV_BO~TRF_PB~FB_PD~NEWSF,YR~24-Q1-01_CL~ASTRA_TA~ONC_DS~THEIR2Low_MB~Neurexa_CU~DTC_CA~B_PH~CONSD_BO~TRF_PB~FB_CN~18225-9-120399_FF~THEIR2Low FB PurpleLab,AN~DTC Purple Lab_TG~RT_DE~A25-65A_MA~ntl_RG~USA_PH~CONSD_BO~TRF_PB~FB_PD~NEWSF,17025,21459,176,0,0,0,0,0,0,155.98,0,0.0,2644,0,0,0,0,2468,AST,DTC,2024-05-18
CM~Spon. Ad 2_CT~VID_VD~15s_PH~CONV_BO~TRF_PB~FB_PD~NEWSF,YR~24-Q1-01_CL~ASTRA_TA~ONC_DS~THEIR2Low_MB~Neurexa_CU~DTC_CA~B_PH~CONSD_BO~TRF_PB~FB_CN~18225-9-120399_FF~THEIR2Low FB PurpleLab,AN~DTC Purple Lab_TG~RT_DE~A25-65A_MA~ntl_RG~USA_PH~CONSD_BO~TRF_PB~FB_PD~NEWSF,40,51,1,0,0,0,0,0,0,0.54,0,0.0,7,0,0,0,0,6,AST,DTC,2024-05-18
CM~Spon. Ad 3_CT~VID_VD~30s_PH~CONV_BO~TRF_PB~FB_PD~NEWSF,YR~24-Q1-01_CL~ASTRA_TA~ONC_DS~THEIR2Low_MB~Neurexa_CU~DTC_CA~B_PH~CONSD_BO~TRF_PB~FB_CN~18225-9-120399_FF~THEIR2Low FB PurpleLab,AN~DTC Purple Lab_TG~RT_DE~A25-65A_MA~ntl_RG~USA_PH~CONSD_BO~TRF_PB~FB_PD~NEWSF,3253,4031,22,0,0,0,0,0,0,19.68,0,0.0,273,0,0,0,0,251,AST,DTC,2024-05-18
CM~Spon. Ad 1_CT~VID_VD~15s_PH~CONV_BO~TRF_PB~FB_PD~NEWSF,YR~24-Q1-01_CL~ASTRA_TA~ONC_DS~THEIR2Low_MB~Neurexa_CU~DTC_CA~B_PH~CONSD_BO~TRF_PB~FB_CN~18225-9-120399_FF~THEIR2Low Pixel RTA,AN~Engagement RTA_TG~RT_DE~A25-65F_MA~ntl_RG~USA_PH~CONSD_BO~TRF_PB~FB_PD~NEWSF,15307,21206,192,0,0,0,0,0,0,143.08,0,0.0,1800,0,0,0,0,1608,AST,DTC,2024-05-18
CM~Spon. Ad 2_CT~VID_VD~15s_PH~CONV_BO~TRF_PB~FB_PD~NEWSF,YR~24-Q1-01_CL~ASTRA_TA~ONC_DS~THEIR2Low_MB~Neurexa_CU~DTC_CA~B_PH~CONSD_BO~TRF_PB~FB_CN~18225-9-120399_FF~THEIR2Low Pixel RTA,AN~Engagement RTA_TG~RT_DE~A25-65F_MA~ntl_RG~USA_PH~CONSD_BO~TRF_PB~FB_PD~NEWSF,220,235,4,0,0,0,0,0,0,1.98,0,0.0,17,0,0,0,0,13,AST,DTC,2024-05-18
CM~Spon. Ad 3_CT~VID_VD~30s_PH~CONV_BO~TRF_PB~FB_PD~NEWSF,YR~24-Q1-01_CL~ASTRA_TA~ONC_DS~THEIR2Low_MB~Neurexa_CU~DTC_CA~B_PH~CONSD_BO~TRF_PB~FB_CN~18225-9-120399_FF~THEIR2Low Pixel RTA,AN~Engagement RTA_TG~RT_DE~A25-65F_MA~ntl_RG~USA_PH~CONSD_BO~TRF_PB~FB_PD~NEWSF,6774,9351,54,0,0,0,0,0,0,48.54,0,0.0,501,0,0,0,0,447,AST,DTC,2024-05-18
CM~Spon. Ad 1_CT~VID_VD~15s_PH~CONV_BO~TRF_PB~FB_PD~NEWSF,YR~24-Q1-01_CL~ASTRA_TA~ONC_DS~THEIR2Low_MB~Neurexa_CU~DTC_CA~B_PH~CONSD_BO~TRF_PB~FB_CN~18225-9-120399_FF~THEIR2Low Pixel RTA,AN~Pixel RTA_TG~RT_DE~A25-65F_MA~ntl_RG~USA_PH~CONSD_BO~TRF_PB~FB_PD~NEWSF,395,592,5,0,0,0,0,0,0,6.24,0,0.0,57,0,0,0,0,52,AST,DTC,2024-05-18
CM~Spon. Ad 2_CT~VID_VD~15s_PH~CONV_BO~TRF_PB~FB_PD~NEWSF,YR~24-Q1-01_CL~ASTRA_TA~ONC_DS~THEIR2Low_MB~Neurexa_CU~DTC_CA~B_PH~CONSD_BO~TRF_PB~FB_CN~18225-9-120399_FF~THEIR2Low Pixel RTA,AN~Pixel RTA_TG~RT_DE~A25-65F_MA~ntl_RG~USA_PH~CONSD_BO~TRF_PB~FB_PD~NEWSF,186,239,2,0,0,0,0,0,0,2.55,0,0.0,19,0,0,0,0,17,AST,DTC,2024-05-18
CM~Spon. Ad 3_CT~VID_VD~30s_PH~CONV_BO~TRF_PB~FB_PD~NEWSF,YR~24-Q1-01_CL~ASTRA_TA~ONC_DS~THEIR2Low_MB~Neurexa_CU~DTC_CA~B_PH~CONSD_BO~TRF_PB~FB_CN~18225-9-120399_FF~THEIR2Low Pixel RTA,AN~Pixel Search RTA_TG~RT_DE~A25-65F_MA~ntl_RG~USA_PH~CONSD_BO~TRF_PB~FB_PD~NEWSF,255,349,3,0,0,0,0,0,0,3.44,0,0.0,28,0,0,0,0,25,AST,DTC,2024-05-18
CM~Spon. Ad 1_CT~VID_VD~15s_PH~CONV_BO~TRF_PB~FB_PD~NEWSF,YR~24-Q1-01_CL~ASTRA_TA~ONC_DS~THEIR2Low_MB~Neurexa_CU~DTC_CA~B_PH~CONSD_BO~TRF_PB~FB_CN~18225-9-120399_FF~THEIR2Low Pixel RTA,AN~Pixel Search RTA_TG~RT_DE~A25-65F_MA~ntl_RG~USA_PH~CONSD_BO~TRF_PB~FB_PD~NEWSF,235,290,4,0,0,0,0,0,0,3.68,0,0.0,31,0,0,0,0,27,AST,DTC,2024-05-18
CM~Spon. Ad 2_CT~VID_VD~15s_PH~CONV_BO~TRF_PB~FB_PD~NEWSF,YR~24-Q1-01_CL~ASTRA_TA~ONC_DS~THEIR2Low_MB~Neurexa_CU~DTC_CA~B_PH~CONSD_BO~TRF_PB~FB_CN~18225-9-120399_FF~THEIR2Low Pixel RTA,AN~Pixel Search RTA_TG~RT_DE~A25-65F_MA~ntl_RG~USA_PH~CONSD_BO~TRF_PB~FB_PD~NEWSF,71,88,1,0,0,0,0,0,0,1.22,0,0.0,7,0,0,0,0,6,AST,DTC,2024-05-18
CM~Spon. Ad 1_CT~VID_VD~15s_PH~CONV_BO~TRF_PB~FB_PD~NEWSF,YR~24-Q1-01_CL~ASTRA_TA~ONC_DS~THEIR2Low_MB~Neurexa_CU~DTC_CA~B_PH~CONSD_BO~TRF_PB~FB_CN~18225-9-120399_FF~THEIR2Low Pixel RTA LAL,AN~Engagement RTA LAL_TG~LAL_DE~A25-65F_MA~ntl_RG~USA_PH~CONSD_BO~TRF_PB~FB_PD~NEWSF - Copy,15886,19094,143,0,0,0,0,0,0,98.38,0,0.0,1622,0,0,0,0,1479,AST,DTC,2024-05-18
CM~Spon. Ad 2_CT~VID_VD~15s_PH~CONV_BO~TRF_PB~FB_PD~NEWSF,YR~24-Q1-01_CL~ASTRA_TA~ONC_DS~THEIR2Low_MB~Neurexa_CU~DTC_CA~B_PH~CONSD_BO~TRF_PB~FB_CN~18225-9-120399_FF~THEIR2Low Pixel RTA LAL,AN~Engagement RTA LAL_TG~LAL_DE~A25-65F_MA~ntl_RG~USA_PH~CONSD_BO~TRF_PB~FB_PD~NEWSF - Copy,35,37,0,0,0,0,0,0,0,0.18,0,0.0,0,0,0,0,0,0,AST,DTC,2024-05-18
CM~Spon. Ad 3_CT~VID_VD~30s_PH~CONV_BO~TRF_PB~FB_PD~NEWSF,YR~24-Q1-01_CL~ASTRA_TA~ONC_DS~THEIR2Low_MB~Neurexa_CU~DTC_CA~B_PH~CONSD_BO~TRF_PB~FB_CN~18225-9-120399_FF~THEIR2Low Pixel RTA LAL,AN~Engagement RTA LAL_TG~LAL_DE~A25-65F_MA~ntl_RG~USA_PH~CONSD_BO~TRF_PB~FB_PD~NEWSF - Copy,19367,22716,146,0,0,0,0,0,0,93.17,0,0.0,1348,0,0,0,0,1202,AST,DTC,2024-05-18
CM~Spon. Ad 1_CT~VID_VD~15s_PH~CONV_BO~TRF_PB~FB_PD~NEWSF,YR~24-Q1-01_CL~ASTRA_TA~ONC_DS~THEIR2Low_MB~Neurexa_CU~DTC_CA~B_PH~CONSD_BO~TRF_PB~FB_CN~18225-9-120399_FF~THEIR2Low Pixel RTA LAL,AN~Pixel RTA LAL_TG~LAL_DE~A25-65F_MA~ntl_RG~USA_PH~CONSD_BO~TRF_PB~FB_PD~NEWSF,974,1071,16,0,0,0,0,0,0,7.34,0,0.0,124,0,0,0,0,108,AST,DTC,2024-05-18
CM~Spon. Ad 2_CT~VID_VD~15s_PH~CONV_BO~TRF_PB~FB_PD~NEWSF,YR~24-Q1-01_CL~ASTRA_TA~ONC_DS~THEIR2Low_MB~Neurexa_CU~DTC_CA~B_PH~CONSD_BO~TRF_PB~FB_CN~18225-9-120399_FF~THEIR2Low Pixel RTA LAL,AN~Pixel RTA LAL_TG~LAL_DE~A25-65F_MA~ntl_RG~USA_PH~CONSD_BO~TRF_PB~FB_PD~NEWSF,263,270,1,0,0,0,0,0,0,1.73,0,0.0,15,0,0,0,0,14,AST,DTC,2024-05-18
CM~Spon. Ad 1_CT~VID_VD~15s_PH~CONV_BO~TRF_PB~FB_PD~NEWSF,YR~24-Q1-01_CL~ASTRA_TA~ONC_DS~THEIR2Low_MB~Neurexa_CU~DTC_CA~B_PH~CONSD_BO~TRF_PB~FB_CN~18225-9-120399_FF~THEIR2Low Pixel RTA LAL,AN~Pixel Search RTA LAL_TG~LAL_DE~A25-65F_MA~ntl_RG~USA_PH~CONSD_BO~TRF_PB~FB_PD~NEWSF,885,960,16,0,0,0,0,0,0,7.6,0,0.0,106,0,0,0,0,90,AST,DTC,2024-05-18
CM~Spon. Ad 2_CT~VID_VD~15s_PH~CONV_BO~TRF_PB~FB_PD~NEWSF,YR~24-Q1-01_CL~ASTRA_TA~ONC_DS~THEIR2Low_MB~Neurexa_CU~DTC_CA~B_PH~CONSD_BO~TRF_PB~FB_CN~18225-9-120399_FF~THEIR2Low Pixel RTA LAL,AN~Pixel Search RTA LAL_TG~LAL_DE~A25-65F_MA~ntl_RG~USA_PH~CONSD_BO~TRF_PB~FB_PD~NEWSF,143,145,1,0,0,0,0,0,0,1.26,0,0.0,13,0,0,0,0,12,AST,DTC,2024-05-18
CM~Sponsored Ad1_CT~VID_VD~15s_PH~CONSD_BO~TRF_PB~IG_PD~NEWSF,YR~24-Q1-01_CL~ASTRA_TA~ONC_DS~THEIR2Low_MB~Neurexa_CU~DTC_CA~B_PH~CONSD_BO~TRF_PB~IG_CN~18225-9-120399_FF~THEIR2Low IG Pixel RTA,AN~Engagement RTA_TG~RT_DE~A25-65F_MA~ntl_RG~USA_PH~CONSD_BO~TRF_PB~IG_PD~NEWSF,590,675,1,0,0,0,0,0,0,8.89,0,2.0,145,0,0,0,0,142,AST,DTC,2024-05-18
CM~Sponsored Ad2_CT~VID_VD~15s_PH~CONSD_BO~TRF_PB~IG_PD~NEWSF,YR~24-Q1-01_CL~ASTRA_TA~ONC_DS~THEIR2Low_MB~Neurexa_CU~DTC_CA~B_PH~CONSD_BO~TRF_PB~IG_CN~18225-9-120399_FF~THEIR2Low IG Pixel RTA,AN~Engagement RTA_TG~RT_DE~A25-65F_MA~ntl_RG~USA_PH~CONSD_BO~TRF_PB~IG_PD~NEWSF,1097,1376,1,0,0,0,0,0,0,22.02,0,3.0,228,0,0,0,0,224,AST,DTC,2024-05-18
CM~Sponsored Ad3_CT~VID_VD~15s_PH~CONSD_BO~TRF_PB~IG_PD~NEWSF,YR~24-Q1-01_CL~ASTRA_TA~ONC_DS~THEIR2Low_MB~Neurexa_CU~DTC_CA~B_PH~CONSD_BO~TRF_PB~IG_CN~18225-9-120399_FF~THEIR2Low IG Pixel RTA,AN~Engagement RTA_TG~RT_DE~A25-65F_MA~ntl_RG~USA_PH~CONSD_BO~TRF_PB~IG_PD~NEWSF,627,743,5,0,0,0,0,0,0,13.98,0,3.0,137,0,0,0,0,129,AST,DTC,2024-05-18
CM~Sponsored Ad1_CT~VID_VD~15s_PH~CONSD_BO~TRF_PB~IG_PD~NEWSF,YR~24-Q1-01_CL~ASTRA_TA~ONC_DS~THEIR2Low_MB~Neurexa_CU~DTC_CA~B_PH~CONSD_BO~TRF_PB~IG_CN~18225-9-120399_FF~THEIR2Low IG Pixel RTA,AN~Pixel Search RTA_TG~RT_DE~A25-65F_MA~ntl_RG~USA_PH~CONSD_BO~TRF_PB~IG_PD~NEWSF,102,108,1,0,0,0,0,0,0,2.68,0,1.0,31,0,0,0,0,29,AST,DTC,2024-05-18
CM~Sponsored Ad2_CT~VID_VD~15s_PH~CONSD_BO~TRF_PB~IG_PD~NEWSF,YR~24-Q1-01_CL~ASTRA_TA~ONC_DS~THEIR2Low_MB~Neurexa_CU~DTC_CA~B_PH~CONSD_BO~TRF_PB~IG_CN~18225-9-120399_FF~THEIR2Low IG Pixel RTA,AN~Pixel Search RTA_TG~RT_DE~A25-65F_MA~ntl_RG~USA_PH~CONSD_BO~TRF_PB~IG_PD~NEWSF,126,157,1,0,0,0,0,0,0,3.26,0,0.0,38,0,0,0,0,37,AST,DTC,2024-05-18
CM~Sponsored Ad3_CT~VID_VD~15s_PH~CONSD_BO~TRF_PB~IG_PD~NEWSF,YR~24-Q1-01_CL~ASTRA_TA~ONC_DS~THEIR2Low_MB~Neurexa_CU~DTC_CA~B_PH~CONSD_BO~TRF_PB~IG_CN~18225-9-120399_FF~THEIR2Low IG Pixel RTA,AN~Pixel Search RTA_TG~RT_DE~A25-65F_MA~ntl_RG~USA_PH~CONSD_BO~TRF_PB~IG_PD~NEWSF,28,37,0,0,0,0,0,0,0,0.93,0,0.0,10,0,0,0,0,10,AST,DTC,2024-05-18
CM~Sponsored Ad1_CT~VID_VD~15s_PH~CONSD_BO~TRF_PB~IG_PD~NEWSF,YR~24-Q1-01_CL~ASTRA_TA~ONC_DS~THEIR2Low_MB~Neurexa_CU~DTC_CA~B_PH~CONSD_BO~TRF_PB~IG_CN~18225-9-120399_FF~THEIR2Low IG Pixel RTA LAL,AN~Engagement RTALAL_TG~RT_DE~A25-65F_MA~ntl_RG~USA_PH~CONSD_BO~TRF_PB~IG_PD~NEWSF,47,50,2,0,0,0,0,0,0,0.81,0,0.0,20,0,0,0,0,18,AST,DTC,2024-05-18
CM~Sponsored Ad2_CT~VID_VD~15s_PH~CONSD_BO~TRF_PB~IG_PD~NEWSF,YR~24-Q1-01_CL~ASTRA_TA~ONC_DS~THEIR2Low_MB~Neurexa_CU~DTC_CA~B_PH~CONSD_BO~TRF_PB~IG_CN~18225-9-120399_FF~THEIR2Low IG Pixel RTA LAL,AN~Engagement RTALAL_TG~RT_DE~A25-65F_MA~ntl_RG~USA_PH~CONSD_BO~TRF_PB~IG_PD~NEWSF,910,982,13,0,0,0,0,0,0,12.59,0,2.0,279,0,0,0,0,264,AST,DTC,2024-05-18
CM~Sponsored Ad3_CT~VID_VD~15s_PH~CONSD_BO~TRF_PB~IG_PD~NEWSF,YR~24-Q1-01_CL~ASTRA_TA~ONC_DS~THEIR2Low_MB~Neurexa_CU~DTC_CA~B_PH~CONSD_BO~TRF_PB~IG_CN~18225-9-120399_FF~THEIR2Low IG Pixel RTA LAL,AN~Engagement RTALAL_TG~RT_DE~A25-65F_MA~ntl_RG~USA_PH~CONSD_BO~TRF_PB~IG_PD~NEWSF,187,199,3,0,0,0,0,0,0,3.23,0,1.0,68,0,0,0,0,64,AST,DTC,2024-05-18
CM~Sponsored Ad1_CT~VID_VD~15s_PH~CONSD_BO~TRF_PB~IG_PD~NEWSF,YR~24-Q1-01_CL~ASTRA_TA~ONC_DS~THEIR2Low_MB~Neurexa_CU~DTC_CA~B_PH~CONSD_BO~TRF_PB~IG_CN~18225-9-120399_FF~THEIR2Low IG Pixel RTA LAL,AN~Pixel Search RTALAL_TG~RT_DE~A25-65F_MA~ntl_RG~USA_PH~CONSD_BO~TRF_PB~IG_PD~NEWSF,1315,1470,6,0,0,0,0,0,0,22.92,0,3.0,400,0,0,0,0,391,AST,DTC,2024-05-18
CM~Sponsored Ad1_CT~VID_VD~15s_PH~CONSD_BO~TRF_PB~IG_PD~NEWSF,YR~24-Q1-01_CL~ASTRA_TA~ONC_DS~THEIR2Low_MB~Neurexa_CU~DTC_CA~B_PH~CONSD_BO~TRF_PB~IG_CN~18225-9-120399_FF~THEIR2Low IG PurpleLab,AN~DTC Purple Lab_TG~RT_DE~A25-65A_MA~ntl_RG~USA_PH~CONSD_BO~TRF_PB~FB_PD~NEWSF,795,849,4,0,0,0,0,0,0,13.31,0,0.0,301,0,0,0,0,297,AST,DTC,2024-05-18
CM~Sponsored Ad2_CT~VID_VD~15s_PH~CONSD_BO~TRF_PB~IG_PD~NEWSF,YR~24-Q1-01_CL~ASTRA_TA~ONC_DS~THEIR2Low_MB~Neurexa_CU~DTC_CA~B_PH~CONSD_BO~TRF_PB~IG_CN~18225-9-120399_FF~THEIR2Low IG PurpleLab,AN~DTC Purple Lab_TG~RT_DE~A25-65A_MA~ntl_RG~USA_PH~CONSD_BO~TRF_PB~FB_PD~NEWSF,2692,3316,18,0,0,0,0,0,0,48.42,0,3.0,646,0,0,0,0,625,AST,DTC,2024-05-18
CM~Sponsored Ad3_CT~VID_VD~15s_PH~CONSD_BO~TRF_PB~IG_PD~NEWSF,YR~24-Q1-01_CL~ASTRA_TA~ONC_DS~THEIR2Low_MB~Neurexa_CU~DTC_CA~B_PH~CONSD_BO~TRF_PB~IG_CN~18225-9-120399_FF~THEIR2Low IG PurpleLab,AN~DTC Purple Lab_TG~RT_DE~A25-65A_MA~ntl_RG~USA_PH~CONSD_BO~TRF_PB~FB_PD~NEWSF,447,542,2,0,0,0,0,0,0,11.56,0,3.0,153,0,0,0,0,148,AST,DTC,2024-05-18
CM~CRM Ad_CT~VID_VD~15s_PH~CONSD_BO~TRF_PB~FB_PD~NEWSF,YR~24-Q1-01_CL~ASTRA_TA~ONC_DS~THEIR2+ 2L_MB~Neurexa_CU~DTC_CA~B_PH~CONSD_BO~TRF_PB~FB_CN~18224-9-120398_FF~THEIR2+ 2L Engagement + Video RTA,AN~Engagement RTA_TG~RT_DE~A25-65F_MA~ntl_RG~USA_PH~CONSD_BO~TRF_PB~FB_PD~NEWSF,9319,11227,78,0,0,0,0,0,0,71.02,0,0.0,776,0,0,0,0,698,BZS,DTC,2024-05-18
CM~Educate Ad 2_CT~VID_VD~15s_PH~CONSD_BO~TRF_PB~FB_PD~NEWSF,YR~24-Q1-01_CL~ASTRA_TA~ONC_DS~THEIR2+ 2L_MB~Neurexa_CU~DTC_CA~B_PH~CONSD_BO~TRF_PB~FB_CN~18224-9-120398_FF~THEIR2+ 2L Engagement + Video RTA,AN~Engagement RTA_TG~RT_DE~A25-65F_MA~ntl_RG~USA_PH~CONSD_BO~TRF_PB~FB_PD~NEWSF,778,947,13,0,0,0,0,0,0,6.3,0,0.0,58,0,0,0,0,45,BZS,DTC,2024-05-18
CM~Educate Ad 3_CT~VID_VD~15s_PH~CONSD_BO~TRF_PB~FB_PD~NEWSF,YR~24-Q1-01_CL~ASTRA_TA~ONC_DS~THEIR2+ 2L_MB~Neurexa_CU~DTC_CA~B_PH~CONSD_BO~TRF_PB~FB_CN~18224-9-120398_FF~THEIR2+ 2L Engagement + Video RTA,AN~Engagement RTA_TG~RT_DE~A25-65F_MA~ntl_RG~USA_PH~CONSD_BO~TRF_PB~FB_PD~NEWSF,193,223,6,0,0,0,0,0,0,3.87,0,0.0,10,0,0,0,0,4,BZS,DTC,2024-05-18
CM~Results Ad_CT~VID_VD~15s_PH~CONSD_BO~TRF_PB~FB_PD~NEWSF,YR~24-Q1-01_CL~ASTRA_TA~ONC_DS~THEIR2+ 2L_MB~Neurexa_CU~DTC_CA~B_PH~CONSD_BO~TRF_PB~FB_CN~18224-9-120398_FF~THEIR2+ 2L Engagement + Video RTA,AN~Engagement RTA_TG~RT_DE~A25-65F_MA~ntl_RG~USA_PH~CONSD_BO~TRF_PB~FB_PD~NEWSF,2188,2432,20,0,0,0,0,0,0,14.1,0,0.0,172,0,0,0,0,152,BZS,DTC,2024-05-18
CM~CRM Ad_CT~VID_VD~15s_PH~CONSD_BO~TRF_PB~FB_PD~NEWSF - Copy,YR~24-Q1-01_CL~ASTRA_TA~ONC_DS~THEIR2+ 2L_MB~Neurexa_CU~DTC_CA~B_PH~CONSD_BO~TRF_PB~FB_CN~18224-9-120398_FF~THEIR2+ 2L Engagement + Video RTA,AN~Video RTA_TG~RT_DE~A25-65F_MA~ntl_RG~USA_PH~CONSD_BO~TRF_PB~FB_PD~NEWSF,357,524,4,0,0,0,0,0,0,4.1,0,0.0,57,0,0,0,0,53,BZS,DTC,2024-05-18
CM~Educate Ad 2_CT~VID_VD~15s_PH~CONSD_BO~TRF_PB~FB_PD~NEWSF,YR~24-Q1-01_CL~ASTRA_TA~ONC_DS~THEIR2+ 2L_MB~Neurexa_CU~DTC_CA~B_PH~CONSD_BO~TRF_PB~FB_CN~18224-9-120398_FF~THEIR2+ 2L Engagement + Video RTA,AN~Video RTA_TG~RT_DE~A25-65F_MA~ntl_RG~USA_PH~CONSD_BO~TRF_PB~FB_PD~NEWSF,67,102,1,0,0,0,0,0,0,0.64,0,0.0,15,0,0,0,0,14,BZS,DTC,2024-05-18
CM~Educate Ad 3_CT~VID_VD~15s_PH~CONSD_BO~TRF_PB~FB_PD~NEWSF,YR~24-Q1-01_CL~ASTRA_TA~ONC_DS~THEIR2+ 2L_MB~Neurexa_CU~DTC_CA~B_PH~CONSD_BO~TRF_PB~FB_CN~18224-9-120398_FF~THEIR2+ 2L Engagement + Video RTA,AN~Video RTA_TG~RT_DE~A25-65F_MA~ntl_RG~USA_PH~CONSD_BO~TRF_PB~FB_PD~NEWSF,12,16,0,0,0,0,0,0,0,0.09,0,0.0,2,0,0,0,0,2,BZS,DTC,2024-05-18
CM~Results Ad_CT~VID_VD~15s_PH~CONSD_BO~TRF_PB~FB_PD~NEWSF,YR~24-Q1-01_CL~ASTRA_TA~ONC_DS~THEIR2+ 2L_MB~Neurexa_CU~DTC_CA~B_PH~CONSD_BO~TRF_PB~FB_CN~18224-9-120398_FF~THEIR2+ 2L Engagement + Video RTA,AN~Video RTA_TG~RT_DE~A25-65F_MA~ntl_RG~USA_PH~CONSD_BO~TRF_PB~FB_PD~NEWSF,416,666,3,0,0,0,0,0,0,3.7800000000000002,0,0.0,73,0,0,0,0,70,BZS,DTC,2024-05-18
CM~CRM Ad_CT~VID_VD~15s_PH~CONSD_BO~TRF_PB~FB_PD~NEWSF,YR~24-Q1-01_CL~ASTRA_TA~ONC_DS~THEIR2+ 2L_MB~Neurexa_CU~DTC_CA~B_PH~CONSD_BO~TRF_PB~FB_CN~18224-9-120398_FF~THEIR2+ 2L Engagement + Video RTA LAL,AN~Engagement RTA LAL_TG~RT_DE~A25-65F_MA~ntl_RG~USA_PH~CONSD_BO~TRF_PB~FB_PD~NEWSF,6788,7449,55,0,0,0,0,0,0,44.1,0,0.0,550,0,0,0,0,495,BZS,DTC,2024-05-18
CM~Educate Ad 2_CT~VID_VD~15s_PH~CONSD_BO~TRF_PB~FB_PD~NEWSF,YR~24-Q1-01_CL~ASTRA_TA~ONC_DS~THEIR2+ 2L_MB~Neurexa_CU~DTC_CA~B_PH~CONSD_BO~TRF_PB~FB_CN~18224-9-120398_FF~THEIR2+ 2L Engagement + Video RTA LAL,AN~Engagement RTA LAL_TG~RT_DE~A25-65F_MA~ntl_RG~USA_PH~CONSD_BO~TRF_PB~FB_PD~NEWSF,21,22,0,0,0,0,0,0,0,0.33,0,0.0,0,0,0,0,0,0,BZS,DTC,2024-05-18
CM~Educate Ad 3_CT~VID_VD~15s_PH~CONSD_BO~TRF_PB~FB_PD~NEWSF,YR~24-Q1-01_CL~ASTRA_TA~ONC_DS~THEIR2+ 2L_MB~Neurexa_CU~DTC_CA~B_PH~CONSD_BO~TRF_PB~FB_CN~18224-9-120398_FF~THEIR2+ 2L Engagement + Video RTA LAL,AN~Engagement RTA LAL_TG~RT_DE~A25-65F_MA~ntl_RG~USA_PH~CONSD_BO~TRF_PB~FB_PD~NEWSF,18,20,1,0,0,0,0,0,0,0.96,0,0.0,2,0,0,0,0,1,BZS,DTC,2024-05-18
CM~Results Ad_CT~VID_VD~15s_PH~CONSD_BO~TRF_PB~FB_PD~NEWSF,YR~24-Q1-01_CL~ASTRA_TA~ONC_DS~THEIR2+ 2L_MB~Neurexa_CU~DTC_CA~B_PH~CONSD_BO~TRF_PB~FB_CN~18224-9-120398_FF~THEIR2+ 2L Engagement + Video RTA LAL,AN~Engagement RTA LAL_TG~RT_DE~A25-65F_MA~ntl_RG~USA_PH~CONSD_BO~TRF_PB~FB_PD~NEWSF,1375,1443,14,0,0,0,0,0,0,8.72,0,0.0,114,0,0,0,0,100,BZS,DTC,2024-05-18
CM~CRM Ad_CT~VID_VD~15s_PH~CONSD_BO~TRF_PB~FB_PD~NEWSF,YR~24-Q1-01_CL~ASTRA_TA~ONC_DS~THEIR2+ 2L_MB~Neurexa_CU~DTC_CA~B_PH~CONSD_BO~TRF_PB~FB_CN~18224-9-120398_FF~THEIR2+ 2L Engagement + Video RTA LAL,AN~Video RTA LAL_TG~RT_DE~A25-65F_MA~ntl_RG~USA_PH~CONSD_BO~TRF_PB~FB_PD~NEWSF,5826,6425,63,0,0,0,0,0,0,33.69,0,0.0,535,0,0,0,0,472,BZS,DTC,2024-05-18
CM~Educate Ad 2_CT~VID_VD~15s_PH~CONSD_BO~TRF_PB~FB_PD~NEWSF,YR~24-Q1-01_CL~ASTRA_TA~ONC_DS~THEIR2+ 2L_MB~Neurexa_CU~DTC_CA~B_PH~CONSD_BO~TRF_PB~FB_CN~18224-9-120398_FF~THEIR2+ 2L Engagement + Video RTA LAL,AN~Video RTA LAL_TG~RT_DE~A25-65F_MA~ntl_RG~USA_PH~CONSD_BO~TRF_PB~FB_PD~NEWSF,24,24,0,0,0,0,0,0,0,0.13,0,0.0,1,0,0,0,0,1,BZS,DTC,2024-05-18
CM~Educate Ad 3_CT~VID_VD~15s_PH~CONSD_BO~TRF_PB~FB_PD~NEWSF,YR~24-Q1-01_CL~ASTRA_TA~ONC_DS~THEIR2+ 2L_MB~Neurexa_CU~DTC_CA~B_PH~CONSD_BO~TRF_PB~FB_CN~18224-9-120398_FF~THEIR2+ 2L Engagement + Video RTA LAL,AN~Video RTA LAL_TG~RT_DE~A25-65F_MA~ntl_RG~USA_PH~CONSD_BO~TRF_PB~FB_PD~NEWSF,31,35,3,0,0,0,0,0,0,1.1400000000000001,0,0.0,4,0,0,0,0,1,BZS,DTC,2024-05-18
CM~Results Ad_CT~VID_VD~15s_PH~CONSD_BO~TRF_PB~FB_PD~NEWSF,YR~24-Q1-01_CL~ASTRA_TA~ONC_DS~THEIR2+ 2L_MB~Neurexa_CU~DTC_CA~B_PH~CONSD_BO~TRF_PB~FB_CN~18224-9-120398_FF~THEIR2+ 2L Engagement + Video RTA LAL,AN~Video RTA LAL_TG~RT_DE~A25-65F_MA~ntl_RG~USA_PH~CONSD_BO~TRF_PB~FB_PD~NEWSF,2475,2668,15,0,0,0,0,0,0,11.22,0,0.0,180,0,0,0,0,165,BZS,DTC,2024-05-18
CM~Educate Ad 2_CT~VID_VD~15s_PH~CONSD_BO~TRF_PB~FB_PD~NEWSF,YR~24-Q1-01_CL~ASTRA_TA~ONC_DS~THEIR2+ 2L_MB~Neurexa_CU~DTC_CA~B_PH~CONSD_BO~TRF_PB~FB_CN~18224-9-120398_FF~THEIR2+ 2L FB PurpleLab,AN~DTC Purple Lab_TG~RT_DE~A25-65A_MA~ntl_RG~USA_PH~CONSD_BO~TRF_PB~FB_PD~NEWSF,382,496,1,0,0,0,0,0,0,2.51,0,0.0,28,0,0,0,0,27,BZS,DTC,2024-05-18
CM~Educate Ad 3_CT~VID_VD~15s_PH~CONSD_BO~TRF_PB~FB_PD~NEWSF,YR~24-Q1-01_CL~ASTRA_TA~ONC_DS~THEIR2+ 2L_MB~Neurexa_CU~DTC_CA~B_PH~CONSD_BO~TRF_PB~FB_CN~18224-9-120398_FF~THEIR2+ 2L FB PurpleLab,AN~DTC Purple Lab_TG~RT_DE~A25-65A_MA~ntl_RG~USA_PH~CONSD_BO~TRF_PB~FB_PD~NEWSF,178,216,1,0,0,0,0,0,0,1.44,0,0.0,17,0,0,0,0,16,BZS,DTC,2024-05-18
CM~CRM Ad_CT~VID_VD~15s_PH~CONSD_BO~TRF_PB~FB_PD~NEWSF,YR~24-Q1-01_CL~ASTRA_TA~ONC_DS~THEIR2+ 2L_MB~Neurexa_CU~DTC_CA~B_PH~CONSD_BO~TRF_PB~FB_CN~18224-9-120398_FF~THEIR2+ 2L FB PurpleLab,AN~DTC Purple Lab_TG~RT_DE~A25-65A_MA~ntl_RG~USA_PH~CONSD_BO~TRF_PB~FB_PD~NEWSF,7413,8738,69,0,0,0,0,0,0,62.91,0,0.0,817,0,0,0,0,748,BZS,DTC,2024-05-18
CM~Results Ad_CT~VID_VD~15s_PH~CONSD_BO~TRF_PB~FB_PD~NEWSF,YR~24-Q1-01_CL~ASTRA_TA~ONC_DS~THEIR2+ 2L_MB~Neurexa_CU~DTC_CA~B_PH~CONSD_BO~TRF_PB~FB_CN~18224-9-120398_FF~THEIR2+ 2L FB PurpleLab,AN~DTC Purple Lab_TG~RT_DE~A25-65A_MA~ntl_RG~USA_PH~CONSD_BO~TRF_PB~FB_PD~NEWSF,5397,6643,42,0,0,0,0,0,0,38.39,0,0.0,645,0,0,0,0,603,BZS,DTC,2024-05-18
CM~CRM Ad_CT~VID_VD~15s_PH~CONSD_BO~TRF_PB~FB_PD~NEWSF,YR~24-Q1-01_CL~ASTRA_TA~ONC_DS~THEIR2+ 2L_MB~Neurexa_CU~DTC_CA~B_PH~CONSD_BO~TRF_PB~FB_CN~18224-9-120398_FF~THEIR2+ 2L Pixel LAL,AN~Pixel LAL_TG~LAL_DE~A25-65F_MA~ntl_RG~USA_PH~CONSD_BO~TRF_PB~FB_PD~NEWSF,9833,11098,98,0,0,0,0,0,0,66.85,0,0.0,1037,0,0,0,0,939,BZS,DTC,2024-05-18
CM~Educate Ad 2_CT~VID_VD~15s_PH~CONSD_BO~TRF_PB~FB_PD~NEWSF,YR~24-Q1-01_CL~ASTRA_TA~ONC_DS~THEIR2+ 2L_MB~Neurexa_CU~DTC_CA~B_PH~CONSD_BO~TRF_PB~FB_CN~18224-9-120398_FF~THEIR2+ 2L Pixel LAL,AN~Pixel LAL_TG~LAL_DE~A25-65F_MA~ntl_RG~USA_PH~CONSD_BO~TRF_PB~FB_PD~NEWSF,687,858,5,0,0,0,0,0,0,4.39,0,0.0,52,0,0,0,0,47,BZS,DTC,2024-05-18
CM~Educate Ad 3_CT~VID_VD~15s_PH~CONSD_BO~TRF_PB~FB_PD~NEWSF,YR~24-Q1-01_CL~ASTRA_TA~ONC_DS~THEIR2+ 2L_MB~Neurexa_CU~DTC_CA~B_PH~CONSD_BO~TRF_PB~FB_CN~18224-9-120398_FF~THEIR2+ 2L Pixel LAL,AN~Pixel LAL_TG~LAL_DE~A25-65F_MA~ntl_RG~USA_PH~CONSD_BO~TRF_PB~FB_PD~NEWSF,216,240,1,0,0,0,0,0,0,1.01,0,0.0,12,0,0,0,0,11,BZS,DTC,2024-05-18
CM~Results Ad_CT~VID_VD~15s_PH~CONSD_BO~TRF_PB~FB_PD~NEWSF,YR~24-Q1-01_CL~ASTRA_TA~ONC_DS~THEIR2+ 2L_MB~Neurexa_CU~DTC_CA~B_PH~CONSD_BO~TRF_PB~FB_CN~18224-9-120398_FF~THEIR2+ 2L Pixel LAL,AN~Pixel LAL_TG~LAL_DE~A25-65F_MA~ntl_RG~USA_PH~CONSD_BO~TRF_PB~FB_PD~NEWSF,4758,5594,29,0,0,0,0,0,0,22.92,0,0.0,451,0,0,0,0,422,BZS,DTC,2024-05-18
CM~CRM Ad_CT~VID_VD~15s_PH~CONSD_BO~TRF_PB~FB_PD~NEWSF,YR~24-Q1-01_CL~ASTRA_TA~ONC_DS~THEIR2+ 2L_MB~Neurexa_CU~DTC_CA~B_PH~CONSD_BO~TRF_PB~FB_CN~18224-9-120398_FF~THEIR2+ 2L Pixel LAL,AN~Pixel Search LAL_TG~LAL_DE~A25-65F_MA~ntl_RG~USA_PH~CONSD_BO~TRF_PB~FB_PD~NEWSF,831,924,11,0,0,0,0,0,0,4.8,0,0.0,72,0,0,0,0,61,BZS,DTC,2024-05-18
CM~Educate Ad 3_CT~VID_VD~15s_PH~CONSD_BO~TRF_PB~FB_PD~NEWSF,YR~24-Q1-01_CL~ASTRA_TA~ONC_DS~THEIR2+ 2L_MB~Neurexa_CU~DTC_CA~B_PH~CONSD_BO~TRF_PB~FB_CN~18224-9-120398_FF~THEIR2+ 2L Pixel LAL,AN~Pixel Search LAL_TG~LAL_DE~A25-65F_MA~ntl_RG~USA_PH~CONSD_BO~TRF_PB~FB_PD~NEWSF,1,1,1,0,0,0,0,0,0,0.05,0,0.0,1,0,0,0,0,0,BZS,DTC,2024-05-18
CM~Results Ad_CT~VID_VD~15s_PH~CONSD_BO~TRF_PB~FB_PD~NEWSF,YR~24-Q1-01_CL~ASTRA_TA~ONC_DS~THEIR2+ 2L_MB~Neurexa_CU~DTC_CA~B_PH~CONSD_BO~TRF_PB~FB_CN~18224-9-120398_FF~THEIR2+ 2L Pixel LAL,AN~Pixel Search LAL_TG~LAL_DE~A25-65F_MA~ntl_RG~USA_PH~CONSD_BO~TRF_PB~FB_PD~NEWSF,383,408,0,0,0,0,0,0,0,2.19,0,0.0,30,0,0,0,0,30,BZS,DTC,2024-05-18
CM~CRM Ad_CT~VID_VD~15s_PH~CONSD_BO~TRF_PB~FB_PD~NEWSF,YR~24-Q1-01_CL~ASTRA_TA~ONC_DS~THEIR2+ 2L_MB~Neurexa_CU~DTC_CA~B_PH~CONSD_BO~TRF_PB~FB_CN~18224-9-120398_FF~THEIR2+ 2L Pixel RTA,AN~Pixel RTA_TG~RT_DE~A25-65F_MA~ntl_RG~USA_PH~CONSD_BO~TRF_PB~FB_PD~NEWSF,2906,3904,49,0,0,0,0,0,0,39.5,0,0.0,422,0,0,0,0,373,BZS,DTC,2024-05-18
CM~Educate Ad2_CT~VID_VD~15s_PH~CONSD_BO~TRF_PB~FB_PD~NEWSF,YR~24-Q1-01_CL~ASTRA_TA~ONC_DS~THEIR2+ 2L_MB~Neurexa_CU~DTC_CA~B_PH~CONSD_BO~TRF_PB~FB_CN~18224-9-120398_FF~THEIR2+ 2L Pixel RTA,AN~Pixel RTA_TG~RT_DE~A25-65F_MA~ntl_RG~USA_PH~CONSD_BO~TRF_PB~FB_PD~NEWSF,574,907,8,0,0,0,0,0,0,7.23,0,0.0,90,0,0,0,0,82,BZS,DTC,2024-05-18
CM~Educate Ad3_CT~VID_VD~15s_PH~CONSD_BO~TRF_PB~FB_PD~NEWSF,YR~24-Q1-01_CL~ASTRA_TA~ONC_DS~THEIR2+ 2L_MB~Neurexa_CU~DTC_CA~B_PH~CONSD_BO~TRF_PB~FB_CN~18224-9-120398_FF~THEIR2+ 2L Pixel RTA,AN~Pixel RTA_TG~RT_DE~A25-65F_MA~ntl_RG~USA_PH~CONSD_BO~TRF_PB~FB_PD~NEWSF,168,244,5,0,0,0,0,0,0,2.58,0,0.0,31,0,0,0,0,26,BZS,DTC,2024-05-18
CM~Results Ad_CT~VID_VD~15s_PH~CONSD_BO~TRF_PB~FB_PD~NEWSF,YR~24-Q1-01_CL~ASTRA_TA~ONC_DS~THEIR2+ 2L_MB~Neurexa_CU~DTC_CA~B_PH~CONSD_BO~TRF_PB~FB_CN~18224-9-120398_FF~THEIR2+ 2L Pixel RTA,AN~Pixel RTA_TG~RT_DE~A25-65F_MA~ntl_RG~USA_PH~CONSD_BO~TRF_PB~FB_PD~NEWSF,3952,5905,48,0,0,0,0,0,0,46.88,0,0.0,608,0,0,0,0,560,BZS,DTC,2024-05-18
CM~CRM Ad_CT~VID_VD~15s_PH~CONSD_BO~TRF_PB~FB_PD~NEWSF,YR~24-Q1-01_CL~ASTRA_TA~ONC_DS~THEIR2+ 2L_MB~Neurexa_CU~DTC_CA~B_PH~CONSD_BO~TRF_PB~FB_CN~18224-9-120398_FF~THEIR2+ 2L Pixel RTA,AN~Pixel Search RTA_TG~RT_DE~A25-65F_MA~ntl_RG~USA_PH~CONSD_BO~TRF_PB~FB_PD~NEWSF,629,887,11,0,0,0,0,0,0,8.53,0,0.0,83,0,0,0,0,72,BZS,DTC,2024-05-18
CM~SecondLineDressAd1_CT~VID_VD~15s_PH~CONSD_BO~TRF_PB~IG_PD~NEWSF,YR~24-Q1-01_CL~ASTRA_TA~ONC_DS~THEIR2+ 2L_MB~Neurexa_CU~DTC_CA~B_PH~CONSD_BO~TRF_PB~IG_CN~18224-9-120398_FF~THEIR2+ 2L IG Engagement + Video RTA LAL,AN~Engagement RTA LAL_TG~LAL_DE~A25-65F_MA~ntl_RG~USA_PH~CONSD_BO~TRF_PB~IG_PD~NEWSF,435,458,9,0,0,0,0,0,0,6.55,0,1.0,150,0,0,0,0,140,BZS,DTC,2024-05-18
CM~SecondLineDressAd1_CT~VID_VD~15s_PH~CONSD_BO~TRF_PB~IG_PD~NEWSF,YR~24-Q1-01_CL~ASTRA_TA~ONC_DS~THEIR2+ 2L_MB~Neurexa_CU~DTC_CA~B_PH~CONSD_BO~TRF_PB~IG_CN~18224-9-120398_FF~THEIR2+ 2L IG Engagement + Video RTA LAL,AN~Video RTA LAL_TG~LAL_DE~A25-65F_MA~ntl_RG~USA_PH~CONSD_BO~TRF_PB~IG_PD~NEWSF,1867,1994,24,0,0,0,0,0,0,24.66,0,3.0,615,0,0,0,0,588,BZS,DTC,2024-05-18
CM~SecondLineWhiteFrameAd2_CT~VID_VD~15s_PH~CONSD_BO~TRF_PB~IG_PD~NEWSF,YR~24-Q1-01_CL~ASTRA_TA~ONC_DS~THEIR2+ 2L_MB~Neurexa_CU~DTC_CA~B_PH~CONSD_BO~TRF_PB~IG_CN~18224-9-120398_FF~THEIR2+ 2L IG Engagement + Video RTA LAL,AN~Video RTA LAL_TG~LAL_DE~A25-65F_MA~ntl_RG~USA_PH~CONSD_BO~TRF_PB~IG_PD~NEWSF,350,372,4,0,0,0,0,0,0,5.64,0,0.0,114,0,0,0,0,110,BZS,DTC,2024-05-18
CM~SecondLineDressAd1_CT~VID_VD~15s_PH~CONSD_BO~TRF_PB~IG_PD~NEWSF,YR~24-Q1-01_CL~ASTRA_TA~ONC_DS~THEIR2+ 2L_MB~Neurexa_CU~DTC_CA~B_PH~CONSD_BO~TRF_PB~IG_CN~18224-9-120398_FF~THEIR2+ 2L IG Pixel LAL,AN~Pixel LAL_TG~LAL_DE~A25-65F_MA~ntl_RG~USA_PH~CONSD_BO~TRF_PB~IG_PD~NEWSF,1422,1714,17,0,0,0,0,0,0,25.11,0,3.0,464,0,0,0,0,443,BZS,DTC,2024-05-18
CM~SecondLineWhiteFrameAd2_CT~VID_VD~15s_PH~CONSD_BO~TRF_PB~IG_PD~NEWSF,YR~24-Q1-01_CL~ASTRA_TA~ONC_DS~THEIR2+ 2L_MB~Neurexa_CU~DTC_CA~B_PH~CONSD_BO~TRF_PB~IG_CN~18224-9-120398_FF~THEIR2+ 2L IG Pixel LAL,AN~Pixel LAL_TG~LAL_DE~A25-65F_MA~ntl_RG~USA_PH~CONSD_BO~TRF_PB~IG_PD~NEWSF,556,643,4,0,0,0,0,0,0,12.58,0,1.0,155,0,0,0,0,149,BZS,DTC,2024-05-18
CM~SecondLineDressAd1_CT~VID_VD~15s_PH~CONSD_BO~TRF_PB~IG_PD~NEWSF,YR~24-Q1-01_CL~ASTRA_TA~ONC_DS~THEIR2+ 2L_MB~Neurexa_CU~DTC_CA~B_PH~CONSD_BO~TRF_PB~IG_CN~18224-9-120398_FF~THEIR2+ 2L IG Pixel LAL,AN~Pixel Search LAL_TG~LAL_DE~A25-65F_MA~ntl_RG~USA_PH~CONSD_BO~TRF_PB~IG_PD~NEWSF,2,2,0,0,0,0,0,0,0,0.03,0,0.0,0,0,0,0,0,0,BZS,DTC,2024-05-18
CM~SecondLineDressAd1_CT~VID_VD~15s_PH~CONSD_BO~TRF_PB~IG_PD~NEWSF,YR~24-Q1-01_CL~ASTRA_TA~ONC_DS~THEIR2+ 2L_MB~Neurexa_CU~DTC_CA~B_PH~CONSD_BO~TRF_PB~IG_CN~18224-9-120398_FF~THEIR2+ 2L IG Pixel RTA,AN~Pixel RTA_TG~LAL_DE~A25-65F_MA~ntl_RG~USA_PH~CONSD_BO~TRF_PB~IG_PD~NEWSF,800,1135,12,0,0,0,0,0,0,20.01,0,4.0,173,0,0,0,0,157,BZS,DTC,2024-05-18
CM~SecondLineWhiteFrameAd2_CT~VID_VD~15s_PH~CONSD_BO~TRF_PB~IG_PD~NEWSF,YR~24-Q1-01_CL~ASTRA_TA~ONC_DS~THEIR2+ 2L_MB~Neurexa_CU~DTC_CA~B_PH~CONSD_BO~TRF_PB~IG_CN~18224-9-120398_FF~THEIR2+ 2L IG Pixel RTA,AN~Pixel RTA_TG~LAL_DE~A25-65F_MA~ntl_RG~USA_PH~CONSD_BO~TRF_PB~IG_PD~NEWSF,431,583,9,0,0,0,0,0,0,12.17,0,1.0,135,0,0,0,0,125,BZS,DTC,2024-05-18
CM~SecondLineWhiteFrameAd2_CT~VID_VD~15s_PH~CONSD_BO~TRF_PB~IG_PD~NEWSF,YR~24-Q1-01_CL~ASTRA_TA~ONC_DS~THEIR2+ 2L_MB~Neurexa_CU~DTC_CA~B_PH~CONSD_BO~TRF_PB~IG_CN~18224-9-120398_FF~THEIR2+ 2L IG Pixel RTA,AN~Pixel Search RTA_TG~LAL_DE~A25-65F_MA~ntl_RG~USA_PH~CONSD_BO~TRF_PB~IG_PD~NEWSF,86,96,1,0,0,0,0,0,0,2.12,0,1.0,23,0,0,0,0,21,BZS,DTC,2024-05-18
CM~SecondLineDressAd1_CT~VID_VD~15s_PH~CONSD_BO~TRF_PB~IG_PD~NEWSF,YR~24-Q1-01_CL~ASTRA_TA~ONC_DS~THEIR2+ 2L_MB~Neurexa_CU~DTC_CA~B_PH~CONSD_BO~TRF_PB~IG_CN~18224-9-120398_FF~THEIR2+ 2L IG Pixel RTA,AN~Pixel Search RTA_TG~LAL_DE~A25-65F_MA~ntl_RG~USA_PH~CONSD_BO~TRF_PB~IG_PD~NEWSF,124,137,1,0,0,0,0,0,0,2.67,0,0.0,19,0,0,0,0,18,BZS,DTC,2024-05-18
CM~SecondLineDressAd1_CT~VID_VD~15s_PH~CONSD_BO~TRF_PB~IG_PD~NEWSF,YR~24-Q1-01_CL~ASTRA_TA~ONC_DS~THEIR2+ 2L_MB~Neurexa_CU~DTC_CA~B_PH~CONSD_BO~TRF_PB~IG_CN~18224-9-120398_FF~THEIR2+ 2L IG PurpleLab,AN~DTC Purple Lab_TG~RT_DE~A25-65A_MA~ntl_RG~USA_PH~CONSD_BO~TRF_PB~FB_PD~NEWSF,1095,1295,5,0,0,0,0,0,0,21.55,0,2.0,309,0,0,0,0,302,BZS,DTC,2024-05-18
CM~SecondLineWhiteFrameAd2_CT~VID_VD~15s_PH~CONSD_BO~TRF_PB~IG_PD~NEWSF,YR~24-Q1-01_CL~ASTRA_TA~ONC_DS~THEIR2+ 2L_MB~Neurexa_CU~DTC_CA~B_PH~CONSD_BO~TRF_PB~IG_CN~18224-9-120398_FF~THEIR2+ 2L IG PurpleLab,AN~DTC Purple Lab_TG~RT_DE~A25-65A_MA~ntl_RG~USA_PH~CONSD_BO~TRF_PB~FB_PD~NEWSF,725,850,5,0,0,0,0,0,0,15.34,0,1.0,222,0,0,0,0,216,BZS,DTC,2024-05-18
CM~Spon. Ad 1_CT~VID_VD~15s_PH~CONV_BO~TRF_PB~FB_PD~NEWSF,YR~24-Q1-01_CL~ASTRA_TA~ONC_DS~THEIR2Low_MB~Neurexa_CU~DTC_CA~B_PH~CONSD_BO~TRF_PB~FB_CN~18225-9-120399_FF~THEIR2Low FB PurpleLab,AN~DTC Purple Lab_TG~RT_DE~A25-65A_MA~ntl_RG~USA_PH~CONSD_BO~TRF_PB~FB_PD~NEWSF,16914,20779,197,0,0,0,0,0,0,142.88,0,0.0,2487,0,0,0,0,2290,AST,DTC,2024-05-19
CM~Spon. Ad 2_CT~VID_VD~15s_PH~CONV_BO~TRF_PB~FB_PD~NEWSF,YR~24-Q1-01_CL~ASTRA_TA~ONC_DS~THEIR2Low_MB~Neurexa_CU~DTC_CA~B_PH~CONSD_BO~TRF_PB~FB_CN~18225-9-120399_FF~THEIR2Low FB PurpleLab,AN~DTC Purple Lab_TG~RT_DE~A25-65A_MA~ntl_RG~USA_PH~CONSD_BO~TRF_PB~FB_PD~NEWSF,556,584,0,0,0,0,0,0,0,3.88,0,0.0,40,0,0,0,0,40,AST,DTC,2024-05-19
CM~Spon. Ad 3_CT~VID_VD~30s_PH~CONV_BO~TRF_PB~FB_PD~NEWSF,YR~24-Q1-01_CL~ASTRA_TA~ONC_DS~THEIR2Low_MB~Neurexa_CU~DTC_CA~B_PH~CONSD_BO~TRF_PB~FB_CN~18225-9-120399_FF~THEIR2Low FB PurpleLab,AN~DTC Purple Lab_TG~RT_DE~A25-65A_MA~ntl_RG~USA_PH~CONSD_BO~TRF_PB~FB_PD~NEWSF,2836,3554,13,0,0,0,0,0,0,15.88,0,0.0,239,0,0,0,0,226,AST,DTC,2024-05-19
CM~Spon. Ad 1_CT~VID_VD~15s_PH~CONV_BO~TRF_PB~FB_PD~NEWSF,YR~24-Q1-01_CL~ASTRA_TA~ONC_DS~THEIR2Low_MB~Neurexa_CU~DTC_CA~B_PH~CONSD_BO~TRF_PB~FB_CN~18225-9-120399_FF~THEIR2Low Pixel RTA,AN~Engagement RTA_TG~RT_DE~A25-65F_MA~ntl_RG~USA_PH~CONSD_BO~TRF_PB~FB_PD~NEWSF,15668,21118,189,0,0,0,0,0,0,135.94,0,0.0,1760,0,0,0,0,1571,AST,DTC,2024-05-19
CM~Spon. Ad 2_CT~VID_VD~15s_PH~CONV_BO~TRF_PB~FB_PD~NEWSF,YR~24-Q1-01_CL~ASTRA_TA~ONC_DS~THEIR2Low_MB~Neurexa_CU~DTC_CA~B_PH~CONSD_BO~TRF_PB~FB_CN~18225-9-120399_FF~THEIR2Low Pixel RTA,AN~Engagement RTA_TG~RT_DE~A25-65F_MA~ntl_RG~USA_PH~CONSD_BO~TRF_PB~FB_PD~NEWSF,680,706,1,0,0,0,0,0,0,4.95,0,0.0,60,0,0,0,0,59,AST,DTC,2024-05-19
CM~Spon. Ad 3_CT~VID_VD~30s_PH~CONV_BO~TRF_PB~FB_PD~NEWSF,YR~24-Q1-01_CL~ASTRA_TA~ONC_DS~THEIR2Low_MB~Neurexa_CU~DTC_CA~B_PH~CONSD_BO~TRF_PB~FB_CN~18225-9-120399_FF~THEIR2Low Pixel RTA,AN~Engagement RTA_TG~RT_DE~A25-65F_MA~ntl_RG~USA_PH~CONSD_BO~TRF_PB~FB_PD~NEWSF,6453,8661,59,0,0,0,0,0,0,43.72,0,0.0,485,0,0,0,0,426,AST,DTC,2024-05-19
CM~Spon. Ad 1_CT~VID_VD~15s_PH~CONV_BO~TRF_PB~FB_PD~NEWSF,YR~24-Q1-01_CL~ASTRA_TA~ONC_DS~THEIR2Low_MB~Neurexa_CU~DTC_CA~B_PH~CONSD_BO~TRF_PB~FB_CN~18225-9-120399_FF~THEIR2Low Pixel RTA,AN~Pixel RTA_TG~RT_DE~A25-65F_MA~ntl_RG~USA_PH~CONSD_BO~TRF_PB~FB_PD~NEWSF,475,712,6,0,0,0,0,0,0,7.21,0,0.0,61,0,0,0,0,55,AST,DTC,2024-05-19
CM~Spon. Ad 2_CT~VID_VD~15s_PH~CONV_BO~TRF_PB~FB_PD~NEWSF,YR~24-Q1-01_CL~ASTRA_TA~ONC_DS~THEIR2Low_MB~Neurexa_CU~DTC_CA~B_PH~CONSD_BO~TRF_PB~FB_CN~18225-9-120399_FF~THEIR2Low Pixel RTA,AN~Pixel RTA_TG~RT_DE~A25-65F_MA~ntl_RG~USA_PH~CONSD_BO~TRF_PB~FB_PD~NEWSF,13,14,0,0,0,0,0,0,0,0.12,0,0.0,3,0,0,0,0,3,AST,DTC,2024-05-19
CM~Spon. Ad 3_CT~VID_VD~30s_PH~CONV_BO~TRF_PB~FB_PD~NEWSF,YR~24-Q1-01_CL~ASTRA_TA~ONC_DS~THEIR2Low_MB~Neurexa_CU~DTC_CA~B_PH~CONSD_BO~TRF_PB~FB_CN~18225-9-120399_FF~THEIR2Low Pixel RTA,AN~Pixel Search RTA_TG~RT_DE~A25-65F_MA~ntl_RG~USA_PH~CONSD_BO~TRF_PB~FB_PD~NEWSF,215,277,0,0,0,0,0,0,0,2.43,0,0.0,13,0,0,0,0,13,AST,DTC,2024-05-19
CM~Spon. Ad 1_CT~VID_VD~15s_PH~CONV_BO~TRF_PB~FB_PD~NEWSF,YR~24-Q1-01_CL~ASTRA_TA~ONC_DS~THEIR2Low_MB~Neurexa_CU~DTC_CA~B_PH~CONSD_BO~TRF_PB~FB_CN~18225-9-120399_FF~THEIR2Low Pixel RTA,AN~Pixel Search RTA_TG~RT_DE~A25-65F_MA~ntl_RG~USA_PH~CONSD_BO~TRF_PB~FB_PD~NEWSF,362,457,2,0,0,0,0,0,0,5.02,0,0.0,46,0,0,0,0,44,AST,DTC,2024-05-19
CM~Spon. Ad 2_CT~VID_VD~15s_PH~CONV_BO~TRF_PB~FB_PD~NEWSF,YR~24-Q1-01_CL~ASTRA_TA~ONC_DS~THEIR2Low_MB~Neurexa_CU~DTC_CA~B_PH~CONSD_BO~TRF_PB~FB_CN~18225-9-120399_FF~THEIR2Low Pixel RTA,AN~Pixel Search RTA_TG~RT_DE~A25-65F_MA~ntl_RG~USA_PH~CONSD_BO~TRF_PB~FB_PD~NEWSF,12,15,0,0,0,0,0,0,0,0.16,0,0.0,3,0,0,0,0,3,AST,DTC,2024-05-19
CM~Spon. Ad 1_CT~VID_VD~15s_PH~CONV_BO~TRF_PB~FB_PD~NEWSF,YR~24-Q1-01_CL~ASTRA_TA~ONC_DS~THEIR2Low_MB~Neurexa_CU~DTC_CA~B_PH~CONSD_BO~TRF_PB~FB_CN~18225-9-120399_FF~THEIR2Low Pixel RTA LAL,AN~Engagement RTA LAL_TG~LAL_DE~A25-65F_MA~ntl_RG~USA_PH~CONSD_BO~TRF_PB~FB_PD~NEWSF - Copy,14205,16724,123,0,0,0,0,0,0,82.83,0,0.0,1392,0,0,0,0,1269,AST,DTC,2024-05-19
CM~Spon. Ad 2_CT~VID_VD~15s_PH~CONV_BO~TRF_PB~FB_PD~NEWSF,YR~24-Q1-01_CL~ASTRA_TA~ONC_DS~THEIR2Low_MB~Neurexa_CU~DTC_CA~B_PH~CONSD_BO~TRF_PB~FB_CN~18225-9-120399_FF~THEIR2Low Pixel RTA LAL,AN~Engagement RTA LAL_TG~LAL_DE~A25-65F_MA~ntl_RG~USA_PH~CONSD_BO~TRF_PB~FB_PD~NEWSF - Copy,1049,1102,8,0,0,0,0,0,0,4.62,0,0.0,90,0,0,0,0,82,AST,DTC,2024-05-19
CM~Spon. Ad 3_CT~VID_VD~30s_PH~CONV_BO~TRF_PB~FB_PD~NEWSF,YR~24-Q1-01_CL~ASTRA_TA~ONC_DS~THEIR2Low_MB~Neurexa_CU~DTC_CA~B_PH~CONSD_BO~TRF_PB~FB_CN~18225-9-120399_FF~THEIR2Low Pixel RTA LAL,AN~Engagement RTA LAL_TG~LAL_DE~A25-65F_MA~ntl_RG~USA_PH~CONSD_BO~TRF_PB~FB_PD~NEWSF - Copy,19884,23169,111,0,0,0,0,0,0,89.67,0,0.0,1240,0,0,0,0,1129,AST,DTC,2024-05-19
CM~Spon. Ad 1_CT~VID_VD~15s_PH~CONV_BO~TRF_PB~FB_PD~NEWSF,YR~24-Q1-01_CL~ASTRA_TA~ONC_DS~THEIR2Low_MB~Neurexa_CU~DTC_CA~B_PH~CONSD_BO~TRF_PB~FB_CN~18225-9-120399_FF~THEIR2Low Pixel RTA LAL,AN~Pixel RTA LAL_TG~LAL_DE~A25-65F_MA~ntl_RG~USA_PH~CONSD_BO~TRF_PB~FB_PD~NEWSF,874,951,6,0,0,0,0,0,0,5.31,0,0.0,78,0,0,0,0,72,AST,DTC,2024-05-19
CM~Spon. Ad 2_CT~VID_VD~15s_PH~CONV_BO~TRF_PB~FB_PD~NEWSF,YR~24-Q1-01_CL~ASTRA_TA~ONC_DS~THEIR2Low_MB~Neurexa_CU~DTC_CA~B_PH~CONSD_BO~TRF_PB~FB_CN~18225-9-120399_FF~THEIR2Low Pixel RTA LAL,AN~Pixel RTA LAL_TG~LAL_DE~A25-65F_MA~ntl_RG~USA_PH~CONSD_BO~TRF_PB~FB_PD~NEWSF,165,172,3,0,0,0,0,0,0,1.3599999999999999,0,0.0,21,0,0,0,0,18,AST,DTC,2024-05-19
CM~Spon. Ad 1_CT~VID_VD~15s_PH~CONV_BO~TRF_PB~FB_PD~NEWSF,YR~24-Q1-01_CL~ASTRA_TA~ONC_DS~THEIR2Low_MB~Neurexa_CU~DTC_CA~B_PH~CONSD_BO~TRF_PB~FB_CN~18225-9-120399_FF~THEIR2Low Pixel RTA LAL,AN~Pixel Search RTA LAL_TG~LAL_DE~A25-65F_MA~ntl_RG~USA_PH~CONSD_BO~TRF_PB~FB_PD~NEWSF,864,928,10,0,0,0,0,0,0,7.59,0,0.0,78,0,0,0,0,68,AST,DTC,2024-05-19
CM~Spon. Ad 2_CT~VID_VD~15s_PH~CONV_BO~TRF_PB~FB_PD~NEWSF,YR~24-Q1-01_CL~ASTRA_TA~ONC_DS~THEIR2Low_MB~Neurexa_CU~DTC_CA~B_PH~CONSD_BO~TRF_PB~FB_CN~18225-9-120399_FF~THEIR2Low Pixel RTA LAL,AN~Pixel Search RTA LAL_TG~LAL_DE~A25-65F_MA~ntl_RG~USA_PH~CONSD_BO~TRF_PB~FB_PD~NEWSF,109,115,1,0,0,0,0,0,0,1.11,0,0.0,6,0,0,0,0,5,AST,DTC,2024-05-19
CM~Sponsored Ad1_CT~VID_VD~15s_PH~CONSD_BO~TRF_PB~IG_PD~NEWSF,YR~24-Q1-01_CL~ASTRA_TA~ONC_DS~THEIR2Low_MB~Neurexa_CU~DTC_CA~B_PH~CONSD_BO~TRF_PB~IG_CN~18225-9-120399_FF~THEIR2Low IG Pixel RTA,AN~Engagement RTA_TG~RT_DE~A25-65F_MA~ntl_RG~USA_PH~CONSD_BO~TRF_PB~IG_PD~NEWSF,512,577,0,0,0,0,0,0,0,11.3,0,2.0,130,0,0,0,0,128,AST,DTC,2024-05-19
CM~Sponsored Ad2_CT~VID_VD~15s_PH~CONSD_BO~TRF_PB~IG_PD~NEWSF,YR~24-Q1-01_CL~ASTRA_TA~ONC_DS~THEIR2Low_MB~Neurexa_CU~DTC_CA~B_PH~CONSD_BO~TRF_PB~IG_CN~18225-9-120399_FF~THEIR2Low IG Pixel RTA,AN~Engagement RTA_TG~RT_DE~A25-65F_MA~ntl_RG~USA_PH~CONSD_BO~TRF_PB~IG_PD~NEWSF,950,1196,8,0,0,0,0,0,0,18.67,0,1.0,197,0,0,0,0,188,AST,DTC,2024-05-19
CM~Sponsored Ad3_CT~VID_VD~15s_PH~CONSD_BO~TRF_PB~IG_PD~NEWSF,YR~24-Q1-01_CL~ASTRA_TA~ONC_DS~THEIR2Low_MB~Neurexa_CU~DTC_CA~B_PH~CONSD_BO~TRF_PB~IG_CN~18225-9-120399_FF~THEIR2Low IG Pixel RTA,AN~Engagement RTA_TG~RT_DE~A25-65F_MA~ntl_RG~USA_PH~CONSD_BO~TRF_PB~IG_PD~NEWSF,659,779,3,0,0,0,0,0,0,10.28,0,0.0,135,0,0,0,0,132,AST,DTC,2024-05-19
CM~Sponsored Ad1_CT~VID_VD~15s_PH~CONSD_BO~TRF_PB~IG_PD~NEWSF,YR~24-Q1-01_CL~ASTRA_TA~ONC_DS~THEIR2Low_MB~Neurexa_CU~DTC_CA~B_PH~CONSD_BO~TRF_PB~IG_CN~18225-9-120399_FF~THEIR2Low IG Pixel RTA,AN~Pixel Search RTA_TG~RT_DE~A25-65F_MA~ntl_RG~USA_PH~CONSD_BO~TRF_PB~IG_PD~NEWSF,87,92,0,0,0,0,0,0,0,2.35,0,0.0,35,0,0,0,0,35,AST,DTC,2024-05-19
CM~Sponsored Ad2_CT~VID_VD~15s_PH~CONSD_BO~TRF_PB~IG_PD~NEWSF,YR~24-Q1-01_CL~ASTRA_TA~ONC_DS~THEIR2Low_MB~Neurexa_CU~DTC_CA~B_PH~CONSD_BO~TRF_PB~IG_CN~18225-9-120399_FF~THEIR2Low IG Pixel RTA,AN~Pixel Search RTA_TG~RT_DE~A25-65F_MA~ntl_RG~USA_PH~CONSD_BO~TRF_PB~IG_PD~NEWSF,164,196,0,0,0,0,0,0,0,3.57,0,1.0,37,0,0,0,0,36,AST,DTC,2024-05-19
CM~Sponsored Ad3_CT~VID_VD~15s_PH~CONSD_BO~TRF_PB~IG_PD~NEWSF,YR~24-Q1-01_CL~ASTRA_TA~ONC_DS~THEIR2Low_MB~Neurexa_CU~DTC_CA~B_PH~CONSD_BO~TRF_PB~IG_CN~18225-9-120399_FF~THEIR2Low IG Pixel RTA,AN~Pixel Search RTA_TG~RT_DE~A25-65F_MA~ntl_RG~USA_PH~CONSD_BO~TRF_PB~IG_PD~NEWSF,17,17,0,0,0,0,0,0,0,0.4,0,0.0,1,0,0,0,0,1,AST,DTC,2024-05-19
CM~Sponsored Ad1_CT~VID_VD~15s_PH~CONSD_BO~TRF_PB~IG_PD~NEWSF,YR~24-Q1-01_CL~ASTRA_TA~ONC_DS~THEIR2Low_MB~Neurexa_CU~DTC_CA~B_PH~CONSD_BO~TRF_PB~IG_CN~18225-9-120399_FF~THEIR2Low IG Pixel RTA LAL,AN~Engagement RTALAL_TG~RT_DE~A25-65F_MA~ntl_RG~USA_PH~CONSD_BO~TRF_PB~IG_PD~NEWSF,34,36,0,0,0,0,0,0,0,0.67,0,0.0,12,0,0,0,0,12,AST,DTC,2024-05-19
CM~Sponsored Ad2_CT~VID_VD~15s_PH~CONSD_BO~TRF_PB~IG_PD~NEWSF,YR~24-Q1-01_CL~ASTRA_TA~ONC_DS~THEIR2Low_MB~Neurexa_CU~DTC_CA~B_PH~CONSD_BO~TRF_PB~IG_CN~18225-9-120399_FF~THEIR2Low IG Pixel RTA LAL,AN~Engagement RTALAL_TG~RT_DE~A25-65F_MA~ntl_RG~USA_PH~CONSD_BO~TRF_PB~IG_PD~NEWSF,819,858,11,0,0,0,0,0,0,11.19,0,2.0,248,0,0,0,0,235,AST,DTC,2024-05-19
CM~Sponsored Ad3_CT~VID_VD~15s_PH~CONSD_BO~TRF_PB~IG_PD~NEWSF,YR~24-Q1-01_CL~ASTRA_TA~ONC_DS~THEIR2Low_MB~Neurexa_CU~DTC_CA~B_PH~CONSD_BO~TRF_PB~IG_CN~18225-9-120399_FF~THEIR2Low IG Pixel RTA LAL,AN~Engagement RTALAL_TG~RT_DE~A25-65F_MA~ntl_RG~USA_PH~CONSD_BO~TRF_PB~IG_PD~NEWSF,155,160,1,0,0,0,0,0,0,2.46,0,0.0,43,0,0,0,0,42,AST,DTC,2024-05-19
CM~Sponsored Ad1_CT~VID_VD~15s_PH~CONSD_BO~TRF_PB~IG_PD~NEWSF,YR~24-Q1-01_CL~ASTRA_TA~ONC_DS~THEIR2Low_MB~Neurexa_CU~DTC_CA~B_PH~CONSD_BO~TRF_PB~IG_CN~18225-9-120399_FF~THEIR2Low IG Pixel RTA LAL,AN~Pixel Search RTALAL_TG~RT_DE~A25-65F_MA~ntl_RG~USA_PH~CONSD_BO~TRF_PB~IG_PD~NEWSF,1173,1326,6,0,0,0,0,0,0,19.33,0,3.0,290,0,0,0,0,281,AST,DTC,2024-05-19
CM~Sponsored Ad1_CT~VID_VD~15s_PH~CONSD_BO~TRF_PB~IG_PD~NEWSF,YR~24-Q1-01_CL~ASTRA_TA~ONC_DS~THEIR2Low_MB~Neurexa_CU~DTC_CA~B_PH~CONSD_BO~TRF_PB~IG_CN~18225-9-120399_FF~THEIR2Low IG PurpleLab,AN~DTC Purple Lab_TG~RT_DE~A25-65A_MA~ntl_RG~USA_PH~CONSD_BO~TRF_PB~FB_PD~NEWSF,590,653,2,0,0,0,0,0,0,11.16,0,1.0,218,0,0,0,0,215,AST,DTC,2024-05-19
CM~Sponsored Ad2_CT~VID_VD~15s_PH~CONSD_BO~TRF_PB~IG_PD~NEWSF,YR~24-Q1-01_CL~ASTRA_TA~ONC_DS~THEIR2Low_MB~Neurexa_CU~DTC_CA~B_PH~CONSD_BO~TRF_PB~IG_CN~18225-9-120399_FF~THEIR2Low IG PurpleLab,AN~DTC Purple Lab_TG~RT_DE~A25-65A_MA~ntl_RG~USA_PH~CONSD_BO~TRF_PB~FB_PD~NEWSF,2488,3052,14,0,0,0,0,0,0,44.57,0,1.0,593,0,0,0,0,578,AST,DTC,2024-05-19
CM~Sponsored Ad3_CT~VID_VD~15s_PH~CONSD_BO~TRF_PB~IG_PD~NEWSF,YR~24-Q1-01_CL~ASTRA_TA~ONC_DS~THEIR2Low_MB~Neurexa_CU~DTC_CA~B_PH~CONSD_BO~TRF_PB~IG_CN~18225-9-120399_FF~THEIR2Low IG PurpleLab,AN~DTC Purple Lab_TG~RT_DE~A25-65A_MA~ntl_RG~USA_PH~CONSD_BO~TRF_PB~FB_PD~NEWSF,434,519,4,0,0,0,0,0,0,10.57,0,0.0,145,0,0,0,0,141,AST,DTC,2024-05-19
CM~CRM Ad_CT~VID_VD~15s_PH~CONSD_BO~TRF_PB~FB_PD~NEWSF,YR~24-Q1-01_CL~ASTRA_TA~ONC_DS~THEIR2+ 2L_MB~Neurexa_CU~DTC_CA~B_PH~CONSD_BO~TRF_PB~FB_CN~18224-9-120398_FF~THEIR2+ 2L Engagement + Video RTA,AN~Engagement RTA_TG~RT_DE~A25-65F_MA~ntl_RG~USA_PH~CONSD_BO~TRF_PB~FB_PD~NEWSF,7277,8770,50,0,0,0,0,0,0,53.18,0,0.0,584,0,0,0,0,534,BZS,DTC,2024-05-19
CM~Educate Ad 2_CT~VID_VD~15s_PH~CONSD_BO~TRF_PB~FB_PD~NEWSF,YR~24-Q1-01_CL~ASTRA_TA~ONC_DS~THEIR2+ 2L_MB~Neurexa_CU~DTC_CA~B_PH~CONSD_BO~TRF_PB~FB_CN~18224-9-120398_FF~THEIR2+ 2L Engagement + Video RTA,AN~Engagement RTA_TG~RT_DE~A25-65F_MA~ntl_RG~USA_PH~CONSD_BO~TRF_PB~FB_PD~NEWSF,632,785,6,0,0,0,0,0,0,4.84,0,0.0,48,0,0,0,0,42,BZS,DTC,2024-05-19
CM~Educate Ad 3_CT~VID_VD~15s_PH~CONSD_BO~TRF_PB~FB_PD~NEWSF,YR~24-Q1-01_CL~ASTRA_TA~ONC_DS~THEIR2+ 2L_MB~Neurexa_CU~DTC_CA~B_PH~CONSD_BO~TRF_PB~FB_CN~18224-9-120398_FF~THEIR2+ 2L Engagement + Video RTA,AN~Engagement RTA_TG~RT_DE~A25-65F_MA~ntl_RG~USA_PH~CONSD_BO~TRF_PB~FB_PD~NEWSF,227,256,3,0,0,0,0,0,0,1.31,0,0.0,22,0,0,0,0,19,BZS,DTC,2024-05-19
CM~Results Ad_CT~VID_VD~15s_PH~CONSD_BO~TRF_PB~FB_PD~NEWSF,YR~24-Q1-01_CL~ASTRA_TA~ONC_DS~THEIR2+ 2L_MB~Neurexa_CU~DTC_CA~B_PH~CONSD_BO~TRF_PB~FB_CN~18224-9-120398_FF~THEIR2+ 2L Engagement + Video RTA,AN~Engagement RTA_TG~RT_DE~A25-65F_MA~ntl_RG~USA_PH~CONSD_BO~TRF_PB~FB_PD~NEWSF,4014,4847,33,0,0,0,0,0,0,28.28,0,0.0,323,0,0,0,0,290,BZS,DTC,2024-05-19
CM~CRM Ad_CT~VID_VD~15s_PH~CONSD_BO~TRF_PB~FB_PD~NEWSF - Copy,YR~24-Q1-01_CL~ASTRA_TA~ONC_DS~THEIR2+ 2L_MB~Neurexa_CU~DTC_CA~B_PH~CONSD_BO~TRF_PB~FB_CN~18224-9-120398_FF~THEIR2+ 2L Engagement + Video RTA,AN~Video RTA_TG~RT_DE~A25-65F_MA~ntl_RG~USA_PH~CONSD_BO~TRF_PB~FB_PD~NEWSF,211,265,1,0,0,0,0,0,0,2.36,0,0.0,26,0,0,0,0,25,BZS,DTC,2024-05-19
CM~Educate Ad 2_CT~VID_VD~15s_PH~CONSD_BO~TRF_PB~FB_PD~NEWSF,YR~24-Q1-01_CL~ASTRA_TA~ONC_DS~THEIR2+ 2L_MB~Neurexa_CU~DTC_CA~B_PH~CONSD_BO~TRF_PB~FB_CN~18224-9-120398_FF~THEIR2+ 2L Engagement + Video RTA,AN~Video RTA_TG~RT_DE~A25-65F_MA~ntl_RG~USA_PH~CONSD_BO~TRF_PB~FB_PD~NEWSF,75,123,0,0,0,0,0,0,0,0.72,0,0.0,16,0,0,0,0,16,BZS,DTC,2024-05-19
CM~Educate Ad 3_CT~VID_VD~15s_PH~CONSD_BO~TRF_PB~FB_PD~NEWSF,YR~24-Q1-01_CL~ASTRA_TA~ONC_DS~THEIR2+ 2L_MB~Neurexa_CU~DTC_CA~B_PH~CONSD_BO~TRF_PB~FB_CN~18224-9-120398_FF~THEIR2+ 2L Engagement + Video RTA,AN~Video RTA_TG~RT_DE~A25-65F_MA~ntl_RG~USA_PH~CONSD_BO~TRF_PB~FB_PD~NEWSF,15,16,0,0,0,0,0,0,0,0.08,0,0.0,4,0,0,0,0,4,BZS,DTC,2024-05-19
CM~Results Ad_CT~VID_VD~15s_PH~CONSD_BO~TRF_PB~FB_PD~NEWSF,YR~24-Q1-01_CL~ASTRA_TA~ONC_DS~THEIR2+ 2L_MB~Neurexa_CU~DTC_CA~B_PH~CONSD_BO~TRF_PB~FB_CN~18224-9-120398_FF~THEIR2+ 2L Engagement + Video RTA,AN~Video RTA_TG~RT_DE~A25-65F_MA~ntl_RG~USA_PH~CONSD_BO~TRF_PB~FB_PD~NEWSF,434,677,4,0,0,0,0,0,0,3.95,0,0.0,84,0,0,0,0,80,BZS,DTC,2024-05-19
CM~CRM Ad_CT~VID_VD~15s_PH~CONSD_BO~TRF_PB~FB_PD~NEWSF,YR~24-Q1-01_CL~ASTRA_TA~ONC_DS~THEIR2+ 2L_MB~Neurexa_CU~DTC_CA~B_PH~CONSD_BO~TRF_PB~FB_CN~18224-9-120398_FF~THEIR2+ 2L Engagement + Video RTA LAL,AN~Engagement RTA LAL_TG~RT_DE~A25-65F_MA~ntl_RG~USA_PH~CONSD_BO~TRF_PB~FB_PD~NEWSF,5731,6231,66,0,0,0,0,0,0,41.23,0,0.0,524,0,0,0,0,458,BZS,DTC,2024-05-19
CM~Educate Ad 2_CT~VID_VD~15s_PH~CONSD_BO~TRF_PB~FB_PD~NEWSF,YR~24-Q1-01_CL~ASTRA_TA~ONC_DS~THEIR2+ 2L_MB~Neurexa_CU~DTC_CA~B_PH~CONSD_BO~TRF_PB~FB_CN~18224-9-120398_FF~THEIR2+ 2L Engagement + Video RTA LAL,AN~Engagement RTA LAL_TG~RT_DE~A25-65F_MA~ntl_RG~USA_PH~CONSD_BO~TRF_PB~FB_PD~NEWSF,127,140,1,0,0,0,0,0,0,1.28,0,0.0,4,0,0,0,0,3,BZS,DTC,2024-05-19
CM~Educate Ad 3_CT~VID_VD~15s_PH~CONSD_BO~TRF_PB~FB_PD~NEWSF,YR~24-Q1-01_CL~ASTRA_TA~ONC_DS~THEIR2+ 2L_MB~Neurexa_CU~DTC_CA~B_PH~CONSD_BO~TRF_PB~FB_CN~18224-9-120398_FF~THEIR2+ 2L Engagement + Video RTA LAL,AN~Engagement RTA LAL_TG~RT_DE~A25-65F_MA~ntl_RG~USA_PH~CONSD_BO~TRF_PB~FB_PD~NEWSF,59,69,1,0,0,0,0,0,0,0.87,0,0.0,4,0,0,0,0,3,BZS,DTC,2024-05-19
CM~Results Ad_CT~VID_VD~15s_PH~CONSD_BO~TRF_PB~FB_PD~NEWSF,YR~24-Q1-01_CL~ASTRA_TA~ONC_DS~THEIR2+ 2L_MB~Neurexa_CU~DTC_CA~B_PH~CONSD_BO~TRF_PB~FB_CN~18224-9-120398_FF~THEIR2+ 2L Engagement + Video RTA LAL,AN~Engagement RTA LAL_TG~RT_DE~A25-65F_MA~ntl_RG~USA_PH~CONSD_BO~TRF_PB~FB_PD~NEWSF,1182,1255,15,0,0,0,0,0,0,9.06,0,0.0,97,0,0,0,0,82,BZS,DTC,2024-05-19
CM~CRM Ad_CT~VID_VD~15s_PH~CONSD_BO~TRF_PB~FB_PD~NEWSF,YR~24-Q1-01_CL~ASTRA_TA~ONC_DS~THEIR2+ 2L_MB~Neurexa_CU~DTC_CA~B_PH~CONSD_BO~TRF_PB~FB_CN~18224-9-120398_FF~THEIR2+ 2L Engagement + Video RTA LAL,AN~Video RTA LAL_TG~RT_DE~A25-65F_MA~ntl_RG~USA_PH~CONSD_BO~TRF_PB~FB_PD~NEWSF,4908,5440,38,0,0,0,0,0,0,30.09,0,0.0,480,0,0,0,0,442,BZS,DTC,2024-05-19
CM~Educate Ad 2_CT~VID_VD~15s_PH~CONSD_BO~TRF_PB~FB_PD~NEWSF,YR~24-Q1-01_CL~ASTRA_TA~ONC_DS~THEIR2+ 2L_MB~Neurexa_CU~DTC_CA~B_PH~CONSD_BO~TRF_PB~FB_CN~18224-9-120398_FF~THEIR2+ 2L Engagement + Video RTA LAL,AN~Video RTA LAL_TG~RT_DE~A25-65F_MA~ntl_RG~USA_PH~CONSD_BO~TRF_PB~FB_PD~NEWSF,401,437,6,0,0,0,0,0,0,2.98,0,0.0,33,0,0,0,0,27,BZS,DTC,2024-05-19
CM~Educate Ad 3_CT~VID_VD~15s_PH~CONSD_BO~TRF_PB~FB_PD~NEWSF,YR~24-Q1-01_CL~ASTRA_TA~ONC_DS~THEIR2+ 2L_MB~Neurexa_CU~DTC_CA~B_PH~CONSD_BO~TRF_PB~FB_CN~18224-9-120398_FF~THEIR2+ 2L Engagement + Video RTA LAL,AN~Video RTA LAL_TG~RT_DE~A25-65F_MA~ntl_RG~USA_PH~CONSD_BO~TRF_PB~FB_PD~NEWSF,72,85,0,0,0,0,0,0,0,0.82,0,0.0,2,0,0,0,0,2,BZS,DTC,2024-05-19
CM~Results Ad_CT~VID_VD~15s_PH~CONSD_BO~TRF_PB~FB_PD~NEWSF,YR~24-Q1-01_CL~ASTRA_TA~ONC_DS~THEIR2+ 2L_MB~Neurexa_CU~DTC_CA~B_PH~CONSD_BO~TRF_PB~FB_CN~18224-9-120398_FF~THEIR2+ 2L Engagement + Video RTA LAL,AN~Video RTA LAL_TG~RT_DE~A25-65F_MA~ntl_RG~USA_PH~CONSD_BO~TRF_PB~FB_PD~NEWSF,1815,1933,13,0,0,0,0,0,0,11.24,0,0.0,140,0,0,0,0,127,BZS,DTC,2024-05-19
CM~Educate Ad 2_CT~VID_VD~15s_PH~CONSD_BO~TRF_PB~FB_PD~NEWSF,YR~24-Q1-01_CL~ASTRA_TA~ONC_DS~THEIR2+ 2L_MB~Neurexa_CU~DTC_CA~B_PH~CONSD_BO~TRF_PB~FB_CN~18224-9-120398_FF~THEIR2+ 2L FB PurpleLab,AN~DTC Purple Lab_TG~RT_DE~A25-65A_MA~ntl_RG~USA_PH~CONSD_BO~TRF_PB~FB_PD~NEWSF,439,556,2,0,0,0,0,0,0,2.82,0,0.0,40,0,0,0,0,38,BZS,DTC,2024-05-19
CM~CRM Ad_CT~VID_VD~15s_PH~CONSD_BO~TRF_PB~FB_PD~NEWSF,YR~24-Q1-01_CL~ASTRA_TA~ONC_DS~THEIR2+ 2L_MB~Neurexa_CU~DTC_CA~B_PH~CONSD_BO~TRF_PB~FB_CN~18224-9-120398_FF~THEIR2+ 2L FB PurpleLab,AN~DTC Purple Lab_TG~RT_DE~A25-65A_MA~ntl_RG~USA_PH~CONSD_BO~TRF_PB~FB_PD~NEWSF,6530,7643,59,0,0,0,0,0,0,57.52,0,0.0,764,0,0,0,0,705,BZS,DTC,2024-05-19
CM~Educate Ad 3_CT~VID_VD~15s_PH~CONSD_BO~TRF_PB~FB_PD~NEWSF,YR~24-Q1-01_CL~ASTRA_TA~ONC_DS~THEIR2+ 2L_MB~Neurexa_CU~DTC_CA~B_PH~CONSD_BO~TRF_PB~FB_CN~18224-9-120398_FF~THEIR2+ 2L FB PurpleLab,AN~DTC Purple Lab_TG~RT_DE~A25-65A_MA~ntl_RG~USA_PH~CONSD_BO~TRF_PB~FB_PD~NEWSF,184,230,4,0,0,0,0,0,0,1.33,0,0.0,25,0,0,0,0,21,BZS,DTC,2024-05-19
CM~Results Ad_CT~VID_VD~15s_PH~CONSD_BO~TRF_PB~FB_PD~NEWSF,YR~24-Q1-01_CL~ASTRA_TA~ONC_DS~THEIR2+ 2L_MB~Neurexa_CU~DTC_CA~B_PH~CONSD_BO~TRF_PB~FB_CN~18224-9-120398_FF~THEIR2+ 2L FB PurpleLab,AN~DTC Purple Lab_TG~RT_DE~A25-65A_MA~ntl_RG~USA_PH~CONSD_BO~TRF_PB~FB_PD~NEWSF,5137,6371,35,0,0,0,0,0,0,37.06,0,0.0,607,0,0,0,0,572,BZS,DTC,2024-05-19
CM~CRM Ad_CT~VID_VD~15s_PH~CONSD_BO~TRF_PB~FB_PD~NEWSF,YR~24-Q1-01_CL~ASTRA_TA~ONC_DS~THEIR2+ 2L_MB~Neurexa_CU~DTC_CA~B_PH~CONSD_BO~TRF_PB~FB_CN~18224-9-120398_FF~THEIR2+ 2L Pixel LAL,AN~Pixel LAL_TG~LAL_DE~A25-65F_MA~ntl_RG~USA_PH~CONSD_BO~TRF_PB~FB_PD~NEWSF,8096,9231,67,0,0,0,0,0,0,53.14,0,0.0,801,0,0,0,0,734,BZS,DTC,2024-05-19
CM~Educate Ad 2_CT~VID_VD~15s_PH~CONSD_BO~TRF_PB~FB_PD~NEWSF,YR~24-Q1-01_CL~ASTRA_TA~ONC_DS~THEIR2+ 2L_MB~Neurexa_CU~DTC_CA~B_PH~CONSD_BO~TRF_PB~FB_CN~18224-9-120398_FF~THEIR2+ 2L Pixel LAL,AN~Pixel LAL_TG~LAL_DE~A25-65F_MA~ntl_RG~USA_PH~CONSD_BO~TRF_PB~FB_PD~NEWSF,683,869,9,0,0,0,0,0,0,3.58,0,0.0,60,0,0,0,0,51,BZS,DTC,2024-05-19
CM~Educate Ad 3_CT~VID_VD~15s_PH~CONSD_BO~TRF_PB~FB_PD~NEWSF,YR~24-Q1-01_CL~ASTRA_TA~ONC_DS~THEIR2+ 2L_MB~Neurexa_CU~DTC_CA~B_PH~CONSD_BO~TRF_PB~FB_CN~18224-9-120398_FF~THEIR2+ 2L Pixel LAL,AN~Pixel LAL_TG~LAL_DE~A25-65F_MA~ntl_RG~USA_PH~CONSD_BO~TRF_PB~FB_PD~NEWSF,374,458,2,0,0,0,0,0,0,2.6,0,0.0,25,0,0,0,0,23,BZS,DTC,2024-05-19
CM~Results Ad_CT~VID_VD~15s_PH~CONSD_BO~TRF_PB~FB_PD~NEWSF,YR~24-Q1-01_CL~ASTRA_TA~ONC_DS~THEIR2+ 2L_MB~Neurexa_CU~DTC_CA~B_PH~CONSD_BO~TRF_PB~FB_CN~18224-9-120398_FF~THEIR2+ 2L Pixel LAL,AN~Pixel LAL_TG~LAL_DE~A25-65F_MA~ntl_RG~USA_PH~CONSD_BO~TRF_PB~FB_PD~NEWSF,5621,6725,39,0,0,0,0,0,0,29.59,0,0.0,520,0,0,0,0,481,BZS,DTC,2024-05-19
CM~CRM Ad_CT~VID_VD~15s_PH~CONSD_BO~TRF_PB~FB_PD~NEWSF,YR~24-Q1-01_CL~ASTRA_TA~ONC_DS~THEIR2+ 2L_MB~Neurexa_CU~DTC_CA~B_PH~CONSD_BO~TRF_PB~FB_CN~18224-9-120398_FF~THEIR2+ 2L Pixel LAL,AN~Pixel Search LAL_TG~LAL_DE~A25-65F_MA~ntl_RG~USA_PH~CONSD_BO~TRF_PB~FB_PD~NEWSF,711,751,5,0,0,0,0,0,0,4.84,0,0.0,68,0,0,0,0,63,BZS,DTC,2024-05-19
CM~Educate Ad 2_CT~VID_VD~15s_PH~CONSD_BO~TRF_PB~FB_PD~NEWSF,YR~24-Q1-01_CL~ASTRA_TA~ONC_DS~THEIR2+ 2L_MB~Neurexa_CU~DTC_CA~B_PH~CONSD_BO~TRF_PB~FB_CN~18224-9-120398_FF~THEIR2+ 2L Pixel LAL,AN~Pixel Search LAL_TG~LAL_DE~A25-65F_MA~ntl_RG~USA_PH~CONSD_BO~TRF_PB~FB_PD~NEWSF,26,29,2,0,0,0,0,0,0,0.31,0,0.0,4,0,0,0,0,2,BZS,DTC,2024-05-19
CM~Educate Ad 3_CT~VID_VD~15s_PH~CONSD_BO~TRF_PB~FB_PD~NEWSF,YR~24-Q1-01_CL~ASTRA_TA~ONC_DS~THEIR2+ 2L_MB~Neurexa_CU~DTC_CA~B_PH~CONSD_BO~TRF_PB~FB_CN~18224-9-120398_FF~THEIR2+ 2L Pixel LAL,AN~Pixel Search LAL_TG~LAL_DE~A25-65F_MA~ntl_RG~USA_PH~CONSD_BO~TRF_PB~FB_PD~NEWSF,4,5,0,0,0,0,0,0,0,0.04,0,0.0,0,0,0,0,0,0,BZS,DTC,2024-05-19
CM~Results Ad_CT~VID_VD~15s_PH~CONSD_BO~TRF_PB~FB_PD~NEWSF,YR~24-Q1-01_CL~ASTRA_TA~ONC_DS~THEIR2+ 2L_MB~Neurexa_CU~DTC_CA~B_PH~CONSD_BO~TRF_PB~FB_CN~18224-9-120398_FF~THEIR2+ 2L Pixel LAL,AN~Pixel Search LAL_TG~LAL_DE~A25-65F_MA~ntl_RG~USA_PH~CONSD_BO~TRF_PB~FB_PD~NEWSF,448,491,4,0,0,0,0,0,0,2.68,0,0.0,27,0,0,0,0,23,BZS,DTC,2024-05-19
CM~CRM Ad_CT~VID_VD~15s_PH~CONSD_BO~TRF_PB~FB_PD~NEWSF,YR~24-Q1-01_CL~ASTRA_TA~ONC_DS~THEIR2+ 2L_MB~Neurexa_CU~DTC_CA~B_PH~CONSD_BO~TRF_PB~FB_CN~18224-9-120398_FF~THEIR2+ 2L Pixel RTA,AN~Pixel RTA_TG~RT_DE~A25-65F_MA~ntl_RG~USA_PH~CONSD_BO~TRF_PB~FB_PD~NEWSF,2903,3873,33,0,0,0,0,0,0,41.89,0,0.0,385,0,0,0,0,352,BZS,DTC,2024-05-19
CM~Educate Ad2_CT~VID_VD~15s_PH~CONSD_BO~TRF_PB~FB_PD~NEWSF,YR~24-Q1-01_CL~ASTRA_TA~ONC_DS~THEIR2+ 2L_MB~Neurexa_CU~DTC_CA~B_PH~CONSD_BO~TRF_PB~FB_CN~18224-9-120398_FF~THEIR2+ 2L Pixel RTA,AN~Pixel RTA_TG~RT_DE~A25-65F_MA~ntl_RG~USA_PH~CONSD_BO~TRF_PB~FB_PD~NEWSF,594,895,6,0,0,0,0,0,0,5.89,0,0.0,84,0,0,0,0,78,BZS,DTC,2024-05-19
CM~Educate Ad3_CT~VID_VD~15s_PH~CONSD_BO~TRF_PB~FB_PD~NEWSF,YR~24-Q1-01_CL~ASTRA_TA~ONC_DS~THEIR2+ 2L_MB~Neurexa_CU~DTC_CA~B_PH~CONSD_BO~TRF_PB~FB_CN~18224-9-120398_FF~THEIR2+ 2L Pixel RTA,AN~Pixel RTA_TG~RT_DE~A25-65F_MA~ntl_RG~USA_PH~CONSD_BO~TRF_PB~FB_PD~NEWSF,254,367,3,0,0,0,0,0,0,2.96,0,0.0,33,0,0,0,0,30,BZS,DTC,2024-05-19
CM~Results Ad_CT~VID_VD~15s_PH~CONSD_BO~TRF_PB~FB_PD~NEWSF,YR~24-Q1-01_CL~ASTRA_TA~ONC_DS~THEIR2+ 2L_MB~Neurexa_CU~DTC_CA~B_PH~CONSD_BO~TRF_PB~FB_CN~18224-9-120398_FF~THEIR2+ 2L Pixel RTA,AN~Pixel RTA_TG~RT_DE~A25-65F_MA~ntl_RG~USA_PH~CONSD_BO~TRF_PB~FB_PD~NEWSF,3664,5400,40,0,0,0,0,0,0,37.76,0,0.0,537,0,0,0,0,497,BZS,DTC,2024-05-19
CM~CRM Ad_CT~VID_VD~15s_PH~CONSD_BO~TRF_PB~FB_PD~NEWSF,YR~24-Q1-01_CL~ASTRA_TA~ONC_DS~THEIR2+ 2L_MB~Neurexa_CU~DTC_CA~B_PH~CONSD_BO~TRF_PB~FB_CN~18224-9-120398_FF~THEIR2+ 2L Pixel RTA,AN~Pixel Search RTA_TG~RT_DE~A25-65F_MA~ntl_RG~USA_PH~CONSD_BO~TRF_PB~FB_PD~NEWSF,605,844,4,0,0,0,0,0,0,6.39,0,0.0,70,0,0,0,0,66,BZS,DTC,2024-05-19
CM~SecondLineDressAd1_CT~VID_VD~15s_PH~CONSD_BO~TRF_PB~IG_PD~NEWSF,YR~24-Q1-01_CL~ASTRA_TA~ONC_DS~THEIR2+ 2L_MB~Neurexa_CU~DTC_CA~B_PH~CONSD_BO~TRF_PB~IG_CN~18224-9-120398_FF~THEIR2+ 2L IG Engagement + Video RTA LAL,AN~Engagement RTA LAL_TG~LAL_DE~A25-65F_MA~ntl_RG~USA_PH~CONSD_BO~TRF_PB~IG_PD~NEWSF,453,479,7,0,0,0,0,0,0,6.44,0,0.0,127,0,0,0,0,120,BZS,DTC,2024-05-19
CM~SecondLineWhiteFrameAd2_CT~VID_VD~15s_PH~CONSD_BO~TRF_PB~IG_PD~NEWSF,YR~24-Q1-01_CL~ASTRA_TA~ONC_DS~THEIR2+ 2L_MB~Neurexa_CU~DTC_CA~B_PH~CONSD_BO~TRF_PB~IG_CN~18224-9-120398_FF~THEIR2+ 2L IG Engagement + Video RTA LAL,AN~Engagement RTA LAL_TG~LAL_DE~A25-65F_MA~ntl_RG~USA_PH~CONSD_BO~TRF_PB~IG_PD~NEWSF,5,5,0,0,0,0,0,0,0,0.07,0,0.0,1,0,0,0,0,1,BZS,DTC,2024-05-19
CM~SecondLineDressAd1_CT~VID_VD~15s_PH~CONSD_BO~TRF_PB~IG_PD~NEWSF,YR~24-Q1-01_CL~ASTRA_TA~ONC_DS~THEIR2+ 2L_MB~Neurexa_CU~DTC_CA~B_PH~CONSD_BO~TRF_PB~IG_CN~18224-9-120398_FF~THEIR2+ 2L IG Engagement + Video RTA LAL,AN~Video RTA LAL_TG~LAL_DE~A25-65F_MA~ntl_RG~USA_PH~CONSD_BO~TRF_PB~IG_PD~NEWSF,1474,1574,18,0,0,0,0,0,0,19.86,0,1.0,415,0,0,0,0,396,BZS,DTC,2024-05-19
CM~SecondLineWhiteFrameAd2_CT~VID_VD~15s_PH~CONSD_BO~TRF_PB~IG_PD~NEWSF,YR~24-Q1-01_CL~ASTRA_TA~ONC_DS~THEIR2+ 2L_MB~Neurexa_CU~DTC_CA~B_PH~CONSD_BO~TRF_PB~IG_CN~18224-9-120398_FF~THEIR2+ 2L IG Engagement + Video RTA LAL,AN~Video RTA LAL_TG~LAL_DE~A25-65F_MA~ntl_RG~USA_PH~CONSD_BO~TRF_PB~IG_PD~NEWSF,559,584,12,0,0,0,0,0,0,8.16,0,1.0,177,0,0,0,0,164,BZS,DTC,2024-05-19
CM~SecondLineDressAd1_CT~VID_VD~15s_PH~CONSD_BO~TRF_PB~IG_PD~NEWSF,YR~24-Q1-01_CL~ASTRA_TA~ONC_DS~THEIR2+ 2L_MB~Neurexa_CU~DTC_CA~B_PH~CONSD_BO~TRF_PB~IG_CN~18224-9-120398_FF~THEIR2+ 2L IG Pixel LAL,AN~Pixel LAL_TG~LAL_DE~A25-65F_MA~ntl_RG~USA_PH~CONSD_BO~TRF_PB~IG_PD~NEWSF,1304,1549,14,0,0,0,0,0,0,22.83,0,0.0,382,0,0,0,0,368,BZS,DTC,2024-05-19
CM~SecondLineWhiteFrameAd2_CT~VID_VD~15s_PH~CONSD_BO~TRF_PB~IG_PD~NEWSF,YR~24-Q1-01_CL~ASTRA_TA~ONC_DS~THEIR2+ 2L_MB~Neurexa_CU~DTC_CA~B_PH~CONSD_BO~TRF_PB~IG_CN~18224-9-120398_FF~THEIR2+ 2L IG Pixel LAL,AN~Pixel LAL_TG~LAL_DE~A25-65F_MA~ntl_RG~USA_PH~CONSD_BO~TRF_PB~IG_PD~NEWSF,468,548,7,0,0,0,0,0,0,9.91,0,1.0,128,0,0,0,0,120,BZS,DTC,2024-05-19
CM~SecondLineDressAd1_CT~VID_VD~15s_PH~CONSD_BO~TRF_PB~IG_PD~NEWSF,YR~24-Q1-01_CL~ASTRA_TA~ONC_DS~THEIR2+ 2L_MB~Neurexa_CU~DTC_CA~B_PH~CONSD_BO~TRF_PB~IG_CN~18224-9-120398_FF~THEIR2+ 2L IG Pixel RTA,AN~Pixel RTA_TG~LAL_DE~A25-65F_MA~ntl_RG~USA_PH~CONSD_BO~TRF_PB~IG_PD~NEWSF,745,1033,8,0,0,0,0,0,0,18.16,0,6.0,167,0,0,0,0,153,BZS,DTC,2024-05-19
CM~SecondLineWhiteFrameAd2_CT~VID_VD~15s_PH~CONSD_BO~TRF_PB~IG_PD~NEWSF,YR~24-Q1-01_CL~ASTRA_TA~ONC_DS~THEIR2+ 2L_MB~Neurexa_CU~DTC_CA~B_PH~CONSD_BO~TRF_PB~IG_CN~18224-9-120398_FF~THEIR2+ 2L IG Pixel RTA,AN~Pixel RTA_TG~LAL_DE~A25-65F_MA~ntl_RG~USA_PH~CONSD_BO~TRF_PB~IG_PD~NEWSF,423,570,10,0,0,0,0,0,0,11.18,0,2.0,119,0,0,0,0,107,BZS,DTC,2024-05-19
CM~SecondLineWhiteFrameAd2_CT~VID_VD~15s_PH~CONSD_BO~TRF_PB~IG_PD~NEWSF,YR~24-Q1-01_CL~ASTRA_TA~ONC_DS~THEIR2+ 2L_MB~Neurexa_CU~DTC_CA~B_PH~CONSD_BO~TRF_PB~IG_CN~18224-9-120398_FF~THEIR2+ 2L IG Pixel RTA,AN~Pixel Search RTA_TG~LAL_DE~A25-65F_MA~ntl_RG~USA_PH~CONSD_BO~TRF_PB~IG_PD~NEWSF,81,93,0,0,0,0,0,0,0,1.46,0,0.0,19,0,0,0,0,19,BZS,DTC,2024-05-19
CM~SecondLineDressAd1_CT~VID_VD~15s_PH~CONSD_BO~TRF_PB~IG_PD~NEWSF,YR~24-Q1-01_CL~ASTRA_TA~ONC_DS~THEIR2+ 2L_MB~Neurexa_CU~DTC_CA~B_PH~CONSD_BO~TRF_PB~IG_CN~18224-9-120398_FF~THEIR2+ 2L IG Pixel RTA,AN~Pixel Search RTA_TG~LAL_DE~A25-65F_MA~ntl_RG~USA_PH~CONSD_BO~TRF_PB~IG_PD~NEWSF,93,105,1,0,0,0,0,0,0,2.1,0,0.0,26,0,0,0,0,25,BZS,DTC,2024-05-19
CM~SecondLineDressAd1_CT~VID_VD~15s_PH~CONSD_BO~TRF_PB~IG_PD~NEWSF,YR~24-Q1-01_CL~ASTRA_TA~ONC_DS~THEIR2+ 2L_MB~Neurexa_CU~DTC_CA~B_PH~CONSD_BO~TRF_PB~IG_CN~18224-9-120398_FF~THEIR2+ 2L IG PurpleLab,AN~DTC Purple Lab_TG~RT_DE~A25-65A_MA~ntl_RG~USA_PH~CONSD_BO~TRF_PB~FB_PD~NEWSF,800,941,3,0,0,0,0,0,0,15.83,0,1.0,211,0,0,0,0,207,BZS,DTC,2024-05-19
CM~SecondLineWhiteFrameAd2_CT~VID_VD~15s_PH~CONSD_BO~TRF_PB~IG_PD~NEWSF,YR~24-Q1-01_CL~ASTRA_TA~ONC_DS~THEIR2+ 2L_MB~Neurexa_CU~DTC_CA~B_PH~CONSD_BO~TRF_PB~IG_CN~18224-9-120398_FF~THEIR2+ 2L IG PurpleLab,AN~DTC Purple Lab_TG~RT_DE~A25-65A_MA~ntl_RG~USA_PH~CONSD_BO~TRF_PB~FB_PD~NEWSF,805,982,4,0,0,0,0,0,0,16.82,0,2.0,225,0,0,0,0,219,BZS,DTC,2024-05-19
CM~In Stream_CT~VID_VD~15s_PH~CONSD_BO~AWE_PB~FB_PD~MSSGR,YR~23-Q2-05_CL~ALLY_TA~ONC_DS~PAN_MB~Neurexa_CU~HCP_CA~B_PH~CONSD_BO~AWE_PB~FB_CN~17722-9-115918_FF~ Instream,CM~EngRTALAL_CT~VID_VD~15s_PH~CONSD_BO~AWE_PB~FB_PD~MSSGR,27431,29678,0,0,0,0,0,0,0,400.1,0,0.0,15290,0,0,0,0,15289,AST,HCP,2024-05-07
CM~In Stream_CT~VID_VD~15s_PH~CONSD_BO~AWE_PB~FB_PD~MSSGR,YR~23-Q2-05_CL~ALLY_TA~ONC_DS~PAN_MB~Neurexa_CU~HCP_CA~B_PH~CONSD_BO~AWE_PB~FB_CN~17722-9-115918_FF~ Instream,CM~EngRTA_CT~VID_VD~15s_PH~CONSD_BO~AWE_PB~FB_PD~MSSGR,251,251,0,0,0,0,0,0,0,3.45,0,0.0,122,0,0,0,0,122,AST,HCP,2024-05-07
CM~In Stream_CT~VID_VD~15s_PH~CONSD_BO~AWE_PB~FB_PD~MSSGR,YR~23-Q2-05_CL~ALLY_TA~ONC_DS~PAN_MB~Neurexa_CU~HCP_CA~B_PH~CONSD_BO~AWE_PB~FB_CN~17722-9-115918_FF~ Instream,CM~PixelRTALAL_CT~VID_VD~15s_PH~CONSD_BO~AWE_PB~FB_PD~MSSGR,10137,10501,0,0,0,0,0,0,0,158.69,0,0.0,5460,0,0,0,0,5460,AST,HCP,2024-05-07
CM~In Stream_CT~VID_VD~15s_PH~CONSD_BO~AWE_PB~FB_PD~MSSGR,YR~23-Q2-05_CL~ALLY_TA~ONC_DS~PAN_MB~Neurexa_CU~HCP_CA~B_PH~CONSD_BO~AWE_PB~FB_CN~17722-9-115918_FF~ Instream,CM~PixelRTA_CT~VID_VD~15s_PH~CONSD_BO~AWE_PB~FB_PD~MSSGR,128,128,0,0,0,0,0,0,0,1.69,0,0.0,56,0,0,0,0,56,AST,HCP,2024-05-07
CM~In Stream_CT~VID_VD~15s_PH~CONSD_BO~AWE_PB~FB_PD~MSSGR,YR~24-Q1-01_CL~ALLY_TA~ONC_DS~PAN_MB~Neurexa_CU~HCP_CA~B_PH~CONSD_BO~AWE_PB~FB_CN~17722-9-115918_FF~ Instream 3P,CM~SpecialtyLists_CT~VID_VD~15s_PH~CONSD_BO~AWE_PB~FB_PD~MSSGR 3P,217,218,0,0,0,0,0,0,0,4.6899999999999995,0,0.0,107,0,0,0,0,107,AST,HCP,2024-05-07
CM~Shortform A New_CT~VID_VD~60s_PH~CONSD_BO~TRF_PB~FB_PD~NEWSF,YR~23-Q2-07-CL~ASTRA_TA~ONC_DS~THEIR2+2L_MB~Neurexa_CU~HCP_CA~B_PH~CONSD_BO~TRF_PB~FB_CN~17721-9-115463_FF~New Rx HCPs_Link Clicks,AN~HCPs_TG~3P_DE~A25-65F_MA~ntl_RG~USA_PH~CONSD_BO~TRF_PB~FB_PD~NEWSF,1581,2770,8,0,0,0,0,0,0,20.55,0,0.0,224,0,0,0,0,215,BZS,HCP,2024-05-07
CM~Shortform B New_CT~VID_VD~60s_PH~CONSD_BO~TRF_PB~FB_PD~NEWSF,YR~23-Q2-07-CL~ASTRA_TA~ONC_DS~THEIR2+2L_MB~Neurexa_CU~HCP_CA~B_PH~CONSD_BO~TRF_PB~FB_CN~17721-9-115463_FF~New Rx HCPs_Link Clicks,AN~HCPs_TG~3P_DE~A25-65F_MA~ntl_RG~USA_PH~CONSD_BO~TRF_PB~FB_PD~NEWSF,336,549,0,0,0,0,0,0,0,4.74,0,0.0,46,0,0,0,0,46,BZS,HCP,2024-05-07
CM~Shortform New_CT~VID_VD~60s_PH~CONSD_BO~TRF_PB~FB_PD~NEWSF,YR~23-Q2-07-CL~ASTRA_TA~ONC_DS~THEIR2+2L_MB~Neurexa_CU~HCP_CA~B_PH~CONSD_BO~TRF_PB~FB_CN~17721-9-115463_FF~New Rx HCPs_Link Clicks,AN~HCPs_TG~3P_DE~A25-65F_MA~ntl_RG~USA_PH~CONSD_BO~TRF_PB~FB_PD~NEWSF,828,1165,3,0,0,0,0,0,0,8.25,0,0.0,109,0,0,0,0,106,BZS,HCP,2024-05-07
CM~Shortform A New_CT~VID_VD~60s_PH~CONSD_BO~TRF_PB~FB_PD~NEWSF,YR~23-Q2-07_CL~ASTRA_TA~ONC_DS~THEIR2+2L_MB~Neurexa_CU~HCP_CA~B_PH~CONSD_BO~TRF_PB~FB_CN~17721-9-115463_FF~New Pixel RTA LAL_Link Clicks,AN~EngagementRTALAL_TG~RT_DE~A25-65F_MA~ntl_RG~USA_PH~CONSD_BO~TRF_PB~FB_PD~NEWSF,344,359,3,0,0,0,0,0,0,1.6600000000000001,0,0.0,22,0,0,0,0,19,BZS,HCP,2024-05-07
CM~Shortform B New_CT~VID_VD~60s_PH~CONSD_BO~TRF_PB~FB_PD~NEWSF,YR~23-Q2-07_CL~ASTRA_TA~ONC_DS~THEIR2+2L_MB~Neurexa_CU~HCP_CA~B_PH~CONSD_BO~TRF_PB~FB_CN~17721-9-115463_FF~New Pixel RTA LAL_Link Clicks,AN~EngagementRTALAL_TG~RT_DE~A25-65F_MA~ntl_RG~USA_PH~CONSD_BO~TRF_PB~FB_PD~NEWSF,1585,1642,11,0,0,0,0,0,0,7.76,0,0.0,70,0,0,0,0,59,BZS,HCP,2024-05-07
CM~Shortform New_CT~VID_VD~60s_PH~CONSD_BO~TRF_PB~FB_PD~NEWSF,YR~23-Q2-07_CL~ASTRA_TA~ONC_DS~THEIR2+2L_MB~Neurexa_CU~HCP_CA~B_PH~CONSD_BO~TRF_PB~FB_CN~17721-9-115463_FF~New Pixel RTA LAL_Link Clicks,AN~EngagementRTALAL_TG~RT_DE~A25-65F_MA~ntl_RG~USA_PH~CONSD_BO~TRF_PB~FB_PD~NEWSF,94,95,0,0,0,0,0,0,0,0.4,0,0.0,3,0,0,0,0,3,BZS,HCP,2024-05-07
CM~Shortform A New_CT~VID_VD~60s_PH~CONSD_BO~TRF_PB~FB_PD~NEWSF,YR~23-Q2-07_CL~ASTRA_TA~ONC_DS~THEIR2+2L_MB~Neurexa_CU~HCP_CA~B_PH~CONSD_BO~TRF_PB~FB_CN~17721-9-115463_FF~New Pixel RTA LAL_Link Clicks,AN~Pixel RTA LAL_TG~RT_DE~A25-65F_MA~ntl_RG~USA_PH~CONSD_BO~TRF_PB~FB_PD~NEWSF,1167,1391,9,0,0,0,0,0,0,7.6899999999999995,0,0.0,96,0,0,0,0,87,BZS,HCP,2024-05-07
CM~Shortform B New_CT~VID_VD~60s_PH~CONSD_BO~TRF_PB~FB_PD~NEWSF,YR~23-Q2-07_CL~ASTRA_TA~ONC_DS~THEIR2+2L_MB~Neurexa_CU~HCP_CA~B_PH~CONSD_BO~TRF_PB~FB_CN~17721-9-115463_FF~New Pixel RTA LAL_Link Clicks,AN~Pixel RTA LAL_TG~RT_DE~A25-65F_MA~ntl_RG~USA_PH~CONSD_BO~TRF_PB~FB_PD~NEWSF,11859,16274,104,0,0,0,0,0,0,88.06,0,0.0,1217,0,0,0,0,1113,BZS,HCP,2024-05-07
CM~Shortform New_CT~VID_VD~60s_PH~CONSD_BO~TRF_PB~FB_PD~NEWSF,YR~23-Q2-07_CL~ASTRA_TA~ONC_DS~THEIR2+2L_MB~Neurexa_CU~HCP_CA~B_PH~CONSD_BO~TRF_PB~FB_CN~17721-9-115463_FF~New Pixel RTA LAL_Link Clicks,AN~Pixel RTA LAL_TG~RT_DE~A25-65F_MA~ntl_RG~USA_PH~CONSD_BO~TRF_PB~FB_PD~NEWSF,1114,1339,5,0,0,0,0,0,0,6.4,0,0.0,101,0,0,0,0,96,BZS,HCP,2024-05-07
CM~Shortform A New_CT~VID_VD~60s_PH~CONSD_BO~TRF_PB~FB_PD~NEWSF,YR~23-Q2-07_CL~ASTRA_TA~ONC_DS~THEIR2+2L_MB~Neurexa_CU~HCP_CA~B_PH~CONSD_BO~TRF_PB~FB_CN~17721-9-115463_FF~New Pixel RTA LAL_Link Clicks,AN~VideoRTALAL_TG~RT_DE~A25-65F_MA~ntl_RG~USA_PH~CONSD_BO~TRF_PB~FB_PD~NEWSF,1017,1062,8,0,0,0,0,0,0,3.95,0,0.0,93,0,0,0,0,85,BZS,HCP,2024-05-07
CM~Shortform B New_CT~VID_VD~60s_PH~CONSD_BO~TRF_PB~FB_PD~NEWSF,YR~23-Q2-07_CL~ASTRA_TA~ONC_DS~THEIR2+2L_MB~Neurexa_CU~HCP_CA~B_PH~CONSD_BO~TRF_PB~FB_CN~17721-9-115463_FF~New Pixel RTA LAL_Link Clicks,AN~VideoRTALAL_TG~RT_DE~A25-65F_MA~ntl_RG~USA_PH~CONSD_BO~TRF_PB~FB_PD~NEWSF,3232,3402,14,0,0,0,0,0,0,12.25,0,0.0,261,0,0,0,0,247,BZS,HCP,2024-05-07
CM~Shortform New_CT~VID_VD~60s_PH~CONSD_BO~TRF_PB~FB_PD~NEWSF,YR~23-Q2-07_CL~ASTRA_TA~ONC_DS~THEIR2+2L_MB~Neurexa_CU~HCP_CA~B_PH~CONSD_BO~TRF_PB~FB_CN~17721-9-115463_FF~New Pixel RTA LAL_Link Clicks,AN~VideoRTALAL_TG~RT_DE~A25-65F_MA~ntl_RG~USA_PH~CONSD_BO~TRF_PB~FB_PD~NEWSF,189,200,1,0,0,0,0,0,0,0.91,0,0.0,21,0,0,0,0,20,BZS,HCP,2024-05-07
CM~Shortform A New_CT~VID_VD~60s_PH~CONSD_BO~TRF_PB~FB_PD~NEWSF,YR~23-Q2-07_CL~ASTRA_TA~ONC_DS~THEIR2+2L_MB~Neurexa_CU~HCP_CA~B_PH~CONSD_BO~TRF_PB~FB_CN~17721-9-115463_FF~New Pixel RTA_Link Clicks,AN~Engagement RTA_TG~RT_DE~A25-65F_MA~ntl_RG~USA_PH~CONSD_BO~TRF_PB~FB_PD~NEWSF,409,509,4,0,0,0,0,0,0,4.44,0,0.0,36,0,0,0,0,32,BZS,HCP,2024-05-07
CM~Shortform B New_CT~VID_VD~60s_PH~CONSD_BO~TRF_PB~FB_PD~NEWSF,YR~23-Q2-07_CL~ASTRA_TA~ONC_DS~THEIR2+2L_MB~Neurexa_CU~HCP_CA~B_PH~CONSD_BO~TRF_PB~FB_CN~17721-9-115463_FF~New Pixel RTA_Link Clicks,AN~Engagement RTA_TG~RT_DE~A25-65F_MA~ntl_RG~USA_PH~CONSD_BO~TRF_PB~FB_PD~NEWSF,1375,1880,8,0,0,0,0,0,0,12.92,0,0.0,120,0,0,0,0,112,BZS,HCP,2024-05-07
CM~Shortform New_CT~VID_VD~60s_PH~CONSD_BO~TRF_PB~FB_PD~NEWSF,YR~23-Q2-07_CL~ASTRA_TA~ONC_DS~THEIR2+2L_MB~Neurexa_CU~HCP_CA~B_PH~CONSD_BO~TRF_PB~FB_CN~17721-9-115463_FF~New Pixel RTA_Link Clicks,AN~Engagement RTA_TG~RT_DE~A25-65F_MA~ntl_RG~USA_PH~CONSD_BO~TRF_PB~FB_PD~NEWSF,519,693,3,0,0,0,0,0,0,5.78,0,0.0,28,0,0,0,0,25,BZS,HCP,2024-05-07
CM~Shortform A New_CT~VID_VD~60s_PH~CONSD_BO~TRF_PB~FB_PD~NEWSF,YR~23-Q2-07_CL~ASTRA_TA~ONC_DS~THEIR2+2L_MB~Neurexa_CU~HCP_CA~B_PH~CONSD_BO~TRF_PB~FB_CN~17721-9-115463_FF~New Pixel RTA_Link Clicks,AN~Pixel RTA_TG~RT_DE~A25-65F_MA~ntl_RG~USA_PH~CONSD_BO~TRF_PB~FB_PD~NEWSF,687,1135,10,0,0,0,0,0,0,11.07,0,0.0,136,0,0,0,0,126,BZS,HCP,2024-05-07
CM~Shortform B New_CT~VID_VD~60s_PH~CONSD_BO~TRF_PB~FB_PD~NEWSF,YR~23-Q2-07_CL~ASTRA_TA~ONC_DS~THEIR2+2L_MB~Neurexa_CU~HCP_CA~B_PH~CONSD_BO~TRF_PB~FB_CN~17721-9-115463_FF~New Pixel RTA_Link Clicks,AN~Pixel RTA_TG~RT_DE~A25-65F_MA~ntl_RG~USA_PH~CONSD_BO~TRF_PB~FB_PD~NEWSF,3206,6752,61,0,0,0,0,0,0,74.56,0,0.0,724,0,0,0,0,663,BZS,HCP,2024-05-07
CM~Shortform New_CT~VID_VD~60s_PH~CONSD_BO~TRF_PB~FB_PD~NEWSF,YR~23-Q2-07_CL~ASTRA_TA~ONC_DS~THEIR2+2L_MB~Neurexa_CU~HCP_CA~B_PH~CONSD_BO~TRF_PB~FB_CN~17721-9-115463_FF~New Pixel RTA_Link Clicks,AN~Pixel RTA_TG~RT_DE~A25-65F_MA~ntl_RG~USA_PH~CONSD_BO~TRF_PB~FB_PD~NEWSF,273,489,3,0,0,0,0,0,0,6.4,0,0.0,49,0,0,0,0,46,BZS,HCP,2024-05-07
CM~Shortform A New_CT~VID_VD~60s_PH~CONSD_BO~TRF_PB~FB_PD~NEWSF,YR~23-Q2-07_CL~ASTRA_TA~ONC_DS~THEIR2+2L_MB~Neurexa_CU~HCP_CA~B_PH~CONSD_BO~TRF_PB~FB_CN~17721-9-115463_FF~New Pixel RTA_Link Clicks,AN~Pixel Search RTA_TG~RT_DE~A25-65F_MA~ntl_RG~USA_PH~CONSD_BO~TRF_PB~FB_PD~NEWSF,41,43,0,0,0,0,0,0,0,0.25,0,0.0,0,0,0,0,0,0,BZS,HCP,2024-05-07
CM~Shortform A New_CT~VID_VD~60s_PH~CONSD_BO~TRF_PB~FB_PD~NEWSF,YR~23-Q2-07_CL~ASTRA_TA~ONC_DS~THEIR2+2L_MB~Neurexa_CU~HCP_CA~B_PH~CONSD_BO~TRF_PB~FB_CN~17721-9-115463_FF~New Pixel RTA_Link Clicks,AN~Video RTA_TG~RT_DE~A25-65F_MA~ntl_RG~USA_PH~CONSD_BO~TRF_PB~FB_PD~NEWSF,1527,1898,10,0,0,0,0,0,0,10.23,0,0.0,253,0,0,0,0,243,BZS,HCP,2024-05-07
CM~Shortform B New_CT~VID_VD~60s_PH~CONSD_BO~TRF_PB~FB_PD~NEWSF,YR~23-Q2-07_CL~ASTRA_TA~ONC_DS~THEIR2+2L_MB~Neurexa_CU~HCP_CA~B_PH~CONSD_BO~TRF_PB~FB_CN~17721-9-115463_FF~New Pixel RTA_Link Clicks,AN~Video RTA_TG~RT_DE~A25-65F_MA~ntl_RG~USA_PH~CONSD_BO~TRF_PB~FB_PD~NEWSF,4084,5506,32,0,0,0,0,0,0,28.39,0,0.0,664,0,0,0,0,632,BZS,HCP,2024-05-07
CM~Shortform New_CT~VID_VD~60s_PH~CONSD_BO~TRF_PB~FB_PD~NEWSF,YR~23-Q2-07_CL~ASTRA_TA~ONC_DS~THEIR2+2L_MB~Neurexa_CU~HCP_CA~B_PH~CONSD_BO~TRF_PB~FB_CN~17721-9-115463_FF~New Pixel RTA_Link Clicks,AN~Video RTA_TG~RT_DE~A25-65F_MA~ntl_RG~USA_PH~CONSD_BO~TRF_PB~FB_PD~NEWSF,1537,2166,9,0,0,0,0,0,0,12.35,0,0.0,262,0,0,0,0,253,BZS,HCP,2024-05-07
CM~Shortform A New_CT~VID_VD~60s_PH~CONSD_BO~TRF_PB~IG_PD~NEWSF,YR~23-Q2-07_CL~ASTRA_TA~ONC_DS~THEIR2+2L_MB~Neurexa_CU~HCP_CA~B_PH~CONSD_BO~TRF_PB~IG_CN~17721-9-115463_FF~New Pixel RTA & LAL_Link Clicks,AN~Engagement RTALAL_TG~RT_DE~A25-65F_MA~ntl_RG~USA_PH~CONSD_BO~TRF_PB~IG_PD~NEWSF,3451,4089,18,0,0,0,0,0,0,34.99,0,5.0,639,0,0,0,0,616,BZS,HCP,2024-05-07
CM~Shortform B New_CT~VID_VD~60s_PH~CONSD_BO~TRF_PB~IG_PD~NEWSF,YR~23-Q2-07_CL~ASTRA_TA~ONC_DS~THEIR2+2L_MB~Neurexa_CU~HCP_CA~B_PH~CONSD_BO~TRF_PB~IG_CN~17721-9-115463_FF~New Pixel RTA & LAL_Link Clicks,AN~Engagement RTALAL_TG~RT_DE~A25-65F_MA~ntl_RG~USA_PH~CONSD_BO~TRF_PB~IG_PD~NEWSF,3731,4473,22,0,0,0,0,0,0,42.14,0,3.0,722,0,0,0,0,695,BZS,HCP,2024-05-07
CM~Shortform A New_CT~VID_VD~60s_PH~CONSD_BO~TRF_PB~IG_PD~NEWSF,YR~23-Q2-07_CL~ASTRA_TA~ONC_DS~THEIR2+2L_MB~Neurexa_CU~HCP_CA~B_PH~CONSD_BO~TRF_PB~IG_CN~17721-9-115463_FF~New Pixel RTA & LAL_Link Clicks,AN~Pixel RTA LAL_TG~RT_DE~A25-65F_MA~ntl_RG~USA_PH~CONSD_BO~TRF_PB~IG_PD~NEWSF,76,77,0,0,0,0,0,0,0,0.54,0,0.0,5,0,0,0,0,5,BZS,HCP,2024-05-07
CM~Shortform B New_CT~VID_VD~60s_PH~CONSD_BO~TRF_PB~IG_PD~NEWSF,YR~23-Q2-07_CL~ASTRA_TA~ONC_DS~THEIR2+2L_MB~Neurexa_CU~HCP_CA~B_PH~CONSD_BO~TRF_PB~IG_CN~17721-9-115463_FF~New Pixel RTA & LAL_Link Clicks,AN~Pixel RTA LAL_TG~RT_DE~A25-65F_MA~ntl_RG~USA_PH~CONSD_BO~TRF_PB~IG_PD~NEWSF,382,459,5,0,0,0,0,0,0,3.51,0,2.0,34,0,0,0,0,27,BZS,HCP,2024-05-07
CM~Shortform New_CT~VID_VD~60s_PH~CONSD_BO~TRF_PB~IG_PD~NEWSF,YR~23-Q2-07_CL~ASTRA_TA~ONC_DS~THEIR2+2L_MB~Neurexa_CU~HCP_CA~B_PH~CONSD_BO~TRF_PB~IG_CN~17721-9-115463_FF~New Pixel RTA & LAL_Link Clicks,AN~Pixel RTA LAL_TG~RT_DE~A25-65F_MA~ntl_RG~USA_PH~CONSD_BO~TRF_PB~IG_PD~NEWSF,393,442,3,0,0,0,0,0,0,7.02,0,0.0,36,0,0,0,0,33,BZS,HCP,2024-05-07
CM~Shortform A New_CT~VID_VD~60s_PH~CONSD_BO~TRF_PB~IG_PD~NEWSF,YR~23-Q2-07_CL~ASTRA_TA~ONC_DS~THEIR2+2L_MB~Neurexa_CU~HCP_CA~B_PH~CONSD_BO~TRF_PB~IG_CN~17721-9-115463_FF~New Pixel RTA & LAL_Link Clicks,AN~Pixel RTA_TG~RT_DE~A25-65F_MA~ntl_RG~USA_PH~CONSD_BO~TRF_PB~IG_PD~NEWSF,85,96,1,0,0,0,0,0,0,3.58,0,0.0,16,0,0,0,0,15,BZS,HCP,2024-05-07
CM~Shortform B New_CT~VID_VD~60s_PH~CONSD_BO~TRF_PB~IG_PD~NEWSF,YR~23-Q2-07_CL~ASTRA_TA~ONC_DS~THEIR2+2L_MB~Neurexa_CU~HCP_CA~B_PH~CONSD_BO~TRF_PB~IG_CN~17721-9-115463_FF~New Pixel RTA & LAL_Link Clicks,AN~Pixel RTA_TG~RT_DE~A25-65F_MA~ntl_RG~USA_PH~CONSD_BO~TRF_PB~IG_PD~NEWSF,48,60,0,0,0,0,0,0,0,0.82,0,0.0,8,0,0,0,0,8,BZS,HCP,2024-05-07
CM~Shortform A New_CT~VID_VD~60s_PH~CONSD_BO~TRF_PB~IG_PD~NEWSF,YR~23-Q2-07_CL~ASTRA_TA~ONC_DS~THEIR2+2L_MB~Neurexa_CU~HCP_CA~B_PH~CONSD_BO~TRF_PB~IG_CN~17721-9-115463_FF~New Pixel RTA & LAL_Link Clicks,AN~Video RTALAL_TG~RT_DE~A25-65F_MA~ntl_RG~USA_PH~CONSD_BO~TRF_PB~IG_PD~NEWSF,137,143,2,0,0,0,0,0,0,1.47,0,0.0,43,0,0,0,0,40,BZS,HCP,2024-05-07
CM~Shortform B New_CT~VID_VD~60s_PH~CONSD_BO~TRF_PB~IG_PD~NEWSF,YR~23-Q2-07_CL~ASTRA_TA~ONC_DS~THEIR2+2L_MB~Neurexa_CU~HCP_CA~B_PH~CONSD_BO~TRF_PB~IG_CN~17721-9-115463_FF~New Pixel RTA & LAL_Link Clicks,AN~Video RTALAL_TG~RT_DE~A25-65F_MA~ntl_RG~USA_PH~CONSD_BO~TRF_PB~IG_PD~NEWSF,181,194,1,0,0,0,0,0,0,1.62,0,0.0,46,0,0,0,0,45,BZS,HCP,2024-05-07
CM~Shortform A New_CT~VID_VD~60s_PH~CONSD_BO~TRF_PB~FB_PD~NEWSF,YR~23-Q3-07_CL~ASTRA_TA~ONC_DS~THEIR2+2L_MB~Neurexa_CU~HCP_CA~B_PH~CONSD_BO~TRF_PB~FB_CN~17721-9-115463_FF~GeoTargeting,AN~GeoTargeting_TG~_DE~A25-65F_MA~ntl_RG~USA_PH~CONSD_BO~TRF_PB~FB_PD~NEWSF,1824,4309,29,0,0,0,0,0,0,44.09,0,0.0,375,0,0,0,0,346,BZS,HCP,2024-05-07
CM~Shortform B New_CT~VID_VD~60s_PH~CONSD_BO~TRF_PB~FB_PD~NEWSF,YR~23-Q3-07_CL~ASTRA_TA~ONC_DS~THEIR2+2L_MB~Neurexa_CU~HCP_CA~B_PH~CONSD_BO~TRF_PB~FB_CN~17721-9-115463_FF~GeoTargeting,AN~GeoTargeting_TG~_DE~A25-65F_MA~ntl_RG~USA_PH~CONSD_BO~TRF_PB~FB_PD~NEWSF,394,872,4,0,0,0,0,0,0,9.26,0,0.0,87,0,0,0,0,83,BZS,HCP,2024-05-07
CM~Shortform New_CT~VID_VD~60s_PH~CONSD_BO~TRF_PB~FB_PD~NEWSF,YR~23-Q3-07_CL~ASTRA_TA~ONC_DS~THEIR2+2L_MB~Neurexa_CU~HCP_CA~B_PH~CONSD_BO~TRF_PB~FB_CN~17721-9-115463_FF~GeoTargeting,AN~GeoTargeting_TG~_DE~A25-65F_MA~ntl_RG~USA_PH~CONSD_BO~TRF_PB~FB_PD~NEWSF,1023,1839,5,0,0,0,0,0,0,15.27,0,0.0,142,0,0,0,0,137,BZS,HCP,2024-05-07
CM~Shortform B New_CT~VID_VD~60s_PH~CONSD_BO~TRF_PB~IG_PD~NEWSF,YR~23-Q3-07_CL~ASTRA_TA~ONC_DS~THEIR2+2L_MB~Neurexa_CU~HCP_CA~B_PH~CONSD_BO~TRF_PB~IG_CN~17721-9-115463_FF~GeoTargeting,AN~GeoTargeting_TG~_DE~A25-65F_MA~ntl_RG~USA_PH~CONSD_BO~TRF_PB~IG_PD~NEWSF,1659,2146,2,0,0,0,0,0,0,31.64,0,2.0,229,0,0,0,0,225,BZS,HCP,2024-05-07
CM~Shortform A New_CT~VID_VD~60s_PH~CONSD_BO~TRF_PB~IG_PD~NEWSF,YR~23-Q3-07_CL~ASTRA_TA~ONC_DS~THEIR2+2L_MB~Neurexa_CU~HCP_CA~B_PH~CONSD_BO~TRF_PB~IG_CN~17721-9-115463_FF~GeoTargeting,AN~GeoTargeting_TG~_DE~A25-65F_MA~ntl_RG~USA_PH~CONSD_BO~TRF_PB~IG_PD~NEWSF,1328,1648,1,0,0,0,0,0,0,22.99,0,1.0,220,0,0,0,0,217,BZS,HCP,2024-05-07
CM~Shortform New_CT~VID_VD~60s_PH~CONSD_BO~TRF_PB~IG_PD~NEWSF,YR~23-Q3-07_CL~ASTRA_TA~ONC_DS~THEIR2+2L_MB~Neurexa_CU~HCP_CA~B_PH~CONSD_BO~TRF_PB~IG_CN~17721-9-115463_FF~GeoTargeting,AN~GeoTargeting_TG~_DE~A25-65F_MA~ntl_RG~USA_PH~CONSD_BO~TRF_PB~IG_PD~NEWSF,581,738,0,0,0,0,0,0,0,11.06,0,0.0,103,0,0,0,0,103,BZS,HCP,2024-05-07
CM~Shortform A New_CT~VID_VD~60s_PH~CONSD_BO~TRF_PB~FB_PD~NEWSF,YR~23-Q3-08_CL~ASTRA_TA~ONC_DS~THEIR2+2L_MB~Neurexa_CU~HCP_CA~B_PH~CONSD_BO~TRF_PB~FB_CN~17721-9-115463_FF~Proact HCPs,AN~ProactHCPs_TG~3P_DE~A25-65F_MA~ntl_RG~USA_PH~CONSD_BO~TRF_PB~FB_PD~NEWSF,235,520,0,0,0,0,0,0,0,12.59,0,0.0,38,0,0,0,0,38,BZS,HCP,2024-05-07
CM~Shortform B New_CT~VID_VD~60s_PH~CONSD_BO~TRF_PB~FB_PD~NEWSF,YR~23-Q3-08_CL~ASTRA_TA~ONC_DS~THEIR2+2L_MB~Neurexa_CU~HCP_CA~B_PH~CONSD_BO~TRF_PB~FB_CN~17721-9-115463_FF~Proact HCPs,AN~ProactHCPs_TG~3P_DE~A25-65F_MA~ntl_RG~USA_PH~CONSD_BO~TRF_PB~FB_PD~NEWSF,109,231,0,0,0,0,0,0,0,4.43,0,0.0,19,0,0,0,0,19,BZS,HCP,2024-05-07
CM~Shortform New_CT~VID_VD~60s_PH~CONSD_BO~TRF_PB~FB_PD~NEWSF,YR~23-Q3-08_CL~ASTRA_TA~ONC_DS~THEIR2+2L_MB~Neurexa_CU~HCP_CA~B_PH~CONSD_BO~TRF_PB~FB_CN~17721-9-115463_FF~Proact HCPs,AN~ProactHCPs_TG~3P_DE~A25-65F_MA~ntl_RG~USA_PH~CONSD_BO~TRF_PB~FB_PD~NEWSF,273,850,3,0,0,0,0,0,0,17.33,0,0.0,71,0,0,0,0,68,BZS,HCP,2024-05-07
CM~IX Ad_CT~VID_VD~60s_PH~CONSD_BO~TRF_PB~FB_PD~NEWSF,YR~23-Q3-09_CL~ASTRA_TA~ONC_DS~THEIR2+2L_MB~Neurexa_CU~HCP_CA~B_PH~CONSD_BO~TRF_PB~FB_CN~17721-9-115463_FF~Instant Experience,AN~GeoLocation_TG~3P_DE~A25-65F_MA~ntl_RG~USA_PH~CONSD_BO~TRF_PB~FB_PD~NEWSF,15107,40825,43,0,0,0,0,0,0,377.37,0,0.0,4842,0,0,522,0,4799,BZS,HCP,2024-05-07
CM~In Stream_CT~VID_VD~15s_PH~CONSD_BO~AWE_PB~FB_PD~MSSGR,YR~23-Q2-05_CL~ALLY_TA~ONC_DS~PAN_MB~Neurexa_CU~HCP_CA~B_PH~CONSD_BO~AWE_PB~FB_CN~17722-9-115918_FF~ Instream,CM~EngRTALAL_CT~VID_VD~15s_PH~CONSD_BO~AWE_PB~FB_PD~MSSGR,32960,35379,0,0,0,0,0,0,0,403.54,0,0.0,17841,0,0,0,0,17839,AST,HCP,2024-05-08
CM~In Stream_CT~VID_VD~15s_PH~CONSD_BO~AWE_PB~FB_PD~MSSGR,YR~23-Q2-05_CL~ALLY_TA~ONC_DS~PAN_MB~Neurexa_CU~HCP_CA~B_PH~CONSD_BO~AWE_PB~FB_CN~17722-9-115918_FF~ Instream,CM~EngRTA_CT~VID_VD~15s_PH~CONSD_BO~AWE_PB~FB_PD~MSSGR,309,309,0,0,0,0,0,0,0,3.74,0,0.0,148,0,0,0,0,148,AST,HCP,2024-05-08
CM~In Stream_CT~VID_VD~15s_PH~CONSD_BO~AWE_PB~FB_PD~MSSGR,YR~23-Q2-05_CL~ALLY_TA~ONC_DS~PAN_MB~Neurexa_CU~HCP_CA~B_PH~CONSD_BO~AWE_PB~FB_CN~17722-9-115918_FF~ Instream,CM~PixelRTALAL_CT~VID_VD~15s_PH~CONSD_BO~AWE_PB~FB_PD~MSSGR,11343,12245,0,0,0,0,0,0,0,143.13,0,0.0,6023,0,0,0,0,6023,AST,HCP,2024-05-08
CM~In Stream_CT~VID_VD~15s_PH~CONSD_BO~AWE_PB~FB_PD~MSSGR,YR~23-Q2-05_CL~ALLY_TA~ONC_DS~PAN_MB~Neurexa_CU~HCP_CA~B_PH~CONSD_BO~AWE_PB~FB_CN~17722-9-115918_FF~ Instream,CM~PixelRTA_CT~VID_VD~15s_PH~CONSD_BO~AWE_PB~FB_PD~MSSGR,187,187,0,0,0,0,0,0,0,2.23,0,0.0,86,0,0,0,0,86,AST,HCP,2024-05-08
CM~In Stream_CT~VID_VD~15s_PH~CONSD_BO~AWE_PB~FB_PD~MSSGR,YR~24-Q1-01_CL~ALLY_TA~ONC_DS~PAN_MB~Neurexa_CU~HCP_CA~B_PH~CONSD_BO~AWE_PB~FB_CN~17722-9-115918_FF~ Instream 3P,CM~SpecialtyLists_CT~VID_VD~15s_PH~CONSD_BO~AWE_PB~FB_PD~MSSGR 3P,320,320,0,0,0,0,0,0,0,5.9,0,0.0,154,0,0,0,0,154,AST,HCP,2024-05-08
CM~Shortform A New_CT~VID_VD~60s_PH~CONSD_BO~TRF_PB~FB_PD~NEWSF,YR~23-Q2-07-CL~ASTRA_TA~ONC_DS~THEIR2+2L_MB~Neurexa_CU~HCP_CA~B_PH~CONSD_BO~TRF_PB~FB_CN~17721-9-115463_FF~New Rx HCPs_Link Clicks,AN~HCPs_TG~3P_DE~A25-65F_MA~ntl_RG~USA_PH~CONSD_BO~TRF_PB~FB_PD~NEWSF,1830,3379,13,0,0,0,0,0,0,27.0,0,0.0,303,0,0,0,0,290,BZS,HCP,2024-05-08
CM~Shortform B New_CT~VID_VD~60s_PH~CONSD_BO~TRF_PB~FB_PD~NEWSF,YR~23-Q2-07-CL~ASTRA_TA~ONC_DS~THEIR2+2L_MB~Neurexa_CU~HCP_CA~B_PH~CONSD_BO~TRF_PB~FB_CN~17721-9-115463_FF~New Rx HCPs_Link Clicks,AN~HCPs_TG~3P_DE~A25-65F_MA~ntl_RG~USA_PH~CONSD_BO~TRF_PB~FB_PD~NEWSF,400,680,6,0,0,0,0,0,0,4.36,0,0.0,73,0,0,0,0,67,BZS,HCP,2024-05-08
CM~Shortform New_CT~VID_VD~60s_PH~CONSD_BO~TRF_PB~FB_PD~NEWSF,YR~23-Q2-07-CL~ASTRA_TA~ONC_DS~THEIR2+2L_MB~Neurexa_CU~HCP_CA~B_PH~CONSD_BO~TRF_PB~FB_CN~17721-9-115463_FF~New Rx HCPs_Link Clicks,AN~HCPs_TG~3P_DE~A25-65F_MA~ntl_RG~USA_PH~CONSD_BO~TRF_PB~FB_PD~NEWSF,468,623,2,0,0,0,0,0,0,4.09,0,0.0,54,0,0,0,0,52,BZS,HCP,2024-05-08
CM~Shortform A New_CT~VID_VD~60s_PH~CONSD_BO~TRF_PB~FB_PD~NEWSF,YR~23-Q2-07_CL~ASTRA_TA~ONC_DS~THEIR2+2L_MB~Neurexa_CU~HCP_CA~B_PH~CONSD_BO~TRF_PB~FB_CN~17721-9-115463_FF~New Pixel RTA LAL_Link Clicks,AN~EngagementRTALAL_TG~RT_DE~A25-65F_MA~ntl_RG~USA_PH~CONSD_BO~TRF_PB~FB_PD~NEWSF,584,616,3,0,0,0,0,0,0,2.7,0,0.0,37,0,0,0,0,34,BZS,HCP,2024-05-08
CM~Shortform B New_CT~VID_VD~60s_PH~CONSD_BO~TRF_PB~FB_PD~NEWSF,YR~23-Q2-07_CL~ASTRA_TA~ONC_DS~THEIR2+2L_MB~Neurexa_CU~HCP_CA~B_PH~CONSD_BO~TRF_PB~FB_CN~17721-9-115463_FF~New Pixel RTA LAL_Link Clicks,AN~EngagementRTALAL_TG~RT_DE~A25-65F_MA~ntl_RG~USA_PH~CONSD_BO~TRF_PB~FB_PD~NEWSF,2049,2168,20,0,0,0,0,0,0,8.04,0,0.0,109,0,0,0,0,89,BZS,HCP,2024-05-08
CM~Shortform New_CT~VID_VD~60s_PH~CONSD_BO~TRF_PB~FB_PD~NEWSF,YR~23-Q2-07_CL~ASTRA_TA~ONC_DS~THEIR2+2L_MB~Neurexa_CU~HCP_CA~B_PH~CONSD_BO~TRF_PB~FB_CN~17721-9-115463_FF~New Pixel RTA LAL_Link Clicks,AN~EngagementRTALAL_TG~RT_DE~A25-65F_MA~ntl_RG~USA_PH~CONSD_BO~TRF_PB~FB_PD~NEWSF,71,74,0,0,0,0,0,0,0,0.27,0,0.0,3,0,0,0,0,3,BZS,HCP,2024-05-08
CM~Shortform A New_CT~VID_VD~60s_PH~CONSD_BO~TRF_PB~FB_PD~NEWSF,YR~23-Q2-07_CL~ASTRA_TA~ONC_DS~THEIR2+2L_MB~Neurexa_CU~HCP_CA~B_PH~CONSD_BO~TRF_PB~FB_CN~17721-9-115463_FF~New Pixel RTA LAL_Link Clicks,AN~Pixel RTA LAL_TG~RT_DE~A25-65F_MA~ntl_RG~USA_PH~CONSD_BO~TRF_PB~FB_PD~NEWSF,1603,1819,19,0,0,0,0,0,0,8.85,0,0.0,163,0,0,0,0,144,BZS,HCP,2024-05-08
CM~Shortform B New_CT~VID_VD~60s_PH~CONSD_BO~TRF_PB~FB_PD~NEWSF,YR~23-Q2-07_CL~ASTRA_TA~ONC_DS~THEIR2+2L_MB~Neurexa_CU~HCP_CA~B_PH~CONSD_BO~TRF_PB~FB_CN~17721-9-115463_FF~New Pixel RTA LAL_Link Clicks,AN~Pixel RTA LAL_TG~RT_DE~A25-65F_MA~ntl_RG~USA_PH~CONSD_BO~TRF_PB~FB_PD~NEWSF,12224,16357,76,0,0,0,0,0,0,85.24,0,0.0,1103,0,0,0,0,1027,BZS,HCP,2024-05-08
CM~Shortform New_CT~VID_VD~60s_PH~CONSD_BO~TRF_PB~FB_PD~NEWSF,YR~23-Q2-07_CL~ASTRA_TA~ONC_DS~THEIR2+2L_MB~Neurexa_CU~HCP_CA~B_PH~CONSD_BO~TRF_PB~FB_CN~17721-9-115463_FF~New Pixel RTA LAL_Link Clicks,AN~Pixel RTA LAL_TG~RT_DE~A25-65F_MA~ntl_RG~USA_PH~CONSD_BO~TRF_PB~FB_PD~NEWSF,399,479,2,0,0,0,0,0,0,2.23,0,0.0,27,0,0,0,0,25,BZS,HCP,2024-05-08
CM~Shortform A New_CT~VID_VD~60s_PH~CONSD_BO~TRF_PB~FB_PD~NEWSF,YR~23-Q2-07_CL~ASTRA_TA~ONC_DS~THEIR2+2L_MB~Neurexa_CU~HCP_CA~B_PH~CONSD_BO~TRF_PB~FB_CN~17721-9-115463_FF~New Pixel RTA LAL_Link Clicks,AN~VideoRTALAL_TG~RT_DE~A25-65F_MA~ntl_RG~USA_PH~CONSD_BO~TRF_PB~FB_PD~NEWSF,2884,3066,18,0,0,0,0,0,0,11.54,0,0.0,301,0,0,0,0,283,BZS,HCP,2024-05-08
CM~Shortform B New_CT~VID_VD~60s_PH~CONSD_BO~TRF_PB~FB_PD~NEWSF,YR~23-Q2-07_CL~ASTRA_TA~ONC_DS~THEIR2+2L_MB~Neurexa_CU~HCP_CA~B_PH~CONSD_BO~TRF_PB~FB_CN~17721-9-115463_FF~New Pixel RTA LAL_Link Clicks,AN~VideoRTALAL_TG~RT_DE~A25-65F_MA~ntl_RG~USA_PH~CONSD_BO~TRF_PB~FB_PD~NEWSF,2649,2778,16,0,0,0,0,0,0,10.42,0,0.0,232,0,0,0,0,216,BZS,HCP,2024-05-08
CM~Shortform New_CT~VID_VD~60s_PH~CONSD_BO~TRF_PB~FB_PD~NEWSF,YR~23-Q2-07_CL~ASTRA_TA~ONC_DS~THEIR2+2L_MB~Neurexa_CU~HCP_CA~B_PH~CONSD_BO~TRF_PB~FB_CN~17721-9-115463_FF~New Pixel RTA LAL_Link Clicks,AN~VideoRTALAL_TG~RT_DE~A25-65F_MA~ntl_RG~USA_PH~CONSD_BO~TRF_PB~FB_PD~NEWSF,142,147,0,0,0,0,0,0,0,0.3,0,0.0,20,0,0,0,0,20,BZS,HCP,2024-05-08
CM~Shortform A New_CT~VID_VD~60s_PH~CONSD_BO~TRF_PB~FB_PD~NEWSF,YR~23-Q2-07_CL~ASTRA_TA~ONC_DS~THEIR2+2L_MB~Neurexa_CU~HCP_CA~B_PH~CONSD_BO~TRF_PB~FB_CN~17721-9-115463_FF~New Pixel RTA_Link Clicks,AN~Engagement RTA_TG~RT_DE~A25-65F_MA~ntl_RG~USA_PH~CONSD_BO~TRF_PB~FB_PD~NEWSF,415,523,6,0,0,0,0,0,0,3.69,0,0.0,35,0,0,0,0,29,BZS,HCP,2024-05-08
CM~Shortform B New_CT~VID_VD~60s_PH~CONSD_BO~TRF_PB~FB_PD~NEWSF,YR~23-Q2-07_CL~ASTRA_TA~ONC_DS~THEIR2+2L_MB~Neurexa_CU~HCP_CA~B_PH~CONSD_BO~TRF_PB~FB_CN~17721-9-115463_FF~New Pixel RTA_Link Clicks,AN~Engagement RTA_TG~RT_DE~A25-65F_MA~ntl_RG~USA_PH~CONSD_BO~TRF_PB~FB_PD~NEWSF,1218,1584,10,0,0,0,0,0,0,10.55,0,0.0,81,0,0,0,0,71,BZS,HCP,2024-05-08
CM~Shortform New_CT~VID_VD~60s_PH~CONSD_BO~TRF_PB~FB_PD~NEWSF,YR~23-Q2-07_CL~ASTRA_TA~ONC_DS~THEIR2+2L_MB~Neurexa_CU~HCP_CA~B_PH~CONSD_BO~TRF_PB~FB_CN~17721-9-115463_FF~New Pixel RTA_Link Clicks,AN~Engagement RTA_TG~RT_DE~A25-65F_MA~ntl_RG~USA_PH~CONSD_BO~TRF_PB~FB_PD~NEWSF,567,739,9,0,0,0,0,0,0,8.0,0,0.0,40,0,0,0,0,31,BZS,HCP,2024-05-08
CM~Shortform A New_CT~VID_VD~60s_PH~CONSD_BO~TRF_PB~FB_PD~NEWSF,YR~23-Q2-07_CL~ASTRA_TA~ONC_DS~THEIR2+2L_MB~Neurexa_CU~HCP_CA~B_PH~CONSD_BO~TRF_PB~FB_CN~17721-9-115463_FF~New Pixel RTA_Link Clicks,AN~Pixel RTA_TG~RT_DE~A25-65F_MA~ntl_RG~USA_PH~CONSD_BO~TRF_PB~FB_PD~NEWSF,753,1327,10,0,0,0,0,0,0,11.68,0,0.0,133,0,0,0,0,123,BZS,HCP,2024-05-08
CM~Shortform B New_CT~VID_VD~60s_PH~CONSD_BO~TRF_PB~FB_PD~NEWSF,YR~23-Q2-07_CL~ASTRA_TA~ONC_DS~THEIR2+2L_MB~Neurexa_CU~HCP_CA~B_PH~CONSD_BO~TRF_PB~FB_CN~17721-9-115463_FF~New Pixel RTA_Link Clicks,AN~Pixel RTA_TG~RT_DE~A25-65F_MA~ntl_RG~USA_PH~CONSD_BO~TRF_PB~FB_PD~NEWSF,3105,6801,83,0,0,0,0,0,0,83.85,0,0.0,688,0,0,0,0,605,BZS,HCP,2024-05-08
CM~Shortform New_CT~VID_VD~60s_PH~CONSD_BO~TRF_PB~FB_PD~NEWSF,YR~23-Q2-07_CL~ASTRA_TA~ONC_DS~THEIR2+2L_MB~Neurexa_CU~HCP_CA~B_PH~CONSD_BO~TRF_PB~FB_CN~17721-9-115463_FF~New Pixel RTA_Link Clicks,AN~Pixel RTA_TG~RT_DE~A25-65F_MA~ntl_RG~USA_PH~CONSD_BO~TRF_PB~FB_PD~NEWSF,144,259,8,0,0,0,0,0,0,7.24,0,0.0,34,0,0,0,0,26,BZS,HCP,2024-05-08
CM~Shortform A New_CT~VID_VD~60s_PH~CONSD_BO~TRF_PB~FB_PD~NEWSF,YR~23-Q2-07_CL~ASTRA_TA~ONC_DS~THEIR2+2L_MB~Neurexa_CU~HCP_CA~B_PH~CONSD_BO~TRF_PB~FB_CN~17721-9-115463_FF~New Pixel RTA_Link Clicks,AN~Pixel Search RTA_TG~RT_DE~A25-65F_MA~ntl_RG~USA_PH~CONSD_BO~TRF_PB~FB_PD~NEWSF,31,32,0,0,0,0,0,0,0,0.16,0,0.0,2,0,0,0,0,2,BZS,HCP,2024-05-08
CM~Shortform A New_CT~VID_VD~60s_PH~CONSD_BO~TRF_PB~FB_PD~NEWSF,YR~23-Q2-07_CL~ASTRA_TA~ONC_DS~THEIR2+2L_MB~Neurexa_CU~HCP_CA~B_PH~CONSD_BO~TRF_PB~FB_CN~17721-9-115463_FF~New Pixel RTA_Link Clicks,AN~Video RTA_TG~RT_DE~A25-65F_MA~ntl_RG~USA_PH~CONSD_BO~TRF_PB~FB_PD~NEWSF,1502,1863,10,0,0,0,0,0,0,9.62,0,0.0,237,0,0,0,0,227,BZS,HCP,2024-05-08
CM~Shortform B New_CT~VID_VD~60s_PH~CONSD_BO~TRF_PB~FB_PD~NEWSF,YR~23-Q2-07_CL~ASTRA_TA~ONC_DS~THEIR2+2L_MB~Neurexa_CU~HCP_CA~B_PH~CONSD_BO~TRF_PB~FB_CN~17721-9-115463_FF~New Pixel RTA_Link Clicks,AN~Video RTA_TG~RT_DE~A25-65F_MA~ntl_RG~USA_PH~CONSD_BO~TRF_PB~FB_PD~NEWSF,3386,4274,12,0,0,0,0,0,0,21.75,0,0.0,496,0,0,0,0,484,BZS,HCP,2024-05-08
CM~Shortform New_CT~VID_VD~60s_PH~CONSD_BO~TRF_PB~FB_PD~NEWSF,YR~23-Q2-07_CL~ASTRA_TA~ONC_DS~THEIR2+2L_MB~Neurexa_CU~HCP_CA~B_PH~CONSD_BO~TRF_PB~FB_CN~17721-9-115463_FF~New Pixel RTA_Link Clicks,AN~Video RTA_TG~RT_DE~A25-65F_MA~ntl_RG~USA_PH~CONSD_BO~TRF_PB~FB_PD~NEWSF,1281,1738,3,0,0,0,0,0,0,9.02,0,0.0,191,0,0,0,0,188,BZS,HCP,2024-05-08
CM~Shortform A New_CT~VID_VD~60s_PH~CONSD_BO~TRF_PB~IG_PD~NEWSF,YR~23-Q2-07_CL~ASTRA_TA~ONC_DS~THEIR2+2L_MB~Neurexa_CU~HCP_CA~B_PH~CONSD_BO~TRF_PB~IG_CN~17721-9-115463_FF~New Pixel RTA & LAL_Link Clicks,AN~Engagement RTALAL_TG~RT_DE~A25-65F_MA~ntl_RG~USA_PH~CONSD_BO~TRF_PB~IG_PD~NEWSF,3217,3804,20,0,0,0,0,0,0,34.1,0,7.0,567,0,0,0,0,540,BZS,HCP,2024-05-08
CM~Shortform B New_CT~VID_VD~60s_PH~CONSD_BO~TRF_PB~IG_PD~NEWSF,YR~23-Q2-07_CL~ASTRA_TA~ONC_DS~THEIR2+2L_MB~Neurexa_CU~HCP_CA~B_PH~CONSD_BO~TRF_PB~IG_CN~17721-9-115463_FF~New Pixel RTA & LAL_Link Clicks,AN~Engagement RTALAL_TG~RT_DE~A25-65F_MA~ntl_RG~USA_PH~CONSD_BO~TRF_PB~IG_PD~NEWSF,4162,4947,22,0,0,0,0,0,0,45.7,0,14.0,840,0,0,0,0,803,BZS,HCP,2024-05-08
CM~Shortform B New_CT~VID_VD~60s_PH~CONSD_BO~TRF_PB~IG_PD~NEWSF,YR~23-Q2-07_CL~ASTRA_TA~ONC_DS~THEIR2+2L_MB~Neurexa_CU~HCP_CA~B_PH~CONSD_BO~TRF_PB~IG_CN~17721-9-115463_FF~New Pixel RTA & LAL_Link Clicks,AN~Engagement RTA_TG~RT_DE~A25-65F_MA~ntl_RG~USA_PH~CONSD_BO~TRF_PB~IG_PD~NEWSF,1,1,0,0,0,0,0,0,0,0.0,0,0.0,0,0,0,0,0,0,BZS,HCP,2024-05-08
CM~Shortform A New_CT~VID_VD~60s_PH~CONSD_BO~TRF_PB~IG_PD~NEWSF,YR~23-Q2-07_CL~ASTRA_TA~ONC_DS~THEIR2+2L_MB~Neurexa_CU~HCP_CA~B_PH~CONSD_BO~TRF_PB~IG_CN~17721-9-115463_FF~New Pixel RTA & LAL_Link Clicks,AN~Pixel RTA LAL_TG~RT_DE~A25-65F_MA~ntl_RG~USA_PH~CONSD_BO~TRF_PB~IG_PD~NEWSF,54,63,0,0,0,0,0,0,0,0.45,0,1.0,4,0,0,0,0,3,BZS,HCP,2024-05-08
CM~Shortform B New_CT~VID_VD~60s_PH~CONSD_BO~TRF_PB~IG_PD~NEWSF,YR~23-Q2-07_CL~ASTRA_TA~ONC_DS~THEIR2+2L_MB~Neurexa_CU~HCP_CA~B_PH~CONSD_BO~TRF_PB~IG_CN~17721-9-115463_FF~New Pixel RTA & LAL_Link Clicks,AN~Pixel RTA LAL_TG~RT_DE~A25-65F_MA~ntl_RG~USA_PH~CONSD_BO~TRF_PB~IG_PD~NEWSF,414,488,0,0,0,0,0,0,0,3.17,0,1.0,32,0,0,0,0,31,BZS,HCP,2024-05-08
CM~Shortform New_CT~VID_VD~60s_PH~CONSD_BO~TRF_PB~IG_PD~NEWSF,YR~23-Q2-07_CL~ASTRA_TA~ONC_DS~THEIR2+2L_MB~Neurexa_CU~HCP_CA~B_PH~CONSD_BO~TRF_PB~IG_CN~17721-9-115463_FF~New Pixel RTA & LAL_Link Clicks,AN~Pixel RTA LAL_TG~RT_DE~A25-65F_MA~ntl_RG~USA_PH~CONSD_BO~TRF_PB~IG_PD~NEWSF,367,423,3,0,0,0,0,0,0,3.93,0,0.0,25,0,0,0,0,22,BZS,HCP,2024-05-08
CM~Shortform A New_CT~VID_VD~60s_PH~CONSD_BO~TRF_PB~IG_PD~NEWSF,YR~23-Q2-07_CL~ASTRA_TA~ONC_DS~THEIR2+2L_MB~Neurexa_CU~HCP_CA~B_PH~CONSD_BO~TRF_PB~IG_CN~17721-9-115463_FF~New Pixel RTA & LAL_Link Clicks,AN~Pixel RTA_TG~RT_DE~A25-65F_MA~ntl_RG~USA_PH~CONSD_BO~TRF_PB~IG_PD~NEWSF,75,84,1,0,0,0,0,0,0,2.49,0,0.0,9,0,0,0,0,8,BZS,HCP,2024-05-08
CM~Shortform B New_CT~VID_VD~60s_PH~CONSD_BO~TRF_PB~IG_PD~NEWSF,YR~23-Q2-07_CL~ASTRA_TA~ONC_DS~THEIR2+2L_MB~Neurexa_CU~HCP_CA~B_PH~CONSD_BO~TRF_PB~IG_CN~17721-9-115463_FF~New Pixel RTA & LAL_Link Clicks,AN~Pixel RTA_TG~RT_DE~A25-65F_MA~ntl_RG~USA_PH~CONSD_BO~TRF_PB~IG_PD~NEWSF,69,93,2,0,0,0,0,0,0,3.18,0,0.0,13,0,0,0,0,11,BZS,HCP,2024-05-08
CM~Shortform A New_CT~VID_VD~60s_PH~CONSD_BO~TRF_PB~IG_PD~NEWSF,YR~23-Q2-07_CL~ASTRA_TA~ONC_DS~THEIR2+2L_MB~Neurexa_CU~HCP_CA~B_PH~CONSD_BO~TRF_PB~IG_CN~17721-9-115463_FF~New Pixel RTA & LAL_Link Clicks,AN~Video RTALAL_TG~RT_DE~A25-65F_MA~ntl_RG~USA_PH~CONSD_BO~TRF_PB~IG_PD~NEWSF,132,137,0,0,0,0,0,0,0,1.3,0,1.0,36,0,0,0,0,35,BZS,HCP,2024-05-08
CM~Shortform B New_CT~VID_VD~60s_PH~CONSD_BO~TRF_PB~IG_PD~NEWSF,YR~23-Q2-07_CL~ASTRA_TA~ONC_DS~THEIR2+2L_MB~Neurexa_CU~HCP_CA~B_PH~CONSD_BO~TRF_PB~IG_CN~17721-9-115463_FF~New Pixel RTA & LAL_Link Clicks,AN~Video RTALAL_TG~RT_DE~A25-65F_MA~ntl_RG~USA_PH~CONSD_BO~TRF_PB~IG_PD~NEWSF,212,229,1,0,0,0,0,0,0,2.06,0,0.0,51,0,0,0,0,50,BZS,HCP,2024-05-08
CM~Shortform A New_CT~VID_VD~60s_PH~CONSD_BO~TRF_PB~FB_PD~NEWSF,YR~23-Q3-07_CL~ASTRA_TA~ONC_DS~THEIR2+2L_MB~Neurexa_CU~HCP_CA~B_PH~CONSD_BO~TRF_PB~FB_CN~17721-9-115463_FF~GeoTargeting,AN~GeoTargeting_TG~_DE~A25-65F_MA~ntl_RG~USA_PH~CONSD_BO~TRF_PB~FB_PD~NEWSF,2062,5087,21,0,0,0,0,0,0,49.92,0,0.0,443,0,0,0,0,422,BZS,HCP,2024-05-08
CM~Shortform B New_CT~VID_VD~60s_PH~CONSD_BO~TRF_PB~FB_PD~NEWSF,YR~23-Q3-07_CL~ASTRA_TA~ONC_DS~THEIR2+2L_MB~Neurexa_CU~HCP_CA~B_PH~CONSD_BO~TRF_PB~FB_CN~17721-9-115463_FF~GeoTargeting,AN~GeoTargeting_TG~_DE~A25-65F_MA~ntl_RG~USA_PH~CONSD_BO~TRF_PB~FB_PD~NEWSF,475,1045,8,0,0,0,0,0,0,10.3,0,0.0,96,0,0,0,0,88,BZS,HCP,2024-05-08
CM~Shortform New_CT~VID_VD~60s_PH~CONSD_BO~TRF_PB~FB_PD~NEWSF,YR~23-Q3-07_CL~ASTRA_TA~ONC_DS~THEIR2+2L_MB~Neurexa_CU~HCP_CA~B_PH~CONSD_BO~TRF_PB~FB_CN~17721-9-115463_FF~GeoTargeting,AN~GeoTargeting_TG~_DE~A25-65F_MA~ntl_RG~USA_PH~CONSD_BO~TRF_PB~FB_PD~NEWSF,606,976,3,0,0,0,0,0,0,8.64,0,0.0,70,0,0,0,0,67,BZS,HCP,2024-05-08
CM~Shortform B New_CT~VID_VD~60s_PH~CONSD_BO~TRF_PB~IG_PD~NEWSF,YR~23-Q3-07_CL~ASTRA_TA~ONC_DS~THEIR2+2L_MB~Neurexa_CU~HCP_CA~B_PH~CONSD_BO~TRF_PB~IG_CN~17721-9-115463_FF~GeoTargeting,AN~GeoTargeting_TG~_DE~A25-65F_MA~ntl_RG~USA_PH~CONSD_BO~TRF_PB~IG_PD~NEWSF,1504,1900,1,0,0,0,0,0,0,29.45,0,1.0,243,0,0,0,0,241,BZS,HCP,2024-05-08
CM~Shortform A New_CT~VID_VD~60s_PH~CONSD_BO~TRF_PB~IG_PD~NEWSF,YR~23-Q3-07_CL~ASTRA_TA~ONC_DS~THEIR2+2L_MB~Neurexa_CU~HCP_CA~B_PH~CONSD_BO~TRF_PB~IG_CN~17721-9-115463_FF~GeoTargeting,AN~GeoTargeting_TG~_DE~A25-65F_MA~ntl_RG~USA_PH~CONSD_BO~TRF_PB~IG_PD~NEWSF,1199,1499,2,0,0,0,0,0,0,23.21,0,0.0,174,0,0,0,0,172,BZS,HCP,2024-05-08
CM~Shortform New_CT~VID_VD~60s_PH~CONSD_BO~TRF_PB~IG_PD~NEWSF,YR~23-Q3-07_CL~ASTRA_TA~ONC_DS~THEIR2+2L_MB~Neurexa_CU~HCP_CA~B_PH~CONSD_BO~TRF_PB~IG_CN~17721-9-115463_FF~GeoTargeting,AN~GeoTargeting_TG~_DE~A25-65F_MA~ntl_RG~USA_PH~CONSD_BO~TRF_PB~IG_PD~NEWSF,657,841,1,0,0,0,0,0,0,13.33,0,0.0,105,0,0,0,0,103,BZS,HCP,2024-05-08
CM~Shortform A New_CT~VID_VD~60s_PH~CONSD_BO~TRF_PB~FB_PD~NEWSF,YR~23-Q3-08_CL~ASTRA_TA~ONC_DS~THEIR2+2L_MB~Neurexa_CU~HCP_CA~B_PH~CONSD_BO~TRF_PB~FB_CN~17721-9-115463_FF~Proact HCPs,AN~ProactHCPs_TG~3P_DE~A25-65F_MA~ntl_RG~USA_PH~CONSD_BO~TRF_PB~FB_PD~NEWSF,271,745,1,0,0,0,0,0,0,16.88,0,0.0,53,0,0,0,0,52,BZS,HCP,2024-05-08
CM~Shortform B New_CT~VID_VD~60s_PH~CONSD_BO~TRF_PB~FB_PD~NEWSF,YR~23-Q3-08_CL~ASTRA_TA~ONC_DS~THEIR2+2L_MB~Neurexa_CU~HCP_CA~B_PH~CONSD_BO~TRF_PB~FB_CN~17721-9-115463_FF~Proact HCPs,AN~ProactHCPs_TG~3P_DE~A25-65F_MA~ntl_RG~USA_PH~CONSD_BO~TRF_PB~FB_PD~NEWSF,143,374,0,0,0,0,0,0,0,6.36,0,0.0,36,0,0,0,0,36,BZS,HCP,2024-05-08
CM~Shortform New_CT~VID_VD~60s_PH~CONSD_BO~TRF_PB~FB_PD~NEWSF,YR~23-Q3-08_CL~ASTRA_TA~ONC_DS~THEIR2+2L_MB~Neurexa_CU~HCP_CA~B_PH~CONSD_BO~TRF_PB~FB_CN~17721-9-115463_FF~Proact HCPs,AN~ProactHCPs_TG~3P_DE~A25-65F_MA~ntl_RG~USA_PH~CONSD_BO~TRF_PB~FB_PD~NEWSF,193,474,1,0,0,0,0,0,0,10.18,0,0.0,32,0,0,0,0,31,BZS,HCP,2024-05-08
CM~IX Ad_CT~VID_VD~60s_PH~CONSD_BO~TRF_PB~FB_PD~NEWSF,YR~23-Q3-09_CL~ASTRA_TA~ONC_DS~THEIR2+2L_MB~Neurexa_CU~HCP_CA~B_PH~CONSD_BO~TRF_PB~FB_CN~17721-9-115463_FF~Instant Experience,AN~GeoLocation_TG~3P_DE~A25-65F_MA~ntl_RG~USA_PH~CONSD_BO~TRF_PB~FB_PD~NEWSF,14608,39405,62,0,0,0,0,0,0,368.56,0,0.0,4732,0,0,121,0,4670,BZS,HCP,2024-05-08
CM~In Stream_CT~VID_VD~15s_PH~CONSD_BO~AWE_PB~FB_PD~MSSGR,YR~23-Q2-05_CL~ALLY_TA~ONC_DS~PAN_MB~Neurexa_CU~HCP_CA~B_PH~CONSD_BO~AWE_PB~FB_CN~17722-9-115918_FF~ Instream,CM~EngRTALAL_CT~VID_VD~15s_PH~CONSD_BO~AWE_PB~FB_PD~MSSGR,30348,33018,2,0,0,0,0,0,0,405.26,0,0.0,16057,0,0,0,0,16051,AST,HCP,2024-05-09
CM~In Stream_CT~VID_VD~15s_PH~CONSD_BO~AWE_PB~FB_PD~MSSGR,YR~23-Q2-05_CL~ALLY_TA~ONC_DS~PAN_MB~Neurexa_CU~HCP_CA~B_PH~CONSD_BO~AWE_PB~FB_CN~17722-9-115918_FF~ Instream,CM~EngRTA_CT~VID_VD~15s_PH~CONSD_BO~AWE_PB~FB_PD~MSSGR,309,309,0,0,0,0,0,0,0,3.82,0,0.0,144,0,0,0,0,143,AST,HCP,2024-05-09
CM~In Stream_CT~VID_VD~15s_PH~CONSD_BO~AWE_PB~FB_PD~MSSGR,YR~23-Q2-05_CL~ALLY_TA~ONC_DS~PAN_MB~Neurexa_CU~HCP_CA~B_PH~CONSD_BO~AWE_PB~FB_CN~17722-9-115918_FF~ Instream,CM~PixelRTALAL_CT~VID_VD~15s_PH~CONSD_BO~AWE_PB~FB_PD~MSSGR,10387,11230,0,0,0,0,0,0,0,144.6,0,0.0,4972,0,0,0,0,4972,AST,HCP,2024-05-09
CM~In Stream_CT~VID_VD~15s_PH~CONSD_BO~AWE_PB~FB_PD~MSSGR,YR~23-Q2-05_CL~ALLY_TA~ONC_DS~PAN_MB~Neurexa_CU~HCP_CA~B_PH~CONSD_BO~AWE_PB~FB_CN~17722-9-115918_FF~ Instream,CM~PixelRTA_CT~VID_VD~15s_PH~CONSD_BO~AWE_PB~FB_PD~MSSGR,129,129,0,0,0,0,0,0,0,1.62,0,0.0,63,0,0,0,0,63,AST,HCP,2024-05-09
CM~In Stream_CT~VID_VD~15s_PH~CONSD_BO~AWE_PB~FB_PD~MSSGR,YR~24-Q1-01_CL~ALLY_TA~ONC_DS~PAN_MB~Neurexa_CU~HCP_CA~B_PH~CONSD_BO~AWE_PB~FB_CN~17722-9-115918_FF~ Instream 3P,CM~SpecialtyLists_CT~VID_VD~15s_PH~CONSD_BO~AWE_PB~FB_PD~MSSGR 3P,328,329,0,0,0,0,0,0,0,6.95,0,0.0,150,0,0,0,0,150,AST,HCP,2024-05-09
CM~Shortform A New_CT~VID_VD~60s_PH~CONSD_BO~TRF_PB~FB_PD~NEWSF,YR~23-Q2-07-CL~ASTRA_TA~ONC_DS~THEIR2+2L_MB~Neurexa_CU~HCP_CA~B_PH~CONSD_BO~TRF_PB~FB_CN~17721-9-115463_FF~New Rx HCPs_Link Clicks,AN~HCPs_TG~3P_DE~A25-65F_MA~ntl_RG~USA_PH~CONSD_BO~TRF_PB~FB_PD~NEWSF,1296,2214,3,0,0,0,0,0,0,17.19,0,0.0,177,0,0,0,0,174,BZS,HCP,2024-05-09
CM~Shortform B New_CT~VID_VD~60s_PH~CONSD_BO~TRF_PB~FB_PD~NEWSF,YR~23-Q2-07-CL~ASTRA_TA~ONC_DS~THEIR2+2L_MB~Neurexa_CU~HCP_CA~B_PH~CONSD_BO~TRF_PB~FB_CN~17721-9-115463_FF~New Rx HCPs_Link Clicks,AN~HCPs_TG~3P_DE~A25-65F_MA~ntl_RG~USA_PH~CONSD_BO~TRF_PB~FB_PD~NEWSF,796,1520,5,0,0,0,0,0,0,12.25,0,0.0,125,0,0,0,0,120,BZS,HCP,2024-05-09
CM~Shortform New_CT~VID_VD~60s_PH~CONSD_BO~TRF_PB~FB_PD~NEWSF,YR~23-Q2-07-CL~ASTRA_TA~ONC_DS~THEIR2+2L_MB~Neurexa_CU~HCP_CA~B_PH~CONSD_BO~TRF_PB~FB_CN~17721-9-115463_FF~New Rx HCPs_Link Clicks,AN~HCPs_TG~3P_DE~A25-65F_MA~ntl_RG~USA_PH~CONSD_BO~TRF_PB~FB_PD~NEWSF,508,690,1,0,0,0,0,0,0,3.76,0,0.0,42,0,0,0,0,41,BZS,HCP,2024-05-09
CM~Shortform A New_CT~VID_VD~60s_PH~CONSD_BO~TRF_PB~FB_PD~NEWSF,YR~23-Q2-07_CL~ASTRA_TA~ONC_DS~THEIR2+2L_MB~Neurexa_CU~HCP_CA~B_PH~CONSD_BO~TRF_PB~FB_CN~17721-9-115463_FF~New Pixel RTA LAL_Link Clicks,AN~EngagementRTALAL_TG~RT_DE~A25-65F_MA~ntl_RG~USA_PH~CONSD_BO~TRF_PB~FB_PD~NEWSF,1014,1063,5,0,0,0,0,0,0,4.82,0,0.0,51,0,0,0,0,46,BZS,HCP,2024-05-09
CM~Shortform B New_CT~VID_VD~60s_PH~CONSD_BO~TRF_PB~FB_PD~NEWSF,YR~23-Q2-07_CL~ASTRA_TA~ONC_DS~THEIR2+2L_MB~Neurexa_CU~HCP_CA~B_PH~CONSD_BO~TRF_PB~FB_CN~17721-9-115463_FF~New Pixel RTA LAL_Link Clicks,AN~EngagementRTALAL_TG~RT_DE~A25-65F_MA~ntl_RG~USA_PH~CONSD_BO~TRF_PB~FB_PD~NEWSF,1432,1505,7,0,0,0,0,0,0,6.85,0,0.0,53,0,0,0,0,46,BZS,HCP,2024-05-09
CM~Shortform New_CT~VID_VD~60s_PH~CONSD_BO~TRF_PB~FB_PD~NEWSF,YR~23-Q2-07_CL~ASTRA_TA~ONC_DS~THEIR2+2L_MB~Neurexa_CU~HCP_CA~B_PH~CONSD_BO~TRF_PB~FB_CN~17721-9-115463_FF~New Pixel RTA LAL_Link Clicks,AN~EngagementRTALAL_TG~RT_DE~A25-65F_MA~ntl_RG~USA_PH~CONSD_BO~TRF_PB~FB_PD~NEWSF,46,48,0,0,0,0,0,0,0,0.23,0,0.0,1,0,0,0,0,1,BZS,HCP,2024-05-09
CM~Shortform A New_CT~VID_VD~60s_PH~CONSD_BO~TRF_PB~FB_PD~NEWSF,YR~23-Q2-07_CL~ASTRA_TA~ONC_DS~THEIR2+2L_MB~Neurexa_CU~HCP_CA~B_PH~CONSD_BO~TRF_PB~FB_CN~17721-9-115463_FF~New Pixel RTA LAL_Link Clicks,AN~Pixel RTA LAL_TG~RT_DE~A25-65F_MA~ntl_RG~USA_PH~CONSD_BO~TRF_PB~FB_PD~NEWSF,4815,5738,36,0,0,0,0,0,0,29.97,0,0.0,422,0,0,0,0,386,BZS,HCP,2024-05-09
CM~Shortform B New_CT~VID_VD~60s_PH~CONSD_BO~TRF_PB~FB_PD~NEWSF,YR~23-Q2-07_CL~ASTRA_TA~ONC_DS~THEIR2+2L_MB~Neurexa_CU~HCP_CA~B_PH~CONSD_BO~TRF_PB~FB_CN~17721-9-115463_FF~New Pixel RTA LAL_Link Clicks,AN~Pixel RTA LAL_TG~RT_DE~A25-65F_MA~ntl_RG~USA_PH~CONSD_BO~TRF_PB~FB_PD~NEWSF,9113,11345,72,0,0,0,0,0,0,62.76,0,0.0,812,0,0,0,0,740,BZS,HCP,2024-05-09
CM~Shortform New_CT~VID_VD~60s_PH~CONSD_BO~TRF_PB~FB_PD~NEWSF,YR~23-Q2-07_CL~ASTRA_TA~ONC_DS~THEIR2+2L_MB~Neurexa_CU~HCP_CA~B_PH~CONSD_BO~TRF_PB~FB_CN~17721-9-115463_FF~New Pixel RTA LAL_Link Clicks,AN~Pixel RTA LAL_TG~RT_DE~A25-65F_MA~ntl_RG~USA_PH~CONSD_BO~TRF_PB~FB_PD~NEWSF,514,594,5,0,0,0,0,0,0,3.04,0,0.0,46,0,0,0,0,41,BZS,HCP,2024-05-09
CM~Shortform B New_CT~VID_VD~60s_PH~CONSD_BO~TRF_PB~FB_PD~NEWSF,YR~23-Q2-07_CL~ASTRA_TA~ONC_DS~THEIR2+2L_MB~Neurexa_CU~HCP_CA~B_PH~CONSD_BO~TRF_PB~FB_CN~17721-9-115463_FF~New Pixel RTA LAL_Link Clicks,AN~VideoRTALAL_TG~RT_DE~A25-65F_MA~ntl_RG~USA_PH~CONSD_BO~TRF_PB~FB_PD~NEWSF,2499,2608,15,0,0,0,0,0,0,10.13,0,0.0,207,0,0,0,0,192,BZS,HCP,2024-05-09
CM~Shortform A New_CT~VID_VD~60s_PH~CONSD_BO~TRF_PB~FB_PD~NEWSF,YR~23-Q2-07_CL~ASTRA_TA~ONC_DS~THEIR2+2L_MB~Neurexa_CU~HCP_CA~B_PH~CONSD_BO~TRF_PB~FB_CN~17721-9-115463_FF~New Pixel RTA LAL_Link Clicks,AN~VideoRTALAL_TG~RT_DE~A25-65F_MA~ntl_RG~USA_PH~CONSD_BO~TRF_PB~FB_PD~NEWSF,3329,3522,17,0,0,0,0,0,0,13.26,0,0.0,353,0,0,0,0,336,BZS,HCP,2024-05-09
CM~Shortform New_CT~VID_VD~60s_PH~CONSD_BO~TRF_PB~FB_PD~NEWSF,YR~23-Q2-07_CL~ASTRA_TA~ONC_DS~THEIR2+2L_MB~Neurexa_CU~HCP_CA~B_PH~CONSD_BO~TRF_PB~FB_CN~17721-9-115463_FF~New Pixel RTA LAL_Link Clicks,AN~VideoRTALAL_TG~RT_DE~A25-65F_MA~ntl_RG~USA_PH~CONSD_BO~TRF_PB~FB_PD~NEWSF,409,418,2,0,0,0,0,0,0,1.63,0,0.0,42,0,0,0,0,40,BZS,HCP,2024-05-09
CM~Shortform A New_CT~VID_VD~60s_PH~CONSD_BO~TRF_PB~FB_PD~NEWSF,YR~23-Q2-07_CL~ASTRA_TA~ONC_DS~THEIR2+2L_MB~Neurexa_CU~HCP_CA~B_PH~CONSD_BO~TRF_PB~FB_CN~17721-9-115463_FF~New Pixel RTA_Link Clicks,AN~Engagement RTA_TG~RT_DE~A25-65F_MA~ntl_RG~USA_PH~CONSD_BO~TRF_PB~FB_PD~NEWSF,741,898,7,0,0,0,0,0,0,7.12,0,0.0,69,0,0,0,0,62,BZS,HCP,2024-05-09
CM~Shortform B New_CT~VID_VD~60s_PH~CONSD_BO~TRF_PB~FB_PD~NEWSF,YR~23-Q2-07_CL~ASTRA_TA~ONC_DS~THEIR2+2L_MB~Neurexa_CU~HCP_CA~B_PH~CONSD_BO~TRF_PB~FB_CN~17721-9-115463_FF~New Pixel RTA_Link Clicks,AN~Engagement RTA_TG~RT_DE~A25-65F_MA~ntl_RG~USA_PH~CONSD_BO~TRF_PB~FB_PD~NEWSF,1000,1292,7,0,0,0,0,0,0,9.39,0,0.0,74,0,0,0,0,67,BZS,HCP,2024-05-09
CM~Shortform New_CT~VID_VD~60s_PH~CONSD_BO~TRF_PB~FB_PD~NEWSF,YR~23-Q2-07_CL~ASTRA_TA~ONC_DS~THEIR2+2L_MB~Neurexa_CU~HCP_CA~B_PH~CONSD_BO~TRF_PB~FB_CN~17721-9-115463_FF~New Pixel RTA_Link Clicks,AN~Engagement RTA_TG~RT_DE~A25-65F_MA~ntl_RG~USA_PH~CONSD_BO~TRF_PB~FB_PD~NEWSF,573,713,8,0,0,0,0,0,0,8.72,0,0.0,44,0,0,0,0,36,BZS,HCP,2024-05-09
CM~Shortform A New_CT~VID_VD~60s_PH~CONSD_BO~TRF_PB~FB_PD~NEWSF,YR~23-Q2-07_CL~ASTRA_TA~ONC_DS~THEIR2+2L_MB~Neurexa_CU~HCP_CA~B_PH~CONSD_BO~TRF_PB~FB_CN~17721-9-115463_FF~New Pixel RTA_Link Clicks,AN~Pixel RTA_TG~RT_DE~A25-65F_MA~ntl_RG~USA_PH~CONSD_BO~TRF_PB~FB_PD~NEWSF,1483,2845,18,0,0,0,0,0,0,29.21,0,0.0,273,0,0,0,0,255,BZS,HCP,2024-05-09
CM~Shortform B New_CT~VID_VD~60s_PH~CONSD_BO~TRF_PB~FB_PD~NEWSF,YR~23-Q2-07_CL~ASTRA_TA~ONC_DS~THEIR2+2L_MB~Neurexa_CU~HCP_CA~B_PH~CONSD_BO~TRF_PB~FB_CN~17721-9-115463_FF~New Pixel RTA_Link Clicks,AN~Pixel RTA_TG~RT_DE~A25-65F_MA~ntl_RG~USA_PH~CONSD_BO~TRF_PB~FB_PD~NEWSF,2664,5320,36,0,0,0,0,0,0,61.91,0,0.0,523,0,0,0,0,487,BZS,HCP,2024-05-09
CM~Shortform New_CT~VID_VD~60s_PH~CONSD_BO~TRF_PB~FB_PD~NEWSF,YR~23-Q2-07_CL~ASTRA_TA~ONC_DS~THEIR2+2L_MB~Neurexa_CU~HCP_CA~B_PH~CONSD_BO~TRF_PB~FB_CN~17721-9-115463_FF~New Pixel RTA_Link Clicks,AN~Pixel RTA_TG~RT_DE~A25-65F_MA~ntl_RG~USA_PH~CONSD_BO~TRF_PB~FB_PD~NEWSF,148,272,6,0,0,0,0,0,0,6.28,0,0.0,32,0,0,0,0,26,BZS,HCP,2024-05-09
CM~Shortform A New_CT~VID_VD~60s_PH~CONSD_BO~TRF_PB~FB_PD~NEWSF,YR~23-Q2-07_CL~ASTRA_TA~ONC_DS~THEIR2+2L_MB~Neurexa_CU~HCP_CA~B_PH~CONSD_BO~TRF_PB~FB_CN~17721-9-115463_FF~New Pixel RTA_Link Clicks,AN~Pixel Search RTA_TG~RT_DE~A25-65F_MA~ntl_RG~USA_PH~CONSD_BO~TRF_PB~FB_PD~NEWSF,62,67,1,0,0,0,0,0,0,0.33,0,0.0,8,0,0,0,0,7,BZS,HCP,2024-05-09
CM~Shortform A New_CT~VID_VD~60s_PH~CONSD_BO~TRF_PB~FB_PD~NEWSF,YR~23-Q2-07_CL~ASTRA_TA~ONC_DS~THEIR2+2L_MB~Neurexa_CU~HCP_CA~B_PH~CONSD_BO~TRF_PB~FB_CN~17721-9-115463_FF~New Pixel RTA_Link Clicks,AN~Video RTA_TG~RT_DE~A25-65F_MA~ntl_RG~USA_PH~CONSD_BO~TRF_PB~FB_PD~NEWSF,2386,3072,13,0,0,0,0,0,0,15.44,0,0.0,414,0,0,0,0,401,BZS,HCP,2024-05-09
CM~Shortform B New_CT~VID_VD~60s_PH~CONSD_BO~TRF_PB~FB_PD~NEWSF,YR~23-Q2-07_CL~ASTRA_TA~ONC_DS~THEIR2+2L_MB~Neurexa_CU~HCP_CA~B_PH~CONSD_BO~TRF_PB~FB_CN~17721-9-115463_FF~New Pixel RTA_Link Clicks,AN~Video RTA_TG~RT_DE~A25-65F_MA~ntl_RG~USA_PH~CONSD_BO~TRF_PB~FB_PD~NEWSF,2856,3465,13,0,0,0,0,0,0,17.69,0,0.0,414,0,0,0,0,401,BZS,HCP,2024-05-09
CM~Shortform New_CT~VID_VD~60s_PH~CONSD_BO~TRF_PB~FB_PD~NEWSF,YR~23-Q2-07_CL~ASTRA_TA~ONC_DS~THEIR2+2L_MB~Neurexa_CU~HCP_CA~B_PH~CONSD_BO~TRF_PB~FB_CN~17721-9-115463_FF~New Pixel RTA_Link Clicks,AN~Video RTA_TG~RT_DE~A25-65F_MA~ntl_RG~USA_PH~CONSD_BO~TRF_PB~FB_PD~NEWSF,1332,1808,12,0,0,0,0,0,0,9.5,0,0.0,192,0,0,0,0,180,BZS,HCP,2024-05-09
CM~Shortform A New_CT~VID_VD~60s_PH~CONSD_BO~TRF_PB~IG_PD~NEWSF,YR~23-Q2-07_CL~ASTRA_TA~ONC_DS~THEIR2+2L_MB~Neurexa_CU~HCP_CA~B_PH~CONSD_BO~TRF_PB~IG_CN~17721-9-115463_FF~New Pixel RTA & LAL_Link Clicks,AN~Engagement RTALAL_TG~RT_DE~A25-65F_MA~ntl_RG~USA_PH~CONSD_BO~TRF_PB~IG_PD~NEWSF,3189,3792,14,0,0,0,0,0,0,36.72,0,6.0,501,0,0,0,0,481,BZS,HCP,2024-05-09
CM~Shortform B New_CT~VID_VD~60s_PH~CONSD_BO~TRF_PB~IG_PD~NEWSF,YR~23-Q2-07_CL~ASTRA_TA~ONC_DS~THEIR2+2L_MB~Neurexa_CU~HCP_CA~B_PH~CONSD_BO~TRF_PB~IG_CN~17721-9-115463_FF~New Pixel RTA & LAL_Link Clicks,AN~Engagement RTALAL_TG~RT_DE~A25-65F_MA~ntl_RG~USA_PH~CONSD_BO~TRF_PB~IG_PD~NEWSF,3745,4601,16,0,0,0,0,0,0,45.57,0,7.0,686,0,0,0,0,663,BZS,HCP,2024-05-09
CM~Shortform A New_CT~VID_VD~60s_PH~CONSD_BO~TRF_PB~IG_PD~NEWSF,YR~23-Q2-07_CL~ASTRA_TA~ONC_DS~THEIR2+2L_MB~Neurexa_CU~HCP_CA~B_PH~CONSD_BO~TRF_PB~IG_CN~17721-9-115463_FF~New Pixel RTA & LAL_Link Clicks,AN~Pixel RTA LAL_TG~RT_DE~A25-65F_MA~ntl_RG~USA_PH~CONSD_BO~TRF_PB~IG_PD~NEWSF,53,58,0,0,0,0,0,0,0,0.33,0,0.0,3,0,0,0,0,3,BZS,HCP,2024-05-09
CM~Shortform B New_CT~VID_VD~60s_PH~CONSD_BO~TRF_PB~IG_PD~NEWSF,YR~23-Q2-07_CL~ASTRA_TA~ONC_DS~THEIR2+2L_MB~Neurexa_CU~HCP_CA~B_PH~CONSD_BO~TRF_PB~IG_CN~17721-9-115463_FF~New Pixel RTA & LAL_Link Clicks,AN~Pixel RTA LAL_TG~RT_DE~A25-65F_MA~ntl_RG~USA_PH~CONSD_BO~TRF_PB~IG_PD~NEWSF,548,615,3,0,0,0,0,0,0,4.38,0,2.0,47,0,0,0,0,42,BZS,HCP,2024-05-09
CM~Shortform New_CT~VID_VD~60s_PH~CONSD_BO~TRF_PB~IG_PD~NEWSF,YR~23-Q2-07_CL~ASTRA_TA~ONC_DS~THEIR2+2L_MB~Neurexa_CU~HCP_CA~B_PH~CONSD_BO~TRF_PB~IG_CN~17721-9-115463_FF~New Pixel RTA & LAL_Link Clicks,AN~Pixel RTA LAL_TG~RT_DE~A25-65F_MA~ntl_RG~USA_PH~CONSD_BO~TRF_PB~IG_PD~NEWSF,344,385,0,0,0,0,0,0,0,2.96,0,0.0,18,0,0,0,0,18,BZS,HCP,2024-05-09
CM~Shortform A New_CT~VID_VD~60s_PH~CONSD_BO~TRF_PB~IG_PD~NEWSF,YR~23-Q2-07_CL~ASTRA_TA~ONC_DS~THEIR2+2L_MB~Neurexa_CU~HCP_CA~B_PH~CONSD_BO~TRF_PB~IG_CN~17721-9-115463_FF~New Pixel RTA & LAL_Link Clicks,AN~Pixel RTA_TG~RT_DE~A25-65F_MA~ntl_RG~USA_PH~CONSD_BO~TRF_PB~IG_PD~NEWSF,78,98,1,0,0,0,0,0,0,1.99,0,0.0,14,0,0,0,0,13,BZS,HCP,2024-05-09
CM~Shortform B New_CT~VID_VD~60s_PH~CONSD_BO~TRF_PB~IG_PD~NEWSF,YR~23-Q2-07_CL~ASTRA_TA~ONC_DS~THEIR2+2L_MB~Neurexa_CU~HCP_CA~B_PH~CONSD_BO~TRF_PB~IG_CN~17721-9-115463_FF~New Pixel RTA & LAL_Link Clicks,AN~Pixel RTA_TG~RT_DE~A25-65F_MA~ntl_RG~USA_PH~CONSD_BO~TRF_PB~IG_PD~NEWSF,71,90,2,0,0,0,0,0,0,3.23,0,0.0,18,0,0,0,0,16,BZS,HCP,2024-05-09
CM~Shortform A New_CT~VID_VD~60s_PH~CONSD_BO~TRF_PB~IG_PD~NEWSF,YR~23-Q2-07_CL~ASTRA_TA~ONC_DS~THEIR2+2L_MB~Neurexa_CU~HCP_CA~B_PH~CONSD_BO~TRF_PB~IG_CN~17721-9-115463_FF~New Pixel RTA & LAL_Link Clicks,AN~Video RTALAL_TG~RT_DE~A25-65F_MA~ntl_RG~USA_PH~CONSD_BO~TRF_PB~IG_PD~NEWSF,196,209,1,0,0,0,0,0,0,1.81,0,0.0,57,0,0,0,0,56,BZS,HCP,2024-05-09
CM~Shortform B New_CT~VID_VD~60s_PH~CONSD_BO~TRF_PB~IG_PD~NEWSF,YR~23-Q2-07_CL~ASTRA_TA~ONC_DS~THEIR2+2L_MB~Neurexa_CU~HCP_CA~B_PH~CONSD_BO~TRF_PB~IG_CN~17721-9-115463_FF~New Pixel RTA & LAL_Link Clicks,AN~Video RTALAL_TG~RT_DE~A25-65F_MA~ntl_RG~USA_PH~CONSD_BO~TRF_PB~IG_PD~NEWSF,180,197,1,0,0,0,0,0,0,2.0,0,0.0,57,0,0,0,0,56,BZS,HCP,2024-05-09
CM~Shortform A New_CT~VID_VD~60s_PH~CONSD_BO~TRF_PB~FB_PD~NEWSF,YR~23-Q3-07_CL~ASTRA_TA~ONC_DS~THEIR2+2L_MB~Neurexa_CU~HCP_CA~B_PH~CONSD_BO~TRF_PB~FB_CN~17721-9-115463_FF~GeoTargeting,AN~GeoTargeting_TG~_DE~A25-65F_MA~ntl_RG~USA_PH~CONSD_BO~TRF_PB~FB_PD~NEWSF,1689,3627,17,0,0,0,0,0,0,35.4,0,0.0,287,0,0,0,0,270,BZS,HCP,2024-05-09
CM~Shortform B New_CT~VID_VD~60s_PH~CONSD_BO~TRF_PB~FB_PD~NEWSF,YR~23-Q3-07_CL~ASTRA_TA~ONC_DS~THEIR2+2L_MB~Neurexa_CU~HCP_CA~B_PH~CONSD_BO~TRF_PB~FB_CN~17721-9-115463_FF~GeoTargeting,AN~GeoTargeting_TG~_DE~A25-65F_MA~ntl_RG~USA_PH~CONSD_BO~TRF_PB~FB_PD~NEWSF,988,2269,7,0,0,0,0,0,0,22.69,0,0.0,204,0,0,0,0,197,BZS,HCP,2024-05-09
CM~Shortform New_CT~VID_VD~60s_PH~CONSD_BO~TRF_PB~FB_PD~NEWSF,YR~23-Q3-07_CL~ASTRA_TA~ONC_DS~THEIR2+2L_MB~Neurexa_CU~HCP_CA~B_PH~CONSD_BO~TRF_PB~FB_CN~17721-9-115463_FF~GeoTargeting,AN~GeoTargeting_TG~_DE~A25-65F_MA~ntl_RG~USA_PH~CONSD_BO~TRF_PB~FB_PD~NEWSF,739,1346,7,0,0,0,0,0,0,12.24,0,0.0,109,0,0,0,0,102,BZS,HCP,2024-05-09
CM~Shortform B New_CT~VID_VD~60s_PH~CONSD_BO~TRF_PB~IG_PD~NEWSF,YR~23-Q3-07_CL~ASTRA_TA~ONC_DS~THEIR2+2L_MB~Neurexa_CU~HCP_CA~B_PH~CONSD_BO~TRF_PB~IG_CN~17721-9-115463_FF~GeoTargeting,AN~GeoTargeting_TG~_DE~A25-65F_MA~ntl_RG~USA_PH~CONSD_BO~TRF_PB~IG_PD~NEWSF,1545,1962,3,0,0,0,0,0,0,30.9,0,0.0,259,0,0,0,0,255,BZS,HCP,2024-05-09
CM~Shortform A New_CT~VID_VD~60s_PH~CONSD_BO~TRF_PB~IG_PD~NEWSF,YR~23-Q3-07_CL~ASTRA_TA~ONC_DS~THEIR2+2L_MB~Neurexa_CU~HCP_CA~B_PH~CONSD_BO~TRF_PB~IG_CN~17721-9-115463_FF~GeoTargeting,AN~GeoTargeting_TG~_DE~A25-65F_MA~ntl_RG~USA_PH~CONSD_BO~TRF_PB~IG_PD~NEWSF,1096,1357,2,0,0,0,0,0,0,20.51,0,1.0,190,0,0,0,0,187,BZS,HCP,2024-05-09
CM~Shortform New_CT~VID_VD~60s_PH~CONSD_BO~TRF_PB~IG_PD~NEWSF,YR~23-Q3-07_CL~ASTRA_TA~ONC_DS~THEIR2+2L_MB~Neurexa_CU~HCP_CA~B_PH~CONSD_BO~TRF_PB~IG_CN~17721-9-115463_FF~GeoTargeting,AN~GeoTargeting_TG~_DE~A25-65F_MA~ntl_RG~USA_PH~CONSD_BO~TRF_PB~IG_PD~NEWSF,817,1057,1,0,0,0,0,0,0,16.72,0,1.0,148,0,0,0,0,146,BZS,HCP,2024-05-09
CM~Shortform A New_CT~VID_VD~60s_PH~CONSD_BO~TRF_PB~FB_PD~NEWSF,YR~23-Q3-08_CL~ASTRA_TA~ONC_DS~THEIR2+2L_MB~Neurexa_CU~HCP_CA~B_PH~CONSD_BO~TRF_PB~FB_CN~17721-9-115463_FF~Proact HCPs,AN~ProactHCPs_TG~3P_DE~A25-65F_MA~ntl_RG~USA_PH~CONSD_BO~TRF_PB~FB_PD~NEWSF,277,737,2,0,0,0,0,0,0,18.15,0,0.0,70,0,0,0,0,68,BZS,HCP,2024-05-09
CM~Shortform B New_CT~VID_VD~60s_PH~CONSD_BO~TRF_PB~FB_PD~NEWSF,YR~23-Q3-08_CL~ASTRA_TA~ONC_DS~THEIR2+2L_MB~Neurexa_CU~HCP_CA~B_PH~CONSD_BO~TRF_PB~FB_CN~17721-9-115463_FF~Proact HCPs,AN~ProactHCPs_TG~3P_DE~A25-65F_MA~ntl_RG~USA_PH~CONSD_BO~TRF_PB~FB_PD~NEWSF,155,390,0,0,0,0,0,0,0,7.15,0,0.0,32,0,0,0,0,32,BZS,HCP,2024-05-09
CM~Shortform New_CT~VID_VD~60s_PH~CONSD_BO~TRF_PB~FB_PD~NEWSF,YR~23-Q3-08_CL~ASTRA_TA~ONC_DS~THEIR2+2L_MB~Neurexa_CU~HCP_CA~B_PH~CONSD_BO~TRF_PB~FB_CN~17721-9-115463_FF~Proact HCPs,AN~ProactHCPs_TG~3P_DE~A25-65F_MA~ntl_RG~USA_PH~CONSD_BO~TRF_PB~FB_PD~NEWSF,203,531,0,0,0,0,0,0,0,9.36,0,0.0,43,0,0,0,0,43,BZS,HCP,2024-05-09
CM~IX Ad_CT~VID_VD~60s_PH~CONSD_BO~TRF_PB~FB_PD~NEWSF,YR~23-Q3-09_CL~ASTRA_TA~ONC_DS~THEIR2+2L_MB~Neurexa_CU~HCP_CA~B_PH~CONSD_BO~TRF_PB~FB_CN~17721-9-115463_FF~Instant Experience,AN~GeoLocation_TG~3P_DE~A25-65F_MA~ntl_RG~USA_PH~CONSD_BO~TRF_PB~FB_PD~NEWSF,14282,39436,51,0,0,0,0,0,0,375.16,0,0.0,4697,0,0,190,0,4646,BZS,HCP,2024-05-09
CM~In Stream_CT~VID_VD~15s_PH~CONSD_BO~AWE_PB~FB_PD~MSSGR,YR~23-Q2-05_CL~ALLY_TA~ONC_DS~PAN_MB~Neurexa_CU~HCP_CA~B_PH~CONSD_BO~AWE_PB~FB_CN~17722-9-115918_FF~ Instream,CM~EngRTALAL_CT~VID_VD~15s_PH~CONSD_BO~AWE_PB~FB_PD~MSSGR,31194,33469,2,0,0,0,0,0,0,422.61,0,0.0,16082,0,0,0,0,16078,AST,HCP,2024-05-10
CM~In Stream_CT~VID_VD~15s_PH~CONSD_BO~AWE_PB~FB_PD~MSSGR,YR~23-Q2-05_CL~ALLY_TA~ONC_DS~PAN_MB~Neurexa_CU~HCP_CA~B_PH~CONSD_BO~AWE_PB~FB_CN~17722-9-115918_FF~ Instream,CM~EngRTA_CT~VID_VD~15s_PH~CONSD_BO~AWE_PB~FB_PD~MSSGR,292,294,0,0,0,0,0,0,0,3.7800000000000002,0,0.0,120,0,0,0,0,120,AST,HCP,2024-05-10
CM~In Stream_CT~VID_VD~15s_PH~CONSD_BO~AWE_PB~FB_PD~MSSGR,YR~23-Q2-05_CL~ALLY_TA~ONC_DS~PAN_MB~Neurexa_CU~HCP_CA~B_PH~CONSD_BO~AWE_PB~FB_CN~17722-9-115918_FF~ Instream,CM~PixelRTALAL_CT~VID_VD~15s_PH~CONSD_BO~AWE_PB~FB_PD~MSSGR,10016,10740,0,0,0,0,0,0,0,144.66,0,0.0,4727,0,0,0,0,4727,AST,HCP,2024-05-10
CM~In Stream_CT~VID_VD~15s_PH~CONSD_BO~AWE_PB~FB_PD~MSSGR,YR~23-Q2-05_CL~ALLY_TA~ONC_DS~PAN_MB~Neurexa_CU~HCP_CA~B_PH~CONSD_BO~AWE_PB~FB_CN~17722-9-115918_FF~ Instream,CM~PixelRTA_CT~VID_VD~15s_PH~CONSD_BO~AWE_PB~FB_PD~MSSGR,164,164,0,0,0,0,0,0,0,2.11,0,0.0,67,0,0,0,0,67,AST,HCP,2024-05-10
CM~In Stream_CT~VID_VD~15s_PH~CONSD_BO~AWE_PB~FB_PD~MSSGR,YR~24-Q1-01_CL~ALLY_TA~ONC_DS~PAN_MB~Neurexa_CU~HCP_CA~B_PH~CONSD_BO~AWE_PB~FB_CN~17722-9-115918_FF~ Instream 3P,CM~SpecialtyLists_CT~VID_VD~15s_PH~CONSD_BO~AWE_PB~FB_PD~MSSGR 3P,300,300,0,0,0,0,0,0,0,6.11,0,0.0,129,0,0,0,0,129,AST,HCP,2024-05-10
CM~Shortform A New_CT~VID_VD~60s_PH~CONSD_BO~TRF_PB~FB_PD~NEWSF,YR~23-Q2-07-CL~ASTRA_TA~ONC_DS~THEIR2+2L_MB~Neurexa_CU~HCP_CA~B_PH~CONSD_BO~TRF_PB~FB_CN~17721-9-115463_FF~New Rx HCPs_Link Clicks,AN~HCPs_TG~3P_DE~A25-65F_MA~ntl_RG~USA_PH~CONSD_BO~TRF_PB~FB_PD~NEWSF,1208,2078,9,0,0,0,0,0,0,15.57,0,0.0,179,0,0,0,0,170,BZS,HCP,2024-05-10
CM~Shortform B New_CT~VID_VD~60s_PH~CONSD_BO~TRF_PB~FB_PD~NEWSF,YR~23-Q2-07-CL~ASTRA_TA~ONC_DS~THEIR2+2L_MB~Neurexa_CU~HCP_CA~B_PH~CONSD_BO~TRF_PB~FB_CN~17721-9-115463_FF~New Rx HCPs_Link Clicks,AN~HCPs_TG~3P_DE~A25-65F_MA~ntl_RG~USA_PH~CONSD_BO~TRF_PB~FB_PD~NEWSF,830,1469,6,0,0,0,0,0,0,12.7,0,0.0,128,0,0,0,0,122,BZS,HCP,2024-05-10
CM~Shortform New_CT~VID_VD~60s_PH~CONSD_BO~TRF_PB~FB_PD~NEWSF,YR~23-Q2-07-CL~ASTRA_TA~ONC_DS~THEIR2+2L_MB~Neurexa_CU~HCP_CA~B_PH~CONSD_BO~TRF_PB~FB_CN~17721-9-115463_FF~New Rx HCPs_Link Clicks,AN~HCPs_TG~3P_DE~A25-65F_MA~ntl_RG~USA_PH~CONSD_BO~TRF_PB~FB_PD~NEWSF,676,1043,3,0,0,0,0,0,0,7.39,0,0.0,76,0,0,0,0,73,BZS,HCP,2024-05-10
CM~Shortform A New_CT~VID_VD~60s_PH~CONSD_BO~TRF_PB~FB_PD~NEWSF,YR~23-Q2-07_CL~ASTRA_TA~ONC_DS~THEIR2+2L_MB~Neurexa_CU~HCP_CA~B_PH~CONSD_BO~TRF_PB~FB_CN~17721-9-115463_FF~New Pixel RTA LAL_Link Clicks,AN~EngagementRTALAL_TG~RT_DE~A25-65F_MA~ntl_RG~USA_PH~CONSD_BO~TRF_PB~FB_PD~NEWSF,1693,1799,17,0,0,0,0,0,0,10.0,0,0.0,97,0,0,0,0,80,BZS,HCP,2024-05-10
CM~Shortform B New_CT~VID_VD~60s_PH~CONSD_BO~TRF_PB~FB_PD~NEWSF,YR~23-Q2-07_CL~ASTRA_TA~ONC_DS~THEIR2+2L_MB~Neurexa_CU~HCP_CA~B_PH~CONSD_BO~TRF_PB~FB_CN~17721-9-115463_FF~New Pixel RTA LAL_Link Clicks,AN~EngagementRTALAL_TG~RT_DE~A25-65F_MA~ntl_RG~USA_PH~CONSD_BO~TRF_PB~FB_PD~NEWSF,1599,1657,11,0,0,0,0,0,0,9.59,0,0.0,82,0,0,0,0,71,BZS,HCP,2024-05-10
CM~Shortform New_CT~VID_VD~60s_PH~CONSD_BO~TRF_PB~FB_PD~NEWSF,YR~23-Q2-07_CL~ASTRA_TA~ONC_DS~THEIR2+2L_MB~Neurexa_CU~HCP_CA~B_PH~CONSD_BO~TRF_PB~FB_CN~17721-9-115463_FF~New Pixel RTA LAL_Link Clicks,AN~EngagementRTALAL_TG~RT_DE~A25-65F_MA~ntl_RG~USA_PH~CONSD_BO~TRF_PB~FB_PD~NEWSF,176,184,1,0,0,0,0,0,0,1.26,0,0.0,7,0,0,0,0,6,BZS,HCP,2024-05-10
CM~Shortform A New_CT~VID_VD~60s_PH~CONSD_BO~TRF_PB~FB_PD~NEWSF,YR~23-Q2-07_CL~ASTRA_TA~ONC_DS~THEIR2+2L_MB~Neurexa_CU~HCP_CA~B_PH~CONSD_BO~TRF_PB~FB_CN~17721-9-115463_FF~New Pixel RTA LAL_Link Clicks,AN~Pixel RTA LAL_TG~RT_DE~A25-65F_MA~ntl_RG~USA_PH~CONSD_BO~TRF_PB~FB_PD~NEWSF,3483,4200,42,0,0,0,0,0,0,23.71,0,0.0,347,0,0,0,0,305,BZS,HCP,2024-05-10
CM~Shortform B New_CT~VID_VD~60s_PH~CONSD_BO~TRF_PB~FB_PD~NEWSF,YR~23-Q2-07_CL~ASTRA_TA~ONC_DS~THEIR2+2L_MB~Neurexa_CU~HCP_CA~B_PH~CONSD_BO~TRF_PB~FB_CN~17721-9-115463_FF~New Pixel RTA LAL_Link Clicks,AN~Pixel RTA LAL_TG~RT_DE~A25-65F_MA~ntl_RG~USA_PH~CONSD_BO~TRF_PB~FB_PD~NEWSF,5345,6652,51,0,0,0,0,0,0,34.71,0,0.0,468,0,0,0,0,417,BZS,HCP,2024-05-10
CM~Shortform New_CT~VID_VD~60s_PH~CONSD_BO~TRF_PB~FB_PD~NEWSF,YR~23-Q2-07_CL~ASTRA_TA~ONC_DS~THEIR2+2L_MB~Neurexa_CU~HCP_CA~B_PH~CONSD_BO~TRF_PB~FB_CN~17721-9-115463_FF~New Pixel RTA LAL_Link Clicks,AN~Pixel RTA LAL_TG~RT_DE~A25-65F_MA~ntl_RG~USA_PH~CONSD_BO~TRF_PB~FB_PD~NEWSF,787,876,5,0,0,0,0,0,0,3.21,0,0.0,67,0,0,0,0,62,BZS,HCP,2024-05-10
CM~Shortform B New_CT~VID_VD~60s_PH~CONSD_BO~TRF_PB~FB_PD~NEWSF,YR~23-Q2-07_CL~ASTRA_TA~ONC_DS~THEIR2+2L_MB~Neurexa_CU~HCP_CA~B_PH~CONSD_BO~TRF_PB~FB_CN~17721-9-115463_FF~New Pixel RTA LAL_Link Clicks,AN~VideoRTALAL_TG~RT_DE~A25-65F_MA~ntl_RG~USA_PH~CONSD_BO~TRF_PB~FB_PD~NEWSF,4111,4429,28,0,0,0,0,0,0,19.8,0,0.0,294,0,0,0,0,266,BZS,HCP,2024-05-10
CM~Shortform A New_CT~VID_VD~60s_PH~CONSD_BO~TRF_PB~FB_PD~NEWSF,YR~23-Q2-07_CL~ASTRA_TA~ONC_DS~THEIR2+2L_MB~Neurexa_CU~HCP_CA~B_PH~CONSD_BO~TRF_PB~FB_CN~17721-9-115463_FF~New Pixel RTA LAL_Link Clicks,AN~VideoRTALAL_TG~RT_DE~A25-65F_MA~ntl_RG~USA_PH~CONSD_BO~TRF_PB~FB_PD~NEWSF,6583,7375,44,0,0,0,0,0,0,32.51,0,0.0,551,0,0,0,0,507,BZS,HCP,2024-05-10
CM~Shortform New_CT~VID_VD~60s_PH~CONSD_BO~TRF_PB~FB_PD~NEWSF,YR~23-Q2-07_CL~ASTRA_TA~ONC_DS~THEIR2+2L_MB~Neurexa_CU~HCP_CA~B_PH~CONSD_BO~TRF_PB~FB_CN~17721-9-115463_FF~New Pixel RTA LAL_Link Clicks,AN~VideoRTALAL_TG~RT_DE~A25-65F_MA~ntl_RG~USA_PH~CONSD_BO~TRF_PB~FB_PD~NEWSF,790,825,5,0,0,0,0,0,0,3.9699999999999998,0,0.0,60,0,0,0,0,55,BZS,HCP,2024-05-10
CM~Shortform A New_CT~VID_VD~60s_PH~CONSD_BO~TRF_PB~FB_PD~NEWSF,YR~23-Q2-07_CL~ASTRA_TA~ONC_DS~THEIR2+2L_MB~Neurexa_CU~HCP_CA~B_PH~CONSD_BO~TRF_PB~FB_CN~17721-9-115463_FF~New Pixel RTA_Link Clicks,AN~Engagement RTA_TG~RT_DE~A25-65F_MA~ntl_RG~USA_PH~CONSD_BO~TRF_PB~FB_PD~NEWSF,703,902,4,0,0,0,0,0,0,7.73,0,0.0,64,0,0,0,0,60,BZS,HCP,2024-05-10
CM~Shortform B New_CT~VID_VD~60s_PH~CONSD_BO~TRF_PB~FB_PD~NEWSF,YR~23-Q2-07_CL~ASTRA_TA~ONC_DS~THEIR2+2L_MB~Neurexa_CU~HCP_CA~B_PH~CONSD_BO~TRF_PB~FB_CN~17721-9-115463_FF~New Pixel RTA_Link Clicks,AN~Engagement RTA_TG~RT_DE~A25-65F_MA~ntl_RG~USA_PH~CONSD_BO~TRF_PB~FB_PD~NEWSF,859,1107,6,0,0,0,0,0,0,8.34,0,0.0,75,0,0,0,0,69,BZS,HCP,2024-05-10
CM~Shortform New_CT~VID_VD~60s_PH~CONSD_BO~TRF_PB~FB_PD~NEWSF,YR~23-Q2-07_CL~ASTRA_TA~ONC_DS~THEIR2+2L_MB~Neurexa_CU~HCP_CA~B_PH~CONSD_BO~TRF_PB~FB_CN~17721-9-115463_FF~New Pixel RTA_Link Clicks,AN~Engagement RTA_TG~RT_DE~A25-65F_MA~ntl_RG~USA_PH~CONSD_BO~TRF_PB~FB_PD~NEWSF,848,1093,5,0,0,0,0,0,0,8.41,0,0.0,66,0,0,0,0,61,BZS,HCP,2024-05-10
CM~Shortform A New_CT~VID_VD~60s_PH~CONSD_BO~TRF_PB~FB_PD~NEWSF,YR~23-Q2-07_CL~ASTRA_TA~ONC_DS~THEIR2+2L_MB~Neurexa_CU~HCP_CA~B_PH~CONSD_BO~TRF_PB~FB_CN~17721-9-115463_FF~New Pixel RTA_Link Clicks,AN~Pixel RTA_TG~RT_DE~A25-65F_MA~ntl_RG~USA_PH~CONSD_BO~TRF_PB~FB_PD~NEWSF,1623,3204,31,0,0,0,0,0,0,29.9,0,0.0,320,0,0,0,0,289,BZS,HCP,2024-05-10
CM~Shortform B New_CT~VID_VD~60s_PH~CONSD_BO~TRF_PB~FB_PD~NEWSF,YR~23-Q2-07_CL~ASTRA_TA~ONC_DS~THEIR2+2L_MB~Neurexa_CU~HCP_CA~B_PH~CONSD_BO~TRF_PB~FB_CN~17721-9-115463_FF~New Pixel RTA_Link Clicks,AN~Pixel RTA_TG~RT_DE~A25-65F_MA~ntl_RG~USA_PH~CONSD_BO~TRF_PB~FB_PD~NEWSF,2553,4926,46,0,0,0,0,0,0,52.99,0,0.0,512,0,0,0,0,466,BZS,HCP,2024-05-10
CM~Shortform New_CT~VID_VD~60s_PH~CONSD_BO~TRF_PB~FB_PD~NEWSF,YR~23-Q2-07_CL~ASTRA_TA~ONC_DS~THEIR2+2L_MB~Neurexa_CU~HCP_CA~B_PH~CONSD_BO~TRF_PB~FB_CN~17721-9-115463_FF~New Pixel RTA_Link Clicks,AN~Pixel RTA_TG~RT_DE~A25-65F_MA~ntl_RG~USA_PH~CONSD_BO~TRF_PB~FB_PD~NEWSF,243,462,10,0,0,0,0,0,0,8.7,0,0.0,51,0,0,0,0,41,BZS,HCP,2024-05-10
CM~Shortform A New_CT~VID_VD~60s_PH~CONSD_BO~TRF_PB~FB_PD~NEWSF,YR~23-Q2-07_CL~ASTRA_TA~ONC_DS~THEIR2+2L_MB~Neurexa_CU~HCP_CA~B_PH~CONSD_BO~TRF_PB~FB_CN~17721-9-115463_FF~New Pixel RTA_Link Clicks,AN~Pixel Search RTA_TG~RT_DE~A25-65F_MA~ntl_RG~USA_PH~CONSD_BO~TRF_PB~FB_PD~NEWSF,73,77,0,0,0,0,0,0,0,0.45,0,0.0,6,0,0,0,0,6,BZS,HCP,2024-05-10
CM~Shortform A New_CT~VID_VD~60s_PH~CONSD_BO~TRF_PB~FB_PD~NEWSF,YR~23-Q2-07_CL~ASTRA_TA~ONC_DS~THEIR2+2L_MB~Neurexa_CU~HCP_CA~B_PH~CONSD_BO~TRF_PB~FB_CN~17721-9-115463_FF~New Pixel RTA_Link Clicks,AN~Video RTA_TG~RT_DE~A25-65F_MA~ntl_RG~USA_PH~CONSD_BO~TRF_PB~FB_PD~NEWSF,2649,3518,14,0,0,0,0,0,0,19.3,0,0.0,448,0,0,0,0,434,BZS,HCP,2024-05-10
CM~Shortform B New_CT~VID_VD~60s_PH~CONSD_BO~TRF_PB~FB_PD~NEWSF,YR~23-Q2-07_CL~ASTRA_TA~ONC_DS~THEIR2+2L_MB~Neurexa_CU~HCP_CA~B_PH~CONSD_BO~TRF_PB~FB_CN~17721-9-115463_FF~New Pixel RTA_Link Clicks,AN~Video RTA_TG~RT_DE~A25-65F_MA~ntl_RG~USA_PH~CONSD_BO~TRF_PB~FB_PD~NEWSF,2603,3401,14,0,0,0,0,0,0,19.5,0,0.0,396,0,0,0,0,382,BZS,HCP,2024-05-10
CM~Shortform New_CT~VID_VD~60s_PH~CONSD_BO~TRF_PB~FB_PD~NEWSF,YR~23-Q2-07_CL~ASTRA_TA~ONC_DS~THEIR2+2L_MB~Neurexa_CU~HCP_CA~B_PH~CONSD_BO~TRF_PB~FB_CN~17721-9-115463_FF~New Pixel RTA_Link Clicks,AN~Video RTA_TG~RT_DE~A25-65F_MA~ntl_RG~USA_PH~CONSD_BO~TRF_PB~FB_PD~NEWSF,2125,3006,18,0,0,0,0,0,0,17.44,0,0.0,364,0,0,0,0,346,BZS,HCP,2024-05-10
CM~Shortform A New_CT~VID_VD~60s_PH~CONSD_BO~TRF_PB~IG_PD~NEWSF,YR~23-Q2-07_CL~ASTRA_TA~ONC_DS~THEIR2+2L_MB~Neurexa_CU~HCP_CA~B_PH~CONSD_BO~TRF_PB~IG_CN~17721-9-115463_FF~New Pixel RTA & LAL_Link Clicks,AN~Engagement RTALAL_TG~RT_DE~A25-65F_MA~ntl_RG~USA_PH~CONSD_BO~TRF_PB~IG_PD~NEWSF,3861,4580,22,0,0,0,0,0,0,42.27,0,8.0,712,0,0,0,0,682,BZS,HCP,2024-05-10
CM~Shortform B New_CT~VID_VD~60s_PH~CONSD_BO~TRF_PB~IG_PD~NEWSF,YR~23-Q2-07_CL~ASTRA_TA~ONC_DS~THEIR2+2L_MB~Neurexa_CU~HCP_CA~B_PH~CONSD_BO~TRF_PB~IG_CN~17721-9-115463_FF~New Pixel RTA & LAL_Link Clicks,AN~Engagement RTALAL_TG~RT_DE~A25-65F_MA~ntl_RG~USA_PH~CONSD_BO~TRF_PB~IG_PD~NEWSF,3701,4446,20,0,0,0,0,0,0,46.21,0,9.0,753,0,0,0,0,722,BZS,HCP,2024-05-10
CM~Shortform A New_CT~VID_VD~60s_PH~CONSD_BO~TRF_PB~IG_PD~NEWSF,YR~23-Q2-07_CL~ASTRA_TA~ONC_DS~THEIR2+2L_MB~Neurexa_CU~HCP_CA~B_PH~CONSD_BO~TRF_PB~IG_CN~17721-9-115463_FF~New Pixel RTA & LAL_Link Clicks,AN~Pixel RTA LAL_TG~RT_DE~A25-65F_MA~ntl_RG~USA_PH~CONSD_BO~TRF_PB~IG_PD~NEWSF,3,3,1,0,0,0,0,0,0,0.02,0,0.0,3,0,0,0,0,2,BZS,HCP,2024-05-10
CM~Shortform B New_CT~VID_VD~60s_PH~CONSD_BO~TRF_PB~IG_PD~NEWSF,YR~23-Q2-07_CL~ASTRA_TA~ONC_DS~THEIR2+2L_MB~Neurexa_CU~HCP_CA~B_PH~CONSD_BO~TRF_PB~IG_CN~17721-9-115463_FF~New Pixel RTA & LAL_Link Clicks,AN~Pixel RTA LAL_TG~RT_DE~A25-65F_MA~ntl_RG~USA_PH~CONSD_BO~TRF_PB~IG_PD~NEWSF,424,498,3,0,0,0,0,0,0,3.51,0,1.0,30,0,0,0,0,26,BZS,HCP,2024-05-10
CM~Shortform New_CT~VID_VD~60s_PH~CONSD_BO~TRF_PB~IG_PD~NEWSF,YR~23-Q2-07_CL~ASTRA_TA~ONC_DS~THEIR2+2L_MB~Neurexa_CU~HCP_CA~B_PH~CONSD_BO~TRF_PB~IG_CN~17721-9-115463_FF~New Pixel RTA & LAL_Link Clicks,AN~Pixel RTA LAL_TG~RT_DE~A25-65F_MA~ntl_RG~USA_PH~CONSD_BO~TRF_PB~IG_PD~NEWSF,507,578,4,0,0,0,0,0,0,3.27,0,1.0,51,0,0,0,0,46,BZS,HCP,2024-05-10
CM~Shortform A New_CT~VID_VD~60s_PH~CONSD_BO~TRF_PB~IG_PD~NEWSF,YR~23-Q2-07_CL~ASTRA_TA~ONC_DS~THEIR2+2L_MB~Neurexa_CU~HCP_CA~B_PH~CONSD_BO~TRF_PB~IG_CN~17721-9-115463_FF~New Pixel RTA & LAL_Link Clicks,AN~Pixel RTA_TG~RT_DE~A25-65F_MA~ntl_RG~USA_PH~CONSD_BO~TRF_PB~IG_PD~NEWSF,96,119,2,0,0,0,0,0,0,3.29,0,0.0,17,0,0,0,0,15,BZS,HCP,2024-05-10
CM~Shortform B New_CT~VID_VD~60s_PH~CONSD_BO~TRF_PB~IG_PD~NEWSF,YR~23-Q2-07_CL~ASTRA_TA~ONC_DS~THEIR2+2L_MB~Neurexa_CU~HCP_CA~B_PH~CONSD_BO~TRF_PB~IG_CN~17721-9-115463_FF~New Pixel RTA & LAL_Link Clicks,AN~Pixel RTA_TG~RT_DE~A25-65F_MA~ntl_RG~USA_PH~CONSD_BO~TRF_PB~IG_PD~NEWSF,74,102,0,0,0,0,0,0,0,1.26,0,0.0,6,0,0,0,0,6,BZS,HCP,2024-05-10
CM~Shortform A New_CT~VID_VD~60s_PH~CONSD_BO~TRF_PB~IG_PD~NEWSF,YR~23-Q2-07_CL~ASTRA_TA~ONC_DS~THEIR2+2L_MB~Neurexa_CU~HCP_CA~B_PH~CONSD_BO~TRF_PB~IG_CN~17721-9-115463_FF~New Pixel RTA & LAL_Link Clicks,AN~Video RTALAL_TG~RT_DE~A25-65F_MA~ntl_RG~USA_PH~CONSD_BO~TRF_PB~IG_PD~NEWSF,191,202,0,0,0,0,0,0,0,1.9100000000000001,0,0.0,46,0,0,0,0,46,BZS,HCP,2024-05-10
CM~Shortform B New_CT~VID_VD~60s_PH~CONSD_BO~TRF_PB~IG_PD~NEWSF,YR~23-Q2-07_CL~ASTRA_TA~ONC_DS~THEIR2+2L_MB~Neurexa_CU~HCP_CA~B_PH~CONSD_BO~TRF_PB~IG_CN~17721-9-115463_FF~New Pixel RTA & LAL_Link Clicks,AN~Video RTALAL_TG~RT_DE~A25-65F_MA~ntl_RG~USA_PH~CONSD_BO~TRF_PB~IG_PD~NEWSF,239,254,0,0,0,0,0,0,0,2.27,0,1.0,67,0,0,0,0,66,BZS,HCP,2024-05-10
CM~Shortform A New_CT~VID_VD~60s_PH~CONSD_BO~TRF_PB~FB_PD~NEWSF,YR~23-Q3-07_CL~ASTRA_TA~ONC_DS~THEIR2+2L_MB~Neurexa_CU~HCP_CA~B_PH~CONSD_BO~TRF_PB~FB_CN~17721-9-115463_FF~GeoTargeting,AN~GeoTargeting_TG~_DE~A25-65F_MA~ntl_RG~USA_PH~CONSD_BO~TRF_PB~FB_PD~NEWSF,1377,3120,21,0,0,0,0,0,0,33.71,0,0.0,275,0,0,0,0,254,BZS,HCP,2024-05-10
CM~Shortform B New_CT~VID_VD~60s_PH~CONSD_BO~TRF_PB~FB_PD~NEWSF,YR~23-Q3-07_CL~ASTRA_TA~ONC_DS~THEIR2+2L_MB~Neurexa_CU~HCP_CA~B_PH~CONSD_BO~TRF_PB~FB_CN~17721-9-115463_FF~GeoTargeting,AN~GeoTargeting_TG~_DE~A25-65F_MA~ntl_RG~USA_PH~CONSD_BO~TRF_PB~FB_PD~NEWSF,953,2106,7,0,0,0,0,0,0,23.15,0,0.0,159,0,0,0,0,152,BZS,HCP,2024-05-10
CM~Shortform New_CT~VID_VD~60s_PH~CONSD_BO~TRF_PB~FB_PD~NEWSF,YR~23-Q3-07_CL~ASTRA_TA~ONC_DS~THEIR2+2L_MB~Neurexa_CU~HCP_CA~B_PH~CONSD_BO~TRF_PB~FB_CN~17721-9-115463_FF~GeoTargeting,AN~GeoTargeting_TG~_DE~A25-65F_MA~ntl_RG~USA_PH~CONSD_BO~TRF_PB~FB_PD~NEWSF,962,1737,5,0,0,0,0,0,0,16.88,0,0.0,115,0,0,0,0,110,BZS,HCP,2024-05-10
CM~Shortform B New_CT~VID_VD~60s_PH~CONSD_BO~TRF_PB~IG_PD~NEWSF,YR~23-Q3-07_CL~ASTRA_TA~ONC_DS~THEIR2+2L_MB~Neurexa_CU~HCP_CA~B_PH~CONSD_BO~TRF_PB~IG_CN~17721-9-115463_FF~GeoTargeting,AN~GeoTargeting_TG~_DE~A25-65F_MA~ntl_RG~USA_PH~CONSD_BO~TRF_PB~IG_PD~NEWSF,1504,1964,7,0,0,0,0,0,0,32.86,0,1.0,301,0,0,0,0,293,BZS,HCP,2024-05-10
CM~Shortform A New_CT~VID_VD~60s_PH~CONSD_BO~TRF_PB~IG_PD~NEWSF,YR~23-Q3-07_CL~ASTRA_TA~ONC_DS~THEIR2+2L_MB~Neurexa_CU~HCP_CA~B_PH~CONSD_BO~TRF_PB~IG_CN~17721-9-115463_FF~GeoTargeting,AN~GeoTargeting_TG~_DE~A25-65F_MA~ntl_RG~USA_PH~CONSD_BO~TRF_PB~IG_PD~NEWSF,875,1070,1,0,0,0,0,0,0,16.98,0,0.0,158,0,0,0,0,157,BZS,HCP,2024-05-10
CM~Shortform New_CT~VID_VD~60s_PH~CONSD_BO~TRF_PB~IG_PD~NEWSF,YR~23-Q3-07_CL~ASTRA_TA~ONC_DS~THEIR2+2L_MB~Neurexa_CU~HCP_CA~B_PH~CONSD_BO~TRF_PB~IG_CN~17721-9-115463_FF~GeoTargeting,AN~GeoTargeting_TG~_DE~A25-65F_MA~ntl_RG~USA_PH~CONSD_BO~TRF_PB~IG_PD~NEWSF,1041,1332,2,0,0,0,0,0,0,20.89,0,0.0,204,0,0,0,0,201,BZS,HCP,2024-05-10
CM~Shortform A New_CT~VID_VD~60s_PH~CONSD_BO~TRF_PB~FB_PD~NEWSF,YR~23-Q3-08_CL~ASTRA_TA~ONC_DS~THEIR2+2L_MB~Neurexa_CU~HCP_CA~B_PH~CONSD_BO~TRF_PB~FB_CN~17721-9-115463_FF~Proact HCPs,AN~ProactHCPs_TG~3P_DE~A25-65F_MA~ntl_RG~USA_PH~CONSD_BO~TRF_PB~FB_PD~NEWSF,262,689,2,0,0,0,0,0,0,14.66,0,0.0,49,0,0,0,0,47,BZS,HCP,2024-05-10
CM~Shortform B New_CT~VID_VD~60s_PH~CONSD_BO~TRF_PB~FB_PD~NEWSF,YR~23-Q3-08_CL~ASTRA_TA~ONC_DS~THEIR2+2L_MB~Neurexa_CU~HCP_CA~B_PH~CONSD_BO~TRF_PB~FB_CN~17721-9-115463_FF~Proact HCPs,AN~ProactHCPs_TG~3P_DE~A25-65F_MA~ntl_RG~USA_PH~CONSD_BO~TRF_PB~FB_PD~NEWSF,100,224,1,0,0,0,0,0,0,4.82,0,0.0,16,0,0,0,0,15,BZS,HCP,2024-05-10
CM~Shortform New_CT~VID_VD~60s_PH~CONSD_BO~TRF_PB~FB_PD~NEWSF,YR~23-Q3-08_CL~ASTRA_TA~ONC_DS~THEIR2+2L_MB~Neurexa_CU~HCP_CA~B_PH~CONSD_BO~TRF_PB~FB_CN~17721-9-115463_FF~Proact HCPs,AN~ProactHCPs_TG~3P_DE~A25-65F_MA~ntl_RG~USA_PH~CONSD_BO~TRF_PB~FB_PD~NEWSF,258,730,3,0,0,0,0,0,0,16.1,0,0.0,69,0,0,0,0,66,BZS,HCP,2024-05-10
CM~IX Ad_CT~VID_VD~60s_PH~CONSD_BO~TRF_PB~FB_PD~NEWSF,YR~23-Q3-09_CL~ASTRA_TA~ONC_DS~THEIR2+2L_MB~Neurexa_CU~HCP_CA~B_PH~CONSD_BO~TRF_PB~FB_CN~17721-9-115463_FF~Instant Experience,AN~GeoLocation_TG~3P_DE~A25-65F_MA~ntl_RG~USA_PH~CONSD_BO~TRF_PB~FB_PD~NEWSF,15265,41559,71,0,0,0,0,0,0,391.66,0,0.0,4877,0,0,258,0,4806,BZS,HCP,2024-05-10
CM~In Stream_CT~VID_VD~15s_PH~CONSD_BO~AWE_PB~FB_PD~MSSGR,YR~23-Q2-05_CL~ALLY_TA~ONC_DS~PAN_MB~Neurexa_CU~HCP_CA~B_PH~CONSD_BO~AWE_PB~FB_CN~17722-9-115918_FF~ Instream,CM~EngRTALAL_CT~VID_VD~15s_PH~CONSD_BO~AWE_PB~FB_PD~MSSGR,32473,34610,1,0,0,0,0,0,0,444.92,0,0.0,16602,0,0,0,0,16599,AST,HCP,2024-05-11
CM~In Stream_CT~VID_VD~15s_PH~CONSD_BO~AWE_PB~FB_PD~MSSGR,YR~23-Q2-05_CL~ALLY_TA~ONC_DS~PAN_MB~Neurexa_CU~HCP_CA~B_PH~CONSD_BO~AWE_PB~FB_CN~17722-9-115918_FF~ Instream,CM~EngRTA_CT~VID_VD~15s_PH~CONSD_BO~AWE_PB~FB_PD~MSSGR,336,336,0,0,0,0,0,0,0,4.34,0,0.0,155,0,0,0,0,155,AST,HCP,2024-05-11
CM~In Stream_CT~VID_VD~15s_PH~CONSD_BO~AWE_PB~FB_PD~MSSGR,YR~23-Q2-05_CL~ALLY_TA~ONC_DS~PAN_MB~Neurexa_CU~HCP_CA~B_PH~CONSD_BO~AWE_PB~FB_CN~17722-9-115918_FF~ Instream,CM~PixelRTALAL_CT~VID_VD~15s_PH~CONSD_BO~AWE_PB~FB_PD~MSSGR,9747,10127,0,0,0,0,0,0,0,136.98,0,0.0,4514,0,0,0,0,4514,AST,HCP,2024-05-11
CM~In Stream_CT~VID_VD~15s_PH~CONSD_BO~AWE_PB~FB_PD~MSSGR,YR~23-Q2-05_CL~ALLY_TA~ONC_DS~PAN_MB~Neurexa_CU~HCP_CA~B_PH~CONSD_BO~AWE_PB~FB_CN~17722-9-115918_FF~ Instream,CM~PixelRTA_CT~VID_VD~15s_PH~CONSD_BO~AWE_PB~FB_PD~MSSGR,185,185,0,0,0,0,0,0,0,1.54,0,0.0,76,0,0,0,0,76,AST,HCP,2024-05-11
CM~In Stream_CT~VID_VD~15s_PH~CONSD_BO~AWE_PB~FB_PD~MSSGR,YR~24-Q1-01_CL~ALLY_TA~ONC_DS~PAN_MB~Neurexa_CU~HCP_CA~B_PH~CONSD_BO~AWE_PB~FB_CN~17722-9-115918_FF~ Instream 3P,CM~SpecialtyLists_CT~VID_VD~15s_PH~CONSD_BO~AWE_PB~FB_PD~MSSGR 3P,294,295,0,0,0,0,0,0,0,7.05,0,0.0,122,0,0,0,0,122,AST,HCP,2024-05-11
CM~Shortform A New_CT~VID_VD~60s_PH~CONSD_BO~TRF_PB~FB_PD~NEWSF,YR~23-Q2-07-CL~ASTRA_TA~ONC_DS~THEIR2+2L_MB~Neurexa_CU~HCP_CA~B_PH~CONSD_BO~TRF_PB~FB_CN~17721-9-115463_FF~New Rx HCPs_Link Clicks,AN~HCPs_TG~3P_DE~A25-65F_MA~ntl_RG~USA_PH~CONSD_BO~TRF_PB~FB_PD~NEWSF,1405,2571,8,0,0,0,0,0,0,21.62,0,0.0,249,0,0,0,0,241,BZS,HCP,2024-05-11
CM~Shortform B New_CT~VID_VD~60s_PH~CONSD_BO~TRF_PB~FB_PD~NEWSF,YR~23-Q2-07-CL~ASTRA_TA~ONC_DS~THEIR2+2L_MB~Neurexa_CU~HCP_CA~B_PH~CONSD_BO~TRF_PB~FB_CN~17721-9-115463_FF~New Rx HCPs_Link Clicks,AN~HCPs_TG~3P_DE~A25-65F_MA~ntl_RG~USA_PH~CONSD_BO~TRF_PB~FB_PD~NEWSF,575,1002,5,0,0,0,0,0,0,7.09,0,0.0,80,0,0,0,0,75,BZS,HCP,2024-05-11
CM~Shortform New_CT~VID_VD~60s_PH~CONSD_BO~TRF_PB~FB_PD~NEWSF,YR~23-Q2-07-CL~ASTRA_TA~ONC_DS~THEIR2+2L_MB~Neurexa_CU~HCP_CA~B_PH~CONSD_BO~TRF_PB~FB_CN~17721-9-115463_FF~New Rx HCPs_Link Clicks,AN~HCPs_TG~3P_DE~A25-65F_MA~ntl_RG~USA_PH~CONSD_BO~TRF_PB~FB_PD~NEWSF,835,1256,5,0,0,0,0,0,0,8.74,0,0.0,103,0,0,0,0,98,BZS,HCP,2024-05-11
CM~Shortform A New_CT~VID_VD~60s_PH~CONSD_BO~TRF_PB~FB_PD~NEWSF,YR~23-Q2-07_CL~ASTRA_TA~ONC_DS~THEIR2+2L_MB~Neurexa_CU~HCP_CA~B_PH~CONSD_BO~TRF_PB~FB_CN~17721-9-115463_FF~New Pixel RTA LAL_Link Clicks,AN~EngagementRTALAL_TG~RT_DE~A25-65F_MA~ntl_RG~USA_PH~CONSD_BO~TRF_PB~FB_PD~NEWSF,1987,2105,15,0,0,0,0,0,0,11.66,0,0.0,101,0,0,0,0,86,BZS,HCP,2024-05-11
CM~Shortform B New_CT~VID_VD~60s_PH~CONSD_BO~TRF_PB~FB_PD~NEWSF,YR~23-Q2-07_CL~ASTRA_TA~ONC_DS~THEIR2+2L_MB~Neurexa_CU~HCP_CA~B_PH~CONSD_BO~TRF_PB~FB_CN~17721-9-115463_FF~New Pixel RTA LAL_Link Clicks,AN~EngagementRTALAL_TG~RT_DE~A25-65F_MA~ntl_RG~USA_PH~CONSD_BO~TRF_PB~FB_PD~NEWSF,1902,2014,13,0,0,0,0,0,0,10.67,0,0.0,130,0,0,0,0,117,BZS,HCP,2024-05-11
CM~Shortform New_CT~VID_VD~60s_PH~CONSD_BO~TRF_PB~FB_PD~NEWSF,YR~23-Q2-07_CL~ASTRA_TA~ONC_DS~THEIR2+2L_MB~Neurexa_CU~HCP_CA~B_PH~CONSD_BO~TRF_PB~FB_CN~17721-9-115463_FF~New Pixel RTA LAL_Link Clicks,AN~EngagementRTALAL_TG~RT_DE~A25-65F_MA~ntl_RG~USA_PH~CONSD_BO~TRF_PB~FB_PD~NEWSF,316,332,3,0,0,0,0,0,0,1.9,0,0.0,27,0,0,0,0,24,BZS,HCP,2024-05-11
CM~Shortform A New_CT~VID_VD~60s_PH~CONSD_BO~TRF_PB~FB_PD~NEWSF,YR~23-Q2-07_CL~ASTRA_TA~ONC_DS~THEIR2+2L_MB~Neurexa_CU~HCP_CA~B_PH~CONSD_BO~TRF_PB~FB_CN~17721-9-115463_FF~New Pixel RTA LAL_Link Clicks,AN~Pixel RTA LAL_TG~RT_DE~A25-65F_MA~ntl_RG~USA_PH~CONSD_BO~TRF_PB~FB_PD~NEWSF,4116,5330,32,0,0,0,0,0,0,26.02,0,0.0,385,0,0,0,0,353,BZS,HCP,2024-05-11
CM~Shortform B New_CT~VID_VD~60s_PH~CONSD_BO~TRF_PB~FB_PD~NEWSF,YR~23-Q2-07_CL~ASTRA_TA~ONC_DS~THEIR2+2L_MB~Neurexa_CU~HCP_CA~B_PH~CONSD_BO~TRF_PB~FB_CN~17721-9-115463_FF~New Pixel RTA LAL_Link Clicks,AN~Pixel RTA LAL_TG~RT_DE~A25-65F_MA~ntl_RG~USA_PH~CONSD_BO~TRF_PB~FB_PD~NEWSF,3715,4592,34,0,0,0,0,0,0,24.91,0,0.0,363,0,0,0,0,329,BZS,HCP,2024-05-11
CM~Shortform New_CT~VID_VD~60s_PH~CONSD_BO~TRF_PB~FB_PD~NEWSF,YR~23-Q2-07_CL~ASTRA_TA~ONC_DS~THEIR2+2L_MB~Neurexa_CU~HCP_CA~B_PH~CONSD_BO~TRF_PB~FB_CN~17721-9-115463_FF~New Pixel RTA LAL_Link Clicks,AN~Pixel RTA LAL_TG~RT_DE~A25-65F_MA~ntl_RG~USA_PH~CONSD_BO~TRF_PB~FB_PD~NEWSF,1345,1595,7,0,0,0,0,0,0,7.39,0,0.0,103,0,0,0,0,96,BZS,HCP,2024-05-11
CM~Shortform A New_CT~VID_VD~60s_PH~CONSD_BO~TRF_PB~FB_PD~NEWSF,YR~23-Q2-07_CL~ASTRA_TA~ONC_DS~THEIR2+2L_MB~Neurexa_CU~HCP_CA~B_PH~CONSD_BO~TRF_PB~FB_CN~17721-9-115463_FF~New Pixel RTA LAL_Link Clicks,AN~VideoRTALAL_TG~RT_DE~A25-65F_MA~ntl_RG~USA_PH~CONSD_BO~TRF_PB~FB_PD~NEWSF,8451,9301,58,0,0,0,0,0,0,42.21,0,0.0,696,0,0,0,0,638,BZS,HCP,2024-05-11
CM~Shortform B New_CT~VID_VD~60s_PH~CONSD_BO~TRF_PB~FB_PD~NEWSF,YR~23-Q2-07_CL~ASTRA_TA~ONC_DS~THEIR2+2L_MB~Neurexa_CU~HCP_CA~B_PH~CONSD_BO~TRF_PB~FB_CN~17721-9-115463_FF~New Pixel RTA LAL_Link Clicks,AN~VideoRTALAL_TG~RT_DE~A25-65F_MA~ntl_RG~USA_PH~CONSD_BO~TRF_PB~FB_PD~NEWSF,3219,3398,13,0,0,0,0,0,0,15.74,0,0.0,242,0,0,0,0,229,BZS,HCP,2024-05-11
CM~Shortform New_CT~VID_VD~60s_PH~CONSD_BO~TRF_PB~FB_PD~NEWSF,YR~23-Q2-07_CL~ASTRA_TA~ONC_DS~THEIR2+2L_MB~Neurexa_CU~HCP_CA~B_PH~CONSD_BO~TRF_PB~FB_CN~17721-9-115463_FF~New Pixel RTA LAL_Link Clicks,AN~VideoRTALAL_TG~RT_DE~A25-65F_MA~ntl_RG~USA_PH~CONSD_BO~TRF_PB~FB_PD~NEWSF,843,897,5,0,0,0,0,0,0,4.16,0,0.0,71,0,0,0,0,66,BZS,HCP,2024-05-11
CM~Shortform A New_CT~VID_VD~60s_PH~CONSD_BO~TRF_PB~FB_PD~NEWSF,YR~23-Q2-07_CL~ASTRA_TA~ONC_DS~THEIR2+2L_MB~Neurexa_CU~HCP_CA~B_PH~CONSD_BO~TRF_PB~FB_CN~17721-9-115463_FF~New Pixel RTA_Link Clicks,AN~Engagement RTA_TG~RT_DE~A25-65F_MA~ntl_RG~USA_PH~CONSD_BO~TRF_PB~FB_PD~NEWSF,1105,1515,13,0,0,0,0,0,0,13.19,0,0.0,129,0,0,0,0,116,BZS,HCP,2024-05-11
CM~Shortform B New_CT~VID_VD~60s_PH~CONSD_BO~TRF_PB~FB_PD~NEWSF,YR~23-Q2-07_CL~ASTRA_TA~ONC_DS~THEIR2+2L_MB~Neurexa_CU~HCP_CA~B_PH~CONSD_BO~TRF_PB~FB_CN~17721-9-115463_FF~New Pixel RTA_Link Clicks,AN~Engagement RTA_TG~RT_DE~A25-65F_MA~ntl_RG~USA_PH~CONSD_BO~TRF_PB~FB_PD~NEWSF,700,878,5,0,0,0,0,0,0,7.25,0,0.0,52,0,0,0,0,47,BZS,HCP,2024-05-11
CM~Shortform New_CT~VID_VD~60s_PH~CONSD_BO~TRF_PB~FB_PD~NEWSF,YR~23-Q2-07_CL~ASTRA_TA~ONC_DS~THEIR2+2L_MB~Neurexa_CU~HCP_CA~B_PH~CONSD_BO~TRF_PB~FB_CN~17721-9-115463_FF~New Pixel RTA_Link Clicks,AN~Engagement RTA_TG~RT_DE~A25-65F_MA~ntl_RG~USA_PH~CONSD_BO~TRF_PB~FB_PD~NEWSF,733,954,5,0,0,0,0,0,0,7.65,0,0.0,59,0,0,0,0,54,BZS,HCP,2024-05-11
CM~Shortform A New_CT~VID_VD~60s_PH~CONSD_BO~TRF_PB~FB_PD~NEWSF,YR~23-Q2-07_CL~ASTRA_TA~ONC_DS~THEIR2+2L_MB~Neurexa_CU~HCP_CA~B_PH~CONSD_BO~TRF_PB~FB_CN~17721-9-115463_FF~New Pixel RTA_Link Clicks,AN~Pixel RTA_TG~RT_DE~A25-65F_MA~ntl_RG~USA_PH~CONSD_BO~TRF_PB~FB_PD~NEWSF,1972,4106,41,0,0,0,0,0,0,38.81,0,0.0,404,0,0,0,0,363,BZS,HCP,2024-05-11
CM~Shortform B New_CT~VID_VD~60s_PH~CONSD_BO~TRF_PB~FB_PD~NEWSF,YR~23-Q2-07_CL~ASTRA_TA~ONC_DS~THEIR2+2L_MB~Neurexa_CU~HCP_CA~B_PH~CONSD_BO~TRF_PB~FB_CN~17721-9-115463_FF~New Pixel RTA_Link Clicks,AN~Pixel RTA_TG~RT_DE~A25-65F_MA~ntl_RG~USA_PH~CONSD_BO~TRF_PB~FB_PD~NEWSF,2166,4117,44,0,0,0,0,0,0,43.91,0,0.0,429,0,0,0,0,385,BZS,HCP,2024-05-11
CM~Shortform New_CT~VID_VD~60s_PH~CONSD_BO~TRF_PB~FB_PD~NEWSF,YR~23-Q2-07_CL~ASTRA_TA~ONC_DS~THEIR2+2L_MB~Neurexa_CU~HCP_CA~B_PH~CONSD_BO~TRF_PB~FB_CN~17721-9-115463_FF~New Pixel RTA_Link Clicks,AN~Pixel RTA_TG~RT_DE~A25-65F_MA~ntl_RG~USA_PH~CONSD_BO~TRF_PB~FB_PD~NEWSF,473,898,17,0,0,0,0,0,0,10.84,0,0.0,99,0,0,0,0,82,BZS,HCP,2024-05-11
CM~Shortform A New_CT~VID_VD~60s_PH~CONSD_BO~TRF_PB~FB_PD~NEWSF,YR~23-Q2-07_CL~ASTRA_TA~ONC_DS~THEIR2+2L_MB~Neurexa_CU~HCP_CA~B_PH~CONSD_BO~TRF_PB~FB_CN~17721-9-115463_FF~New Pixel RTA_Link Clicks,AN~Pixel Search RTA_TG~RT_DE~A25-65F_MA~ntl_RG~USA_PH~CONSD_BO~TRF_PB~FB_PD~NEWSF,80,87,0,0,0,0,0,0,0,0.5,0,0.0,8,0,0,0,0,8,BZS,HCP,2024-05-11
CM~Shortform A New_CT~VID_VD~60s_PH~CONSD_BO~TRF_PB~FB_PD~NEWSF,YR~23-Q2-07_CL~ASTRA_TA~ONC_DS~THEIR2+2L_MB~Neurexa_CU~HCP_CA~B_PH~CONSD_BO~TRF_PB~FB_CN~17721-9-115463_FF~New Pixel RTA_Link Clicks,AN~Video RTA_TG~RT_DE~A25-65F_MA~ntl_RG~USA_PH~CONSD_BO~TRF_PB~FB_PD~NEWSF,3154,4282,23,0,0,0,0,0,0,23.91,0,0.0,573,0,0,0,0,550,BZS,HCP,2024-05-11
CM~Shortform B New_CT~VID_VD~60s_PH~CONSD_BO~TRF_PB~FB_PD~NEWSF,YR~23-Q2-07_CL~ASTRA_TA~ONC_DS~THEIR2+2L_MB~Neurexa_CU~HCP_CA~B_PH~CONSD_BO~TRF_PB~FB_CN~17721-9-115463_FF~New Pixel RTA_Link Clicks,AN~Video RTA_TG~RT_DE~A25-65F_MA~ntl_RG~USA_PH~CONSD_BO~TRF_PB~FB_PD~NEWSF,2177,2892,22,0,0,0,0,0,0,15.2,0,0.0,359,0,0,0,0,337,BZS,HCP,2024-05-11
CM~Shortform New_CT~VID_VD~60s_PH~CONSD_BO~TRF_PB~FB_PD~NEWSF,YR~23-Q2-07_CL~ASTRA_TA~ONC_DS~THEIR2+2L_MB~Neurexa_CU~HCP_CA~B_PH~CONSD_BO~TRF_PB~FB_CN~17721-9-115463_FF~New Pixel RTA_Link Clicks,AN~Video RTA_TG~RT_DE~A25-65F_MA~ntl_RG~USA_PH~CONSD_BO~TRF_PB~FB_PD~NEWSF,1790,2462,18,0,0,0,0,0,0,14.51,0,0.0,295,0,0,0,0,277,BZS,HCP,2024-05-11
CM~Shortform A New_CT~VID_VD~60s_PH~CONSD_BO~TRF_PB~IG_PD~NEWSF,YR~23-Q2-07_CL~ASTRA_TA~ONC_DS~THEIR2+2L_MB~Neurexa_CU~HCP_CA~B_PH~CONSD_BO~TRF_PB~IG_CN~17721-9-115463_FF~New Pixel RTA & LAL_Link Clicks,AN~Engagement RTALAL_TG~RT_DE~A25-65F_MA~ntl_RG~USA_PH~CONSD_BO~TRF_PB~IG_PD~NEWSF,4058,4801,22,0,0,0,0,0,0,46.26,0,2.0,743,0,0,0,0,719,BZS,HCP,2024-05-11
CM~Shortform B New_CT~VID_VD~60s_PH~CONSD_BO~TRF_PB~IG_PD~NEWSF,YR~23-Q2-07_CL~ASTRA_TA~ONC_DS~THEIR2+2L_MB~Neurexa_CU~HCP_CA~B_PH~CONSD_BO~TRF_PB~IG_CN~17721-9-115463_FF~New Pixel RTA & LAL_Link Clicks,AN~Engagement RTALAL_TG~RT_DE~A25-65F_MA~ntl_RG~USA_PH~CONSD_BO~TRF_PB~IG_PD~NEWSF,3674,4462,25,0,0,0,0,0,0,41.94,0,9.0,752,0,0,0,0,717,BZS,HCP,2024-05-11
CM~Shortform B New_CT~VID_VD~60s_PH~CONSD_BO~TRF_PB~IG_PD~NEWSF,YR~23-Q2-07_CL~ASTRA_TA~ONC_DS~THEIR2+2L_MB~Neurexa_CU~HCP_CA~B_PH~CONSD_BO~TRF_PB~IG_CN~17721-9-115463_FF~New Pixel RTA & LAL_Link Clicks,AN~Engagement RTA_TG~RT_DE~A25-65F_MA~ntl_RG~USA_PH~CONSD_BO~TRF_PB~IG_PD~NEWSF,1,1,0,0,0,0,0,0,0,0.0,0,0.0,0,0,0,0,0,0,BZS,HCP,2024-05-11
CM~Shortform New_CT~VID_VD~60s_PH~CONSD_BO~TRF_PB~IG_PD~NEWSF,YR~23-Q2-07_CL~ASTRA_TA~ONC_DS~THEIR2+2L_MB~Neurexa_CU~HCP_CA~B_PH~CONSD_BO~TRF_PB~IG_CN~17721-9-115463_FF~New Pixel RTA & LAL_Link Clicks,AN~Pixel RTA LAL_TG~RT_DE~A25-65F_MA~ntl_RG~USA_PH~CONSD_BO~TRF_PB~IG_PD~NEWSF,429,487,4,0,0,0,0,0,0,4.54,0,0.0,38,0,0,0,0,34,BZS,HCP,2024-05-11
CM~Shortform A New_CT~VID_VD~60s_PH~CONSD_BO~TRF_PB~IG_PD~NEWSF,YR~23-Q2-07_CL~ASTRA_TA~ONC_DS~THEIR2+2L_MB~Neurexa_CU~HCP_CA~B_PH~CONSD_BO~TRF_PB~IG_CN~17721-9-115463_FF~New Pixel RTA & LAL_Link Clicks,AN~Pixel RTA LAL_TG~RT_DE~A25-65F_MA~ntl_RG~USA_PH~CONSD_BO~TRF_PB~IG_PD~NEWSF,14,16,0,0,0,0,0,0,0,0.1,0,0.0,1,0,0,0,0,1,BZS,HCP,2024-05-11
CM~Shortform B New_CT~VID_VD~60s_PH~CONSD_BO~TRF_PB~IG_PD~NEWSF,YR~23-Q2-07_CL~ASTRA_TA~ONC_DS~THEIR2+2L_MB~Neurexa_CU~HCP_CA~B_PH~CONSD_BO~TRF_PB~IG_CN~17721-9-115463_FF~New Pixel RTA & LAL_Link Clicks,AN~Pixel RTA LAL_TG~RT_DE~A25-65F_MA~ntl_RG~USA_PH~CONSD_BO~TRF_PB~IG_PD~NEWSF,455,522,2,0,0,0,0,0,0,3.91,0,1.0,34,0,0,0,0,30,BZS,HCP,2024-05-11
CM~Shortform A New_CT~VID_VD~60s_PH~CONSD_BO~TRF_PB~IG_PD~NEWSF,YR~23-Q2-07_CL~ASTRA_TA~ONC_DS~THEIR2+2L_MB~Neurexa_CU~HCP_CA~B_PH~CONSD_BO~TRF_PB~IG_CN~17721-9-115463_FF~New Pixel RTA & LAL_Link Clicks,AN~Pixel RTA_TG~RT_DE~A25-65F_MA~ntl_RG~USA_PH~CONSD_BO~TRF_PB~IG_PD~NEWSF,93,117,0,0,0,0,0,0,0,1.88,0,0.0,13,0,0,0,0,13,BZS,HCP,2024-05-11
CM~Shortform B New_CT~VID_VD~60s_PH~CONSD_BO~TRF_PB~IG_PD~NEWSF,YR~23-Q2-07_CL~ASTRA_TA~ONC_DS~THEIR2+2L_MB~Neurexa_CU~HCP_CA~B_PH~CONSD_BO~TRF_PB~IG_CN~17721-9-115463_FF~New Pixel RTA & LAL_Link Clicks,AN~Pixel RTA_TG~RT_DE~A25-65F_MA~ntl_RG~USA_PH~CONSD_BO~TRF_PB~IG_PD~NEWSF,67,87,3,0,0,0,0,0,0,3.85,0,0.0,17,0,0,0,0,14,BZS,HCP,2024-05-11
CM~Shortform A New_CT~VID_VD~60s_PH~CONSD_BO~TRF_PB~IG_PD~NEWSF,YR~23-Q2-07_CL~ASTRA_TA~ONC_DS~THEIR2+2L_MB~Neurexa_CU~HCP_CA~B_PH~CONSD_BO~TRF_PB~IG_CN~17721-9-115463_FF~New Pixel RTA & LAL_Link Clicks,AN~Video RTALAL_TG~RT_DE~A25-65F_MA~ntl_RG~USA_PH~CONSD_BO~TRF_PB~IG_PD~NEWSF,189,202,1,0,0,0,0,0,0,1.97,0,1.0,54,0,0,0,0,52,BZS,HCP,2024-05-11
CM~Shortform B New_CT~VID_VD~60s_PH~CONSD_BO~TRF_PB~IG_PD~NEWSF,YR~23-Q2-07_CL~ASTRA_TA~ONC_DS~THEIR2+2L_MB~Neurexa_CU~HCP_CA~B_PH~CONSD_BO~TRF_PB~IG_CN~17721-9-115463_FF~New Pixel RTA & LAL_Link Clicks,AN~Video RTALAL_TG~RT_DE~A25-65F_MA~ntl_RG~USA_PH~CONSD_BO~TRF_PB~IG_PD~NEWSF,157,166,1,0,0,0,0,0,0,1.47,0,0.0,39,0,0,0,0,38,BZS,HCP,2024-05-11
CM~Shortform A New_CT~VID_VD~60s_PH~CONSD_BO~TRF_PB~FB_PD~NEWSF,YR~23-Q3-07_CL~ASTRA_TA~ONC_DS~THEIR2+2L_MB~Neurexa_CU~HCP_CA~B_PH~CONSD_BO~TRF_PB~FB_CN~17721-9-115463_FF~GeoTargeting,AN~GeoTargeting_TG~_DE~A25-65F_MA~ntl_RG~USA_PH~CONSD_BO~TRF_PB~FB_PD~NEWSF,1714,4360,24,0,0,0,0,0,0,48.13,0,0.0,351,0,0,0,0,327,BZS,HCP,2024-05-11
CM~Shortform B New_CT~VID_VD~60s_PH~CONSD_BO~TRF_PB~FB_PD~NEWSF,YR~23-Q3-07_CL~ASTRA_TA~ONC_DS~THEIR2+2L_MB~Neurexa_CU~HCP_CA~B_PH~CONSD_BO~TRF_PB~FB_CN~17721-9-115463_FF~GeoTargeting,AN~GeoTargeting_TG~_DE~A25-65F_MA~ntl_RG~USA_PH~CONSD_BO~TRF_PB~FB_PD~NEWSF,594,1216,8,0,0,0,0,0,0,13.13,0,0.0,91,0,0,0,0,83,BZS,HCP,2024-05-11
CM~Shortform New_CT~VID_VD~60s_PH~CONSD_BO~TRF_PB~FB_PD~NEWSF,YR~23-Q3-07_CL~ASTRA_TA~ONC_DS~THEIR2+2L_MB~Neurexa_CU~HCP_CA~B_PH~CONSD_BO~TRF_PB~FB_CN~17721-9-115463_FF~GeoTargeting,AN~GeoTargeting_TG~_DE~A25-65F_MA~ntl_RG~USA_PH~CONSD_BO~TRF_PB~FB_PD~NEWSF,897,1627,7,0,0,0,0,0,0,15.28,0,0.0,124,0,0,0,0,117,BZS,HCP,2024-05-11
CM~Shortform B New_CT~VID_VD~60s_PH~CONSD_BO~TRF_PB~IG_PD~NEWSF,YR~23-Q3-07_CL~ASTRA_TA~ONC_DS~THEIR2+2L_MB~Neurexa_CU~HCP_CA~B_PH~CONSD_BO~TRF_PB~IG_CN~17721-9-115463_FF~GeoTargeting,AN~GeoTargeting_TG~_DE~A25-65F_MA~ntl_RG~USA_PH~CONSD_BO~TRF_PB~IG_PD~NEWSF,1544,2019,3,0,0,0,0,0,0,32.71,0,0.0,291,0,0,0,0,288,BZS,HCP,2024-05-11
CM~Shortform A New_CT~VID_VD~60s_PH~CONSD_BO~TRF_PB~IG_PD~NEWSF,YR~23-Q3-07_CL~ASTRA_TA~ONC_DS~THEIR2+2L_MB~Neurexa_CU~HCP_CA~B_PH~CONSD_BO~TRF_PB~IG_CN~17721-9-115463_FF~GeoTargeting,AN~GeoTargeting_TG~_DE~A25-65F_MA~ntl_RG~USA_PH~CONSD_BO~TRF_PB~IG_PD~NEWSF,768,954,3,0,0,0,0,0,0,17.25,0,0.0,141,1,0,0,0,137,BZS,HCP,2024-05-11
CM~Shortform New_CT~VID_VD~60s_PH~CONSD_BO~TRF_PB~IG_PD~NEWSF,YR~23-Q3-07_CL~ASTRA_TA~ONC_DS~THEIR2+2L_MB~Neurexa_CU~HCP_CA~B_PH~CONSD_BO~TRF_PB~IG_CN~17721-9-115463_FF~GeoTargeting,AN~GeoTargeting_TG~_DE~A25-65F_MA~ntl_RG~USA_PH~CONSD_BO~TRF_PB~IG_PD~NEWSF,992,1294,2,0,0,0,0,0,0,20.62,0,0.0,200,0,0,0,0,197,BZS,HCP,2024-05-11
CM~Shortform A New_CT~VID_VD~60s_PH~CONSD_BO~TRF_PB~FB_PD~NEWSF,YR~23-Q3-08_CL~ASTRA_TA~ONC_DS~THEIR2+2L_MB~Neurexa_CU~HCP_CA~B_PH~CONSD_BO~TRF_PB~FB_CN~17721-9-115463_FF~Proact HCPs,AN~ProactHCPs_TG~3P_DE~A25-65F_MA~ntl_RG~USA_PH~CONSD_BO~TRF_PB~FB_PD~NEWSF,249,638,1,0,0,0,0,0,0,14.56,0,0.0,57,0,0,0,0,56,BZS,HCP,2024-05-11
CM~Shortform B New_CT~VID_VD~60s_PH~CONSD_BO~TRF_PB~FB_PD~NEWSF,YR~23-Q3-08_CL~ASTRA_TA~ONC_DS~THEIR2+2L_MB~Neurexa_CU~HCP_CA~B_PH~CONSD_BO~TRF_PB~FB_CN~17721-9-115463_FF~Proact HCPs,AN~ProactHCPs_TG~3P_DE~A25-65F_MA~ntl_RG~USA_PH~CONSD_BO~TRF_PB~FB_PD~NEWSF,108,267,1,0,0,0,0,0,0,5.73,0,0.0,29,0,0,0,0,28,BZS,HCP,2024-05-11
CM~Shortform New_CT~VID_VD~60s_PH~CONSD_BO~TRF_PB~FB_PD~NEWSF,YR~23-Q3-08_CL~ASTRA_TA~ONC_DS~THEIR2+2L_MB~Neurexa_CU~HCP_CA~B_PH~CONSD_BO~TRF_PB~FB_CN~17721-9-115463_FF~Proact HCPs,AN~ProactHCPs_TG~3P_DE~A25-65F_MA~ntl_RG~USA_PH~CONSD_BO~TRF_PB~FB_PD~NEWSF,272,901,3,0,0,0,0,0,0,17.17,0,0.0,85,0,0,0,0,82,BZS,HCP,2024-05-11
CM~IX Ad_CT~VID_VD~60s_PH~CONSD_BO~TRF_PB~FB_PD~NEWSF,YR~23-Q3-09_CL~ASTRA_TA~ONC_DS~THEIR2+2L_MB~Neurexa_CU~HCP_CA~B_PH~CONSD_BO~TRF_PB~FB_CN~17721-9-115463_FF~Instant Experience,AN~GeoLocation_TG~3P_DE~A25-65F_MA~ntl_RG~USA_PH~CONSD_BO~TRF_PB~FB_PD~NEWSF,15186,43288,82,0,0,0,0,0,0,410.88,0,0.0,5513,0,0,591,0,5431,BZS,HCP,2024-05-11
CM~In Stream_CT~VID_VD~15s_PH~CONSD_BO~AWE_PB~FB_PD~MSSGR,YR~23-Q2-05_CL~ALLY_TA~ONC_DS~PAN_MB~Neurexa_CU~HCP_CA~B_PH~CONSD_BO~AWE_PB~FB_CN~17722-9-115918_FF~ Instream,CM~EngRTALAL_CT~VID_VD~15s_PH~CONSD_BO~AWE_PB~FB_PD~MSSGR,29871,32652,0,0,0,0,0,0,0,433.82,0,0.0,15475,0,0,0,0,15469,AST,HCP,2024-05-12
CM~In Stream_CT~VID_VD~15s_PH~CONSD_BO~AWE_PB~FB_PD~MSSGR,YR~23-Q2-05_CL~ALLY_TA~ONC_DS~PAN_MB~Neurexa_CU~HCP_CA~B_PH~CONSD_BO~AWE_PB~FB_CN~17722-9-115918_FF~ Instream,CM~EngRTA_CT~VID_VD~15s_PH~CONSD_BO~AWE_PB~FB_PD~MSSGR,220,221,0,0,0,0,0,0,0,3.0,0,0.0,107,0,0,0,0,107,AST,HCP,2024-05-12
CM~In Stream_CT~VID_VD~15s_PH~CONSD_BO~AWE_PB~FB_PD~MSSGR,YR~23-Q2-05_CL~ALLY_TA~ONC_DS~PAN_MB~Neurexa_CU~HCP_CA~B_PH~CONSD_BO~AWE_PB~FB_CN~17722-9-115918_FF~ Instream,CM~PixelRTALAL_CT~VID_VD~15s_PH~CONSD_BO~AWE_PB~FB_PD~MSSGR,8375,8797,0,0,0,0,0,0,0,124.33,0,0.0,3738,0,0,0,0,3738,AST,HCP,2024-05-12
CM~In Stream_CT~VID_VD~15s_PH~CONSD_BO~AWE_PB~FB_PD~MSSGR,YR~23-Q2-05_CL~ALLY_TA~ONC_DS~PAN_MB~Neurexa_CU~HCP_CA~B_PH~CONSD_BO~AWE_PB~FB_CN~17722-9-115918_FF~ Instream,CM~PixelRTA_CT~VID_VD~15s_PH~CONSD_BO~AWE_PB~FB_PD~MSSGR,114,114,0,0,0,0,0,0,0,1.5,0,0.0,46,0,0,0,0,46,AST,HCP,2024-05-12
CM~In Stream_CT~VID_VD~15s_PH~CONSD_BO~AWE_PB~FB_PD~MSSGR,YR~24-Q1-01_CL~ALLY_TA~ONC_DS~PAN_MB~Neurexa_CU~HCP_CA~B_PH~CONSD_BO~AWE_PB~FB_CN~17722-9-115918_FF~ Instream 3P,CM~SpecialtyLists_CT~VID_VD~15s_PH~CONSD_BO~AWE_PB~FB_PD~MSSGR 3P,270,270,0,0,0,0,0,0,0,6.07,0,0.0,125,0,0,0,0,125,AST,HCP,2024-05-12
CM~Shortform A New_CT~VID_VD~60s_PH~CONSD_BO~TRF_PB~FB_PD~NEWSF,YR~23-Q2-07-CL~ASTRA_TA~ONC_DS~THEIR2+2L_MB~Neurexa_CU~HCP_CA~B_PH~CONSD_BO~TRF_PB~FB_CN~17721-9-115463_FF~New Rx HCPs_Link Clicks,AN~HCPs_TG~3P_DE~A25-65F_MA~ntl_RG~USA_PH~CONSD_BO~TRF_PB~FB_PD~NEWSF,1065,1840,9,0,0,0,0,0,0,15.4,0,0.0,159,0,0,0,0,150,BZS,HCP,2024-05-12
CM~Shortform B New_CT~VID_VD~60s_PH~CONSD_BO~TRF_PB~FB_PD~NEWSF,YR~23-Q2-07-CL~ASTRA_TA~ONC_DS~THEIR2+2L_MB~Neurexa_CU~HCP_CA~B_PH~CONSD_BO~TRF_PB~FB_CN~17721-9-115463_FF~New Rx HCPs_Link Clicks,AN~HCPs_TG~3P_DE~A25-65F_MA~ntl_RG~USA_PH~CONSD_BO~TRF_PB~FB_PD~NEWSF,556,951,4,0,0,0,0,0,0,7.55,0,0.0,100,0,0,0,0,96,BZS,HCP,2024-05-12
CM~Shortform New_CT~VID_VD~60s_PH~CONSD_BO~TRF_PB~FB_PD~NEWSF,YR~23-Q2-07-CL~ASTRA_TA~ONC_DS~THEIR2+2L_MB~Neurexa_CU~HCP_CA~B_PH~CONSD_BO~TRF_PB~FB_CN~17721-9-115463_FF~New Rx HCPs_Link Clicks,AN~HCPs_TG~3P_DE~A25-65F_MA~ntl_RG~USA_PH~CONSD_BO~TRF_PB~FB_PD~NEWSF,924,1462,5,0,0,0,0,0,0,10.74,0,0.0,133,0,0,0,0,128,BZS,HCP,2024-05-12
CM~Shortform A New_CT~VID_VD~60s_PH~CONSD_BO~TRF_PB~FB_PD~NEWSF,YR~23-Q2-07_CL~ASTRA_TA~ONC_DS~THEIR2+2L_MB~Neurexa_CU~HCP_CA~B_PH~CONSD_BO~TRF_PB~FB_CN~17721-9-115463_FF~New Pixel RTA LAL_Link Clicks,AN~EngagementRTALAL_TG~RT_DE~A25-65F_MA~ntl_RG~USA_PH~CONSD_BO~TRF_PB~FB_PD~NEWSF,1867,1960,18,0,0,0,0,0,0,11.67,0,0.0,112,0,0,0,0,94,BZS,HCP,2024-05-12
CM~Shortform B New_CT~VID_VD~60s_PH~CONSD_BO~TRF_PB~FB_PD~NEWSF,YR~23-Q2-07_CL~ASTRA_TA~ONC_DS~THEIR2+2L_MB~Neurexa_CU~HCP_CA~B_PH~CONSD_BO~TRF_PB~FB_CN~17721-9-115463_FF~New Pixel RTA LAL_Link Clicks,AN~EngagementRTALAL_TG~RT_DE~A25-65F_MA~ntl_RG~USA_PH~CONSD_BO~TRF_PB~FB_PD~NEWSF,1435,1497,13,0,0,0,0,0,0,9.78,0,0.0,91,0,0,0,0,78,BZS,HCP,2024-05-12
CM~Shortform New_CT~VID_VD~60s_PH~CONSD_BO~TRF_PB~FB_PD~NEWSF,YR~23-Q2-07_CL~ASTRA_TA~ONC_DS~THEIR2+2L_MB~Neurexa_CU~HCP_CA~B_PH~CONSD_BO~TRF_PB~FB_CN~17721-9-115463_FF~New Pixel RTA LAL_Link Clicks,AN~EngagementRTALAL_TG~RT_DE~A25-65F_MA~ntl_RG~USA_PH~CONSD_BO~TRF_PB~FB_PD~NEWSF,261,276,1,0,0,0,0,0,0,0.73,0,0.0,18,0,0,0,0,17,BZS,HCP,2024-05-12
CM~Shortform A New_CT~VID_VD~60s_PH~CONSD_BO~TRF_PB~FB_PD~NEWSF,YR~23-Q2-07_CL~ASTRA_TA~ONC_DS~THEIR2+2L_MB~Neurexa_CU~HCP_CA~B_PH~CONSD_BO~TRF_PB~FB_CN~17721-9-115463_FF~New Pixel RTA LAL_Link Clicks,AN~Pixel RTA LAL_TG~RT_DE~A25-65F_MA~ntl_RG~USA_PH~CONSD_BO~TRF_PB~FB_PD~NEWSF,4629,5865,39,0,0,0,0,0,0,28.98,0,0.0,470,0,0,0,0,431,BZS,HCP,2024-05-12
CM~Shortform B New_CT~VID_VD~60s_PH~CONSD_BO~TRF_PB~FB_PD~NEWSF,YR~23-Q2-07_CL~ASTRA_TA~ONC_DS~THEIR2+2L_MB~Neurexa_CU~HCP_CA~B_PH~CONSD_BO~TRF_PB~FB_CN~17721-9-115463_FF~New Pixel RTA LAL_Link Clicks,AN~Pixel RTA LAL_TG~RT_DE~A25-65F_MA~ntl_RG~USA_PH~CONSD_BO~TRF_PB~FB_PD~NEWSF,3088,3671,22,0,0,0,0,0,0,18.89,0,0.0,267,0,0,0,0,245,BZS,HCP,2024-05-12
CM~Shortform New_CT~VID_VD~60s_PH~CONSD_BO~TRF_PB~FB_PD~NEWSF,YR~23-Q2-07_CL~ASTRA_TA~ONC_DS~THEIR2+2L_MB~Neurexa_CU~HCP_CA~B_PH~CONSD_BO~TRF_PB~FB_CN~17721-9-115463_FF~New Pixel RTA LAL_Link Clicks,AN~Pixel RTA LAL_TG~RT_DE~A25-65F_MA~ntl_RG~USA_PH~CONSD_BO~TRF_PB~FB_PD~NEWSF,1519,1779,10,0,0,0,0,0,0,6.84,0,0.0,115,0,0,0,0,105,BZS,HCP,2024-05-12
CM~Shortform A New_CT~VID_VD~60s_PH~CONSD_BO~TRF_PB~FB_PD~NEWSF,YR~23-Q2-07_CL~ASTRA_TA~ONC_DS~THEIR2+2L_MB~Neurexa_CU~HCP_CA~B_PH~CONSD_BO~TRF_PB~FB_CN~17721-9-115463_FF~New Pixel RTA LAL_Link Clicks,AN~VideoRTALAL_TG~RT_DE~A25-65F_MA~ntl_RG~USA_PH~CONSD_BO~TRF_PB~FB_PD~NEWSF,7837,8560,46,0,0,0,0,0,0,41.97,0,0.0,624,0,0,0,0,578,BZS,HCP,2024-05-12
CM~Shortform B New_CT~VID_VD~60s_PH~CONSD_BO~TRF_PB~FB_PD~NEWSF,YR~23-Q2-07_CL~ASTRA_TA~ONC_DS~THEIR2+2L_MB~Neurexa_CU~HCP_CA~B_PH~CONSD_BO~TRF_PB~FB_CN~17721-9-115463_FF~New Pixel RTA LAL_Link Clicks,AN~VideoRTALAL_TG~RT_DE~A25-65F_MA~ntl_RG~USA_PH~CONSD_BO~TRF_PB~FB_PD~NEWSF,1629,1725,10,0,0,0,0,0,0,8.11,0,0.0,133,0,0,0,0,123,BZS,HCP,2024-05-12
CM~Shortform New_CT~VID_VD~60s_PH~CONSD_BO~TRF_PB~FB_PD~NEWSF,YR~23-Q2-07_CL~ASTRA_TA~ONC_DS~THEIR2+2L_MB~Neurexa_CU~HCP_CA~B_PH~CONSD_BO~TRF_PB~FB_CN~17721-9-115463_FF~New Pixel RTA LAL_Link Clicks,AN~VideoRTALAL_TG~RT_DE~A25-65F_MA~ntl_RG~USA_PH~CONSD_BO~TRF_PB~FB_PD~NEWSF,669,693,4,0,0,0,0,0,0,3.32,0,0.0,51,0,0,0,0,47,BZS,HCP,2024-05-12
CM~Shortform A New_CT~VID_VD~60s_PH~CONSD_BO~TRF_PB~FB_PD~NEWSF,YR~23-Q2-07_CL~ASTRA_TA~ONC_DS~THEIR2+2L_MB~Neurexa_CU~HCP_CA~B_PH~CONSD_BO~TRF_PB~FB_CN~17721-9-115463_FF~New Pixel RTA_Link Clicks,AN~Engagement RTA_TG~RT_DE~A25-65F_MA~ntl_RG~USA_PH~CONSD_BO~TRF_PB~FB_PD~NEWSF,1142,1552,16,0,0,0,0,0,0,16.05,0,0.0,101,0,0,0,0,85,BZS,HCP,2024-05-12
CM~Shortform B New_CT~VID_VD~60s_PH~CONSD_BO~TRF_PB~FB_PD~NEWSF,YR~23-Q2-07_CL~ASTRA_TA~ONC_DS~THEIR2+2L_MB~Neurexa_CU~HCP_CA~B_PH~CONSD_BO~TRF_PB~FB_CN~17721-9-115463_FF~New Pixel RTA_Link Clicks,AN~Engagement RTA_TG~RT_DE~A25-65F_MA~ntl_RG~USA_PH~CONSD_BO~TRF_PB~FB_PD~NEWSF,527,637,3,0,0,0,0,0,0,3.95,0,0.0,25,0,0,0,0,22,BZS,HCP,2024-05-12
CM~Shortform New_CT~VID_VD~60s_PH~CONSD_BO~TRF_PB~FB_PD~NEWSF,YR~23-Q2-07_CL~ASTRA_TA~ONC_DS~THEIR2+2L_MB~Neurexa_CU~HCP_CA~B_PH~CONSD_BO~TRF_PB~FB_CN~17721-9-115463_FF~New Pixel RTA_Link Clicks,AN~Engagement RTA_TG~RT_DE~A25-65F_MA~ntl_RG~USA_PH~CONSD_BO~TRF_PB~FB_PD~NEWSF,672,838,7,0,0,0,0,0,0,7.24,0,0.0,55,0,0,0,0,48,BZS,HCP,2024-05-12
CM~Shortform A New_CT~VID_VD~60s_PH~CONSD_BO~TRF_PB~FB_PD~NEWSF,YR~23-Q2-07_CL~ASTRA_TA~ONC_DS~THEIR2+2L_MB~Neurexa_CU~HCP_CA~B_PH~CONSD_BO~TRF_PB~FB_CN~17721-9-115463_FF~New Pixel RTA_Link Clicks,AN~Pixel RTA_TG~RT_DE~A25-65F_MA~ntl_RG~USA_PH~CONSD_BO~TRF_PB~FB_PD~NEWSF,2149,4349,37,0,0,0,0,0,0,38.87,0,0.0,454,0,0,0,0,417,BZS,HCP,2024-05-12
CM~Shortform B New_CT~VID_VD~60s_PH~CONSD_BO~TRF_PB~FB_PD~NEWSF,YR~23-Q2-07_CL~ASTRA_TA~ONC_DS~THEIR2+2L_MB~Neurexa_CU~HCP_CA~B_PH~CONSD_BO~TRF_PB~FB_CN~17721-9-115463_FF~New Pixel RTA_Link Clicks,AN~Pixel RTA_TG~RT_DE~A25-65F_MA~ntl_RG~USA_PH~CONSD_BO~TRF_PB~FB_PD~NEWSF,1862,3434,32,0,0,0,0,0,0,37.69,0,0.0,366,0,0,0,0,334,BZS,HCP,2024-05-12
CM~Shortform New_CT~VID_VD~60s_PH~CONSD_BO~TRF_PB~FB_PD~NEWSF,YR~23-Q2-07_CL~ASTRA_TA~ONC_DS~THEIR2+2L_MB~Neurexa_CU~HCP_CA~B_PH~CONSD_BO~TRF_PB~FB_CN~17721-9-115463_FF~New Pixel RTA_Link Clicks,AN~Pixel RTA_TG~RT_DE~A25-65F_MA~ntl_RG~USA_PH~CONSD_BO~TRF_PB~FB_PD~NEWSF,508,941,9,0,0,0,0,0,0,12.25,0,0.0,81,0,0,0,0,72,BZS,HCP,2024-05-12
CM~Shortform A New_CT~VID_VD~60s_PH~CONSD_BO~TRF_PB~FB_PD~NEWSF,YR~23-Q2-07_CL~ASTRA_TA~ONC_DS~THEIR2+2L_MB~Neurexa_CU~HCP_CA~B_PH~CONSD_BO~TRF_PB~FB_CN~17721-9-115463_FF~New Pixel RTA_Link Clicks,AN~Pixel Search RTA_TG~RT_DE~A25-65F_MA~ntl_RG~USA_PH~CONSD_BO~TRF_PB~FB_PD~NEWSF,91,100,0,0,0,0,0,0,0,0.55,0,0.0,5,0,0,0,0,5,BZS,HCP,2024-05-12
CM~Shortform A New_CT~VID_VD~60s_PH~CONSD_BO~TRF_PB~FB_PD~NEWSF,YR~23-Q2-07_CL~ASTRA_TA~ONC_DS~THEIR2+2L_MB~Neurexa_CU~HCP_CA~B_PH~CONSD_BO~TRF_PB~FB_CN~17721-9-115463_FF~New Pixel RTA_Link Clicks,AN~Video RTA_TG~RT_DE~A25-65F_MA~ntl_RG~USA_PH~CONSD_BO~TRF_PB~FB_PD~NEWSF,3610,4718,25,0,0,0,0,0,0,25.56,0,0.0,632,0,0,0,0,607,BZS,HCP,2024-05-12
CM~Shortform B New_CT~VID_VD~60s_PH~CONSD_BO~TRF_PB~FB_PD~NEWSF,YR~23-Q2-07_CL~ASTRA_TA~ONC_DS~THEIR2+2L_MB~Neurexa_CU~HCP_CA~B_PH~CONSD_BO~TRF_PB~FB_CN~17721-9-115463_FF~New Pixel RTA_Link Clicks,AN~Video RTA_TG~RT_DE~A25-65F_MA~ntl_RG~USA_PH~CONSD_BO~TRF_PB~FB_PD~NEWSF,1504,1912,12,0,0,0,0,0,0,11.58,0,0.0,222,0,0,0,0,210,BZS,HCP,2024-05-12
CM~Shortform New_CT~VID_VD~60s_PH~CONSD_BO~TRF_PB~FB_PD~NEWSF,YR~23-Q2-07_CL~ASTRA_TA~ONC_DS~THEIR2+2L_MB~Neurexa_CU~HCP_CA~B_PH~CONSD_BO~TRF_PB~FB_CN~17721-9-115463_FF~New Pixel RTA_Link Clicks,AN~Video RTA_TG~RT_DE~A25-65F_MA~ntl_RG~USA_PH~CONSD_BO~TRF_PB~FB_PD~NEWSF,1278,1711,9,0,0,0,0,0,0,9.39,0,0.0,206,0,0,0,0,197,BZS,HCP,2024-05-12
CM~Shortform A New_CT~VID_VD~60s_PH~CONSD_BO~TRF_PB~IG_PD~NEWSF,YR~23-Q2-07_CL~ASTRA_TA~ONC_DS~THEIR2+2L_MB~Neurexa_CU~HCP_CA~B_PH~CONSD_BO~TRF_PB~IG_CN~17721-9-115463_FF~New Pixel RTA & LAL_Link Clicks,AN~Engagement RTALAL_TG~RT_DE~A25-65F_MA~ntl_RG~USA_PH~CONSD_BO~TRF_PB~IG_PD~NEWSF,3902,4677,21,0,0,0,0,0,0,38.38,0,6.0,584,0,0,0,0,556,BZS,HCP,2024-05-12
CM~Shortform B New_CT~VID_VD~60s_PH~CONSD_BO~TRF_PB~IG_PD~NEWSF,YR~23-Q2-07_CL~ASTRA_TA~ONC_DS~THEIR2+2L_MB~Neurexa_CU~HCP_CA~B_PH~CONSD_BO~TRF_PB~IG_CN~17721-9-115463_FF~New Pixel RTA & LAL_Link Clicks,AN~Engagement RTALAL_TG~RT_DE~A25-65F_MA~ntl_RG~USA_PH~CONSD_BO~TRF_PB~IG_PD~NEWSF,3636,4275,21,0,0,0,0,0,0,41.45,0,6.0,659,0,0,0,0,630,BZS,HCP,2024-05-12
CM~Shortform New_CT~VID_VD~60s_PH~CONSD_BO~TRF_PB~IG_PD~NEWSF,YR~23-Q2-07_CL~ASTRA_TA~ONC_DS~THEIR2+2L_MB~Neurexa_CU~HCP_CA~B_PH~CONSD_BO~TRF_PB~IG_CN~17721-9-115463_FF~New Pixel RTA & LAL_Link Clicks,AN~Pixel RTA LAL_TG~RT_DE~A25-65F_MA~ntl_RG~USA_PH~CONSD_BO~TRF_PB~IG_PD~NEWSF,460,514,2,0,0,0,0,0,0,3.36,0,0.0,47,0,0,0,0,45,BZS,HCP,2024-05-12
CM~Shortform A New_CT~VID_VD~60s_PH~CONSD_BO~TRF_PB~IG_PD~NEWSF,YR~23-Q2-07_CL~ASTRA_TA~ONC_DS~THEIR2+2L_MB~Neurexa_CU~HCP_CA~B_PH~CONSD_BO~TRF_PB~IG_CN~17721-9-115463_FF~New Pixel RTA & LAL_Link Clicks,AN~Pixel RTA LAL_TG~RT_DE~A25-65F_MA~ntl_RG~USA_PH~CONSD_BO~TRF_PB~IG_PD~NEWSF,27,28,0,0,0,0,0,0,0,0.24,0,0.0,1,0,0,0,0,1,BZS,HCP,2024-05-12
CM~Shortform B New_CT~VID_VD~60s_PH~CONSD_BO~TRF_PB~IG_PD~NEWSF,YR~23-Q2-07_CL~ASTRA_TA~ONC_DS~THEIR2+2L_MB~Neurexa_CU~HCP_CA~B_PH~CONSD_BO~TRF_PB~IG_CN~17721-9-115463_FF~New Pixel RTA & LAL_Link Clicks,AN~Pixel RTA LAL_TG~RT_DE~A25-65F_MA~ntl_RG~USA_PH~CONSD_BO~TRF_PB~IG_PD~NEWSF,491,601,1,0,0,0,0,0,0,4.05,0,1.0,43,0,0,0,0,40,BZS,HCP,2024-05-12
CM~Shortform A New_CT~VID_VD~60s_PH~CONSD_BO~TRF_PB~IG_PD~NEWSF,YR~23-Q2-07_CL~ASTRA_TA~ONC_DS~THEIR2+2L_MB~Neurexa_CU~HCP_CA~B_PH~CONSD_BO~TRF_PB~IG_CN~17721-9-115463_FF~New Pixel RTA & LAL_Link Clicks,AN~Pixel RTA_TG~RT_DE~A25-65F_MA~ntl_RG~USA_PH~CONSD_BO~TRF_PB~IG_PD~NEWSF,94,127,0,0,0,0,0,0,0,2.36,0,1.0,21,0,0,0,0,19,BZS,HCP,2024-05-12
CM~Shortform B New_CT~VID_VD~60s_PH~CONSD_BO~TRF_PB~IG_PD~NEWSF,YR~23-Q2-07_CL~ASTRA_TA~ONC_DS~THEIR2+2L_MB~Neurexa_CU~HCP_CA~B_PH~CONSD_BO~TRF_PB~IG_CN~17721-9-115463_FF~New Pixel RTA & LAL_Link Clicks,AN~Pixel RTA_TG~RT_DE~A25-65F_MA~ntl_RG~USA_PH~CONSD_BO~TRF_PB~IG_PD~NEWSF,72,96,1,0,0,0,0,0,0,3.18,0,0.0,14,0,0,0,0,13,BZS,HCP,2024-05-12
CM~Shortform A New_CT~VID_VD~60s_PH~CONSD_BO~TRF_PB~IG_PD~NEWSF,YR~23-Q2-07_CL~ASTRA_TA~ONC_DS~THEIR2+2L_MB~Neurexa_CU~HCP_CA~B_PH~CONSD_BO~TRF_PB~IG_CN~17721-9-115463_FF~New Pixel RTA & LAL_Link Clicks,AN~Video RTALAL_TG~RT_DE~A25-65F_MA~ntl_RG~USA_PH~CONSD_BO~TRF_PB~IG_PD~NEWSF,210,220,1,0,0,0,0,0,0,2.9,0,1.0,60,0,0,0,0,58,BZS,HCP,2024-05-12
CM~Shortform B New_CT~VID_VD~60s_PH~CONSD_BO~TRF_PB~IG_PD~NEWSF,YR~23-Q2-07_CL~ASTRA_TA~ONC_DS~THEIR2+2L_MB~Neurexa_CU~HCP_CA~B_PH~CONSD_BO~TRF_PB~IG_CN~17721-9-115463_FF~New Pixel RTA & LAL_Link Clicks,AN~Video RTALAL_TG~RT_DE~A25-65F_MA~ntl_RG~USA_PH~CONSD_BO~TRF_PB~IG_PD~NEWSF,197,211,0,0,0,0,0,0,0,1.8900000000000001,0,0.0,54,0,0,0,0,54,BZS,HCP,2024-05-12
CM~Shortform A New_CT~VID_VD~60s_PH~CONSD_BO~TRF_PB~FB_PD~NEWSF,YR~23-Q3-07_CL~ASTRA_TA~ONC_DS~THEIR2+2L_MB~Neurexa_CU~HCP_CA~B_PH~CONSD_BO~TRF_PB~FB_CN~17721-9-115463_FF~GeoTargeting,AN~GeoTargeting_TG~_DE~A25-65F_MA~ntl_RG~USA_PH~CONSD_BO~TRF_PB~FB_PD~NEWSF,1397,3116,23,0,0,0,0,0,0,33.91,0,0.0,301,0,0,0,0,278,BZS,HCP,2024-05-12
CM~Shortform B New_CT~VID_VD~60s_PH~CONSD_BO~TRF_PB~FB_PD~NEWSF,YR~23-Q3-07_CL~ASTRA_TA~ONC_DS~THEIR2+2L_MB~Neurexa_CU~HCP_CA~B_PH~CONSD_BO~TRF_PB~FB_CN~17721-9-115463_FF~GeoTargeting,AN~GeoTargeting_TG~_DE~A25-65F_MA~ntl_RG~USA_PH~CONSD_BO~TRF_PB~FB_PD~NEWSF,629,1301,14,0,0,0,0,0,0,14.12,0,0.0,118,0,0,0,0,104,BZS,HCP,2024-05-12
CM~Shortform New_CT~VID_VD~60s_PH~CONSD_BO~TRF_PB~FB_PD~NEWSF,YR~23-Q3-07_CL~ASTRA_TA~ONC_DS~THEIR2+2L_MB~Neurexa_CU~HCP_CA~B_PH~CONSD_BO~TRF_PB~FB_CN~17721-9-115463_FF~GeoTargeting,AN~GeoTargeting_TG~_DE~A25-65F_MA~ntl_RG~USA_PH~CONSD_BO~TRF_PB~FB_PD~NEWSF,1101,1958,10,0,0,0,0,0,0,19.11,0,0.0,152,0,0,0,0,142,BZS,HCP,2024-05-12
CM~Shortform A New_CT~VID_VD~60s_PH~CONSD_BO~TRF_PB~IG_PD~NEWSF,YR~23-Q3-07_CL~ASTRA_TA~ONC_DS~THEIR2+2L_MB~Neurexa_CU~HCP_CA~B_PH~CONSD_BO~TRF_PB~IG_CN~17721-9-115463_FF~GeoTargeting,AN~GeoTargeting_TG~_DE~A25-65F_MA~ntl_RG~USA_PH~CONSD_BO~TRF_PB~IG_PD~NEWSF,901,1076,5,0,0,0,0,0,0,18.57,0,1.0,178,0,0,0,0,172,BZS,HCP,2024-05-12
CM~Shortform B New_CT~VID_VD~60s_PH~CONSD_BO~TRF_PB~IG_PD~NEWSF,YR~23-Q3-07_CL~ASTRA_TA~ONC_DS~THEIR2+2L_MB~Neurexa_CU~HCP_CA~B_PH~CONSD_BO~TRF_PB~IG_CN~17721-9-115463_FF~GeoTargeting,AN~GeoTargeting_TG~_DE~A25-65F_MA~ntl_RG~USA_PH~CONSD_BO~TRF_PB~IG_PD~NEWSF,1381,1815,2,0,0,0,0,0,0,28.62,0,1.0,239,0,0,0,0,235,BZS,HCP,2024-05-12
CM~Shortform New_CT~VID_VD~60s_PH~CONSD_BO~TRF_PB~IG_PD~NEWSF,YR~23-Q3-07_CL~ASTRA_TA~ONC_DS~THEIR2+2L_MB~Neurexa_CU~HCP_CA~B_PH~CONSD_BO~TRF_PB~IG_CN~17721-9-115463_FF~GeoTargeting,AN~GeoTargeting_TG~_DE~A25-65F_MA~ntl_RG~USA_PH~CONSD_BO~TRF_PB~IG_PD~NEWSF,994,1299,0,0,0,0,0,0,0,18.81,0,0.0,176,0,0,0,0,176,BZS,HCP,2024-05-12
CM~Shortform A New_CT~VID_VD~60s_PH~CONSD_BO~TRF_PB~FB_PD~NEWSF,YR~23-Q3-08_CL~ASTRA_TA~ONC_DS~THEIR2+2L_MB~Neurexa_CU~HCP_CA~B_PH~CONSD_BO~TRF_PB~FB_CN~17721-9-115463_FF~Proact HCPs,AN~ProactHCPs_TG~3P_DE~A25-65F_MA~ntl_RG~USA_PH~CONSD_BO~TRF_PB~FB_PD~NEWSF,177,408,1,0,0,0,0,0,0,8.82,0,0.0,38,0,0,0,0,37,BZS,HCP,2024-05-12
CM~Shortform B New_CT~VID_VD~60s_PH~CONSD_BO~TRF_PB~FB_PD~NEWSF,YR~23-Q3-08_CL~ASTRA_TA~ONC_DS~THEIR2+2L_MB~Neurexa_CU~HCP_CA~B_PH~CONSD_BO~TRF_PB~FB_CN~17721-9-115463_FF~Proact HCPs,AN~ProactHCPs_TG~3P_DE~A25-65F_MA~ntl_RG~USA_PH~CONSD_BO~TRF_PB~FB_PD~NEWSF,136,255,0,0,0,0,0,0,0,5.8,0,0.0,26,0,0,0,0,26,BZS,HCP,2024-05-12
CM~Shortform New_CT~VID_VD~60s_PH~CONSD_BO~TRF_PB~FB_PD~NEWSF,YR~23-Q3-08_CL~ASTRA_TA~ONC_DS~THEIR2+2L_MB~Neurexa_CU~HCP_CA~B_PH~CONSD_BO~TRF_PB~FB_CN~17721-9-115463_FF~Proact HCPs,AN~ProactHCPs_TG~3P_DE~A25-65F_MA~ntl_RG~USA_PH~CONSD_BO~TRF_PB~FB_PD~NEWSF,274,883,4,0,0,0,0,0,0,17.62,0,0.0,75,0,0,0,0,71,BZS,HCP,2024-05-12
CM~IX Ad_CT~VID_VD~60s_PH~CONSD_BO~TRF_PB~FB_PD~NEWSF,YR~23-Q3-09_CL~ASTRA_TA~ONC_DS~THEIR2+2L_MB~Neurexa_CU~HCP_CA~B_PH~CONSD_BO~TRF_PB~FB_CN~17721-9-115463_FF~Instant Experience,AN~GeoLocation_TG~3P_DE~A25-65F_MA~ntl_RG~USA_PH~CONSD_BO~TRF_PB~FB_PD~NEWSF,15480,41682,60,0,0,0,0,0,0,391.25,0,0.0,5213,0,0,742,0,5153,BZS,HCP,2024-05-12
CM~In Stream_CT~VID_VD~15s_PH~CONSD_BO~AWE_PB~FB_PD~MSSGR,YR~23-Q2-05_CL~ALLY_TA~ONC_DS~PAN_MB~Neurexa_CU~HCP_CA~B_PH~CONSD_BO~AWE_PB~FB_CN~17722-9-115918_FF~ Instream,CM~EngRTALAL_CT~VID_VD~15s_PH~CONSD_BO~AWE_PB~FB_PD~MSSGR,32274,34848,1,0,0,0,0,0,0,448.71,0,0.0,16815,0,0,0,0,16811,AST,HCP,2024-05-13
CM~In Stream_CT~VID_VD~15s_PH~CONSD_BO~AWE_PB~FB_PD~MSSGR,YR~23-Q2-05_CL~ALLY_TA~ONC_DS~PAN_MB~Neurexa_CU~HCP_CA~B_PH~CONSD_BO~AWE_PB~FB_CN~17722-9-115918_FF~ Instream,CM~EngRTA_CT~VID_VD~15s_PH~CONSD_BO~AWE_PB~FB_PD~MSSGR,279,279,0,0,0,0,0,0,0,3.7199999999999998,0,0.0,139,0,0,0,0,139,AST,HCP,2024-05-13
CM~In Stream_CT~VID_VD~15s_PH~CONSD_BO~AWE_PB~FB_PD~MSSGR,YR~23-Q2-05_CL~ALLY_TA~ONC_DS~PAN_MB~Neurexa_CU~HCP_CA~B_PH~CONSD_BO~AWE_PB~FB_CN~17722-9-115918_FF~ Instream,CM~PixelRTALAL_CT~VID_VD~15s_PH~CONSD_BO~AWE_PB~FB_PD~MSSGR,7708,8033,0,0,0,0,0,0,0,109.81,0,0.0,3642,0,0,0,0,3642,AST,HCP,2024-05-13
CM~In Stream_CT~VID_VD~15s_PH~CONSD_BO~AWE_PB~FB_PD~MSSGR,YR~23-Q2-05_CL~ALLY_TA~ONC_DS~PAN_MB~Neurexa_CU~HCP_CA~B_PH~CONSD_BO~AWE_PB~FB_CN~17722-9-115918_FF~ Instream,CM~PixelRTA_CT~VID_VD~15s_PH~CONSD_BO~AWE_PB~FB_PD~MSSGR,161,161,0,0,0,0,0,0,0,2.18,0,0.0,72,0,0,0,0,72,AST,HCP,2024-05-13
CM~In Stream_CT~VID_VD~15s_PH~CONSD_BO~AWE_PB~FB_PD~MSSGR,YR~24-Q1-01_CL~ALLY_TA~ONC_DS~PAN_MB~Neurexa_CU~HCP_CA~B_PH~CONSD_BO~AWE_PB~FB_CN~17722-9-115918_FF~ Instream 3P,CM~SpecialtyLists_CT~VID_VD~15s_PH~CONSD_BO~AWE_PB~FB_PD~MSSGR 3P,308,308,0,0,0,0,0,0,0,6.89,0,0.0,131,0,0,0,0,131,AST,HCP,2024-05-13
CM~Shortform A New_CT~VID_VD~60s_PH~CONSD_BO~TRF_PB~FB_PD~NEWSF,YR~23-Q2-07-CL~ASTRA_TA~ONC_DS~THEIR2+2L_MB~Neurexa_CU~HCP_CA~B_PH~CONSD_BO~TRF_PB~FB_CN~17721-9-115463_FF~New Rx HCPs_Link Clicks,AN~HCPs_TG~3P_DE~A25-65F_MA~ntl_RG~USA_PH~CONSD_BO~TRF_PB~FB_PD~NEWSF,1216,2069,10,0,0,0,0,0,0,16.88,0,0.0,172,0,0,0,0,162,BZS,HCP,2024-05-13
CM~Shortform B New_CT~VID_VD~60s_PH~CONSD_BO~TRF_PB~FB_PD~NEWSF,YR~23-Q2-07-CL~ASTRA_TA~ONC_DS~THEIR2+2L_MB~Neurexa_CU~HCP_CA~B_PH~CONSD_BO~TRF_PB~FB_CN~17721-9-115463_FF~New Rx HCPs_Link Clicks,AN~HCPs_TG~3P_DE~A25-65F_MA~ntl_RG~USA_PH~CONSD_BO~TRF_PB~FB_PD~NEWSF,551,911,2,0,0,0,0,0,0,5.71,0,0.0,87,0,0,0,0,85,BZS,HCP,2024-05-13
CM~Shortform New_CT~VID_VD~60s_PH~CONSD_BO~TRF_PB~FB_PD~NEWSF,YR~23-Q2-07-CL~ASTRA_TA~ONC_DS~THEIR2+2L_MB~Neurexa_CU~HCP_CA~B_PH~CONSD_BO~TRF_PB~FB_CN~17721-9-115463_FF~New Rx HCPs_Link Clicks,AN~HCPs_TG~3P_DE~A25-65F_MA~ntl_RG~USA_PH~CONSD_BO~TRF_PB~FB_PD~NEWSF,1045,1561,7,0,0,0,0,0,0,11.18,0,0.0,138,0,0,0,0,131,BZS,HCP,2024-05-13
CM~Shortform A New_CT~VID_VD~60s_PH~CONSD_BO~TRF_PB~FB_PD~NEWSF,YR~23-Q2-07_CL~ASTRA_TA~ONC_DS~THEIR2+2L_MB~Neurexa_CU~HCP_CA~B_PH~CONSD_BO~TRF_PB~FB_CN~17721-9-115463_FF~New Pixel RTA LAL_Link Clicks,AN~EngagementRTALAL_TG~RT_DE~A25-65F_MA~ntl_RG~USA_PH~CONSD_BO~TRF_PB~FB_PD~NEWSF,1318,1369,5,0,0,0,0,0,0,5.41,0,0.0,66,0,0,0,0,61,BZS,HCP,2024-05-13
CM~Shortform B New_CT~VID_VD~60s_PH~CONSD_BO~TRF_PB~FB_PD~NEWSF,YR~23-Q2-07_CL~ASTRA_TA~ONC_DS~THEIR2+2L_MB~Neurexa_CU~HCP_CA~B_PH~CONSD_BO~TRF_PB~FB_CN~17721-9-115463_FF~New Pixel RTA LAL_Link Clicks,AN~EngagementRTALAL_TG~RT_DE~A25-65F_MA~ntl_RG~USA_PH~CONSD_BO~TRF_PB~FB_PD~NEWSF,1381,1433,13,0,0,0,0,0,0,5.52,0,0.0,72,0,0,0,0,59,BZS,HCP,2024-05-13
CM~Shortform New_CT~VID_VD~60s_PH~CONSD_BO~TRF_PB~FB_PD~NEWSF,YR~23-Q2-07_CL~ASTRA_TA~ONC_DS~THEIR2+2L_MB~Neurexa_CU~HCP_CA~B_PH~CONSD_BO~TRF_PB~FB_CN~17721-9-115463_FF~New Pixel RTA LAL_Link Clicks,AN~EngagementRTALAL_TG~RT_DE~A25-65F_MA~ntl_RG~USA_PH~CONSD_BO~TRF_PB~FB_PD~NEWSF,161,170,2,0,0,0,0,0,0,0.42,0,0.0,12,0,0,0,0,10,BZS,HCP,2024-05-13
CM~Shortform A New_CT~VID_VD~60s_PH~CONSD_BO~TRF_PB~FB_PD~NEWSF,YR~23-Q2-07_CL~ASTRA_TA~ONC_DS~THEIR2+2L_MB~Neurexa_CU~HCP_CA~B_PH~CONSD_BO~TRF_PB~FB_CN~17721-9-115463_FF~New Pixel RTA LAL_Link Clicks,AN~Pixel RTA LAL_TG~RT_DE~A25-65F_MA~ntl_RG~USA_PH~CONSD_BO~TRF_PB~FB_PD~NEWSF,4809,5916,34,0,0,0,0,0,0,30.49,0,0.0,418,0,0,0,0,384,BZS,HCP,2024-05-13
CM~Shortform B New_CT~VID_VD~60s_PH~CONSD_BO~TRF_PB~FB_PD~NEWSF,YR~23-Q2-07_CL~ASTRA_TA~ONC_DS~THEIR2+2L_MB~Neurexa_CU~HCP_CA~B_PH~CONSD_BO~TRF_PB~FB_CN~17721-9-115463_FF~New Pixel RTA LAL_Link Clicks,AN~Pixel RTA LAL_TG~RT_DE~A25-65F_MA~ntl_RG~USA_PH~CONSD_BO~TRF_PB~FB_PD~NEWSF,7352,9243,65,0,0,0,0,0,0,48.05,0,0.0,660,0,0,0,0,595,BZS,HCP,2024-05-13
CM~Shortform New_CT~VID_VD~60s_PH~CONSD_BO~TRF_PB~FB_PD~NEWSF,YR~23-Q2-07_CL~ASTRA_TA~ONC_DS~THEIR2+2L_MB~Neurexa_CU~HCP_CA~B_PH~CONSD_BO~TRF_PB~FB_CN~17721-9-115463_FF~New Pixel RTA LAL_Link Clicks,AN~Pixel RTA LAL_TG~RT_DE~A25-65F_MA~ntl_RG~USA_PH~CONSD_BO~TRF_PB~FB_PD~NEWSF,1602,1907,10,0,0,0,0,0,0,9.18,0,0.0,137,0,0,0,0,127,BZS,HCP,2024-05-13
CM~Shortform A New_CT~VID_VD~60s_PH~CONSD_BO~TRF_PB~FB_PD~NEWSF,YR~23-Q2-07_CL~ASTRA_TA~ONC_DS~THEIR2+2L_MB~Neurexa_CU~HCP_CA~B_PH~CONSD_BO~TRF_PB~FB_CN~17721-9-115463_FF~New Pixel RTA LAL_Link Clicks,AN~VideoRTALAL_TG~RT_DE~A25-65F_MA~ntl_RG~USA_PH~CONSD_BO~TRF_PB~FB_PD~NEWSF,4678,4856,31,0,0,0,0,0,0,19.92,0,0.0,438,0,0,0,0,407,BZS,HCP,2024-05-13
CM~Shortform B New_CT~VID_VD~60s_PH~CONSD_BO~TRF_PB~FB_PD~NEWSF,YR~23-Q2-07_CL~ASTRA_TA~ONC_DS~THEIR2+2L_MB~Neurexa_CU~HCP_CA~B_PH~CONSD_BO~TRF_PB~FB_CN~17721-9-115463_FF~New Pixel RTA LAL_Link Clicks,AN~VideoRTALAL_TG~RT_DE~A25-65F_MA~ntl_RG~USA_PH~CONSD_BO~TRF_PB~FB_PD~NEWSF,1688,1733,4,0,0,0,0,0,0,7.11,0,0.0,126,0,0,0,0,122,BZS,HCP,2024-05-13
CM~Shortform New_CT~VID_VD~60s_PH~CONSD_BO~TRF_PB~FB_PD~NEWSF,YR~23-Q2-07_CL~ASTRA_TA~ONC_DS~THEIR2+2L_MB~Neurexa_CU~HCP_CA~B_PH~CONSD_BO~TRF_PB~FB_CN~17721-9-115463_FF~New Pixel RTA LAL_Link Clicks,AN~VideoRTALAL_TG~RT_DE~A25-65F_MA~ntl_RG~USA_PH~CONSD_BO~TRF_PB~FB_PD~NEWSF,400,410,0,0,0,0,0,0,0,1.77,0,0.0,24,0,0,0,0,24,BZS,HCP,2024-05-13
CM~Shortform A New_CT~VID_VD~60s_PH~CONSD_BO~TRF_PB~FB_PD~NEWSF,YR~23-Q2-07_CL~ASTRA_TA~ONC_DS~THEIR2+2L_MB~Neurexa_CU~HCP_CA~B_PH~CONSD_BO~TRF_PB~FB_CN~17721-9-115463_FF~New Pixel RTA_Link Clicks,AN~Engagement RTA_TG~RT_DE~A25-65F_MA~ntl_RG~USA_PH~CONSD_BO~TRF_PB~FB_PD~NEWSF,890,1092,10,0,0,0,0,0,0,10.34,0,0.0,55,0,0,0,0,45,BZS,HCP,2024-05-13
CM~Shortform B New_CT~VID_VD~60s_PH~CONSD_BO~TRF_PB~FB_PD~NEWSF,YR~23-Q2-07_CL~ASTRA_TA~ONC_DS~THEIR2+2L_MB~Neurexa_CU~HCP_CA~B_PH~CONSD_BO~TRF_PB~FB_CN~17721-9-115463_FF~New Pixel RTA_Link Clicks,AN~Engagement RTA_TG~RT_DE~A25-65F_MA~ntl_RG~USA_PH~CONSD_BO~TRF_PB~FB_PD~NEWSF,638,777,4,0,0,0,0,0,0,5.8100000000000005,0,0.0,37,0,0,0,0,33,BZS,HCP,2024-05-13
CM~Shortform New_CT~VID_VD~60s_PH~CONSD_BO~TRF_PB~FB_PD~NEWSF,YR~23-Q2-07_CL~ASTRA_TA~ONC_DS~THEIR2+2L_MB~Neurexa_CU~HCP_CA~B_PH~CONSD_BO~TRF_PB~FB_CN~17721-9-115463_FF~New Pixel RTA_Link Clicks,AN~Engagement RTA_TG~RT_DE~A25-65F_MA~ntl_RG~USA_PH~CONSD_BO~TRF_PB~FB_PD~NEWSF,652,806,6,0,0,0,0,0,0,6.9,0,0.0,49,0,0,0,0,43,BZS,HCP,2024-05-13
CM~Shortform A New_CT~VID_VD~60s_PH~CONSD_BO~TRF_PB~FB_PD~NEWSF,YR~23-Q2-07_CL~ASTRA_TA~ONC_DS~THEIR2+2L_MB~Neurexa_CU~HCP_CA~B_PH~CONSD_BO~TRF_PB~FB_CN~17721-9-115463_FF~New Pixel RTA_Link Clicks,AN~Pixel RTA_TG~RT_DE~A25-65F_MA~ntl_RG~USA_PH~CONSD_BO~TRF_PB~FB_PD~NEWSF,1791,3468,15,0,0,0,0,0,0,30.99,0,0.0,346,0,0,0,0,331,BZS,HCP,2024-05-13
CM~Shortform B New_CT~VID_VD~60s_PH~CONSD_BO~TRF_PB~FB_PD~NEWSF,YR~23-Q2-07_CL~ASTRA_TA~ONC_DS~THEIR2+2L_MB~Neurexa_CU~HCP_CA~B_PH~CONSD_BO~TRF_PB~FB_CN~17721-9-115463_FF~New Pixel RTA_Link Clicks,AN~Pixel RTA_TG~RT_DE~A25-65F_MA~ntl_RG~USA_PH~CONSD_BO~TRF_PB~FB_PD~NEWSF,2432,4806,46,0,0,0,0,0,0,50.38,0,0.0,471,0,0,0,0,425,BZS,HCP,2024-05-13
CM~Shortform New_CT~VID_VD~60s_PH~CONSD_BO~TRF_PB~FB_PD~NEWSF,YR~23-Q2-07_CL~ASTRA_TA~ONC_DS~THEIR2+2L_MB~Neurexa_CU~HCP_CA~B_PH~CONSD_BO~TRF_PB~FB_CN~17721-9-115463_FF~New Pixel RTA_Link Clicks,AN~Pixel RTA_TG~RT_DE~A25-65F_MA~ntl_RG~USA_PH~CONSD_BO~TRF_PB~FB_PD~NEWSF,412,754,11,0,0,0,0,0,0,13.23,0,0.0,74,0,0,0,0,63,BZS,HCP,2024-05-13
CM~Shortform A New_CT~VID_VD~60s_PH~CONSD_BO~TRF_PB~FB_PD~NEWSF,YR~23-Q2-07_CL~ASTRA_TA~ONC_DS~THEIR2+2L_MB~Neurexa_CU~HCP_CA~B_PH~CONSD_BO~TRF_PB~FB_CN~17721-9-115463_FF~New Pixel RTA_Link Clicks,AN~Pixel Search RTA_TG~RT_DE~A25-65F_MA~ntl_RG~USA_PH~CONSD_BO~TRF_PB~FB_PD~NEWSF,48,50,0,0,0,0,0,0,0,0.3,0,0.0,2,0,0,0,0,2,BZS,HCP,2024-05-13
CM~Shortform A New_CT~VID_VD~60s_PH~CONSD_BO~TRF_PB~FB_PD~NEWSF,YR~23-Q2-07_CL~ASTRA_TA~ONC_DS~THEIR2+2L_MB~Neurexa_CU~HCP_CA~B_PH~CONSD_BO~TRF_PB~FB_CN~17721-9-115463_FF~New Pixel RTA_Link Clicks,AN~Video RTA_TG~RT_DE~A25-65F_MA~ntl_RG~USA_PH~CONSD_BO~TRF_PB~FB_PD~NEWSF,2808,3450,10,0,0,0,0,0,0,15.35,0,0.0,431,0,0,0,0,421,BZS,HCP,2024-05-13
CM~Shortform B New_CT~VID_VD~60s_PH~CONSD_BO~TRF_PB~FB_PD~NEWSF,YR~23-Q2-07_CL~ASTRA_TA~ONC_DS~THEIR2+2L_MB~Neurexa_CU~HCP_CA~B_PH~CONSD_BO~TRF_PB~FB_CN~17721-9-115463_FF~New Pixel RTA_Link Clicks,AN~Video RTA_TG~RT_DE~A25-65F_MA~ntl_RG~USA_PH~CONSD_BO~TRF_PB~FB_PD~NEWSF,1874,2244,12,0,0,0,0,0,0,11.61,0,0.0,277,0,0,0,0,265,BZS,HCP,2024-05-13
CM~Shortform New_CT~VID_VD~60s_PH~CONSD_BO~TRF_PB~FB_PD~NEWSF,YR~23-Q2-07_CL~ASTRA_TA~ONC_DS~THEIR2+2L_MB~Neurexa_CU~HCP_CA~B_PH~CONSD_BO~TRF_PB~FB_CN~17721-9-115463_FF~New Pixel RTA_Link Clicks,AN~Video RTA_TG~RT_DE~A25-65F_MA~ntl_RG~USA_PH~CONSD_BO~TRF_PB~FB_PD~NEWSF,1393,1856,5,0,0,0,0,0,0,9.53,0,0.0,225,0,0,0,0,220,BZS,HCP,2024-05-13
CM~Shortform A New_CT~VID_VD~60s_PH~CONSD_BO~TRF_PB~IG_PD~NEWSF,YR~23-Q2-07_CL~ASTRA_TA~ONC_DS~THEIR2+2L_MB~Neurexa_CU~HCP_CA~B_PH~CONSD_BO~TRF_PB~IG_CN~17721-9-115463_FF~New Pixel RTA & LAL_Link Clicks,AN~Engagement RTALAL_TG~RT_DE~A25-65F_MA~ntl_RG~USA_PH~CONSD_BO~TRF_PB~IG_PD~NEWSF,4079,4927,16,0,0,0,0,0,0,43.02,0,9.0,564,0,0,0,0,539,BZS,HCP,2024-05-13
CM~Shortform B New_CT~VID_VD~60s_PH~CONSD_BO~TRF_PB~IG_PD~NEWSF,YR~23-Q2-07_CL~ASTRA_TA~ONC_DS~THEIR2+2L_MB~Neurexa_CU~HCP_CA~B_PH~CONSD_BO~TRF_PB~IG_CN~17721-9-115463_FF~New Pixel RTA & LAL_Link Clicks,AN~Engagement RTALAL_TG~RT_DE~A25-65F_MA~ntl_RG~USA_PH~CONSD_BO~TRF_PB~IG_PD~NEWSF,3349,3995,21,0,0,0,0,0,0,38.08,0,7.0,559,0,0,0,0,529,BZS,HCP,2024-05-13
CM~Shortform New_CT~VID_VD~60s_PH~CONSD_BO~TRF_PB~IG_PD~NEWSF,YR~23-Q2-07_CL~ASTRA_TA~ONC_DS~THEIR2+2L_MB~Neurexa_CU~HCP_CA~B_PH~CONSD_BO~TRF_PB~IG_CN~17721-9-115463_FF~New Pixel RTA & LAL_Link Clicks,AN~Pixel RTA LAL_TG~RT_DE~A25-65F_MA~ntl_RG~USA_PH~CONSD_BO~TRF_PB~IG_PD~NEWSF,507,571,1,0,0,0,0,0,0,3.9699999999999998,0,2.0,46,0,0,0,0,43,BZS,HCP,2024-05-13
CM~Shortform A New_CT~VID_VD~60s_PH~CONSD_BO~TRF_PB~IG_PD~NEWSF,YR~23-Q2-07_CL~ASTRA_TA~ONC_DS~THEIR2+2L_MB~Neurexa_CU~HCP_CA~B_PH~CONSD_BO~TRF_PB~IG_CN~17721-9-115463_FF~New Pixel RTA & LAL_Link Clicks,AN~Pixel RTA LAL_TG~RT_DE~A25-65F_MA~ntl_RG~USA_PH~CONSD_BO~TRF_PB~IG_PD~NEWSF,21,23,0,0,0,0,0,0,0,0.25,0,0.0,1,0,0,0,0,1,BZS,HCP,2024-05-13
CM~Shortform B New_CT~VID_VD~60s_PH~CONSD_BO~TRF_PB~IG_PD~NEWSF,YR~23-Q2-07_CL~ASTRA_TA~ONC_DS~THEIR2+2L_MB~Neurexa_CU~HCP_CA~B_PH~CONSD_BO~TRF_PB~IG_CN~17721-9-115463_FF~New Pixel RTA & LAL_Link Clicks,AN~Pixel RTA LAL_TG~RT_DE~A25-65F_MA~ntl_RG~USA_PH~CONSD_BO~TRF_PB~IG_PD~NEWSF,461,536,2,0,0,0,0,0,0,3.73,0,0.0,23,0,0,0,0,21,BZS,HCP,2024-05-13
CM~Shortform A New_CT~VID_VD~60s_PH~CONSD_BO~TRF_PB~IG_PD~NEWSF,YR~23-Q2-07_CL~ASTRA_TA~ONC_DS~THEIR2+2L_MB~Neurexa_CU~HCP_CA~B_PH~CONSD_BO~TRF_PB~IG_CN~17721-9-115463_FF~New Pixel RTA & LAL_Link Clicks,AN~Pixel RTA_TG~RT_DE~A25-65F_MA~ntl_RG~USA_PH~CONSD_BO~TRF_PB~IG_PD~NEWSF,95,127,1,0,0,0,0,0,0,2.83,0,0.0,15,0,0,0,0,14,BZS,HCP,2024-05-13
CM~Shortform B New_CT~VID_VD~60s_PH~CONSD_BO~TRF_PB~IG_PD~NEWSF,YR~23-Q2-07_CL~ASTRA_TA~ONC_DS~THEIR2+2L_MB~Neurexa_CU~HCP_CA~B_PH~CONSD_BO~TRF_PB~IG_CN~17721-9-115463_FF~New Pixel RTA & LAL_Link Clicks,AN~Pixel RTA_TG~RT_DE~A25-65F_MA~ntl_RG~USA_PH~CONSD_BO~TRF_PB~IG_PD~NEWSF,62,86,0,0,0,0,0,0,0,1.28,0,0.0,11,0,0,0,0,11,BZS,HCP,2024-05-13
CM~Shortform A New_CT~VID_VD~60s_PH~CONSD_BO~TRF_PB~IG_PD~NEWSF,YR~23-Q2-07_CL~ASTRA_TA~ONC_DS~THEIR2+2L_MB~Neurexa_CU~HCP_CA~B_PH~CONSD_BO~TRF_PB~IG_CN~17721-9-115463_FF~New Pixel RTA & LAL_Link Clicks,AN~Video RTALAL_TG~RT_DE~A25-65F_MA~ntl_RG~USA_PH~CONSD_BO~TRF_PB~IG_PD~NEWSF,193,212,2,0,0,0,0,0,0,3.22,0,0.0,48,0,0,0,0,46,BZS,HCP,2024-05-13
CM~Shortform B New_CT~VID_VD~60s_PH~CONSD_BO~TRF_PB~IG_PD~NEWSF,YR~23-Q2-07_CL~ASTRA_TA~ONC_DS~THEIR2+2L_MB~Neurexa_CU~HCP_CA~B_PH~CONSD_BO~TRF_PB~IG_CN~17721-9-115463_FF~New Pixel RTA & LAL_Link Clicks,AN~Video RTALAL_TG~RT_DE~A25-65F_MA~ntl_RG~USA_PH~CONSD_BO~TRF_PB~IG_PD~NEWSF,232,248,0,0,0,0,0,0,0,2.21,0,0.0,59,0,0,0,0,59,BZS,HCP,2024-05-13
CM~Shortform A New_CT~VID_VD~60s_PH~CONSD_BO~TRF_PB~FB_PD~NEWSF,YR~23-Q3-07_CL~ASTRA_TA~ONC_DS~THEIR2+2L_MB~Neurexa_CU~HCP_CA~B_PH~CONSD_BO~TRF_PB~FB_CN~17721-9-115463_FF~GeoTargeting,AN~GeoTargeting_TG~_DE~A25-65F_MA~ntl_RG~USA_PH~CONSD_BO~TRF_PB~FB_PD~NEWSF,1577,3479,18,0,0,0,0,0,0,35.22,0,0.0,296,0,0,0,0,278,BZS,HCP,2024-05-13
CM~Shortform B New_CT~VID_VD~60s_PH~CONSD_BO~TRF_PB~FB_PD~NEWSF,YR~23-Q3-07_CL~ASTRA_TA~ONC_DS~THEIR2+2L_MB~Neurexa_CU~HCP_CA~B_PH~CONSD_BO~TRF_PB~FB_CN~17721-9-115463_FF~GeoTargeting,AN~GeoTargeting_TG~_DE~A25-65F_MA~ntl_RG~USA_PH~CONSD_BO~TRF_PB~FB_PD~NEWSF,674,1352,5,0,0,0,0,0,0,13.07,0,0.0,111,0,0,0,0,106,BZS,HCP,2024-05-13
CM~Shortform New_CT~VID_VD~60s_PH~CONSD_BO~TRF_PB~FB_PD~NEWSF,YR~23-Q3-07_CL~ASTRA_TA~ONC_DS~THEIR2+2L_MB~Neurexa_CU~HCP_CA~B_PH~CONSD_BO~TRF_PB~FB_CN~17721-9-115463_FF~GeoTargeting,AN~GeoTargeting_TG~_DE~A25-65F_MA~ntl_RG~USA_PH~CONSD_BO~TRF_PB~FB_PD~NEWSF,1351,2265,7,0,0,0,0,0,0,20.32,0,0.0,169,0,0,0,0,162,BZS,HCP,2024-05-13
CM~Shortform A New_CT~VID_VD~60s_PH~CONSD_BO~TRF_PB~IG_PD~NEWSF,YR~23-Q3-07_CL~ASTRA_TA~ONC_DS~THEIR2+2L_MB~Neurexa_CU~HCP_CA~B_PH~CONSD_BO~TRF_PB~IG_CN~17721-9-115463_FF~GeoTargeting,AN~GeoTargeting_TG~_DE~A25-65F_MA~ntl_RG~USA_PH~CONSD_BO~TRF_PB~IG_PD~NEWSF,852,1077,0,0,0,0,0,0,0,15.65,0,1.0,137,0,0,0,0,136,BZS,HCP,2024-05-13
CM~Shortform B New_CT~VID_VD~60s_PH~CONSD_BO~TRF_PB~IG_PD~NEWSF,YR~23-Q3-07_CL~ASTRA_TA~ONC_DS~THEIR2+2L_MB~Neurexa_CU~HCP_CA~B_PH~CONSD_BO~TRF_PB~IG_CN~17721-9-115463_FF~GeoTargeting,AN~GeoTargeting_TG~_DE~A25-65F_MA~ntl_RG~USA_PH~CONSD_BO~TRF_PB~IG_PD~NEWSF,1438,1875,4,0,0,0,0,0,0,31.34,0,1.0,281,0,0,0,0,275,BZS,HCP,2024-05-13
CM~Shortform New_CT~VID_VD~60s_PH~CONSD_BO~TRF_PB~IG_PD~NEWSF,YR~23-Q3-07_CL~ASTRA_TA~ONC_DS~THEIR2+2L_MB~Neurexa_CU~HCP_CA~B_PH~CONSD_BO~TRF_PB~IG_CN~17721-9-115463_FF~GeoTargeting,AN~GeoTargeting_TG~_DE~A25-65F_MA~ntl_RG~USA_PH~CONSD_BO~TRF_PB~IG_PD~NEWSF,1062,1357,2,0,0,0,0,0,0,19.18,0,0.0,189,0,0,0,0,187,BZS,HCP,2024-05-13
CM~Shortform A New_CT~VID_VD~60s_PH~CONSD_BO~TRF_PB~FB_PD~NEWSF,YR~23-Q3-08_CL~ASTRA_TA~ONC_DS~THEIR2+2L_MB~Neurexa_CU~HCP_CA~B_PH~CONSD_BO~TRF_PB~FB_CN~17721-9-115463_FF~Proact HCPs,AN~ProactHCPs_TG~3P_DE~A25-65F_MA~ntl_RG~USA_PH~CONSD_BO~TRF_PB~FB_PD~NEWSF,201,465,0,0,0,0,0,0,0,11.48,0,0.0,46,0,0,0,0,46,BZS,HCP,2024-05-13
CM~Shortform B New_CT~VID_VD~60s_PH~CONSD_BO~TRF_PB~FB_PD~NEWSF,YR~23-Q3-08_CL~ASTRA_TA~ONC_DS~THEIR2+2L_MB~Neurexa_CU~HCP_CA~B_PH~CONSD_BO~TRF_PB~FB_CN~17721-9-115463_FF~Proact HCPs,AN~ProactHCPs_TG~3P_DE~A25-65F_MA~ntl_RG~USA_PH~CONSD_BO~TRF_PB~FB_PD~NEWSF,166,384,0,0,0,0,0,0,0,6.73,0,0.0,40,0,0,0,0,40,BZS,HCP,2024-05-13
CM~Shortform New_CT~VID_VD~60s_PH~CONSD_BO~TRF_PB~FB_PD~NEWSF,YR~23-Q3-08_CL~ASTRA_TA~ONC_DS~THEIR2+2L_MB~Neurexa_CU~HCP_CA~B_PH~CONSD_BO~TRF_PB~FB_CN~17721-9-115463_FF~Proact HCPs,AN~ProactHCPs_TG~3P_DE~A25-65F_MA~ntl_RG~USA_PH~CONSD_BO~TRF_PB~FB_PD~NEWSF,291,856,0,0,0,0,0,0,0,16.77,0,0.0,58,0,0,0,0,58,BZS,HCP,2024-05-13
CM~IX Ad_CT~VID_VD~60s_PH~CONSD_BO~TRF_PB~FB_PD~NEWSF,YR~23-Q3-09_CL~ASTRA_TA~ONC_DS~THEIR2+2L_MB~Neurexa_CU~HCP_CA~B_PH~CONSD_BO~TRF_PB~FB_CN~17721-9-115463_FF~Instant Experience,AN~GeoLocation_TG~3P_DE~A25-65F_MA~ntl_RG~USA_PH~CONSD_BO~TRF_PB~FB_PD~NEWSF,14541,38901,60,0,0,0,0,0,0,362.64,0,0.0,4586,0,0,577,0,4526,BZS,HCP,2024-05-13
CM~In Stream_CT~VID_VD~15s_PH~CONSD_BO~AWE_PB~FB_PD~MSSGR,YR~23-Q2-05_CL~ALLY_TA~ONC_DS~PAN_MB~Neurexa_CU~HCP_CA~B_PH~CONSD_BO~AWE_PB~FB_CN~17722-9-115918_FF~ Instream,CM~EngRTALAL_CT~VID_VD~15s_PH~CONSD_BO~AWE_PB~FB_PD~MSSGR,34050,36377,0,0,0,0,0,0,0,445.53,0,0.0,17155,0,0,0,0,17148,AST,HCP,2024-05-14
CM~In Stream_CT~VID_VD~15s_PH~CONSD_BO~AWE_PB~FB_PD~MSSGR,YR~23-Q2-05_CL~ALLY_TA~ONC_DS~PAN_MB~Neurexa_CU~HCP_CA~B_PH~CONSD_BO~AWE_PB~FB_CN~17722-9-115918_FF~ Instream,CM~EngRTA_CT~VID_VD~15s_PH~CONSD_BO~AWE_PB~FB_PD~MSSGR,265,265,0,0,0,0,0,0,0,3.21,0,0.0,115,0,0,0,0,115,AST,HCP,2024-05-14
CM~In Stream_CT~VID_VD~15s_PH~CONSD_BO~AWE_PB~FB_PD~MSSGR,YR~23-Q2-05_CL~ALLY_TA~ONC_DS~PAN_MB~Neurexa_CU~HCP_CA~B_PH~CONSD_BO~AWE_PB~FB_CN~17722-9-115918_FF~ Instream,CM~PixelRTALAL_CT~VID_VD~15s_PH~CONSD_BO~AWE_PB~FB_PD~MSSGR,7522,8019,0,0,0,0,0,0,0,102.12,0,0.0,3567,0,0,0,0,3566,AST,HCP,2024-05-14
CM~In Stream_CT~VID_VD~15s_PH~CONSD_BO~AWE_PB~FB_PD~MSSGR,YR~23-Q2-05_CL~ALLY_TA~ONC_DS~PAN_MB~Neurexa_CU~HCP_CA~B_PH~CONSD_BO~AWE_PB~FB_CN~17722-9-115918_FF~ Instream,CM~PixelRTA_CT~VID_VD~15s_PH~CONSD_BO~AWE_PB~FB_PD~MSSGR,161,161,0,0,0,0,0,0,0,1.87,0,0.0,62,0,0,0,0,62,AST,HCP,2024-05-14
CM~In Stream_CT~VID_VD~15s_PH~CONSD_BO~AWE_PB~FB_PD~MSSGR,YR~24-Q1-01_CL~ALLY_TA~ONC_DS~PAN_MB~Neurexa_CU~HCP_CA~B_PH~CONSD_BO~AWE_PB~FB_CN~17722-9-115918_FF~ Instream 3P,CM~SpecialtyLists_CT~VID_VD~15s_PH~CONSD_BO~AWE_PB~FB_PD~MSSGR 3P,283,284,0,0,0,0,0,0,0,5.67,0,0.0,141,0,0,0,0,140,AST,HCP,2024-05-14
CM~Shortform A New_CT~VID_VD~60s_PH~CONSD_BO~TRF_PB~FB_PD~NEWSF,YR~23-Q2-07-CL~ASTRA_TA~ONC_DS~THEIR2+2L_MB~Neurexa_CU~HCP_CA~B_PH~CONSD_BO~TRF_PB~FB_CN~17721-9-115463_FF~New Rx HCPs_Link Clicks,AN~HCPs_TG~3P_DE~A25-65F_MA~ntl_RG~USA_PH~CONSD_BO~TRF_PB~FB_PD~NEWSF,1633,2779,8,0,0,0,0,0,0,18.63,0,0.0,266,0,0,0,0,258,BZS,HCP,2024-05-14
CM~Shortform B New_CT~VID_VD~60s_PH~CONSD_BO~TRF_PB~FB_PD~NEWSF,YR~23-Q2-07-CL~ASTRA_TA~ONC_DS~THEIR2+2L_MB~Neurexa_CU~HCP_CA~B_PH~CONSD_BO~TRF_PB~FB_CN~17721-9-115463_FF~New Rx HCPs_Link Clicks,AN~HCPs_TG~3P_DE~A25-65F_MA~ntl_RG~USA_PH~CONSD_BO~TRF_PB~FB_PD~NEWSF,407,678,1,0,0,0,0,0,0,4.0,0,0.0,55,0,0,0,0,54,BZS,HCP,2024-05-14
CM~Shortform New_CT~VID_VD~60s_PH~CONSD_BO~TRF_PB~FB_PD~NEWSF,YR~23-Q2-07-CL~ASTRA_TA~ONC_DS~THEIR2+2L_MB~Neurexa_CU~HCP_CA~B_PH~CONSD_BO~TRF_PB~FB_CN~17721-9-115463_FF~New Rx HCPs_Link Clicks,AN~HCPs_TG~3P_DE~A25-65F_MA~ntl_RG~USA_PH~CONSD_BO~TRF_PB~FB_PD~NEWSF,1059,1516,2,0,0,0,0,0,0,10.5,0,0.0,128,0,0,0,0,126,BZS,HCP,2024-05-14
CM~Shortform A New_CT~VID_VD~60s_PH~CONSD_BO~TRF_PB~FB_PD~NEWSF,YR~23-Q2-07_CL~ASTRA_TA~ONC_DS~THEIR2+2L_MB~Neurexa_CU~HCP_CA~B_PH~CONSD_BO~TRF_PB~FB_CN~17721-9-115463_FF~New Pixel RTA LAL_Link Clicks,AN~EngagementRTALAL_TG~RT_DE~A25-65F_MA~ntl_RG~USA_PH~CONSD_BO~TRF_PB~FB_PD~NEWSF,1746,1822,6,0,0,0,0,0,0,8.0,0,0.0,81,0,0,0,0,75,BZS,HCP,2024-05-14
CM~Shortform B New_CT~VID_VD~60s_PH~CONSD_BO~TRF_PB~FB_PD~NEWSF,YR~23-Q2-07_CL~ASTRA_TA~ONC_DS~THEIR2+2L_MB~Neurexa_CU~HCP_CA~B_PH~CONSD_BO~TRF_PB~FB_CN~17721-9-115463_FF~New Pixel RTA LAL_Link Clicks,AN~EngagementRTALAL_TG~RT_DE~A25-65F_MA~ntl_RG~USA_PH~CONSD_BO~TRF_PB~FB_PD~NEWSF,1501,1549,7,0,0,0,0,0,0,6.72,0,0.0,65,0,0,0,0,58,BZS,HCP,2024-05-14
CM~Shortform New_CT~VID_VD~60s_PH~CONSD_BO~TRF_PB~FB_PD~NEWSF,YR~23-Q2-07_CL~ASTRA_TA~ONC_DS~THEIR2+2L_MB~Neurexa_CU~HCP_CA~B_PH~CONSD_BO~TRF_PB~FB_CN~17721-9-115463_FF~New Pixel RTA LAL_Link Clicks,AN~EngagementRTALAL_TG~RT_DE~A25-65F_MA~ntl_RG~USA_PH~CONSD_BO~TRF_PB~FB_PD~NEWSF,95,100,2,0,0,0,0,0,0,0.61,0,0.0,5,0,0,0,0,3,BZS,HCP,2024-05-14
CM~Shortform New_CT~VID_VD~60s_PH~CONSD_BO~TRF_PB~FB_PD~NEWSF,YR~23-Q2-07_CL~ASTRA_TA~ONC_DS~THEIR2+2L_MB~Neurexa_CU~HCP_CA~B_PH~CONSD_BO~TRF_PB~FB_CN~17721-9-115463_FF~New Pixel RTA LAL_Link Clicks,AN~Pixel RTA LAL_TG~RT_DE~A25-65F_MA~ntl_RG~USA_PH~CONSD_BO~TRF_PB~FB_PD~NEWSF,1689,2020,12,0,0,0,0,0,0,9.14,0,0.0,126,0,0,0,0,114,BZS,HCP,2024-05-14
CM~Shortform A New_CT~VID_VD~60s_PH~CONSD_BO~TRF_PB~FB_PD~NEWSF,YR~23-Q2-07_CL~ASTRA_TA~ONC_DS~THEIR2+2L_MB~Neurexa_CU~HCP_CA~B_PH~CONSD_BO~TRF_PB~FB_CN~17721-9-115463_FF~New Pixel RTA LAL_Link Clicks,AN~Pixel RTA LAL_TG~RT_DE~A25-65F_MA~ntl_RG~USA_PH~CONSD_BO~TRF_PB~FB_PD~NEWSF,6554,8175,46,0,0,0,0,0,0,39.14,0,0.0,572,0,0,0,0,526,BZS,HCP,2024-05-14
CM~Shortform B New_CT~VID_VD~60s_PH~CONSD_BO~TRF_PB~FB_PD~NEWSF,YR~23-Q2-07_CL~ASTRA_TA~ONC_DS~THEIR2+2L_MB~Neurexa_CU~HCP_CA~B_PH~CONSD_BO~TRF_PB~FB_CN~17721-9-115463_FF~New Pixel RTA LAL_Link Clicks,AN~Pixel RTA LAL_TG~RT_DE~A25-65F_MA~ntl_RG~USA_PH~CONSD_BO~TRF_PB~FB_PD~NEWSF,8804,11134,53,0,0,0,0,0,0,55.85,0,0.0,685,0,0,0,0,632,BZS,HCP,2024-05-14
CM~Shortform B New_CT~VID_VD~60s_PH~CONSD_BO~TRF_PB~FB_PD~NEWSF,YR~23-Q2-07_CL~ASTRA_TA~ONC_DS~THEIR2+2L_MB~Neurexa_CU~HCP_CA~B_PH~CONSD_BO~TRF_PB~FB_CN~17721-9-115463_FF~New Pixel RTA LAL_Link Clicks,AN~VideoRTALAL_TG~RT_DE~A25-65F_MA~ntl_RG~USA_PH~CONSD_BO~TRF_PB~FB_PD~NEWSF,1945,2001,9,0,0,0,0,0,0,6.92,0,0.0,169,0,0,0,0,160,BZS,HCP,2024-05-14
CM~Shortform A New_CT~VID_VD~60s_PH~CONSD_BO~TRF_PB~FB_PD~NEWSF,YR~23-Q2-07_CL~ASTRA_TA~ONC_DS~THEIR2+2L_MB~Neurexa_CU~HCP_CA~B_PH~CONSD_BO~TRF_PB~FB_CN~17721-9-115463_FF~New Pixel RTA LAL_Link Clicks,AN~VideoRTALAL_TG~RT_DE~A25-65F_MA~ntl_RG~USA_PH~CONSD_BO~TRF_PB~FB_PD~NEWSF,3176,3299,10,0,0,0,0,0,0,11.48,0,0.0,282,0,0,0,0,272,BZS,HCP,2024-05-14
CM~Shortform New_CT~VID_VD~60s_PH~CONSD_BO~TRF_PB~FB_PD~NEWSF,YR~23-Q2-07_CL~ASTRA_TA~ONC_DS~THEIR2+2L_MB~Neurexa_CU~HCP_CA~B_PH~CONSD_BO~TRF_PB~FB_CN~17721-9-115463_FF~New Pixel RTA LAL_Link Clicks,AN~VideoRTALAL_TG~RT_DE~A25-65F_MA~ntl_RG~USA_PH~CONSD_BO~TRF_PB~FB_PD~NEWSF,283,292,1,0,0,0,0,0,0,0.95,0,0.0,21,0,0,0,0,20,BZS,HCP,2024-05-14
CM~Shortform A New_CT~VID_VD~60s_PH~CONSD_BO~TRF_PB~FB_PD~NEWSF,YR~23-Q2-07_CL~ASTRA_TA~ONC_DS~THEIR2+2L_MB~Neurexa_CU~HCP_CA~B_PH~CONSD_BO~TRF_PB~FB_CN~17721-9-115463_FF~New Pixel RTA_Link Clicks,AN~Engagement RTA_TG~RT_DE~A25-65F_MA~ntl_RG~USA_PH~CONSD_BO~TRF_PB~FB_PD~NEWSF,735,883,9,0,0,0,0,0,0,9.2,0,0.0,64,0,0,0,0,55,BZS,HCP,2024-05-14
CM~Shortform B New_CT~VID_VD~60s_PH~CONSD_BO~TRF_PB~FB_PD~NEWSF,YR~23-Q2-07_CL~ASTRA_TA~ONC_DS~THEIR2+2L_MB~Neurexa_CU~HCP_CA~B_PH~CONSD_BO~TRF_PB~FB_CN~17721-9-115463_FF~New Pixel RTA_Link Clicks,AN~Engagement RTA_TG~RT_DE~A25-65F_MA~ntl_RG~USA_PH~CONSD_BO~TRF_PB~FB_PD~NEWSF,1039,1306,11,0,0,0,0,0,0,6.91,0,0.0,61,0,0,0,0,50,BZS,HCP,2024-05-14
CM~Shortform New_CT~VID_VD~60s_PH~CONSD_BO~TRF_PB~FB_PD~NEWSF,YR~23-Q2-07_CL~ASTRA_TA~ONC_DS~THEIR2+2L_MB~Neurexa_CU~HCP_CA~B_PH~CONSD_BO~TRF_PB~FB_CN~17721-9-115463_FF~New Pixel RTA_Link Clicks,AN~Engagement RTA_TG~RT_DE~A25-65F_MA~ntl_RG~USA_PH~CONSD_BO~TRF_PB~FB_PD~NEWSF,586,700,9,0,0,0,0,0,0,6.25,0,0.0,68,0,0,0,0,59,BZS,HCP,2024-05-14
CM~Shortform A New_CT~VID_VD~60s_PH~CONSD_BO~TRF_PB~FB_PD~NEWSF,YR~23-Q2-07_CL~ASTRA_TA~ONC_DS~THEIR2+2L_MB~Neurexa_CU~HCP_CA~B_PH~CONSD_BO~TRF_PB~FB_CN~17721-9-115463_FF~New Pixel RTA_Link Clicks,AN~Pixel RTA_TG~RT_DE~A25-65F_MA~ntl_RG~USA_PH~CONSD_BO~TRF_PB~FB_PD~NEWSF,1855,3521,26,0,0,0,0,0,0,29.82,0,0.0,373,0,0,0,0,347,BZS,HCP,2024-05-14
CM~Shortform B New_CT~VID_VD~60s_PH~CONSD_BO~TRF_PB~FB_PD~NEWSF,YR~23-Q2-07_CL~ASTRA_TA~ONC_DS~THEIR2+2L_MB~Neurexa_CU~HCP_CA~B_PH~CONSD_BO~TRF_PB~FB_CN~17721-9-115463_FF~New Pixel RTA_Link Clicks,AN~Pixel RTA_TG~RT_DE~A25-65F_MA~ntl_RG~USA_PH~CONSD_BO~TRF_PB~FB_PD~NEWSF,2616,5300,44,0,0,0,0,0,0,57.46,0,0.0,531,0,0,0,0,487,BZS,HCP,2024-05-14
CM~Shortform New_CT~VID_VD~60s_PH~CONSD_BO~TRF_PB~FB_PD~NEWSF,YR~23-Q2-07_CL~ASTRA_TA~ONC_DS~THEIR2+2L_MB~Neurexa_CU~HCP_CA~B_PH~CONSD_BO~TRF_PB~FB_CN~17721-9-115463_FF~New Pixel RTA_Link Clicks,AN~Pixel RTA_TG~RT_DE~A25-65F_MA~ntl_RG~USA_PH~CONSD_BO~TRF_PB~FB_PD~NEWSF,236,440,15,0,0,0,0,0,0,12.73,0,0.0,53,0,0,0,0,38,BZS,HCP,2024-05-14
CM~Shortform A New_CT~VID_VD~60s_PH~CONSD_BO~TRF_PB~FB_PD~NEWSF,YR~23-Q2-07_CL~ASTRA_TA~ONC_DS~THEIR2+2L_MB~Neurexa_CU~HCP_CA~B_PH~CONSD_BO~TRF_PB~FB_CN~17721-9-115463_FF~New Pixel RTA_Link Clicks,AN~Pixel Search RTA_TG~RT_DE~A25-65F_MA~ntl_RG~USA_PH~CONSD_BO~TRF_PB~FB_PD~NEWSF,423,466,0,0,0,0,0,0,0,3.07,0,0.0,34,0,0,0,0,34,BZS,HCP,2024-05-14
CM~Shortform A New_CT~VID_VD~60s_PH~CONSD_BO~TRF_PB~FB_PD~NEWSF,YR~23-Q2-07_CL~ASTRA_TA~ONC_DS~THEIR2+2L_MB~Neurexa_CU~HCP_CA~B_PH~CONSD_BO~TRF_PB~FB_CN~17721-9-115463_FF~New Pixel RTA_Link Clicks,AN~Video RTA_TG~RT_DE~A25-65F_MA~ntl_RG~USA_PH~CONSD_BO~TRF_PB~FB_PD~NEWSF,2851,3498,13,0,0,0,0,0,0,16.1,0,0.0,396,0,0,0,0,383,BZS,HCP,2024-05-14
CM~Shortform B New_CT~VID_VD~60s_PH~CONSD_BO~TRF_PB~FB_PD~NEWSF,YR~23-Q2-07_CL~ASTRA_TA~ONC_DS~THEIR2+2L_MB~Neurexa_CU~HCP_CA~B_PH~CONSD_BO~TRF_PB~FB_CN~17721-9-115463_FF~New Pixel RTA_Link Clicks,AN~Video RTA_TG~RT_DE~A25-65F_MA~ntl_RG~USA_PH~CONSD_BO~TRF_PB~FB_PD~NEWSF,2276,2717,6,0,0,0,0,0,0,12.46,0,0.0,303,0,0,0,0,297,BZS,HCP,2024-05-14
CM~Shortform New_CT~VID_VD~60s_PH~CONSD_BO~TRF_PB~FB_PD~NEWSF,YR~23-Q2-07_CL~ASTRA_TA~ONC_DS~THEIR2+2L_MB~Neurexa_CU~HCP_CA~B_PH~CONSD_BO~TRF_PB~FB_CN~17721-9-115463_FF~New Pixel RTA_Link Clicks,AN~Video RTA_TG~RT_DE~A25-65F_MA~ntl_RG~USA_PH~CONSD_BO~TRF_PB~FB_PD~NEWSF,966,1298,7,0,0,0,0,0,0,6.09,0,0.0,143,0,0,0,0,136,BZS,HCP,2024-05-14
CM~Shortform A New_CT~VID_VD~60s_PH~CONSD_BO~TRF_PB~IG_PD~NEWSF,YR~23-Q2-07_CL~ASTRA_TA~ONC_DS~THEIR2+2L_MB~Neurexa_CU~HCP_CA~B_PH~CONSD_BO~TRF_PB~IG_CN~17721-9-115463_FF~New Pixel RTA & LAL_Link Clicks,AN~Engagement RTALAL_TG~RT_DE~A25-65F_MA~ntl_RG~USA_PH~CONSD_BO~TRF_PB~IG_PD~NEWSF,4261,5010,20,0,0,0,0,0,0,42.41,0,4.0,640,0,0,0,0,616,BZS,HCP,2024-05-14
CM~Shortform B New_CT~VID_VD~60s_PH~CONSD_BO~TRF_PB~IG_PD~NEWSF,YR~23-Q2-07_CL~ASTRA_TA~ONC_DS~THEIR2+2L_MB~Neurexa_CU~HCP_CA~B_PH~CONSD_BO~TRF_PB~IG_CN~17721-9-115463_FF~New Pixel RTA & LAL_Link Clicks,AN~Engagement RTALAL_TG~RT_DE~A25-65F_MA~ntl_RG~USA_PH~CONSD_BO~TRF_PB~IG_PD~NEWSF,3738,4377,26,0,0,0,0,0,0,41.44,0,2.0,669,0,0,0,0,641,BZS,HCP,2024-05-14
CM~Shortform New_CT~VID_VD~60s_PH~CONSD_BO~TRF_PB~IG_PD~NEWSF,YR~23-Q2-07_CL~ASTRA_TA~ONC_DS~THEIR2+2L_MB~Neurexa_CU~HCP_CA~B_PH~CONSD_BO~TRF_PB~IG_CN~17721-9-115463_FF~New Pixel RTA & LAL_Link Clicks,AN~Pixel RTA LAL_TG~RT_DE~A25-65F_MA~ntl_RG~USA_PH~CONSD_BO~TRF_PB~IG_PD~NEWSF,494,563,2,0,0,0,0,0,0,5.12,0,0.0,36,0,0,0,0,34,BZS,HCP,2024-05-14
CM~Shortform A New_CT~VID_VD~60s_PH~CONSD_BO~TRF_PB~IG_PD~NEWSF,YR~23-Q2-07_CL~ASTRA_TA~ONC_DS~THEIR2+2L_MB~Neurexa_CU~HCP_CA~B_PH~CONSD_BO~TRF_PB~IG_CN~17721-9-115463_FF~New Pixel RTA & LAL_Link Clicks,AN~Pixel RTA LAL_TG~RT_DE~A25-65F_MA~ntl_RG~USA_PH~CONSD_BO~TRF_PB~IG_PD~NEWSF,31,34,0,0,0,0,0,0,0,0.2,0,0.0,0,0,0,0,0,0,BZS,HCP,2024-05-14
CM~Shortform B New_CT~VID_VD~60s_PH~CONSD_BO~TRF_PB~IG_PD~NEWSF,YR~23-Q2-07_CL~ASTRA_TA~ONC_DS~THEIR2+2L_MB~Neurexa_CU~HCP_CA~B_PH~CONSD_BO~TRF_PB~IG_CN~17721-9-115463_FF~New Pixel RTA & LAL_Link Clicks,AN~Pixel RTA LAL_TG~RT_DE~A25-65F_MA~ntl_RG~USA_PH~CONSD_BO~TRF_PB~IG_PD~NEWSF,563,640,1,0,0,0,0,0,0,4.64,0,2.0,44,0,0,0,0,41,BZS,HCP,2024-05-14
CM~Shortform A New_CT~VID_VD~60s_PH~CONSD_BO~TRF_PB~IG_PD~NEWSF,YR~23-Q2-07_CL~ASTRA_TA~ONC_DS~THEIR2+2L_MB~Neurexa_CU~HCP_CA~B_PH~CONSD_BO~TRF_PB~IG_CN~17721-9-115463_FF~New Pixel RTA & LAL_Link Clicks,AN~Pixel RTA_TG~RT_DE~A25-65F_MA~ntl_RG~USA_PH~CONSD_BO~TRF_PB~IG_PD~NEWSF,92,119,2,0,0,0,0,0,0,2.18,0,1.0,11,0,0,0,0,8,BZS,HCP,2024-05-14
CM~Shortform B New_CT~VID_VD~60s_PH~CONSD_BO~TRF_PB~IG_PD~NEWSF,YR~23-Q2-07_CL~ASTRA_TA~ONC_DS~THEIR2+2L_MB~Neurexa_CU~HCP_CA~B_PH~CONSD_BO~TRF_PB~IG_CN~17721-9-115463_FF~New Pixel RTA & LAL_Link Clicks,AN~Pixel RTA_TG~RT_DE~A25-65F_MA~ntl_RG~USA_PH~CONSD_BO~TRF_PB~IG_PD~NEWSF,67,78,1,0,0,0,0,0,0,1.13,0,0.0,8,0,0,0,0,7,BZS,HCP,2024-05-14
CM~Shortform A New_CT~VID_VD~60s_PH~CONSD_BO~TRF_PB~IG_PD~NEWSF,YR~23-Q2-07_CL~ASTRA_TA~ONC_DS~THEIR2+2L_MB~Neurexa_CU~HCP_CA~B_PH~CONSD_BO~TRF_PB~IG_CN~17721-9-115463_FF~New Pixel RTA & LAL_Link Clicks,AN~Video RTALAL_TG~RT_DE~A25-65F_MA~ntl_RG~USA_PH~CONSD_BO~TRF_PB~IG_PD~NEWSF,184,196,0,0,0,0,0,0,0,1.78,0,0.0,37,0,0,0,0,37,BZS,HCP,2024-05-14
CM~Shortform B New_CT~VID_VD~60s_PH~CONSD_BO~TRF_PB~IG_PD~NEWSF,YR~23-Q2-07_CL~ASTRA_TA~ONC_DS~THEIR2+2L_MB~Neurexa_CU~HCP_CA~B_PH~CONSD_BO~TRF_PB~IG_CN~17721-9-115463_FF~New Pixel RTA & LAL_Link Clicks,AN~Video RTALAL_TG~RT_DE~A25-65F_MA~ntl_RG~USA_PH~CONSD_BO~TRF_PB~IG_PD~NEWSF,210,234,1,0,0,0,0,0,0,1.73,0,0.0,54,0,0,0,0,53,BZS,HCP,2024-05-14
CM~Shortform A New_CT~VID_VD~60s_PH~CONSD_BO~TRF_PB~FB_PD~NEWSF,YR~23-Q3-07_CL~ASTRA_TA~ONC_DS~THEIR2+2L_MB~Neurexa_CU~HCP_CA~B_PH~CONSD_BO~TRF_PB~FB_CN~17721-9-115463_FF~GeoTargeting,AN~GeoTargeting_TG~_DE~A25-65F_MA~ntl_RG~USA_PH~CONSD_BO~TRF_PB~FB_PD~NEWSF,2081,4798,20,0,0,0,0,0,0,45.13,0,0.0,387,0,0,0,0,367,BZS,HCP,2024-05-14
CM~Shortform B New_CT~VID_VD~60s_PH~CONSD_BO~TRF_PB~FB_PD~NEWSF,YR~23-Q3-07_CL~ASTRA_TA~ONC_DS~THEIR2+2L_MB~Neurexa_CU~HCP_CA~B_PH~CONSD_BO~TRF_PB~FB_CN~17721-9-115463_FF~GeoTargeting,AN~GeoTargeting_TG~_DE~A25-65F_MA~ntl_RG~USA_PH~CONSD_BO~TRF_PB~FB_PD~NEWSF,509,1071,3,0,0,0,0,0,0,9.19,0,0.0,69,0,0,0,0,66,BZS,HCP,2024-05-14
CM~Shortform New_CT~VID_VD~60s_PH~CONSD_BO~TRF_PB~FB_PD~NEWSF,YR~23-Q3-07_CL~ASTRA_TA~ONC_DS~THEIR2+2L_MB~Neurexa_CU~HCP_CA~B_PH~CONSD_BO~TRF_PB~FB_CN~17721-9-115463_FF~GeoTargeting,AN~GeoTargeting_TG~_DE~A25-65F_MA~ntl_RG~USA_PH~CONSD_BO~TRF_PB~FB_PD~NEWSF,1135,1900,6,0,0,0,0,0,0,15.91,0,0.0,145,0,0,0,0,139,BZS,HCP,2024-05-14
CM~Shortform A New_CT~VID_VD~60s_PH~CONSD_BO~TRF_PB~IG_PD~NEWSF,YR~23-Q3-07_CL~ASTRA_TA~ONC_DS~THEIR2+2L_MB~Neurexa_CU~HCP_CA~B_PH~CONSD_BO~TRF_PB~IG_CN~17721-9-115463_FF~GeoTargeting,AN~GeoTargeting_TG~_DE~A25-65F_MA~ntl_RG~USA_PH~CONSD_BO~TRF_PB~IG_PD~NEWSF,1021,1257,2,0,0,0,0,0,0,18.42,0,0.0,194,0,0,0,0,192,BZS,HCP,2024-05-14
CM~Shortform B New_CT~VID_VD~60s_PH~CONSD_BO~TRF_PB~IG_PD~NEWSF,YR~23-Q3-07_CL~ASTRA_TA~ONC_DS~THEIR2+2L_MB~Neurexa_CU~HCP_CA~B_PH~CONSD_BO~TRF_PB~IG_CN~17721-9-115463_FF~GeoTargeting,AN~GeoTargeting_TG~_DE~A25-65F_MA~ntl_RG~USA_PH~CONSD_BO~TRF_PB~IG_PD~NEWSF,1443,1819,4,0,0,0,0,0,0,29.86,0,0.0,289,0,0,0,0,285,BZS,HCP,2024-05-14
CM~Shortform New_CT~VID_VD~60s_PH~CONSD_BO~TRF_PB~IG_PD~NEWSF,YR~23-Q3-07_CL~ASTRA_TA~ONC_DS~THEIR2+2L_MB~Neurexa_CU~HCP_CA~B_PH~CONSD_BO~TRF_PB~IG_CN~17721-9-115463_FF~GeoTargeting,AN~GeoTargeting_TG~_DE~A25-65F_MA~ntl_RG~USA_PH~CONSD_BO~TRF_PB~IG_PD~NEWSF,1012,1269,4,0,0,0,0,0,0,19.4,0,1.0,194,1,0,0,0,188,BZS,HCP,2024-05-14
CM~Shortform A New_CT~VID_VD~60s_PH~CONSD_BO~TRF_PB~FB_PD~NEWSF,YR~23-Q3-08_CL~ASTRA_TA~ONC_DS~THEIR2+2L_MB~Neurexa_CU~HCP_CA~B_PH~CONSD_BO~TRF_PB~FB_CN~17721-9-115463_FF~Proact HCPs,AN~ProactHCPs_TG~3P_DE~A25-65F_MA~ntl_RG~USA_PH~CONSD_BO~TRF_PB~FB_PD~NEWSF,242,643,1,0,0,0,0,0,0,12.73,0,0.0,62,0,0,0,0,61,BZS,HCP,2024-05-14
CM~Shortform B New_CT~VID_VD~60s_PH~CONSD_BO~TRF_PB~FB_PD~NEWSF,YR~23-Q3-08_CL~ASTRA_TA~ONC_DS~THEIR2+2L_MB~Neurexa_CU~HCP_CA~B_PH~CONSD_BO~TRF_PB~FB_CN~17721-9-115463_FF~Proact HCPs,AN~ProactHCPs_TG~3P_DE~A25-65F_MA~ntl_RG~USA_PH~CONSD_BO~TRF_PB~FB_PD~NEWSF,108,229,0,0,0,0,0,0,0,3.99,0,0.0,13,0,0,0,0,13,BZS,HCP,2024-05-14
CM~Shortform New_CT~VID_VD~60s_PH~CONSD_BO~TRF_PB~FB_PD~NEWSF,YR~23-Q3-08_CL~ASTRA_TA~ONC_DS~THEIR2+2L_MB~Neurexa_CU~HCP_CA~B_PH~CONSD_BO~TRF_PB~FB_CN~17721-9-115463_FF~Proact HCPs,AN~ProactHCPs_TG~3P_DE~A25-65F_MA~ntl_RG~USA_PH~CONSD_BO~TRF_PB~FB_PD~NEWSF,272,810,0,0,0,0,0,0,0,16.03,0,0.0,64,0,0,0,0,64,BZS,HCP,2024-05-14
CM~IX Ad_CT~VID_VD~60s_PH~CONSD_BO~TRF_PB~FB_PD~NEWSF,YR~23-Q3-09_CL~ASTRA_TA~ONC_DS~THEIR2+2L_MB~Neurexa_CU~HCP_CA~B_PH~CONSD_BO~TRF_PB~FB_CN~17721-9-115463_FF~Instant Experience,AN~GeoLocation_TG~3P_DE~A25-65F_MA~ntl_RG~USA_PH~CONSD_BO~TRF_PB~FB_PD~NEWSF,15355,41069,54,0,0,0,0,0,0,375.81,0,0.0,4674,0,0,385,0,4620,BZS,HCP,2024-05-14
CM~In Stream_CT~VID_VD~15s_PH~CONSD_BO~AWE_PB~FB_PD~MSSGR,YR~23-Q2-05_CL~ALLY_TA~ONC_DS~PAN_MB~Neurexa_CU~HCP_CA~B_PH~CONSD_BO~AWE_PB~FB_CN~17722-9-115918_FF~ Instream,CM~EngRTALAL_CT~VID_VD~15s_PH~CONSD_BO~AWE_PB~FB_PD~MSSGR,35807,38559,3,0,0,0,0,0,0,432.81,0,0.0,18530,0,0,0,0,18521,AST,HCP,2024-05-15
CM~In Stream_CT~VID_VD~15s_PH~CONSD_BO~AWE_PB~FB_PD~MSSGR,YR~23-Q2-05_CL~ALLY_TA~ONC_DS~PAN_MB~Neurexa_CU~HCP_CA~B_PH~CONSD_BO~AWE_PB~FB_CN~17722-9-115918_FF~ Instream,CM~EngRTA_CT~VID_VD~15s_PH~CONSD_BO~AWE_PB~FB_PD~MSSGR,296,296,0,0,0,0,0,0,0,3.31,0,0.0,128,0,0,0,0,128,AST,HCP,2024-05-15
CM~In Stream_CT~VID_VD~15s_PH~CONSD_BO~AWE_PB~FB_PD~MSSGR,YR~23-Q2-05_CL~ALLY_TA~ONC_DS~PAN_MB~Neurexa_CU~HCP_CA~B_PH~CONSD_BO~AWE_PB~FB_CN~17722-9-115918_FF~ Instream,CM~PixelRTALAL_CT~VID_VD~15s_PH~CONSD_BO~AWE_PB~FB_PD~MSSGR,8567,9019,0,0,0,0,0,0,0,105.43,0,0.0,3927,0,0,0,0,3927,AST,HCP,2024-05-15
CM~In Stream_CT~VID_VD~15s_PH~CONSD_BO~AWE_PB~FB_PD~MSSGR,YR~23-Q2-05_CL~ALLY_TA~ONC_DS~PAN_MB~Neurexa_CU~HCP_CA~B_PH~CONSD_BO~AWE_PB~FB_CN~17722-9-115918_FF~ Instream,CM~PixelRTA_CT~VID_VD~15s_PH~CONSD_BO~AWE_PB~FB_PD~MSSGR,177,177,0,0,0,0,0,0,0,1.94,0,0.0,84,0,0,0,0,84,AST,HCP,2024-05-15
CM~In Stream_CT~VID_VD~15s_PH~CONSD_BO~AWE_PB~FB_PD~MSSGR,YR~24-Q1-01_CL~ALLY_TA~ONC_DS~PAN_MB~Neurexa_CU~HCP_CA~B_PH~CONSD_BO~AWE_PB~FB_CN~17722-9-115918_FF~ Instream 3P,CM~SpecialtyLists_CT~VID_VD~15s_PH~CONSD_BO~AWE_PB~FB_PD~MSSGR 3P,324,325,0,0,0,0,0,0,0,7.19,0,0.0,147,0,0,0,0,147,AST,HCP,2024-05-15
CM~Shortform A New_CT~VID_VD~60s_PH~CONSD_BO~TRF_PB~FB_PD~NEWSF,YR~23-Q2-07-CL~ASTRA_TA~ONC_DS~THEIR2+2L_MB~Neurexa_CU~HCP_CA~B_PH~CONSD_BO~TRF_PB~FB_CN~17721-9-115463_FF~New Rx HCPs_Link Clicks,AN~HCPs_TG~3P_DE~A25-65F_MA~ntl_RG~USA_PH~CONSD_BO~TRF_PB~FB_PD~NEWSF,1634,2690,15,0,0,0,0,0,0,20.07,0,0.0,256,0,0,0,0,241,BZS,HCP,2024-05-15
CM~Shortform B New_CT~VID_VD~60s_PH~CONSD_BO~TRF_PB~FB_PD~NEWSF,YR~23-Q2-07-CL~ASTRA_TA~ONC_DS~THEIR2+2L_MB~Neurexa_CU~HCP_CA~B_PH~CONSD_BO~TRF_PB~FB_CN~17721-9-115463_FF~New Rx HCPs_Link Clicks,AN~HCPs_TG~3P_DE~A25-65F_MA~ntl_RG~USA_PH~CONSD_BO~TRF_PB~FB_PD~NEWSF,369,613,2,0,0,0,0,0,0,3.63,0,0.0,51,0,0,0,0,49,BZS,HCP,2024-05-15
CM~Shortform New_CT~VID_VD~60s_PH~CONSD_BO~TRF_PB~FB_PD~NEWSF,YR~23-Q2-07-CL~ASTRA_TA~ONC_DS~THEIR2+2L_MB~Neurexa_CU~HCP_CA~B_PH~CONSD_BO~TRF_PB~FB_CN~17721-9-115463_FF~New Rx HCPs_Link Clicks,AN~HCPs_TG~3P_DE~A25-65F_MA~ntl_RG~USA_PH~CONSD_BO~TRF_PB~FB_PD~NEWSF,1035,1502,7,0,0,0,0,0,0,10.15,0,0.0,128,0,0,0,0,121,BZS,HCP,2024-05-15
CM~Shortform A New_CT~VID_VD~60s_PH~CONSD_BO~TRF_PB~FB_PD~NEWSF,YR~23-Q2-07_CL~ASTRA_TA~ONC_DS~THEIR2+2L_MB~Neurexa_CU~HCP_CA~B_PH~CONSD_BO~TRF_PB~FB_CN~17721-9-115463_FF~New Pixel RTA LAL_Link Clicks,AN~EngagementRTALAL_TG~RT_DE~A25-65F_MA~ntl_RG~USA_PH~CONSD_BO~TRF_PB~FB_PD~NEWSF,1797,1876,5,0,0,0,0,0,0,7.45,0,0.0,92,0,0,0,0,87,BZS,HCP,2024-05-15
CM~Shortform B New_CT~VID_VD~60s_PH~CONSD_BO~TRF_PB~FB_PD~NEWSF,YR~23-Q2-07_CL~ASTRA_TA~ONC_DS~THEIR2+2L_MB~Neurexa_CU~HCP_CA~B_PH~CONSD_BO~TRF_PB~FB_CN~17721-9-115463_FF~New Pixel RTA LAL_Link Clicks,AN~EngagementRTALAL_TG~RT_DE~A25-65F_MA~ntl_RG~USA_PH~CONSD_BO~TRF_PB~FB_PD~NEWSF,1555,1622,4,0,0,0,0,0,0,6.66,0,0.0,66,0,0,0,0,62,BZS,HCP,2024-05-15
CM~Shortform New_CT~VID_VD~60s_PH~CONSD_BO~TRF_PB~FB_PD~NEWSF,YR~23-Q2-07_CL~ASTRA_TA~ONC_DS~THEIR2+2L_MB~Neurexa_CU~HCP_CA~B_PH~CONSD_BO~TRF_PB~FB_CN~17721-9-115463_FF~New Pixel RTA LAL_Link Clicks,AN~EngagementRTALAL_TG~RT_DE~A25-65F_MA~ntl_RG~USA_PH~CONSD_BO~TRF_PB~FB_PD~NEWSF,105,111,1,0,0,0,0,0,0,0.68,0,0.0,3,0,0,0,0,2,BZS,HCP,2024-05-15
CM~Shortform New_CT~VID_VD~60s_PH~CONSD_BO~TRF_PB~FB_PD~NEWSF,YR~23-Q2-07_CL~ASTRA_TA~ONC_DS~THEIR2+2L_MB~Neurexa_CU~HCP_CA~B_PH~CONSD_BO~TRF_PB~FB_CN~17721-9-115463_FF~New Pixel RTA LAL_Link Clicks,AN~Pixel RTA LAL_TG~RT_DE~A25-65F_MA~ntl_RG~USA_PH~CONSD_BO~TRF_PB~FB_PD~NEWSF,1678,1993,8,0,0,0,0,0,0,9.42,0,0.0,133,0,0,0,0,125,BZS,HCP,2024-05-15
CM~Shortform A New_CT~VID_VD~60s_PH~CONSD_BO~TRF_PB~FB_PD~NEWSF,YR~23-Q2-07_CL~ASTRA_TA~ONC_DS~THEIR2+2L_MB~Neurexa_CU~HCP_CA~B_PH~CONSD_BO~TRF_PB~FB_CN~17721-9-115463_FF~New Pixel RTA LAL_Link Clicks,AN~Pixel RTA LAL_TG~RT_DE~A25-65F_MA~ntl_RG~USA_PH~CONSD_BO~TRF_PB~FB_PD~NEWSF,4967,5911,36,0,0,0,0,0,0,27.99,0,0.0,448,0,0,0,0,412,BZS,HCP,2024-05-15
CM~Shortform B New_CT~VID_VD~60s_PH~CONSD_BO~TRF_PB~FB_PD~NEWSF,YR~23-Q2-07_CL~ASTRA_TA~ONC_DS~THEIR2+2L_MB~Neurexa_CU~HCP_CA~B_PH~CONSD_BO~TRF_PB~FB_CN~17721-9-115463_FF~New Pixel RTA LAL_Link Clicks,AN~Pixel RTA LAL_TG~RT_DE~A25-65F_MA~ntl_RG~USA_PH~CONSD_BO~TRF_PB~FB_PD~NEWSF,9835,12364,80,0,0,0,0,0,0,59.69,0,0.0,877,0,0,0,0,797,BZS,HCP,2024-05-15
CM~Shortform A New_CT~VID_VD~60s_PH~CONSD_BO~TRF_PB~FB_PD~NEWSF,YR~23-Q2-07_CL~ASTRA_TA~ONC_DS~THEIR2+2L_MB~Neurexa_CU~HCP_CA~B_PH~CONSD_BO~TRF_PB~FB_CN~17721-9-115463_FF~New Pixel RTA LAL_Link Clicks,AN~VideoRTALAL_TG~RT_DE~A25-65F_MA~ntl_RG~USA_PH~CONSD_BO~TRF_PB~FB_PD~NEWSF,2531,2619,12,0,0,0,0,0,0,8.98,0,0.0,209,0,0,0,0,197,BZS,HCP,2024-05-15
CM~Shortform B New_CT~VID_VD~60s_PH~CONSD_BO~TRF_PB~FB_PD~NEWSF,YR~23-Q2-07_CL~ASTRA_TA~ONC_DS~THEIR2+2L_MB~Neurexa_CU~HCP_CA~B_PH~CONSD_BO~TRF_PB~FB_CN~17721-9-115463_FF~New Pixel RTA LAL_Link Clicks,AN~VideoRTALAL_TG~RT_DE~A25-65F_MA~ntl_RG~USA_PH~CONSD_BO~TRF_PB~FB_PD~NEWSF,1780,1845,7,0,0,0,0,0,0,6.1,0,0.0,143,0,0,0,0,136,BZS,HCP,2024-05-15
CM~Shortform New_CT~VID_VD~60s_PH~CONSD_BO~TRF_PB~FB_PD~NEWSF,YR~23-Q2-07_CL~ASTRA_TA~ONC_DS~THEIR2+2L_MB~Neurexa_CU~HCP_CA~B_PH~CONSD_BO~TRF_PB~FB_CN~17721-9-115463_FF~New Pixel RTA LAL_Link Clicks,AN~VideoRTALAL_TG~RT_DE~A25-65F_MA~ntl_RG~USA_PH~CONSD_BO~TRF_PB~FB_PD~NEWSF,412,423,3,0,0,0,0,0,0,1.69,0,0.0,38,0,0,0,0,35,BZS,HCP,2024-05-15
CM~Shortform A New_CT~VID_VD~60s_PH~CONSD_BO~TRF_PB~FB_PD~NEWSF,YR~23-Q2-07_CL~ASTRA_TA~ONC_DS~THEIR2+2L_MB~Neurexa_CU~HCP_CA~B_PH~CONSD_BO~TRF_PB~FB_CN~17721-9-115463_FF~New Pixel RTA_Link Clicks,AN~Engagement RTA_TG~RT_DE~A25-65F_MA~ntl_RG~USA_PH~CONSD_BO~TRF_PB~FB_PD~NEWSF,812,971,5,0,0,0,0,0,0,8.11,0,0.0,65,0,0,0,0,60,BZS,HCP,2024-05-15
CM~Shortform B New_CT~VID_VD~60s_PH~CONSD_BO~TRF_PB~FB_PD~NEWSF,YR~23-Q2-07_CL~ASTRA_TA~ONC_DS~THEIR2+2L_MB~Neurexa_CU~HCP_CA~B_PH~CONSD_BO~TRF_PB~FB_CN~17721-9-115463_FF~New Pixel RTA_Link Clicks,AN~Engagement RTA_TG~RT_DE~A25-65F_MA~ntl_RG~USA_PH~CONSD_BO~TRF_PB~FB_PD~NEWSF,1360,1681,11,0,0,0,0,0,0,11.92,0,0.0,110,0,0,0,0,99,BZS,HCP,2024-05-15
CM~Shortform New_CT~VID_VD~60s_PH~CONSD_BO~TRF_PB~FB_PD~NEWSF,YR~23-Q2-07_CL~ASTRA_TA~ONC_DS~THEIR2+2L_MB~Neurexa_CU~HCP_CA~B_PH~CONSD_BO~TRF_PB~FB_CN~17721-9-115463_FF~New Pixel RTA_Link Clicks,AN~Engagement RTA_TG~RT_DE~A25-65F_MA~ntl_RG~USA_PH~CONSD_BO~TRF_PB~FB_PD~NEWSF,509,627,1,0,0,0,0,0,0,5.14,0,0.0,39,0,0,0,0,38,BZS,HCP,2024-05-15
CM~Shortform A New_CT~VID_VD~60s_PH~CONSD_BO~TRF_PB~FB_PD~NEWSF,YR~23-Q2-07_CL~ASTRA_TA~ONC_DS~THEIR2+2L_MB~Neurexa_CU~HCP_CA~B_PH~CONSD_BO~TRF_PB~FB_CN~17721-9-115463_FF~New Pixel RTA_Link Clicks,AN~Pixel RTA_TG~RT_DE~A25-65F_MA~ntl_RG~USA_PH~CONSD_BO~TRF_PB~FB_PD~NEWSF,1514,2763,28,0,0,0,0,0,0,26.02,0,0.0,298,0,0,0,0,270,BZS,HCP,2024-05-15
CM~Shortform B New_CT~VID_VD~60s_PH~CONSD_BO~TRF_PB~FB_PD~NEWSF,YR~23-Q2-07_CL~ASTRA_TA~ONC_DS~THEIR2+2L_MB~Neurexa_CU~HCP_CA~B_PH~CONSD_BO~TRF_PB~FB_CN~17721-9-115463_FF~New Pixel RTA_Link Clicks,AN~Pixel RTA_TG~RT_DE~A25-65F_MA~ntl_RG~USA_PH~CONSD_BO~TRF_PB~FB_PD~NEWSF,2846,5799,50,0,0,0,0,0,0,59.87,0,0.0,604,0,0,0,0,554,BZS,HCP,2024-05-15
CM~Shortform New_CT~VID_VD~60s_PH~CONSD_BO~TRF_PB~FB_PD~NEWSF,YR~23-Q2-07_CL~ASTRA_TA~ONC_DS~THEIR2+2L_MB~Neurexa_CU~HCP_CA~B_PH~CONSD_BO~TRF_PB~FB_CN~17721-9-115463_FF~New Pixel RTA_Link Clicks,AN~Pixel RTA_TG~RT_DE~A25-65F_MA~ntl_RG~USA_PH~CONSD_BO~TRF_PB~FB_PD~NEWSF,244,430,10,0,0,0,0,0,0,10.97,0,0.0,45,0,0,0,0,35,BZS,HCP,2024-05-15
CM~Shortform A New_CT~VID_VD~60s_PH~CONSD_BO~TRF_PB~FB_PD~NEWSF,YR~23-Q2-07_CL~ASTRA_TA~ONC_DS~THEIR2+2L_MB~Neurexa_CU~HCP_CA~B_PH~CONSD_BO~TRF_PB~FB_CN~17721-9-115463_FF~New Pixel RTA_Link Clicks,AN~Pixel Search RTA_TG~RT_DE~A25-65F_MA~ntl_RG~USA_PH~CONSD_BO~TRF_PB~FB_PD~NEWSF,800,1002,5,0,0,0,0,0,0,6.8,0,0.0,69,0,0,0,0,64,BZS,HCP,2024-05-15
CM~Shortform A New_CT~VID_VD~60s_PH~CONSD_BO~TRF_PB~FB_PD~NEWSF,YR~23-Q2-07_CL~ASTRA_TA~ONC_DS~THEIR2+2L_MB~Neurexa_CU~HCP_CA~B_PH~CONSD_BO~TRF_PB~FB_CN~17721-9-115463_FF~New Pixel RTA_Link Clicks,AN~Video RTA_TG~RT_DE~A25-65F_MA~ntl_RG~USA_PH~CONSD_BO~TRF_PB~FB_PD~NEWSF,2360,2850,9,0,0,0,0,0,0,12.7,0,0.0,382,0,0,0,0,373,BZS,HCP,2024-05-15
CM~Shortform B New_CT~VID_VD~60s_PH~CONSD_BO~TRF_PB~FB_PD~NEWSF,YR~23-Q2-07_CL~ASTRA_TA~ONC_DS~THEIR2+2L_MB~Neurexa_CU~HCP_CA~B_PH~CONSD_BO~TRF_PB~FB_CN~17721-9-115463_FF~New Pixel RTA_Link Clicks,AN~Video RTA_TG~RT_DE~A25-65F_MA~ntl_RG~USA_PH~CONSD_BO~TRF_PB~FB_PD~NEWSF,2882,3514,15,0,0,0,0,0,0,16.22,0,0.0,425,0,0,0,0,410,BZS,HCP,2024-05-15
CM~Shortform New_CT~VID_VD~60s_PH~CONSD_BO~TRF_PB~FB_PD~NEWSF,YR~23-Q2-07_CL~ASTRA_TA~ONC_DS~THEIR2+2L_MB~Neurexa_CU~HCP_CA~B_PH~CONSD_BO~TRF_PB~FB_CN~17721-9-115463_FF~New Pixel RTA_Link Clicks,AN~Video RTA_TG~RT_DE~A25-65F_MA~ntl_RG~USA_PH~CONSD_BO~TRF_PB~FB_PD~NEWSF,1121,1472,6,0,0,0,0,0,0,6.95,0,0.0,169,0,0,0,0,163,BZS,HCP,2024-05-15
CM~Shortform A New_CT~VID_VD~60s_PH~CONSD_BO~TRF_PB~IG_PD~NEWSF,YR~23-Q2-07_CL~ASTRA_TA~ONC_DS~THEIR2+2L_MB~Neurexa_CU~HCP_CA~B_PH~CONSD_BO~TRF_PB~IG_CN~17721-9-115463_FF~New Pixel RTA & LAL_Link Clicks,AN~Engagement RTALAL_TG~RT_DE~A25-65F_MA~ntl_RG~USA_PH~CONSD_BO~TRF_PB~IG_PD~NEWSF,3925,4539,19,0,0,0,0,0,0,37.81,0,4.0,607,0,0,0,0,583,BZS,HCP,2024-05-15
CM~Shortform B New_CT~VID_VD~60s_PH~CONSD_BO~TRF_PB~IG_PD~NEWSF,YR~23-Q2-07_CL~ASTRA_TA~ONC_DS~THEIR2+2L_MB~Neurexa_CU~HCP_CA~B_PH~CONSD_BO~TRF_PB~IG_CN~17721-9-115463_FF~New Pixel RTA & LAL_Link Clicks,AN~Engagement RTALAL_TG~RT_DE~A25-65F_MA~ntl_RG~USA_PH~CONSD_BO~TRF_PB~IG_PD~NEWSF,3437,4002,16,0,0,0,0,0,0,37.93,0,5.0,655,0,0,0,0,631,BZS,HCP,2024-05-15
CM~Shortform A New_CT~VID_VD~60s_PH~CONSD_BO~TRF_PB~IG_PD~NEWSF,YR~23-Q2-07_CL~ASTRA_TA~ONC_DS~THEIR2+2L_MB~Neurexa_CU~HCP_CA~B_PH~CONSD_BO~TRF_PB~IG_CN~17721-9-115463_FF~New Pixel RTA & LAL_Link Clicks,AN~Pixel RTA LAL_TG~RT_DE~A25-65F_MA~ntl_RG~USA_PH~CONSD_BO~TRF_PB~IG_PD~NEWSF,56,58,0,0,0,0,0,0,0,0.51,0,0.0,7,0,0,0,0,7,BZS,HCP,2024-05-15
CM~Shortform New_CT~VID_VD~60s_PH~CONSD_BO~TRF_PB~IG_PD~NEWSF,YR~23-Q2-07_CL~ASTRA_TA~ONC_DS~THEIR2+2L_MB~Neurexa_CU~HCP_CA~B_PH~CONSD_BO~TRF_PB~IG_CN~17721-9-115463_FF~New Pixel RTA & LAL_Link Clicks,AN~Pixel RTA LAL_TG~RT_DE~A25-65F_MA~ntl_RG~USA_PH~CONSD_BO~TRF_PB~IG_PD~NEWSF,504,556,1,0,0,0,0,0,0,4.73,0,0.0,34,0,0,0,0,33,BZS,HCP,2024-05-15
CM~Shortform B New_CT~VID_VD~60s_PH~CONSD_BO~TRF_PB~IG_PD~NEWSF,YR~23-Q2-07_CL~ASTRA_TA~ONC_DS~THEIR2+2L_MB~Neurexa_CU~HCP_CA~B_PH~CONSD_BO~TRF_PB~IG_CN~17721-9-115463_FF~New Pixel RTA & LAL_Link Clicks,AN~Pixel RTA LAL_TG~RT_DE~A25-65F_MA~ntl_RG~USA_PH~CONSD_BO~TRF_PB~IG_PD~NEWSF,528,616,3,0,0,0,0,0,0,3.87,0,1.0,44,0,0,0,0,39,BZS,HCP,2024-05-15
CM~Shortform A New_CT~VID_VD~60s_PH~CONSD_BO~TRF_PB~IG_PD~NEWSF,YR~23-Q2-07_CL~ASTRA_TA~ONC_DS~THEIR2+2L_MB~Neurexa_CU~HCP_CA~B_PH~CONSD_BO~TRF_PB~IG_CN~17721-9-115463_FF~New Pixel RTA & LAL_Link Clicks,AN~Pixel RTA_TG~RT_DE~A25-65F_MA~ntl_RG~USA_PH~CONSD_BO~TRF_PB~IG_PD~NEWSF,97,120,1,0,0,0,0,0,0,5.49,0,0.0,22,0,0,0,0,20,BZS,HCP,2024-05-15
CM~Shortform B New_CT~VID_VD~60s_PH~CONSD_BO~TRF_PB~IG_PD~NEWSF,YR~23-Q2-07_CL~ASTRA_TA~ONC_DS~THEIR2+2L_MB~Neurexa_CU~HCP_CA~B_PH~CONSD_BO~TRF_PB~IG_CN~17721-9-115463_FF~New Pixel RTA & LAL_Link Clicks,AN~Pixel RTA_TG~RT_DE~A25-65F_MA~ntl_RG~USA_PH~CONSD_BO~TRF_PB~IG_PD~NEWSF,62,82,2,0,0,0,0,0,0,2.55,0,1.0,17,0,0,0,0,14,BZS,HCP,2024-05-15
CM~Shortform A New_CT~VID_VD~60s_PH~CONSD_BO~TRF_PB~IG_PD~NEWSF,YR~23-Q2-07_CL~ASTRA_TA~ONC_DS~THEIR2+2L_MB~Neurexa_CU~HCP_CA~B_PH~CONSD_BO~TRF_PB~IG_CN~17721-9-115463_FF~New Pixel RTA & LAL_Link Clicks,AN~Video RTALAL_TG~RT_DE~A25-65F_MA~ntl_RG~USA_PH~CONSD_BO~TRF_PB~IG_PD~NEWSF,193,200,3,0,0,0,0,0,0,2.52,0,0.0,50,0,0,0,0,47,BZS,HCP,2024-05-15
CM~Shortform B New_CT~VID_VD~60s_PH~CONSD_BO~TRF_PB~IG_PD~NEWSF,YR~23-Q2-07_CL~ASTRA_TA~ONC_DS~THEIR2+2L_MB~Neurexa_CU~HCP_CA~B_PH~CONSD_BO~TRF_PB~IG_CN~17721-9-115463_FF~New Pixel RTA & LAL_Link Clicks,AN~Video RTALAL_TG~RT_DE~A25-65F_MA~ntl_RG~USA_PH~CONSD_BO~TRF_PB~IG_PD~NEWSF,172,181,1,0,0,0,0,0,0,1.63,0,0.0,45,0,0,0,0,44,BZS,HCP,2024-05-15
CM~Shortform A New_CT~VID_VD~60s_PH~CONSD_BO~TRF_PB~FB_PD~NEWSF,YR~23-Q3-07_CL~ASTRA_TA~ONC_DS~THEIR2+2L_MB~Neurexa_CU~HCP_CA~B_PH~CONSD_BO~TRF_PB~FB_CN~17721-9-115463_FF~GeoTargeting,AN~GeoTargeting_TG~_DE~A25-65F_MA~ntl_RG~USA_PH~CONSD_BO~TRF_PB~FB_PD~NEWSF,2032,4428,24,0,0,0,0,0,0,41.65,0,0.0,389,0,0,0,0,365,BZS,HCP,2024-05-15
CM~Shortform B New_CT~VID_VD~60s_PH~CONSD_BO~TRF_PB~FB_PD~NEWSF,YR~23-Q3-07_CL~ASTRA_TA~ONC_DS~THEIR2+2L_MB~Neurexa_CU~HCP_CA~B_PH~CONSD_BO~TRF_PB~FB_CN~17721-9-115463_FF~GeoTargeting,AN~GeoTargeting_TG~_DE~A25-65F_MA~ntl_RG~USA_PH~CONSD_BO~TRF_PB~FB_PD~NEWSF,573,1220,3,0,0,0,0,0,0,10.28,0,0.0,94,0,0,0,0,91,BZS,HCP,2024-05-15
CM~Shortform New_CT~VID_VD~60s_PH~CONSD_BO~TRF_PB~FB_PD~NEWSF,YR~23-Q3-07_CL~ASTRA_TA~ONC_DS~THEIR2+2L_MB~Neurexa_CU~HCP_CA~B_PH~CONSD_BO~TRF_PB~FB_CN~17721-9-115463_FF~GeoTargeting,AN~GeoTargeting_TG~_DE~A25-65F_MA~ntl_RG~USA_PH~CONSD_BO~TRF_PB~FB_PD~NEWSF,1004,1659,6,0,0,0,0,0,0,13.63,0,0.0,125,0,0,0,0,119,BZS,HCP,2024-05-15
CM~Shortform A New_CT~VID_VD~60s_PH~CONSD_BO~TRF_PB~IG_PD~NEWSF,YR~23-Q3-07_CL~ASTRA_TA~ONC_DS~THEIR2+2L_MB~Neurexa_CU~HCP_CA~B_PH~CONSD_BO~TRF_PB~IG_CN~17721-9-115463_FF~GeoTargeting,AN~GeoTargeting_TG~_DE~A25-65F_MA~ntl_RG~USA_PH~CONSD_BO~TRF_PB~IG_PD~NEWSF,897,1090,3,0,0,0,0,0,0,17.06,0,0.0,171,0,0,0,0,168,BZS,HCP,2024-05-15
CM~Shortform B New_CT~VID_VD~60s_PH~CONSD_BO~TRF_PB~IG_PD~NEWSF,YR~23-Q3-07_CL~ASTRA_TA~ONC_DS~THEIR2+2L_MB~Neurexa_CU~HCP_CA~B_PH~CONSD_BO~TRF_PB~IG_CN~17721-9-115463_FF~GeoTargeting,AN~GeoTargeting_TG~_DE~A25-65F_MA~ntl_RG~USA_PH~CONSD_BO~TRF_PB~IG_PD~NEWSF,1465,1880,3,0,0,0,0,0,0,29.59,0,3.0,300,0,0,0,0,293,BZS,HCP,2024-05-15
CM~Shortform New_CT~VID_VD~60s_PH~CONSD_BO~TRF_PB~IG_PD~NEWSF,YR~23-Q3-07_CL~ASTRA_TA~ONC_DS~THEIR2+2L_MB~Neurexa_CU~HCP_CA~B_PH~CONSD_BO~TRF_PB~IG_CN~17721-9-115463_FF~GeoTargeting,AN~GeoTargeting_TG~_DE~A25-65F_MA~ntl_RG~USA_PH~CONSD_BO~TRF_PB~IG_PD~NEWSF,898,1148,1,0,0,0,0,0,0,17.68,0,0.0,163,0,0,0,0,162,BZS,HCP,2024-05-15
CM~Shortform A New_CT~VID_VD~60s_PH~CONSD_BO~TRF_PB~FB_PD~NEWSF,YR~23-Q3-08_CL~ASTRA_TA~ONC_DS~THEIR2+2L_MB~Neurexa_CU~HCP_CA~B_PH~CONSD_BO~TRF_PB~FB_CN~17721-9-115463_FF~Proact HCPs,AN~ProactHCPs_TG~3P_DE~A25-65F_MA~ntl_RG~USA_PH~CONSD_BO~TRF_PB~FB_PD~NEWSF,277,676,1,0,0,0,0,0,0,15.59,0,0.0,55,0,0,0,0,54,BZS,HCP,2024-05-15
CM~Shortform B New_CT~VID_VD~60s_PH~CONSD_BO~TRF_PB~FB_PD~NEWSF,YR~23-Q3-08_CL~ASTRA_TA~ONC_DS~THEIR2+2L_MB~Neurexa_CU~HCP_CA~B_PH~CONSD_BO~TRF_PB~FB_CN~17721-9-115463_FF~Proact HCPs,AN~ProactHCPs_TG~3P_DE~A25-65F_MA~ntl_RG~USA_PH~CONSD_BO~TRF_PB~FB_PD~NEWSF,94,232,0,0,0,0,0,0,0,4.64,0,0.0,12,0,0,0,0,12,BZS,HCP,2024-05-15
CM~Shortform New_CT~VID_VD~60s_PH~CONSD_BO~TRF_PB~FB_PD~NEWSF,YR~23-Q3-08_CL~ASTRA_TA~ONC_DS~THEIR2+2L_MB~Neurexa_CU~HCP_CA~B_PH~CONSD_BO~TRF_PB~FB_CN~17721-9-115463_FF~Proact HCPs,AN~ProactHCPs_TG~3P_DE~A25-65F_MA~ntl_RG~USA_PH~CONSD_BO~TRF_PB~FB_PD~NEWSF,249,699,1,0,0,0,0,0,0,13.74,0,0.0,51,0,0,0,0,50,BZS,HCP,2024-05-15
CM~IX Ad_CT~VID_VD~60s_PH~CONSD_BO~TRF_PB~FB_PD~NEWSF,YR~23-Q3-09_CL~ASTRA_TA~ONC_DS~THEIR2+2L_MB~Neurexa_CU~HCP_CA~B_PH~CONSD_BO~TRF_PB~FB_CN~17721-9-115463_FF~Instant Experience,AN~GeoLocation_TG~3P_DE~A25-65F_MA~ntl_RG~USA_PH~CONSD_BO~TRF_PB~FB_PD~NEWSF,15618,39336,53,0,0,0,0,0,0,363.82,0,0.0,4470,0,0,360,0,4417,BZS,HCP,2024-05-15
CM~In Stream_CT~VID_VD~15s_PH~CONSD_BO~AWE_PB~FB_PD~MSSGR,YR~23-Q2-05_CL~ALLY_TA~ONC_DS~PAN_MB~Neurexa_CU~HCP_CA~B_PH~CONSD_BO~AWE_PB~FB_CN~17722-9-115918_FF~ Instream,CM~EngRTALAL_CT~VID_VD~15s_PH~CONSD_BO~AWE_PB~FB_PD~MSSGR,30182,32537,0,0,0,0,0,0,0,393.15,0,0.0,16154,0,0,0,0,16149,AST,HCP,2024-05-16
CM~In Stream_CT~VID_VD~15s_PH~CONSD_BO~AWE_PB~FB_PD~MSSGR,YR~23-Q2-05_CL~ALLY_TA~ONC_DS~PAN_MB~Neurexa_CU~HCP_CA~B_PH~CONSD_BO~AWE_PB~FB_CN~17722-9-115918_FF~ Instream,CM~EngRTA_CT~VID_VD~15s_PH~CONSD_BO~AWE_PB~FB_PD~MSSGR,316,316,0,0,0,0,0,0,0,3.92,0,0.0,138,0,0,0,0,138,AST,HCP,2024-05-16
CM~In Stream_CT~VID_VD~15s_PH~CONSD_BO~AWE_PB~FB_PD~MSSGR,YR~23-Q2-05_CL~ALLY_TA~ONC_DS~PAN_MB~Neurexa_CU~HCP_CA~B_PH~CONSD_BO~AWE_PB~FB_CN~17722-9-115918_FF~ Instream,CM~PixelRTALAL_CT~VID_VD~15s_PH~CONSD_BO~AWE_PB~FB_PD~MSSGR,9275,9707,0,0,0,0,0,0,0,124.14,0,0.0,4603,0,0,0,0,4603,AST,HCP,2024-05-16
CM~In Stream_CT~VID_VD~15s_PH~CONSD_BO~AWE_PB~FB_PD~MSSGR,YR~23-Q2-05_CL~ALLY_TA~ONC_DS~PAN_MB~Neurexa_CU~HCP_CA~B_PH~CONSD_BO~AWE_PB~FB_CN~17722-9-115918_FF~ Instream,CM~PixelRTA_CT~VID_VD~15s_PH~CONSD_BO~AWE_PB~FB_PD~MSSGR,155,155,0,0,0,0,0,0,0,1.88,0,0.0,73,0,0,0,0,73,AST,HCP,2024-05-16
CM~In Stream_CT~VID_VD~15s_PH~CONSD_BO~AWE_PB~FB_PD~MSSGR,YR~24-Q1-01_CL~ALLY_TA~ONC_DS~PAN_MB~Neurexa_CU~HCP_CA~B_PH~CONSD_BO~AWE_PB~FB_CN~17722-9-115918_FF~ Instream 3P,CM~SpecialtyLists_CT~VID_VD~15s_PH~CONSD_BO~AWE_PB~FB_PD~MSSGR 3P,301,301,0,0,0,0,0,0,0,4.99,0,0.0,126,0,0,0,0,126,AST,HCP,2024-05-16
CM~Shortform A New_CT~VID_VD~60s_PH~CONSD_BO~TRF_PB~FB_PD~NEWSF,YR~23-Q2-07-CL~ASTRA_TA~ONC_DS~THEIR2+2L_MB~Neurexa_CU~HCP_CA~B_PH~CONSD_BO~TRF_PB~FB_CN~17721-9-115463_FF~New Rx HCPs_Link Clicks,AN~HCPs_TG~3P_DE~A25-65F_MA~ntl_RG~USA_PH~CONSD_BO~TRF_PB~FB_PD~NEWSF,1550,2659,10,0,0,0,0,0,0,18.48,0,0.0,256,0,0,0,0,246,BZS,HCP,2024-05-16
CM~Shortform B New_CT~VID_VD~60s_PH~CONSD_BO~TRF_PB~FB_PD~NEWSF,YR~23-Q2-07-CL~ASTRA_TA~ONC_DS~THEIR2+2L_MB~Neurexa_CU~HCP_CA~B_PH~CONSD_BO~TRF_PB~FB_CN~17721-9-115463_FF~New Rx HCPs_Link Clicks,AN~HCPs_TG~3P_DE~A25-65F_MA~ntl_RG~USA_PH~CONSD_BO~TRF_PB~FB_PD~NEWSF,319,564,4,0,0,0,0,0,0,4.24,0,0.0,32,0,0,0,0,28,BZS,HCP,2024-05-16
CM~Shortform New_CT~VID_VD~60s_PH~CONSD_BO~TRF_PB~FB_PD~NEWSF,YR~23-Q2-07-CL~ASTRA_TA~ONC_DS~THEIR2+2L_MB~Neurexa_CU~HCP_CA~B_PH~CONSD_BO~TRF_PB~FB_CN~17721-9-115463_FF~New Rx HCPs_Link Clicks,AN~HCPs_TG~3P_DE~A25-65F_MA~ntl_RG~USA_PH~CONSD_BO~TRF_PB~FB_PD~NEWSF,1044,1574,3,0,0,0,0,0,0,10.83,0,0.0,138,0,0,0,0,135,BZS,HCP,2024-05-16
CM~Shortform A New_CT~VID_VD~60s_PH~CONSD_BO~TRF_PB~FB_PD~NEWSF,YR~23-Q2-07_CL~ASTRA_TA~ONC_DS~THEIR2+2L_MB~Neurexa_CU~HCP_CA~B_PH~CONSD_BO~TRF_PB~FB_CN~17721-9-115463_FF~New Pixel RTA LAL_Link Clicks,AN~EngagementRTALAL_TG~RT_DE~A25-65F_MA~ntl_RG~USA_PH~CONSD_BO~TRF_PB~FB_PD~NEWSF,1717,1828,6,0,0,0,0,0,0,7.79,0,0.0,79,0,0,0,0,73,BZS,HCP,2024-05-16
CM~Shortform B New_CT~VID_VD~60s_PH~CONSD_BO~TRF_PB~FB_PD~NEWSF,YR~23-Q2-07_CL~ASTRA_TA~ONC_DS~THEIR2+2L_MB~Neurexa_CU~HCP_CA~B_PH~CONSD_BO~TRF_PB~FB_CN~17721-9-115463_FF~New Pixel RTA LAL_Link Clicks,AN~EngagementRTALAL_TG~RT_DE~A25-65F_MA~ntl_RG~USA_PH~CONSD_BO~TRF_PB~FB_PD~NEWSF,1528,1591,5,0,0,0,0,0,0,5.17,0,0.0,63,0,0,0,0,58,BZS,HCP,2024-05-16
CM~Shortform New_CT~VID_VD~60s_PH~CONSD_BO~TRF_PB~FB_PD~NEWSF,YR~23-Q2-07_CL~ASTRA_TA~ONC_DS~THEIR2+2L_MB~Neurexa_CU~HCP_CA~B_PH~CONSD_BO~TRF_PB~FB_CN~17721-9-115463_FF~New Pixel RTA LAL_Link Clicks,AN~EngagementRTALAL_TG~RT_DE~A25-65F_MA~ntl_RG~USA_PH~CONSD_BO~TRF_PB~FB_PD~NEWSF,146,156,1,0,0,0,0,0,0,0.76,0,0.0,7,0,0,0,0,6,BZS,HCP,2024-05-16
CM~Shortform New_CT~VID_VD~60s_PH~CONSD_BO~TRF_PB~FB_PD~NEWSF,YR~23-Q2-07_CL~ASTRA_TA~ONC_DS~THEIR2+2L_MB~Neurexa_CU~HCP_CA~B_PH~CONSD_BO~TRF_PB~FB_CN~17721-9-115463_FF~New Pixel RTA LAL_Link Clicks,AN~Pixel RTA LAL_TG~RT_DE~A25-65F_MA~ntl_RG~USA_PH~CONSD_BO~TRF_PB~FB_PD~NEWSF,1978,2337,23,0,0,0,0,0,0,10.73,0,0.0,171,0,0,0,0,148,BZS,HCP,2024-05-16
CM~Shortform A New_CT~VID_VD~60s_PH~CONSD_BO~TRF_PB~FB_PD~NEWSF,YR~23-Q2-07_CL~ASTRA_TA~ONC_DS~THEIR2+2L_MB~Neurexa_CU~HCP_CA~B_PH~CONSD_BO~TRF_PB~FB_CN~17721-9-115463_FF~New Pixel RTA LAL_Link Clicks,AN~Pixel RTA LAL_TG~RT_DE~A25-65F_MA~ntl_RG~USA_PH~CONSD_BO~TRF_PB~FB_PD~NEWSF,3943,4639,33,0,0,0,0,0,0,21.96,0,0.0,314,0,0,0,0,281,BZS,HCP,2024-05-16
CM~Shortform B New_CT~VID_VD~60s_PH~CONSD_BO~TRF_PB~FB_PD~NEWSF,YR~23-Q2-07_CL~ASTRA_TA~ONC_DS~THEIR2+2L_MB~Neurexa_CU~HCP_CA~B_PH~CONSD_BO~TRF_PB~FB_CN~17721-9-115463_FF~New Pixel RTA LAL_Link Clicks,AN~Pixel RTA LAL_TG~RT_DE~A25-65F_MA~ntl_RG~USA_PH~CONSD_BO~TRF_PB~FB_PD~NEWSF,10266,13684,99,0,0,0,0,0,0,70.04,0,0.0,966,0,0,0,0,867,BZS,HCP,2024-05-16
CM~Shortform A New_CT~VID_VD~60s_PH~CONSD_BO~TRF_PB~FB_PD~NEWSF,YR~23-Q2-07_CL~ASTRA_TA~ONC_DS~THEIR2+2L_MB~Neurexa_CU~HCP_CA~B_PH~CONSD_BO~TRF_PB~FB_CN~17721-9-115463_FF~New Pixel RTA LAL_Link Clicks,AN~VideoRTALAL_TG~RT_DE~A25-65F_MA~ntl_RG~USA_PH~CONSD_BO~TRF_PB~FB_PD~NEWSF,3027,3158,16,0,0,0,0,0,0,11.01,0,0.0,288,0,0,0,0,272,BZS,HCP,2024-05-16
CM~Shortform B New_CT~VID_VD~60s_PH~CONSD_BO~TRF_PB~FB_PD~NEWSF,YR~23-Q2-07_CL~ASTRA_TA~ONC_DS~THEIR2+2L_MB~Neurexa_CU~HCP_CA~B_PH~CONSD_BO~TRF_PB~FB_CN~17721-9-115463_FF~New Pixel RTA LAL_Link Clicks,AN~VideoRTALAL_TG~RT_DE~A25-65F_MA~ntl_RG~USA_PH~CONSD_BO~TRF_PB~FB_PD~NEWSF,1629,1705,12,0,0,0,0,0,0,5.83,0,0.0,145,0,0,0,0,133,BZS,HCP,2024-05-16
CM~Shortform New_CT~VID_VD~60s_PH~CONSD_BO~TRF_PB~FB_PD~NEWSF,YR~23-Q2-07_CL~ASTRA_TA~ONC_DS~THEIR2+2L_MB~Neurexa_CU~HCP_CA~B_PH~CONSD_BO~TRF_PB~FB_CN~17721-9-115463_FF~New Pixel RTA LAL_Link Clicks,AN~VideoRTALAL_TG~RT_DE~A25-65F_MA~ntl_RG~USA_PH~CONSD_BO~TRF_PB~FB_PD~NEWSF,278,288,1,0,0,0,0,0,0,1.13,0,0.0,20,0,0,0,0,19,BZS,HCP,2024-05-16
CM~Shortform A New_CT~VID_VD~60s_PH~CONSD_BO~TRF_PB~FB_PD~NEWSF,YR~23-Q2-07_CL~ASTRA_TA~ONC_DS~THEIR2+2L_MB~Neurexa_CU~HCP_CA~B_PH~CONSD_BO~TRF_PB~FB_CN~17721-9-115463_FF~New Pixel RTA_Link Clicks,AN~Engagement RTA_TG~RT_DE~A25-65F_MA~ntl_RG~USA_PH~CONSD_BO~TRF_PB~FB_PD~NEWSF,950,1173,6,0,0,0,0,0,0,10.42,0,0.0,75,0,0,0,0,69,BZS,HCP,2024-05-16
CM~Shortform B New_CT~VID_VD~60s_PH~CONSD_BO~TRF_PB~FB_PD~NEWSF,YR~23-Q2-07_CL~ASTRA_TA~ONC_DS~THEIR2+2L_MB~Neurexa_CU~HCP_CA~B_PH~CONSD_BO~TRF_PB~FB_CN~17721-9-115463_FF~New Pixel RTA_Link Clicks,AN~Engagement RTA_TG~RT_DE~A25-65F_MA~ntl_RG~USA_PH~CONSD_BO~TRF_PB~FB_PD~NEWSF,1609,2091,15,0,0,0,0,0,0,11.9,0,0.0,126,0,0,0,0,111,BZS,HCP,2024-05-16
CM~Shortform New_CT~VID_VD~60s_PH~CONSD_BO~TRF_PB~FB_PD~NEWSF,YR~23-Q2-07_CL~ASTRA_TA~ONC_DS~THEIR2+2L_MB~Neurexa_CU~HCP_CA~B_PH~CONSD_BO~TRF_PB~FB_CN~17721-9-115463_FF~New Pixel RTA_Link Clicks,AN~Engagement RTA_TG~RT_DE~A25-65F_MA~ntl_RG~USA_PH~CONSD_BO~TRF_PB~FB_PD~NEWSF,605,767,9,0,0,0,0,0,0,5.6,0,0.0,45,0,0,0,0,36,BZS,HCP,2024-05-16
CM~Shortform A New_CT~VID_VD~60s_PH~CONSD_BO~TRF_PB~FB_PD~NEWSF,YR~23-Q2-07_CL~ASTRA_TA~ONC_DS~THEIR2+2L_MB~Neurexa_CU~HCP_CA~B_PH~CONSD_BO~TRF_PB~FB_CN~17721-9-115463_FF~New Pixel RTA_Link Clicks,AN~Pixel RTA_TG~RT_DE~A25-65F_MA~ntl_RG~USA_PH~CONSD_BO~TRF_PB~FB_PD~NEWSF,1483,2668,24,0,0,0,0,0,0,23.58,0,0.0,309,0,0,0,0,285,BZS,HCP,2024-05-16
CM~Shortform B New_CT~VID_VD~60s_PH~CONSD_BO~TRF_PB~FB_PD~NEWSF,YR~23-Q2-07_CL~ASTRA_TA~ONC_DS~THEIR2+2L_MB~Neurexa_CU~HCP_CA~B_PH~CONSD_BO~TRF_PB~FB_CN~17721-9-115463_FF~New Pixel RTA_Link Clicks,AN~Pixel RTA_TG~RT_DE~A25-65F_MA~ntl_RG~USA_PH~CONSD_BO~TRF_PB~FB_PD~NEWSF,2775,5628,49,0,0,0,0,0,0,56.93,0,0.0,577,0,0,0,0,528,BZS,HCP,2024-05-16
CM~Shortform New_CT~VID_VD~60s_PH~CONSD_BO~TRF_PB~FB_PD~NEWSF,YR~23-Q2-07_CL~ASTRA_TA~ONC_DS~THEIR2+2L_MB~Neurexa_CU~HCP_CA~B_PH~CONSD_BO~TRF_PB~FB_CN~17721-9-115463_FF~New Pixel RTA_Link Clicks,AN~Pixel RTA_TG~RT_DE~A25-65F_MA~ntl_RG~USA_PH~CONSD_BO~TRF_PB~FB_PD~NEWSF,225,397,4,0,0,0,0,0,0,7.91,0,0.0,35,0,0,0,0,31,BZS,HCP,2024-05-16
CM~Shortform A New_CT~VID_VD~60s_PH~CONSD_BO~TRF_PB~FB_PD~NEWSF,YR~23-Q2-07_CL~ASTRA_TA~ONC_DS~THEIR2+2L_MB~Neurexa_CU~HCP_CA~B_PH~CONSD_BO~TRF_PB~FB_CN~17721-9-115463_FF~New Pixel RTA_Link Clicks,AN~Pixel Search RTA_TG~RT_DE~A25-65F_MA~ntl_RG~USA_PH~CONSD_BO~TRF_PB~FB_PD~NEWSF,782,1019,3,0,0,0,0,0,0,6.79,0,0.0,82,0,0,0,0,79,BZS,HCP,2024-05-16
CM~Shortform A New_CT~VID_VD~60s_PH~CONSD_BO~TRF_PB~FB_PD~NEWSF,YR~23-Q2-07_CL~ASTRA_TA~ONC_DS~THEIR2+2L_MB~Neurexa_CU~HCP_CA~B_PH~CONSD_BO~TRF_PB~FB_CN~17721-9-115463_FF~New Pixel RTA_Link Clicks,AN~Video RTA_TG~RT_DE~A25-65F_MA~ntl_RG~USA_PH~CONSD_BO~TRF_PB~FB_PD~NEWSF,2731,3348,12,0,0,0,0,0,0,15.87,0,0.0,413,0,0,0,0,401,BZS,HCP,2024-05-16
CM~Shortform B New_CT~VID_VD~60s_PH~CONSD_BO~TRF_PB~FB_PD~NEWSF,YR~23-Q2-07_CL~ASTRA_TA~ONC_DS~THEIR2+2L_MB~Neurexa_CU~HCP_CA~B_PH~CONSD_BO~TRF_PB~FB_CN~17721-9-115463_FF~New Pixel RTA_Link Clicks,AN~Video RTA_TG~RT_DE~A25-65F_MA~ntl_RG~USA_PH~CONSD_BO~TRF_PB~FB_PD~NEWSF,3521,4408,24,0,0,0,0,0,0,20.54,0,0.0,560,0,0,0,0,536,BZS,HCP,2024-05-16
CM~Shortform New_CT~VID_VD~60s_PH~CONSD_BO~TRF_PB~FB_PD~NEWSF,YR~23-Q2-07_CL~ASTRA_TA~ONC_DS~THEIR2+2L_MB~Neurexa_CU~HCP_CA~B_PH~CONSD_BO~TRF_PB~FB_CN~17721-9-115463_FF~New Pixel RTA_Link Clicks,AN~Video RTA_TG~RT_DE~A25-65F_MA~ntl_RG~USA_PH~CONSD_BO~TRF_PB~FB_PD~NEWSF,1538,2054,10,0,0,0,0,0,0,9.37,0,0.0,231,0,0,0,0,221,BZS,HCP,2024-05-16
CM~Shortform A New_CT~VID_VD~60s_PH~CONSD_BO~TRF_PB~IG_PD~NEWSF,YR~23-Q2-07_CL~ASTRA_TA~ONC_DS~THEIR2+2L_MB~Neurexa_CU~HCP_CA~B_PH~CONSD_BO~TRF_PB~IG_CN~17721-9-115463_FF~New Pixel RTA & LAL_Link Clicks,AN~Engagement RTALAL_TG~RT_DE~A25-65F_MA~ntl_RG~USA_PH~CONSD_BO~TRF_PB~IG_PD~NEWSF,3919,4710,19,0,0,0,0,0,0,39.52,0,7.0,576,0,0,0,0,549,BZS,HCP,2024-05-16
CM~Shortform B New_CT~VID_VD~60s_PH~CONSD_BO~TRF_PB~IG_PD~NEWSF,YR~23-Q2-07_CL~ASTRA_TA~ONC_DS~THEIR2+2L_MB~Neurexa_CU~HCP_CA~B_PH~CONSD_BO~TRF_PB~IG_CN~17721-9-115463_FF~New Pixel RTA & LAL_Link Clicks,AN~Engagement RTALAL_TG~RT_DE~A25-65F_MA~ntl_RG~USA_PH~CONSD_BO~TRF_PB~IG_PD~NEWSF,3374,3956,22,0,0,0,0,0,0,35.5,0,5.0,653,0,0,0,0,626,BZS,HCP,2024-05-16
CM~Shortform New_CT~VID_VD~60s_PH~CONSD_BO~TRF_PB~IG_PD~NEWSF,YR~23-Q2-07_CL~ASTRA_TA~ONC_DS~THEIR2+2L_MB~Neurexa_CU~HCP_CA~B_PH~CONSD_BO~TRF_PB~IG_CN~17721-9-115463_FF~New Pixel RTA & LAL_Link Clicks,AN~Pixel RTA LAL_TG~RT_DE~A25-65F_MA~ntl_RG~USA_PH~CONSD_BO~TRF_PB~IG_PD~NEWSF,520,586,4,0,0,0,0,0,0,4.39,0,1.0,33,0,0,0,0,28,BZS,HCP,2024-05-16
CM~Shortform A New_CT~VID_VD~60s_PH~CONSD_BO~TRF_PB~IG_PD~NEWSF,YR~23-Q2-07_CL~ASTRA_TA~ONC_DS~THEIR2+2L_MB~Neurexa_CU~HCP_CA~B_PH~CONSD_BO~TRF_PB~IG_CN~17721-9-115463_FF~New Pixel RTA & LAL_Link Clicks,AN~Pixel RTA LAL_TG~RT_DE~A25-65F_MA~ntl_RG~USA_PH~CONSD_BO~TRF_PB~IG_PD~NEWSF,67,77,0,0,0,0,0,0,0,0.54,0,1.0,9,0,0,0,0,8,BZS,HCP,2024-05-16
CM~Shortform B New_CT~VID_VD~60s_PH~CONSD_BO~TRF_PB~IG_PD~NEWSF,YR~23-Q2-07_CL~ASTRA_TA~ONC_DS~THEIR2+2L_MB~Neurexa_CU~HCP_CA~B_PH~CONSD_BO~TRF_PB~IG_CN~17721-9-115463_FF~New Pixel RTA & LAL_Link Clicks,AN~Pixel RTA LAL_TG~RT_DE~A25-65F_MA~ntl_RG~USA_PH~CONSD_BO~TRF_PB~IG_PD~NEWSF,577,668,0,0,0,0,0,0,0,4.6,0,0.0,32,0,0,0,0,32,BZS,HCP,2024-05-16
CM~Shortform A New_CT~VID_VD~60s_PH~CONSD_BO~TRF_PB~IG_PD~NEWSF,YR~23-Q2-07_CL~ASTRA_TA~ONC_DS~THEIR2+2L_MB~Neurexa_CU~HCP_CA~B_PH~CONSD_BO~TRF_PB~IG_CN~17721-9-115463_FF~New Pixel RTA & LAL_Link Clicks,AN~Pixel RTA_TG~RT_DE~A25-65F_MA~ntl_RG~USA_PH~CONSD_BO~TRF_PB~IG_PD~NEWSF,111,139,1,0,0,0,0,0,0,1.8900000000000001,0,0.0,20,0,0,0,0,19,BZS,HCP,2024-05-16
CM~Shortform B New_CT~VID_VD~60s_PH~CONSD_BO~TRF_PB~IG_PD~NEWSF,YR~23-Q2-07_CL~ASTRA_TA~ONC_DS~THEIR2+2L_MB~Neurexa_CU~HCP_CA~B_PH~CONSD_BO~TRF_PB~IG_CN~17721-9-115463_FF~New Pixel RTA & LAL_Link Clicks,AN~Pixel RTA_TG~RT_DE~A25-65F_MA~ntl_RG~USA_PH~CONSD_BO~TRF_PB~IG_PD~NEWSF,82,103,0,0,0,0,0,0,0,1.34,0,0.0,15,0,0,0,0,15,BZS,HCP,2024-05-16
CM~Shortform A New_CT~VID_VD~60s_PH~CONSD_BO~TRF_PB~IG_PD~NEWSF,YR~23-Q2-07_CL~ASTRA_TA~ONC_DS~THEIR2+2L_MB~Neurexa_CU~HCP_CA~B_PH~CONSD_BO~TRF_PB~IG_CN~17721-9-115463_FF~New Pixel RTA & LAL_Link Clicks,AN~Video RTALAL_TG~RT_DE~A25-65F_MA~ntl_RG~USA_PH~CONSD_BO~TRF_PB~IG_PD~NEWSF,187,192,1,0,0,0,0,0,0,1.7,0,2.0,53,0,0,0,0,49,BZS,HCP,2024-05-16
CM~Shortform B New_CT~VID_VD~60s_PH~CONSD_BO~TRF_PB~IG_PD~NEWSF,YR~23-Q2-07_CL~ASTRA_TA~ONC_DS~THEIR2+2L_MB~Neurexa_CU~HCP_CA~B_PH~CONSD_BO~TRF_PB~IG_CN~17721-9-115463_FF~New Pixel RTA & LAL_Link Clicks,AN~Video RTALAL_TG~RT_DE~A25-65F_MA~ntl_RG~USA_PH~CONSD_BO~TRF_PB~IG_PD~NEWSF,209,221,1,0,0,0,0,0,0,2.02,0,0.0,53,0,0,0,0,52,BZS,HCP,2024-05-16
CM~Shortform A New_CT~VID_VD~60s_PH~CONSD_BO~TRF_PB~FB_PD~NEWSF,YR~23-Q3-07_CL~ASTRA_TA~ONC_DS~THEIR2+2L_MB~Neurexa_CU~HCP_CA~B_PH~CONSD_BO~TRF_PB~FB_CN~17721-9-115463_FF~GeoTargeting,AN~GeoTargeting_TG~_DE~A25-65F_MA~ntl_RG~USA_PH~CONSD_BO~TRF_PB~FB_PD~NEWSF,2030,4589,16,0,0,0,0,0,0,43.96,0,0.0,373,0,0,0,0,357,BZS,HCP,2024-05-16
CM~Shortform B New_CT~VID_VD~60s_PH~CONSD_BO~TRF_PB~FB_PD~NEWSF,YR~23-Q3-07_CL~ASTRA_TA~ONC_DS~THEIR2+2L_MB~Neurexa_CU~HCP_CA~B_PH~CONSD_BO~TRF_PB~FB_CN~17721-9-115463_FF~GeoTargeting,AN~GeoTargeting_TG~_DE~A25-65F_MA~ntl_RG~USA_PH~CONSD_BO~TRF_PB~FB_PD~NEWSF,551,1257,3,0,0,0,0,0,0,11.36,0,0.0,96,0,0,0,0,93,BZS,HCP,2024-05-16
CM~Shortform New_CT~VID_VD~60s_PH~CONSD_BO~TRF_PB~FB_PD~NEWSF,YR~23-Q3-07_CL~ASTRA_TA~ONC_DS~THEIR2+2L_MB~Neurexa_CU~HCP_CA~B_PH~CONSD_BO~TRF_PB~FB_CN~17721-9-115463_FF~GeoTargeting,AN~GeoTargeting_TG~_DE~A25-65F_MA~ntl_RG~USA_PH~CONSD_BO~TRF_PB~FB_PD~NEWSF,951,1607,6,0,0,0,0,0,0,14.16,0,0.0,134,0,0,0,0,128,BZS,HCP,2024-05-16
CM~Shortform A New_CT~VID_VD~60s_PH~CONSD_BO~TRF_PB~IG_PD~NEWSF,YR~23-Q3-07_CL~ASTRA_TA~ONC_DS~THEIR2+2L_MB~Neurexa_CU~HCP_CA~B_PH~CONSD_BO~TRF_PB~IG_CN~17721-9-115463_FF~GeoTargeting,AN~GeoTargeting_TG~_DE~A25-65F_MA~ntl_RG~USA_PH~CONSD_BO~TRF_PB~IG_PD~NEWSF,970,1183,1,0,0,0,0,0,0,18.53,0,1.0,179,0,0,0,0,177,BZS,HCP,2024-05-16
CM~Shortform B New_CT~VID_VD~60s_PH~CONSD_BO~TRF_PB~IG_PD~NEWSF,YR~23-Q3-07_CL~ASTRA_TA~ONC_DS~THEIR2+2L_MB~Neurexa_CU~HCP_CA~B_PH~CONSD_BO~TRF_PB~IG_CN~17721-9-115463_FF~GeoTargeting,AN~GeoTargeting_TG~_DE~A25-65F_MA~ntl_RG~USA_PH~CONSD_BO~TRF_PB~IG_PD~NEWSF,1301,1723,3,0,0,0,0,0,0,28.29,0,1.0,213,0,0,0,0,209,BZS,HCP,2024-05-16
CM~Shortform New_CT~VID_VD~60s_PH~CONSD_BO~TRF_PB~IG_PD~NEWSF,YR~23-Q3-07_CL~ASTRA_TA~ONC_DS~THEIR2+2L_MB~Neurexa_CU~HCP_CA~B_PH~CONSD_BO~TRF_PB~IG_CN~17721-9-115463_FF~GeoTargeting,AN~GeoTargeting_TG~_DE~A25-65F_MA~ntl_RG~USA_PH~CONSD_BO~TRF_PB~IG_PD~NEWSF,832,1074,1,0,0,0,0,0,0,16.75,0,0.0,137,0,0,0,0,136,BZS,HCP,2024-05-16
CM~Shortform A New_CT~VID_VD~60s_PH~CONSD_BO~TRF_PB~FB_PD~NEWSF,YR~23-Q3-08_CL~ASTRA_TA~ONC_DS~THEIR2+2L_MB~Neurexa_CU~HCP_CA~B_PH~CONSD_BO~TRF_PB~FB_CN~17721-9-115463_FF~Proact HCPs,AN~ProactHCPs_TG~3P_DE~A25-65F_MA~ntl_RG~USA_PH~CONSD_BO~TRF_PB~FB_PD~NEWSF,308,799,4,0,0,0,0,0,0,18.14,0,0.0,60,0,0,0,0,56,BZS,HCP,2024-05-16
CM~Shortform B New_CT~VID_VD~60s_PH~CONSD_BO~TRF_PB~FB_PD~NEWSF,YR~23-Q3-08_CL~ASTRA_TA~ONC_DS~THEIR2+2L_MB~Neurexa_CU~HCP_CA~B_PH~CONSD_BO~TRF_PB~FB_CN~17721-9-115463_FF~Proact HCPs,AN~ProactHCPs_TG~3P_DE~A25-65F_MA~ntl_RG~USA_PH~CONSD_BO~TRF_PB~FB_PD~NEWSF,67,150,0,0,0,0,0,0,0,2.68,0,0.0,16,0,0,0,0,16,BZS,HCP,2024-05-16
CM~Shortform New_CT~VID_VD~60s_PH~CONSD_BO~TRF_PB~FB_PD~NEWSF,YR~23-Q3-08_CL~ASTRA_TA~ONC_DS~THEIR2+2L_MB~Neurexa_CU~HCP_CA~B_PH~CONSD_BO~TRF_PB~FB_CN~17721-9-115463_FF~Proact HCPs,AN~ProactHCPs_TG~3P_DE~A25-65F_MA~ntl_RG~USA_PH~CONSD_BO~TRF_PB~FB_PD~NEWSF,243,721,0,0,0,0,0,0,0,14.05,0,0.0,52,0,0,0,0,52,BZS,HCP,2024-05-16
CM~IX Ad_CT~VID_VD~60s_PH~CONSD_BO~TRF_PB~FB_PD~NEWSF,YR~23-Q3-09_CL~ASTRA_TA~ONC_DS~THEIR2+2L_MB~Neurexa_CU~HCP_CA~B_PH~CONSD_BO~TRF_PB~FB_CN~17721-9-115463_FF~Instant Experience,AN~GeoLocation_TG~3P_DE~A25-65F_MA~ntl_RG~USA_PH~CONSD_BO~TRF_PB~FB_PD~NEWSF,15117,39195,64,0,0,0,0,0,0,371.9,0,0.0,4594,0,0,295,0,4530,BZS,HCP,2024-05-16
CM~In Stream_CT~VID_VD~15s_PH~CONSD_BO~AWE_PB~FB_PD~MSSGR,YR~23-Q2-05_CL~ALLY_TA~ONC_DS~PAN_MB~Neurexa_CU~HCP_CA~B_PH~CONSD_BO~AWE_PB~FB_CN~17722-9-115918_FF~ Instream,CM~EngRTALAL_CT~VID_VD~15s_PH~CONSD_BO~AWE_PB~FB_PD~MSSGR,31393,34222,2,0,0,0,0,0,0,422.83,0,0.0,17126,0,0,0,0,17120,AST,HCP,2024-05-17
CM~In Stream_CT~VID_VD~15s_PH~CONSD_BO~AWE_PB~FB_PD~MSSGR,YR~23-Q2-05_CL~ALLY_TA~ONC_DS~PAN_MB~Neurexa_CU~HCP_CA~B_PH~CONSD_BO~AWE_PB~FB_CN~17722-9-115918_FF~ Instream,CM~EngRTA_CT~VID_VD~15s_PH~CONSD_BO~AWE_PB~FB_PD~MSSGR,351,351,0,0,0,0,0,0,0,4.6,0,0.0,158,0,0,0,0,158,AST,HCP,2024-05-17
CM~In Stream_CT~VID_VD~15s_PH~CONSD_BO~AWE_PB~FB_PD~MSSGR,YR~23-Q2-05_CL~ALLY_TA~ONC_DS~PAN_MB~Neurexa_CU~HCP_CA~B_PH~CONSD_BO~AWE_PB~FB_CN~17722-9-115918_FF~ Instream,CM~PixelRTALAL_CT~VID_VD~15s_PH~CONSD_BO~AWE_PB~FB_PD~MSSGR,10029,10493,0,0,0,0,0,0,0,137.61,0,0.0,5032,0,0,0,0,5032,AST,HCP,2024-05-17
CM~In Stream_CT~VID_VD~15s_PH~CONSD_BO~AWE_PB~FB_PD~MSSGR,YR~23-Q2-05_CL~ALLY_TA~ONC_DS~PAN_MB~Neurexa_CU~HCP_CA~B_PH~CONSD_BO~AWE_PB~FB_CN~17722-9-115918_FF~ Instream,CM~PixelRTA_CT~VID_VD~15s_PH~CONSD_BO~AWE_PB~FB_PD~MSSGR,212,212,0,0,0,0,0,0,0,2.66,0,0.0,96,0,0,0,0,96,AST,HCP,2024-05-17
CM~In Stream_CT~VID_VD~15s_PH~CONSD_BO~AWE_PB~FB_PD~MSSGR,YR~24-Q1-01_CL~ALLY_TA~ONC_DS~PAN_MB~Neurexa_CU~HCP_CA~B_PH~CONSD_BO~AWE_PB~FB_CN~17722-9-115918_FF~ Instream 3P,CM~SpecialtyLists_CT~VID_VD~15s_PH~CONSD_BO~AWE_PB~FB_PD~MSSGR 3P,364,364,0,0,0,0,0,0,0,7.5,0,0.0,150,0,0,0,0,150,AST,HCP,2024-05-17
CM~Shortform A New_CT~VID_VD~60s_PH~CONSD_BO~TRF_PB~FB_PD~NEWSF,YR~23-Q2-07-CL~ASTRA_TA~ONC_DS~THEIR2+2L_MB~Neurexa_CU~HCP_CA~B_PH~CONSD_BO~TRF_PB~FB_CN~17721-9-115463_FF~New Rx HCPs_Link Clicks,AN~HCPs_TG~3P_DE~A25-65F_MA~ntl_RG~USA_PH~CONSD_BO~TRF_PB~FB_PD~NEWSF,1264,2069,5,0,0,0,0,0,0,13.9,0,0.0,187,0,0,0,0,182,BZS,HCP,2024-05-17
CM~Shortform B New_CT~VID_VD~60s_PH~CONSD_BO~TRF_PB~FB_PD~NEWSF,YR~23-Q2-07-CL~ASTRA_TA~ONC_DS~THEIR2+2L_MB~Neurexa_CU~HCP_CA~B_PH~CONSD_BO~TRF_PB~FB_CN~17721-9-115463_FF~New Rx HCPs_Link Clicks,AN~HCPs_TG~3P_DE~A25-65F_MA~ntl_RG~USA_PH~CONSD_BO~TRF_PB~FB_PD~NEWSF,399,670,2,0,0,0,0,0,0,4.9,0,0.0,58,0,0,0,0,56,BZS,HCP,2024-05-17
CM~Shortform New_CT~VID_VD~60s_PH~CONSD_BO~TRF_PB~FB_PD~NEWSF,YR~23-Q2-07-CL~ASTRA_TA~ONC_DS~THEIR2+2L_MB~Neurexa_CU~HCP_CA~B_PH~CONSD_BO~TRF_PB~FB_CN~17721-9-115463_FF~New Rx HCPs_Link Clicks,AN~HCPs_TG~3P_DE~A25-65F_MA~ntl_RG~USA_PH~CONSD_BO~TRF_PB~FB_PD~NEWSF,1367,2155,7,0,0,0,0,0,0,14.68,0,0.0,189,0,0,0,0,182,BZS,HCP,2024-05-17
CM~Shortform A New_CT~VID_VD~60s_PH~CONSD_BO~TRF_PB~FB_PD~NEWSF,YR~23-Q2-07_CL~ASTRA_TA~ONC_DS~THEIR2+2L_MB~Neurexa_CU~HCP_CA~B_PH~CONSD_BO~TRF_PB~FB_CN~17721-9-115463_FF~New Pixel RTA LAL_Link Clicks,AN~EngagementRTALAL_TG~RT_DE~A25-65F_MA~ntl_RG~USA_PH~CONSD_BO~TRF_PB~FB_PD~NEWSF,2034,2204,11,0,0,0,0,0,0,6.84,0,0.0,96,0,0,0,0,85,BZS,HCP,2024-05-17
CM~Shortform B New_CT~VID_VD~60s_PH~CONSD_BO~TRF_PB~FB_PD~NEWSF,YR~23-Q2-07_CL~ASTRA_TA~ONC_DS~THEIR2+2L_MB~Neurexa_CU~HCP_CA~B_PH~CONSD_BO~TRF_PB~FB_CN~17721-9-115463_FF~New Pixel RTA LAL_Link Clicks,AN~EngagementRTALAL_TG~RT_DE~A25-65F_MA~ntl_RG~USA_PH~CONSD_BO~TRF_PB~FB_PD~NEWSF,1515,1596,11,0,0,0,0,0,0,5.11,0,0.0,59,0,0,0,0,48,BZS,HCP,2024-05-17
CM~Shortform New_CT~VID_VD~60s_PH~CONSD_BO~TRF_PB~FB_PD~NEWSF,YR~23-Q2-07_CL~ASTRA_TA~ONC_DS~THEIR2+2L_MB~Neurexa_CU~HCP_CA~B_PH~CONSD_BO~TRF_PB~FB_CN~17721-9-115463_FF~New Pixel RTA LAL_Link Clicks,AN~EngagementRTALAL_TG~RT_DE~A25-65F_MA~ntl_RG~USA_PH~CONSD_BO~TRF_PB~FB_PD~NEWSF,215,226,0,0,0,0,0,0,0,0.89,0,0.0,8,0,0,0,0,8,BZS,HCP,2024-05-17
CM~Shortform New_CT~VID_VD~60s_PH~CONSD_BO~TRF_PB~FB_PD~NEWSF,YR~23-Q2-07_CL~ASTRA_TA~ONC_DS~THEIR2+2L_MB~Neurexa_CU~HCP_CA~B_PH~CONSD_BO~TRF_PB~FB_CN~17721-9-115463_FF~New Pixel RTA LAL_Link Clicks,AN~Pixel RTA LAL_TG~RT_DE~A25-65F_MA~ntl_RG~USA_PH~CONSD_BO~TRF_PB~FB_PD~NEWSF,3653,4442,25,0,0,0,0,0,0,19.05,0,0.0,307,0,0,0,0,282,BZS,HCP,2024-05-17
CM~Shortform A New_CT~VID_VD~60s_PH~CONSD_BO~TRF_PB~FB_PD~NEWSF,YR~23-Q2-07_CL~ASTRA_TA~ONC_DS~THEIR2+2L_MB~Neurexa_CU~HCP_CA~B_PH~CONSD_BO~TRF_PB~FB_CN~17721-9-115463_FF~New Pixel RTA LAL_Link Clicks,AN~Pixel RTA LAL_TG~RT_DE~A25-65F_MA~ntl_RG~USA_PH~CONSD_BO~TRF_PB~FB_PD~NEWSF,2769,3284,18,0,0,0,0,0,0,14.49,0,0.0,230,0,0,0,0,212,BZS,HCP,2024-05-17
CM~Shortform B New_CT~VID_VD~60s_PH~CONSD_BO~TRF_PB~FB_PD~NEWSF,YR~23-Q2-07_CL~ASTRA_TA~ONC_DS~THEIR2+2L_MB~Neurexa_CU~HCP_CA~B_PH~CONSD_BO~TRF_PB~FB_CN~17721-9-115463_FF~New Pixel RTA LAL_Link Clicks,AN~Pixel RTA LAL_TG~RT_DE~A25-65F_MA~ntl_RG~USA_PH~CONSD_BO~TRF_PB~FB_PD~NEWSF,10794,14323,80,0,0,0,0,0,0,70.09,0,0.0,1037,0,0,0,0,957,BZS,HCP,2024-05-17
CM~Shortform B New_CT~VID_VD~60s_PH~CONSD_BO~TRF_PB~FB_PD~NEWSF,YR~23-Q2-07_CL~ASTRA_TA~ONC_DS~THEIR2+2L_MB~Neurexa_CU~HCP_CA~B_PH~CONSD_BO~TRF_PB~FB_CN~17721-9-115463_FF~New Pixel RTA LAL_Link Clicks,AN~VideoRTALAL_TG~RT_DE~A25-65F_MA~ntl_RG~USA_PH~CONSD_BO~TRF_PB~FB_PD~NEWSF,1630,1783,7,0,0,0,0,0,0,6.05,0,0.0,153,0,0,0,0,146,BZS,HCP,2024-05-17
CM~Shortform A New_CT~VID_VD~60s_PH~CONSD_BO~TRF_PB~FB_PD~NEWSF,YR~23-Q2-07_CL~ASTRA_TA~ONC_DS~THEIR2+2L_MB~Neurexa_CU~HCP_CA~B_PH~CONSD_BO~TRF_PB~FB_CN~17721-9-115463_FF~New Pixel RTA LAL_Link Clicks,AN~VideoRTALAL_TG~RT_DE~A25-65F_MA~ntl_RG~USA_PH~CONSD_BO~TRF_PB~FB_PD~NEWSF,3077,3356,10,0,0,0,0,0,0,11.52,0,0.0,311,0,0,0,0,301,BZS,HCP,2024-05-17
CM~Shortform New_CT~VID_VD~60s_PH~CONSD_BO~TRF_PB~FB_PD~NEWSF,YR~23-Q2-07_CL~ASTRA_TA~ONC_DS~THEIR2+2L_MB~Neurexa_CU~HCP_CA~B_PH~CONSD_BO~TRF_PB~FB_CN~17721-9-115463_FF~New Pixel RTA LAL_Link Clicks,AN~VideoRTALAL_TG~RT_DE~A25-65F_MA~ntl_RG~USA_PH~CONSD_BO~TRF_PB~FB_PD~NEWSF,350,377,2,0,0,0,0,0,0,1.42,0,0.0,32,0,0,0,0,30,BZS,HCP,2024-05-17
CM~Shortform A New_CT~VID_VD~60s_PH~CONSD_BO~TRF_PB~FB_PD~NEWSF,YR~23-Q2-07_CL~ASTRA_TA~ONC_DS~THEIR2+2L_MB~Neurexa_CU~HCP_CA~B_PH~CONSD_BO~TRF_PB~FB_CN~17721-9-115463_FF~New Pixel RTA_Link Clicks,AN~Engagement RTA_TG~RT_DE~A25-65F_MA~ntl_RG~USA_PH~CONSD_BO~TRF_PB~FB_PD~NEWSF,835,1035,8,0,0,0,0,0,0,9.38,0,0.0,66,0,0,0,0,58,BZS,HCP,2024-05-17
CM~Shortform B New_CT~VID_VD~60s_PH~CONSD_BO~TRF_PB~FB_PD~NEWSF,YR~23-Q2-07_CL~ASTRA_TA~ONC_DS~THEIR2+2L_MB~Neurexa_CU~HCP_CA~B_PH~CONSD_BO~TRF_PB~FB_CN~17721-9-115463_FF~New Pixel RTA_Link Clicks,AN~Engagement RTA_TG~RT_DE~A25-65F_MA~ntl_RG~USA_PH~CONSD_BO~TRF_PB~FB_PD~NEWSF,1677,2195,13,0,0,0,0,0,0,12.99,0,0.0,122,0,0,0,0,109,BZS,HCP,2024-05-17
CM~Shortform New_CT~VID_VD~60s_PH~CONSD_BO~TRF_PB~FB_PD~NEWSF,YR~23-Q2-07_CL~ASTRA_TA~ONC_DS~THEIR2+2L_MB~Neurexa_CU~HCP_CA~B_PH~CONSD_BO~TRF_PB~FB_CN~17721-9-115463_FF~New Pixel RTA_Link Clicks,AN~Engagement RTA_TG~RT_DE~A25-65F_MA~ntl_RG~USA_PH~CONSD_BO~TRF_PB~FB_PD~NEWSF,577,731,1,0,0,0,0,0,0,3.93,0,0.0,45,0,0,0,0,44,BZS,HCP,2024-05-17
CM~Shortform A New_CT~VID_VD~60s_PH~CONSD_BO~TRF_PB~FB_PD~NEWSF,YR~23-Q2-07_CL~ASTRA_TA~ONC_DS~THEIR2+2L_MB~Neurexa_CU~HCP_CA~B_PH~CONSD_BO~TRF_PB~FB_CN~17721-9-115463_FF~New Pixel RTA_Link Clicks,AN~Pixel RTA_TG~RT_DE~A25-65F_MA~ntl_RG~USA_PH~CONSD_BO~TRF_PB~FB_PD~NEWSF,1442,2698,17,0,0,0,0,0,0,21.25,0,0.0,260,0,0,0,0,243,BZS,HCP,2024-05-17
CM~Shortform B New_CT~VID_VD~60s_PH~CONSD_BO~TRF_PB~FB_PD~NEWSF,YR~23-Q2-07_CL~ASTRA_TA~ONC_DS~THEIR2+2L_MB~Neurexa_CU~HCP_CA~B_PH~CONSD_BO~TRF_PB~FB_CN~17721-9-115463_FF~New Pixel RTA_Link Clicks,AN~Pixel RTA_TG~RT_DE~A25-65F_MA~ntl_RG~USA_PH~CONSD_BO~TRF_PB~FB_PD~NEWSF,2724,5540,53,0,0,0,0,0,0,55.73,0,0.0,572,0,0,0,0,519,BZS,HCP,2024-05-17
CM~Shortform New_CT~VID_VD~60s_PH~CONSD_BO~TRF_PB~FB_PD~NEWSF,YR~23-Q2-07_CL~ASTRA_TA~ONC_DS~THEIR2+2L_MB~Neurexa_CU~HCP_CA~B_PH~CONSD_BO~TRF_PB~FB_CN~17721-9-115463_FF~New Pixel RTA_Link Clicks,AN~Pixel RTA_TG~RT_DE~A25-65F_MA~ntl_RG~USA_PH~CONSD_BO~TRF_PB~FB_PD~NEWSF,245,406,16,0,0,0,0,0,0,12.22,0,0.0,61,0,0,0,0,45,BZS,HCP,2024-05-17
CM~Shortform A New_CT~VID_VD~60s_PH~CONSD_BO~TRF_PB~FB_PD~NEWSF,YR~23-Q2-07_CL~ASTRA_TA~ONC_DS~THEIR2+2L_MB~Neurexa_CU~HCP_CA~B_PH~CONSD_BO~TRF_PB~FB_CN~17721-9-115463_FF~New Pixel RTA_Link Clicks,AN~Pixel Search RTA_TG~RT_DE~A25-65F_MA~ntl_RG~USA_PH~CONSD_BO~TRF_PB~FB_PD~NEWSF,762,977,4,0,0,0,0,0,0,6.64,0,0.0,77,0,0,0,0,73,BZS,HCP,2024-05-17
CM~Shortform A New_CT~VID_VD~60s_PH~CONSD_BO~TRF_PB~FB_PD~NEWSF,YR~23-Q2-07_CL~ASTRA_TA~ONC_DS~THEIR2+2L_MB~Neurexa_CU~HCP_CA~B_PH~CONSD_BO~TRF_PB~FB_CN~17721-9-115463_FF~New Pixel RTA_Link Clicks,AN~Video RTA_TG~RT_DE~A25-65F_MA~ntl_RG~USA_PH~CONSD_BO~TRF_PB~FB_PD~NEWSF,2565,3166,15,0,0,0,0,0,0,14.35,0,0.0,362,0,0,0,0,347,BZS,HCP,2024-05-17
CM~Shortform B New_CT~VID_VD~60s_PH~CONSD_BO~TRF_PB~FB_PD~NEWSF,YR~23-Q2-07_CL~ASTRA_TA~ONC_DS~THEIR2+2L_MB~Neurexa_CU~HCP_CA~B_PH~CONSD_BO~TRF_PB~FB_CN~17721-9-115463_FF~New Pixel RTA_Link Clicks,AN~Video RTA_TG~RT_DE~A25-65F_MA~ntl_RG~USA_PH~CONSD_BO~TRF_PB~FB_PD~NEWSF,3666,4567,21,0,0,0,0,0,0,19.61,0,0.0,539,0,0,0,0,518,BZS,HCP,2024-05-17
CM~Shortform New_CT~VID_VD~60s_PH~CONSD_BO~TRF_PB~FB_PD~NEWSF,YR~23-Q2-07_CL~ASTRA_TA~ONC_DS~THEIR2+2L_MB~Neurexa_CU~HCP_CA~B_PH~CONSD_BO~TRF_PB~FB_CN~17721-9-115463_FF~New Pixel RTA_Link Clicks,AN~Video RTA_TG~RT_DE~A25-65F_MA~ntl_RG~USA_PH~CONSD_BO~TRF_PB~FB_PD~NEWSF,1350,1753,7,0,0,0,0,0,0,7.73,0,0.0,196,0,0,0,0,189,BZS,HCP,2024-05-17
CM~Shortform A New_CT~VID_VD~60s_PH~CONSD_BO~TRF_PB~IG_PD~NEWSF,YR~23-Q2-07_CL~ASTRA_TA~ONC_DS~THEIR2+2L_MB~Neurexa_CU~HCP_CA~B_PH~CONSD_BO~TRF_PB~IG_CN~17721-9-115463_FF~New Pixel RTA & LAL_Link Clicks,AN~Engagement RTALAL_TG~RT_DE~A25-65F_MA~ntl_RG~USA_PH~CONSD_BO~TRF_PB~IG_PD~NEWSF,3739,4458,18,0,0,0,0,0,0,39.48,0,9.0,565,0,0,0,0,537,BZS,HCP,2024-05-17
CM~Shortform B New_CT~VID_VD~60s_PH~CONSD_BO~TRF_PB~IG_PD~NEWSF,YR~23-Q2-07_CL~ASTRA_TA~ONC_DS~THEIR2+2L_MB~Neurexa_CU~HCP_CA~B_PH~CONSD_BO~TRF_PB~IG_CN~17721-9-115463_FF~New Pixel RTA & LAL_Link Clicks,AN~Engagement RTALAL_TG~RT_DE~A25-65F_MA~ntl_RG~USA_PH~CONSD_BO~TRF_PB~IG_PD~NEWSF,3820,4677,25,0,0,0,0,0,0,45.04,0,9.0,720,0,0,0,0,685,BZS,HCP,2024-05-17
CM~Shortform B New_CT~VID_VD~60s_PH~CONSD_BO~TRF_PB~IG_PD~NEWSF,YR~23-Q2-07_CL~ASTRA_TA~ONC_DS~THEIR2+2L_MB~Neurexa_CU~HCP_CA~B_PH~CONSD_BO~TRF_PB~IG_CN~17721-9-115463_FF~New Pixel RTA & LAL_Link Clicks,AN~Engagement RTA_TG~RT_DE~A25-65F_MA~ntl_RG~USA_PH~CONSD_BO~TRF_PB~IG_PD~NEWSF,2,2,0,0,0,0,0,0,0,0.02,0,0.0,0,0,0,0,0,0,BZS,HCP,2024-05-17
CM~Shortform New_CT~VID_VD~60s_PH~CONSD_BO~TRF_PB~IG_PD~NEWSF,YR~23-Q2-07_CL~ASTRA_TA~ONC_DS~THEIR2+2L_MB~Neurexa_CU~HCP_CA~B_PH~CONSD_BO~TRF_PB~IG_CN~17721-9-115463_FF~New Pixel RTA & LAL_Link Clicks,AN~Pixel RTA LAL_TG~RT_DE~A25-65F_MA~ntl_RG~USA_PH~CONSD_BO~TRF_PB~IG_PD~NEWSF,721,837,4,0,0,0,0,0,0,6.02,0,1.0,65,0,0,0,0,59,BZS,HCP,2024-05-17
CM~Shortform A New_CT~VID_VD~60s_PH~CONSD_BO~TRF_PB~IG_PD~NEWSF,YR~23-Q2-07_CL~ASTRA_TA~ONC_DS~THEIR2+2L_MB~Neurexa_CU~HCP_CA~B_PH~CONSD_BO~TRF_PB~IG_CN~17721-9-115463_FF~New Pixel RTA & LAL_Link Clicks,AN~Pixel RTA LAL_TG~RT_DE~A25-65F_MA~ntl_RG~USA_PH~CONSD_BO~TRF_PB~IG_PD~NEWSF,77,91,0,0,0,0,0,0,0,0.66,0,0.0,3,0,0,0,0,3,BZS,HCP,2024-05-17
CM~Shortform B New_CT~VID_VD~60s_PH~CONSD_BO~TRF_PB~IG_PD~NEWSF,YR~23-Q2-07_CL~ASTRA_TA~ONC_DS~THEIR2+2L_MB~Neurexa_CU~HCP_CA~B_PH~CONSD_BO~TRF_PB~IG_CN~17721-9-115463_FF~New Pixel RTA & LAL_Link Clicks,AN~Pixel RTA LAL_TG~RT_DE~A25-65F_MA~ntl_RG~USA_PH~CONSD_BO~TRF_PB~IG_PD~NEWSF,450,535,1,0,0,0,0,0,0,3.7,0,1.0,39,0,0,0,0,37,BZS,HCP,2024-05-17
CM~Shortform A New_CT~VID_VD~60s_PH~CONSD_BO~TRF_PB~IG_PD~NEWSF,YR~23-Q2-07_CL~ASTRA_TA~ONC_DS~THEIR2+2L_MB~Neurexa_CU~HCP_CA~B_PH~CONSD_BO~TRF_PB~IG_CN~17721-9-115463_FF~New Pixel RTA & LAL_Link Clicks,AN~Pixel RTA_TG~RT_DE~A25-65F_MA~ntl_RG~USA_PH~CONSD_BO~TRF_PB~IG_PD~NEWSF,110,138,1,0,0,0,0,0,0,1.9100000000000001,0,1.0,25,0,0,0,0,23,BZS,HCP,2024-05-17
CM~Shortform B New_CT~VID_VD~60s_PH~CONSD_BO~TRF_PB~IG_PD~NEWSF,YR~23-Q2-07_CL~ASTRA_TA~ONC_DS~THEIR2+2L_MB~Neurexa_CU~HCP_CA~B_PH~CONSD_BO~TRF_PB~IG_CN~17721-9-115463_FF~New Pixel RTA & LAL_Link Clicks,AN~Pixel RTA_TG~RT_DE~A25-65F_MA~ntl_RG~USA_PH~CONSD_BO~TRF_PB~IG_PD~NEWSF,72,86,2,0,0,0,0,0,0,1.53,0,0.0,9,0,0,0,0,7,BZS,HCP,2024-05-17
CM~Shortform A New_CT~VID_VD~60s_PH~CONSD_BO~TRF_PB~IG_PD~NEWSF,YR~23-Q2-07_CL~ASTRA_TA~ONC_DS~THEIR2+2L_MB~Neurexa_CU~HCP_CA~B_PH~CONSD_BO~TRF_PB~IG_CN~17721-9-115463_FF~New Pixel RTA & LAL_Link Clicks,AN~Video RTALAL_TG~RT_DE~A25-65F_MA~ntl_RG~USA_PH~CONSD_BO~TRF_PB~IG_PD~NEWSF,221,242,1,0,0,0,0,0,0,2.17,0,0.0,59,0,0,0,0,57,BZS,HCP,2024-05-17
CM~Shortform B New_CT~VID_VD~60s_PH~CONSD_BO~TRF_PB~IG_PD~NEWSF,YR~23-Q2-07_CL~ASTRA_TA~ONC_DS~THEIR2+2L_MB~Neurexa_CU~HCP_CA~B_PH~CONSD_BO~TRF_PB~IG_CN~17721-9-115463_FF~New Pixel RTA & LAL_Link Clicks,AN~Video RTALAL_TG~RT_DE~A25-65F_MA~ntl_RG~USA_PH~CONSD_BO~TRF_PB~IG_PD~NEWSF,244,268,0,0,0,0,0,0,0,2.44,0,1.0,86,0,0,0,0,85,BZS,HCP,2024-05-17
CM~Shortform New_CT~VID_VD~60s_PH~CONSD_BO~TRF_PB~FB_PD~NEWSF,YR~23-Q3-07_CL~ASTRA_TA~ONC_DS~THEIR2+2L_MB~Neurexa_CU~HCP_CA~B_PH~CONSD_BO~TRF_PB~FB_CN~17721-9-115463_FF~GeoTargeting,AN~GeoTargeting_TG~_DE~A25-65F_MA~ntl_RG~USA_PH~CONSD_BO~TRF_PB~FB_PD~NEWSF,1220,2123,10,0,0,0,0,0,0,19.9,0,0.0,189,0,0,0,0,179,BZS,HCP,2024-05-17
CM~Shortform A New_CT~VID_VD~60s_PH~CONSD_BO~TRF_PB~FB_PD~NEWSF,YR~23-Q3-07_CL~ASTRA_TA~ONC_DS~THEIR2+2L_MB~Neurexa_CU~HCP_CA~B_PH~CONSD_BO~TRF_PB~FB_CN~17721-9-115463_FF~GeoTargeting,AN~GeoTargeting_TG~_DE~A25-65F_MA~ntl_RG~USA_PH~CONSD_BO~TRF_PB~FB_PD~NEWSF,1735,3659,12,0,0,0,0,0,0,35.71,0,0.0,303,0,0,0,0,291,BZS,HCP,2024-05-17
CM~Shortform B New_CT~VID_VD~60s_PH~CONSD_BO~TRF_PB~FB_PD~NEWSF,YR~23-Q3-07_CL~ASTRA_TA~ONC_DS~THEIR2+2L_MB~Neurexa_CU~HCP_CA~B_PH~CONSD_BO~TRF_PB~FB_CN~17721-9-115463_FF~GeoTargeting,AN~GeoTargeting_TG~_DE~A25-65F_MA~ntl_RG~USA_PH~CONSD_BO~TRF_PB~FB_PD~NEWSF,670,1521,9,0,0,0,0,0,0,13.7,0,0.0,126,0,0,0,0,117,BZS,HCP,2024-05-17
CM~Shortform A New_CT~VID_VD~60s_PH~CONSD_BO~TRF_PB~IG_PD~NEWSF,YR~23-Q3-07_CL~ASTRA_TA~ONC_DS~THEIR2+2L_MB~Neurexa_CU~HCP_CA~B_PH~CONSD_BO~TRF_PB~IG_CN~17721-9-115463_FF~GeoTargeting,AN~GeoTargeting_TG~_DE~A25-65F_MA~ntl_RG~USA_PH~CONSD_BO~TRF_PB~IG_PD~NEWSF,966,1169,1,0,0,0,0,0,0,19.39,0,1.0,157,0,0,0,0,155,BZS,HCP,2024-05-17
CM~Shortform B New_CT~VID_VD~60s_PH~CONSD_BO~TRF_PB~IG_PD~NEWSF,YR~23-Q3-07_CL~ASTRA_TA~ONC_DS~THEIR2+2L_MB~Neurexa_CU~HCP_CA~B_PH~CONSD_BO~TRF_PB~IG_CN~17721-9-115463_FF~GeoTargeting,AN~GeoTargeting_TG~_DE~A25-65F_MA~ntl_RG~USA_PH~CONSD_BO~TRF_PB~IG_PD~NEWSF,1561,2093,2,0,0,0,0,0,0,33.96,0,0.0,280,0,0,0,0,278,BZS,HCP,2024-05-17
CM~Shortform New_CT~VID_VD~60s_PH~CONSD_BO~TRF_PB~IG_PD~NEWSF,YR~23-Q3-07_CL~ASTRA_TA~ONC_DS~THEIR2+2L_MB~Neurexa_CU~HCP_CA~B_PH~CONSD_BO~TRF_PB~IG_CN~17721-9-115463_FF~GeoTargeting,AN~GeoTargeting_TG~_DE~A25-65F_MA~ntl_RG~USA_PH~CONSD_BO~TRF_PB~IG_PD~NEWSF,756,1012,1,0,0,0,0,0,0,15.51,0,0.0,110,0,0,0,0,109,BZS,HCP,2024-05-17
CM~Shortform A New_CT~VID_VD~60s_PH~CONSD_BO~TRF_PB~FB_PD~NEWSF,YR~23-Q3-08_CL~ASTRA_TA~ONC_DS~THEIR2+2L_MB~Neurexa_CU~HCP_CA~B_PH~CONSD_BO~TRF_PB~FB_CN~17721-9-115463_FF~Proact HCPs,AN~ProactHCPs_TG~3P_DE~A25-65F_MA~ntl_RG~USA_PH~CONSD_BO~TRF_PB~FB_PD~NEWSF,231,535,3,0,0,0,0,0,0,12.67,0,0.0,49,0,0,0,0,46,BZS,HCP,2024-05-17
CM~Shortform B New_CT~VID_VD~60s_PH~CONSD_BO~TRF_PB~FB_PD~NEWSF,YR~23-Q3-08_CL~ASTRA_TA~ONC_DS~THEIR2+2L_MB~Neurexa_CU~HCP_CA~B_PH~CONSD_BO~TRF_PB~FB_CN~17721-9-115463_FF~Proact HCPs,AN~ProactHCPs_TG~3P_DE~A25-65F_MA~ntl_RG~USA_PH~CONSD_BO~TRF_PB~FB_PD~NEWSF,60,143,0,0,0,0,0,0,0,3.0,0,0.0,8,0,0,0,0,8,BZS,HCP,2024-05-17
CM~Shortform New_CT~VID_VD~60s_PH~CONSD_BO~TRF_PB~FB_PD~NEWSF,YR~23-Q3-08_CL~ASTRA_TA~ONC_DS~THEIR2+2L_MB~Neurexa_CU~HCP_CA~B_PH~CONSD_BO~TRF_PB~FB_CN~17721-9-115463_FF~Proact HCPs,AN~ProactHCPs_TG~3P_DE~A25-65F_MA~ntl_RG~USA_PH~CONSD_BO~TRF_PB~FB_PD~NEWSF,285,903,4,0,0,0,0,0,0,17.58,0,0.0,72,0,0,0,0,68,BZS,HCP,2024-05-17
CM~IX Ad_CT~VID_VD~60s_PH~CONSD_BO~TRF_PB~FB_PD~NEWSF,YR~23-Q3-09_CL~ASTRA_TA~ONC_DS~THEIR2+2L_MB~Neurexa_CU~HCP_CA~B_PH~CONSD_BO~TRF_PB~FB_CN~17721-9-115463_FF~Instant Experience,AN~GeoLocation_TG~3P_DE~A25-65F_MA~ntl_RG~USA_PH~CONSD_BO~TRF_PB~FB_PD~NEWSF,15345,39015,55,0,0,0,0,0,0,377.13,0,0.0,4577,0,0,333,0,4522,BZS,HCP,2024-05-17
CM~In Stream_CT~VID_VD~15s_PH~CONSD_BO~AWE_PB~FB_PD~MSSGR,YR~23-Q2-05_CL~ALLY_TA~ONC_DS~PAN_MB~Neurexa_CU~HCP_CA~B_PH~CONSD_BO~AWE_PB~FB_CN~17722-9-115918_FF~ Instream,CM~EngRTALAL_CT~VID_VD~15s_PH~CONSD_BO~AWE_PB~FB_PD~MSSGR,35669,38214,0,0,0,0,0,0,0,430.64,0,0.0,18048,0,0,0,0,18048,AST,HCP,2024-05-18
CM~In Stream_CT~VID_VD~15s_PH~CONSD_BO~AWE_PB~FB_PD~MSSGR,YR~23-Q2-05_CL~ALLY_TA~ONC_DS~PAN_MB~Neurexa_CU~HCP_CA~B_PH~CONSD_BO~AWE_PB~FB_CN~17722-9-115918_FF~ Instream,CM~EngRTA_CT~VID_VD~15s_PH~CONSD_BO~AWE_PB~FB_PD~MSSGR,342,342,0,0,0,0,0,0,0,3.9,0,0.0,167,0,0,0,0,166,AST,HCP,2024-05-18
CM~In Stream_CT~VID_VD~15s_PH~CONSD_BO~AWE_PB~FB_PD~MSSGR,YR~23-Q2-05_CL~ALLY_TA~ONC_DS~PAN_MB~Neurexa_CU~HCP_CA~B_PH~CONSD_BO~AWE_PB~FB_CN~17722-9-115918_FF~ Instream,CM~PixelRTALAL_CT~VID_VD~15s_PH~CONSD_BO~AWE_PB~FB_PD~MSSGR,12378,13270,0,0,0,0,0,0,0,155.67,0,0.0,5525,0,0,0,0,5525,AST,HCP,2024-05-18
CM~In Stream_CT~VID_VD~15s_PH~CONSD_BO~AWE_PB~FB_PD~MSSGR,YR~23-Q2-05_CL~ALLY_TA~ONC_DS~PAN_MB~Neurexa_CU~HCP_CA~B_PH~CONSD_BO~AWE_PB~FB_CN~17722-9-115918_FF~ Instream,CM~PixelRTA_CT~VID_VD~15s_PH~CONSD_BO~AWE_PB~FB_PD~MSSGR,198,198,0,0,0,0,0,0,0,2.2800000000000002,0,0.0,74,0,0,0,0,74,AST,HCP,2024-05-18
CM~In Stream_CT~VID_VD~15s_PH~CONSD_BO~AWE_PB~FB_PD~MSSGR,YR~24-Q1-01_CL~ALLY_TA~ONC_DS~PAN_MB~Neurexa_CU~HCP_CA~B_PH~CONSD_BO~AWE_PB~FB_CN~17722-9-115918_FF~ Instream 3P,CM~SpecialtyLists_CT~VID_VD~15s_PH~CONSD_BO~AWE_PB~FB_PD~MSSGR 3P,409,409,0,0,0,0,0,0,0,8.27,0,0.0,179,0,0,0,0,179,AST,HCP,2024-05-18
CM~Shortform A New_CT~VID_VD~60s_PH~CONSD_BO~TRF_PB~FB_PD~NEWSF,YR~23-Q2-07-CL~ASTRA_TA~ONC_DS~THEIR2+2L_MB~Neurexa_CU~HCP_CA~B_PH~CONSD_BO~TRF_PB~FB_CN~17721-9-115463_FF~New Rx HCPs_Link Clicks,AN~HCPs_TG~3P_DE~A25-65F_MA~ntl_RG~USA_PH~CONSD_BO~TRF_PB~FB_PD~NEWSF,1224,1998,6,0,0,0,0,0,0,16.18,0,0.0,190,0,0,0,0,184,BZS,HCP,2024-05-18
CM~Shortform B New_CT~VID_VD~60s_PH~CONSD_BO~TRF_PB~FB_PD~NEWSF,YR~23-Q2-07-CL~ASTRA_TA~ONC_DS~THEIR2+2L_MB~Neurexa_CU~HCP_CA~B_PH~CONSD_BO~TRF_PB~FB_CN~17721-9-115463_FF~New Rx HCPs_Link Clicks,AN~HCPs_TG~3P_DE~A25-65F_MA~ntl_RG~USA_PH~CONSD_BO~TRF_PB~FB_PD~NEWSF,485,898,3,0,0,0,0,0,0,5.15,0,0.0,88,0,0,0,0,85,BZS,HCP,2024-05-18
CM~Shortform New_CT~VID_VD~60s_PH~CONSD_BO~TRF_PB~FB_PD~NEWSF,YR~23-Q2-07-CL~ASTRA_TA~ONC_DS~THEIR2+2L_MB~Neurexa_CU~HCP_CA~B_PH~CONSD_BO~TRF_PB~FB_CN~17721-9-115463_FF~New Rx HCPs_Link Clicks,AN~HCPs_TG~3P_DE~A25-65F_MA~ntl_RG~USA_PH~CONSD_BO~TRF_PB~FB_PD~NEWSF,1380,2079,11,0,0,0,0,0,0,14.4,0,0.0,169,0,0,0,0,158,BZS,HCP,2024-05-18
CM~Shortform A New_CT~VID_VD~60s_PH~CONSD_BO~TRF_PB~FB_PD~NEWSF,YR~23-Q2-07_CL~ASTRA_TA~ONC_DS~THEIR2+2L_MB~Neurexa_CU~HCP_CA~B_PH~CONSD_BO~TRF_PB~FB_CN~17721-9-115463_FF~New Pixel RTA LAL_Link Clicks,AN~EngagementRTALAL_TG~RT_DE~A25-65F_MA~ntl_RG~USA_PH~CONSD_BO~TRF_PB~FB_PD~NEWSF,1093,1200,8,0,0,0,0,0,0,4.79,0,0.0,63,0,0,0,0,55,BZS,HCP,2024-05-18
CM~Shortform B New_CT~VID_VD~60s_PH~CONSD_BO~TRF_PB~FB_PD~NEWSF,YR~23-Q2-07_CL~ASTRA_TA~ONC_DS~THEIR2+2L_MB~Neurexa_CU~HCP_CA~B_PH~CONSD_BO~TRF_PB~FB_CN~17721-9-115463_FF~New Pixel RTA LAL_Link Clicks,AN~EngagementRTALAL_TG~RT_DE~A25-65F_MA~ntl_RG~USA_PH~CONSD_BO~TRF_PB~FB_PD~NEWSF,1403,1512,7,0,0,0,0,0,0,6.46,0,0.0,65,0,0,0,0,58,BZS,HCP,2024-05-18
CM~Shortform New_CT~VID_VD~60s_PH~CONSD_BO~TRF_PB~FB_PD~NEWSF,YR~23-Q2-07_CL~ASTRA_TA~ONC_DS~THEIR2+2L_MB~Neurexa_CU~HCP_CA~B_PH~CONSD_BO~TRF_PB~FB_CN~17721-9-115463_FF~New Pixel RTA LAL_Link Clicks,AN~EngagementRTALAL_TG~RT_DE~A25-65F_MA~ntl_RG~USA_PH~CONSD_BO~TRF_PB~FB_PD~NEWSF,136,148,0,0,0,0,0,0,0,0.67,0,0.0,6,0,0,0,0,6,BZS,HCP,2024-05-18
CM~Shortform New_CT~VID_VD~60s_PH~CONSD_BO~TRF_PB~FB_PD~NEWSF,YR~23-Q2-07_CL~ASTRA_TA~ONC_DS~THEIR2+2L_MB~Neurexa_CU~HCP_CA~B_PH~CONSD_BO~TRF_PB~FB_CN~17721-9-115463_FF~New Pixel RTA LAL_Link Clicks,AN~Pixel RTA LAL_TG~RT_DE~A25-65F_MA~ntl_RG~USA_PH~CONSD_BO~TRF_PB~FB_PD~NEWSF,2027,2395,15,0,0,0,0,0,0,8.73,0,0.0,162,0,0,0,0,147,BZS,HCP,2024-05-18
CM~Shortform A New_CT~VID_VD~60s_PH~CONSD_BO~TRF_PB~FB_PD~NEWSF,YR~23-Q2-07_CL~ASTRA_TA~ONC_DS~THEIR2+2L_MB~Neurexa_CU~HCP_CA~B_PH~CONSD_BO~TRF_PB~FB_CN~17721-9-115463_FF~New Pixel RTA LAL_Link Clicks,AN~Pixel RTA LAL_TG~RT_DE~A25-65F_MA~ntl_RG~USA_PH~CONSD_BO~TRF_PB~FB_PD~NEWSF,2343,2809,20,0,0,0,0,0,0,13.66,0,0.0,208,0,0,0,0,188,BZS,HCP,2024-05-18
CM~Shortform B New_CT~VID_VD~60s_PH~CONSD_BO~TRF_PB~FB_PD~NEWSF,YR~23-Q2-07_CL~ASTRA_TA~ONC_DS~THEIR2+2L_MB~Neurexa_CU~HCP_CA~B_PH~CONSD_BO~TRF_PB~FB_CN~17721-9-115463_FF~New Pixel RTA LAL_Link Clicks,AN~Pixel RTA LAL_TG~RT_DE~A25-65F_MA~ntl_RG~USA_PH~CONSD_BO~TRF_PB~FB_PD~NEWSF,14166,19799,137,0,0,0,0,0,0,95.41,0,0.0,1409,0,0,0,0,1272,BZS,HCP,2024-05-18
CM~Shortform A New_CT~VID_VD~60s_PH~CONSD_BO~TRF_PB~FB_PD~NEWSF,YR~23-Q2-07_CL~ASTRA_TA~ONC_DS~THEIR2+2L_MB~Neurexa_CU~HCP_CA~B_PH~CONSD_BO~TRF_PB~FB_CN~17721-9-115463_FF~New Pixel RTA LAL_Link Clicks,AN~VideoRTALAL_TG~RT_DE~A25-65F_MA~ntl_RG~USA_PH~CONSD_BO~TRF_PB~FB_PD~NEWSF,1445,1651,14,0,0,0,0,0,0,5.75,0,0.0,178,0,0,0,0,164,BZS,HCP,2024-05-18
CM~Shortform B New_CT~VID_VD~60s_PH~CONSD_BO~TRF_PB~FB_PD~NEWSF,YR~23-Q2-07_CL~ASTRA_TA~ONC_DS~THEIR2+2L_MB~Neurexa_CU~HCP_CA~B_PH~CONSD_BO~TRF_PB~FB_CN~17721-9-115463_FF~New Pixel RTA LAL_Link Clicks,AN~VideoRTALAL_TG~RT_DE~A25-65F_MA~ntl_RG~USA_PH~CONSD_BO~TRF_PB~FB_PD~NEWSF,1416,1567,1,0,0,0,0,0,0,5.51,0,0.0,117,0,0,0,0,116,BZS,HCP,2024-05-18
CM~Shortform New_CT~VID_VD~60s_PH~CONSD_BO~TRF_PB~FB_PD~NEWSF,YR~23-Q2-07_CL~ASTRA_TA~ONC_DS~THEIR2+2L_MB~Neurexa_CU~HCP_CA~B_PH~CONSD_BO~TRF_PB~FB_CN~17721-9-115463_FF~New Pixel RTA LAL_Link Clicks,AN~VideoRTALAL_TG~RT_DE~A25-65F_MA~ntl_RG~USA_PH~CONSD_BO~TRF_PB~FB_PD~NEWSF,171,186,1,0,0,0,0,0,0,0.67,0,0.0,17,0,0,0,0,16,BZS,HCP,2024-05-18
CM~Shortform A New_CT~VID_VD~60s_PH~CONSD_BO~TRF_PB~FB_PD~NEWSF,YR~23-Q2-07_CL~ASTRA_TA~ONC_DS~THEIR2+2L_MB~Neurexa_CU~HCP_CA~B_PH~CONSD_BO~TRF_PB~FB_CN~17721-9-115463_FF~New Pixel RTA_Link Clicks,AN~Engagement RTA_TG~RT_DE~A25-65F_MA~ntl_RG~USA_PH~CONSD_BO~TRF_PB~FB_PD~NEWSF,640,805,7,0,0,0,0,0,0,5.2,0,0.0,46,0,0,0,0,39,BZS,HCP,2024-05-18
CM~Shortform B New_CT~VID_VD~60s_PH~CONSD_BO~TRF_PB~FB_PD~NEWSF,YR~23-Q2-07_CL~ASTRA_TA~ONC_DS~THEIR2+2L_MB~Neurexa_CU~HCP_CA~B_PH~CONSD_BO~TRF_PB~FB_CN~17721-9-115463_FF~New Pixel RTA_Link Clicks,AN~Engagement RTA_TG~RT_DE~A25-65F_MA~ntl_RG~USA_PH~CONSD_BO~TRF_PB~FB_PD~NEWSF,1624,2173,25,0,0,0,0,0,0,15.33,0,0.0,141,0,0,0,0,116,BZS,HCP,2024-05-18
CM~Shortform New_CT~VID_VD~60s_PH~CONSD_BO~TRF_PB~FB_PD~NEWSF,YR~23-Q2-07_CL~ASTRA_TA~ONC_DS~THEIR2+2L_MB~Neurexa_CU~HCP_CA~B_PH~CONSD_BO~TRF_PB~FB_CN~17721-9-115463_FF~New Pixel RTA_Link Clicks,AN~Engagement RTA_TG~RT_DE~A25-65F_MA~ntl_RG~USA_PH~CONSD_BO~TRF_PB~FB_PD~NEWSF,320,408,4,0,0,0,0,0,0,3.32,0,0.0,28,0,0,0,0,24,BZS,HCP,2024-05-18
CM~Shortform A New_CT~VID_VD~60s_PH~CONSD_BO~TRF_PB~FB_PD~NEWSF,YR~23-Q2-07_CL~ASTRA_TA~ONC_DS~THEIR2+2L_MB~Neurexa_CU~HCP_CA~B_PH~CONSD_BO~TRF_PB~FB_CN~17721-9-115463_FF~New Pixel RTA_Link Clicks,AN~Pixel RTA_TG~RT_DE~A25-65F_MA~ntl_RG~USA_PH~CONSD_BO~TRF_PB~FB_PD~NEWSF,1341,2414,17,0,0,0,0,0,0,21.1,0,0.0,251,0,0,0,0,234,BZS,HCP,2024-05-18
CM~Shortform B New_CT~VID_VD~60s_PH~CONSD_BO~TRF_PB~FB_PD~NEWSF,YR~23-Q2-07_CL~ASTRA_TA~ONC_DS~THEIR2+2L_MB~Neurexa_CU~HCP_CA~B_PH~CONSD_BO~TRF_PB~FB_CN~17721-9-115463_FF~New Pixel RTA_Link Clicks,AN~Pixel RTA_TG~RT_DE~A25-65F_MA~ntl_RG~USA_PH~CONSD_BO~TRF_PB~FB_PD~NEWSF,3153,6773,57,0,0,0,0,0,0,69.67,0,0.0,656,0,0,0,0,599,BZS,HCP,2024-05-18
CM~Shortform New_CT~VID_VD~60s_PH~CONSD_BO~TRF_PB~FB_PD~NEWSF,YR~23-Q2-07_CL~ASTRA_TA~ONC_DS~THEIR2+2L_MB~Neurexa_CU~HCP_CA~B_PH~CONSD_BO~TRF_PB~FB_CN~17721-9-115463_FF~New Pixel RTA_Link Clicks,AN~Pixel RTA_TG~RT_DE~A25-65F_MA~ntl_RG~USA_PH~CONSD_BO~TRF_PB~FB_PD~NEWSF,195,365,8,0,0,0,0,0,0,8.76,0,0.0,42,0,0,0,0,34,BZS,HCP,2024-05-18
CM~Shortform A New_CT~VID_VD~60s_PH~CONSD_BO~TRF_PB~FB_PD~NEWSF,YR~23-Q2-07_CL~ASTRA_TA~ONC_DS~THEIR2+2L_MB~Neurexa_CU~HCP_CA~B_PH~CONSD_BO~TRF_PB~FB_CN~17721-9-115463_FF~New Pixel RTA_Link Clicks,AN~Pixel Search RTA_TG~RT_DE~A25-65F_MA~ntl_RG~USA_PH~CONSD_BO~TRF_PB~FB_PD~NEWSF,744,947,5,0,0,0,0,0,0,6.57,0,0.0,64,0,0,0,0,59,BZS,HCP,2024-05-18
CM~Shortform A New_CT~VID_VD~60s_PH~CONSD_BO~TRF_PB~FB_PD~NEWSF,YR~23-Q2-07_CL~ASTRA_TA~ONC_DS~THEIR2+2L_MB~Neurexa_CU~HCP_CA~B_PH~CONSD_BO~TRF_PB~FB_CN~17721-9-115463_FF~New Pixel RTA_Link Clicks,AN~Video RTA_TG~RT_DE~A25-65F_MA~ntl_RG~USA_PH~CONSD_BO~TRF_PB~FB_PD~NEWSF,2405,3012,16,0,0,0,0,0,0,14.21,0,0.0,389,0,0,0,0,373,BZS,HCP,2024-05-18
CM~Shortform B New_CT~VID_VD~60s_PH~CONSD_BO~TRF_PB~FB_PD~NEWSF,YR~23-Q2-07_CL~ASTRA_TA~ONC_DS~THEIR2+2L_MB~Neurexa_CU~HCP_CA~B_PH~CONSD_BO~TRF_PB~FB_CN~17721-9-115463_FF~New Pixel RTA_Link Clicks,AN~Video RTA_TG~RT_DE~A25-65F_MA~ntl_RG~USA_PH~CONSD_BO~TRF_PB~FB_PD~NEWSF,4086,5243,19,0,0,0,0,0,0,24.57,0,0.0,645,0,0,0,0,626,BZS,HCP,2024-05-18
CM~Shortform New_CT~VID_VD~60s_PH~CONSD_BO~TRF_PB~FB_PD~NEWSF,YR~23-Q2-07_CL~ASTRA_TA~ONC_DS~THEIR2+2L_MB~Neurexa_CU~HCP_CA~B_PH~CONSD_BO~TRF_PB~FB_CN~17721-9-115463_FF~New Pixel RTA_Link Clicks,AN~Video RTA_TG~RT_DE~A25-65F_MA~ntl_RG~USA_PH~CONSD_BO~TRF_PB~FB_PD~NEWSF,770,987,4,0,0,0,0,0,0,4.61,0,0.0,126,0,0,0,0,122,BZS,HCP,2024-05-18
CM~Shortform A New_CT~VID_VD~60s_PH~CONSD_BO~TRF_PB~IG_PD~NEWSF,YR~23-Q2-07_CL~ASTRA_TA~ONC_DS~THEIR2+2L_MB~Neurexa_CU~HCP_CA~B_PH~CONSD_BO~TRF_PB~IG_CN~17721-9-115463_FF~New Pixel RTA & LAL_Link Clicks,AN~Engagement RTALAL_TG~RT_DE~A25-65F_MA~ntl_RG~USA_PH~CONSD_BO~TRF_PB~IG_PD~NEWSF,3940,4738,13,0,0,0,0,0,0,40.49,0,7.0,588,0,0,0,0,565,BZS,HCP,2024-05-18
CM~Shortform B New_CT~VID_VD~60s_PH~CONSD_BO~TRF_PB~IG_PD~NEWSF,YR~23-Q2-07_CL~ASTRA_TA~ONC_DS~THEIR2+2L_MB~Neurexa_CU~HCP_CA~B_PH~CONSD_BO~TRF_PB~IG_CN~17721-9-115463_FF~New Pixel RTA & LAL_Link Clicks,AN~Engagement RTALAL_TG~RT_DE~A25-65F_MA~ntl_RG~USA_PH~CONSD_BO~TRF_PB~IG_PD~NEWSF,3896,4691,22,0,0,0,0,0,0,45.77,0,11.0,771,0,0,0,0,737,BZS,HCP,2024-05-18
CM~Shortform A New_CT~VID_VD~60s_PH~CONSD_BO~TRF_PB~IG_PD~NEWSF,YR~23-Q2-07_CL~ASTRA_TA~ONC_DS~THEIR2+2L_MB~Neurexa_CU~HCP_CA~B_PH~CONSD_BO~TRF_PB~IG_CN~17721-9-115463_FF~New Pixel RTA & LAL_Link Clicks,AN~Pixel RTA LAL_TG~RT_DE~A25-65F_MA~ntl_RG~USA_PH~CONSD_BO~TRF_PB~IG_PD~NEWSF,101,115,0,0,0,0,0,0,0,1.44,0,0.0,10,0,0,0,0,9,BZS,HCP,2024-05-18
CM~Shortform B New_CT~VID_VD~60s_PH~CONSD_BO~TRF_PB~IG_PD~NEWSF,YR~23-Q2-07_CL~ASTRA_TA~ONC_DS~THEIR2+2L_MB~Neurexa_CU~HCP_CA~B_PH~CONSD_BO~TRF_PB~IG_CN~17721-9-115463_FF~New Pixel RTA & LAL_Link Clicks,AN~Pixel RTA LAL_TG~RT_DE~A25-65F_MA~ntl_RG~USA_PH~CONSD_BO~TRF_PB~IG_PD~NEWSF,512,589,2,0,0,0,0,0,0,4.17,0,0.0,32,0,0,0,0,29,BZS,HCP,2024-05-18
CM~Shortform New_CT~VID_VD~60s_PH~CONSD_BO~TRF_PB~IG_PD~NEWSF,YR~23-Q2-07_CL~ASTRA_TA~ONC_DS~THEIR2+2L_MB~Neurexa_CU~HCP_CA~B_PH~CONSD_BO~TRF_PB~IG_CN~17721-9-115463_FF~New Pixel RTA & LAL_Link Clicks,AN~Pixel RTA LAL_TG~RT_DE~A25-65F_MA~ntl_RG~USA_PH~CONSD_BO~TRF_PB~IG_PD~NEWSF,1084,1263,7,0,0,0,0,0,0,9.74,0,0.0,73,0,0,0,0,64,BZS,HCP,2024-05-18
CM~Shortform A New_CT~VID_VD~60s_PH~CONSD_BO~TRF_PB~IG_PD~NEWSF,YR~23-Q2-07_CL~ASTRA_TA~ONC_DS~THEIR2+2L_MB~Neurexa_CU~HCP_CA~B_PH~CONSD_BO~TRF_PB~IG_CN~17721-9-115463_FF~New Pixel RTA & LAL_Link Clicks,AN~Pixel RTA_TG~RT_DE~A25-65F_MA~ntl_RG~USA_PH~CONSD_BO~TRF_PB~IG_PD~NEWSF,99,112,0,0,0,0,0,0,0,2.67,0,0.0,16,0,0,0,0,16,BZS,HCP,2024-05-18
CM~Shortform B New_CT~VID_VD~60s_PH~CONSD_BO~TRF_PB~IG_PD~NEWSF,YR~23-Q2-07_CL~ASTRA_TA~ONC_DS~THEIR2+2L_MB~Neurexa_CU~HCP_CA~B_PH~CONSD_BO~TRF_PB~IG_CN~17721-9-115463_FF~New Pixel RTA & LAL_Link Clicks,AN~Pixel RTA_TG~RT_DE~A25-65F_MA~ntl_RG~USA_PH~CONSD_BO~TRF_PB~IG_PD~NEWSF,78,103,1,0,0,0,0,0,0,2.31,0,0.0,11,0,0,0,0,10,BZS,HCP,2024-05-18
CM~Shortform A New_CT~VID_VD~60s_PH~CONSD_BO~TRF_PB~IG_PD~NEWSF,YR~23-Q2-07_CL~ASTRA_TA~ONC_DS~THEIR2+2L_MB~Neurexa_CU~HCP_CA~B_PH~CONSD_BO~TRF_PB~IG_CN~17721-9-115463_FF~New Pixel RTA & LAL_Link Clicks,AN~Video RTALAL_TG~RT_DE~A25-65F_MA~ntl_RG~USA_PH~CONSD_BO~TRF_PB~IG_PD~NEWSF,215,230,1,0,0,0,0,0,0,1.94,0,0.0,52,0,0,0,0,51,BZS,HCP,2024-05-18
CM~Shortform B New_CT~VID_VD~60s_PH~CONSD_BO~TRF_PB~IG_PD~NEWSF,YR~23-Q2-07_CL~ASTRA_TA~ONC_DS~THEIR2+2L_MB~Neurexa_CU~HCP_CA~B_PH~CONSD_BO~TRF_PB~IG_CN~17721-9-115463_FF~New Pixel RTA & LAL_Link Clicks,AN~Video RTALAL_TG~RT_DE~A25-65F_MA~ntl_RG~USA_PH~CONSD_BO~TRF_PB~IG_PD~NEWSF,195,212,2,0,0,0,0,0,0,2.9699999999999998,0,0.0,59,0,0,0,0,57,BZS,HCP,2024-05-18
CM~Shortform A New_CT~VID_VD~60s_PH~CONSD_BO~TRF_PB~FB_PD~NEWSF,YR~23-Q3-07_CL~ASTRA_TA~ONC_DS~THEIR2+2L_MB~Neurexa_CU~HCP_CA~B_PH~CONSD_BO~TRF_PB~FB_CN~17721-9-115463_FF~GeoTargeting,AN~GeoTargeting_TG~_DE~A25-65F_MA~ntl_RG~USA_PH~CONSD_BO~TRF_PB~FB_PD~NEWSF,1668,3499,16,0,0,0,0,0,0,35.66,0,0.0,283,0,0,0,0,267,BZS,HCP,2024-05-18
CM~Shortform B New_CT~VID_VD~60s_PH~CONSD_BO~TRF_PB~FB_PD~NEWSF,YR~23-Q3-07_CL~ASTRA_TA~ONC_DS~THEIR2+2L_MB~Neurexa_CU~HCP_CA~B_PH~CONSD_BO~TRF_PB~FB_CN~17721-9-115463_FF~GeoTargeting,AN~GeoTargeting_TG~_DE~A25-65F_MA~ntl_RG~USA_PH~CONSD_BO~TRF_PB~FB_PD~NEWSF,803,1786,10,0,0,0,0,0,0,16.99,0,0.0,161,0,0,0,0,151,BZS,HCP,2024-05-18
CM~Shortform New_CT~VID_VD~60s_PH~CONSD_BO~TRF_PB~FB_PD~NEWSF,YR~23-Q3-07_CL~ASTRA_TA~ONC_DS~THEIR2+2L_MB~Neurexa_CU~HCP_CA~B_PH~CONSD_BO~TRF_PB~FB_CN~17721-9-115463_FF~GeoTargeting,AN~GeoTargeting_TG~_DE~A25-65F_MA~ntl_RG~USA_PH~CONSD_BO~TRF_PB~FB_PD~NEWSF,1197,2031,3,0,0,0,0,0,0,18.76,0,0.0,144,0,0,0,0,141,BZS,HCP,2024-05-18
CM~Shortform A New_CT~VID_VD~60s_PH~CONSD_BO~TRF_PB~IG_PD~NEWSF,YR~23-Q3-07_CL~ASTRA_TA~ONC_DS~THEIR2+2L_MB~Neurexa_CU~HCP_CA~B_PH~CONSD_BO~TRF_PB~IG_CN~17721-9-115463_FF~GeoTargeting,AN~GeoTargeting_TG~_DE~A25-65F_MA~ntl_RG~USA_PH~CONSD_BO~TRF_PB~IG_PD~NEWSF,953,1178,2,0,0,0,0,0,0,18.3,0,2.0,158,0,0,0,0,154,BZS,HCP,2024-05-18
CM~Shortform B New_CT~VID_VD~60s_PH~CONSD_BO~TRF_PB~IG_PD~NEWSF,YR~23-Q3-07_CL~ASTRA_TA~ONC_DS~THEIR2+2L_MB~Neurexa_CU~HCP_CA~B_PH~CONSD_BO~TRF_PB~IG_CN~17721-9-115463_FF~GeoTargeting,AN~GeoTargeting_TG~_DE~A25-65F_MA~ntl_RG~USA_PH~CONSD_BO~TRF_PB~IG_PD~NEWSF,1596,2155,2,0,0,0,0,0,0,35.38,0,0.0,277,0,0,0,0,275,BZS,HCP,2024-05-18
CM~Shortform New_CT~VID_VD~60s_PH~CONSD_BO~TRF_PB~IG_PD~NEWSF,YR~23-Q3-07_CL~ASTRA_TA~ONC_DS~THEIR2+2L_MB~Neurexa_CU~HCP_CA~B_PH~CONSD_BO~TRF_PB~IG_CN~17721-9-115463_FF~GeoTargeting,AN~GeoTargeting_TG~_DE~A25-65F_MA~ntl_RG~USA_PH~CONSD_BO~TRF_PB~IG_PD~NEWSF,697,910,2,0,0,0,0,0,0,15.67,0,0.0,142,0,0,0,0,140,BZS,HCP,2024-05-18
CM~Shortform A New_CT~VID_VD~60s_PH~CONSD_BO~TRF_PB~FB_PD~NEWSF,YR~23-Q3-08_CL~ASTRA_TA~ONC_DS~THEIR2+2L_MB~Neurexa_CU~HCP_CA~B_PH~CONSD_BO~TRF_PB~FB_CN~17721-9-115463_FF~Proact HCPs,AN~ProactHCPs_TG~3P_DE~A25-65F_MA~ntl_RG~USA_PH~CONSD_BO~TRF_PB~FB_PD~NEWSF,247,617,5,0,0,0,0,0,0,16.36,0,0.0,55,0,0,0,0,50,BZS,HCP,2024-05-18
CM~Shortform B New_CT~VID_VD~60s_PH~CONSD_BO~TRF_PB~FB_PD~NEWSF,YR~23-Q3-08_CL~ASTRA_TA~ONC_DS~THEIR2+2L_MB~Neurexa_CU~HCP_CA~B_PH~CONSD_BO~TRF_PB~FB_CN~17721-9-115463_FF~Proact HCPs,AN~ProactHCPs_TG~3P_DE~A25-65F_MA~ntl_RG~USA_PH~CONSD_BO~TRF_PB~FB_PD~NEWSF,79,193,1,0,0,0,0,0,0,3.5,0,0.0,22,0,0,0,0,21,BZS,HCP,2024-05-18
CM~Shortform New_CT~VID_VD~60s_PH~CONSD_BO~TRF_PB~FB_PD~NEWSF,YR~23-Q3-08_CL~ASTRA_TA~ONC_DS~THEIR2+2L_MB~Neurexa_CU~HCP_CA~B_PH~CONSD_BO~TRF_PB~FB_CN~17721-9-115463_FF~Proact HCPs,AN~ProactHCPs_TG~3P_DE~A25-65F_MA~ntl_RG~USA_PH~CONSD_BO~TRF_PB~FB_PD~NEWSF,260,765,0,0,0,0,0,0,0,17.89,0,0.0,61,0,0,0,0,61,BZS,HCP,2024-05-18
CM~IX Ad_CT~VID_VD~60s_PH~CONSD_BO~TRF_PB~FB_PD~NEWSF,YR~23-Q3-09_CL~ASTRA_TA~ONC_DS~THEIR2+2L_MB~Neurexa_CU~HCP_CA~B_PH~CONSD_BO~TRF_PB~FB_CN~17721-9-115463_FF~Instant Experience,AN~GeoLocation_TG~3P_DE~A25-65F_MA~ntl_RG~USA_PH~CONSD_BO~TRF_PB~FB_PD~NEWSF,15423,38770,63,0,0,0,0,0,0,379.2,0,0.0,4402,0,0,660,0,4339,BZS,HCP,2024-05-18
CM~In Stream_CT~VID_VD~15s_PH~CONSD_BO~AWE_PB~FB_PD~MSSGR,YR~23-Q2-05_CL~ALLY_TA~ONC_DS~PAN_MB~Neurexa_CU~HCP_CA~B_PH~CONSD_BO~AWE_PB~FB_CN~17722-9-115918_FF~ Instream,CM~EngRTALAL_CT~VID_VD~15s_PH~CONSD_BO~AWE_PB~FB_PD~MSSGR,38908,41861,0,0,0,0,0,0,0,447.6,0,0.0,19584,0,0,0,0,19579,AST,HCP,2024-05-19
CM~In Stream_CT~VID_VD~15s_PH~CONSD_BO~AWE_PB~FB_PD~MSSGR,YR~23-Q2-05_CL~ALLY_TA~ONC_DS~PAN_MB~Neurexa_CU~HCP_CA~B_PH~CONSD_BO~AWE_PB~FB_CN~17722-9-115918_FF~ Instream,CM~EngRTA_CT~VID_VD~15s_PH~CONSD_BO~AWE_PB~FB_PD~MSSGR,311,311,0,0,0,0,0,0,0,3.42,0,0.0,149,0,0,0,0,149,AST,HCP,2024-05-19
CM~In Stream_CT~VID_VD~15s_PH~CONSD_BO~AWE_PB~FB_PD~MSSGR,YR~23-Q2-05_CL~ALLY_TA~ONC_DS~PAN_MB~Neurexa_CU~HCP_CA~B_PH~CONSD_BO~AWE_PB~FB_CN~17722-9-115918_FF~ Instream,CM~PixelRTALAL_CT~VID_VD~15s_PH~CONSD_BO~AWE_PB~FB_PD~MSSGR,9385,9926,0,0,0,0,0,0,0,109.35,0,0.0,3920,0,0,0,0,3920,AST,HCP,2024-05-19
CM~In Stream_CT~VID_VD~15s_PH~CONSD_BO~AWE_PB~FB_PD~MSSGR,YR~23-Q2-05_CL~ALLY_TA~ONC_DS~PAN_MB~Neurexa_CU~HCP_CA~B_PH~CONSD_BO~AWE_PB~FB_CN~17722-9-115918_FF~ Instream,CM~PixelRTA_CT~VID_VD~15s_PH~CONSD_BO~AWE_PB~FB_PD~MSSGR,179,179,0,0,0,0,0,0,0,1.9,0,0.0,74,0,0,0,0,74,AST,HCP,2024-05-19
CM~In Stream_CT~VID_VD~15s_PH~CONSD_BO~AWE_PB~FB_PD~MSSGR,YR~24-Q1-01_CL~ALLY_TA~ONC_DS~PAN_MB~Neurexa_CU~HCP_CA~B_PH~CONSD_BO~AWE_PB~FB_CN~17722-9-115918_FF~ Instream 3P,CM~SpecialtyLists_CT~VID_VD~15s_PH~CONSD_BO~AWE_PB~FB_PD~MSSGR 3P,418,418,0,0,0,0,0,0,0,8.35,0,0.0,166,0,0,0,0,166,AST,HCP,2024-05-19
CM~Shortform A New_CT~VID_VD~60s_PH~CONSD_BO~TRF_PB~FB_PD~NEWSF,YR~23-Q2-07-CL~ASTRA_TA~ONC_DS~THEIR2+2L_MB~Neurexa_CU~HCP_CA~B_PH~CONSD_BO~TRF_PB~FB_CN~17721-9-115463_FF~New Rx HCPs_Link Clicks,AN~HCPs_TG~3P_DE~A25-65F_MA~ntl_RG~USA_PH~CONSD_BO~TRF_PB~FB_PD~NEWSF,1306,2161,3,0,0,0,0,0,0,17.21,0,0.0,178,0,0,0,0,175,BZS,HCP,2024-05-19
CM~Shortform B New_CT~VID_VD~60s_PH~CONSD_BO~TRF_PB~FB_PD~NEWSF,YR~23-Q2-07-CL~ASTRA_TA~ONC_DS~THEIR2+2L_MB~Neurexa_CU~HCP_CA~B_PH~CONSD_BO~TRF_PB~FB_CN~17721-9-115463_FF~New Rx HCPs_Link Clicks,AN~HCPs_TG~3P_DE~A25-65F_MA~ntl_RG~USA_PH~CONSD_BO~TRF_PB~FB_PD~NEWSF,582,1097,2,0,0,0,0,0,0,7.73,0,0.0,95,0,0,0,0,93,BZS,HCP,2024-05-19
CM~Shortform New_CT~VID_VD~60s_PH~CONSD_BO~TRF_PB~FB_PD~NEWSF,YR~23-Q2-07-CL~ASTRA_TA~ONC_DS~THEIR2+2L_MB~Neurexa_CU~HCP_CA~B_PH~CONSD_BO~TRF_PB~FB_CN~17721-9-115463_FF~New Rx HCPs_Link Clicks,AN~HCPs_TG~3P_DE~A25-65F_MA~ntl_RG~USA_PH~CONSD_BO~TRF_PB~FB_PD~NEWSF,1060,1535,13,0,0,0,0,0,0,8.68,0,0.0,130,0,0,0,0,117,BZS,HCP,2024-05-19
CM~Shortform A New_CT~VID_VD~60s_PH~CONSD_BO~TRF_PB~FB_PD~NEWSF,YR~23-Q2-07_CL~ASTRA_TA~ONC_DS~THEIR2+2L_MB~Neurexa_CU~HCP_CA~B_PH~CONSD_BO~TRF_PB~FB_CN~17721-9-115463_FF~New Pixel RTA LAL_Link Clicks,AN~EngagementRTALAL_TG~RT_DE~A25-65F_MA~ntl_RG~USA_PH~CONSD_BO~TRF_PB~FB_PD~NEWSF,975,1088,1,0,0,0,0,0,0,4.31,0,0.0,55,0,0,0,0,54,BZS,HCP,2024-05-19
CM~Shortform B New_CT~VID_VD~60s_PH~CONSD_BO~TRF_PB~FB_PD~NEWSF,YR~23-Q2-07_CL~ASTRA_TA~ONC_DS~THEIR2+2L_MB~Neurexa_CU~HCP_CA~B_PH~CONSD_BO~TRF_PB~FB_CN~17721-9-115463_FF~New Pixel RTA LAL_Link Clicks,AN~EngagementRTALAL_TG~RT_DE~A25-65F_MA~ntl_RG~USA_PH~CONSD_BO~TRF_PB~FB_PD~NEWSF,988,1065,7,0,0,0,0,0,0,3.68,0,0.0,43,0,0,0,0,36,BZS,HCP,2024-05-19
CM~Shortform New_CT~VID_VD~60s_PH~CONSD_BO~TRF_PB~FB_PD~NEWSF,YR~23-Q2-07_CL~ASTRA_TA~ONC_DS~THEIR2+2L_MB~Neurexa_CU~HCP_CA~B_PH~CONSD_BO~TRF_PB~FB_CN~17721-9-115463_FF~New Pixel RTA LAL_Link Clicks,AN~EngagementRTALAL_TG~RT_DE~A25-65F_MA~ntl_RG~USA_PH~CONSD_BO~TRF_PB~FB_PD~NEWSF,73,80,0,0,0,0,0,0,0,0.37,0,0.0,1,0,0,0,0,1,BZS,HCP,2024-05-19
CM~Shortform New_CT~VID_VD~60s_PH~CONSD_BO~TRF_PB~FB_PD~NEWSF,YR~23-Q2-07_CL~ASTRA_TA~ONC_DS~THEIR2+2L_MB~Neurexa_CU~HCP_CA~B_PH~CONSD_BO~TRF_PB~FB_CN~17721-9-115463_FF~New Pixel RTA LAL_Link Clicks,AN~Pixel RTA LAL_TG~RT_DE~A25-65F_MA~ntl_RG~USA_PH~CONSD_BO~TRF_PB~FB_PD~NEWSF,1906,2286,8,0,0,0,0,0,0,7.8100000000000005,0,0.0,157,0,0,0,0,149,BZS,HCP,2024-05-19
CM~Shortform A New_CT~VID_VD~60s_PH~CONSD_BO~TRF_PB~FB_PD~NEWSF,YR~23-Q2-07_CL~ASTRA_TA~ONC_DS~THEIR2+2L_MB~Neurexa_CU~HCP_CA~B_PH~CONSD_BO~TRF_PB~FB_CN~17721-9-115463_FF~New Pixel RTA LAL_Link Clicks,AN~Pixel RTA LAL_TG~RT_DE~A25-65F_MA~ntl_RG~USA_PH~CONSD_BO~TRF_PB~FB_PD~NEWSF,3720,4620,29,0,0,0,0,0,0,19.98,0,0.0,331,0,0,0,0,302,BZS,HCP,2024-05-19
CM~Shortform B New_CT~VID_VD~60s_PH~CONSD_BO~TRF_PB~FB_PD~NEWSF,YR~23-Q2-07_CL~ASTRA_TA~ONC_DS~THEIR2+2L_MB~Neurexa_CU~HCP_CA~B_PH~CONSD_BO~TRF_PB~FB_CN~17721-9-115463_FF~New Pixel RTA LAL_Link Clicks,AN~Pixel RTA LAL_TG~RT_DE~A25-65F_MA~ntl_RG~USA_PH~CONSD_BO~TRF_PB~FB_PD~NEWSF,12088,16884,109,0,0,0,0,0,0,82.22,0,0.0,1240,0,0,0,0,1131,BZS,HCP,2024-05-19
CM~Shortform A New_CT~VID_VD~60s_PH~CONSD_BO~TRF_PB~FB_PD~NEWSF,YR~23-Q2-07_CL~ASTRA_TA~ONC_DS~THEIR2+2L_MB~Neurexa_CU~HCP_CA~B_PH~CONSD_BO~TRF_PB~FB_CN~17721-9-115463_FF~New Pixel RTA LAL_Link Clicks,AN~VideoRTALAL_TG~RT_DE~A25-65F_MA~ntl_RG~USA_PH~CONSD_BO~TRF_PB~FB_PD~NEWSF,1010,1154,2,0,0,0,0,0,0,4.04,0,0.0,130,0,0,0,0,128,BZS,HCP,2024-05-19
CM~Shortform B New_CT~VID_VD~60s_PH~CONSD_BO~TRF_PB~FB_PD~NEWSF,YR~23-Q2-07_CL~ASTRA_TA~ONC_DS~THEIR2+2L_MB~Neurexa_CU~HCP_CA~B_PH~CONSD_BO~TRF_PB~FB_CN~17721-9-115463_FF~New Pixel RTA LAL_Link Clicks,AN~VideoRTALAL_TG~RT_DE~A25-65F_MA~ntl_RG~USA_PH~CONSD_BO~TRF_PB~FB_PD~NEWSF,1039,1159,2,0,0,0,0,0,0,4.31,0,0.0,84,0,0,0,0,82,BZS,HCP,2024-05-19
CM~Shortform New_CT~VID_VD~60s_PH~CONSD_BO~TRF_PB~FB_PD~NEWSF,YR~23-Q2-07_CL~ASTRA_TA~ONC_DS~THEIR2+2L_MB~Neurexa_CU~HCP_CA~B_PH~CONSD_BO~TRF_PB~FB_CN~17721-9-115463_FF~New Pixel RTA LAL_Link Clicks,AN~VideoRTALAL_TG~RT_DE~A25-65F_MA~ntl_RG~USA_PH~CONSD_BO~TRF_PB~FB_PD~NEWSF,96,99,0,0,0,0,0,0,0,0.47,0,0.0,5,0,0,0,0,5,BZS,HCP,2024-05-19
CM~Shortform A New_CT~VID_VD~60s_PH~CONSD_BO~TRF_PB~FB_PD~NEWSF,YR~23-Q2-07_CL~ASTRA_TA~ONC_DS~THEIR2+2L_MB~Neurexa_CU~HCP_CA~B_PH~CONSD_BO~TRF_PB~FB_CN~17721-9-115463_FF~New Pixel RTA_Link Clicks,AN~Engagement RTA_TG~RT_DE~A25-65F_MA~ntl_RG~USA_PH~CONSD_BO~TRF_PB~FB_PD~NEWSF,641,814,5,0,0,0,0,0,0,5.55,0,0.0,55,0,0,0,0,50,BZS,HCP,2024-05-19
CM~Shortform B New_CT~VID_VD~60s_PH~CONSD_BO~TRF_PB~FB_PD~NEWSF,YR~23-Q2-07_CL~ASTRA_TA~ONC_DS~THEIR2+2L_MB~Neurexa_CU~HCP_CA~B_PH~CONSD_BO~TRF_PB~FB_CN~17721-9-115463_FF~New Pixel RTA_Link Clicks,AN~Engagement RTA_TG~RT_DE~A25-65F_MA~ntl_RG~USA_PH~CONSD_BO~TRF_PB~FB_PD~NEWSF,1488,1916,14,0,0,0,0,0,0,14.71,0,0.0,140,0,0,0,0,126,BZS,HCP,2024-05-19
CM~Shortform New_CT~VID_VD~60s_PH~CONSD_BO~TRF_PB~FB_PD~NEWSF,YR~23-Q2-07_CL~ASTRA_TA~ONC_DS~THEIR2+2L_MB~Neurexa_CU~HCP_CA~B_PH~CONSD_BO~TRF_PB~FB_CN~17721-9-115463_FF~New Pixel RTA_Link Clicks,AN~Engagement RTA_TG~RT_DE~A25-65F_MA~ntl_RG~USA_PH~CONSD_BO~TRF_PB~FB_PD~NEWSF,363,464,4,0,0,0,0,0,0,2.29,0,0.0,34,0,0,0,0,30,BZS,HCP,2024-05-19
CM~Shortform A New_CT~VID_VD~60s_PH~CONSD_BO~TRF_PB~FB_PD~NEWSF,YR~23-Q2-07_CL~ASTRA_TA~ONC_DS~THEIR2+2L_MB~Neurexa_CU~HCP_CA~B_PH~CONSD_BO~TRF_PB~FB_CN~17721-9-115463_FF~New Pixel RTA_Link Clicks,AN~Pixel RTA_TG~RT_DE~A25-65F_MA~ntl_RG~USA_PH~CONSD_BO~TRF_PB~FB_PD~NEWSF,1519,2932,25,0,0,0,0,0,0,27.84,0,0.0,308,0,0,0,0,283,BZS,HCP,2024-05-19
CM~Shortform B New_CT~VID_VD~60s_PH~CONSD_BO~TRF_PB~FB_PD~NEWSF,YR~23-Q2-07_CL~ASTRA_TA~ONC_DS~THEIR2+2L_MB~Neurexa_CU~HCP_CA~B_PH~CONSD_BO~TRF_PB~FB_CN~17721-9-115463_FF~New Pixel RTA_Link Clicks,AN~Pixel RTA_TG~RT_DE~A25-65F_MA~ntl_RG~USA_PH~CONSD_BO~TRF_PB~FB_PD~NEWSF,2969,6185,55,0,0,0,0,0,0,67.07,0,0.0,648,0,0,0,0,593,BZS,HCP,2024-05-19
CM~Shortform New_CT~VID_VD~60s_PH~CONSD_BO~TRF_PB~FB_PD~NEWSF,YR~23-Q2-07_CL~ASTRA_TA~ONC_DS~THEIR2+2L_MB~Neurexa_CU~HCP_CA~B_PH~CONSD_BO~TRF_PB~FB_CN~17721-9-115463_FF~New Pixel RTA_Link Clicks,AN~Pixel RTA_TG~RT_DE~A25-65F_MA~ntl_RG~USA_PH~CONSD_BO~TRF_PB~FB_PD~NEWSF,197,358,2,0,0,0,0,0,0,4.88,0,0.0,29,0,0,0,0,27,BZS,HCP,2024-05-19
CM~Shortform A New_CT~VID_VD~60s_PH~CONSD_BO~TRF_PB~FB_PD~NEWSF,YR~23-Q2-07_CL~ASTRA_TA~ONC_DS~THEIR2+2L_MB~Neurexa_CU~HCP_CA~B_PH~CONSD_BO~TRF_PB~FB_CN~17721-9-115463_FF~New Pixel RTA_Link Clicks,AN~Pixel Search RTA_TG~RT_DE~A25-65F_MA~ntl_RG~USA_PH~CONSD_BO~TRF_PB~FB_PD~NEWSF,693,873,2,0,0,0,0,0,0,5.8,0,0.0,63,0,0,0,0,61,BZS,HCP,2024-05-19
CM~Shortform A New_CT~VID_VD~60s_PH~CONSD_BO~TRF_PB~FB_PD~NEWSF,YR~23-Q2-07_CL~ASTRA_TA~ONC_DS~THEIR2+2L_MB~Neurexa_CU~HCP_CA~B_PH~CONSD_BO~TRF_PB~FB_CN~17721-9-115463_FF~New Pixel RTA_Link Clicks,AN~Video RTA_TG~RT_DE~A25-65F_MA~ntl_RG~USA_PH~CONSD_BO~TRF_PB~FB_PD~NEWSF,2652,3499,21,0,0,0,0,0,0,15.83,0,0.0,419,0,0,0,0,398,BZS,HCP,2024-05-19
CM~Shortform B New_CT~VID_VD~60s_PH~CONSD_BO~TRF_PB~FB_PD~NEWSF,YR~23-Q2-07_CL~ASTRA_TA~ONC_DS~THEIR2+2L_MB~Neurexa_CU~HCP_CA~B_PH~CONSD_BO~TRF_PB~FB_CN~17721-9-115463_FF~New Pixel RTA_Link Clicks,AN~Video RTA_TG~RT_DE~A25-65F_MA~ntl_RG~USA_PH~CONSD_BO~TRF_PB~FB_PD~NEWSF,3204,4068,10,0,0,0,0,0,0,17.5,0,0.0,529,0,0,0,0,519,BZS,HCP,2024-05-19
CM~Shortform New_CT~VID_VD~60s_PH~CONSD_BO~TRF_PB~FB_PD~NEWSF,YR~23-Q2-07_CL~ASTRA_TA~ONC_DS~THEIR2+2L_MB~Neurexa_CU~HCP_CA~B_PH~CONSD_BO~TRF_PB~FB_CN~17721-9-115463_FF~New Pixel RTA_Link Clicks,AN~Video RTA_TG~RT_DE~A25-65F_MA~ntl_RG~USA_PH~CONSD_BO~TRF_PB~FB_PD~NEWSF,773,1093,5,0,0,0,0,0,0,5.08,0,0.0,124,0,0,0,0,119,BZS,HCP,2024-05-19
CM~Shortform A New_CT~VID_VD~60s_PH~CONSD_BO~TRF_PB~IG_PD~NEWSF,YR~23-Q2-07_CL~ASTRA_TA~ONC_DS~THEIR2+2L_MB~Neurexa_CU~HCP_CA~B_PH~CONSD_BO~TRF_PB~IG_CN~17721-9-115463_FF~New Pixel RTA & LAL_Link Clicks,AN~Engagement RTALAL_TG~RT_DE~A25-65F_MA~ntl_RG~USA_PH~CONSD_BO~TRF_PB~IG_PD~NEWSF,4127,4879,24,0,0,0,0,0,0,37.57,0,5.0,569,0,0,0,0,540,BZS,HCP,2024-05-19
CM~Shortform B New_CT~VID_VD~60s_PH~CONSD_BO~TRF_PB~IG_PD~NEWSF,YR~23-Q2-07_CL~ASTRA_TA~ONC_DS~THEIR2+2L_MB~Neurexa_CU~HCP_CA~B_PH~CONSD_BO~TRF_PB~IG_CN~17721-9-115463_FF~New Pixel RTA & LAL_Link Clicks,AN~Engagement RTALAL_TG~RT_DE~A25-65F_MA~ntl_RG~USA_PH~CONSD_BO~TRF_PB~IG_PD~NEWSF,3595,4258,21,0,0,0,0,0,0,38.68,0,6.0,654,0,0,0,0,625,BZS,HCP,2024-05-19
CM~Shortform B New_CT~VID_VD~60s_PH~CONSD_BO~TRF_PB~IG_PD~NEWSF,YR~23-Q2-07_CL~ASTRA_TA~ONC_DS~THEIR2+2L_MB~Neurexa_CU~HCP_CA~B_PH~CONSD_BO~TRF_PB~IG_CN~17721-9-115463_FF~New Pixel RTA & LAL_Link Clicks,AN~Engagement RTA_TG~RT_DE~A25-65F_MA~ntl_RG~USA_PH~CONSD_BO~TRF_PB~IG_PD~NEWSF,1,1,0,0,0,0,0,0,0,0.01,0,0.0,0,0,0,0,0,0,BZS,HCP,2024-05-19
CM~Shortform A New_CT~VID_VD~60s_PH~CONSD_BO~TRF_PB~IG_PD~NEWSF,YR~23-Q2-07_CL~ASTRA_TA~ONC_DS~THEIR2+2L_MB~Neurexa_CU~HCP_CA~B_PH~CONSD_BO~TRF_PB~IG_CN~17721-9-115463_FF~New Pixel RTA & LAL_Link Clicks,AN~Pixel RTA LAL_TG~RT_DE~A25-65F_MA~ntl_RG~USA_PH~CONSD_BO~TRF_PB~IG_PD~NEWSF,98,106,0,0,0,0,0,0,0,1.08,0,0.0,6,0,0,0,0,6,BZS,HCP,2024-05-19
CM~Shortform B New_CT~VID_VD~60s_PH~CONSD_BO~TRF_PB~IG_PD~NEWSF,YR~23-Q2-07_CL~ASTRA_TA~ONC_DS~THEIR2+2L_MB~Neurexa_CU~HCP_CA~B_PH~CONSD_BO~TRF_PB~IG_CN~17721-9-115463_FF~New Pixel RTA & LAL_Link Clicks,AN~Pixel RTA LAL_TG~RT_DE~A25-65F_MA~ntl_RG~USA_PH~CONSD_BO~TRF_PB~IG_PD~NEWSF,504,614,2,0,0,0,0,0,0,4.6,0,3.0,38,0,0,0,0,32,BZS,HCP,2024-05-19
CM~Shortform New_CT~VID_VD~60s_PH~CONSD_BO~TRF_PB~IG_PD~NEWSF,YR~23-Q2-07_CL~ASTRA_TA~ONC_DS~THEIR2+2L_MB~Neurexa_CU~HCP_CA~B_PH~CONSD_BO~TRF_PB~IG_CN~17721-9-115463_FF~New Pixel RTA & LAL_Link Clicks,AN~Pixel RTA LAL_TG~RT_DE~A25-65F_MA~ntl_RG~USA_PH~CONSD_BO~TRF_PB~IG_PD~NEWSF,963,1118,5,0,0,0,0,0,0,8.05,0,2.0,82,0,0,0,0,74,BZS,HCP,2024-05-19
CM~Shortform A New_CT~VID_VD~60s_PH~CONSD_BO~TRF_PB~IG_PD~NEWSF,YR~23-Q2-07_CL~ASTRA_TA~ONC_DS~THEIR2+2L_MB~Neurexa_CU~HCP_CA~B_PH~CONSD_BO~TRF_PB~IG_CN~17721-9-115463_FF~New Pixel RTA & LAL_Link Clicks,AN~Pixel RTA_TG~RT_DE~A25-65F_MA~ntl_RG~USA_PH~CONSD_BO~TRF_PB~IG_PD~NEWSF,106,134,0,0,0,0,0,0,0,2.19,0,0.0,17,0,0,0,0,17,BZS,HCP,2024-05-19
CM~Shortform B New_CT~VID_VD~60s_PH~CONSD_BO~TRF_PB~IG_PD~NEWSF,YR~23-Q2-07_CL~ASTRA_TA~ONC_DS~THEIR2+2L_MB~Neurexa_CU~HCP_CA~B_PH~CONSD_BO~TRF_PB~IG_CN~17721-9-115463_FF~New Pixel RTA & LAL_Link Clicks,AN~Pixel RTA_TG~RT_DE~A25-65F_MA~ntl_RG~USA_PH~CONSD_BO~TRF_PB~IG_PD~NEWSF,64,84,1,0,0,0,0,0,0,2.62,0,0.0,9,0,0,0,0,8,BZS,HCP,2024-05-19
CM~Shortform A New_CT~VID_VD~60s_PH~CONSD_BO~TRF_PB~IG_PD~NEWSF,YR~23-Q2-07_CL~ASTRA_TA~ONC_DS~THEIR2+2L_MB~Neurexa_CU~HCP_CA~B_PH~CONSD_BO~TRF_PB~IG_CN~17721-9-115463_FF~New Pixel RTA & LAL_Link Clicks,AN~Video RTALAL_TG~RT_DE~A25-65F_MA~ntl_RG~USA_PH~CONSD_BO~TRF_PB~IG_PD~NEWSF,190,202,0,0,0,0,0,0,0,1.5,0,0.0,30,0,0,0,0,30,BZS,HCP,2024-05-19
CM~Shortform B New_CT~VID_VD~60s_PH~CONSD_BO~TRF_PB~IG_PD~NEWSF,YR~23-Q2-07_CL~ASTRA_TA~ONC_DS~THEIR2+2L_MB~Neurexa_CU~HCP_CA~B_PH~CONSD_BO~TRF_PB~IG_CN~17721-9-115463_FF~New Pixel RTA & LAL_Link Clicks,AN~Video RTALAL_TG~RT_DE~A25-65F_MA~ntl_RG~USA_PH~CONSD_BO~TRF_PB~IG_PD~NEWSF,167,178,2,0,0,0,0,0,0,2.84,0,1.0,46,0,0,0,0,43,BZS,HCP,2024-05-19
CM~Shortform A New_CT~VID_VD~60s_PH~CONSD_BO~TRF_PB~FB_PD~NEWSF,YR~23-Q3-07_CL~ASTRA_TA~ONC_DS~THEIR2+2L_MB~Neurexa_CU~HCP_CA~B_PH~CONSD_BO~TRF_PB~FB_CN~17721-9-115463_FF~GeoTargeting,AN~GeoTargeting_TG~_DE~A25-65F_MA~ntl_RG~USA_PH~CONSD_BO~TRF_PB~FB_PD~NEWSF,1514,3204,19,0,0,0,0,0,0,33.18,0,0.0,259,0,0,0,0,240,BZS,HCP,2024-05-19
CM~Shortform B New_CT~VID_VD~60s_PH~CONSD_BO~TRF_PB~FB_PD~NEWSF,YR~23-Q3-07_CL~ASTRA_TA~ONC_DS~THEIR2+2L_MB~Neurexa_CU~HCP_CA~B_PH~CONSD_BO~TRF_PB~FB_CN~17721-9-115463_FF~GeoTargeting,AN~GeoTargeting_TG~_DE~A25-65F_MA~ntl_RG~USA_PH~CONSD_BO~TRF_PB~FB_PD~NEWSF,799,1808,8,0,0,0,0,0,0,17.46,0,0.0,182,0,0,0,0,174,BZS,HCP,2024-05-19
CM~Shortform New_CT~VID_VD~60s_PH~CONSD_BO~TRF_PB~FB_PD~NEWSF,YR~23-Q3-07_CL~ASTRA_TA~ONC_DS~THEIR2+2L_MB~Neurexa_CU~HCP_CA~B_PH~CONSD_BO~TRF_PB~FB_CN~17721-9-115463_FF~GeoTargeting,AN~GeoTargeting_TG~_DE~A25-65F_MA~ntl_RG~USA_PH~CONSD_BO~TRF_PB~FB_PD~NEWSF,1009,1647,7,0,0,0,0,0,0,15.03,0,0.0,128,0,0,0,0,121,BZS,HCP,2024-05-19
CM~Shortform A New_CT~VID_VD~60s_PH~CONSD_BO~TRF_PB~IG_PD~NEWSF,YR~23-Q3-07_CL~ASTRA_TA~ONC_DS~THEIR2+2L_MB~Neurexa_CU~HCP_CA~B_PH~CONSD_BO~TRF_PB~IG_CN~17721-9-115463_FF~GeoTargeting,AN~GeoTargeting_TG~_DE~A25-65F_MA~ntl_RG~USA_PH~CONSD_BO~TRF_PB~IG_PD~NEWSF,971,1176,0,0,0,0,0,0,0,18.42,0,0.0,168,0,0,0,0,168,BZS,HCP,2024-05-19
CM~Shortform B New_CT~VID_VD~60s_PH~CONSD_BO~TRF_PB~IG_PD~NEWSF,YR~23-Q3-07_CL~ASTRA_TA~ONC_DS~THEIR2+2L_MB~Neurexa_CU~HCP_CA~B_PH~CONSD_BO~TRF_PB~IG_CN~17721-9-115463_FF~GeoTargeting,AN~GeoTargeting_TG~_DE~A25-65F_MA~ntl_RG~USA_PH~CONSD_BO~TRF_PB~IG_PD~NEWSF,1460,1929,2,0,0,0,0,0,0,30.66,0,1.0,262,0,0,0,0,258,BZS,HCP,2024-05-19
CM~Shortform New_CT~VID_VD~60s_PH~CONSD_BO~TRF_PB~IG_PD~NEWSF,YR~23-Q3-07_CL~ASTRA_TA~ONC_DS~THEIR2+2L_MB~Neurexa_CU~HCP_CA~B_PH~CONSD_BO~TRF_PB~IG_CN~17721-9-115463_FF~GeoTargeting,AN~GeoTargeting_TG~_DE~A25-65F_MA~ntl_RG~USA_PH~CONSD_BO~TRF_PB~IG_PD~NEWSF,729,932,1,0,0,0,0,0,0,15.29,0,2.0,133,0,0,0,0,130,BZS,HCP,2024-05-19
CM~Shortform A New_CT~VID_VD~60s_PH~CONSD_BO~TRF_PB~FB_PD~NEWSF,YR~23-Q3-08_CL~ASTRA_TA~ONC_DS~THEIR2+2L_MB~Neurexa_CU~HCP_CA~B_PH~CONSD_BO~TRF_PB~FB_CN~17721-9-115463_FF~Proact HCPs,AN~ProactHCPs_TG~3P_DE~A25-65F_MA~ntl_RG~USA_PH~CONSD_BO~TRF_PB~FB_PD~NEWSF,250,662,0,0,0,0,0,0,0,15.16,0,0.0,50,0,0,0,0,50,BZS,HCP,2024-05-19
CM~Shortform B New_CT~VID_VD~60s_PH~CONSD_BO~TRF_PB~FB_PD~NEWSF,YR~23-Q3-08_CL~ASTRA_TA~ONC_DS~THEIR2+2L_MB~Neurexa_CU~HCP_CA~B_PH~CONSD_BO~TRF_PB~FB_CN~17721-9-115463_FF~Proact HCPs,AN~ProactHCPs_TG~3P_DE~A25-65F_MA~ntl_RG~USA_PH~CONSD_BO~TRF_PB~FB_PD~NEWSF,64,146,1,0,0,0,0,0,0,3.33,0,0.0,15,0,0,0,0,14,BZS,HCP,2024-05-19
CM~Shortform New_CT~VID_VD~60s_PH~CONSD_BO~TRF_PB~FB_PD~NEWSF,YR~23-Q3-08_CL~ASTRA_TA~ONC_DS~THEIR2+2L_MB~Neurexa_CU~HCP_CA~B_PH~CONSD_BO~TRF_PB~FB_CN~17721-9-115463_FF~Proact HCPs,AN~ProactHCPs_TG~3P_DE~A25-65F_MA~ntl_RG~USA_PH~CONSD_BO~TRF_PB~FB_PD~NEWSF,225,632,2,0,0,0,0,0,0,13.3,0,0.0,52,0,0,0,0,50,BZS,HCP,2024-05-19
CM~IX Ad_CT~VID_VD~60s_PH~CONSD_BO~TRF_PB~FB_PD~NEWSF,YR~23-Q3-09_CL~ASTRA_TA~ONC_DS~THEIR2+2L_MB~Neurexa_CU~HCP_CA~B_PH~CONSD_BO~TRF_PB~FB_CN~17721-9-115463_FF~Instant Experience,AN~GeoLocation_TG~3P_DE~A25-65F_MA~ntl_RG~USA_PH~CONSD_BO~TRF_PB~FB_PD~NEWSF,15182,39191,64,0,0,0,0,0,0,382.21,0,0.0,4397,0,0,551,0,4333,BZS,HCP,2024-05-19
