call_id,sales_type,state,zip,city,address1,npi,hcp_name,call_type,call_activity_type,detailed_products,sales_rep,sales_rep_id,has_datasheet,has_poster,has_checklist,call_date
a04Qk000003DFUB,Field,IA,50265,West Des Moines,475 S 50th St Ste 600,0003876650,Dr. Kevin Mcclain,Detail Only,HCP Meal,"['Neurexa', 'RxProgram', 'Zemlora']",Michael Warner,694916,1,0,0,2024-08-25
a04Qk000004Ai5V,Field,FL,34761,Ocoee,801 Marshall Farms Rd,0010863175,Arthur Nguyen,Detail Only,Virtual Call,"['Zemlora', 'XR-ODT']",Christopher Rubio,688637,0,0,0,2024-08-29
a04Qk000004AebN,Field,TN,37919,Knoxville,1111 N Northshore Dr Ste S490,0015498049,Stephanie Holt,Detail Only,HCP Meal,"['Trivaxa', 'Zemlora', 'Neurexa', 'RxProgram']",Trevor Johnson,542374,0,0,1,2024-08-29
a04Qk0000048zLl,Field,FL,32504,Pensacola,1549 Airport Blvd Ste 200B,0018882333,Heather Brown,Detail Only,Office Visit (no prescriber contact),"['Zemlora', 'Neurexa', 'RxProgram']",John Daniel,865179,1,0,1,2024-08-26
a04Qk000004FhFF,Field,LA,70525,Church Point,1048 E Ebey St,0019726588,Tina Wallace,Detail with Sample,Face-to-Face with HCP,"['Norexel', 'Neurexa', 'RxProgram']",Tracy Ballard,777568,1,0,1,2024-09-03
a04Qk000004HtNZ,Field,IA,50263,Waukee,350 E Hickman Rd,0020095478,Jonathan Smith,Detail Only,Office Visit (no prescriber contact),"['Neurexa', 'RxProgram', 'Trivaxa']",Jose Schultz,514850,0,0,0,2024-09-06
a04Qk000004DbST,Field,NY,11735,Farmingdale,850 Fulton St Ste 4,0021015839,Robert Stuart,Detail with Sample,Face-to-Face with HCP,['Norexel'],Gabrielle Davis,872246,0,0,1,2024-09-01
a04Qk000004C8Vl,Field,IL,60061,Vernon Hills,977 Lakeview Pkwy Ste 170,0021776817,Rebekah Gallagher,Detail Only,Office Visit (no prescriber contact),"['Neurexa', 'RxProgram', 'Zemlora', 'Trivaxa']",Helen Jones,430776,1,0,1,2024-08-30
a04Qk000004DFZD,Virtual,NJ,07960,Morristown,261 James St Ste 1G,0021930023,Zachary Johnson,Detail Only,Phone Call with Clinical Staff,['Lexcura/Cymbrin/Multi-Vi-Flor'],Olivia Harris,823378,0,0,1,2024-09-01
a04Qk000004BxIb,Field,FL,32003,Fleming Island,1689 Eagle Harbor Pkwy Ste A,0024715153,Timothy Martin,Detail Only,Office Visit (no prescriber contact),"['Neurexa', 'RxProgram', 'Zemlora']",Jason Stein,892495,0,0,1,2024-08-30
a04Qk0000046PEL,Field,FL,32539,Crestview,130 E Redstone Ave,0026337628,Samantha Fuller,Detail Only,Office Visit (no prescriber contact),"['Zemlora', 'Neurexa', 'RxProgram']",Jose Travis,665492,1,0,1,2024-08-24
a04Qk000004Dn0b,Field,FL,32539,Crestview,130 E Redstone Ave,0026337628,Samantha Fuller,Detail Only,Office Visit (no prescriber contact),"['Zemlora', 'Neurexa', 'RxProgram']",Patricia Le,272634,1,1,0,2024-08-30
a04Qk000004AvE2,Field,PA,19102,Philadelphia,1528 Walnut St Ste 950,0033254204,Margaret Harper,Detail Only,HCP Meal,"['Zemlora', 'Neurexa', 'RxProgram']",Jessica Smith,779514,0,0,1,2024-08-29
a04Qk0000046Coz,Field,IL,60563,Naperville,1952 McDowell Rd Ste 305,0033844593,Stanley Heath,Detail Only,HCP Meal,"['Neurexa', 'RxProgram', 'Zemlora', 'Trivaxa']",Kimberly Gutierrez,891952,0,0,1,2024-08-24
a04Qk000004Dk9B,Field,TX,75032,Rockwall,1005 W Ralph Hall Pkwy Ste 135,0035600713,Megan Smith,Detail Only,Virtual Call,"['Trivaxa', 'Neurexa', 'RxProgram']",Sabrina Austin,853305,0,0,1,2024-09-01
a04Qk000004D1Oz,Field,MO,63109,Saint Louis,6526 Lansdowne Ave,0038875121,Joshua Mccullough,Detail Only,Face-to-Face with HCP,"['Zemlora', 'Neurexa', 'RxProgram']",Jeremy Mitchell,378082,0,0,1,2024-08-30
a04Qk000004DOAL,Field,MO,63109,Saint Louis,6526 Lansdowne Ave,0038875121,Joshua Mccullough,Detail Only,HCP Meal,"['Trivaxa', 'Neurexa', 'RxProgram']",Jesse Perry,102260,0,0,1,2024-09-01
a04Qk000004BpzN,Field,OH,43205,Columbus,700 Childrens Dr,0045105635,Tracy Washington,Detail Only,Virtual Call,"['Zemlora', 'Trivaxa', 'Neurexa', 'RxProgram']",Jonathan Peterson,216970,1,0,1,2024-08-30
a04Qk000004H54E,Field,OH,43205,Columbus,700 Childrens Dr,0045105635,Tracy Washington,Detail Only,Virtual Call,"['Neurexa', 'RxProgram', 'Zemlora', 'Trivaxa']",Desiree Tyler,573417,0,1,1,2024-09-06
a04Qk0000047VKv,Field,FL,32605,Gainesville,1204 NW 69th Ter Ste F,0046523921,Casey Cortez,Detail Only,Face-to-Face with HCP,"['Trivaxa', 'Zemlora']",Jeremy Mitchell,378082,0,0,1,2024-08-25
a04Qk0000049eK5,Field,TX,77429,Cypress,13611 Skinner Rd,0048976049,Anthony Williams,Detail Only,Face-to-Face with HCP,"['Neurexa', 'RxProgram', 'Zemlora', 'Trivaxa']",Angela Lin,789305,1,0,1,2024-08-25
a04Qk000004629o,Field,NY,11530,Garden City,623 Stewart Ave Ste 203,0051158044,Sonya Boyd,Detail Only,HCP Meal,"['Neurexa', 'RxProgram', 'Zemlora']",Margaret Hawkins DDS,343962,0,0,1,2024-08-24
a04Qk0000046MMv,Field,KS,66049,Lawrence,1201 Wakarusa Dr Ste E1,0053019564,Thomas Clark,Detail Only,Face-to-Face with HCP,"['Neurexa', 'RxProgram', 'Zemlora', 'Trivaxa']",Sandra Aguilar,738720,0,0,0,2024-08-24
a04Qk0000048mEr,Field,GA,30076,Roswell,1100 Northmeadow Pkwy Ste 108,0057523380,Thomas Carpenter,Detail Only,Office Visit (no prescriber contact),"['Neurexa', 'RxProgram', 'Zemlora']",Chad Jones,751332,0,0,1,2024-08-26
a04Qk000004FXsb,Field,FL,32217,Jacksonville,8823 San Jose Blvd Ste 301,0061637428,Ronald Morales,Detail Only,Office Visit (no prescriber contact),"['Zemlora', 'Neurexa', 'RxProgram', 'Trivaxa']",Michele Williams,191161,0,0,0,2024-09-03
a04Qk000004DGO1,Field,GA,31210,Macon,5300 Bowman Park,0064994646,Isaiah Robinson,Detail Only,HCP Meal,"['Neurexa', 'RxProgram', 'Norexel', 'Zemlora']",Mary Escobar,237235,0,0,0,2024-09-01
a04Qk000004Fgdc,Field,PA,18045,Easton,1700 St Lukes Blvd Ste 300,0066835311,Chad Pearson,Detail Only,Office Visit (no prescriber contact),"['Neurexa', 'RxProgram', 'Zemlora', 'Trivaxa']",Matthew Foster,688508,0,0,0,2024-09-03
a04Qk000004788D,Field,GA,31904,Columbus,3934 Woodruff Rd,0077571184,Timothy Avila,Detail Only,Virtual Call with HCP,"['Neurexa', 'RxProgram', 'Zemlora']",Laura Roberts,172574,0,0,1,2024-08-25
a04Qk000004D0kf,Field,TX,78731,Austin,6835 Austin Center Blvd,0081140273,Jennifer Thompson,Detail Only,Office Visit (no prescriber contact),"['Trivaxa', 'Zemlora', 'Neurexa', 'RxProgram']",Jessica Gross,265840,0,0,1,2024-08-29
a04Qk0000045r1N,Field,FL,32073,Orange Park,1555 Kingsley Ave Ste 601,0089156234,Margaret Velasquez,Detail Only,Office Visit (no prescriber contact),"['Neurexa', 'RxProgram', 'Trivaxa']",Chad Scott,599948,1,1,0,2024-08-24
a04Qk000004B19l,Field,IL,60048,Libertyville,1860 W Winchester Rd Ste 106,0089476616,Adrienne Hall,Detail Only,Office Visit (no prescriber contact),"['Neurexa', 'RxProgram', 'Zemlora']",Lindsay Martinez,772097,0,0,1,2024-08-29
a04Qk000004B19l,Field,IL,60048,Libertyville,1860 W Winchester Rd Ste 106,0089476616,Adrienne Hall,Detail Only,Office Visit (no prescriber contact),"['Neurexa', 'RxProgram', 'Zemlora']",Lindsay Martinez,772097,0,0,1,2024-08-29
a04Qk000003rQCL,Field,NE,68154,Omaha,11404 W Dodge Rd Ste 300,0100833626,Laurie Gonzalez,Detail Only,HCP Meal,"['Neurexa', 'RxProgram', 'Zemlora']",Christopher Bass,766563,0,0,0,2024-09-01
a04Qk00000463If,Field,TN,37849,Powell,7714 Conner Rd Ste 101,0105778864,Jose Good,Detail Only,HCP Meal,"['Zemlora', 'Neurexa', 'RxProgram', 'Trivaxa']",Jessica Callahan,182627,0,0,0,2024-08-24
a04Qk000004DTDB,Field,TN,37849,Powell,7714 Conner Rd Ste 101,0105778864,Jose Good,Detail Only,HCP Meal,"['Trivaxa', 'Zemlora', 'Neurexa', 'RxProgram']",Michelle Harmon,944151,1,0,1,2024-09-01
a04Qk000004DmZB,Field,SC,29615,Greenville,142 Milestone Way,0108254545,Christine Holloway,Detail Only,Office Visit (no prescriber contact),"['Zemlora', 'Neurexa', 'RxProgram', 'Trivaxa']",Sandra Aguilar,738720,0,1,1,2024-09-01
a04Qk000004B0X3,Field,NC,28117,Mooresville,106 Corporate Park Dr Ste 200&300,0112443607,Daniel Perry,Detail Only,Virtual Call,"['Zemlora', 'XR-ODT']",Devon Flores,245051,0,0,1,2024-08-29
a04Qk0000045f53,Virtual,PA,16066,Cranberry Twp,125 Emeryville Dr,0112473801,Samuel Jenkins,Detail Only,Phone Call with Office Staff,"['Zemlora', 'Trivaxa', 'Neurexa', 'RxProgram']",Brandon Bailey MD,377932,0,0,1,2024-08-24
a04Qk000004FuE5,Field,MO,63303,Saint Charles,1551 Wall St,0123860839,Brittney Tucker,Detail Only,Face-to-Face with HCP,"['Trivaxa', 'Neurexa', 'RxProgram']",Glen Wood,707314,0,0,1,2024-09-02
a04Qk000004EqXV,Field,SC,29209,Columbia,4500 Fort Jackson Blvd Ste 270,0126093797,Dr. Sonya Jackson,Detail Only,Office Visit (no prescriber contact),"['Zemlora', 'Trivaxa', 'Neurexa', 'RxProgram']",Michael Wang,855731,1,0,0,2024-09-02
a04Qk000004DJ7N,Field,FL,32081,Ponte Vedra,400 Colonnade Dr Ste 200,0131598410,Thomas Waters,Detail Only,Face-to-Face with HCP,"['Zemlora', 'Neurexa', 'RxProgram', 'Trivaxa']",Cynthia Moore,426858,0,1,0,2024-09-01
a04Qk000004CMSH,Field,NC,28226,Charlotte,8029 Corporate Center Dr Ste 200,0149559173,Gabriella Escobar,Detail Only,Office Visit (no prescriber contact),"['Zemlora', 'XR-ODT']",Joanna Pacheco,648177,0,0,1,2024-08-30
a04Qk0000047IYz,Virtual,PA,15012,Belle Vernon,1645 Rostraver Rd Ste 202,0154883359,Heather Michael,Detail Only,Phone Call with Office Staff,"['Zemlora', 'Neurexa', 'RxProgram']",Angelica Keith,854639,1,0,1,2024-08-25
a04Qk0000049cOj,Field,IL,60625,Chicago,2740 W Foster Ave Ste 313,0157187187,Tamara Sandoval,Detail Only,Face-to-Face with HCP,"['Zemlora', 'Neurexa', 'RxProgram', 'Trivaxa']",Deborah Figueroa,816751,1,0,1,2024-08-25
a04Qk000004DJCD,Field,FL,32081,Ponte Vedra,400 Colonnade Dr Ste 200,0159766058,Annette Watson,Detail Only,Face-to-Face with HCP,"['Neurexa', 'RxProgram', 'Zemlora']",Parker Cain,923267,0,1,0,2024-09-01
a04Qk00000468ev,Field,PA,19004,Bala Cynwyd,25 Bala Ave Ste 205,0160133785,Nicole Bates,Detail Only,Office Visit (no prescriber contact),"['Zemlora', 'Neurexa', 'RxProgram']",Jose Travis,665492,1,0,0,2024-08-24
a04Qk000004CbMT,Field,VA,22030,Fairfax,10521 Rosehaven St Ste 100,0167793680,Amanda Fields,Detail Only,Virtual Call with HCP,"['Zemlora', 'Neurexa', 'RxProgram']",Sarah Moore,148050,0,0,1,2024-08-30
a04Qk000004FmI9,Field,VA,22030,Fairfax,10521 Rosehaven St Ste 100,0167793680,Amanda Fields,Detail Only,Face-to-Face with HCP,"['Zemlora', 'XR-ODT']",Charles Schultz,328275,0,0,1,2024-09-03
a04Qk000004AtCD,Field,MI,49444,Norton Shores,1455 Farr Rd,0168917057,Jerry Collins,Detail Only,Office Visit (no prescriber contact),"['Trivaxa', 'Zemlora', 'Neurexa', 'RxProgram']",Amber Wright,665158,0,0,0,2024-09-02
a04Qk000004C95G,Field,NC,28412,Wilmington,6419 Carolina Beach Rd Ste A,0170450757,Craig Powers,Detail Only,Office Visit (no prescriber contact),"['Neurexa', 'RxProgram', 'Zemlora']",Benjamin Smith,160738,0,0,1,2024-09-02
a04Qk00000478bF,Virtual,PA,15238,Pittsburgh,1350 Old Freeport Rd Ste 1A,0173235727,Tammy Marshall,Detail Only,Phone Call with Office Staff,"['Zemlora', 'Trivaxa', 'Neurexa', 'RxProgram']",David Thompson,783823,0,0,0,2024-08-25
a04Qk000004HnGX,Field,OH,45040,Mason,9600 Children Dr Bldg D,0178006376,Karen Lawrence,Detail Only,Office Visit (no prescriber contact),"['Neurexa', 'RxProgram', 'Zemlora', 'Trivaxa']",Paula Bradley,871476,0,0,1,2024-09-06
a04Qk000004AkLp,Field,NY,10155,New York,150 E 58th St Fl 25,0181271927,George Garcia,Detail Only,Office Visit (no prescriber contact),"['Neurexa', 'RxProgram', 'Zemlora']",Angela Lin,789305,0,0,0,2024-08-29
a04Qk000004G4bd,Field,IL,60462,Orland Park,15010 S Ravinia Ave Ste 15,0183734212,Brandon Dennis,Detail Only,Face-to-Face with HCP,"['Neurexa', 'RxProgram', 'Zemlora', 'Trivaxa']",Shirley Suarez,575435,0,0,0,2024-09-02
a04Qk0000048qX0,Field,FL,33143,South Miami,7000 SW 62nd Ave Ste 300,0186749235,Anthony James,Detail Only,Office Visit (no prescriber contact),"['Zemlora', 'Neurexa', 'RxProgram']",Jasmin Alvarado,341292,1,0,1,2024-08-26
a04Qk000004Hgjh,Field,MI,48314,Sterling Heights,43200 Dequindre Rd Ste 103,0203668267,Brandon Townsend,Detail Only,Office Visit (no prescriber contact),"['Zemlora', 'Trivaxa', 'Neurexa', 'RxProgram']",Rodney Morales,439902,1,0,1,2024-09-06
a04Qk000004AOy1,Virtual,NJ,07876,Succasunna,151 Route 10 Ste 105,0208056068,Lindsay Romero,Detail Only,Phone Call with Clinical Staff,['Lexcura/Cymbrin/Multi-Vi-Flor'],James Padilla,994141,0,0,0,2024-08-29
a04Qk000004COic,Virtual,NJ,07876,Succasunna,151 Route 10 Ste 105,0208056068,Lindsay Romero,Detail Only,Clinical Staff Meal,['Lexcura/Cymbrin/Multi-Vi-Flor'],Whitney Peters,705397,0,1,1,2024-08-30
a04Qk0000048hWw,Field,MD,20814,Bethesda,4350 E West Hwy Ste 200,0210116169,Timothy Robinson,Detail Only,Office Visit (no prescriber contact),"['Zemlora', 'XR-ODT']",Edward Burgess,544154,1,1,1,2024-08-26
a04Qk0000048U8H,Field,MI,49546,Grand Rapids,5150 Cascade Rd SE Ste B,0210598815,Ian Alexander,Detail Only,Office Visit (no prescriber contact),"['Neurexa', 'RxProgram']",Richard Rodriguez,771088,1,1,1,2024-08-26
a04Qk000004ELbl,Field,PA,19103,Philadelphia,255 S. 17th St,0218844939,Corey Boyer,Detail Only,Office Visit (no prescriber contact),"['Zemlora', 'Neurexa', 'RxProgram']",Colin Terry,122056,1,0,1,2024-09-01
a04Qk000004ENSH,Field,GA,30342,Atlanta,993 Johnson Ferry Rd NE Ste 210,0223975953,Lisa Green,Detail Only,Face-to-Face with HCP,"['Neurexa', 'RxProgram', 'Zemlora']",Felicia Aguilar,804318,1,0,0,2024-09-02
a04Qk000004Avva,Field,KS,67206,Wichita,7111 E 21st St N Ste A,0227410614,Anna Snyder,Detail Only,Office Visit (no prescriber contact),"['Neurexa', 'RxProgram', 'Zemlora', 'Trivaxa']",Donna Landry,736059,0,1,1,2024-08-29
a04Qk0000046wLZ,Field,OH,43215,Columbus,2150 Marble Cliff Office Park Ste B,0229023348,Nicholas Bryant,Detail Only,Office Visit (no prescriber contact),"['Neurexa', 'RxProgram', 'Zemlora', 'Trivaxa']",Crystal Johnson,330283,0,0,0,2024-08-25
a04Qk00000472sP,Field,FL,32250,Jacksonville Beach,2348 3rd St S,0229637779,Gerald Williams,Detail Only,Office Visit (no prescriber contact),"['Neurexa', 'RxProgram', 'Zemlora']",Debra White,262316,0,0,1,2024-08-25
a04Qk000004IoGz,Field,MA,01720,Acton,289 Great Rd Ste G1,0235323901,Adam Todd,Detail Only,Office Visit (no prescriber contact),"['Neurexa', 'RxProgram', 'Zemlora']",Denise Mccann,665579,0,0,1,2024-09-06
a04Qk000004Hj01,Field,GA,30082,Smyrna,400 Technology Ct SE Ste J,0235558124,Jeffrey Nelson,Detail Only,Office Visit (no prescriber contact),"['Neurexa', 'RxProgram', 'Zemlora']",Adam Vaughan,632342,0,0,1,2024-09-06
a04Qk00000466Rp,Virtual,LA,70815,Baton Rouge,11813 Stan Ave,0237485824,Brittney Sullivan,Detail Only,Phone Call with Office Staff,"['Zemlora', 'Trivaxa', 'Neurexa', 'RxProgram']",Paula Moreno,832052,1,0,0,2024-08-24
a04Qk0000048i1Z,Field,MO,63376,Saint Peters,5301 Veterans Memorial Pkwy Ste 104,0240593193,Melissa Neal,Detail Only,Face-to-Face with HCP,"['Trivaxa', 'Neurexa', 'RxProgram']",Aaron Wise,835911,0,0,1,2024-08-26
a04Qk000004EqVt,Field,SC,29209,Columbia,4500 Fort Jackson Blvd Ste 270,0240720251,Todd Ramsey,Detail Only,Office Visit (no prescriber contact),"['Zemlora', 'Trivaxa', 'Neurexa', 'RxProgram']",Donna Landry,736059,1,1,0,2024-09-02
a04Qk000004AGVp,Field,FL,32256,Jacksonville,10175 Fortune Pkwy Unit 1106,0241277956,John Barnes,Detail Only,Face-to-Face with HCP,"['Neurexa', 'RxProgram', 'Zemlora']",Timothy Duncan,377370,0,0,1,2024-08-29
a04Qk000004D2Eb,Field,TX,77479,Sugar Land,2819 Imperia Dr,0242281861,Carlos Brown,Detail Only,HCP Meal,"['Trivaxa', 'Neurexa', 'RxProgram']",Devon Flores,245051,0,0,1,2024-08-30
a04Qk000004FtwL,Field,MO,63303,Saint Charles,1820 Zumbehl Rd Ste 130A,0248520213,Isaac Barry,Detail Only,Face-to-Face with HCP,"['Zemlora', 'Neurexa', 'RxProgram']",Fred Smith,543143,1,0,1,2024-09-03
a04Qk0000045h5F,Virtual,MS,39202,Jackson,1200 N State St. Ste 450,0251514416,David Lucero,Detail Only,Phone Call with Office Staff,"['Zemlora', 'Neurexa', 'RxProgram']",Derek Zuniga,131244,0,1,1,2024-08-24
a04Qk0000045oY9,Field,GA,30265,Newnan,2080 Newnan Crossing Blvd E Ste 300,0254548536,Daniel White DDS,Detail Only,Face-to-Face with HCP,"['Neurexa', 'RxProgram', 'Norexel']",Tanya Kim,310922,0,0,0,2024-08-24
a04Qk000004Izqj,Field,NC,28244,Charlotte,201 S College St Fl 12,0255276538,Mary Hamilton,Detail Only,Virtual Call,"['Neurexa', 'RxProgram', 'Zemlora', 'Trivaxa']",Charles Lester,202664,1,0,1,2024-09-06
a04Qk000004EQQ9,Field,NY,11201,Brooklyn,1 Pierrepont Plz Ste 901,0257770349,Ronald Williams,Detail Only,Virtual Call with HCP,"['Neurexa', 'RxProgram', 'Zemlora']",Elizabeth Fowler,944962,0,0,1,2024-09-02
a04Qk000004FY77,Field,FL,32223,Jacksonville,12443 San Jose Blvd Ste 604,0258727714,Melissa Ochoa,Detail Only,HCP Meal,"['Neurexa', 'RxProgram', 'Zemlora']",Stephanie Byrd,858490,0,0,0,2024-09-03
a04Qk000004FsKL,Field,FL,32931,Cocoa Beach,465 Minutemen Cswy Unit 485,0261551207,Jennifer Morton,Detail Only,Face-to-Face with HCP,"['Zemlora', 'Trivaxa']",Melissa Gates,149405,0,0,1,2024-08-30
a04Qk000004DWe6,Field,AZ,85201,Mesa,560 W Brown Rd,0262068711,Maria Daniels,Detail Only,Office Visit (no prescriber contact),"['Neurexa', 'RxProgram', 'Zemlora', 'Trivaxa']",Robert Harrison,465962,0,1,1,2024-09-01
a04Qk000004HQ0b,Field,FL,32081,Ponte Vedra,203 Fort Wade Rd Unit 260,0263308000,Christopher Hendrix,Detail Only,Office Visit (no prescriber contact),"['Zemlora', 'Neurexa', 'RxProgram']",Mrs. Kristen Reyes,559381,0,0,0,2024-09-06
a04Qk000004Akos,Field,NC,28613,Conover,3411 Graystone Pl SE,0272166426,Michael Hoffman,Detail Only,Office Visit (no prescriber contact),"['Zemlora', 'XR-ODT']",Christopher Parker,955662,0,0,1,2024-09-01
a04Qk000004C0Bd,Field,FL,32901,Melbourne,1755 W Hibiscus Blvd,0281891098,Adam Randolph,Detail Only,Face-to-Face with HCP,"['Zemlora', 'Trivaxa']",Helen Jones,430776,1,1,0,2024-08-30
a04Qk00000458qf,Field,LA,70508,Lafayette,401 Youngsville Hwy Ste 200B,0286866948,Thomas Lester,Detail Only,Office Visit (no prescriber contact),"['Zemlora', 'Neurexa', 'RxProgram']",Tracy House,407419,1,0,1,2024-08-24
a04Qk000004H9fi,Field,WI,53142,Kenosha,7400 60th Ave Ste B,0286957108,Christopher Walker,Detail Only,Office Visit (no prescriber contact),"['Neurexa', 'RxProgram', 'Zemlora', 'Trivaxa']",Andrew Reynolds,903035,1,0,1,2024-09-06
a04Qk000004H3yT,Field,NC,28621,Elkin,124 Samaritans Ridge Rd,0287387562,Elizabeth Mahoney,Detail Only,Office Visit (no prescriber contact),"['Neurexa', 'RxProgram', 'Zemlora']",Jason Rhodes,630458,0,1,1,2024-09-06
a04Qk000004FVAr,Field,SC,29072,Lexington,424 Old Cherokee Rd,0287734030,David Monroe,Detail Only,Office Visit (no prescriber contact),"['Trivaxa', 'Zemlora', 'Neurexa', 'RxProgram']",Christina Walters,319684,1,1,1,2024-09-03
a04Qk000004D1Ll,Field,MO,63104,Saint Louis,1201 S Grand Blvd,0288949060,Jack Smith,Detail Only,Face-to-Face with HCP,"['Neurexa', 'RxProgram', 'Zemlora']",Robert Montgomery,992697,0,1,0,2024-08-30
a04Qk000004CEuX,Field,OH,45208,Cincinnati,3330 Erie Ave Ste 7,0289042779,Ronald Williamson,Detail Only,Face-to-Face with HCP,"['Neurexa', 'RxProgram', 'Zemlora', 'Trivaxa']",Paula Bradley,871476,1,0,1,2024-08-30
a04Qk000004CVqX,Field,FL,33071,Coral Springs,1999 N University Dr Ste 400,0298321561,Derek Krause,Detail Only,Office Visit (no prescriber contact),"['Trivaxa', 'Neurexa', 'RxProgram', 'Zemlora']",Jasmin Alvarado,341292,0,1,0,2024-08-30
a04Qk0000047Xo9,Field,TX,77584,Pearland,1901 Kirby St Ste 109,0302427049,Anna Sutton,Detail Only,Office Visit (no prescriber contact),"['Trivaxa', 'Neurexa', 'RxProgram']",Timothy Duncan,377370,1,0,0,2024-08-25
a04Qk0000047Hkz,Field,RI,02886,Warwick,469 Centerville Rd Ste 103,0304060312,Jessica Krueger,Detail Only,Office Visit (no prescriber contact),"['Neurexa', 'RxProgram', 'Zemlora']",David Martinez,738551,0,0,1,2024-08-25
a04Qk000004CMld,Field,OH,43082,Westerville,400 Altair Pkwy Ste 3100,0305837653,Jesse May,Detail Only,HCP Meal,"['Neurexa', 'RxProgram', 'Zemlora', 'Trivaxa']",Daniel Wagner,877572,0,1,1,2024-08-30
a04Qk0000046NXV,Field,VA,23462,Virginia Beach,260 Grayson Rd Ste 100,0307846833,Erica Rodriguez,Detail Only,Office Visit (no prescriber contact),"['Zemlora', 'Neurexa', 'RxProgram']",Kenneth Scott,961722,0,0,0,2024-08-24
a04Qk000004EdDh,Field,TN,37415,Chattanooga,2201 Dayton Blvd Ste 100,0311310336,Steven Lawrence,Detail Only,Face-to-Face with HCP,"['Neurexa', 'RxProgram', 'Zemlora', 'Trivaxa']",Marc Moore,356702,0,1,1,2024-09-02
a04Qk000004DXiD,Field,LA,70570,Opelousas,2949 S Union St,0311538162,Michael Finley,Detail with Sample,HCP Meal,['Norexel'],Robert Montgomery,992697,0,0,0,2024-09-01
a04Qk000004ASLi,Field,MI,48381,Milford,1800 N Milford Rd Ste 100,0313437242,Martha Potter,Detail Only,HCP Meal,"['Zemlora', 'Trivaxa', 'Neurexa', 'RxProgram']",Amanda Jones,132938,0,0,0,2024-09-01
a04Qk000004Ensz,Field,NC,28277,Charlotte,8045 Providence Rd Ste 300,0314833195,Sandra Cantu,Detail Only,HCP Meal,"['Neurexa', 'RxProgram']",Sierra Johnson,584714,0,0,0,2024-09-02
a04Qk000004EjEH,Field,NY,11215,Brooklyn,641 President St Ste 201,0316646369,Lisa Silva,Detail Only,HCP Meal,"['Neurexa', 'RxProgram', 'Zemlora']",Sierra Johnson,584714,1,1,0,2024-09-02
a04Qk000004EoPG,Field,NC,28277,Charlotte,7940 Williams Pond Ln Ste 150,0320217029,Eduardo Reynolds,Detail Only,Office Visit (no prescriber contact),"['Zemlora', 'XR-ODT']",Jessica Stephens,867460,0,0,0,2024-09-02
a04Qk000004HXgP,Field,NC,28277,Charlotte,7940 Williams Pond Ln Ste 150,0320217029,Eduardo Reynolds,Detail Only,Office Visit (no prescriber contact),"['Zemlora', 'XR-ODT']",Joshua Perry,195325,1,0,0,2024-09-06
a04Qk000004Fstp,Field,AL,36532,Fairhope,21950 State Highway 181 Ste A1,0324914691,Laura Harris,Detail Only,HCP Meal,"['Zemlora', 'Neurexa', 'RxProgram']",Sierra Johnson,584714,1,0,1,2024-09-02
a04Qk000004HlQ1,Field,IA,50309,Des Moines,1206 Pleasant St,0327702523,Sarah Blair,Detail Only,Office Visit (no prescriber contact),"['Neurexa', 'RxProgram', 'Trivaxa']",Victor Brown,274389,0,1,1,2024-09-06
a04Qk0000042vKr,Field,OH,45714,Belpre,225 Main St,0346633442,Debra Howard,Detail Only,HCP Meal,"['Neurexa', 'RxProgram', 'Zemlora', 'Trivaxa']",Glen Wood,707314,0,0,1,2024-08-24
a04Qk000004FSMg,Field,OH,45714,Belpre,225 Main St,0346633442,Debra Howard,Detail Only,Face-to-Face with HCP,"['Neurexa', 'RxProgram', 'Zemlora', 'Trivaxa']",Sophia Johnson,204837,0,0,1,2024-09-03
a04Qk000004D29l,Field,TX,77479,Sugar Land,2819 Imperia Dr,0346997391,Kevin Preston,Detail Only,HCP Meal,"['Trivaxa', 'Neurexa', 'RxProgram']",Rebecca Valencia,279451,1,0,1,2024-08-30
a04Qk000004C0px,Field,NC,28031,Cornelius,19485 Old Jetton Rd Ste 100,0347765183,Timothy Sandoval,Detail Only,Virtual Call,"['Zemlora', 'XR-ODT']",Kimberly Gutierrez,891952,0,0,1,2024-08-30
a04Qk0000045gxB,Virtual,OK,73013,Edmond,2000 Sonoma Park Dr,0349539440,Lindsey Allen,Detail Only,Phone Call with Office Staff,"['Zemlora', 'Neurexa', 'RxProgram']",Sara Fuller,790993,0,0,1,2024-08-24
a04Qk0000046Dmf,Field,MD,21061,Glen Burnie,7711 Quarterfield Rd,0349904237,Laura Ford,Detail Only,Office Visit (no prescriber contact),"['Zemlora', 'XR-ODT']",Kathryn Snyder,658582,0,0,0,2024-08-24
a04Qk000004B8Xp,Field,TX,77070,Houston,10103 Louetta Rd Ste 113,0350467338,Felicia Elliott,Detail Only,Office Visit (no prescriber contact),"['Neurexa', 'RxProgram', 'Zemlora']",Lindsey Walker,267753,0,0,0,2024-08-29
a04Qk000004Dm7m,Field,TX,78723,Austin,1900 Aldrich St Ste 150,0352609221,Charles Smith,Detail Only,Office Visit (no prescriber contact),"['Zemlora', 'Neurexa', 'RxProgram']",Jeremy Turner,749468,0,0,1,2024-09-01
a04Qk000004GzOb,Field,FL,32258,Jacksonville,14810 Old Saint Augustine Rd Ste 106,0355593975,Christina Garrett,Detail Only,Office Visit (no prescriber contact),"['Neurexa', 'RxProgram', 'Zemlora', 'Trivaxa']",April Frost,133659,1,0,1,2024-09-06
a04Qk0000045mEb,Field,LA,70508,Lafayette,3312 Kaliste Saloom Rd,0356305249,Wesley King,Detail Only,HCP Meal,"['Zemlora', 'Neurexa', 'RxProgram', 'Trivaxa']",Elizabeth Oliver DDS,945964,1,0,1,2024-08-24
a04Qk000004DeIH,Field,MD,21045,Columbia,5450 Knoll North Dr Ste 300,0370496505,Mitchell Cruz,Detail Only,Office Visit (no prescriber contact),"['Zemlora', 'Trivaxa']",Felicia Aguilar,804318,0,0,0,2024-09-01
a04Qk000004FU4J,Field,FL,32216,Jacksonville,4190 Belfort Rd Ste 140,0371134136,Deborah Rodriguez,Detail Only,Office Visit (no prescriber contact),"['Neurexa', 'RxProgram', 'Zemlora']",Glen Wood,707314,1,1,0,2024-09-03
a04Qk000004FPtS,Field,GA,30005,Alpharetta,3255 North Point Pkwy Ste 202,0374230837,Marcus Martin MD,Detail Only,Office Visit (no prescriber contact),"['Neurexa', 'RxProgram', 'Zemlora', 'Trivaxa']",Matthew Foster,688508,0,1,1,2024-09-01
a04Qk000004Fozt,Field,FL,34683,Palm Harbor,2843 Alt 19,0374370385,Ryan Phillips,Detail Only,Face-to-Face with HCP,"['Neurexa', 'RxProgram', 'Zemlora']",Lauren Carson,522179,0,0,1,2024-09-03
a04Qk000004AFmf,Field,NJ,07728,Freehold,77 Schanck Rd Ste B-11,0374416707,Mason Thompson,Detail Only,HCP Meal,"['Neurexa', 'RxProgram', 'Zemlora']",Debra Morton,575763,0,1,1,2024-08-25
a04Qk000004AwBm,Field,GA,30082,Smyrna,3644 Highlands Pkwy SE,0374489599,Lindsey Medina,Detail Only,Virtual Call,"['Neurexa', 'RxProgram', 'Zemlora']",Rebecca Jackson,623481,0,0,0,2024-08-29
a04Qk0000047Vj7,Field,KS,67226,Wichita,9825 E Shannon Woods Cir,0375183177,Paul Jordan,Detail Only,HCP Meal,"['Neurexa', 'RxProgram', 'Zemlora', 'Trivaxa']",Julia Torres,684004,0,1,1,2024-08-25
a04Qk000004DE66,Field,NC,28150,Shelby,114 Lee St,0375341286,Jacqueline Montoya,Detail with Sample,Face-to-Face with HCP,['Norexel'],Chad Scott,599948,0,0,0,2024-09-01
a04Qk000004FY5V,Field,NC,27265,High Point,4012 Mendenhall Oaks Pkwy,0379198571,Terry Wood,Detail Only,Office Visit (no prescriber contact),"['Norexel', 'Trivaxa', 'Neurexa', 'RxProgram']",Erica Alvarez,431737,1,0,1,2024-09-03
a04Qk000004FoYT,Field,IA,50266,West Des Moines,1701 48th St Ste 110,0383068170,Megan Short,Detail Only,Virtual Call,"['Neurexa', 'RxProgram', 'Zemlora']",James Brown,759176,0,0,0,2024-09-03
a04Qk000003QlZR,Field,IA,50266,West Des Moines,1701 48th St Ste 110,0383068170,Megan Short,Detail Only,HCP Meal,"['Neurexa', 'RxProgram', 'Zemlora']",Tamara Davis,294851,1,1,1,2024-09-06
a04Qk000004FkoD,Field,PA,18960,Sellersville,807 Lawn Ave,0387014705,Thomas Maxwell,Detail Only,Office Visit (no prescriber contact),"['Zemlora', 'Trivaxa', 'Neurexa', 'RxProgram']",Shelly Alexander,107540,1,0,1,2024-09-03
a04Qk000004Bx2T,Field,FL,32073,Orange Park,2140 Smith St,0389165938,Becky Boyer,Detail Only,HCP Meal,"['Zemlora', 'Neurexa', 'RxProgram', 'Trivaxa']",Robert Potter,774079,0,0,0,2024-08-30
a04Qk0000046CLx,Virtual,OK,73003,Edmond,2916 N Kelly Ave,0389994310,Jeffrey Warren,Detail Only,Fax to HCP Office,"['Zemlora', 'Trivaxa', 'Neurexa', 'RxProgram']",Rebecca Valencia,279451,0,0,1,2024-08-24
a04Qk000004AG61,Field,PA,19067,Yardley,105 Floral Vale Blvd,0394337229,Rebecca Anderson,Detail Only,Office Visit (no prescriber contact),"['Neurexa', 'RxProgram', 'Zemlora']",Shane Henderson,452944,0,0,1,2024-08-26
a04Qk000004DmJ3,Field,PA,19067,Yardley,105 Floral Vale Blvd,0394337229,Rebecca Anderson,Detail Only,Office Visit (no prescriber contact),"['Zemlora', 'Neurexa', 'RxProgram']",Richard Henson,864544,0,0,0,2024-09-01
a04Qk0000045s0f,Virtual,CO,80111,Greenwood Village,7400 E Orchard Rd Ste 240,0397724574,Frank Adams,Detail Only,Phone Call with HCP,"['Zemlora', 'Neurexa', 'RxProgram']",Denise Jones,329974,0,0,1,2024-08-24
a04Qk000004FUBZ,Field,AL,35235,Birmingham,3504 Vann Rd,0400388693,Kevin Eaton,Detail Only,Face-to-Face with HCP,"['Neurexa', 'RxProgram', 'Zemlora']",Shelly Alexander,107540,0,1,1,2024-09-03
a04Qk000004HZGn,Virtual,NC,28204,Charlotte,2600 E 7th St,0403836626,Dr. David Adams,Detail Only,Phone Call with Office Staff,['Norexel'],Cameron Parker,765822,0,0,1,2024-09-06
a04Qk000004BzFZ,Field,LA,70518,Broussard,811 Albertson Pkwy Ste A,0406117872,Alec Herrera,Detail Only,Office Visit (no prescriber contact),"['Zemlora', 'Neurexa', 'RxProgram']",Daniel Murphy,500156,1,0,0,2024-08-30
a04Qk000004ELqH,Field,LA,70508,Lafayette,4540 Ambassador Caffery Pkwy Ste B130,0406437051,Misty Fleming,Detail Only,Office Visit (no prescriber contact),['Norexel'],Nathan Maldonado,717889,0,0,1,2024-09-02
a04Qk000004DGHZ,Field,GA,30322,Atlanta,1365 Clifton Rd NE Bldg C,0407965534,Antonio Williams,Detail Only,Virtual Call with HCP,"['Neurexa', 'RxProgram', 'Zemlora']",Fred Smith,543143,1,0,1,2024-09-01
a04Qk000004DiKH,Field,FL,32571,Pace,4262 Woodbine Rd,0409507941,Scott Ward,Detail Only,Office Visit (no prescriber contact),"['Zemlora', 'Neurexa', 'RxProgram']",Daniel Wagner,877572,0,0,0,2024-09-01
a04Qk000004ENAX,Field,NE,68516,Lincoln,3540 Village Dr Ste 100,0413225754,Sheryl Hubbard,Detail Only,Face-to-Face with HCP,"['Neurexa', 'RxProgram', 'Zemlora']",Carlos Ryan,531071,1,0,0,2024-09-02
a04Qk000003aUic,Field,IL,60050,Mchenry,5404 W Elm St Ste Q,0414818650,William Butler,Detail Only,HCP Meal,"['Neurexa', 'RxProgram', 'Zemlora', 'Trivaxa']",Shannon Ramsey,785197,1,0,1,2024-08-29
a04Qk000004Iv2L,Field,SC,29414,Charleston,2079 Charlie Hall Blvd,0416330880,Rebekah Mitchell,Detail Only,Office Visit (no prescriber contact),"['Zemlora', 'Neurexa', 'RxProgram']",Rhonda Martin,323508,1,0,1,2024-09-06
a04Qk0000046EXR,Field,FL,34684,Palm Harbor,35054 Us Route 19 N,0420424326,Jennifer Ferguson,Detail Only,HCP Meal,"['Neurexa', 'RxProgram', 'Zemlora']",Jessica Smith,779514,0,0,1,2024-08-24
a04Qk000004AOEr,Field,GA,31501,Waycross,1701 Boulevard Sq Ste D,0422643331,Dr. Daniel Ellison PhD,Detail Only,Virtual Call,"['Zemlora', 'Neurexa', 'RxProgram', 'Trivaxa']",Kelly Donovan,183667,0,0,0,2024-08-29
a04Qk000004D26X,Field,TX,77478,Sugar Land,1 Sugar Creek Center Blvd Ste 955,0425407686,Erika Taylor,Detail Only,HCP Meal,"['Zemlora', 'Neurexa', 'RxProgram']",Joshua Reed,167136,0,0,1,2024-08-30
a04Qk000004EacP,Field,MO,63026,Fenton,774 Gravois Bluffs Blvd Ste B,0426593689,Cory Miller,Detail Only,Face-to-Face with HCP,"['Trivaxa', 'Neurexa', 'RxProgram']",Rhonda Martin,323508,1,0,1,2024-09-02
a04Qk0000048qbr,Field,FL,33143,Miami,7000 SW 62nd Ave Ste 300,0431234501,Christopher Hicks,Detail Only,Office Visit (no prescriber contact),"['Zemlora', 'Neurexa', 'RxProgram']",Jennifer Adkins,757924,0,0,1,2024-08-26
a04Qk000004FdDG,Field,NC,28605,Blowing Rock,8439 Valley Blvd,0432150922,Charles Hopkins,Detail Only,Virtual Call,"['Zemlora', 'Neurexa', 'RxProgram']",Mary Thompson,697347,1,1,1,2024-09-03
a04Qk000004Dn5R,Field,FL,32541,Destin,4476 Legendary Dr Ste 100,0439788069,Larry Garcia,Detail Only,Office Visit (no prescriber contact),"['Zemlora', 'Neurexa', 'RxProgram']",Stephanie Byrd,858490,1,0,1,2024-08-30
a04Qk0000049cuz,Field,IL,60435,Joliet,210 N Hammes Ave Ste 205,0449812048,Sarah Schultz,Detail Only,Face-to-Face with HCP,"['Neurexa', 'RxProgram', 'Zemlora']",Rebecca Jackson,623481,0,0,0,2024-08-26
a04Qk0000048VQv,Field,NC,28403,Wilmington,1914 Glen Meade Rd,0450847147,Michael Dunn,Detail Only,Face-to-Face with HCP,"['Neurexa', 'RxProgram', 'Zemlora', 'Trivaxa']",John Daniel,865179,0,0,1,2024-08-26
a04Qk000004AU0w,Field,NC,28403,Wilmington,1914 Glen Meade Rd,0450847147,Michael Dunn,Detail Only,Face-to-Face with HCP,"['Neurexa', 'RxProgram', 'Zemlora', 'Trivaxa']",Victoria Garcia,581741,0,0,0,2024-08-29
a04Qk000004Fge9,Field,WV,26101,Parkersburg,2012 Garfield Ave Ste 2,0454028525,Alexander Schroeder,Detail Only,HCP Meal,"['Neurexa', 'RxProgram', 'Zemlora', 'Trivaxa']",Amber Wright,665158,0,0,0,2024-09-03
a04Qk0000048QUU,Field,NC,28401,Wilmington,1907 S 17th St Ste 1,0455160379,Sharon Wood,Detail Only,Office Visit (no prescriber contact),"['Neurexa', 'RxProgram', 'Zemlora']",Amber Kidd,678856,1,0,1,2024-08-25
a04Qk00000474Pa,Field,NC,27526,Fuquay Varina,602 E Academy St Ste 205,0457248348,Thomas Anderson,Detail Only,Face-to-Face with HCP,"['Zemlora', 'Neurexa', 'RxProgram']",Robin Young,523389,0,1,0,2024-08-25
a04Qk000004As6U,Field,KS,67214,Wichita,855 N Hillside St,0461134043,Travis Spencer,Detail Only,Office Visit (no prescriber contact),"['Neurexa', 'RxProgram', 'Zemlora', 'Trivaxa']",David Thompson,783823,0,1,0,2024-08-29
a04Qk0000046y5f,Field,OH,43215,Columbus,2150 Marble Cliff Office Park,0469644857,Joshua Gross,Detail Only,Office Visit (no prescriber contact),"['Neurexa', 'RxProgram', 'Zemlora', 'Trivaxa']",David Davis,231869,1,0,1,2024-08-25
a04Qk0000047HRd,Field,AZ,85260,Scottsdale,8350 E Raintree Dr Ste 125,0470117044,Larry Black,Detail Only,Virtual Call,"['Neurexa', 'RxProgram', 'Zemlora']",Christopher Rubio,688637,0,0,0,2024-08-26
a04Qk0000045sVJ,Virtual,LA,70775,Saint Francisville,5326 Oak St,0475576226,Mark Davis,Detail Only,Phone Call with Office Staff,"['Zemlora', 'Trivaxa', 'Neurexa', 'RxProgram']",Brittney Phillips,301629,0,1,1,2024-08-24
a04Qk0000047FOD,Field,SC,29464,Mt Pleasant,913B Bowman Rd,0476667148,Adam Ali,Detail Only,Virtual Call with HCP,"['Zemlora', 'Neurexa', 'RxProgram']",Trevor Johnson,542374,0,0,1,2024-08-25
a04Qk000004C9DJ,Field,SC,29464,Mt Pleasant,913B Bowman Rd,0476667148,Adam Ali,Detail Only,HCP Meal,"['Zemlora', 'Neurexa', 'RxProgram']",Nathan Freeman,211579,0,0,0,2024-08-30
a04Qk000004Dj8H,Field,FL,32571,Pace,5755 Quintette Rd,0480869183,Bryan Smith,Detail Only,Office Visit (no prescriber contact),"['Zemlora', 'Neurexa', 'RxProgram']",Kimberly Nguyen,324130,0,0,0,2024-09-01
a04Qk0000046M3Z,Field,TX,75070,Mckinney,7692 Eldorado Pkwy,0486745347,Linda Sullivan,Detail Only,Face-to-Face with HCP,"['Zemlora', 'Neurexa', 'RxProgram']",Tanya Kim,310922,0,0,1,2024-08-24
a04Qk000004Eske,Field,TX,75070,Mckinney,7692 Eldorado Pkwy,0486745347,Linda Sullivan,Detail Only,Office Visit (no prescriber contact),"['Zemlora', 'Neurexa', 'RxProgram']",Keith Jennings,946721,0,0,0,2024-09-02
a04Qk000004HnOb,Field,FL,32570,Milton,5804 Dogwood Dr,0486907742,Brian Daniels,Detail Only,Office Visit (no prescriber contact),"['Zemlora', 'Neurexa', 'RxProgram']",Joseph Knight,801474,0,0,1,2024-09-06
a04Qk000004GxTG,Field,GA,30096,Duluth,3855 Pleasant Hill Rd Ste 210,0489468730,Jasmine Underwood,Detail Only,Face-to-Face with HCP,"['Neurexa', 'RxProgram', 'Zemlora']",Nancy Jennings,888387,0,0,0,2024-09-06
a04Qk000004DGRF,Virtual,NJ,07960,Morristown,261 James St Ste 1G,0492223786,Melissa Fleming,Detail Only,Phone Call with Clinical Staff,['Lexcura/Cymbrin/Multi-Vi-Flor'],Gerald Hensley,662275,0,0,0,2024-09-01
a04Qk000004GQ7Y,Field,FL,32095,Saint Augustine,605 Palencia Club Dr Unit 201,0495167917,Michael Doyle,Detail Only,Office Visit (no prescriber contact),"['Neurexa', 'RxProgram', 'Zemlora']",Travis Tucker,580547,0,1,0,2024-09-06
a04Qk0000048v8T,Field,IL,60601,Chicago,333 N Michigan Ave Ste 1400,0496775016,David Fuller,Detail Only,HCP Meal,"['Neurexa', 'RxProgram', 'Zemlora']",Christian Leblanc,378085,0,0,0,2024-08-25
a04Qk0000045rfh,Field,SC,29708,Fort Mill,342 Patricia Ln Ste 105,0497824077,Jennifer Gilbert,Detail with Sample,HCP Meal,"['Neurexa', 'RxProgram', 'Trivaxa', 'Norexel']",Joann Glass,707040,0,0,1,2024-08-24
a04Qk000004Dd2r,Field,MD,20852,Rockville,11125 Rockville Pike Ste 307,0504444576,Jeremy Evans,Detail Only,HCP Meal,"['Zemlora', 'Trivaxa']",April Frost,133659,0,1,0,2024-09-01
a04Qk000004BxNS,Field,GA,31901,Columbus,33 W 11th St,0507062540,Nicole Scott,Detail Only,Face-to-Face with HCP,"['Neurexa', 'RxProgram', 'Zemlora']",Joyce Bowen,174441,0,0,0,2024-08-30
a04Qk000004Amic,Field,SC,29464,Mount Pleasant,871 Lowcountry Blvd Ste 200,0512710244,Nicole Carr,Detail Only,Office Visit (no prescriber contact),"['Zemlora', 'Neurexa', 'RxProgram']",Jessica Garcia,174299,0,0,1,2024-08-26
a04Qk000004G2d3,Field,SC,29464,Mount Pleasant,871 Lowcountry Blvd Ste 200,0512710244,Nicole Carr,Detail Only,Office Visit (no prescriber contact),"['Zemlora', 'Neurexa', 'RxProgram']",Tracy Ballard,777568,1,0,1,2024-09-02
a04Qk0000047XeT,Field,TX,77584,Pearland,7501 Fite Rd,0515629204,Amber Mcknight,Detail Only,Office Visit (no prescriber contact),"['Zemlora', 'Neurexa', 'RxProgram']",Jenna Larson,414569,0,1,0,2024-08-25
a04Qk000004CCuL,Field,GA,31904,Columbus,2263 Brookstone Centre Pkwy Ste C,0518844330,Donald Jensen,Detail Only,Face-to-Face with HCP,"['Neurexa', 'RxProgram', 'Zemlora']",Shirley Suarez,575435,0,0,1,2024-08-30
a04Qk000004DelK,Field,OH,45342,Miamisburg,9049 Springboro Pike,0519744423,Raymond Henson,Detail Only,HCP Meal,"['Neurexa', 'RxProgram']",Jeffery Ortega,509386,0,0,1,2024-09-01
a04Qk000004Fsk9,Field,AL,36526,Daphne,7101 Us-90,0527055104,Caleb Koch,Detail Only,Office Visit (no prescriber contact),"['Zemlora', 'Neurexa', 'RxProgram']",Cameron Parker,765822,0,0,1,2024-09-02
a04Qk00000478WP,Field,NY,11758,Massapequa,5550 Merrick Rd Ste 200,0529359569,Brian Santiago,Detail Only,HCP Meal,"['Neurexa', 'RxProgram', 'Zemlora', 'Trivaxa']",Brian Lee,899550,0,0,1,2024-08-25
a04Qk000004dwuf,Field,FL,33133,Miami,3250 Mary St Ste 300,0532268573,Jessica Reyes,Call Only,HCP Meal,,Dr. Hannah Patterson,456699,0,1,1,2024-09-03
a04Qk000004AkX8,Field,SC,29841,North Augusta,309 West Ave,0535406120,Madison Dougherty MD,Detail Only,Office Visit (no prescriber contact),"['Zemlora', 'Neurexa', 'RxProgram', 'Trivaxa']",Megan Orr,694731,0,0,1,2024-08-29
a04Qk000004DJ2X,Field,FL,32081,Ponte Vedra,400 Colonnade Dr Ste 200,0537935106,Antonio Martinez,Detail Only,Face-to-Face with HCP,"['Neurexa', 'RxProgram', 'Trivaxa', 'Zemlora']",Brent Jordan,145561,0,0,1,2024-09-01
a04Qk000004FUxy,Field,FL,32217,Jacksonville,8823 San Jose Blvd Ste 301,0542638296,John Burns,Detail Only,Office Visit (no prescriber contact),"['Neurexa', 'RxProgram', 'Zemlora']",Jason Powell,169403,0,0,1,2024-09-03
a04Qk000004DXTi,Field,IL,60076,Skokie,4711 Golf Rd Ste 1200,0545138681,David Harris,Detail Only,HCP Meal,"['Neurexa', 'RxProgram', 'Zemlora']",Brandy Chavez,299448,1,0,0,2024-09-01
a04Qk0000046P4f,Field,FL,32563,Gulf Breeze,1368 Country Club Rd,0552530323,Amber Mendoza,Detail Only,Office Visit (no prescriber contact),"['Zemlora', 'Neurexa', 'RxProgram']",Felicia Aguilar,804318,0,0,1,2024-08-24
a04Qk000004DEMD,Field,PA,19116,Philadelphia,10800 Bustleton Ave,0553909102,Kim Mills,Detail Only,Office Visit (no prescriber contact),"['Zemlora', 'Neurexa', 'RxProgram']",Elizabeth Oliver DDS,945964,1,0,0,2024-09-01
a04Qk000004G2jV,Field,SC,29407,Charleston,16 Windermere Blvd,0554503435,Robert Wilson,Detail Only,Office Visit (no prescriber contact),"['Zemlora', 'Neurexa', 'RxProgram']",Theresa Williams,989921,0,0,1,2024-09-02
a04Qk000004Fj49,Field,PA,18018,Bethlehem,834 Eaton Ave Ste 201,0555303526,Jennifer Travis,Detail Only,Office Visit (no prescriber contact),"['Zemlora', 'Trivaxa', 'Neurexa', 'RxProgram']",Paula Bradley,871476,0,1,1,2024-09-03
a04Qk000004D15d,Field,TX,78704,Austin,3625 Menchaca Rd Ste 202,0557899388,Timothy Huerta,Detail Only,Office Visit (no prescriber contact),"['Zemlora', 'Neurexa', 'RxProgram']",Maria Parker,551989,1,0,0,2024-08-30
a04Qk000004JuIj,Field,TX,78704,Austin,3625 Menchaca Rd Ste 202,0557899388,Timothy Huerta,Detail Only,Office Visit (no prescriber contact),"['Zemlora', 'Neurexa', 'RxProgram']",Richard Aguirre,946335,0,0,1,2024-09-06
a04Qk000004AwYI,Field,KS,67206,Wichita,7111 E 21st St N Ste A,0562075619,Darrell Franco,Detail Only,Face-to-Face with HCP,"['Neurexa', 'RxProgram', 'Zemlora', 'Trivaxa']",Mark Perez,988662,1,1,0,2024-08-29
a04Qk000004Dm4X,Field,PA,19462,Plymouth Meeting,1000 Germantown Pike Ste H4,0564602759,Erin Phillips,Detail Only,Office Visit (no prescriber contact),"['Neurexa', 'RxProgram', 'Zemlora']",Zachary Ferrell,498591,0,0,0,2024-08-30
a04Qk000004Esnp,Field,PA,19380,West Chester,1570 McDaniel Dr,0567356675,Misty Cruz,Detail Only,Face-to-Face with HCP,"['Zemlora', 'Neurexa', 'RxProgram']",Jason Rhodes,630458,1,1,1,2024-09-02
a04Qk0000047FG9,Field,SC,29464,Mount Pleasant,710 Johnnie Dodds Blvd Ste 200,0568771602,Matthew Rivera,Detail Only,Virtual Call with HCP,"['Zemlora', 'Neurexa', 'RxProgram']",Philip Cannon,325772,0,0,0,2024-08-25
a04Qk000004AoVu,Field,SC,29464,Mount Pleasant,710 Johnnie Dodds Blvd Ste 200,0568771602,Matthew Rivera,Detail Only,Virtual Call with HCP,"['Zemlora', 'Neurexa', 'RxProgram']",Karen Graham,103402,0,0,1,2024-08-29
a04Qk00000473QH,Field,GA,31201,Macon,1508 Hardeman Ave Ste B,0571312806,Alex Johnson,Detail Only,Face-to-Face with HCP,"['Neurexa', 'RxProgram', 'Zemlora']",Jeremy Sampson,292401,0,1,1,2024-08-25
a04Qk000004DIhZ,Field,FL,33186,Miami,11970 SW 92nd Ln,0581436478,Bryan Sanders DDS,Detail Only,HCP Meal,"['Zemlora', 'Neurexa', 'RxProgram']",Daniel Salinas,898975,1,0,1,2024-09-01
a04Qk0000048UUr,Field,NC,28401,Wilmington,1907 S 17th St Ste 1,0585456945,Danielle Wallace,Detail Only,Office Visit (no prescriber contact),"['Zemlora', 'Neurexa', 'RxProgram']",Darlene Miller,590785,1,0,1,2024-08-25
a04Qk0000049eLh,Field,TX,77429,Cypress,13611 Skinner Rd Ste 145,0585606700,Willie Ibarra,Detail Only,Face-to-Face with HCP,"['Neurexa', 'RxProgram', 'Zemlora', 'Trivaxa']",Cheyenne Horton,246413,1,0,1,2024-08-25
a04Qk000004FbBR,Field,NC,27265,High Point,4515 Premier Dr Ste 203,0590441092,Kevin Oconnor,Detail Only,Office Visit (no prescriber contact),"['Zemlora', 'Trivaxa']",Debra Davidson,391704,0,1,0,2024-09-03
a04Qk000004Fa7J,Field,NC,27265,High Point,4515 Premier Dr Ste 203,0590441092,Kevin Oconnor,Detail Only,Office Visit (no prescriber contact),"['Zemlora', 'XR-ODT']",Elizabeth Perkins,982554,1,1,0,2024-09-03
a04Qk0000046Ndx,Field,VA,23462,Virginia Beach,260 Grayson Rd Ste 100,0590758435,Christopher Burton,Detail Only,Office Visit (no prescriber contact),"['Zemlora', 'Neurexa', 'RxProgram', 'Trivaxa']",Justin Baker,850800,0,0,0,2024-08-24
a04Qk000004H9hJ,Field,LA,70508,Lafayette,200 Petroleum Dr,0596940603,Angela Esparza,Detail Only,Office Visit (no prescriber contact),"['Norexel', 'Neurexa', 'RxProgram']",James Ferrell,331148,1,0,1,2024-09-06
a04Qk0000048Flx,Field,SC,29169,West Columbia,3240 Sunset Blvd,0602551762,Nathan Griffin,Detail Only,Office Visit (no prescriber contact),"['Trivaxa', 'Zemlora', 'Neurexa', 'RxProgram']",Linda Smith,564656,0,0,0,2024-08-26
a04Qk000004CPmj,Field,IN,47715,Evansville,7200 E Indiana St,0602770733,Christopher Petersen,Detail Only,Virtual Call,"['Neurexa', 'RxProgram', 'Zemlora', 'Trivaxa']",Rhonda Martin,323508,1,1,1,2024-08-30
a04Qk000004AGIw,Field,FL,32256,Jacksonville,9141 Cypress Green Dr Ste 1,0604822033,Christopher Martinez,Detail Only,Office Visit (no prescriber contact),"['Neurexa', 'RxProgram', 'Zemlora']",Joseph Knight,801474,0,0,1,2024-08-29
a04Qk000004Eg0H,Field,PA,19010,Bryn Mawr,130 S Bryan Mayr Ave,0607848658,James Charles,Detail Only,Office Visit (no prescriber contact),"['Trivaxa', 'Zemlora', 'Neurexa', 'RxProgram']",Jamie Walton,724834,0,0,1,2024-09-02
a04Qk000004DEZ7,Virtual,LA,70810,Baton Rouge,10517 Kentshire Ct,0609677551,Tyler Cobb,Detail Only,Phone Call with Office Staff,"['Zemlora', 'Neurexa', 'RxProgram']",Charles Lester,202664,0,0,1,2024-09-01
a04Qk000004AcRV,Field,MI,48357,Highland,147 N Milford Rd Ste 101,0612469993,Brian Collins,Detail Only,Office Visit (no prescriber contact),"['Neurexa', 'RxProgram', 'Zemlora', 'Trivaxa']",Tanner Mitchell DDS,299659,0,1,1,2024-09-01
a04Qk000004EKcT,Field,OH,43701,Zanesville,1066 Beverly Ave,0612926317,Kayla Morgan,Detail Only,Office Visit (no prescriber contact),"['Zemlora', 'Trivaxa', 'Neurexa', 'RxProgram']",Kirk Carter,352572,1,1,0,2024-09-02
a04Qk000004EFuZ,Field,TN,37412,Chattanooga,929 Spring Creek Rd Ste 206,0613782303,Matthew Becker,Detail Only,Office Visit (no prescriber contact),"['Trivaxa', 'Zemlora', 'Neurexa', 'RxProgram']",Victor Taylor,806073,0,0,1,2024-09-02
a04Qk0000048af8,Field,GA,30046,Lawrenceville,227 Scenic Hwy Ste A,0614052660,Angela Moon,Detail Only,Face-to-Face with HCP,"['Neurexa', 'RxProgram', 'Zemlora']",Jeffrey Mills,850981,0,0,0,2024-08-26
a04Qk000004CzqD,Field,FL,33607,Tampa,1300 N West Shore Blvd Ste 240,0616105497,Joann Jones,Detail Only,Face-to-Face with HCP,"['Neurexa', 'RxProgram', 'Zemlora']",Joshua Cooke,654816,0,0,0,2024-08-30
a04Qk00000463Dp,Field,TN,37849,Powell,7714 Conner Rd Ste 101,0616172456,Annette Palmer,Detail Only,HCP Meal,"['Zemlora', 'Trivaxa', 'Neurexa', 'RxProgram']",Briana Murray,665427,0,0,0,2024-08-24
a04Qk000004DTI1,Field,TN,37849,Powell,7714 Conner Rd Ste 101,0616172456,Annette Palmer,Detail Only,HCP Meal,"['Zemlora', 'Neurexa', 'RxProgram', 'Trivaxa']",Cassandra Gaines,895667,0,0,0,2024-09-01
a04Qk000004AiGn,Field,LA,70508,Lafayette,202 Rue Promenade,0616234674,William Ross,Detail Only,HCP Meal,"['Zemlora', 'XR-ODT']",Gerald Hensley,662275,1,0,0,2024-08-29
a04Qk000004EeEb,Field,NY,11201,Brooklyn,50 Clark St,0617017341,Christopher Williams,Detail Only,HCP Meal,"['Neurexa', 'RxProgram', 'Zemlora', 'Trivaxa']",Theodore Jones Jr.,609231,1,0,1,2024-09-02
a04Qk000004DKTF,Field,NY,10018,New York,1430 Broadway Rm 1608,0617305529,Savannah Phillips,Detail Only,Office Visit (no prescriber contact),"['Neurexa', 'RxProgram', 'Zemlora']",Scott Williams,265080,1,0,1,2024-09-01
a04Qk0000048Geq,Field,AL,36532,Fairhope,150 S Ingleside St Ste 7,0617907528,Brad Meyer,Detail Only,Office Visit (no prescriber contact),"['Zemlora', 'Neurexa', 'RxProgram']",Nicole Parrish,543555,0,0,1,2024-08-25
a04Qk000004Aucv,Field,NY,11563,Lynbrook,777 Sunrise Highway Ste 200,0618615967,Mrs. Desiree Nguyen,Detail Only,Office Visit (no prescriber contact),"['Neurexa', 'RxProgram', 'Zemlora']",Rodney Morales,439902,0,0,0,2024-08-29
a04Qk0000046MDF,Field,AZ,85296,Gilbert,428 S Gilbert Rd Ste 109,0619308483,Kyle Oliver,Detail Only,Office Visit (no prescriber contact),"['Neurexa', 'RxProgram', 'Zemlora']",Mary Marshall,322955,0,1,0,2024-08-24
a04Qk0000048reL,Field,FL,33618,Tampa,16554 N Dale Mabry Hwy,0622863118,Lucas Johnson,Detail Only,Face-to-Face with HCP,"['Neurexa', 'RxProgram', 'Zemlora']",Matthew Harrington,363626,1,1,1,2024-08-26
a04Qk000004B6B3,Field,FL,33618,Tampa,16554 N Dale Mabry Hwy,0622863118,Lucas Johnson,Detail Only,Face-to-Face with HCP,"['Neurexa', 'RxProgram', 'Zemlora']",Matthew Harrington,363626,0,0,1,2024-08-29
a04Qk0000046Af7,Field,FL,33145,Coral Gables,2103 Coral Way Ste 601,0624232402,Sarah George,Detail Only,Office Visit (no prescriber contact),"['Zemlora', 'Neurexa', 'RxProgram']",Ralph Anderson,176819,1,0,1,2024-08-24
a04Qk0000047Y2f,Field,OH,45420,Kettering,3085 Woodman Dr Ste 205,0624249384,Gary Anderson,Detail Only,Face-to-Face with HCP,"['Neurexa', 'RxProgram', 'Zemlora']",Brandy Chavez,299448,0,0,1,2024-08-25
a04Qk000004FsfJ,Field,TX,76201,Denton,2530 Scripture St,0625462945,Scott Smith,Detail Only,Office Visit (no prescriber contact),"['Zemlora', 'Trivaxa', 'Neurexa', 'RxProgram']",Monica Herrera,809570,0,0,1,2024-09-03
a04Qk0000046Bxl,Field,MD,21146,Severna Park,692A Ritchie Hwy,0630839816,Jay Austin,Detail Only,HCP Meal,"['Zemlora', 'Trivaxa']",Ellen Morgan,299122,0,0,0,2024-08-24
a04Qk000004EiYL,Field,GA,30338,Atlanta,2150 Peachford Rd Ste A,0631363497,Jerry Thompson,Detail Only,Face-to-Face with HCP,"['Neurexa', 'RxProgram', 'Zemlora', 'Trivaxa']",Brenda Hall,634277,0,0,0,2024-09-02
a04Qk000004BtLT,Field,NY,10956,New City,236 N Main St,0631885739,Jeffery Carpenter,Detail Only,Office Visit (no prescriber contact),"['Neurexa', 'RxProgram', 'Zemlora', 'Trivaxa']",Tina Sanders,887352,0,0,1,2024-08-30
a04Qk000004HB6Q,Field,NY,11554,East Meadow,2201 Hempstead Tpke,0644315655,Andrew Nelson,Detail Only,Face-to-Face with HCP,"['Neurexa', 'RxProgram', 'Zemlora', 'Trivaxa']",Denise Davenport,491559,1,1,1,2024-09-06
a04Qk000004H7yr,Field,TX,77381,The Woodlands,8701 New Trails Dr Ste 150,0645520331,Mitchell Cruz,Detail Only,Face-to-Face with HCP,"['Neurexa', 'RxProgram', 'Zemlora', 'Trivaxa']",Gerald Hensley,662275,0,0,1,2024-09-02
a04Qk0000049e7B,Field,TX,77055,Houston,9432 Katy Fwy Ste 460,0645826391,Patrick Jefferson,Detail Only,Face-to-Face with HCP,"['Neurexa', 'RxProgram', 'Zemlora', 'Trivaxa']",Joanna Pacheco,648177,0,1,1,2024-08-24
a04Qk000004GykI,Field,TX,77055,Houston,9432 Katy Fwy Ste 460,0645826391,Patrick Jefferson,Detail Only,Office Visit (no prescriber contact),"['Zemlora', 'Trivaxa', 'Neurexa', 'RxProgram']",Patty Perez,629903,0,0,0,2024-09-03
a04Qk0000048EJe,Field,GA,30904,Augusta,1417 Pendleton Rd,0647220985,Stephanie Torres,Detail Only,Face-to-Face with HCP,"['Zemlora', 'Trivaxa', 'Neurexa', 'RxProgram']",Jeremy Dalton,972064,0,0,0,2024-08-25
a04Qk000004Fs4D,Field,FL,32765,Oviedo,2572 W State Road 426 Ste 3056,0647702147,Jordan Conner,Detail Only,Face-to-Face with HCP,"['Zemlora', 'XR-ODT']",Sara Johnston,234628,0,0,1,2024-09-03
a04Qk000004CFkC,Field,IN,47630,Newburgh,4727 Rosebud Ln Ste F,0649781240,Brian Duran,Detail Only,Virtual Call,"['Neurexa', 'RxProgram', 'Zemlora', 'Trivaxa']",Colin Terry,122056,0,1,1,2024-08-30
a04Qk000004HeUz,Virtual,CO,80228,Lakewood,12055 For Mental Health W 2 Nd,0654355005,Greg Garcia,Detail Only,Phone Call with Office Staff,"['Zemlora', 'XR-ODT']",Michael Bradshaw,182582,1,1,0,2024-09-06
a04Qk000004C5rF,Field,MA,02476,Arlington,22 Mill St Ste 308,0654811420,Daniel Church,Detail Only,Office Visit (no prescriber contact),"['Neurexa', 'RxProgram', 'Zemlora']",Julian Conner,692683,0,0,1,2024-08-30
a04Qk000004DGav,Virtual,NJ,07960,Morristown,261 James St Ste 1G,0657928318,Daniel Rosales,Detail Only,Phone Call with Clinical Staff,['Lexcura/Cymbrin/Multi-Vi-Flor'],Adam Vaughan,632342,0,0,1,2024-09-01
a04Qk000004DmFp,Field,PA,19406,King Of Prussia,150 S Warner Rd Ste 130,0658361004,Lisa Molina,Detail Only,Office Visit (no prescriber contact),"['Neurexa', 'RxProgram', 'Zemlora', 'Trivaxa']",Jeffrey Chavez,948749,0,0,0,2024-08-30
a04Qk000004M7Bp,Field,PA,19406,King Of Prussia,150 S Warner Rd Ste 130,0658361004,Lisa Molina,Detail Only,Office Visit (no prescriber contact),"['Neurexa', 'RxProgram', 'Zemlora', 'Trivaxa']",Kimberly Gutierrez,891952,0,1,1,2024-09-06
a04Qk000004G2Uz,Field,GA,31405,Savannah,635 Stephenson Ave,0661964255,Sara Palmer,Detail Only,Virtual Call,"['Zemlora', 'Neurexa', 'RxProgram']",Wayne Morgan,761759,0,0,0,2024-09-01
a04Qk000004CWeX,Field,TX,75035,Frisco,4625 Coit Rd Ste 240,0667122856,Kelly Gonzales,Detail Only,Office Visit (no prescriber contact),"['Zemlora', 'Neurexa', 'RxProgram']",Justin Baker,850800,1,0,1,2024-08-30
a04Qk000004FSMf,Field,WV,26101,Parkersburg,2012 Garfield Ave Ste 2,0667940323,Claire Brooks,Detail Only,HCP Meal,"['Zemlora', 'Trivaxa', 'Neurexa', 'RxProgram']",Cathy Robinson,260263,0,0,1,2024-09-03
a04Qk000004AXA5,Field,IL,60137,Glen Ellyn,714 Kingsbrook Gln,0673003928,James Mccarty,Detail Only,Face-to-Face with HCP,"['Neurexa', 'RxProgram', 'Zemlora']",Ariana Jennings,392075,0,0,1,2024-08-29
a04Qk0000048p7u,Field,FL,33024,Hollywood,7369 Sheridan St Ste 101,0674336919,Sarah Cooper,Detail Only,HCP Meal,"['Trivaxa', 'Zemlora', 'Neurexa', 'RxProgram']",Angelica Keith,854639,1,0,0,2024-08-26
a04Qk000004Aug9,Field,NY,11563,Lynbrook,777 Sunrise Hwy Ste 200,0677567410,Keith Davis,Detail Only,Office Visit (no prescriber contact),"['Neurexa', 'RxProgram', 'Zemlora']",Aimee Turner,712554,0,1,0,2024-08-29
a04Qk000004Dlur,Field,PA,18940,Newtown,760 Newtown Yardley Rd Ste 122,0688777935,Sarah Singh,Detail Only,Office Visit (no prescriber contact),"['Neurexa', 'RxProgram', 'Zemlora']",Briana Murray,665427,0,0,0,2024-09-01
a04Qk000004Eukn,Field,AZ,85234,Gilbert,2550 E Guadalupe Rd Ste 115,0689509822,Daniel Beltran,Detail Only,HCP Meal,"['Neurexa', 'RxProgram', 'Zemlora', 'Trivaxa']",William Baker,748564,1,1,1,2024-09-03
a04Qk0000047OjG,Field,LA,70508,Lafayette,302 La Rue France Ste 202,0692833768,Kelly Rodgers,Detail Only,HCP Meal,"['Neurexa', 'RxProgram', 'Zemlora']",Isaiah Avila,865388,1,0,1,2024-08-25
a04Qk000004HDHt,Field,LA,70508,Lafayette,206 Energy Pkwy,0699399206,Timothy Porter,Detail Only,Office Visit (no prescriber contact),"['Zemlora', 'Neurexa', 'RxProgram']",Connie Brown,939482,0,0,1,2024-09-06
a04Qk000004B8eH,Field,TX,77450,Katy,633 E Fernhurst Dr Ste 802,0701330004,Rhonda Carson,Detail Only,Face-to-Face with HCP,"['Neurexa', 'RxProgram', 'Zemlora', 'Trivaxa']",Brittney Phillips,301629,0,0,0,2024-08-29
a04Qk000004Dg2L,Field,NC,27545,Knightdale,502 McKnight Dr Ste 202,0705354877,Andrea Coleman,Detail Only,Face-to-Face with HCP,"['Zemlora', 'XR-ODT']",Phillip Nelson,974244,0,0,1,2024-08-30
a04Qk0000047AYD,Field,TN,37919,Knoxville,310 N Forest Park Blvd Ste 202,0706717138,Misty Johns,Detail Only,Office Visit (no prescriber contact),"['Zemlora', 'Neurexa', 'RxProgram']",Jeremy Sampson,292401,0,1,1,2024-08-25
a04Qk000004HQJx,Field,TN,37919,Knoxville,310 N Forest Park Blvd Ste 202,0706717138,Misty Johns,Detail Only,HCP Meal,"['Zemlora', 'Neurexa', 'RxProgram']",James Padilla,994141,1,1,0,2024-09-06
a04Qk000004G4mv,Field,TX,78749,Austin,5301 Davis Ln Bldg A200,0713393572,Shannon Medina,Detail Only,Office Visit (no prescriber contact),"['Zemlora', 'Trivaxa', 'Neurexa', 'RxProgram']",Mr. Andrew Foster,152578,0,0,1,2024-09-01
a04Qk0000048cU1,Field,NC,27614,Raleigh,10831 Forest Pines Dr Ste 104,0714068713,Andrew Schultz,Detail Only,Office Visit (no prescriber contact),"['Zemlora', 'Trivaxa', 'Neurexa', 'RxProgram']",Patricia Rodriguez,881177,1,0,0,2024-08-25
a04Qk000004Dkqk,Field,PA,18901,Doylestown,10 S Clinton Street,0714421040,Donna Wagner,Detail Only,Office Visit (no prescriber contact),"['Neurexa', 'RxProgram', 'Zemlora', 'Trivaxa']",Laurie Hoffman,577110,1,0,0,2024-08-29
a04Qk000004Fi85,Field,PA,18034,Center Valley,5445 Lanark Rd Ste 202,0718278741,David Rangel,Detail Only,Office Visit (no prescriber contact),"['Neurexa', 'RxProgram', 'Trivaxa', 'Zemlora']",Gary Jackson,171262,0,0,1,2024-09-03
a04Qk000004EaZB,Field,MO,63379,Troy,1000 E Cherry St,0719643554,John Ayala,Detail Only,Face-to-Face with HCP,"['Trivaxa', 'Neurexa', 'RxProgram']",Victor Baker,913694,0,0,0,2024-09-01
a04Qk000004D6rk,Field,FL,32258,Jacksonville,12724 Gran Bay Pkwy W Ste 410,0719662869,Sabrina Williams,Detail Only,Office Visit (no prescriber contact),"['Neurexa', 'RxProgram', 'Zemlora']",Denise Davenport,491559,0,0,1,2024-09-01
a04Qk0000047UTh,Field,FL,34471,Ocala,A 2725 SE Maricamp Rd P,0720508937,Phillip Thompson,Detail Only,Face-to-Face with HCP,"['Trivaxa', 'Zemlora']",Carol Tucker,969693,1,0,1,2024-08-25
a04Qk0000047RKX,Field,FL,33410,Palm Beach Gardens,3365 Burns Rd Ste 203,0722729858,Leslie Mckee,Detail Only,Office Visit (no prescriber contact),"['Zemlora', 'Neurexa', 'RxProgram']",Renee Bruce,794022,0,1,1,2024-08-25
a04Qk000004ERMD,Field,IL,60089,Buffalo Grove,100 Lexington Dr Ste 150,0724176839,Sandra Gilbert,Detail Only,Office Visit (no prescriber contact),"['Neurexa', 'RxProgram', 'Zemlora']",Lisa Allen,324643,0,0,0,2024-09-02
a04Qk000004CSB7,Field,AZ,85202,Mesa,2204 S Dobson Rd Ste 102,0726665026,Peter Farmer,Detail Only,Office Visit (no prescriber contact),"['Neurexa', 'RxProgram', 'Zemlora']",Daniel Kane,677057,1,0,1,2024-08-30
a04Qk000004C01E,Field,IL,60061,Vernon Hills,977 Lakeview Pkwy Ste 102,0728705917,Stephen Garner,Detail Only,Face-to-Face with HCP,"['Neurexa', 'RxProgram', 'Zemlora', 'Trivaxa']",Jeffrey Chandler,158655,1,0,0,2024-08-30
a04Qk0000046Ge5,Field,NC,28655,Morganton,100 Medical Heights Dr,0738670701,Robert Dalton,Detail Only,HCP Meal,"['Zemlora', 'Trivaxa']",Robert Oconnell,814825,1,1,0,2024-08-24
a04Qk000004Dkp7,Field,TX,77598,Webster,16 Professional Park Dr,0738860022,Angela Hughes,Detail Only,Face-to-Face with HCP,"['Trivaxa', 'Neurexa', 'RxProgram']",Jeremy Dalton,972064,0,0,0,2024-09-01
a04Qk0000045gcD,Field,SC,29609,Greenville,832 Wade Hampton Blvd Ste 203,0739714986,Nathaniel Mccoy,Detail Only,Face-to-Face with HCP,"['Zemlora', 'Trivaxa', 'Neurexa', 'RxProgram']",Larry Dixon,340174,0,0,1,2024-08-24
a04Qk000004DL17,Field,SC,29609,Greenville,832 Wade Hampton Blvd Ste 203,0739714986,Nathaniel Mccoy,Detail Only,Face-to-Face with HCP,"['Zemlora', 'Trivaxa', 'Neurexa', 'RxProgram']",Megan Nelson,163918,1,0,0,2024-09-01
a04Qk000004Dmu9,Field,FL,32570,Milton,5834 Berryhill Rd,0742856986,Kimberly Holmes,Detail Only,Office Visit (no prescriber contact),"['Zemlora', 'Neurexa', 'RxProgram']",James Ferrell,331148,1,0,1,2024-09-01
a04Qk000004FmEy,Field,FL,32570,Milton,5834 Berryhill Rd,0742856986,Kimberly Holmes,Detail Only,Office Visit (no prescriber contact),"['Zemlora', 'Neurexa', 'RxProgram']",Michelle Harmon,944151,1,0,0,2024-09-03
a04Qk000004C8Ni,Field,NC,28412,Wilmington,6419 Carolina Beach Rd Ste A,0747920081,Jennifer Lowery,Detail Only,Office Visit (no prescriber contact),"['Neurexa', 'RxProgram', 'Zemlora', 'Trivaxa']",Edward Burgess,544154,0,1,1,2024-09-02
a04Qk000004AZ2D,Field,NC,28546,Jacksonville,200 Tarpon Trl,0752173328,Heather Barnett,Detail Only,HCP Meal,"['Neurexa', 'RxProgram', 'Zemlora', 'Trivaxa']",Kathy Rivas,549245,0,0,0,2024-08-29
a04Qk0000046Oq9,Field,NC,27410,Greensboro,3201 Brassfield Rd Ste 400,0752492773,Jacqueline Henderson,Detail Only,Office Visit (no prescriber contact),"['Zemlora', 'XR-ODT']",Lindsay Martinez,772097,0,1,1,2024-08-24
a04Qk0000048J4n,Field,NC,27410,Greensboro,3201 Brassfield Rd Ste 400,0752492773,Jacqueline Henderson,Detail Only,Office Visit (no prescriber contact),"['Neurexa', 'RxProgram', 'Norexel']",Cynthia Rowe,716886,1,0,1,2024-08-26
a04Qk000004Buz3,Field,NY,10605,White Plains,311 North St Ste 201,0753422331,Luke Boone,Detail Only,Office Visit (no prescriber contact),"['Neurexa', 'RxProgram', 'Zemlora', 'Trivaxa']",Robert Oconnell,814825,0,0,0,2024-08-30
a04Qk000004H1gX,Field,NY,10598,Yorktown Heights,322 Underhill Ave,0759105356,Dawn Hall,Detail Only,Virtual Call,"['Neurexa', 'RxProgram', 'Zemlora', 'Trivaxa']",Wayne Morgan,761759,0,0,1,2024-09-03
a04Qk000004DgFF,Field,TN,37615,Johnson City,119 Boone Ridge Dr Ste 201,0759388107,Andrea Knight,Detail Only,Virtual Call,"['Zemlora', 'XR-ODT']",Yvonne Chambers,791798,0,0,1,2024-09-01
a04Qk000004EPAj,Field,SC,29204,Columbia,3710 Landmark Dr Ste 202,0761520800,William Collins,Detail Only,Office Visit (no prescriber contact),"['Zemlora', 'Neurexa', 'RxProgram', 'Trivaxa']",Sara Johnston,234628,0,0,1,2024-09-02
a04Qk000004H7Qz,Field,SC,29204,Columbia,3710 Landmark Dr Ste 202,0761520800,William Collins,Detail Only,Face-to-Face with HCP,"['Trivaxa', 'Zemlora', 'Neurexa', 'RxProgram']",Jessica Gross,265840,0,0,0,2024-09-06
a04Qk000004HgRx,Field,WI,53226,Wauwatosa,8651 W North Ave,0762827195,Leah Thompson,Detail Only,Office Visit (no prescriber contact),"['Neurexa', 'RxProgram', 'Zemlora', 'Trivaxa']",Anthony Moore,668532,1,0,1,2024-09-06
a04Qk0000046vMH,Field,IN,47150,New Albany,1919 State St Ste 248,0765614014,Dana Leon,Detail Only,HCP Meal,"['Neurexa', 'RxProgram', 'Zemlora']",Christopher Smith,269396,0,1,0,2024-08-25
a04Qk0000048zf7,Field,AL,36535,Foley,1090 E Laurel Ave,0769678988,Sarah Thomas,Detail Only,Office Visit (no prescriber contact),"['Neurexa', 'RxProgram', 'Zemlora']",Michael Warner,694916,0,0,0,2024-08-25
a04Qk0000046CAg,Virtual,NJ,08817,Edison,2619 Forest Haven Blvd,0775157841,Julie Jones,Detail Only,Phone Call with Office Staff,['Lexcura/Cymbrin/Multi-Vi-Flor'],Karen Graham,103402,0,0,1,2024-08-24
a04Qk000004AFcz,Virtual,NJ,07722,Colts Neck,9 Professional Cir Ste 103 N,0775157841,Julie Jones,Detail Only,Phone Call with Clinical Staff,['Lexcura/Cymbrin/Multi-Vi-Flor'],Stephen Mckee,174870,0,0,1,2024-08-29
a04Qk000004Gyqj,Virtual,NJ,07722,Colts Neck,9 Professional Cir Ste 103,0775157841,Julie Jones,Detail Only,Phone Call with Office Staff,['Lexcura/Cymbrin/Multi-Vi-Flor'],Kimberly Gibson,454508,1,0,1,2024-09-06
a04Qk000004DKg9,Virtual,CA,92647,Huntington Beach,14881 Northridge Ln,0776882383,Curtis Keith,Detail Only,Phone Call with Office Staff,"['Zemlora', 'Neurexa', 'RxProgram']",Kenneth Scott,961722,1,1,1,2024-09-01
a04Qk000004FYDZ,Field,FL,32216,Jacksonville,4500 Salisbury Rd Ste 490,0778376115,Lindsey Brown,Detail Only,Face-to-Face with HCP,"['Neurexa', 'RxProgram', 'Zemlora']",Jessica Callahan,182627,0,0,1,2024-09-03
a04Qk0000046A5d,Field,GA,30265,Newnan,1635 Highway 34 E Ste C,0779542240,Ronald Wade,Detail Only,Face-to-Face with HCP,"['Neurexa', 'RxProgram', 'Zemlora']",Angelica Tucker,263032,1,0,0,2024-08-24
a04Qk000004D57e,Field,GA,31210,Macon,5300 Bowman Rd,0780366129,Tyler Vance,Detail with Sample,HCP Meal,"['Neurexa', 'RxProgram', 'Norexel']",Debra Christian,857168,0,0,1,2024-09-01
a04Qk000004EV3F,Field,IL,60062,Northbrook,425 Huehl Rd Bldg 19B,0780403339,Kathleen Tucker,Detail Only,Office Visit (no prescriber contact),"['Neurexa', 'RxProgram', 'Zemlora', 'Trivaxa']",Lisa Allen,324643,1,0,1,2024-09-02
a04Qk000004Ae57,Field,TX,75024,Plano,4032 McDermott Rd Ste 100,0786131216,Anthony Wright,Detail Only,HCP Meal,"['Zemlora', 'Trivaxa', 'Neurexa', 'RxProgram']",Gregory Ponce,776856,0,0,1,2024-08-29
a04Qk000004DjTF,Field,TX,77433,Cypress,9925 Barker Cypress Rd Ste 200,0786665571,Andrew Fisher,Detail Only,Face-to-Face with HCP,"['Neurexa', 'RxProgram', 'Zemlora', 'Trivaxa']",Heather Fields,198907,0,1,0,2024-08-30
a04Qk00000468lN,Virtual,NH,03064,Nashua,1 Main St,0791147800,Jesus Rose,Detail Only,Phone Call with HCP,"['Zemlora', 'Neurexa', 'RxProgram']",Robert Harrison,465962,0,0,0,2024-08-24
a04Qk000004CH62,Field,KS,66209,Overland Park,7011 W 121st St Ste 105,0794898580,Andre Wheeler,Detail Only,Office Visit (no prescriber contact),"['Neurexa', 'RxProgram', 'Zemlora']",Mary Thompson,697347,1,0,1,2024-08-30
a04Qk000004Dhb7,Field,KS,66209,Overland Park,7011 W 121st St Ste 105,0794898580,Andre Wheeler,Detail Only,Virtual Call with HCP,"['Neurexa', 'RxProgram', 'Zemlora']",Erin Warner,632323,0,0,0,2024-09-01
a04Qk000004EjpN,Field,MD,21204,Towson,120 Sister Pierre Dr Ste 407,0803766013,Erin Phillips,Detail Only,Office Visit (no prescriber contact),"['Zemlora', 'XR-ODT']",Shannon Rivera,653306,0,0,1,2024-09-02
a04Qk000004DZLp,Field,NC,27858,Greenville,"1901 Stonehenge Dr, Greenville",0804352487,Brian Hunter,Detail with Sample,Face-to-Face with HCP,"['Neurexa', 'RxProgram', 'Zemlora', 'Trivaxa', 'Norexel']",Erica Alvarez,431737,0,0,0,2024-09-01
a04Qk0000048QXi,Field,NY,11552,West Hempstead,510 Hempstead Tpke Rm 203,0808403623,Katrina Lopez,Detail Only,Office Visit (no prescriber contact),"['Neurexa', 'RxProgram', 'Zemlora', 'Trivaxa']",Angie Henderson,126225,1,0,1,2024-08-26
a04Qk000004Mxbp,Field,TX,77008,Houston,2200 Yale St Ste 120,0808810718,Jonathan Hopkins,Detail Only,Face-to-Face with HCP,"['Zemlora', 'Trivaxa', 'Neurexa', 'RxProgram']",Theresa Clark,422451,1,0,1,2024-09-06
a04Qk000004Ah9T,Field,SC,29407,Charleston,1620 Ashley River Rd,0824279770,Annette Kelly,Detail Only,Office Visit (no prescriber contact),"['Zemlora', 'Neurexa', 'RxProgram']",Tamara Davis,294851,0,0,0,2024-08-29
a04Qk000004JVqb,Field,SC,29407,Charleston,1620 Ashley River Rd,0824279770,Annette Kelly,Detail Only,Office Visit (no prescriber contact),"['Zemlora', 'Neurexa', 'RxProgram']",Charles Shah,360735,0,0,1,2024-09-06
a04Qk0000047ISX,Field,LA,70508,Lafayette,324 E Farrel Rd,0829740930,Kevin Taylor,Detail Only,HCP Meal,"['Zemlora', 'Trivaxa', 'Neurexa', 'RxProgram']",Carlos Ryan,531071,0,0,0,2024-08-25
a04Qk000004Dmfd,Field,TX,78704,Austin,3828 S 1st St,0838292118,Diane Hughes,Detail Only,Office Visit (no prescriber contact),"['Zemlora', 'Neurexa', 'RxProgram']",Jason Rhodes,630458,0,1,1,2024-09-01
a04Qk000004Ju93,Field,TX,78704,Austin,3828 S 1st St,0838292118,Diane Hughes,Detail Only,Face-to-Face with HCP,"['Zemlora', 'Neurexa', 'RxProgram']",Alex Hernandez,112038,1,0,0,2024-09-06
a04Qk000004Ea1J,Field,NY,11201,Brooklyn,70 Atlantic Ave Fl 2,0838339754,Jennifer Dickerson,Detail Only,Office Visit (no prescriber contact),"['Neurexa', 'RxProgram', 'Zemlora', 'Trivaxa']",Tommy Walter,127824,1,1,1,2024-09-02
a04Qk0000047XZd,Field,TX,77581,Pearland,2017 Broadway St,0840076054,Cindy Johnson,Detail Only,Face-to-Face with HCP,"['Trivaxa', 'Neurexa', 'RxProgram']",Kimberly Gutierrez,891952,1,1,1,2024-08-25
a04Qk0000047Gov,Virtual,LA,70130,New Orleans,400 Poydras St Ste 1950,0840361159,Jonathan Ellis,Detail Only,Phone Call with Office Staff,"['Zemlora', 'Trivaxa', 'Neurexa', 'RxProgram']",John Whitehead,802729,0,0,1,2024-08-25
a04Qk000004DaUn,Field,AL,36830,Auburn,2353 Bent Creek Rd Ste 110,0845392499,Lucas Duncan,Detail Only,HCP Meal,"['Neurexa', 'RxProgram', 'Zemlora', 'Trivaxa']",Sharon Cherry,271339,0,1,1,2024-09-01
a04Qk000004AbDh,Field,IL,60187,Wheaton,2100 Manchester Rd Ste 1510,0859618081,Wendy Lester,Detail Only,Face-to-Face with HCP,"['Neurexa', 'RxProgram', 'Zemlora']",Timothy Romero,226882,0,0,0,2024-08-29
a04Qk000004EZBh,Field,RI,02886,Warwick,300 Centerville Rd Ste 101W,0866390889,Kathryn Howard,Detail Only,Virtual Call,"['Neurexa', 'RxProgram', 'Zemlora']",Jeremy Mitchell,378082,0,0,1,2024-09-01
a04Qk0000046Naj,Field,VA,23462,Virginia Beach,260 Grayson Rd Ste 100,0870207532,Margaret Smith,Detail Only,Office Visit (no prescriber contact),"['Zemlora', 'Neurexa', 'RxProgram']",Philip Cannon,325772,0,0,0,2024-08-24
a04Qk000003eSAL,Field,CA,94104,San Francisco,Virtual Office,0872199456,Raymond Jefferson,Detail Only,Virtual Call,"['Neurexa', 'RxProgram', 'Zemlora']",Holly Farmer,682765,1,0,1,2024-08-30
a04Qk000004AmfO,Field,SC,29803,Aiken,215 Town Creek Rd,0875384982,Devin Aguilar,Detail Only,Office Visit (no prescriber contact),"['Trivaxa', 'Zemlora', 'Neurexa', 'RxProgram']",Olivia Harris,823378,0,0,1,2024-08-29
a04Qk0000047ICQ,Field,OH,43110,Canal Winchester,7705 Diley Rd,0875635512,Katherine Davis,Detail Only,HCP Meal,"['Neurexa', 'RxProgram', 'Zemlora', 'Trivaxa']",Patrick Thornton,680828,0,0,0,2024-08-26
a04Qk000004DJiT,Virtual,LA,70112,New Orleans,2020 Gravier St,0876650022,Mario Stewart,Detail Only,Phone Call with Clinical Staff,"['Zemlora', 'Neurexa', 'RxProgram']",Daniel Baker,391476,0,0,0,2024-09-01
a04Qk000004FwEH,Field,AL,35223,Birmingham,3300 Cahaba Rd Ste 310,0892019759,Jeffrey Sanders,Detail Only,Office Visit (no prescriber contact),"['Neurexa', 'RxProgram', 'Zemlora', 'Trivaxa']",Angelica Tucker,263032,0,1,0,2024-09-03
a04Qk000004IrGU,Field,AL,35223,Birmingham,3300 Cahaba Rd Ste 310,0892019759,Jeffrey Sanders,Detail Only,Office Visit (no prescriber contact),"['Neurexa', 'RxProgram', 'Zemlora', 'Trivaxa']",William Barrett,595948,1,0,0,2024-09-06
a04Qk000004HYZF,Virtual,CA,94705,Berkeley,2920 Domingo Ave Ste 200,0894178963,Mark Watson,Detail Only,Phone Call with Office Staff,"['Zemlora', 'Neurexa', 'RxProgram']",Brian Ramirez,542417,0,0,0,2024-09-06
a04Qk0000046NcL,Field,VA,23462,Virginia Beach,260 Grayson Rd Ste 100,0897285545,Erin Thompson,Detail Only,Office Visit (no prescriber contact),"['Zemlora', 'Neurexa', 'RxProgram']",James Brown,759176,0,0,1,2024-08-24
a04Qk000004FdA1,Field,FL,33176,Miami,Suite 100 9408 Sw 87th Ave,0901703954,Heather Lewis,Detail Only,Virtual Call,"['Neurexa', 'RxProgram', 'Zemlora', 'Trivaxa']",Joshua Reed,167136,1,0,0,2024-09-03
a04Qk000003rLe6,Field,NE,68154,Omaha,11404 W Dodge Rd Ste 300,0904974039,Melissa Martinez,Detail Only,Office Visit (no prescriber contact),"['Neurexa', 'RxProgram', 'Zemlora']",Charles Shah,360735,1,0,1,2024-09-01
a04Qk0000047H3R,Field,FL,32225,Jacksonville,13001 Atlantic Blvd Ste 100,0906462163,Jenny Daniels MD,Detail Only,Office Visit (no prescriber contact),"['Neurexa', 'RxProgram', 'Zemlora']",David Smith,238739,0,1,1,2024-08-25
a04Qk000004CSMP,Field,AZ,85202,Mesa,2204 S Dobson Rd Ste 102,0906974461,Johnny Branch,Detail Only,Office Visit (no prescriber contact),"['Zemlora', 'XR-ODT']",Fred Smith,543143,1,0,1,2024-08-30
a04Qk000004D2ZZ,Field,AL,35768,Scottsboro,508 Gregory St,0907124146,Sean Bennett,Detail Only,Office Visit (no prescriber contact),"['Neurexa', 'RxProgram', 'Zemlora', 'Trivaxa']",Kevin Oconnor,471507,0,0,0,2024-08-30
a04Qk000004Ai2I,Field,MA,01904,Lynn,480 Lynnfield St,0907990440,Gregory Jackson MD,Detail Only,Office Visit (no prescriber contact),"['Neurexa', 'RxProgram', 'Zemlora']",Aimee Turner,712554,0,0,0,2024-08-29
a04Qk0000048EjS,Field,SC,29169,West Columbia,101 Sum Mor Dr,0911491945,Eric Hamilton,Detail Only,Office Visit (no prescriber contact),"['Zemlora', 'Trivaxa', 'Neurexa', 'RxProgram']",Sophia Johnson,204837,0,0,1,2024-08-26
a04Qk000004DmED,Field,VA,23114,Midlothian,13821 Village Mill Dr Ste A,0927194940,James Martinez,Detail Only,Office Visit (no prescriber contact),"['Neurexa', 'RxProgram', 'Zemlora', 'Trivaxa']",Matthew Foster,688508,1,0,1,2024-09-01
a04Qk000004C6KH,Virtual,NJ,07090,Westfield,555 Westfield Ave,0930487847,Tyler Martin,Detail Only,Phone Call with Office Staff,['Lexcura/Cymbrin/Multi-Vi-Flor'],David Alvarez,249811,0,0,0,2024-08-30
a04Qk000004EdFJ,Field,TX,75034,Frisco,5680 Frisco Sq Blvd Ste 1200,0937990495,Brian Marquez,Detail Only,HCP Meal,"['Trivaxa', 'Zemlora', 'Neurexa', 'RxProgram']",Madison Poole,555884,1,1,0,2024-09-02
a04Qk0000042vMT,Field,OH,45714,Belpre,807 Farson St Ste 101,0939155152,Christian Forbes,Detail Only,HCP Meal,"['Neurexa', 'RxProgram', 'Trivaxa', 'Zemlora']",Allison Smith,666847,0,0,1,2024-08-24
a04Qk000004EzED,Field,VA,23454,Virginia Beach,1860 Colonial Medical Ct,0939213536,Melissa Johnson,Detail Only,Office Visit (no prescriber contact),"['Neurexa', 'RxProgram', 'Zemlora', 'Trivaxa']",Jesse Brown,539589,0,0,1,2024-09-02
a04Qk000004HQ5R,Field,GA,30097,Johns Creek,11315 Johns Creek Pkwy Ste 340,0947447123,Albert Taylor,Detail Only,Face-to-Face with HCP,"['Neurexa', 'RxProgram', 'Zemlora']",Jessica Smith,779514,0,0,0,2024-09-06
a04Qk0000047FHl,Field,SC,29464,Mount Pleasant,745 Johnnie Dodds Blvd Ste A,0947688802,Blake Mcmillan,Detail Only,Virtual Call with HCP,"['Zemlora', 'Neurexa', 'RxProgram']",Patricia Rodriguez,881177,0,0,1,2024-08-25
a04Qk000004LC79,Field,MA,01720,Acton,289 Great Rd Ste G1,0949086722,Lisa Rocha,Detail Only,Office Visit (no prescriber contact),"['Neurexa', 'RxProgram', 'Zemlora']",Nathan Freeman,211579,0,0,0,2024-09-06
a04Qk000004Hbor,Field,SC,29223,Columbia,115 Atrium Way Ste 221,0950872678,Sarah Cooper,Detail Only,Office Visit (no prescriber contact),"['Zemlora', 'Neurexa', 'RxProgram']",Joel Williams,503457,0,0,1,2024-09-06
a04Qk000004AHy9,Virtual,MS,39157,Ridgeland,576 Highland Colony Pkwy Ste 100,0957022938,Charles Goodman,Detail Only,Fax to HCP Office,"['Zemlora', 'Neurexa', 'RxProgram']",Parker Cain,923267,0,0,1,2024-08-29
a04Qk0000045xRl,Field,FL,32765,Oviedo,650 S Central Ave Ste 1000,0959536326,Linda Compton MD,Detail Only,Face-to-Face with HCP,"['Zemlora', 'XR-ODT']",Krista Gibson,543692,0,1,0,2024-08-24
a04Qk000004AnBf,Field,FL,32765,Oviedo,650 S Central Ave Ste 1000,0959536326,Linda Compton MD,Detail Only,Face-to-Face with HCP,"['Zemlora', 'XR-ODT']",Maria Jones,378517,0,0,1,2024-08-29
a04Qk0000047Iqk,Field,FL,34232,Sarasota,2020 Cattlemen Rd Ste 600,0960217050,Kimberly Zamora,Detail Only,Face-to-Face with HCP,"['Neurexa', 'RxProgram', 'Zemlora', 'Trivaxa']",Jason Powell,169403,1,0,0,2024-08-25
a04Qk000004Hw6v,Virtual,CA,94118,San Francisco,3609 Sacramento St,0964333281,Austin Garcia,Detail Only,Fax to HCP Office,"['Neurexa', 'RxProgram']",Tina Sanders,887352,0,0,0,2024-09-06
a04Qk000004FlFd,Field,IL,60585,Plainfield,24600 W 127th St Ste B340,0967705667,Erin Combs,Detail Only,Face-to-Face with HCP,"['Neurexa', 'RxProgram', 'Zemlora']",Laura Roberts,172574,0,0,1,2024-09-03
a04Qk0000048rMb,Field,TX,75075,Plano,1524 Independence Pkwy Ste A-1,0970788086,Valerie Griffin,Detail Only,Office Visit (no prescriber contact),"['Zemlora', 'Trivaxa', 'Neurexa', 'RxProgram']",Christina Walters,319684,0,0,1,2024-08-26
a04Qk000004FwB3,Field,AL,35209,Birmingham,3401 Independence Dr Ste 111,0974731807,Mrs. Michelle Carpenter,Detail Only,HCP Meal,"['Neurexa', 'RxProgram', 'Zemlora', 'Trivaxa']",Richard Smith,203198,0,1,0,2024-09-03
a04Qk000004Fw9R,Field,AL,35209,Birmingham,3401 Independence Dr Ste 111,0974731807,Mrs. Michelle Carpenter,Detail Only,HCP Meal,"['Neurexa', 'RxProgram', 'Zemlora', 'Trivaxa']",Brittany Farmer,267414,1,0,1,2024-09-03
a04Qk000004BscI,Field,FL,33431,Boca Raton,5550 Glades Rd Ste 304,0979190301,Nancy Berry,Detail Only,HCP Meal,"['Neurexa', 'RxProgram', 'Zemlora', 'Trivaxa']",Nicole Herring,680099,0,0,1,2024-08-30
a04Qk000004EqZ7,Field,SC,29203,Columbia,1749 Marshall St,0980886714,Lisa Welch,Detail Only,Office Visit (no prescriber contact),"['Trivaxa', 'Zemlora', 'Neurexa', 'RxProgram']",Tracy House,407419,1,0,1,2024-09-02
a04Qk000004H52c,Field,SC,29203,Columbia,1749 Marshall St,0980886714,Lisa Welch,Detail Only,Office Visit (no prescriber contact),"['Trivaxa', 'Zemlora', 'Neurexa', 'RxProgram']",Sergio Knight,411120,0,0,1,2024-09-06
a04Qk000004D141,Field,TX,78759,Austin,4515 Seton Center Pkwy Ste 220,0991652133,Amanda Jordan,Detail Only,Office Visit (no prescriber contact),"['Trivaxa', 'Zemlora', 'Neurexa', 'RxProgram']",Shannon Rivera,653306,0,0,0,2024-08-30
a04Qk000004JuDt,Field,TX,78759,Austin,4515 Seton Center Pkwy Ste 220,0991652133,Amanda Jordan,Detail Only,Office Visit (no prescriber contact),"['Zemlora', 'Neurexa', 'RxProgram']",Adam Burgess,627276,0,0,0,2024-09-06
a04Qk000004EweX,Field,KS,67214,Wichita,855 N Hillside St,0999915436,Randall Patton,Detail Only,Face-to-Face with HCP,"['Neurexa', 'RxProgram', 'Zemlora', 'Trivaxa']",Victor Taylor,806073,0,0,0,2024-09-02
a04Qk000004C4qM,Field,IL,60061,Vernon Hills,977 Lakeview Pkwy,1001239563,Stephanie Leon,Detail Only,Office Visit (no prescriber contact),"['Neurexa', 'RxProgram', 'Zemlora', 'Trivaxa']",Barbara Dudley,847581,0,0,1,2024-08-30
a04Qk00000473N3,Field,GA,30342,Atlanta,1100 Lake Hearn Dr Ste 100,1001249060,Candice Mckenzie,Detail Only,Office Visit (no prescriber contact),"['Neurexa', 'RxProgram', 'Zemlora', 'Trivaxa']",Carolyn Miller,608993,0,0,0,2024-08-25
a04Qk00000467ir,Field,FL,33186,Miami,12490 SW 97th St,1005222125,Aaron Burnett,Detail Only,Face-to-Face with HCP,"['Zemlora', 'Neurexa', 'RxProgram']",Amber Wright,665158,0,0,1,2024-08-24
a04Qk00000468v3,Field,FL,32073,Orange Park,440 Kingsley Ave,1007559057,David Thomas MD,Detail Only,Office Visit (no prescriber contact),"['Zemlora', 'Neurexa', 'RxProgram']",Brent Jordan,145561,0,0,1,2024-08-24
a04Qk000004H80T,Field,TX,77098,Houston,2211 Norfolk St Ste 375,1016446292,Robert Peterson,Detail Only,Face-to-Face with HCP,"['Neurexa', 'RxProgram', 'Zemlora']",Kirk Carter,352572,1,1,1,2024-09-02
a04Qk000004Ad2b,Field,GA,30024,Suwanee,1325 Satellite Blvd NW Bldg 400,1020186628,Kimberly Wilson,Detail Only,HCP Meal,"['Neurexa', 'RxProgram', 'Zemlora']",Matthew Foster,688508,1,0,1,2024-08-29
a04Qk0000049dO1,Field,TX,77379,Spring,8111 Cypresswood Dr Ste 104,1021102992,Johnny Lloyd,Detail Only,Face-to-Face with HCP,"['Neurexa', 'RxProgram', 'Zemlora', 'Trivaxa']",Cristian Santos,388389,0,0,1,2024-08-24
a04Qk0000048h5W,Field,MD,20814,Bethesda,7910 Woodmont Ave Ste 1300,1021983586,Anthony Riley,Detail Only,Office Visit (no prescriber contact),"['Zemlora', 'XR-ODT']",Matthew Moon,676510,0,1,0,2024-08-26
a04Qk000004AmsH,Field,SC,29803,Aiken,934 Dougherty Rd,1026019135,Jennifer Miller,Detail Only,Office Visit (no prescriber contact),"['Zemlora', 'Neurexa', 'RxProgram']",Lori Guerrero,189814,0,0,0,2024-08-29
a04Qk000004BvNG,Field,NY,10956,New City,260 N Little Tor Rd,1026634152,John Romero,Detail Only,Office Visit (no prescriber contact),"['Neurexa', 'RxProgram', 'Zemlora', 'Trivaxa']",Robert Harrison,465962,1,1,1,2024-08-30
a04Qk000004Chi1,Field,OH,43214,Columbus,4885 Olentangy River Rd Ste 2-10,1028202013,Jessica Sanchez,Detail Only,HCP Meal,"['Neurexa', 'RxProgram', 'Zemlora', 'Trivaxa']",Tanner Mitchell DDS,299659,1,0,0,2024-09-01
a04Qk000004C19J,Field,NC,27025,Madison,401 W Decatur St,1029700075,Daniel Richmond,Detail Only,Office Visit (no prescriber contact),"['Zemlora', 'XR-ODT']",Mrs. Diane Reyes,356150,0,1,0,2024-08-30
a04Qk000004DheL,Field,KS,67205,Wichita,6837 W 37th St N,1032430797,Lisa Lewis,Detail Only,HCP Meal,"['Neurexa', 'RxProgram', 'Zemlora']",Christopher Smith,269396,0,0,0,2024-09-01
a04Qk000004B4qn,Field,AZ,85258,Scottsdale,9700 N 91st St Ste A115,1032625179,Mrs. Julia Moss,Detail Only,Virtual Call,"['Neurexa', 'RxProgram', 'Zemlora']",Aimee Montoya,482554,0,0,1,2024-08-29
a04Qk0000047Dz7,Field,NY,11706,Bay Shore,649 W Montauk Hwy,1033964977,Bradley Lindsey,Detail with Sample,Face-to-Face with HCP,['Norexel'],Debra Morton,575763,0,0,0,2024-08-25
a04Qk00000478g5,Field,NY,11758,Massapequa,5550 Merrick Rd,1035453910,Larry Foster,Detail Only,HCP Meal,"['Neurexa', 'RxProgram', 'Zemlora', 'Trivaxa']",Carrie Wright,802258,0,0,0,2024-08-25
a04Qk000004D0xZ,Field,TX,78704,Austin,3625 Menchaca Rd Ste 202,1038842451,Hannah Acevedo,Detail Only,Office Visit (no prescriber contact),"['Zemlora', 'Neurexa', 'RxProgram']",Matthew Harrington,363626,0,1,0,2024-08-30
a04Qk000004AkH0,Field,SC,29841,North Augusta,309 West Ave,1040482026,Lauren Beck,Detail Only,Office Visit (no prescriber contact),"['Zemlora', 'Neurexa', 'RxProgram', 'Trivaxa']",Shannon Rivera,653306,1,1,0,2024-08-29
a04Qk000004Ebmz,Field,RI,02886,Warwick,75 Lambert Lind Hwy,1042251798,Jo Calhoun MD,Detail Only,HCP Meal,"['Neurexa', 'RxProgram', 'Zemlora']",Mike Allen,996865,0,0,1,2024-09-01
a04Qk000004BwrB,Field,FL,32073,Orange Park,2140 Smith St,1045801684,Carolyn Schmidt,Detail Only,HCP Meal,"['Neurexa', 'RxProgram', 'Zemlora', 'Trivaxa']",Dr. William Warren,492077,0,0,0,2024-08-30
a04Qk000004EqhB,Field,TX,77030,Houston,1 Baylor Plz 320,1049934995,Rodney Thompson,Detail Only,Virtual Call,"['Trivaxa', 'Neurexa', 'RxProgram']",Edward Burgess,544154,0,0,1,2024-09-02
a04Qk000004Ditl,Field,TX,77379,Spring,7107 FM 2920 Rd Ste 200,1050423696,Nicole Bowers,Detail Only,Face-to-Face with HCP,"['Neurexa', 'RxProgram', 'Zemlora', 'Trivaxa']",Jeremy Sampson,292401,1,0,1,2024-09-01
a04Qk000004JVyf,Field,SC,29414,Charleston,2067 Charlie Hall Blvd,1052005455,James Richardson,Detail Only,Office Visit (no prescriber contact),"['Trivaxa', 'Neurexa', 'RxProgram']",Gabrielle Davis,872246,0,1,1,2024-09-06
a04Qk0000045o8L,Field,FL,32073,Orange Park,1409 Kingsley Ave Ste 9E,1052288919,Bryan Cobb,Detail Only,Office Visit (no prescriber contact),"['Neurexa', 'RxProgram', 'Zemlora']",Jordan Bates,179046,1,1,1,2024-08-24
a04Qk0000047aNp,Field,AL,35806,Huntsville,953 Jeff Rd NW,1057469526,James Henson,Detail Only,Face-to-Face with HCP,"['Zemlora', 'Neurexa', 'RxProgram']",Sharon Cherry,271339,1,1,1,2024-08-25
a04Qk000004EkyL,Field,AL,35806,Huntsville,953 Jeff Rd NW,1057469526,James Henson,Detail Only,Office Visit (no prescriber contact),"['Neurexa', 'RxProgram', 'Zemlora']",Patrick Moore,570405,1,0,1,2024-09-02
a04Qk00000475lR,Virtual,TX,78230,San Antonio,7835 W Ih 10,1065077439,Jason Miller,Detail Only,Fax to HCP Office,"['Neurexa', 'RxProgram', 'Norexel']",Ralph Anderson,176819,1,0,0,2024-08-25
a04Qk00000475iD,Virtual,TX,78230,San Antonio,7835 W Interstate 10,1065077439,Jason Miller,Detail Only,Phone Call with Office Staff,['Norexel'],Paul Castaneda,260265,0,0,0,2024-08-25
a04Qk000004B1uX,Virtual,CA,94115,San Francisco,2345 California St,1065680720,Richard Golden,Detail Only,Phone Call with Office Staff,"['Zemlora', 'Trivaxa', 'Neurexa', 'RxProgram']",Michael Bradshaw,182582,0,0,1,2024-08-29
a04Qk0000047QY9,Virtual,CA,93534,Lancaster,1672 W Avenue J Ste 110,1070547629,Judith Maddox,Detail Only,Phone Call with Office Staff,"['Zemlora', 'Neurexa', 'RxProgram']",Gary Jackson,171262,0,0,1,2024-08-25
a04Qk0000041uNe,Field,IL,60093,Northfield,1622 Willow Rd Ste 200,1074783214,Craig Brennan,Detail Only,HCP Meal,"['Neurexa', 'RxProgram', 'Zemlora', 'Trivaxa']",Connie Brown,939482,0,0,1,2024-08-30
a04Qk0000047ZMv,Field,FL,33417,West Palm Beach,5589 Okeechobee Blvd Ste 102,1075182354,Timothy Cordova,Detail Only,HCP Meal,"['Zemlora', 'Trivaxa', 'Neurexa', 'RxProgram']",Melissa Brewer,755674,1,0,1,2024-08-25
a04Qk0000047Tnl,Virtual,NY,11706,Bay Shore,20 S Saxon Ave Unit A,1081511137,Jordan Munoz,Detail Only,Phone Call with Office Staff,['Lexcura/Cymbrin/Multi-Vi-Flor'],Yvonne Chambers,791798,0,0,0,2024-08-25
a04Qk0000045nYr,Field,FL,32751,Maitland,668 N Orlando Ave Ste 206,1081871577,Ian Pierce,Detail Only,Face-to-Face with HCP,"['Trivaxa', 'Zemlora']",Tamara Davis,294851,0,0,0,2024-08-24
a04Qk000004LM01,Field,FL,32751,Maitland,668 N Orlando Ave Ste 206,1081871577,Ian Pierce,Detail Only,Face-to-Face with HCP,"['Zemlora', 'Trivaxa']",Brandy Chavez,299448,1,0,1,2024-09-06
a04Qk000004Ajw1,Virtual,NJ,07041,Millburn,90 Millburn Ave Ste 101,1083923533,Thomas Livingston,Detail Only,Phone Call with Office Staff,['Lexcura/Cymbrin/Multi-Vi-Flor'],Stephanie Salazar,712982,1,0,0,2024-08-29
a04Qk000004C48n,Field,SC,29072,Lexington,122 Powell Dr,1083978090,Jennifer Moore,Detail Only,Office Visit (no prescriber contact),"['Zemlora', 'Neurexa', 'RxProgram', 'Trivaxa']",Mary Marshall,322955,1,0,0,2024-08-30
a04Qk0000047FWH,Field,SC,29464,Mt Pleasant,721 Long Point Rd Ste 408B,1087733488,Danielle Haney,Detail Only,Virtual Call with HCP,"['Zemlora', 'Neurexa', 'RxProgram']",Kenneth Lewis,865990,0,1,1,2024-08-25
a04Qk000004G2OX,Field,SC,29464,Mt Pleasant,721 Long Point Rd Ste 408B,1087733488,Danielle Haney,Detail Only,HCP Meal,"['Zemlora', 'Neurexa', 'RxProgram']",Holly Valentine,172132,0,0,1,2024-09-03
a04Qk000004Al3O,Field,IL,60189,Wheaton,1737 S Naperville Rd Ste 101,1090716786,Carolyn Gomez,Detail Only,Face-to-Face with HCP,"['Neurexa', 'RxProgram', 'Zemlora']",Joann Glass,707040,0,1,1,2024-08-29
a04Qk000004CGJd,Field,IL,60015,Deerfield,707 Lake Cook Rd Ste 309,1094723916,Tina Hobbs,Detail Only,Office Visit (no prescriber contact),"['Neurexa', 'RxProgram', 'Zemlora', 'Trivaxa']",Jordan Bates,179046,1,0,0,2024-08-30
a04Qk000004G4yD,Field,TX,78613,Cedar Park,715 Discovery Blvd Ste 117,1094754163,Shelley Anderson,Detail Only,Virtual Call,"['Trivaxa', 'Neurexa', 'RxProgram', 'Zemlora']",Carolyn Miller,608993,0,1,0,2024-09-02
a04Qk000003N8kk,Field,NE,68144,Omaha,2727 S 144th St Ste 280,1098910649,Zachary Stein,Detail Only,HCP Meal,"['Neurexa', 'RxProgram', 'Zemlora']",Jeremy Sampson,292401,0,0,0,2024-09-01
a04Qk000004AuJZ,Field,KS,67337,Coffeyville,1110 W 8th St,1099392489,Jose Martin,Detail Only,Virtual Call with HCP,"['Neurexa', 'RxProgram', 'Zemlora', 'Trivaxa']",David Wright,518801,0,0,0,2024-08-29
a04Qk000004Ag3v,Field,SC,29464,Mt Pleasant,222 W Coleman Blvd Ste 119,1101480698,Joseph Cooley,Detail Only,Office Visit (no prescriber contact),"['Zemlora', 'Neurexa', 'RxProgram']",Paul Wilson,428838,0,0,1,2024-08-26
a04Qk000004DbM1,Field,NE,68130,Omaha,17310 Wright St Ste 201,1102552834,Christina Gordon,Detail Only,Face-to-Face with HCP,"['Neurexa', 'RxProgram', 'Zemlora']",Brent Jordan,145561,0,1,1,2024-09-01
a04Qk000004H91P,Field,IA,50325,Clive,1350 NW 138th St Ste 200,1104662547,Marc Wilson,Detail Only,Face-to-Face with HCP,"['Neurexa', 'RxProgram', 'Zemlora']",Matthew Moon,676510,0,0,0,2024-09-06
a04Qk000004H8DO,Field,NC,27284,Kernersville,1635 NC Highway 66 S Ste 175,1108310497,Kathleen Smith,Detail Only,Office Visit (no prescriber contact),"['Zemlora', 'Neurexa', 'RxProgram']",Margaret Coleman,704201,0,0,0,2024-09-06
a04Qk0000045fLB,Field,SC,29617,Greenville,415 Duncan Chapel Rd,1108591031,Maureen Palmer,Detail Only,Virtual Call,"['Zemlora', 'Trivaxa', 'Neurexa', 'RxProgram']",Shelia Wallace,639131,1,0,1,2024-08-24
a04Qk000004Ewxt,Field,TX,75071,Mckinney,177 N Ridge Rd,1110387265,Jason Williams,Detail Only,Office Visit (no prescriber contact),"['Zemlora', 'Trivaxa', 'Neurexa', 'RxProgram']",Sabrina Austin,853305,1,0,1,2024-09-02
a04Qk000004Bote,Field,NC,27513,Cary,1616 Evans Rd Ste 105,1110671162,Jermaine Nguyen,Detail Only,Office Visit (no prescriber contact),"['Zemlora', 'Neurexa', 'RxProgram']",Mike Allen,996865,0,1,1,2024-08-30
a04Qk000004AX6r,Field,FL,32257,Jacksonville,3685 Crown Point Ct 3,1113368068,Erik Zavala,Detail Only,Office Visit (no prescriber contact),"['Neurexa', 'RxProgram', 'Zemlora']",Courtney Rodriguez,921414,0,0,0,2024-08-29
a04Qk000004ExM5,Field,TX,75071,Mckinney,5561 Virginia Pkwy Ste 100,1116236363,William Hahn,Detail Only,Office Visit (no prescriber contact),"['Zemlora', 'Trivaxa', 'Neurexa', 'RxProgram']",Paula Moreno,832052,1,0,0,2024-09-02
a04Qk000004EPic,Field,GA,30328,Atlanta,755 Mount Vernon Hwy NE Ste 220,1130374618,Ashley Diaz,Detail Only,Office Visit (no prescriber contact),"['Neurexa', 'RxProgram', 'Zemlora']",Cynthia Moore,426858,1,1,1,2024-09-02
a04Qk000003g9GT,Field,AZ,85016,Phoenix,2355 E Camelback Rd 625,1130729606,Michael Crane,Detail Only,HCP Meal,"['Neurexa', 'RxProgram', 'Zemlora']",Aaron Wise,835911,0,0,0,2024-08-29
a04Qk00000473LT,Field,OH,43065,Powell,55 Clairedan Dr,1132180581,Christine Goodwin,Detail Only,Office Visit (no prescriber contact),"['Zemlora', 'Trivaxa', 'Neurexa', 'RxProgram']",Dr. William Warren,492077,0,0,1,2024-08-25
a04Qk000004JdTB,Field,PA,19464,Pottstown,404 E High St,1132244144,Ricardo Benitez,Detail Only,Office Visit (no prescriber contact),"['Zemlora', 'Trivaxa', 'Neurexa', 'RxProgram']",Phillip Nelson,974244,0,1,0,2024-09-06
a04Qk000004GKID,Field,VA,23112,Midlothian,5955 Harbour Park Dr,1132321564,Joyce Smith,Detail Only,Office Visit (no prescriber contact),"['Zemlora', 'Neurexa', 'RxProgram', 'Trivaxa']",Brittany Farmer,267414,1,0,0,2024-09-03
a04Qk000004FhlV,Field,PA,18045,Easton,1700 St Lukes Blvd Ste 300,1135294869,Stephen Smith,Detail Only,Office Visit (no prescriber contact),"['Neurexa', 'RxProgram', 'Zemlora', 'Trivaxa']",Sharon Boyd,347861,0,0,1,2024-09-03
a04Qk0000046P7t,Field,FL,32504,Pensacola,4951 Grande Dr,1139526180,Kelly Klein,Detail Only,Office Visit (no prescriber contact),"['Zemlora', 'Neurexa', 'RxProgram']",Joann Ferguson,238890,0,0,1,2024-08-24
a04Qk000004B3Uv,Virtual,CA,94002,Belmont,1301 Ralston Ave Ste C,1139585785,Karen Russell,Detail Only,Phone Call with Clinical Staff,"['Zemlora', 'Neurexa', 'RxProgram']",Whitney Peters,705397,1,1,1,2024-08-29
a04Qk0000047XMk,Field,TX,77584,Pearland,12234 Shadow Creek Pkwy Ste 104,1140993121,Jacob Adams,Detail Only,HCP Meal,"['Zemlora', 'Neurexa', 'RxProgram']",John Bishop,376183,1,0,1,2024-08-25
a04Qk000004DiqX,Field,TX,77379,Spring,18603 Champion Forest Dr,1142558898,Stephanie Martin,Detail Only,Face-to-Face with HCP,"['Neurexa', 'RxProgram', 'Zemlora', 'Trivaxa']",Tracy House,407419,0,0,0,2024-09-01
a04Qk000004H6eb,Field,SC,29212,Columbia,7001 Saint Andrews Rd Ste B9,1146719888,Matthew Oneal,Detail Only,Office Visit (no prescriber contact),"['Zemlora', 'Neurexa', 'RxProgram']",Michael Lewis,733052,0,0,1,2024-09-06
a04Qk0000042uBt,Field,NY,10016,New York,6 E 39th St Ste 902,1150955770,Ryan Lyons,Detail Only,Office Visit (no prescriber contact),"['Neurexa', 'RxProgram', 'Zemlora']",Bryan Herrera,308573,0,1,0,2024-08-25
a04Qk000004Fl9B,Field,IL,60585,Plainfield,24600 W 127th St Bldg B Ste 325,1157247930,Donna Roberts,Detail Only,Face-to-Face with HCP,"['Neurexa', 'RxProgram', 'Zemlora']",Gwendolyn Klein,314181,1,1,1,2024-09-03
a04Qk000004D2Mf,Field,TX,77479,Sugar Land,3531 Town Center Blvd S Ste 102,1159636081,Shannon Christensen,Detail Only,Face-to-Face with HCP,"['Zemlora', 'Neurexa', 'RxProgram']",Justin Baker,850800,0,0,1,2024-08-30
a04Qk0000047Fxh,Field,SC,29466,Mount Pleasant,1208 Two Island Ct,1162566158,Rachael Avila,Detail Only,Face-to-Face with HCP,"['Zemlora', 'Neurexa', 'RxProgram']",Sara Fuller,790993,1,0,0,2024-08-24
a04Qk000004G2px,Field,SC,29466,Mount Pleasant,1208 Two Island Ct,1162566158,Rachael Avila,Detail Only,Office Visit (no prescriber contact),"['Zemlora', 'Neurexa', 'RxProgram']",Theresa Clark,422451,0,0,1,2024-09-03
a04Qk000004H7u1,Field,TX,77381,The Woodlands,2700 Research Forest Dr Ste 130,1166229430,Julia Jackson,Detail Only,Office Visit (no prescriber contact),"['Neurexa', 'RxProgram', 'Zemlora', 'Trivaxa']",Julia Torres,684004,0,0,0,2024-09-02
a04Qk000004EKRB,Field,OH,43701,Zanesville,751 Forest Ave Ste 401,1169360168,Dr. Brandy Cole DDS,Detail Only,HCP Meal,"['Neurexa', 'RxProgram', 'Zemlora', 'Trivaxa']",Daniel Baker,391476,0,1,1,2024-09-02
a04Qk000003bWDi,Field,IA,51106,Sioux City,3549 Southern Hills Dr,1169553174,Melissa Brown,Detail Only,Office Visit (no prescriber contact),"['Neurexa', 'RxProgram', 'Zemlora']",Sarah Moore,148050,1,0,1,2024-08-24
a04Qk000004DJx0,Field,IL,60015,Deerfield,49 S Waukegan Rd Ste 200,1169613059,Brian Ray,Detail Only,Office Visit (no prescriber contact),"['Neurexa', 'RxProgram']",Michelle Harmon,944151,0,0,1,2024-09-01
a04Qk000004Dmm6,Field,FL,32578,Niceville,2001 E Highway 20,1173416644,Brandon Anderson,Detail Only,Office Visit (no prescriber contact),"['Zemlora', 'Neurexa', 'RxProgram']",Christopher Guerra,663750,0,1,1,2024-08-30
a04Qk000004C8HF,Field,NC,28287,Charlotte,6060 Piedmont Row Dr S Fl 7,1181076997,Jason Salas,Detail Only,Virtual Call with HCP,"['Neurexa', 'RxProgram', 'Zemlora']",Amy Silva,172933,0,0,1,2024-08-30
a04Qk000004Eznh,Field,NC,28277,Charlotte,9224 Ardrey Kell Rd Ste 200,1183141019,Deborah Robbins,Detail Only,Virtual Call with HCP,"['Neurexa', 'RxProgram', 'Zemlora', 'Trivaxa']",Matthew Moore,842225,0,0,1,2024-09-02
a04Qk000004DR05,Field,AZ,85282,Tempe,1845 E Broadway Rd Ste 116,1183240523,Brittany Ruiz,Detail Only,Virtual Call,"['Neurexa', 'RxProgram', 'Trivaxa']",Robert Harrison,465962,0,0,0,2024-09-01
a04Qk0000046vhF,Field,GA,30328,Atlanta,5887 Glenridge Dr NE Ste 140,1184200474,Jimmy Castro,Detail Only,Face-to-Face with HCP,"['Neurexa', 'RxProgram', 'Zemlora']",Susan Serrano,609597,0,0,1,2024-08-25
a04Qk0000046F6v,Field,FL,34655,Trinity,2137 Little Rd,1184224407,Kyle Gonzalez,Detail Only,Face-to-Face with HCP,"['Neurexa', 'RxProgram', 'Zemlora', 'Trivaxa']",Olivia Harris,823378,0,1,1,2024-08-24
a04Qk000004Fomz,Field,FL,34655,Trinity,2137 Little Rd,1184224407,Kyle Gonzalez,Detail Only,Face-to-Face with HCP,"['Neurexa', 'RxProgram', 'Zemlora', 'Trivaxa']",Andrew Avila,598369,0,0,1,2024-09-03
a04Qk0000046GB3,Virtual,NH,03064,Nashua,1 Main St,1185157457,Dr. Brittany Bennett,Detail Only,Phone Call with Office Staff,"['Zemlora', 'Neurexa', 'RxProgram']",James Brown,759176,0,0,1,2024-08-24
a04Qk000004HjCv,Field,GA,30064,Marietta,3405 Dallas Highway SW,1185304638,Michael Morrison,Detail Only,Office Visit (no prescriber contact),"['Neurexa', 'RxProgram', 'Zemlora', 'Trivaxa']",Susan Serrano,609597,0,0,1,2024-09-06
a04Qk000004BrjR,Virtual,NJ,07974,New Providence,556 Central Ave,1189596648,Bradley Mitchell,Detail Only,Phone Call with Office Staff,['Lexcura/Cymbrin/Multi-Vi-Flor'],Michael Warner,694916,0,0,1,2024-08-30
a04Qk000004FXAl,Field,IL,60521,Hinsdale,120 E Ogden Ave Ste 106,1193637392,Jacob Lawson,Detail Only,Face-to-Face with HCP,"['Neurexa', 'RxProgram', 'Zemlora']",Melissa Gates,149405,0,0,1,2024-09-03
a04Qk00000473dB,Field,IN,47150,New Albany,4925 Charlestown Rd,1193770924,Daniel Anthony,Detail Only,HCP Meal,"['Neurexa', 'RxProgram', 'Zemlora', 'Trivaxa']",Aimee Turner,712554,1,0,1,2024-08-25
a04Qk000004AnwQ,Field,IN,47150,New Albany,4925 Charlestown Rd,1193770924,Daniel Anthony,Detail Only,HCP Meal,"['Neurexa', 'RxProgram', 'Zemlora', 'Trivaxa']",Matthew Moore,842225,0,0,1,2024-08-29
a04Qk0000047VrB,Field,AZ,85207,Mesa,8035 e brown rd,1194276735,Melissa Thompson,Detail Only,Office Visit (no prescriber contact),"['Neurexa', 'RxProgram', 'Zemlora']",Theresa Williams,989921,0,0,1,2024-08-25
a04Qk0000046LkD,Field,KS,66049,Lawrence,4930 Overland Dr,1196564499,Tammy Sanders,Detail Only,HCP Meal,"['Neurexa', 'RxProgram', 'Zemlora']",Angel Perry,377746,0,0,1,2024-08-24
a04Qk000004Diwz,Field,TX,77381,The Woodlands,8701 New Trails Dr Ste 150,1196601363,Nicole Allison,Detail Only,Face-to-Face with HCP,"['Neurexa', 'RxProgram', 'Zemlora', 'Trivaxa']",Sara Johnston,234628,0,0,1,2024-09-01
a04Qk000004H5gw,Field,TX,77381,The Woodlands,8701 New Trails Dr Ste 150,1196601363,Nicole Allison,Detail Only,Face-to-Face with HCP,"['Neurexa', 'RxProgram', 'Zemlora', 'Trivaxa']",Robert Montgomery,992697,0,0,1,2024-09-02
a04Qk000004Dcpx,Field,NE,68130,Omaha,18049 Oak St,1196606237,Stephen Garcia,Detail Only,Face-to-Face with HCP,"['Neurexa', 'RxProgram', 'Zemlora']",James Parks,526156,1,0,0,2024-09-01
a04Qk000004BzIr,Field,GA,31901,Columbus,700 Center St Ste 202,1197132217,Nicole Davis,Detail Only,Face-to-Face with HCP,"['Neurexa', 'RxProgram', 'Zemlora']",Frank Cordova,322086,0,0,0,2024-08-30
a04Qk0000048T0w,Field,NC,28401,Wilmington,1907 S 17th St,1198762364,Rachel Barnes,Detail Only,Office Visit (no prescriber contact),"['Zemlora', 'Trivaxa', 'Neurexa', 'RxProgram']",Richard Aguirre,946335,0,0,0,2024-08-25
a04Qk0000048iPm,Field,OH,45231,Cincinnati,740 W Galbraith Rd Ste 220,1200910144,Steven Turner,Detail Only,HCP Meal,"['Neurexa', 'RxProgram', 'Zemlora', 'Trivaxa']",Stephen Mckee,174870,1,0,0,2024-08-26
a04Qk000004CIbZ,Field,KS,66210,Overland Park,11725 W 112th St,1201061407,Erin Scott,Detail Only,HCP Meal,"['Neurexa', 'RxProgram', 'Zemlora']",Robert Harrison,465962,0,0,1,2024-08-30
a04Qk000004Fn4Y,Field,NJ,08053,Marlton,750 Route 73 S Ste 210,1206007845,Tanya Garza,Detail Only,Virtual Call with HCP,"['Neurexa', 'RxProgram', 'Zemlora']",Elizabeth Fowler,944962,1,0,1,2024-09-03
a04Qk000004HsOH,Field,TX,75078,Prosper,1000 N Preston Rd Ste 20,1206858246,Brianna George,Detail Only,Office Visit (no prescriber contact),"['Trivaxa', 'Neurexa', 'RxProgram']",Matthew Mcmillan,270555,1,0,1,2024-09-06
a04Qk000004AY4X,Field,NY,10022,New York,101 E 56th St,1226844549,Jeffrey Pope,Detail Only,Office Visit (no prescriber contact),"['Neurexa', 'RxProgram', 'Zemlora', 'Trivaxa']",Angelica Keith,854639,0,0,1,2024-08-29
a04Qk000004C9LP,Field,KS,66209,Overland Park,7011 W 121st St Ste 106,1228184574,Christina Andrews,Detail Only,Face-to-Face with HCP,"['Neurexa', 'RxProgram', 'Zemlora']",Sherri Baker,106814,0,0,1,2024-08-30
a04Qk000004Eo14,Field,SC,29615,Greenville,142 Milestone Way,1231843313,John Johnson,Detail Only,Office Visit (no prescriber contact),"['Zemlora', 'Neurexa', 'RxProgram', 'Trivaxa']",Ana Hill,604740,0,0,1,2024-09-01
a04Qk000004EeeP,Field,OH,45219,Cincinnati,3001 Highland Ave Ste A,1232145048,Christina Roberts,Detail Only,Office Visit (no prescriber contact),"['Neurexa', 'RxProgram', 'Zemlora', 'Trivaxa']",Shelia Wallace,639131,1,0,0,2024-09-02
a04Qk000004ESmx,Field,OH,43701,Zanesville,1066 Beverly Ave,1234713577,Wendy Gutierrez,Detail Only,Office Visit (no prescriber contact),"['Neurexa', 'RxProgram', 'Zemlora', 'Trivaxa']",Shelly Alexander,107540,1,0,1,2024-09-02
a04Qk000004GyYz,Field,KY,42003,Paducah,225 Medical Center Dr Ste 304,1236425813,Michelle Williams,Detail Only,Virtual Call,"['Neurexa', 'RxProgram', 'Zemlora', 'Trivaxa']",Joel Williams,503457,0,0,0,2024-09-06
a04Qk000004Eu1d,Field,WI,53186,Waukesha,20611 Watertown Rd,1237161220,Louis Charles,Detail Only,HCP Meal,"['Neurexa', 'RxProgram', 'Zemlora', 'Trivaxa']",Aaron Wise,835911,0,1,1,2024-09-03
a04Qk000004D1NN,Field,MO,63109,Saint Louis,6526 Lansdowne Ave,1238152876,Jamie Rivera,Detail Only,Face-to-Face with HCP,"['Trivaxa', 'Neurexa', 'RxProgram']",Jennifer Collins,723939,0,0,1,2024-08-30
a04Qk000004FS9l,Field,WV,26101,Parkersburg,2012 Garfield Ave Ste 2,1241458738,Brian Nolan,Detail Only,HCP Meal,"['Neurexa', 'RxProgram', 'Zemlora', 'Trivaxa']",Holly Wood,133326,0,1,1,2024-09-03
a04Qk000004Fvy9,Field,TX,77504,Pasadena,3801 Vista Rd Ste 100,1242884594,Ann Hill,Detail Only,Office Visit (no prescriber contact),"['Zemlora', 'Neurexa', 'RxProgram']",Laura Haney,922733,0,1,1,2024-09-03
a04Qk000004HWag,Field,FL,32839,Orlando,4700 Millenia Blvd Ste 175,1244519377,Luis Bailey,Detail Only,Face-to-Face with HCP,"['Zemlora', 'XR-ODT']",Angela Lin,789305,1,0,0,2024-09-06
a04Qk0000047ZrZ,Field,VA,23229,Richmond,2301 N Parham Rd Ste 5,1251892700,Jennifer Contreras,Detail Only,Office Visit (no prescriber contact),"['Neurexa', 'RxProgram', 'Zemlora', 'Trivaxa']",Veronica Simpson,717024,0,0,1,2024-08-25
a04Qk000004Fs7R,Field,FL,32707,Casselberry,3745 Mill Stone Dr,1257692533,Kathryn Holder,Detail Only,Face-to-Face with HCP,"['Zemlora', 'XR-ODT']",Yvonne Chambers,791798,0,0,0,2024-09-03
a04Qk000004BxqU,Field,NC,28078,Huntersville,10225 Hickorywood Hill Ave Ste B,1259503572,Christopher Perez,Detail Only,Office Visit (no prescriber contact),"['Zemlora', 'Neurexa', 'RxProgram']",Joel Williams,503457,1,0,1,2024-08-30
a04Qk000004FfLV,Field,NC,28078,Huntersville,10225 Hickorywood Hill Ave Ste B,1259503572,Christopher Perez,Detail Only,Office Visit (no prescriber contact),"['Neurexa', 'RxProgram', 'Zemlora']",Gary Jackson,171262,1,0,1,2024-09-03
a04Qk0000047L2D,Field,FL,34238,Sarasota,6075 Rand Blvd Ste 1,1259929265,Randy Calderon,Detail Only,Face-to-Face with HCP,"['Neurexa', 'RxProgram', 'Zemlora', 'Trivaxa']",Lori Hernandez,141672,0,0,0,2024-08-25
a04Qk000004D0fp,Field,VA,23233,Henrico,2200 Pump Rd Ste 100,1262258663,Kendra Anderson,Detail Only,Office Visit (no prescriber contact),"['Zemlora', 'Neurexa', 'RxProgram']",Holly Farmer,682765,0,0,0,2024-08-30
a04Qk000004EqR3,Field,LA,70508,Lafayette,101 Rue Fontaine Bldg 2,1262768374,Gregory Wells,Detail Only,Office Visit (no prescriber contact),"['Norexel', 'Neurexa', 'RxProgram']",Joann Ferguson,238890,1,0,0,2024-09-02
a04Qk000004DdPR,Field,MD,21045,Columbia,5500 Knoll North Dr Ste 290,1263940460,Nicholas Mendoza,Detail Only,HCP Meal,"['Zemlora', 'XR-ODT']",Kathleen Moran,781446,1,0,1,2024-09-01
a04Qk000004DgTn,Field,IA,50023,Ankeny,215 NW 18th St Ste 105,1269602467,Paul Allen,Detail Only,Virtual Call,"['Neurexa', 'RxProgram', 'Zemlora']",Tammie Bright,446479,0,0,1,2024-09-01
a04Qk000004DZSH,Field,NC,27858,Greenville,1901 Stonehenge Dr,1269756498,David Williams,Detail Only,Face-to-Face with HCP,"['Neurexa', 'RxProgram', 'Zemlora', 'Trivaxa', 'Norexel']",Anthony Harmon,115474,1,0,0,2024-09-01
a04Qk000004LG7W,Field,FL,32819,Orlando,7350 Futures Dr Ste 16-16,1270605058,Benjamin Miles,Detail Only,Face-to-Face with HCP,"['Zemlora', 'Trivaxa']",Adam Burgess,627276,0,0,0,2024-09-06
a04Qk0000048PdG,Field,NY,11735,Farmingdale,850 Fulton St Ste 4,1270643161,Amy Zavala,Detail Only,Office Visit (no prescriber contact),['Norexel'],Heather Fields,198907,1,0,1,2024-08-26
a04Qk000004Db7V,Field,NY,11735,Farmingdale,850 Fulton St Ste 4,1270643161,Amy Zavala,Detail with Sample,Face-to-Face with HCP,['Norexel'],Jeffery Ortega,509386,1,0,1,2024-09-01
a04Qk000004EXkz,Field,SC,29201,Columbia,1911 Gadsden St Ste 101,1273215729,Stephen Moore,Detail Only,Office Visit (no prescriber contact),"['Zemlora', 'Neurexa', 'RxProgram', 'Trivaxa']",Jake Campbell,429445,0,0,0,2024-09-02
a04Qk000004H6pt,Field,SC,29201,Columbia,1911 Gadsden St Ste 101,1273215729,Stephen Moore,Detail Only,Office Visit (no prescriber contact),"['Zemlora', 'Trivaxa', 'Neurexa', 'RxProgram']",Ricky Davis II,412942,1,0,1,2024-09-06
a04Qk000004DE9J,Field,PA,19104,Philadelphia,3401 Civic Center Blvd,1276421841,Sydney Humphrey,Detail Only,Virtual Call with HCP,"['Trivaxa', 'Zemlora', 'Neurexa', 'RxProgram']",William Barrett,595948,0,0,1,2024-09-01
a04Qk000004Dis9,Field,TX,77014,Houston,14340 Torrey Chase Blvd Ste 160,1278578051,Nicole Guzman,Detail Only,Face-to-Face with HCP,"['Neurexa', 'RxProgram', 'Zemlora', 'Trivaxa']",Courtney Gonzalez,581141,0,0,1,2024-09-01
a04Qk0000046Lp3,Field,NC,28054,Gastonia,620 Summit Crossing Pl Ste 202,1279032203,Kimberly Romero,Detail Only,Virtual Call,['Norexel'],Karla Ramos,884309,0,0,1,2024-08-24
a04Qk0000046LAm,Field,NC,28054,Gastonia,620 Summit Crossing Pl Ste 202,1279032203,Kimberly Romero,Detail with Sample,Face-to-Face with HCP,['Norexel'],Maria Henderson,176066,0,0,1,2024-08-29
a04Qk000004C5ZV,Virtual,NY,11796,West Sayville,1 Main St,1282337934,Joshua Sandoval,Detail Only,Phone Call with Office Staff,['Lexcura/Cymbrin/Multi-Vi-Flor'],Sherri Baker,106814,1,0,1,2024-08-30
a04Qk000004AGQz,Virtual,NY,11791,Syosset,575 Underhill Blvd Ste 310,1283237681,Jimmy Marquez,Detail Only,Phone Call with Clinical Staff,['Lexcura/Cymbrin/Multi-Vi-Flor'],Victor Taylor,806073,0,0,0,2024-08-29
a04Qk000004DGW5,Virtual,NJ,07960,Morristown,261 James St Ste 1G,1283468609,Brendan Miller,Detail Only,Phone Call with Clinical Staff,['Lexcura/Cymbrin/Multi-Vi-Flor'],Brenda Wright,398830,1,0,0,2024-09-01
a04Qk000004LZdB,Field,IL,60563,Naperville,1460 Bond St Ste 130,1288089233,Edgar Long,Detail Only,Face-to-Face with HCP,"['Neurexa', 'RxProgram', 'Zemlora']",Ashley Barton,905934,0,0,1,2024-09-06
a04Qk000004CUo1,Field,LA,70503,Lafayette,437 Heymann Blvd,1292107893,Benjamin Johnson,Detail Only,Office Visit (no prescriber contact),"['Zemlora', 'Neurexa', 'RxProgram', 'Trivaxa', 'Norexel']",Sabrina Austin,853305,0,0,0,2024-08-30
a04Qk0000047Xxp,Field,OH,45432,Beavercreek,1911 N Fairfield Rd,1292381430,George Walker,Detail Only,HCP Meal,"['Neurexa', 'RxProgram', 'Zemlora', 'Trivaxa']",Whitney Peters,705397,0,0,0,2024-08-25
a04Qk000004Dgn7,Field,OH,45342,Miamisburg,9049 Springboro Pike,1292381430,George Walker,Detail Only,HCP Meal,"['Neurexa', 'RxProgram', 'Zemlora', 'Trivaxa']",Desiree Tyler,573417,0,0,1,2024-09-01
a04Qk0000047Dnp,Field,AZ,85206,Mesa,4540 E Baseline Rd Ste 108,1295365352,Tiffany Montoya,Detail Only,Office Visit (no prescriber contact),"['Neurexa', 'RxProgram', 'Zemlora', 'Trivaxa']",Shane Henderson,452944,0,0,1,2024-09-01
a04Qk000004HGfa,Field,GA,30097,Duluth,11315 Johns Creek Pkwy Ste 340,1295796237,Alex Taylor,Detail Only,Face-to-Face with HCP,"['Neurexa', 'RxProgram', 'Zemlora']",Debra Morton,575763,0,0,1,2024-09-06
a04Qk000004HYar,Field,TX,75069,Mckinney,4510 Medical Center Dr Ste 208,1297354652,Mark Green,Detail Only,HCP Meal,"['Zemlora', 'Trivaxa', 'Neurexa', 'RxProgram']",Denise Mccann,665579,0,0,1,2024-09-06
a04Qk000004CDP1,Field,FL,32003,Fleming Island,4611 Highway 17 1,1299167590,Tina Hall,Detail Only,Office Visit (no prescriber contact),"['Neurexa', 'RxProgram', 'Zemlora', 'Trivaxa']",Karen Graham,103402,1,0,0,2024-08-30
a04Qk0000046xKs,Field,GA,31201,Macon,250 Martin Luther King Jr Blvd,1299831876,Rebecca Meza,Detail Only,Face-to-Face with HCP,"['Neurexa', 'RxProgram', 'Zemlora']",Theresa Clark,422451,0,0,1,2024-08-25
a04Qk000004Dbx7,Virtual,NJ,07006,West Caldwell,1140 Bloomfield Ave Ste 213,1301999179,Stephen Bailey,Detail Only,Phone Call with Office Staff,['Lexcura/Cymbrin/Multi-Vi-Flor'],Ryan Munoz,207473,0,1,1,2024-09-01
a04Qk00000477or,Field,GA,31904,Columbus,3934 Woodruff Rd,1302990359,Valerie Williams,Detail Only,Virtual Call with HCP,"['Neurexa', 'RxProgram', 'Zemlora']",Kathleen Moran,781446,0,0,1,2024-08-25
a04Qk000004BkBi,Field,KY,40165,Shepherdsville,187 Adam Shepherd Pkwy Ste 5,1305149899,Hannah Acosta,Detail Only,Virtual Call,"['Neurexa', 'RxProgram', 'Zemlora', 'Trivaxa']",Jenna Larson,414569,0,1,1,2024-08-30
a04Qk0000045oWX,Virtual,LA,70448,Mandeville,635 Lafitte St Ste B,1305970431,Anthony Hodge,Detail Only,Phone Call with Clinical Staff,"['Zemlora', 'Trivaxa', 'Neurexa', 'RxProgram']",Scott Williams,265080,0,0,0,2024-08-24
a04Qk0000048UQ1,Field,NC,28401,Wilmington,1907 S 17th St Ste 1,1307749482,Andrew Johnson,Detail Only,Face-to-Face with HCP,"['Neurexa', 'RxProgram', 'Zemlora']",Emily Bennett,579434,0,1,0,2024-08-25
a04Qk000004B5y9,Field,FL,33511,Brandon,1721 Brandon Main St Ste C,1312572067,William Jacobson,Detail Only,Face-to-Face with HCP,"['Neurexa', 'RxProgram', 'Zemlora']",Jamie Arnold,876646,0,1,1,2024-08-29
a04Qk000004FoTd,Field,FL,33544,Wesley Chapel,2352 Bruce B Downs Blvd Ste 304,1312572067,William Jacobson,Detail Only,Face-to-Face with HCP,"['Neurexa', 'RxProgram', 'Zemlora']",Brittany Farmer,267414,1,0,0,2024-09-02
a04Qk000004Hjw6,Field,FL,33511,Brandon,1721 Brandon Main St Ste C,1312572067,William Jacobson,Detail Only,Face-to-Face with HCP,"['Neurexa', 'RxProgram', 'Zemlora']",Pamela Boyd,479580,0,0,0,2024-09-06
a04Qk000004EY2j,Virtual,NJ,08753,Toms River,1314 Hooper Ave Bldg A Fl 2,1314310234,Jordan Miller,Detail Only,Phone Call with Clinical Staff,['Lexcura/Cymbrin/Multi-Vi-Flor'],Melissa Brewer,755674,0,0,1,2024-09-02
a04Qk000004BuhJ,Field,NY,10601,White Plains,34 S Broadway Ste 702,1318723601,Joyce Shaw,Detail Only,HCP Meal,"['Neurexa', 'RxProgram', 'Zemlora', 'Trivaxa']",Amber Wright,665158,0,0,1,2024-08-30
a04Qk000004AtH3,Field,KS,66227,Lenexa,23401 Prairie Star Pkwy Ste B300,1320286623,Ruben Norman,Detail Only,Virtual Call,"['Neurexa', 'RxProgram', 'Zemlora']",Denise Mccann,665579,1,1,0,2024-08-29
a04Qk000004Gyh5,Field,LA,70508,Lafayette,200 Petroleum Dr,1320700067,Sandra Clark,Detail Only,Office Visit (no prescriber contact),"['Norexel', 'Neurexa', 'RxProgram']",Aimee Montoya,482554,0,1,1,2024-09-06
a04Qk0000044T7Z,Field,AZ,85234,Gilbert,5222 E Baseline Rd Ste 101,1323986363,John Mcclure,Detail Only,Office Visit (no prescriber contact),"['Neurexa', 'RxProgram', 'Zemlora']",John Daniel,865179,1,0,1,2024-08-24
a04Qk0000046F25,Virtual,NJ,07662,Rochelle Park,18 Railroad Ave,1327368734,Ruth Cooper,Detail Only,Phone Call with Office Staff,['Lexcura/Cymbrin/Multi-Vi-Flor'],James Brown,759176,1,0,0,2024-08-24
a04Qk0000047ZgH,Field,VA,23226,Richmond,6714 Patterson Ave Ste 204,1333625241,Daniel Mccoy,Detail Only,HCP Meal,"['Neurexa', 'RxProgram', 'Zemlora', 'Trivaxa']",Alex Hernandez,112038,0,0,1,2024-08-25
a04Qk0000047XjJ,Field,TX,77584,Pearland,1901 Kirby Dr Ste 109,1336014693,Patricia Cox,Detail Only,Office Visit (no prescriber contact),"['Trivaxa', 'Neurexa', 'RxProgram']",Michael Powell,813536,0,0,1,2024-08-25
a04Qk0000047WYj,Field,MO,63304,Saint Charles,4801 Weldon Spring Pkwy,1341031709,Matthew Miller,Detail Only,Face-to-Face with HCP,"['Zemlora', 'Neurexa', 'RxProgram']",Jessica Holmes,498382,1,0,0,2024-08-24
a04Qk0000047158,Field,OH,43065,Powell,55 Clairedan Dr,1341797914,James Mitchell,Detail Only,Office Visit (no prescriber contact),"['Neurexa', 'RxProgram', 'Zemlora', 'Trivaxa']",Jose Travis,665492,1,0,1,2024-08-25
a04Qk000004EYNh,Virtual,NJ,07869,Randolph,765 State Route 10 Ste 203,1344143505,Loretta Barron,Detail Only,Phone Call with Office Staff,['Lexcura/Cymbrin/Multi-Vi-Flor'],Courtney Rodriguez,921414,0,0,1,2024-09-02
a04Qk000004APPR,Field,MI,48118,Chelsea,14700 E Old US Highway 12,1350221209,Michaela Vasquez DDS,Detail Only,Virtual Call,"['Neurexa', 'RxProgram', 'Zemlora']",Brett Burns,246991,1,0,1,2024-08-29
a04Qk000004CWEk,Field,OH,45209,Cincinnati,4000 Smith Rd Ste 175,1353051014,Kendra Jones,Detail Only,Office Visit (no prescriber contact),"['Neurexa', 'RxProgram', 'Zemlora', 'Trivaxa']",Sara Fuller,790993,0,0,1,2024-08-30
a04Qk00000478TB,Virtual,PA,15238,Pittsburgh,1350 Old Freeport Rd Ste 1A,1361079795,Joseph Castillo,Detail Only,Phone Call with Office Staff,"['Zemlora', 'Trivaxa', 'Neurexa', 'RxProgram']",John Anderson,542666,0,0,1,2024-08-25
a04Qk000004AhmA,Virtual,MS,39110,Madison,103 Highland Way Ste 103,1365307483,Brian White,Detail Only,Phone Call with Office Staff,"['Zemlora', 'Trivaxa', 'Neurexa', 'RxProgram']",Patty Perez,629903,0,0,0,2024-08-29
a04Qk0000048p9V,Field,GA,30309,Atlanta,1720 Peachtree St NW Ste 640,1367610133,Meghan Smith,Detail Only,Virtual Call,"['Neurexa', 'RxProgram', 'Zemlora']",Richard Henson,864544,0,0,0,2024-08-26
a04Qk000004Fi1d,Field,NC,28792,Hendersonville,50 Hospital Dr Ste 5A,1368555128,Michelle Adams,Detail Only,Virtual Call,"['Zemlora', 'Neurexa', 'RxProgram']",Jennifer Collins,723939,0,0,1,2024-09-03
a04Qk000004LZZx,Field,IL,60563,Naperville,1952 McDowell Rd Ste 305,1369644017,David Maxwell,Detail Only,Face-to-Face with HCP,"['Zemlora', 'Neurexa', 'RxProgram', 'Trivaxa']",Aimee Montoya,482554,0,1,1,2024-09-06
a04Qk0000046MOX,Field,NC,27401,Greensboro,1132 N Church St Ste 101,1392823125,Nichole Martinez,Detail Only,Office Visit (no prescriber contact),"['Zemlora', 'XR-ODT']",Linda Smith,564656,0,0,0,2024-08-24
a04Qk0000046OGf,Field,NC,27401,Greensboro,1132 N Church St Ste 101,1392823125,Nichole Martinez,Detail Only,Office Visit (no prescriber contact),"['Zemlora', 'XR-ODT']",Cassandra Gaines,895667,0,0,1,2024-08-24
a04Qk0000048WWf,Field,NC,27401,Greensboro,1132 N Church St Ste 101,1392823125,Nichole Martinez,Detail Only,Office Visit (no prescriber contact),"['Neurexa', 'RxProgram', 'Zemlora']",Lori Guerrero,189814,1,0,1,2024-08-26
a04Qk00000477s5,Field,LA,70592,Youngsville,103 Centre Sarcelle Blvd Ste 506,1395678987,Nancy Williams,Detail Only,Office Visit (no prescriber contact),"['Neurexa', 'RxProgram', 'Zemlora']",Megan Orr,694731,1,0,1,2024-08-25
a04Qk0000045hEv,Field,OH,43215,Columbus,444 Butterfly Gardens Dr,1396111736,Jennifer Wood,Detail Only,Virtual Call,"['Neurexa', 'RxProgram', 'Zemlora', 'Trivaxa']",Sarah Moore,148050,0,0,1,2024-08-24
a04Qk000004dw53,Field,OH,45342,Miamisburg,9049 Springboro Pike,1397054965,Marie Turner,Call Only,HCP Meal,,Theresa Clark,422451,0,0,1,2024-09-01
a04Qk0000047Urt,Field,FL,34471,Ocala,2725 SE Maricamp Rd,1397413677,Ashley Clark,Detail Only,Face-to-Face with HCP,"['Trivaxa', 'Zemlora']",Michael Farrell,161483,0,0,0,2024-08-25
a04Qk000004AFwL,Field,PA,19406,King Of Prussia,150 S Warner Rd Ste 130,1398083721,Christopher Joyce,Detail Only,Face-to-Face with HCP,"['Zemlora', 'Neurexa', 'RxProgram']",Erin Edwards,520651,0,0,0,2024-08-26
a04Qk000004Dly5,Field,PA,19406,King Of Prussia,150 S Warner Rd Ste 130,1398083721,Christopher Joyce,Detail Only,Face-to-Face with HCP,"['Neurexa', 'RxProgram', 'Zemlora']",George Harper,350280,0,0,1,2024-08-30
a04Qk000004LacT,Field,PA,19406,King Of Prussia,150 S Warner Rd Ste 130,1398083721,Christopher Joyce,Detail Only,Face-to-Face with HCP,"['Neurexa', 'RxProgram', 'Zemlora']",Courtney Gonzalez,581141,0,0,0,2024-09-06
a04Qk000004Gy7Z,Field,OH,43055,Newark,1671 W Main St,1399620765,Haley Daniels,Detail Only,HCP Meal,"['Zemlora', 'Neurexa', 'RxProgram', 'Trivaxa']",Michael Mitchell,515011,1,0,1,2024-09-06
a04Qk000004BvWv,Field,IL,60201,Evanston,501 Davis St,1400228988,Tina Pruitt,Detail Only,HCP Meal,"['Neurexa', 'RxProgram', 'Zemlora']",Amanda Jones,132938,0,0,1,2024-08-30
a04Qk000004C3Ss,Field,MA,02476,Arlington,22 Mill St Ste 108,1410353216,Wendy Cervantes,Detail Only,Office Visit (no prescriber contact),"['Neurexa', 'RxProgram', 'Zemlora']",Paul Wilson,428838,1,0,0,2024-08-30
a04Qk000004AQmv,Field,LA,70526,Crowley,621 N Avenue K,1412010943,Joseph Nguyen,Detail Only,Office Visit (no prescriber contact),['Norexel'],Veronica Simpson,717024,0,0,1,2024-08-29
a04Qk000004DZwv,Field,NC,27834,Greenville,707 W H Smith Blvd,1412685869,Lauren Coleman,Detail Only,HCP Meal,"['Neurexa', 'RxProgram', 'Zemlora', 'Trivaxa']",Jose Travis,665492,0,0,1,2024-09-01
a04Qk000004EP97,Field,SC,29204,Columbia,3710 Landmark Dr Ste 202,1416090573,Mary Woodward,Detail Only,Office Visit (no prescriber contact),"['Zemlora', 'Neurexa', 'RxProgram', 'Trivaxa']",Timothy Duncan,377370,0,0,0,2024-09-02
a04Qk000004Gyh4,Field,SC,29204,Columbia,3710 Landmark Dr Ste 202,1416090573,Mary Woodward,Detail Only,Face-to-Face with HCP,"['Zemlora', 'Trivaxa', 'Neurexa', 'RxProgram']",Pamela Boyd,479580,1,0,0,2024-09-06
a04Qk000004EzVx,Field,VA,23435,Suffolk,4868 Bridge Rd,1421117076,Monica Zhang,Detail Only,Office Visit (no prescriber contact),"['Neurexa', 'RxProgram', 'Zemlora', 'Trivaxa']",Jesse Perez,497382,0,0,1,2024-09-02
a04Qk000004HEDx,Virtual,GA,31210,Macon,3951 Ridge Ave Ste C,1425074103,Laura Schmidt,Detail Only,Phone Call with Office Staff,['Norexel'],Allison Hill,770487,0,0,1,2024-09-06
a04Qk000004Hny5,Field,FL,32405,Panama City,528 W Baldwin Rd,1428096728,Stephanie Bailey,Detail Only,Virtual Call,"['Zemlora', 'Neurexa', 'RxProgram', 'Trivaxa']",Mark Brown,612340,0,0,1,2024-09-06
a04Qk0000049eDd,Field,TX,77433,Cypress,13203 Fry Rd Ste 600,1430245320,Casey Hunter,Detail Only,Face-to-Face with HCP,"['Neurexa', 'RxProgram', 'Zemlora', 'Trivaxa']",Julie Alexander,100599,0,0,1,2024-08-25
a04Qk000004HE99,Field,AZ,85053,Phoenix,15420 N 32nd Dr,1433888665,Dennis Campbell,Detail Only,Virtual Call,"['Neurexa', 'RxProgram', 'Trivaxa']",Sharon Boyd,347861,1,0,1,2024-09-06
a04Qk000004FsLx,Field,FL,32571,Pace,5755 Quinette Rd,1436168638,Kim Cole,Detail Only,Office Visit (no prescriber contact),"['Zemlora', 'Neurexa', 'RxProgram']",Jesse Brown,539589,1,0,1,2024-09-03
a04Qk000004ELqJ,Field,NE,68502,Lincoln,2130 S 17th St Ste 100,1439152790,Sabrina Greer,Detail Only,Face-to-Face with HCP,"['Neurexa', 'RxProgram', 'Zemlora']",Madison Weber,723398,0,0,0,2024-09-02
a04Qk000004DHWz,Virtual,CA,92618,Irvine,15615 Alton Pkwy Ste 220,1440979843,Nichole Davis,Detail Only,Fax to HCP Office,"['Zemlora', 'Neurexa', 'RxProgram']",David Thompson,783823,0,0,1,2024-09-01
a04Qk000004EXwH,Virtual,NY,10962,Orangeburg,30 Ramland Rd Ste 200A,1445709158,Lisa Roman,Detail Only,Phone Call with Office Staff,['Lexcura/Cymbrin/Multi-Vi-Flor'],Cheyenne Horton,246413,0,0,0,2024-09-02
a04Qk000004AQer,Field,LA,70526,Crowley,621 N Avenue K,1447350982,Kenneth Thompson,Detail with Sample,Face-to-Face with HCP,['Norexel'],Douglas Gregory,159942,0,1,1,2024-08-29
a04Qk0000047Te5,Virtual,NV,89121,Las Vegas,3430 E Flamingo Rd Ste 100,1448687216,Carla Owen,Detail Only,Fax to HCP Office,"['Neurexa', 'RxProgram']",John Whitehead,802729,0,0,1,2024-08-25
a04Qk00000476kj,Virtual,PA,16001,Butler,901 E Brady St Ste 103,1449763315,Joshua Garcia,Detail Only,Phone Call with Office Staff,"['Zemlora', 'Trivaxa', 'Neurexa', 'RxProgram']",Debra Christian,857168,0,0,1,2024-08-25
a04Qk000004EqcL,Field,SC,29203,Columbia,1749 Marshall St,1455837400,Jorge Murphy,Detail Only,Office Visit (no prescriber contact),"['Trivaxa', 'Zemlora', 'Neurexa', 'RxProgram']",Wayne Morgan,761759,0,0,1,2024-09-02
a04Qk000004H2pW,Field,SC,29203,Columbia,1749 Marshall St,1455837400,Jorge Murphy,Detail Only,Office Visit (no prescriber contact),"['Trivaxa', 'Zemlora', 'Neurexa', 'RxProgram']",Christian Leblanc,378085,0,1,0,2024-09-06
a04Qk0000046DwM,Field,FL,34684,Palm Harbor,2595 Tampa Rd Ste C,1458510052,Angela Woods,Detail Only,Face-to-Face with HCP,"['Zemlora', 'Neurexa', 'RxProgram', 'Trivaxa']",James Parks,526156,0,0,0,2024-08-24
a04Qk0000048d57,Field,MA,01730,Bedford,41 North Rd Ste 200,1458953791,Curtis Sloan,Detail Only,Office Visit (no prescriber contact),"['Neurexa', 'RxProgram', 'Zemlora']",Ashley Hall,863587,0,0,0,2024-08-26
a04Qk000004EkTh,Field,WI,53142,Kenosha,6121 Green Bay Rd Ste 150,1460701148,Eric Miller,Detail Only,HCP Meal,"['Neurexa', 'RxProgram', 'Zemlora', 'Trivaxa']",Garrett Lin,817870,0,0,0,2024-09-03
a04Qk000004CTqL,Virtual,CA,90806,Long Beach,2600 Redondo Ave Ste 500,1470867424,Karen Sandoval,Detail Only,Fax to HCP Office,"['Zemlora', 'Neurexa', 'RxProgram']",Marc Moore,356702,0,0,0,2024-08-30
a04Qk000004LY62,Field,IL,60563,Naperville,1460 Bond St Ste 130,1474929268,Hannah Hayden,Detail Only,Face-to-Face with HCP,"['Neurexa', 'RxProgram', 'Zemlora']",Diana May,440035,0,0,0,2024-09-06
a04Qk000004AeMr,Field,TN,37919,Knoxville,1111 N Northshore Dr Ste 490,1475136033,James Moore,Detail Only,HCP Meal,"['Trivaxa', 'Zemlora', 'Neurexa', 'RxProgram']",Trevor Johnson,542374,1,0,0,2024-08-29
a04Qk000004B1rJ,Field,GA,30097,Duluth,2055 Sugarloaf Cir Ste 575,1476677183,Pam Robinson,Detail Only,Face-to-Face with HCP,"['Neurexa', 'RxProgram', 'Zemlora']",Rebecca Valencia,279451,0,0,1,2024-08-29
a04Qk000004HAK1,Field,GA,30097,Duluth,2055 Sugarloaf Cir Ste 575,1476677183,Pam Robinson,Detail Only,Face-to-Face with HCP,"['Neurexa', 'RxProgram', 'Zemlora']",Frank Cordova,322086,0,0,1,2024-09-06
a04Qk000004DGKn,Field,GA,30122,Lithia Springs,915 Thornton Rd,1477140478,Robert Bass,Detail Only,Virtual Call with HCP,"['Neurexa', 'RxProgram', 'Zemlora']",Jordan Chambers,163556,0,0,1,2024-09-01
a04Qk00000472vd,Field,FL,32250,Jacksonville Beach,900 Beach Blvd,1479800744,Adam Smith,Detail Only,Office Visit (no prescriber contact),"['Neurexa', 'RxProgram', 'Zemlora']",Brian Smith,184002,1,1,1,2024-08-25
a04Qk0000047Mj3,Field,NC,27587,Wake Forest,11130 Capital Blvd,1482977409,William Stevens,Detail Only,Office Visit (no prescriber contact),"['Zemlora', 'XR-ODT']",Lawrence Adkins,220116,1,0,1,2024-08-25
a04Qk000004Fl17,Field,MD,21045,Columbia,5500 Knoll North Dr Ste 290,1485681028,Megan King,Detail Only,HCP Meal,"['Zemlora', 'XR-ODT']",Anthony Everett,728038,0,1,1,2024-09-01
a04Qk000004AsmP,Field,TN,37923,Knoxville,408 N Cedar Bluff Rd Ste 305,1486865345,Richard Hoffman,Detail Only,Office Visit (no prescriber contact),"['Trivaxa', 'Zemlora', 'Neurexa', 'RxProgram']",Cameron Parker,765822,0,0,1,2024-08-29
a04Qk000004FW0T,Virtual,LA,70808,Baton Rouge,7373 Perkins Rd,1487321948,Rachel Nguyen,Detail Only,Phone Call with Office Staff,"['Zemlora', 'Trivaxa', 'Neurexa', 'RxProgram']",Elizabeth Kelley,852787,0,1,1,2024-09-03
a04Qk000004Fu2n,Field,TX,76210,Denton,3312 Teasley Lane Building 100,1489821509,Kathleen Wright,Detail Only,Office Visit (no prescriber contact),"['Zemlora', 'Trivaxa', 'Neurexa', 'RxProgram']",Robert Harrison,465962,0,0,1,2024-09-03
a04Qk000004AT1d,Field,MI,48302,Bloomfield,43097 Woodward Ave Ste 204,1490255610,William Torres,Detail Only,Office Visit (no prescriber contact),"['Trivaxa', 'Zemlora', 'Neurexa', 'RxProgram']",Stephanie Ross,781453,0,0,0,2024-08-30
a04Qk000004ESIH,Field,NC,27613,Raleigh,8304 Creedmoor Rd Ste 1,1493855855,Angela Price,Detail Only,Office Visit (no prescriber contact),"['Zemlora', 'XR-ODT']",Hannah Luna,346629,0,0,0,2024-09-02
a04Qk000004G4Ok,Field,TX,78746,West Lake Hills,5656 Bee Caves Rd Ste D-205,1503258732,Jennifer Taylor,Detail Only,Office Visit (no prescriber contact),"['Zemlora', 'Neurexa', 'RxProgram']",Connie Brown,939482,0,0,1,2024-09-03
a04Qk000004ELS5,Field,GA,31605,Valdosta,3301 N Oak Street Ext,1513341561,Courtney Hayden,Detail Only,Office Visit (no prescriber contact),"['Neurexa', 'RxProgram', 'Zemlora', 'Trivaxa']",Jeremy Sampson,292401,0,1,0,2024-09-02
a04Qk000004Jg2r,Field,MO,63368,O Fallon,9979 Winghaven Blvd Ste 202,1515373788,Ian Ellis,Detail Only,HCP Meal,"['Trivaxa', 'Neurexa', 'RxProgram']",Aimee Turner,712554,0,0,1,2024-09-06
a04Qk000004C9Oc,Field,AL,35768,Scottsboro,23800 John T Reid Pkwy,1518848474,Kristin Kirby,Detail Only,Face-to-Face with HCP,"['Zemlora', 'Neurexa', 'RxProgram', 'Trivaxa']",Courtney Gonzalez,581141,1,0,1,2024-08-30
a04Qk000004Hemj,Virtual,NC,28210,Charlotte,5970 Fairview Rd Ste 500,1524791275,Jerry Berry,Detail Only,Fax to HCP Office,"['Norexel', 'Neurexa', 'RxProgram']",Angie Henderson,126225,0,0,0,2024-09-06
a04Qk000004Heht,Virtual,NC,28210,Charlotte,5970 Fairview Rd Ste 500,1524791275,Jerry Berry,Detail Only,Phone Call with Office Staff,['Norexel'],Jeremy Dalton,972064,0,1,1,2024-09-06
a04Qk000004Hmtx,Virtual,NC,28358,Lumberton,400 Liberty Hill Rd,1525113881,Sarah Terry,Detail Only,Phone Call with Clinical Staff,['Norexel'],Jennifer Collins,723939,1,0,1,2024-09-06
a04Qk0000048vI9,Field,KS,67206,Wichita,1855 N Webb Rd,1525240085,James Bray,Detail Only,Face-to-Face with HCP,"['Neurexa', 'RxProgram', 'Zemlora']",Cynthia Morris,976638,0,0,0,2024-08-26
a04Qk000004EsmD,Field,PA,19380,West Chester,1570 McDaniel Dr,1532362102,Kimberly Greene,Detail Only,Face-to-Face with HCP,"['Zemlora', 'Neurexa', 'RxProgram']",Whitney Peters,705397,0,0,0,2024-09-02
a04Qk000004DbAj,Field,IL,60126,Elmhurst,386 N York St Ste 100,1533013441,Dr. Paula Stanton,Detail Only,Face-to-Face with HCP,"['Neurexa', 'RxProgram', 'Zemlora']",Charles Schultz,328275,1,0,1,2024-09-01
a04Qk000004DLVl,Field,NC,27284,Kernersville,739 Stafford Park Dr,1537731149,Mrs. Diana Huynh DDS,Detail Only,Virtual Call,"['Zemlora', 'XR-ODT']",Brent Jordan,145561,1,0,1,2024-09-01
a04Qk0000048zs1,Field,PA,19335,Downingtown,38 W Lancaster Ave 2,1539543575,Christopher Cook,Detail Only,Office Visit (no prescriber contact),"['Zemlora', 'Neurexa', 'RxProgram']",Andrew Avila,598369,0,0,0,2024-08-25
a04Qk0000048zs1,Field,PA,19335,Downingtown,38 W Lancaster Ave 2,1539543575,Christopher Cook,Detail Only,Office Visit (no prescriber contact),"['Zemlora', 'Neurexa', 'RxProgram']",Andrew Avila,598369,0,0,0,2024-08-25
a04Qk000004HPUN,Field,PA,19335,Downingtown,38 W Lancaster Ave 2,1539543575,Christopher Cook,Detail Only,Face-to-Face with HCP,"['Zemlora', 'Neurexa', 'RxProgram']",Allen Rosales,624902,0,0,1,2024-09-06
a04Qk000004HPUN,Field,PA,19335,Downingtown,38 W Lancaster Ave 2,1539543575,Christopher Cook,Detail Only,Face-to-Face with HCP,"['Zemlora', 'Neurexa', 'RxProgram']",Allen Rosales,624902,0,0,1,2024-09-06
a04Qk000004Byxp,Field,OH,45014,Fairfield,5502 Dixie Highway,1540489160,Tina Duncan,Detail Only,Virtual Call with HCP,"['Neurexa', 'RxProgram', 'Zemlora', 'Trivaxa']",Anthony Moore,668532,0,0,0,2024-08-30
a04Qk000004Agba,Field,FL,32789,Winter Park,1840 Greenwich Ave,1553223935,Jennifer Watkins,Detail Only,Virtual Call,"['Zemlora', 'XR-ODT']",Victor Brown,274389,1,0,0,2024-08-29
a04Qk000004B64b,Field,FL,33511,Brandon,1119 Nikki View Dr,1559849904,Nancy Smith,Detail Only,Face-to-Face with HCP,"['Neurexa', 'RxProgram', 'Zemlora', 'Trivaxa']",Jessica Stephens,867460,1,0,1,2024-08-29
a04Qk000004HV57,Field,FL,33511,Brandon,1119 Nikki View Dr,1559849904,Nancy Smith,Detail Only,Face-to-Face with HCP,"['Neurexa', 'RxProgram', 'Zemlora', 'Trivaxa']",Allison Hickman,610311,1,0,1,2024-09-06
a04Qk0000045n4D,Field,FL,32073,Orange Park,339 McIntosh Ave,1560760274,Lawrence Ross,Detail Only,Face-to-Face with HCP,"['Neurexa', 'RxProgram', 'Zemlora']",Gerald Hensley,662275,0,1,1,2024-08-24
a04Qk0000045quw,Virtual,NY,11790,Stony Brook,2500 Nesconset Highway Bldg 14A,1567200993,Shawn Oconnor,Detail Only,Phone Call with Office Staff,['Lexcura/Cymbrin/Multi-Vi-Flor'],David Alvarez,249811,1,0,0,2024-08-24
a04Qk000004Ftmf,Field,MO,63131,Saint Louis,13354 Manchester Rd Ste 100,1570158563,Caleb Bennett,Detail Only,HCP Meal,"['Zemlora', 'Neurexa', 'RxProgram']",Johnathan Davis,300896,0,0,1,2024-09-03
a04Qk000004AH5J,Virtual,TN,38133,Memphis,2911 Brunswick Rd,1575689965,Elizabeth Lewis,Detail Only,Fax to HCP Office,"['Zemlora', 'Trivaxa', 'Neurexa', 'RxProgram']",Adam Vaughan,632342,0,0,1,2024-08-29
a04Qk000004EoM1,Field,NC,28277,Charlotte,8045 Providence Rd Ste 300,1581758455,Gloria Nunez,Detail Only,Office Visit (no prescriber contact),['Norexel'],Joanna Pacheco,648177,0,0,1,2024-09-02
a04Qk000004HmU9,Field,GA,30097,Johns Creek,10090 Medlock Bridge Rd Ste 110,1585335602,Julia Jackson,Detail Only,Face-to-Face with HCP,"['Neurexa', 'RxProgram', 'Zemlora']",Charles Schultz,328275,1,0,0,2024-09-06
a04Qk000004ERhD,Field,AZ,85374,Surprise,13945 W Grand Ave Ste 104,1585376891,Michele Boone,Detail Only,Office Visit (no prescriber contact),"['Neurexa', 'RxProgram', 'Zemlora']",Joanna Pacheco,648177,1,0,1,2024-09-02
a04Qk0000044XEP,Field,NC,28655,Morganton,100 Medical Heights Dr,1587931506,Austin Williams,Detail Only,HCP Meal,"['Zemlora', 'Trivaxa']",Victoria Garcia,581741,1,0,1,2024-08-24
a04Qk0000048g7q,Field,OH,45231,Cincinnati,740 W Galbraith Rd,1588955193,Leslie Stephens,Detail Only,HCP Meal,"['Neurexa', 'RxProgram', 'Zemlora', 'Trivaxa']",Sabrina Austin,853305,0,1,1,2024-08-26
a04Qk0000045m1h,Field,KY,40513,Lexington,1021 Majestic Dr Ste 180,1597213577,Alexandra Stephens,Detail Only,Face-to-Face with HCP,"['Neurexa', 'RxProgram', 'Zemlora']",Andrea Hubbard,997546,1,0,1,2024-08-24
a04Qk000004C0Mv,Field,NC,28401,Wilmington,1606 Wellington Ave Ste F,1598020709,Lisa Hatfield,Detail Only,Office Visit (no prescriber contact),"['Neurexa', 'RxProgram', 'Zemlora', 'Trivaxa', 'Norexel']",Brian Ramirez,542417,0,0,1,2024-08-30
a04Qk000004DYXp,Field,NY,11787,Smithtown,88 Terry Rd,1599281806,Jason Little,Detail Only,Office Visit (no prescriber contact),"['Neurexa', 'RxProgram', 'Zemlora', 'Trivaxa']",Victor Brown,274389,0,0,1,2024-09-01
a04Qk0000048qOw,Field,TX,75093,Plano,4716 Alliance Blvd Ste 500,1601324716,Charles Collier,Detail Only,Office Visit (no prescriber contact),"['Zemlora', 'Neurexa', 'RxProgram']",Nicole Herring,680099,0,0,0,2024-08-26
a04Qk0000046NZ7,Field,VA,23462,Virginia Beach,260 Grayson Rd,1605910057,Christopher Cook,Detail Only,Office Visit (no prescriber contact),"['Zemlora', 'Neurexa', 'RxProgram']",Maria Jones,378517,0,1,1,2024-08-24
a04Qk0000045ie1,Field,NY,10589,Somers,336 U.S Route 202-2,1605985974,Troy Jones,Detail Only,Virtual Call,"['Zemlora', 'Neurexa', 'RxProgram', 'Trivaxa']",Jesse Brown,539589,0,0,0,2024-08-24
a04Qk000004DmXZ,Field,PA,19406,King Of Prussia,201 Mall Blvd Ste 204,1614049455,Susan Montgomery,Detail Only,Office Visit (no prescriber contact),"['Neurexa', 'RxProgram', 'Zemlora', 'Trivaxa']",Jamie Smith,214975,0,0,1,2024-09-01
a04Qk000004Efc5,Field,IL,60004,Arlington Hts,3275 N Arlington Heights Rd Ste 409,1614454881,Kathleen Miller,Detail Only,Face-to-Face with HCP,"['Neurexa', 'RxProgram']",Cynthia Moore,426858,0,0,1,2024-09-02
a04Qk000004Dauc,Field,FL,33140,Miami Beach,4304 Alton Rd,1614976823,Felicia Gonzalez,Detail Only,HCP Meal,"['Zemlora', 'Neurexa', 'RxProgram']",Felicia Aguilar,804318,1,0,0,2024-09-01
a04Qk000004EYVl,Virtual,NJ,07981,Whippany,91 S Jefferson Rd Ste 200,1615910314,Dr. Kelsey Smith,Detail Only,Phone Call with Clinical Staff,['Lexcura/Cymbrin/Multi-Vi-Flor'],Natalie Bautista,662336,1,0,1,2024-09-02
a04Qk000004DIHl,Field,GA,30328,Atlanta,5887 Glenridge Dr Ste 140,1616089702,Zachary Rodriguez,Detail Only,Office Visit (no prescriber contact),"['Neurexa', 'RxProgram', 'Zemlora']",Carol Tucker,969693,0,0,0,2024-09-01
a04Qk000004DjQ1,Field,TX,77027,Houston,4550 Post Oak Place Dr Ste 320,1618327564,Vanessa Tran,Detail Only,Office Visit (no prescriber contact),"['Neurexa', 'RxProgram', 'Zemlora', 'Trivaxa']",Antonio Garcia,373432,0,1,1,2024-08-30
a04Qk000004CUrF,Field,LA,70503,Lafayette,437 Heymann Blvd,1620323044,Cassandra Williamson,Detail Only,HCP Meal,"['Zemlora', 'Neurexa', 'RxProgram', 'Trivaxa', 'Norexel']",Anna Henderson,379946,0,0,1,2024-08-30
a04Qk000004FfoX,Field,NC,28405,Wilmington,4320 Henson Dr,1620744349,Joseph Martinez,Detail Only,Office Visit (no prescriber contact),"['Neurexa', 'RxProgram', 'Zemlora', 'Trivaxa']",Jack White,109767,0,0,1,2024-09-03
a04Qk000004Czv3,Field,AZ,85234,Gilbert,4001 E Baseline Rd Ste 107,1623367447,Tracy Lee,Detail Only,HCP Meal,"['Neurexa', 'RxProgram', 'Zemlora']",Garrett Lin,817870,0,0,1,2024-08-30
a04Qk00000479U5,Field,MO,63141,Saint Louis,11477 Olde Cabin Rd Ste 210,1624098356,Ethan Ortiz,Detail Only,HCP Meal,"['Zemlora', 'Neurexa', 'RxProgram']",Dr. Paul Morgan,156802,1,0,0,2024-08-25
a04Qk000004DgGr,Field,MO,63141,Saint Louis,11477 Olde Cabin Rd Ste 210,1624098356,Ethan Ortiz,Detail Only,HCP Meal,"['Zemlora', 'Neurexa', 'RxProgram']",Michael Lewis,733052,0,0,1,2024-09-01
a04Qk0000048iXp,Field,MD,20814,Bethesda,7910 Woodmont Ave Ste 460,1626891788,Roberto Patrick,Detail Only,Office Visit (no prescriber contact),"['Zemlora', 'XR-ODT']",Carla Gray,329258,0,0,1,2024-08-26
a04Qk0000045kcb,Field,IA,50579,Rockwell City,401 Court St,1627063405,Kevin Daugherty,Detail Only,Virtual Call with HCP,"['Neurexa', 'RxProgram', 'Zemlora']",Tracy Montoya,487477,0,0,1,2024-08-24
a04Qk000004D0hR,Field,TX,78731,Austin,3501 Mills Ave,1638607323,Nicole Villa,Detail Only,Office Visit (no prescriber contact),"['Zemlora', 'Neurexa', 'RxProgram']",Trevor Johnson,542374,1,0,1,2024-08-29
a04Qk000004DKt3,Field,NY,10018,New York,104 W 40th St,1642616464,Andrea Duran,Detail Only,Office Visit (no prescriber contact),"['Neurexa', 'RxProgram', 'Zemlora']",Kathy Rivas,549245,0,0,1,2024-09-01
a04Qk000004DJ4A,Field,FL,33143,South Miami,5901 SW 74th St Ste 408,1645372804,Michael Torres,Detail Only,HCP Meal,"['Zemlora', 'Neurexa', 'RxProgram']",Paula Moreno,832052,1,0,1,2024-09-01
a04Qk0000047XTB,Field,TX,77584,Pearland,12234 Shadow Creek Pkwy Ste 4104,1645402455,Amanda Bush,Detail Only,HCP Meal,"['Zemlora', 'Neurexa', 'RxProgram']",Larry Dixon,340174,1,0,1,2024-08-25
a04Qk000004CzyH,Field,FL,33618,Tampa,3638 Madaca Ln,1649805652,Carrie Rice,Detail Only,Face-to-Face with HCP,"['Neurexa', 'RxProgram', 'Zemlora', 'Trivaxa']",Elizabeth Fowler,944962,0,0,1,2024-08-30
a04Qk0000045quv,Virtual,OK,73013,Edmond,2301 W I 35 Frontage Rd,1657110134,Margaret Stark,Detail Only,Fax to HCP Office,"['Zemlora', 'Trivaxa', 'Neurexa', 'RxProgram']",Marc Moore,356702,0,0,1,2024-08-24
a04Qk000004HXv5,Field,LA,70508,Lafayette,4650 Ambassador Caffery Pkwy Ste 206,1658551778,Jose Jensen,Detail Only,HCP Meal,"['Norexel', 'Neurexa', 'RxProgram']",Angelica Tucker,263032,0,0,1,2024-09-06
a04Qk000003Gdq5,Field,NY,10155,New York,150 E 58th St Fl 25,1661047639,Jon Hanson,Detail Only,HCP Meal,"['Neurexa', 'RxProgram', 'Zemlora']",Jessica Garcia,174299,0,0,1,2024-08-29
a04Qk000004EZZt,Virtual,LA,70005,Metairie,110 Veterans Blvd Ste 425,1661328576,Antonio Smith,Detail Only,Phone Call with Office Staff,"['Zemlora', 'Trivaxa', 'Neurexa', 'RxProgram']",Sierra Johnson,584714,1,0,0,2024-09-02
a04Qk000004DK1p,Field,FL,33143,South Miami,5901 SW 74th St Ste 408,1661521675,Christopher Wood,Detail Only,HCP Meal,"['Trivaxa', 'Neurexa', 'RxProgram', 'Zemlora']",Michelle Brown,617488,0,0,1,2024-09-01
a04Qk00000478D3,Field,LA,70592,Youngsville,103 Centre Sarcelle Blvd Ste 506,1661742435,Amanda Lawrence,Detail Only,Office Visit (no prescriber contact),"['Neurexa', 'RxProgram', 'Zemlora']",Debra Morton,575763,0,0,1,2024-08-25
a04Qk000004DiLt,Field,FL,32571,Pace,4288 Woodbine Rd,1663106656,Olivia Parsons,Detail Only,Office Visit (no prescriber contact),"['Zemlora', 'Neurexa', 'RxProgram']",Deborah Figueroa,816751,0,0,0,2024-09-01
a04Qk000004DnNB,Field,AL,36608,Mobile,501 Bishop Ln N,1663343466,Jennifer Jacobson,Detail Only,Office Visit (no prescriber contact),"['Zemlora', 'Trivaxa', 'Neurexa', 'RxProgram']",Angelica Keith,854639,0,0,0,2024-08-29
a04Qk0000047VpZ,Field,KS,66210,Overland Park,11725 W 112th St,1663764431,Edward Jones,Detail Only,Virtual Call with HCP,"['Neurexa', 'RxProgram', 'Zemlora']",Richard Smith,203198,0,1,0,2024-08-25
a04Qk000004CIQH,Field,KS,66210,Overland Park,11725 W 112th St,1663764431,Edward Jones,Detail Only,HCP Meal,"['Neurexa', 'RxProgram', 'Zemlora']",Tanya Kim,310922,0,0,0,2024-08-30
a04Qk000004Abjx,Field,FL,33179,North Miami Beach,1380 NE Miami Gardens Dr Ste 140,1667618191,Jennifer Barrera,Detail Only,HCP Meal,"['Neurexa', 'RxProgram', 'Zemlora']",Daniel Kane,677057,1,0,1,2024-08-29
a04Qk0000047FUf,Field,SC,29464,Mt Pleasant,721 Long Point Rd Ste 408B,1673423271,Donna Davidson,Detail Only,Virtual Call with HCP,"['Zemlora', 'Neurexa', 'RxProgram']",Gregory Ponce,776856,1,0,1,2024-08-25
a04Qk000004G2l7,Field,SC,29464,Mt Pleasant,721 Long Point Rd Ste 408B,1673423271,Donna Davidson,Detail Only,Face-to-Face with HCP,"['Zemlora', 'Neurexa', 'RxProgram']",Angelica Tucker,263032,0,0,0,2024-09-03
a04Qk000003Txsb,Field,NY,10012,New York,155 Spring St Fl 4,1674916407,Leslie Turner,Detail Only,Office Visit (no prescriber contact),"['Neurexa', 'RxProgram', 'Zemlora']",Kenneth Lewis,865990,0,0,1,2024-08-25
a04Qk000004I1mX,Field,TX,75070,Mckinney,1720 N Central Expy Ste 150,1678215055,David Meyers,Detail Only,Office Visit (no prescriber contact),"['Trivaxa', 'Neurexa', 'RxProgram']",Anthony Moore,668532,1,0,1,2024-09-06
a04Qk0000046GFt,Field,OH,45230,Cincinnati,7810 5 Mile Rd,1679020403,Ronald Bartlett,Detail Only,HCP Meal,"['Neurexa', 'RxProgram', 'Zemlora', 'Trivaxa']",Angelica Tucker,263032,0,0,0,2024-08-24
a04Qk000004Hjeh,Field,OH,45230,Cincinnati,7810 5 Mile Rd,1679020403,Ronald Bartlett,Detail Only,HCP Meal,"['Neurexa', 'RxProgram', 'Zemlora', 'Trivaxa']",Justin Baker,850800,1,0,0,2024-09-06
a04Qk000004HZK1,Field,PA,19335,Downingtown,103 Garris Rd,1680072421,Eric Erickson,Detail Only,Face-to-Face with HCP,"['Zemlora', 'Neurexa', 'RxProgram']",John Whitehead,802729,0,0,1,2024-09-06
a04Qk000004EQl8,Field,NC,27613,Raleigh,8304 Creedmoor Rd,1680582627,Kathryn Rogers,Detail Only,Office Visit (no prescriber contact),"['Zemlora', 'Neurexa', 'RxProgram']",Holly Wood,133326,0,0,0,2024-09-02
a04Qk000004Bt8X,Virtual,WV,25309,South Charleston,400 Division St Ste 3,1687363669,Lauren Barnes,Detail Only,Phone Call with Office Staff,"['Zemlora', 'Trivaxa', 'Neurexa', 'RxProgram']",Ashley Hicks,808011,1,1,1,2024-08-30
a04Qk000004FS6X,Field,WV,26101,Parkersburg,2012 Garfield Ave Ste 2,1688009362,Bianca Orr,Detail Only,HCP Meal,"['Neurexa', 'RxProgram', 'Zemlora', 'Trivaxa']",Chad Jones,751332,0,0,1,2024-09-03
a04Qk000004Etgf,Field,TX,75070,Mckinney,8400 Stacy Rd Ste 100,1688796085,Susan Willis,Detail Only,Office Visit (no prescriber contact),"['Zemlora', 'Trivaxa', 'Neurexa', 'RxProgram']",Patrick Moore,570405,0,0,0,2024-09-02
a04Qk000004Fvzl,Field,TX,77504,Pasadena,3801 Vista Rd Ste 100,1692238177,Matthew Harris,Detail Only,Office Visit (no prescriber contact),"['Zemlora', 'Neurexa', 'RxProgram']",John Daniel,865179,0,0,1,2024-09-03
a04Qk000004CW9t,Field,MO,63141,Saint Louis,10420 Old Olive Street Rd Ste 205,1692900579,Mark Cervantes,Detail Only,HCP Meal,"['Trivaxa', 'Neurexa', 'RxProgram']",Michelle Brown,617488,0,0,1,2024-08-30
a04Qk000004AgGb,Field,IL,60187,Wheaton,111 N County Farm Rd,1695649478,Laura Aguirre,Detail Only,Face-to-Face with HCP,"['Neurexa', 'RxProgram', 'Zemlora', 'Trivaxa']",Stephanie Manning,711878,1,0,0,2024-08-29
a04Qk000004DI6V,Field,OH,43214,Columbus,4885 Olentangy River Rd Ste 2-10,1696406270,Lisa Roberts,Detail Only,HCP Meal,"['Neurexa', 'RxProgram', 'Zemlora', 'Trivaxa']",Paul Castaneda,260265,1,0,1,2024-09-01
a04Qk0000048kPz,Field,FL,32611,Gainesville,100 Newell Dr L4-100,1697626089,Angela Jacobson,Detail Only,Face-to-Face with HCP,"['Zemlora', 'XR-ODT']",Danny Morgan,201414,0,0,1,2024-08-25
a04Qk000004E97a,Field,NC,28105,Matthews,855 Sam Newell Rd Ste 206,1701673956,Mark Coleman,Detail with Sample,Face-to-Face with HCP,['Norexel'],Gabrielle Davis,872246,0,0,0,2024-09-02
a04Qk0000047US5,Field,AZ,85207,Mesa,7165 E University Dr,1705712083,Jerry Parker,Detail Only,Office Visit (no prescriber contact),"['Neurexa', 'RxProgram', 'Zemlora']",Evelyn Galvan,497887,0,0,1,2024-08-25
a04Qk000004HX28,Field,GA,30165,Rome,550 Redmond Rd NW,1717095118,James Payne,Detail Only,Virtual Call,"['Neurexa', 'RxProgram', 'Zemlora', 'Trivaxa']",Lauren Daniels,838797,1,0,0,2024-09-06
a04Qk000004LBRC,Field,MD,21035,Davidsonville,2772 Rutland Rd,1718595435,Robert Hicks,Detail Only,Face-to-Face with HCP,"['Zemlora', 'XR-ODT']",Richard Henson,864544,0,0,1,2024-09-06
a04Qk000004G2Q9,Field,SC,29464,Mount Pleasant,1671 Belle Isle Ave Ste 110,1718884289,Bradley Alexander,Detail Only,Office Visit (no prescriber contact),"['Zemlora', 'XR-ODT']",Connor West,230889,0,0,1,2024-09-03
a04Qk0000048TP7,Field,MA,02155,Medford,92 High St,1720678691,April Stout,Detail Only,Office Visit (no prescriber contact),"['Neurexa', 'RxProgram', 'Zemlora']",Ashley Hall,863587,0,0,1,2024-08-26
a04Qk000004C7wH,Field,MA,02155,Medford,92 High St,1720678691,April Stout,Detail Only,Office Visit (no prescriber contact),"['Neurexa', 'RxProgram', 'Zemlora']",Chad Jones,751332,0,0,0,2024-08-30
a04Qk000004EO3N,Field,MA,02155,Medford,92 High St,1720678691,April Stout,Detail Only,Virtual Call,"['Neurexa', 'RxProgram', 'Zemlora']",Jason Stein,892495,0,0,1,2024-09-02
a04Qk000004HJVN,Field,MD,21401,Annapolis,166 Defense Hwy Ste 203,1721286996,Ethan Cannon,Detail Only,HCP Meal,"['Zemlora', 'XR-ODT']",Patty Perez,629903,0,0,1,2024-09-06
a04Qk0000048kpm,Field,GA,30075,Roswell,1905 Woodstock Rd Ste 5150,1721621126,Stephen Hammond,Detail Only,Face-to-Face with HCP,"['Neurexa', 'RxProgram', 'Zemlora']",Sophia Johnson,204837,0,0,1,2024-08-26
a04Qk000004Bsys,Field,FL,32081,Ponte Vedra Beach,400 Colonnade Dr Ste 230,1731400887,Christine Chambers,Detail Only,Virtual Call,"['Zemlora', 'Neurexa', 'RxProgram']",Elizabeth Kelley,852787,0,0,1,2024-08-30
a04Qk000004DFDR,Field,FL,32081,Ponte Vedra Beach,400 Colonnade Dr Ste 230,1731400887,Christine Chambers,Detail Only,Face-to-Face with HCP,"['Neurexa', 'RxProgram', 'Zemlora', 'Trivaxa']",Cynthia Morris,976638,0,0,1,2024-09-01
a04Qk000004EKKj,Field,TN,37412,Chattanooga,929 Spring Creek Rd Ste 206,1734518288,Brandy Thomas,Detail Only,Office Visit (no prescriber contact),"['Trivaxa', 'Zemlora', 'Neurexa', 'RxProgram']",Karla Ramos,884309,0,0,0,2024-09-02
a04Qk000004FoWr,Field,FL,33647,Tampa,10347 Cross Creek Blvd Ste C-5,1735316857,Brandon Rodriguez,Detail Only,Office Visit (no prescriber contact),"['Neurexa', 'RxProgram', 'Zemlora']",Cynthia Rowe,716886,0,1,1,2024-09-02
a04Qk000004BtZx,Field,SC,29170,West Columbia,3314 Platt Springs Rd,1735956156,Jeremy Allen,Detail Only,Office Visit (no prescriber contact),"['Zemlora', 'Neurexa', 'RxProgram', 'Trivaxa']",Ryan Munoz,207473,0,0,0,2024-08-30
a04Qk000004FrCz,Field,TX,76201,Denton,2601 Scripture St Ste 102,1736057519,Rachel Moore,Detail Only,Office Visit (no prescriber contact),"['Zemlora', 'Neurexa', 'RxProgram']",Cristian Santos,388389,1,0,0,2024-09-03
a04Qk0000047ZQ9,Field,OH,43215,Columbus,380 Butterfly Gardens Dr,1736111131,James Gordon,Detail Only,Virtual Call,"['Neurexa', 'RxProgram', 'Zemlora', 'Trivaxa']",Charles Shah,360735,1,0,0,2024-08-26
a04Qk0000046zHq,Field,OH,43065,Powell,55 Clairedan Dr,1740586591,Sarah Reynolds,Detail Only,Office Visit (no prescriber contact),"['Neurexa', 'RxProgram', 'Zemlora', 'Trivaxa']",Anthony Humphrey,391369,1,0,0,2024-08-25
a04Qk000004IxSL,Field,AL,35223,Birmingham,3300 Cahaba Rd Ste 102,1742715596,Rachel Sanchez,Detail Only,Office Visit (no prescriber contact),"['Neurexa', 'RxProgram', 'Zemlora', 'Trivaxa']",Donald Wright,496922,0,1,1,2024-09-06
a04Qk000004HvIw,Field,KS,67205,Wichita,2230 N Ridge Rd,1750635723,Erik Duffy,Detail Only,Office Visit (no prescriber contact),"['Neurexa', 'RxProgram', 'Zemlora']",Allison Hickman,610311,0,0,0,2024-09-06
a04Qk0000046FQH,Field,FL,34684,Palm Harbor,34650 US 19 N Ste 107,1754692506,Erin Perry,Detail Only,Office Visit (no prescriber contact),"['Neurexa', 'RxProgram', 'Zemlora', 'Trivaxa']",Gary Jackson,171262,0,0,0,2024-08-24
a04Qk000004C5zJ,Field,MA,02476,Arlington,22 Mill St Ste 108,1756095703,Jennifer Nguyen,Detail Only,Office Visit (no prescriber contact),"['Neurexa', 'RxProgram', 'Zemlora']",Jesse Brown,539589,0,0,1,2024-08-30
a04Qk000004DGRG,Virtual,LA,70001,Metairie,121 Metairie Lawn Dr Ste B,1763409734,Sandra Walls,Detail Only,Phone Call with Clinical Staff,"['Zemlora', 'Neurexa', 'RxProgram']",Cynthia Moore,426858,1,0,1,2024-09-01
a04Qk000004AzG1,Field,GA,30120,Cartersville,17 Collins Dr,1766215824,Christy Davis,Detail Only,Face-to-Face with HCP,"['Zemlora', 'Neurexa', 'RxProgram']",Ellen Morgan,299122,0,0,1,2024-08-29
a04Qk000004AKny,Virtual,MA,01002,Amherst,6 University Dr Ste 203,1769004303,David Glass,Detail Only,Phone Call with Office Staff,"['Zemlora', 'Neurexa', 'RxProgram']",Rebecca Henderson,539898,0,1,1,2024-08-29
a04Qk000004EMKw,Field,GA,30342,Atlanta,993 Johnson Fy Rd NE Ste 210,1769183089,Timothy Dawson,Detail Only,Office Visit (no prescriber contact),"['Neurexa', 'RxProgram', 'Zemlora']",Craig Morrison,225710,1,0,1,2024-09-02
a04Qk000004Amqf,Field,SC,29803,Aiken,934 Dougherty Rd,1772290875,Kenneth Smith,Detail Only,Office Visit (no prescriber contact),"['Zemlora', 'Trivaxa', 'Neurexa', 'RxProgram']",Donald Wright,496922,0,0,1,2024-08-29
a04Qk000004CLJJ,Field,MO,64086,Lees Summit,760 NW Blue Pkwy,1774581101,Mary Davis,Detail Only,Virtual Call,"['Neurexa', 'RxProgram', 'Zemlora']",Kayla Rodriguez,890170,0,0,0,2024-08-30
a04Qk000004CEWM,Field,KS,66211,Leawood,11725 Roe Ave Ste B,1774581101,Mary Davis,Detail Only,Office Visit (no prescriber contact),"['Neurexa', 'RxProgram', 'Zemlora']",Robert Montgomery,992697,1,0,1,2024-08-30
a04Qk000004901h,Field,PA,19341,Exton,750 W Lincoln Hwy,1782934061,Keith Morgan,Detail Only,Office Visit (no prescriber contact),"['Zemlora', 'Neurexa', 'RxProgram']",Desiree Tyler,573417,0,0,0,2024-08-25
a04Qk0000048h5V,Field,GA,30046,Lawrenceville,748 Old Norcross Rd Ste 185,1784167235,Brianna Fox,Detail Only,Face-to-Face with HCP,"['Neurexa', 'RxProgram', 'Zemlora']",Denise Mccann,665579,0,1,1,2024-08-26
a04Qk000004AuwH,Field,GA,30046,Lawrenceville,748 Old Norcross Rd Ste 185,1784167235,Brianna Fox,Detail Only,Face-to-Face with HCP,"['Neurexa', 'RxProgram', 'Zemlora']",Connie Brown,939482,1,1,1,2024-08-29
a04Qk0000048rb7,Field,FL,33549,Lutz,21758 State Road 54,1787265466,Alan Miller,Detail Only,Face-to-Face with HCP,"['Neurexa', 'RxProgram', 'Zemlora', 'Trivaxa']",Anthony Humphrey,391369,0,0,1,2024-08-26
a04Qk0000048Spd,Field,MI,48167,Northville,650 Griswold St,1787831873,Tina Monroe,Detail Only,Virtual Call,"['Zemlora', 'XR-ODT']",Dr. Hannah Patterson,456699,0,1,1,2024-08-26
a04Qk0000046Omv,Field,NC,27403,Greensboro,522 N Elam Ave,1791125024,Mary Clarke,Detail Only,Office Visit (no prescriber contact),"['Zemlora', 'XR-ODT']",Debra Davidson,391704,0,0,1,2024-08-24
a04Qk000004E6L0,Field,NC,28105,Matthews,855 Sam Newell Rd Ste 206,1791219545,Anna Carroll,Detail Only,Face-to-Face with HCP,['Norexel'],Lori Hernandez,141672,0,0,0,2024-09-02
a04Qk000004DfuH,Field,NC,27518,Cary,530 New Waverly Pl Ste 314,1794433596,Tonya Yang,Detail Only,Face-to-Face with HCP,"['Zemlora', 'XR-ODT']",Jessica Garcia,174299,1,1,0,2024-09-01
a04Qk00000468yH,Virtual,PA,18519,Dickson City,247 Main St,1803195878,Thomas Salinas,Detail Only,Phone Call with Office Staff,['Lexcura/Cymbrin/Multi-Vi-Flor'],Cynthia Rowe,716886,0,0,1,2024-08-24
a04Qk000004BrbN,Virtual,LA,70754,Livingston,17199 Spring Ranch Rd Ste 200,1803478288,Edwin Olson,Detail Only,Fax to HCP Office,"['Zemlora', 'Trivaxa', 'Neurexa', 'RxProgram']",Jason Stein,892495,0,0,1,2024-08-30
a04Qk000004CgAr,Field,LA,70508,Lafayette,121 Rue Louis XIV Bldg 6A,1806322574,Stacy Fowler,Detail Only,Office Visit (no prescriber contact),"['Zemlora', 'XR-ODT']",William Baker,748564,0,0,1,2024-08-30
a04Qk000004CPQA,Field,NJ,08361,Vineland,1667 E Landis Ave Bldg 6,1814490516,Ricardo Buchanan,Detail Only,Face-to-Face with HCP,"['Zemlora', 'Neurexa', 'RxProgram']",Matthew Mcmillan,270555,1,0,1,2024-08-30
a04Qk000004CVmS,Virtual,NV,89128,Las Vegas,911 N Buffalo Dr Unit 213,1815179774,Wendy Wood,Detail Only,Phone Call with Clinical Staff,"['Zemlora', 'Trivaxa', 'Neurexa', 'RxProgram']",Lisa Archer,974628,0,0,1,2024-08-30
a04Qk000004Aept,Field,FL,32803,Orlando,1836 Woodward St,1817749862,Angel Marshall,Detail Only,Virtual Call,"['Zemlora', 'XR-ODT']",Nathan Malone,170674,0,0,0,2024-08-29
a04Qk000004EPNd,Field,GA,30342,Atlanta,993 Johnson Ferry Rd Ste 210,1817796101,Jennifer Flores,Detail Only,Office Visit (no prescriber contact),"['Neurexa', 'RxProgram', 'Zemlora']",Timothy Duncan,377370,0,0,0,2024-09-02
a04Qk000004HzJJ,Field,VA,23116,Mechanicsville,9137 Chamberlayne Rd Ste 107,1824203293,Dr. Donna Guerrero,Detail Only,Office Visit (no prescriber contact),"['Zemlora', 'Neurexa', 'RxProgram']",Dr. Hannah Patterson,456699,1,0,0,2024-09-06
a04Qk000004AJjp,Field,NY,10013,New York,110 Lafayette St,1830540493,Scott Fritz,Detail Only,Virtual Call with HCP,"['Zemlora', 'Neurexa', 'RxProgram']",Denise Mccann,665579,1,0,0,2024-08-29
a04Qk000004CWTF,Field,AL,35768,Scottsboro,505 Burlington St,1832302913,Benjamin Morse,Detail Only,Face-to-Face with HCP,"['Neurexa', 'RxProgram', 'Zemlora', 'Trivaxa']",Joann Glass,707040,0,0,1,2024-08-30
a04Qk000004Aw8T,Field,IA,50501,Fort Dodge,126 N 10th St,1840171700,Dr. Lisa Williams,Detail Only,Virtual Call,"['Neurexa', 'RxProgram', 'Zemlora']",Jason Powell,169403,0,0,1,2024-08-29
a04Qk000004HgQL,Field,WI,53226,Wauwatosa,8651 W North Ave,1842004301,Jessica Carter,Detail Only,Office Visit (no prescriber contact),"['Neurexa', 'RxProgram', 'Zemlora', 'Trivaxa']",Carrie Wright,802258,0,0,1,2024-09-06
a04Qk00000467cP,Field,FL,33013,Hialeah,625 E 49th St Fl 2,1846519746,Crystal Richards,Detail Only,HCP Meal,"['Zemlora', 'Neurexa', 'RxProgram', 'Trivaxa']",Anthony Romero,185965,0,0,1,2024-08-24
a04Qk000004DEVt,Virtual,LA,70127,New Orleans,10001 Lake Forest Blvd Ste 302,1851059944,Michael Warner,Detail Only,Fax to HCP Office,"['Zemlora', 'Trivaxa', 'Neurexa', 'RxProgram']",Tommy Walter,127824,1,0,1,2024-09-01
a04Qk000004FxiD,Field,TX,78749,Austin,5301 Davis Ln Ste 200A,1864348337,Alexandria Burnett,Detail Only,HCP Meal,"['Zemlora', 'Neurexa', 'RxProgram', 'Trivaxa']",Eric Carney,197251,0,0,1,2024-09-02
a04Qk000004CEw9,Field,AZ,85713,Tucson,2800 E Ajo Way,1870261141,Clinton Maldonado,Detail Only,Virtual Call,"['Neurexa', 'RxProgram', 'Zemlora']",Bailey Duran DDS,217301,1,1,1,2024-09-01
a04Qk000004DLE1,Field,MO,63128,Saint Louis,13303 Tesson Ferry Rd Ste 150,1872162119,Leah Cordova,Detail Only,HCP Meal,"['Trivaxa', 'Neurexa', 'RxProgram']",Madison Poole,555884,0,0,1,2024-09-01
a04Qk000004DWXd,Field,IL,60187,Wheaton,2001 N Gary Ave Ste 210,1873475351,Regina Gordon,Detail Only,Face-to-Face with HCP,"['Neurexa', 'RxProgram', 'Zemlora']",Michelle Harmon,944151,1,0,0,2024-09-01
a04Qk000004Dh01,Field,OH,45069,West Chester,9117 Cincinnati Columbus Rd,1878264044,Patricia Taylor,Detail Only,Office Visit (no prescriber contact),"['Neurexa', 'RxProgram', 'Zemlora', 'Trivaxa']",Connor West,230889,0,1,1,2024-09-01
a04Qk000004DjY5,Field,TX,77433,Cypress,9925 Barker Cypress Rd Ste 200,1883190678,Destiny Jordan,Detail Only,Office Visit (no prescriber contact),"['Neurexa', 'RxProgram', 'Zemlora', 'Trivaxa']",Michael Powell,813536,1,0,0,2024-08-30
a04Qk000004HOhx,Field,FL,33351,Sunrise,9032 NW 55th St,1890689037,Connie Mitchell,Detail Only,HCP Meal,"['Trivaxa', 'Zemlora', 'Neurexa', 'RxProgram']",Joyce Solis,375504,0,0,0,2024-09-06
a04Qk000004DMA5,Field,NC,27106,Winston Salem,5093 University Pkwy,1893833761,Alexandra Lozano,Detail Only,Office Visit (no prescriber contact),"['Zemlora', 'Neurexa', 'RxProgram']",Aimee Montoya,482554,0,0,0,2024-09-02
a04Qk0000046HqH,Field,OH,45342,Miamisburg,9049 Springboro Pike,1895955336,Rick Boyd,Detail Only,Virtual Call with HCP,"['Neurexa', 'RxProgram', 'Zemlora']",Sherri Baker,106814,1,1,1,2024-08-24
a04Qk000004Dm7l,Field,VA,23113,Midlothian,155521 Midlothian Tpke Ste 105,1904529229,Nathan Heath,Detail Only,Office Visit (no prescriber contact),"['Neurexa', 'RxProgram', 'Zemlora']",Parker Cain,923267,0,1,1,2024-09-01
a04Qk000004EuT3,Field,LA,70584,Sunset,127 Acorn Dr Ste B,1912156432,Brent Strong,Detail Only,Office Visit (no prescriber contact),"['Norexel', 'Neurexa', 'RxProgram']",Timothy Romero,226882,0,1,1,2024-09-02
a04Qk000004H9m9,Field,OH,43055,Newark,65 Messimer Dr,1915048834,Aaron Brown,Detail Only,Office Visit (no prescriber contact),"['Neurexa', 'RxProgram', 'Zemlora', 'Trivaxa']",Courtney Rodriguez,921414,0,0,0,2024-09-06
a04Qk0000045m9l,Field,WV,26104,Parkersburg,3194 Core Rd,1915162966,Jacqueline Long,Detail Only,Virtual Call,"['Neurexa', 'RxProgram', 'Zemlora', 'Trivaxa']",Michael Evans,344098,0,0,1,2024-08-24
a04Qk0000043iWr,Field,AZ,85260,Scottsdale,10752 N 89th Pl Ste C230,1917813263,Michelle Lewis DDS,Detail Only,HCP Meal,"['Neurexa', 'RxProgram', 'Zemlora']",Heather Fields,198907,0,0,0,2024-08-26
a04Qk000004DZyX,Field,NC,27834,Greenville,707 W H Smith Blvd,1923536084,Robert Moody,Detail Only,HCP Meal,"['Neurexa', 'RxProgram', 'Zemlora', 'Trivaxa']",Olivia Harris,823378,0,1,1,2024-09-01
a04Qk000004AoNq,Field,NC,27524,Four Oaks,864 Black Creek Rd,1925129112,Jason Webb,Detail Only,Virtual Call,"['Neurexa', 'RxProgram', 'Zemlora']",Sarah Moore,148050,0,0,1,2024-08-29
a04Qk000004B5i2,Field,AZ,85051,Phoenix,10000 N 31st Ave Ste C302,1932178822,Amanda Marquez,Detail Only,Face-to-Face with HCP,"['Neurexa', 'RxProgram', 'Zemlora']",Richard Aguirre,946335,0,0,1,2024-09-01
a04Qk000004HDTB,Field,LA,70508,Lafayette,206 Energy Pkwy,1933094775,Jennifer Manning,Detail Only,Office Visit (no prescriber contact),"['Neurexa', 'RxProgram', 'Zemlora']",Derek Zuniga,131244,0,0,1,2024-09-06
a04Qk000004Dm2v,Field,PA,19462,Plymouth Meeting,1000 Germantown Pike Ste H4,1942985389,Nicholas Johnson,Detail Only,Office Visit (no prescriber contact),"['Neurexa', 'RxProgram', 'Zemlora']",Jamie Smith,214975,0,0,1,2024-08-30
a04Qk000004Eqyv,Field,AZ,85085,Phoenix,34225 N 27th Dr Ste 140,1952555833,William Carpenter,Detail Only,Virtual Call,"['Neurexa', 'RxProgram', 'Zemlora']",Crystal Johnson,330283,0,0,0,2024-09-02
a04Qk00000474qz,Field,CT,06810,Danbury,24 Hospital Ave,1957798751,Paul Daniels,Detail Only,Virtual Call,"['Neurexa', 'RxProgram', 'Zemlora', 'Trivaxa']",Charles Shah,360735,0,1,1,2024-08-24
a04Qk000004DlZt,Field,GA,31605,Valdosta,3312 N Oak Street Ext Bldg D,1959406163,Thomas Smith,Detail Only,Face-to-Face with HCP,"['Neurexa', 'RxProgram', 'Zemlora']",Ryan Munoz,207473,0,0,0,2024-09-02
a04Qk000004DZtj,Field,LA,70583,Scott,913 Alfred St,1962469663,Michael Holt,Detail Only,HCP Meal,"['Zemlora', 'Neurexa', 'RxProgram']",Matthew Mcmillan,270555,1,0,1,2024-09-01
a04Qk000004DZbx,Field,NE,68144,Omaha,2727 S 144th St Ste 280,1962748950,Deborah Dominguez,Detail Only,HCP Meal,"['Neurexa', 'RxProgram', 'Zemlora']",Nancy Jennings,888387,1,0,1,2024-09-01
a04Qk000004AEiX,Virtual,LA,70808,Baton Rouge,7373 Perkins Rd,1972530131,Norman Williamson,Detail Only,Fax to HCP Office,"['Zemlora', 'Trivaxa', 'Neurexa', 'RxProgram']",Joann Ferguson,238890,0,0,1,2024-08-29
a04Qk000004DgAP,Field,TN,37421,Chattanooga,6918 Shallowford Rd Ste 226,1973498754,Kristi Sanders,Detail Only,Virtual Call,"['Zemlora', 'XR-ODT']",Marc Moore,356702,0,0,0,2024-09-01
a04Qk000004CTn7,Field,NC,27540,Holly Springs,106 Hyannis Dr,1976350539,Elizabeth Nunez,Detail Only,Office Visit (no prescriber contact),"['Zemlora', 'Trivaxa']",Joshua Perry,195325,0,0,1,2024-08-30
a04Qk000003g9DF,Field,AZ,85016,Phoenix,2355 E Cambelback Rd Ste 625,1986214497,Stephanie Hodge,Detail Only,HCP Meal,"['Neurexa', 'RxProgram', 'Zemlora']",Jeffrey Mills,850981,0,0,0,2024-08-29
a04Qk000004BrWX,Field,OH,43082,Westerville,925 N State St Ste 250,1986362584,Brian Lawrence,Detail Only,Office Visit (no prescriber contact),"['Neurexa', 'RxProgram', 'Zemlora', 'Trivaxa']",Dr. Hannah Patterson,456699,0,0,1,2024-08-30
a04Qk000004GwTx,Field,GA,30043,Lawrenceville,1925 Old Peachtree Rd NE,1990764263,Jill Murphy,Detail Only,HCP Meal,"['Neurexa', 'RxProgram', 'Zemlora']",Alyssa Day,166613,1,0,1,2024-09-06
a04Qk000003Xf2f,Field,IA,51105,Sioux City,1125 Pierce St Ste 100,1994741863,Christine Rogers,Detail Only,HCP Meal,"['Neurexa', 'RxProgram', 'Trivaxa']",Jessica Gross,265840,1,1,0,2024-08-30
a04Qk000004CUhZ,Field,LA,70503,Lafayette,437 Heymann Blvd,2002263681,Barbara Gardner,Detail Only,HCP Meal,"['Zemlora', 'Neurexa', 'RxProgram', 'Trivaxa', 'Norexel']",Elaine Brooks,392004,0,0,0,2024-08-30
a04Qk000004DmVx,Field,PA,19406,King Of Prussia,201 Mall Blvd # St 204,2003263513,Alexis Newton,Detail Only,Office Visit (no prescriber contact),"['Neurexa', 'RxProgram', 'Zemlora', 'Trivaxa']",Christopher Smith,269396,0,1,1,2024-09-01
a04Qk000004Ebv3,Field,IL,60014,Crystal Lake,350 E Congress Pkwy Ste C,2004743724,Jacob Morris,Detail Only,Office Visit (no prescriber contact),"['Neurexa', 'RxProgram']",Kiara Mcintyre,589710,0,0,1,2024-09-02
a04Qk000004DlwT,Field,PA,18940,Newtown,760 Newtown Yardley Rd Ste 122,2008073181,Gary Koch,Detail Only,Office Visit (no prescriber contact),"['Zemlora', 'Trivaxa', 'Neurexa', 'RxProgram']",Joanna Pacheco,648177,0,0,1,2024-09-01
a04Qk000004FvbZ,Field,KS,66047,Lawrence,4951 W 18th St,2008184217,Robert Galvan,Detail Only,HCP Meal,"['Neurexa', 'RxProgram', 'Zemlora']",Christopher Parker,955662,1,0,1,2024-09-03
a04Qk000004EVb8,Virtual,LA,70810,Baton Rouge,10523 N Oak Hills Pkwy Ste A,2013820280,Samantha Woodward,Detail Only,Fax to HCP Office,"['Zemlora', 'Trivaxa', 'Neurexa', 'RxProgram']",Dana Chapman,171849,1,0,1,2024-09-02
a04Qk000004CzLZ,Field,FL,32905,Palm Bay,5200 Babcock St NE Ste 108,2014264642,Thomas Hall,Detail Only,Face-to-Face with HCP,"['Zemlora', 'Trivaxa']",Samantha Garcia,407757,0,0,0,2024-08-30
a04Qk000004EIcL,Field,SC,29201,Columbia,1911 Gadsden St Ste 101,2015112147,Jessica Owens,Detail Only,Office Visit (no prescriber contact),"['Zemlora', 'Neurexa', 'RxProgram', 'Trivaxa']",Michael Wang,855731,0,0,1,2024-09-02
a04Qk000004H6gD,Field,SC,29201,Columbia,1911 Gadsden St Ste 101,2015112147,Jessica Owens,Detail Only,Office Visit (no prescriber contact),"['Zemlora', 'Trivaxa', 'Neurexa', 'RxProgram']",Dustin Jordan,429963,1,0,1,2024-09-06
a04Qk000004B62z,Field,FL,33511,Brandon,1119 Nikki View Dr,2016088167,Dana Terry,Detail Only,Face-to-Face with HCP,"['Neurexa', 'RxProgram', 'Zemlora']",Gina Moore,246316,0,0,1,2024-08-29
a04Qk000004HKst,Field,FL,33511,Brandon,1119 Nikki View Dr,2016088167,Dana Terry,Detail Only,Face-to-Face with HCP,"['Neurexa', 'RxProgram', 'Zemlora']",Yvonne Burns,335612,0,0,1,2024-09-06
a04Qk0000046FdB,Field,OH,45230,Cincinnati,7810 5 Mile Rd,2016476391,Cory Lee,Detail Only,HCP Meal,"['Neurexa', 'RxProgram', 'Zemlora', 'Trivaxa']",Jessica Smith,779514,0,0,0,2024-08-24
a04Qk000004Hk8z,Field,OH,45230,Cincinnati,7810 5 Mile Rd,2016476391,Cory Lee,Detail Only,HCP Meal,"['Neurexa', 'RxProgram', 'Zemlora', 'Trivaxa']",Jennifer Adkins,757924,0,0,1,2024-09-06
a04Qk000004HUdh,Field,KY,40243,Louisville,400 Blankenbaker Pkwy Ste 200,2018922024,John Morrison,Detail Only,HCP Meal,"['Neurexa', 'RxProgram', 'Zemlora', 'Trivaxa']",Thomas Atkins,159642,0,0,1,2024-09-06
a04Qk0000047XMj,Field,OH,45373,Troy,31 S Stanfield Rd Ste 301,2019464720,Teresa Hall,Detail Only,HCP Meal,"['Neurexa', 'RxProgram', 'Zemlora']",Maria Jones,378517,1,0,0,2024-08-25
a04Qk0000046G7p,Field,PA,19001,Abington,1047 Old York Rd Ste 1,2022520944,Kevin Molina,Detail Only,Office Visit (no prescriber contact),"['Zemlora', 'Trivaxa', 'Neurexa', 'RxProgram']",Connie Brown,939482,0,0,0,2024-08-24
a04Qk000004DEAv,Field,PA,19001,Abington,1047 Old York Rd Ste 1,2022520944,Kevin Molina,Detail Only,Face-to-Face with HCP,"['Trivaxa', 'Zemlora', 'Neurexa', 'RxProgram']",Keith Jennings,946721,0,0,1,2024-09-01
a04Qk0000045iR7,Field,NY,10595,Valhalla,100 Woods Rd,2026933229,Robert Douglas,Detail Only,Virtual Call,"['Neurexa', 'RxProgram', 'Zemlora', 'Trivaxa']",Sandra Drake,656926,0,0,1,2024-08-24
a04Qk000004Hm2j,Field,TX,75460,Paris,695 33rd St SE,2029725737,Jesse Rodriguez,Detail Only,Virtual Call,"['Neurexa', 'RxProgram', 'Zemlora', 'Trivaxa']",Lauren Daniels,838797,0,0,0,2024-09-06
a04Qk000004Humf,Virtual,CA,94102,San Francisco,490 Post St Ste 1640,2029905647,Zachary Mcdonald,Detail Only,Phone Call with Office Staff,"['Zemlora', 'Neurexa', 'RxProgram']",Christine Wright,660086,0,0,0,2024-09-06
a04Qk000004Hq4k,Virtual,CA,94102,San Francisco,490 Post St Ste 1640,2029905647,Zachary Mcdonald,Detail Only,Fax to HCP Office,"['Neurexa', 'RxProgram']",Denise Mccann,665579,0,0,1,2024-09-06
a04Qk000004Aakf,Field,LA,70508,Lafayette,320 Settlers Trace Blvd,2030765801,Samuel Hughes,Detail Only,Office Visit (no prescriber contact),['Norexel'],Evelyn Galvan,497887,0,0,0,2024-08-29
a04Qk0000046FEz,Field,FL,34655,Trinity,9330 Hc 54,2031632728,Peter Poole,Detail Only,Face-to-Face with HCP,"['Neurexa', 'RxProgram', 'Zemlora']",Sharon Cochran,383060,0,0,1,2024-08-24
a04Qk000004D0sl,Field,MO,63141,Saint Louis,777 Craig Rd Ste 130,2032856429,Vanessa Cooper,Detail Only,HCP Meal,"['Neurexa', 'RxProgram', 'Zemlora']",Diane Evans,359947,1,1,0,2024-08-30
a04Qk000004FyJJ,Field,KY,41017,Fort Mitchell,250 Grandview Dr Ste 575,2034832541,Caleb Shelton,Detail Only,Face-to-Face with HCP,"['Neurexa', 'RxProgram', 'Zemlora']",Anthony Romero,185965,1,0,0,2024-09-03
a04Qk0000048HB3,Field,AL,36607,Mobile,2560 Old Shell Rd,2036921989,Nicole Ball,Detail Only,Office Visit (no prescriber contact),"['Zemlora', 'Neurexa', 'RxProgram']",Jennifer Collins,723939,1,1,1,2024-08-25
a04Qk0000048UMn,Field,NC,28401,Wilmington,1907 S 17th St Ste 1,2037921160,Annette Welch,Detail Only,Face-to-Face with HCP,"['Neurexa', 'RxProgram', 'Zemlora', 'Trivaxa']",Emily Bennett,579434,0,0,0,2024-08-25
a04Qk000004At8z,Field,MI,49444,Norton Shores,1455 Farr Rd,2042115452,Christine Hernandez,Detail Only,HCP Meal,"['Trivaxa', 'Zemlora', 'Neurexa', 'RxProgram']",Julie Alexander,100599,0,0,1,2024-09-02
a04Qk000004AIar,Field,KY,40223,Louisville,9905 Shelbyville Rd,2043573640,William Mcgee,Detail Only,Office Visit (no prescriber contact),"['Neurexa', 'RxProgram', 'Zemlora', 'Trivaxa']",Daniel Kane,677057,0,0,1,2024-08-29
a04Qk000004Hn8T,Field,OH,45040,Mason,8185 Corporate Way,2048264410,Alexander Anderson,Detail Only,Face-to-Face with HCP,"['Neurexa', 'RxProgram', 'Zemlora', 'Trivaxa']",Matthew Moon,676510,0,1,0,2024-09-06
a04Qk000004ENs5,Field,RI,02886,Warwick,300 Centerville Rd Ste 101W,2061373765,Allison Reyes,Detail Only,Virtual Call,"['Neurexa', 'RxProgram', 'Zemlora']",Sara Fuller,790993,0,0,0,2024-09-01
a04Qk000004Ezqv,Field,NC,28025,Concord,280 Executive Park Dr Ste 100,2067519164,Steven Crawford,Detail Only,Virtual Call with HCP,"['Neurexa', 'RxProgram', 'Zemlora', 'Trivaxa']",Jesse Perez,497382,1,0,1,2024-09-02
a04Qk000004AYKf,Field,NJ,08033,Haddonfield,807 N Haddon Ave Ste 215,2072066980,Barbara Brown,Detail Only,HCP Meal,"['Neurexa', 'RxProgram', 'Zemlora']",Lindsey Walker,267753,0,0,1,2024-08-29
a04Qk0000044ZT7,Field,OH,43085,Worthington,1035 Proprietors Rd,2072201183,Taylor Kim,Detail Only,HCP Meal,"['Neurexa', 'RxProgram', 'Zemlora']",Brian Lee,899550,0,0,0,2024-08-25
a04Qk000004CPoN,Field,NC,28372,Pembroke,812 Candy Park Rd,2074184625,Patrick Ferguson,Detail Only,Virtual Call with HCP,"['Norexel', 'Neurexa', 'RxProgram']",Ashley Wise,690341,0,0,1,2024-08-30
a04Qk000004HnJl,Field,FL,32570,Milton,5804 Dogwood Dr,2075803920,Carl Dennis,Detail Only,Office Visit (no prescriber contact),"['Zemlora', 'Neurexa', 'RxProgram']",Joshua Cooke,654816,0,1,0,2024-09-06
a04Qk000004BtQH,Field,SC,29072,Lexington,103 Thompson St Ste 100,2083154748,Sara Jones,Detail Only,Office Visit (no prescriber contact),"['Trivaxa', 'Zemlora', 'Neurexa', 'RxProgram']",Michelle Evans,380746,0,0,1,2024-08-30
a04Qk000004FeHN,Field,NJ,08080,Sewell,269 Fish Pond Rd,2083533533,Louis Cooper,Detail Only,HCP Meal,"['Trivaxa', 'Neurexa', 'RxProgram']",David Thompson,783823,0,0,1,2024-09-03
a04Qk000004ELaA,Field,GA,30342,Atlanta,993 Johnson Ferry Rd NE,2085448191,Jennifer Reynolds,Detail Only,Office Visit (no prescriber contact),"['Neurexa', 'RxProgram', 'Zemlora']",Aaron Wise,835911,0,0,0,2024-09-02
a04Qk000004B1Eb,Field,IL,60048,Libertyville,1860 W Winchester Rd Ste 106,2096301051,Lydia Morales,Detail Only,Office Visit (no prescriber contact),"['Neurexa', 'RxProgram', 'Zemlora', 'Trivaxa']",Matthew Moon,676510,0,1,1,2024-08-29
a04Qk0000045yFm,Field,SC,29708,Tega Cay,1180 Stonecrest Blvd Ste 101,2098560720,Kevin Vasquez,Detail Only,Office Visit (no prescriber contact),"['Neurexa', 'RxProgram', 'Zemlora', 'Trivaxa']",Daniel Murphy,500156,1,0,1,2024-08-24
a04Qk0000047XY1,Field,TX,77581,Pearland,2017 Broadway St Ste A,2100966872,Arthur Barton,Detail Only,Face-to-Face with HCP,"['Trivaxa', 'Neurexa', 'RxProgram']",Marc Moore,356702,1,0,1,2024-08-25
a04Qk000004HhEL,Field,MI,48314,Sterling Heights,41400 Dequindre Rd Ste 107,2101582936,Connie Pierce,Detail Only,Office Visit (no prescriber contact),"['Zemlora', 'Neurexa', 'RxProgram']",Allison Hickman,610311,1,0,1,2024-09-06
a04Qk000004DmkT,Field,TX,78737,Austin,7900 FM 1826 Bldg 1 Ste 240,2104943178,Leah Williams,Detail Only,Office Visit (no prescriber contact),"['Trivaxa', 'Zemlora', 'Neurexa', 'RxProgram']",Laura Haney,922733,1,0,0,2024-09-01
a04Qk000004JuCH,Field,TX,78737,Austin,7900 Farm To Market Rd 1826 220,2104943178,Leah Williams,Detail Only,Office Visit (no prescriber contact),"['Trivaxa', 'Zemlora', 'Neurexa', 'RxProgram']",William Baker,748564,0,0,1,2024-09-06
a04Qk000004Fhoj,Field,PA,18045,Easton,1700 St Lukes Blvd Ste 300,2114023977,Stephen Owen,Detail Only,Office Visit (no prescriber contact),"['Neurexa', 'RxProgram', 'Zemlora', 'Trivaxa']",William Herrera,983794,1,0,1,2024-09-03
a04Qk000004ANc9,Virtual,CA,90211,Beverly Hills,8383 Wilshire Blvd Ste 520,2115232072,Norma Williams,Detail Only,Phone Call with Office Staff,"['Zemlora', 'Neurexa', 'RxProgram']",Angelica Tucker,263032,1,0,0,2024-08-29
a04Qk0000046NfZ,Field,VA,23502,Norfolk,6330 Newtown Rd Ste 250,2121115691,Linda Davis,Detail Only,HCP Meal,"['Zemlora', 'Neurexa', 'RxProgram']",Jamie Walton,724834,0,0,0,2024-08-24
a04Qk0000048sqX,Field,FL,32605,Gainesville,912 NW 57th St,2126459572,Ellen Wright,Detail Only,Face-to-Face with HCP,"['Zemlora', 'XR-ODT']",Diane Evans,359947,1,1,0,2024-08-25
a04Qk000004Etta,Field,KS,67214,Wichita,855 N Hillside St,2129649193,Alexandra Scott,Detail Only,Face-to-Face with HCP,"['Neurexa', 'RxProgram', 'Trivaxa', 'Zemlora']",Tricia Valencia,571029,0,0,0,2024-09-02
a04Qk000004DkAn,Field,TX,75034,Frisco,5680 Frisco Square Blvd Ste 3000,2131832476,Eric Smith,Detail Only,Virtual Call,"['Zemlora', 'Neurexa', 'RxProgram']",Joann Ferguson,238890,0,0,0,2024-09-01
a04Qk000004ErJt,Field,SC,29407,Charleston,4 Carriage Ln Ste 200,2134488281,James Smith,Detail Only,HCP Meal,"['Zemlora', 'Neurexa', 'RxProgram']",Felicia Aguilar,804318,0,1,1,2024-09-01
a04Qk000004FogX,Field,FL,33609,Tampa,3333 John F Kennedy Blvd Unit 106,2136944354,John Arias,Detail Only,HCP Meal,"['Neurexa', 'RxProgram', 'Zemlora', 'Trivaxa']",Nancy Jennings,888387,0,0,0,2024-09-02
a04Qk000004H6xy,Field,FL,33578,Riverview,6332 US Highway 301 S,2136944354,John Arias,Detail Only,Face-to-Face with HCP,"['Neurexa', 'RxProgram', 'Zemlora', 'Trivaxa']",Joyce Bowen,174441,0,0,0,2024-09-06
a04Qk000004DNUL,Field,RI,02864,Cumberland,2138 Mendon Rd Ste 104,2136951516,David Aguilar,Detail Only,HCP Meal,"['Neurexa', 'RxProgram', 'Zemlora', 'Trivaxa']",Cynthia Rowe,716886,0,0,0,2024-09-01
a04Qk0000045fTF,Virtual,NY,11716,Bohemia,3920 Veterans Memorial Highway Ste 8,2138232231,Taylor Reed,Detail Only,Phone Call with Office Staff,['Lexcura/Cymbrin/Multi-Vi-Flor'],Joann Ferguson,238890,0,0,0,2024-08-24
a04Qk000004AZgX,Virtual,NJ,07090,Westfield,570 Westfield Ave,2138303279,Gabriel Jimenez,Detail Only,Phone Call with Office Staff,['Lexcura/Cymbrin/Multi-Vi-Flor'],Veronica Simpson,717024,0,0,1,2024-08-29
a04Qk0000046Ikj,Field,NC,28403,Wilmington,3240 Burnt Mill Dr Ste 1,2147514753,Shannon Knapp,Detail Only,Face-to-Face with HCP,"['Neurexa', 'RxProgram', 'Zemlora']",Michael Powell,813536,0,0,0,2024-08-24
a04Qk000004EVkn,Field,NC,28403,Wilmington,3240 Burnt Mill Dr Ste 1,2147514753,Shannon Knapp,Detail with Sample,Face-to-Face with HCP,"['Neurexa', 'RxProgram', 'Zemlora', 'Norexel']",Gregory Ponce,776856,1,0,1,2024-09-02
a04Qk0000048Pzp,Field,FL,32746,Lake Mary,385 Waymont Ct,2147867991,David Hood,Detail Only,Face-to-Face with HCP,"['Zemlora', 'XR-ODT']",Tanner Mitchell DDS,299659,0,0,1,2024-08-26
a04Qk000004H405,Field,NC,28621,Elkin,124 Samaritans Ridge Rd,2154429792,Timothy Taylor,Detail Only,Office Visit (no prescriber contact),"['Neurexa', 'RxProgram', 'Zemlora']",Diana May,440035,0,0,0,2024-09-06
a04Qk000004ExNh,Field,FL,32607,Gainesville,529 NW 60th St,2155070804,Emily Medina,Detail Only,Face-to-Face with HCP,"['Zemlora', 'XR-ODT']",Paul Lewis,161324,0,0,0,2024-09-02
a04Qk000004Cgu1,Field,GA,30328,Atlanta,6135 Barfield Rd Ste 200,2158944778,Tonya Parker,Detail Only,Virtual Call,"['Neurexa', 'RxProgram', 'Zemlora']",Karen Graham,103402,0,0,1,2024-08-30
a04Qk000004HuY9,Virtual,CA,94123,San Francisco,3061 Fillmore St,2165786251,Bradley Hutchinson,Detail Only,Phone Call with Office Staff,"['Zemlora', 'Neurexa', 'RxProgram']",Jordan Chambers,163556,1,0,0,2024-09-06
a04Qk000004CFLx,Field,OH,45208,Cincinnati,3330 Erie Ave Ste 8,2166087833,Cory Lee,Detail Only,Face-to-Face with HCP,"['Neurexa', 'RxProgram', 'Zemlora', 'Trivaxa']",Brent Jordan,145561,0,0,0,2024-08-30
a04Qk000004BzPF,Field,AL,35758,Madison,44 Hughes Rd Ste 2350,2169025550,Ariel Alexander,Detail Only,HCP Meal,"['Neurexa', 'RxProgram', 'Zemlora']",Stephanie Manning,711878,1,0,0,2024-08-30
a04Qk0000047809,Field,IA,50266,West Des Moines,6010 Mills Civic Pkwy Ste 200,2169805529,Linda Jenkins,Detail Only,Face-to-Face with HCP,"['Neurexa', 'RxProgram', 'Zemlora']",Chad Scott,599948,0,0,1,2024-08-25
a04Qk000004Jtkr,Field,TX,77706,Beaumont,3560 Delaware St Ste 502,2169933834,Charles Spence,Detail Only,Office Visit (no prescriber contact),"['Zemlora', 'Neurexa', 'RxProgram']",Richard Aguirre,946335,1,1,1,2024-09-06
a04Qk000002u6MZ,Field,IA,50266,West Des Moines,2900 Westown Pkwy Ste 130,2173003191,Sylvia Mcgee,Detail Only,Office Visit (no prescriber contact),"['Neurexa', 'RxProgram', 'Zemlora']",Paul Jones,205907,0,0,1,2024-08-29
a04Qk000004ENyX,Field,MA,01923,Danvers,85 Constitution Ln Ste 300C4,2174159052,Emily Campbell,Detail Only,Office Visit (no prescriber contact),"['Neurexa', 'RxProgram', 'Zemlora']",Gwendolyn Klein,314181,0,0,1,2024-09-02
a04Qk0000048wHR,Field,TX,77058,Houston,2565 Bay Area Blvd,2186519006,Dustin Kennedy,Detail Only,Office Visit (no prescriber contact),"['Zemlora', 'Neurexa', 'RxProgram']",Mr. Andrew Foster,152578,0,0,0,2024-08-26
a04Qk000004Dktx,Field,TX,77058,Houston,2565 Bay Area Blvd,2186519006,Dustin Kennedy,Detail Only,Office Visit (no prescriber contact),"['Zemlora', 'Neurexa', 'RxProgram']",Ryan Munoz,207473,0,0,0,2024-09-01
a04Qk000004AcBN,Field,GA,30024,Suwanee,1325 Satellite Blvd NW Bldg 400,2187218947,William Flores,Detail Only,HCP Meal,"['Neurexa', 'RxProgram', 'Zemlora']",Sierra Johnson,584714,0,0,1,2024-08-29
a04Qk000004766Q,Field,GA,31904,Columbus,3934 Woodruff Rd,2188583824,John Snyder,Detail Only,Virtual Call with HCP,"['Neurexa', 'RxProgram', 'Zemlora']",Stephen Hoffman,455784,0,0,1,2024-08-25
a04Qk000004EQI5,Field,NE,68502,Lincoln,2130 S 17th St Ste 100,2189577229,Debbie Davis,Detail Only,Face-to-Face with HCP,"['Neurexa', 'RxProgram', 'Zemlora']",Lisa Barnes,403445,1,0,1,2024-09-02
a04Qk000004DT9K,Field,FL,33710,Saint Petersburg,1700 66th St N Ste 207,2194724179,Michelle Johnson,Detail Only,HCP Meal,"['Neurexa', 'RxProgram', 'Zemlora', 'Trivaxa']",Susan Murray MD,804314,0,1,1,2024-09-01
a04Qk000004CDYg,Field,KS,66210,Overland Park,11725 W 112th St,2201515964,Cynthia Preston,Detail Only,HCP Meal,"['Neurexa', 'RxProgram', 'Zemlora']",Kathy Rivas,549245,1,0,0,2024-08-30
a04Qk0000045YJi,Field,PA,19102,Philadelphia,1528 Walnut St Ste 1414,2218348720,David Dean,Detail Only,HCP Meal,"['Zemlora', 'Neurexa', 'RxProgram']",Brian Rodriguez,488162,0,0,1,2024-08-24
a04Qk000004DEFl,Field,PA,19102,Philadelphia,1528 Walnut St Ste 1414,2218348720,David Dean,Detail Only,HCP Meal,"['Zemlora', 'Neurexa', 'RxProgram']",Jamie Walton,724834,0,1,0,2024-09-01
a04Qk000004DIeL,Field,NY,10003,New York,57 Saint Marks Pl,2222454645,Carol Parker,Detail Only,Office Visit (no prescriber contact),"['Neurexa', 'RxProgram', 'Zemlora']",Matthew Moore,842225,0,0,0,2024-08-29
a04Qk000004BsAs,Field,SC,29070,Leesville,608 E Columbia Ave,2232125562,James Oneal,Detail Only,Office Visit (no prescriber contact),"['Zemlora', 'Neurexa', 'RxProgram', 'Trivaxa']",Laura Roberts,172574,1,0,1,2024-08-30
a04Qk000004B13J,Field,IL,60048,Libertyville,1860 W Winchester Rd Ste 106,2233725857,Amy Coleman,Detail Only,Office Visit (no prescriber contact),"['Neurexa', 'RxProgram', 'Zemlora']",Michael Lewis,733052,0,0,0,2024-08-29
a04Qk000004C1R3,Field,LA,70518,Broussard,109 Saint Nazaire Rd Ste B,2234707199,Vanessa Ryan,Detail Only,Office Visit (no prescriber contact),"['Zemlora', 'Neurexa', 'RxProgram']",Stephanie Williams,349565,0,0,1,2024-08-30
a04Qk000004Alkv,Field,NC,28117,Mooresville,206 Joe V Knox Ave Ste F,2234820928,Mrs. Savannah Strickland DDS,Detail Only,HCP Meal,"['Zemlora', 'Neurexa', 'RxProgram']",Barbara Dudley,847581,0,0,1,2024-08-30
a04Qk000004DGZJ,Virtual,NJ,07960,Morristown,261 James St Ste 1G,2240342521,Colleen Burns,Detail Only,Phone Call with Clinical Staff,['Lexcura/Cymbrin/Multi-Vi-Flor'],Glen Wood,707314,1,1,0,2024-09-01
a04Qk000004DksL,Field,TX,77598,Webster,16 Professional Park Dr,2243878819,Jennifer Brandt,Detail Only,Office Visit (no prescriber contact),"['Trivaxa', 'Neurexa', 'RxProgram']",Kathleen Moran,781446,0,0,0,2024-09-01
a04Qk000004AYkT,Field,NC,28546,Jacksonville,200 Tarpon Trl,2244355783,Renee Blanchard,Detail Only,HCP Meal,"['Neurexa', 'RxProgram', 'Zemlora']",Yvonne Chambers,791798,0,0,1,2024-08-29
a04Qk000004Ad4D,Field,GA,30024,Suwanee,1325 Satellite Blvd NW Bldg 400,2245792336,Kristina Scott,Detail Only,HCP Meal,"['Neurexa', 'RxProgram', 'Zemlora']",Jessica Garcia,174299,1,0,1,2024-08-29
a04Qk000004741N,Field,OH,43065,Powell,55 Clairedan Dr,2247400920,Amber Garcia,Detail Only,Office Visit (no prescriber contact),"['Zemlora', 'Trivaxa', 'Neurexa', 'RxProgram']",Melissa Martinez,916449,0,0,0,2024-08-25
a04Qk000004Dkqj,Field,TX,77598,Webster,16 Professional Park Dr,2251951395,Danielle Wallace,Detail Only,Face-to-Face with HCP,"['Zemlora', 'Trivaxa']",Nathan Freeman,211579,0,0,0,2024-09-01
a04Qk000004Hc4z,Field,KY,40207,Louisville,4010 Dupont Cir Ste 202,2252721016,Johnathan Holland,Detail Only,Virtual Call with HCP,"['Neurexa', 'RxProgram', 'Zemlora', 'Trivaxa']",Kelly Donovan,183667,0,0,1,2024-09-06
a04Qk0000045iHR,Field,GA,30277,Sharpsburg,105 Fischer Marketplace Ln Ste 200,2254409458,James Thomas,Detail Only,Face-to-Face with HCP,"['Neurexa', 'RxProgram', 'Zemlora']",Gregory Ponce,776856,0,0,1,2024-08-24
a04Qk000004IwHl,Field,AL,35223,Mountain Brk,300 Office Park Dr Ste 303,2255250400,Alexandra Anderson,Detail Only,HCP Meal,"['Zemlora', 'Trivaxa', 'Neurexa', 'RxProgram']",Kenneth Scott,961722,0,1,0,2024-09-06
a04Qk000004EW5l,Field,AL,35801,Huntsville,115 Saint Clair Ave SE Ste 200,2258264554,Robert Thornton,Detail Only,Office Visit (no prescriber contact),"['Neurexa', 'RxProgram', 'Zemlora', 'Trivaxa']",Jennifer Collins,723939,0,0,1,2024-09-02
a04Qk000004Ch3i,Field,OH,43214,Columbus,4885 Olentangy River Rd Ste 2-50,2264075636,Angela Cooper,Detail Only,HCP Meal,"['Neurexa', 'RxProgram', 'Zemlora', 'Trivaxa']",Aimee Turner,712554,0,0,1,2024-09-01
a04Qk0000047OEb,Virtual,MO,65804,Springfield,1300 E Bradford Pkwy,2265876193,Steven Clark,Detail Only,Phone Call with Clinical Staff,"['Zemlora', 'Neurexa', 'RxProgram']",Sandra Aguilar,738720,1,0,0,2024-08-25
a04Qk0000046Fy9,Field,OH,45230,Cincinnati,7400 Jager Ct,2272191122,Lisa Wilson,Detail Only,Face-to-Face with HCP,"['Neurexa', 'RxProgram', 'Zemlora', 'Trivaxa']",Lisa Allen,324643,0,0,1,2024-08-24
a04Qk000004EkVK,Field,MD,21204,Towson,7600 Osler Dr Ste 404,2273009066,Linda Leon,Detail Only,Office Visit (no prescriber contact),"['Zemlora', 'XR-ODT']",Lawrence Adkins,220116,1,1,0,2024-09-02
a04Qk0000045orV,Field,NC,28207,Charlotte,1900 Randolph Rd Ste 800,2274214318,Mrs. Angelica Torres,Detail Only,Virtual Call with HCP,"['Zemlora', 'Neurexa', 'RxProgram', 'Trivaxa']",Ashley Hicks,808011,1,0,0,2024-08-24
a04Qk0000049005,Field,PA,19085,Villanova,795 E Lancaster Ave,2275522897,Kimberly Norris MD,Detail Only,Virtual Call with HCP,"['Zemlora', 'Neurexa', 'RxProgram']",Theresa Williams,989921,1,1,1,2024-08-25
a04Qk000004ESDR,Field,PA,19085,Villanova,795 E Lancaster Ave,2275522897,Kimberly Norris MD,Detail Only,Office Visit (no prescriber contact),"['Zemlora', 'Neurexa', 'RxProgram']",Michelle Brown,617488,0,0,0,2024-09-02
a04Qk000004Bz2f,Field,OH,45805,Lima,582 N Cable Rd,2278896169,Jacob Hernandez,Detail Only,Virtual Call with HCP,"['Neurexa', 'RxProgram', 'Zemlora', 'Trivaxa']",Nichole Alvarez,197793,1,0,0,2024-08-30
a04Qk000004BwXp,Field,OH,45805,Lima,582 N Cable Rd,2278896169,Jacob Hernandez,Detail Only,Virtual Call with HCP,"['Neurexa', 'RxProgram', 'Zemlora', 'Trivaxa']",Shannon Rivera,653306,1,0,0,2024-08-30
a04Qk0000047XUn,Field,TX,77584,Pearland,12234 Shadow Creek Pkwy Ste 4104,2279160074,Alicia Mclaughlin,Detail Only,HCP Meal,"['Zemlora', 'Neurexa', 'RxProgram']",Linda Smith,564656,1,0,0,2024-08-25
a04Qk0000047Zht,Field,VA,23226,Richmond,6714 Patterson Ave Ste 204,2285462526,Alyssa Williams,Detail Only,HCP Meal,"['Neurexa', 'RxProgram', 'Zemlora']",Deborah Figueroa,816751,0,0,1,2024-08-25
a04Qk0000045pCT,Field,GA,30265,Newnan,10 Market Square Way Ste 100,2288089545,Steven Henry,Detail with Sample,Face-to-Face with HCP,"['Neurexa', 'RxProgram', 'Norexel']",Joel Williams,503457,1,0,1,2024-08-24
a04Qk000004DRJU,Field,MI,48843,Howell,2901 E Grand River Ave,2295944660,Joseph Cook,Detail Only,Office Visit (no prescriber contact),"['Zemlora', 'Trivaxa', 'Neurexa', 'RxProgram']",Ricky Davis II,412942,0,0,1,2024-09-01
a04Qk000004H0ap,Field,NC,28277,Charlotte,14135 Ballantyne Corporate Pl,2297216810,Matthew Collins,Detail with Sample,HCP Meal,['Norexel'],Larry Dixon,340174,0,0,0,2024-09-06
a04Qk00000468QP,Field,NY,11030,Manhasset,75 Plandome Rd Ste 21,2298772926,Lindsey Allen,Detail Only,Office Visit (no prescriber contact),"['Neurexa', 'RxProgram', 'Zemlora', 'Trivaxa']",Adam Burgess,627276,0,0,1,2024-08-24
a04Qk0000045yVt,Field,SC,29708,Fort Mill,342 Patricia Ln Ste 105,2307195003,Taylor Farmer,Detail Only,HCP Meal,"['Norexel', 'Neurexa', 'RxProgram']",James Ferrell,331148,0,0,0,2024-08-24
a04Qk000004AECI,Field,NJ,08831,Monroe Township,2 Trent Rd,2311959703,Benjamin Morgan,Detail Only,Face-to-Face with HCP,"['Zemlora', 'Neurexa', 'RxProgram']",Joann Ferguson,238890,0,0,1,2024-08-25
a04Qk0000047RnZ,Field,GA,30062,Marietta,3535 Roswell Rd Ste 12,2312017641,Dustin Bruce,Detail Only,Face-to-Face with HCP,"['Neurexa', 'RxProgram', 'Zemlora', 'Trivaxa']",Matthew Harrington,363626,0,0,1,2024-08-25
a04Qk000004FcVh,Field,WI,53226,Milwaukee,9000 W Wisconsin Ave,2312259457,Rebecca Smith,Detail Only,Office Visit (no prescriber contact),"['Neurexa', 'RxProgram']",Robert Harrison,465962,0,0,1,2024-09-03
a04Qk000004Hvu1,Field,WI,53226,Milwaukee,8915 W Connell Ave,2312259457,Rebecca Smith,Detail Only,Office Visit (no prescriber contact),"['Neurexa', 'RxProgram']",Aimee Montoya,482554,1,0,1,2024-09-06
a04Qk0000046GW1,Field,NC,28704,Arden,600 Julian Ln Ste 640,2319821168,Lee Hill,Detail Only,Face-to-Face with HCP,"['Zemlora', 'Trivaxa']",Scott Williams,265080,0,0,0,2024-08-24
a04Qk000004H46Y,Virtual,PA,15317,MC Murray,6000 Waterdam Plaza Dr Ste 270,2329686200,Kevin Bruce,Detail Only,Phone Call with Office Staff,"['Zemlora', 'Neurexa', 'RxProgram']",Anthony Rodriguez,671412,1,0,1,2024-09-06
a04Qk000004HGUH,Virtual,PA,15317,MC Murray,6000 Waterdam Plaza Dr Ste 270,2329686200,Kevin Bruce,Detail Only,Fax to HCP Office,"['Neurexa', 'RxProgram']",Jeffrey Johnson,930555,0,0,1,2024-09-06
a04Qk000004Hmqj,Virtual,NC,28358,Lumberton,400 Liberty Hill Rd,2330126415,Misty Drake,Detail Only,Phone Call with Clinical Staff,['Norexel'],Matthew Foster,688508,0,0,1,2024-09-06
a04Qk000004DJ4B,Field,NY,10018,New York,1430 Broadway Rm 1608,2334177270,Jaime Nelson,Detail Only,Office Visit (no prescriber contact),"['Neurexa', 'RxProgram', 'Zemlora']",Paul Castaneda,260265,1,1,1,2024-09-01
a04Qk00000477iP,Field,IA,50266,West Des Moines,6010 Mills Civic Pkwy Ste 200,2344045710,Kyle James,Detail Only,Face-to-Face with HCP,"['Neurexa', 'RxProgram', 'Zemlora']",Kimberly Nguyen,324130,1,0,1,2024-08-25
a04Qk0000049eIT,Field,TX,77429,Cypress,13611 Skinner Rd Ste 145,2347823715,Miguel Jackson,Detail Only,Face-to-Face with HCP,"['Neurexa', 'RxProgram', 'Zemlora', 'Trivaxa']",Lauren Daniels,838797,1,0,1,2024-08-25
a04Qk000004AMMj,Field,NY,11743,Huntington,224 Wall St Ste 302,2351910429,Lonnie Ortiz,Detail Only,Office Visit (no prescriber contact),"['Zemlora', 'Trivaxa', 'Neurexa', 'RxProgram']",George Harper,350280,0,1,1,2024-08-29
a04Qk0000042vXl,Field,OH,45714,Belpre,807 Farson St Ste 101,2353108529,Lauren Gonzalez,Detail Only,HCP Meal,"['Neurexa', 'RxProgram', 'Zemlora', 'Trivaxa']",Kevin Walters,273148,0,0,0,2024-08-24
a04Qk0000047K2w,Field,KY,40059,Prospect,6302 Meeting St Unit 101,2355928755,Jacob Chen,Detail Only,Office Visit (no prescriber contact),"['Neurexa', 'RxProgram', 'Zemlora', 'Trivaxa']",Pamela Boyd,479580,0,1,0,2024-08-25
a04Qk000004G4i5,Field,TX,78746,West Lake Hills,4613 Bee Caves Rd Ste 204,2362019177,Donna Miller,Detail Only,Office Visit (no prescriber contact),"['Trivaxa', 'Zemlora', 'Neurexa', 'RxProgram']",Matthew Moore,842225,0,0,0,2024-09-03
a04Qk0000049e0k,Field,TX,77024,Houston,9525 Katy Fwy Ste 138,2364500664,Shannon Banks,Detail Only,Face-to-Face with HCP,"['Neurexa', 'RxProgram', 'Zemlora', 'Trivaxa']",Denise Mccann,665579,0,0,1,2024-08-24
a04Qk000004Dj1p,Field,TX,77024,Houston,9525 Katy Fwy Ste 138,2364500664,Shannon Banks,Detail Only,Virtual Call with HCP,"['Neurexa', 'RxProgram', 'Zemlora', 'Trivaxa']",Daniel Wagner,877572,0,1,1,2024-09-01
a04Qk000004H8Bl,Field,TX,77024,Houston,9525 Katy Fwy Ste 138,2364500664,Shannon Banks,Detail Only,Face-to-Face with HCP,"['Neurexa', 'RxProgram', 'Zemlora', 'Trivaxa']",Patricia Rodriguez,881177,0,1,1,2024-09-03
a04Qk000004DIPp,Virtual,DC,20036,Washington,2075 L St NW,2366217439,James Swanson,Detail Only,Phone Call with Office Staff,"['Zemlora', 'Neurexa', 'RxProgram']",Jason Rhodes,630458,0,1,1,2024-09-01
a04Qk000004EYM5,Virtual,NJ,07869,Randolph,765 Route 10 E Ste 203,2386362672,Lisa Mcdonald,Detail Only,Phone Call with Office Staff,['Lexcura/Cymbrin/Multi-Vi-Flor'],Julia Torres,684004,0,0,0,2024-09-02
a04Qk0000048vLN,Field,KS,67206,Wichita,1855 N Webb Rd,2387708846,Toni Williams,Detail Only,Face-to-Face with HCP,"['Neurexa', 'RxProgram', 'Zemlora']",Mary Thompson,697347,1,1,1,2024-08-26
a04Qk0000047aMD,Field,AL,35806,Huntsville,953 Jeff Rd NW,2390962651,Anthony Johnson,Detail Only,Face-to-Face with HCP,"['Neurexa', 'RxProgram', 'Zemlora']",Gina Moore,246316,1,0,1,2024-08-25
a04Qk000004Ekwj,Field,AL,35806,Huntsville,953 Jeff Rd NW,2390962651,Anthony Johnson,Detail Only,Face-to-Face with HCP,"['Neurexa', 'RxProgram', 'Zemlora']",Brian Rodriguez,488162,1,1,1,2024-09-02
a04Qk00000468tR,Virtual,NY,11570,Rockville Centre,176 N Village Ave Ste 1D,2391415806,Alan Santana,Detail Only,Phone Call with Clinical Staff,['Lexcura/Cymbrin/Multi-Vi-Flor'],Brian Rodriguez,488162,1,0,0,2024-08-24
a04Qk000004Hvh7,Field,KS,67212,Wichita,8200 W Central Ave Ste 1,2391855495,Jennifer Smith,Detail Only,HCP Meal,"['Neurexa', 'RxProgram', 'Zemlora']",Elizabeth Oliver DDS,945964,0,0,1,2024-09-06
a04Qk0000047Vkj,Field,KS,67226,Wichita,9825 E Shannon Woods Cir,2394761925,Kyle Gutierrez,Detail Only,HCP Meal,"['Neurexa', 'RxProgram', 'Zemlora', 'Trivaxa']",Courtney Mills,480612,0,0,1,2024-08-25
a04Qk000004D0nt,Field,TX,78737,Austin,7900 Farm To Market Rd 1826 Building 1 Suite 220,2403108682,Tracy Obrien,Detail Only,Face-to-Face with HCP,"['Trivaxa', 'Zemlora', 'Neurexa', 'RxProgram']",Jeremy Sampson,292401,0,0,0,2024-08-29
a04Qk000004HnjZ,Field,NC,27262,High Point,400 N Elm St,2407163903,Angela Mckenzie,Detail Only,Virtual Call,['Norexel'],Michael Farrell,161483,1,1,1,2024-09-06
a04Qk000004HVbO,Virtual,NC,27403,Greensboro,522 N Elam Ave,2407163903,Angela Mckenzie,Detail Only,Phone Call with Clinical Staff,['Norexel'],Steve Sanchez,910620,0,0,1,2024-09-06
a04Qk000004DKHx,Field,GA,31210,Macon,3951 Ridge Ave Ste B,2407942016,Sarah Barton,Detail Only,Face-to-Face with HCP,"['Neurexa', 'RxProgram', 'Zemlora']",Sarah Moore,148050,0,0,1,2024-09-01
a04Qk0000048GN3,Field,GA,30809,Evan’s,601 N Belair Sq,2408757223,Stephanie Shepherd,Detail Only,HCP Meal,"['Zemlora', 'Trivaxa', 'Neurexa', 'RxProgram']",Ana Hill,604740,1,0,1,2024-08-25
a04Qk000004AmkD,Field,GA,30809,Evans,601 N Belair Sq Ste 15,2408757223,Stephanie Shepherd,Detail Only,Office Visit (no prescriber contact),"['Trivaxa', 'Zemlora', 'Neurexa', 'RxProgram']",Bryan Herrera,308573,0,0,0,2024-08-29
a04Qk000004DFuz,Virtual,CA,90024,Los Angeles,10850 Wilshire Blvd Ste 200,2410698712,John Davis,Detail Only,Fax to HCP Office,"['Zemlora', 'Trivaxa', 'Neurexa', 'RxProgram']",Carol Tucker,969693,0,0,1,2024-09-01
a04Qk000004EumP,Field,AZ,85234,Gilbert,2550 E Guadalupe Rd Ste 115,2414137938,Richard Smith,Detail Only,HCP Meal,"['Neurexa', 'RxProgram', 'Zemlora', 'Trivaxa']",Tanner Mitchell DDS,299659,1,0,0,2024-09-03
a04Qk000004DKHy,Field,IL,60061,Vernon Hills,3 W Hawthorn Pkwy Ste 370,2418808521,Vanessa Maldonado,Detail Only,Office Visit (no prescriber contact),"['Neurexa', 'RxProgram']",Tracy Ballard,777568,1,1,0,2024-09-01
a04Qk000004DJNV,Field,NC,28207,Charlotte,2711 Randolph Rd Ste 100,2420169264,Steven Stevenson,Detail Only,Virtual Call with HCP,"['Neurexa', 'RxProgram', 'Zemlora']",Jesse Perry,102260,0,0,1,2024-09-01
a04Qk000003TxuD,Field,NY,10012,New York,155 Spring St Fl 4,2430053811,James Sloan,Detail Only,Office Visit (no prescriber contact),"['Neurexa', 'RxProgram', 'Zemlora']",Jose Travis,665492,0,1,0,2024-08-25
a04Qk0000046OWy,Field,NC,27403,Greensboro,522 N Elam Ave,2430237000,Alan Herrera,Detail Only,Office Visit (no prescriber contact),"['Zemlora', 'XR-ODT']",Tanner Mitchell DDS,299659,0,0,1,2024-08-24
a04Qk0000047DO1,Field,NC,27526,Fuquay Varina,609 Attain St Ste 101,2432625236,James Hill,Detail Only,Face-to-Face with HCP,"['Zemlora', 'Neurexa', 'RxProgram']",Ryan Rosales,559469,0,1,0,2024-08-25
a04Qk0000047S6v,Field,NY,11738,Farmingville,400 Horseblock Rd Ste H,2436774173,Jessica Allen,Detail Only,Virtual Call with HCP,"['Neurexa', 'RxProgram', 'Zemlora']",Craig Morrison,225710,1,0,1,2024-08-25
a04Qk000004EwOP,Field,KY,41042,Florence,7370 Turfway Rd Ste 200,2446303502,John Thompson,Detail Only,Office Visit (no prescriber contact),"['Neurexa', 'RxProgram']",Kristen Davis,518373,0,0,1,2024-09-02
a04Qk0000046Evd,Field,AL,35244,Hoover,3829 Lorna Rd Ste 328,2448326489,Vanessa Lewis,Detail Only,Face-to-Face with HCP,"['Neurexa', 'RxProgram', 'Zemlora', 'Trivaxa']",Jenna Larson,414569,1,1,1,2024-08-24
a04Qk000004IwCv,Field,AL,35244,Hoover,3829 Lorna Rd Ste 328,2448326489,Vanessa Lewis,Detail Only,HCP Meal,"['Neurexa', 'RxProgram', 'Zemlora', 'Trivaxa']",Stephen Mckee,174870,0,0,0,2024-09-06
a04Qk000004DgK5,Field,TN,37404,Chattanooga,2525 Desales Ave,2452004896,Gary Smith,Detail Only,Virtual Call,"['Zemlora', 'XR-ODT']",Brent Jordan,145561,0,0,0,2024-09-01
a04Qk000004AmvV,Field,IL,60189,Wheaton,1761 S Naperville Rd Ste 200,2453127293,Richard Green III,Detail Only,Face-to-Face with HCP,"['Neurexa', 'RxProgram', 'Trivaxa']",Nicole Herring,680099,1,0,1,2024-08-29
a04Qk0000046Fuv,Field,OH,45230,Cincinnati,7400 Jager Ct,2470223183,Raymond Grant,Detail Only,Face-to-Face with HCP,"['Neurexa', 'RxProgram', 'Zemlora', 'Trivaxa']",Jeremy Turner,749468,0,1,0,2024-08-24
a04Qk0000045xOX,Field,MA,02072,Stoughton,450 Pearl St Ste 3,2471196734,Courtney Jackson,Detail Only,Office Visit (no prescriber contact),"['Neurexa', 'RxProgram', 'Zemlora']",Bryan Herrera,308573,1,1,0,2024-08-24
a04Qk000004Alo9,Field,NC,28117,Mooresville,206 Joe Knox Ave Ste F,2472919110,Tiffany Blevins,Detail Only,HCP Meal,"['Neurexa', 'RxProgram', 'Zemlora']",Theodore Jones Jr.,609231,1,0,1,2024-08-30
a04Qk000004CFoz,Field,NC,28273,Charlotte,3800 Arco Corporate Dr Ste 320,2481008971,Jamie Acosta,Detail Only,HCP Meal,"['Neurexa', 'RxProgram', 'Zemlora', 'Trivaxa']",Zachary Hicks,835392,1,0,1,2024-08-30
a04Qk000004Fs2b,Field,FL,32765,Oviedo,100 Alexandria Blvd Ste 1,2489013472,Derrick Nguyen,Detail Only,Face-to-Face with HCP,"['Zemlora', 'XR-ODT']",Michele Williams,191161,0,0,1,2024-09-03
a04Qk000004CRes,Field,NC,28401,Wilmington,1402 S 17th St,2489663358,Joan Brown,Detail Only,Office Visit (no prescriber contact),"['Neurexa', 'RxProgram', 'Zemlora']",Jeremy Mitchell,378082,1,0,0,2024-08-30
a04Qk000004CVaP,Field,NC,28401,Wilmington,1402 S 17th St,2489663358,Joan Brown,Detail Only,Face-to-Face with HCP,"['Zemlora', 'Neurexa', 'RxProgram']",Ashley Barton,905934,1,0,0,2024-09-02
a04Qk000004HwQH,Virtual,CA,94115,San Francisco,1939 Divisadero St Ste 3,2490393661,Isaac Moreno,Detail Only,Phone Call with Office Staff,"['Zemlora', 'Neurexa', 'RxProgram']",Erica Alvarez,431737,1,0,0,2024-09-06
a04Qk000004EzNt,Field,VA,23235,North Chesterfield,10710 Midlothian Tpke Ste 127,2498643327,Matthew Morris,Detail Only,Virtual Call,"['Neurexa', 'RxProgram', 'Zemlora']",Olivia Harris,823378,1,0,1,2024-09-02
a04Qk000004Hxfj,Field,VA,23116,Mechanicsville,8485 Bell Creek Rd Ste B3,2500560898,George Lawson,Detail Only,Office Visit (no prescriber contact),"['Neurexa', 'RxProgram', 'Zemlora', 'Trivaxa']",Christian Leblanc,378085,0,1,0,2024-09-06
a04Qk000004DkcF,Field,PA,18901,Doylestown,601 New Britain Rd Bldg 100,2505081117,Miranda Petersen,Detail Only,Office Visit (no prescriber contact),"['Neurexa', 'RxProgram', 'Zemlora', 'Trivaxa']",Ralph Anderson,176819,0,1,1,2024-08-29
a04Qk000004B1jF,Virtual,IL,62711,Springfield,3225 Hedley Rd,2506206551,Courtney Anderson,Detail Only,Phone Call with Office Staff,"['Zemlora', 'Neurexa', 'RxProgram']",Michelle Evans,380746,1,0,1,2024-08-29
a04Qk000004EXzV,Virtual,NJ,08753,Toms River,1314 Hooper Ave Ste 12Nd,2507971337,Taylor Medina,Detail Only,Phone Call with Clinical Staff,['Lexcura/Cymbrin/Multi-Vi-Flor'],Victor Taylor,806073,1,0,0,2024-09-02
a04Qk000004AwRp,Field,KS,67206,Wichita,7111 E 21st St N Ste A,2509696062,Vincent Chambers,Detail Only,Face-to-Face with HCP,"['Neurexa', 'RxProgram', 'Zemlora', 'Trivaxa']",Zachary Hicks,835392,0,1,0,2024-08-29
a04Qk000004EkDZ,Field,TX,75034,Frisco,5680 Frisco Square Blvd Ste 1200,2516257181,Angela Miles,Detail Only,HCP Meal,"['Trivaxa', 'Zemlora', 'Neurexa', 'RxProgram']",Melissa Brewer,755674,0,0,1,2024-09-02
a04Qk000004Dl5G,Field,TX,78731,Austin,1600 W 38th St Ste 318,2517017359,Eugene Davis,Detail Only,Face-to-Face with HCP,"['Zemlora', 'Neurexa', 'RxProgram']",Brandon Bailey MD,377932,0,0,0,2024-09-01
a04Qk000004JuFV,Field,TX,78731,Austin,1600 W 38th St Ste 318,2517017359,Eugene Davis,Detail Only,Office Visit (no prescriber contact),"['Zemlora', 'Neurexa', 'RxProgram']",John Anderson,542666,0,1,0,2024-09-06
a04Qk0000047ZjV,Field,VA,23294,Richmond,8639 Mayland Dr,2519792344,Raymond Hunter,Detail Only,Face-to-Face with HCP,"['Neurexa', 'RxProgram', 'Zemlora']",James Parks,526156,0,0,1,2024-08-25
a04Qk0000047Mr8,Virtual,MO,65804,Springfield,1300 E Bradford Pkwy,2521956023,Wayne Burnett,Detail Only,Phone Call with Office Staff,"['Zemlora', 'Trivaxa', 'Neurexa', 'RxProgram']",Megan Young,338968,0,0,1,2024-08-25
a04Qk000004HrYf,Field,AZ,85032,Phoenix,16620 N 40th St Ste E-1,2522700315,Sarah Hill,Detail Only,Office Visit (no prescriber contact),"['Neurexa', 'RxProgram', 'Zemlora']",Colin Terry,122056,1,1,1,2024-09-06
a04Qk000004ApYP,Field,SC,29407,Charleston,1620 Ashley River Rd,2523018148,Tracy Thomas,Detail Only,Office Visit (no prescriber contact),"['Zemlora', 'Neurexa', 'RxProgram']",Alyssa Day,166613,0,0,0,2024-08-29
a04Qk000004CWEj,Field,AL,35768,Scottsboro,506 Harley St,2523287189,Mike Berg,Detail Only,Face-to-Face with HCP,"['Neurexa', 'RxProgram', 'Zemlora', 'Trivaxa']",Zachary Hicks,835392,1,0,0,2024-08-30
a04Qk000004AiDZ,Field,LA,70508,Lafayette,202 Rue Promenade,2525238945,Kimberly Moore,Detail Only,HCP Meal,"['Zemlora', 'XR-ODT']",Jeremy Mitchell,378082,0,0,1,2024-08-29
a04Qk000004Acg1,Field,GA,30024,Suwanee,1325 Satellite Blvd NW Ste 400,2530982983,Guy Hawkins,Detail Only,HCP Meal,"['Neurexa', 'RxProgram', 'Zemlora']",Lisa Barnes,403445,0,0,0,2024-08-29
a04Qk000004Eri5,Field,SC,29422,Charleston,70 Folly Rd Unit C,2532114024,Heather Nicholson,Detail Only,Office Visit (no prescriber contact),"['Zemlora', 'Neurexa', 'RxProgram']",Joanna Pacheco,648177,1,0,1,2024-09-02
a04Qk000004CVH3,Field,TN,37909,Knoxville,1340 Dowell Springs Blvd,2532497048,Michael Norris,Detail Only,Office Visit (no prescriber contact),"['Trivaxa', 'Zemlora', 'Neurexa', 'RxProgram']",Julie Alexander,100599,0,1,1,2024-08-30
a04Qk0000047Vb3,Field,KS,67226,Wichita,9825 E Shannon Woods Cir,2532943400,Rebecca Mills,Detail Only,HCP Meal,"['Neurexa', 'RxProgram', 'Zemlora', 'Trivaxa']",Alyssa Long,725380,1,0,0,2024-08-25
a04Qk000004EebB,Field,OH,45219,Cincinnati,3001 Highland Ave Ste B,2533734503,Kathryn Miller,Detail Only,Face-to-Face with HCP,"['Neurexa', 'RxProgram', 'Zemlora']",Christopher Rubio,688637,0,0,0,2024-09-02
a04Qk000004BvTh,Field,OH,45229,Cincinnati,3333 Burnet Ave,2536608745,Mark Reeves,Detail Only,Virtual Call with HCP,"['Neurexa', 'RxProgram', 'Zemlora']",Stephanie Williams,349565,0,0,0,2024-08-30
a04Qk0000047VMX,Field,FL,32653,Gainesville,4703 NW 53rd Ave Ste A2,2550078020,Whitney Stark,Detail Only,Face-to-Face with HCP,"['Zemlora', 'Trivaxa']",Dustin Jordan,429963,1,1,0,2024-08-25
a04Qk000004DTI2,Field,NC,27707,Durham,3604 Shannon Rd Ste 200,2550972643,Laura Chang,Detail Only,Office Visit (no prescriber contact),"['Zemlora', 'XR-ODT']",Michele Williams,191161,1,0,0,2024-09-01
a04Qk000004G4Rx,Field,NC,27707,Durham,3604 Shannon Rd Ste 200,2550972643,Laura Chang,Detail Only,Office Visit (no prescriber contact),"['Zemlora', 'XR-ODT']",Ryan Rosales,559469,0,0,1,2024-09-01
a04Qk000004B84n,Field,VA,23225,Richmond,1000 Boulders Pkwy,2557370187,Aaron Pacheco,Detail Only,HCP Meal,"['Neurexa', 'RxProgram', 'Zemlora', 'Trivaxa']",Theresa Clark,422451,0,1,0,2024-08-29
a04Qk0000048izF,Field,OH,45231,Cincinnati,740 W Galbraith Rd Ste 220,2567442342,Michael Brown,Detail Only,HCP Meal,"['Neurexa', 'RxProgram', 'Zemlora', 'Trivaxa']",Travis Tucker,580547,0,0,0,2024-08-26
a04Qk000004AXA6,Field,NC,28601,Hickory,2810 16th St NE 200,2568838494,Darren Wyatt,Detail Only,Face-to-Face with HCP,"['Zemlora', 'Neurexa', 'RxProgram']",Gregory Ponce,776856,1,1,1,2024-09-01
a04Qk000004AXA6,Field,NC,28601,Hickory,2810 16th St NE 200,2568838494,Darren Wyatt,Detail Only,Face-to-Face with HCP,"['Zemlora', 'Neurexa', 'RxProgram']",Gregory Ponce,776856,1,1,1,2024-09-01
a04Qk0000045iJ3,Field,GA,30009,Milton,850 Mayfield Rd Ste 203,2572055184,Kenneth Berry,Detail Only,Office Visit (no prescriber contact),"['Zemlora', 'Neurexa', 'RxProgram']",Paul Wilson,428838,1,0,0,2024-08-24
a04Qk0000048T5l,Field,GA,30076,Roswell,11111 Houze Rd Ste 225,2572055184,Kenneth Berry,Detail Only,Face-to-Face with HCP,"['Neurexa', 'RxProgram', 'Zemlora', 'Trivaxa']",Brent Jordan,145561,1,0,1,2024-08-26
a04Qk000004FVvd,Field,GA,30009,Milton,850 Mayfield Rd Ste 203,2572055184,Kenneth Berry,Detail Only,Office Visit (no prescriber contact),"['Neurexa', 'RxProgram', 'Zemlora', 'Trivaxa']",Robert Potter,774079,0,0,1,2024-09-03
a04Qk0000046N4T,Field,KS,66044,Lawrence,1803 W 6th St,2572721002,Madison Murray,Detail Only,Face-to-Face with HCP,"['Neurexa', 'RxProgram', 'Zemlora', 'Trivaxa']",Carol Tucker,969693,0,0,0,2024-08-24
a04Qk00000468YT,Field,MO,63124,Saint Louis,9890 Clayton Rd Ste 100,2579003208,Christopher Buckley,Detail Only,Face-to-Face with HCP,"['Zemlora', 'Neurexa', 'RxProgram']",Julia Torres,684004,0,1,1,2024-08-24
a04Qk000004EWKI,Field,MO,63124,Saint Louis,9890 Clayton Rd Ste 100,2579003208,Christopher Buckley,Detail Only,HCP Meal,"['Neurexa', 'RxProgram', 'Trivaxa']",Diana May,440035,0,1,1,2024-08-30
a04Qk000004BtEz,Virtual,MS,39110,Madison,2173 Main St,2585487634,Caleb Bowers,Detail Only,Fax to HCP Office,"['Zemlora', 'Trivaxa', 'Neurexa', 'RxProgram']",Noah Rhodes,216739,1,0,0,2024-08-30
a04Qk000004EMft,Field,NE,68516,Lincoln,3540 Village Dr Ste 100,2586358653,Paul Jenkins,Detail Only,Face-to-Face with HCP,"['Neurexa', 'RxProgram', 'Zemlora']",John Daniel,865179,1,0,0,2024-09-02
a04Qk000004DetN,Field,IL,60123,Elgin,75 Market St Ste 12,2588357172,Daniel Powell,Detail Only,HCP Meal,"['Neurexa', 'RxProgram', 'Zemlora', 'Trivaxa']",Barbara Dudley,847581,1,0,0,2024-09-01
a04Qk00000477SJ,Field,NY,10019,New York,Bethanie Medical Clinic,2590231228,Todd Lee,Detail Only,Face-to-Face with HCP,"['Neurexa', 'RxProgram', 'Zemlora']",Jesse Perry,102260,1,1,1,2024-08-24
a04Qk000003k9cr,Field,NY,10019,New York,Bethanie Medical Clinic,2590231228,Todd Lee,Detail Only,HCP Meal,"['Neurexa', 'RxProgram', 'Zemlora']",Mike Allen,996865,0,0,1,2024-09-01
a04Qk000004FlNh,Field,NY,10016,New York,222 E 31st St Apt 1R,2590231228,Todd Lee,Detail Only,HCP Meal,"['Neurexa', 'RxProgram', 'Zemlora']",Sherry Decker,456778,1,0,0,2024-09-03
a04Qk000004HNsL,Field,NY,10019,New York,Bethanie Medical Clinic,2590231228,Todd Lee,Detail Only,Office Visit (no prescriber contact),"['Neurexa', 'RxProgram', 'Zemlora']",Ariana Jennings,392075,0,0,1,2024-09-06
a04Qk0000043iTd,Field,AZ,85284,Tempe,8675 S Priest Dr Ste 102,2592098548,Donna Lee,Detail Only,Office Visit (no prescriber contact),"['Zemlora', 'Trivaxa', 'Neurexa', 'RxProgram']",Christopher Bass,766563,1,0,0,2024-08-25
a04Qk0000043iTd,Field,AZ,85284,Tempe,8675 S Priest Dr Ste 102,2592098548,Donna Lee,Detail Only,Office Visit (no prescriber contact),"['Zemlora', 'Trivaxa', 'Neurexa', 'RxProgram']",Christopher Bass,766563,1,0,0,2024-08-25
a04Qk0000047Tm9,Virtual,VA,23235,North Chesterfield,9323 Midlothian Tpke Ste E,2593457823,Beth Livingston,Detail Only,Phone Call with Office Staff,"['Lexcura/Cymbrin/Multi-Vi-Flor', 'Norexel']",Paul Lewis,161324,1,0,0,2024-08-25
a04Qk000004EMPl,Field,DE,19806,Wilmington,2 Mill Rd Ste 106,2600471526,Phyllis Taylor,Detail Only,Virtual Call with HCP,"['Neurexa', 'RxProgram', 'Zemlora']",Jeremy Reed,698782,0,0,0,2024-09-01
a04Qk0000048cH7,Virtual,CA,94024,Los Altos,881 Fremont Ave Ste A3,2600903879,Emily White,Detail Only,Phone Call with Office Staff,"['Zemlora', 'Neurexa', 'RxProgram']",Michele Williams,191161,1,1,1,2024-08-26
a04Qk000004FX6D,Field,GA,30501,Gainesville,500 Spring St SE Ste 201,2605610737,Robert Moreno,Detail Only,Face-to-Face with HCP,"['Neurexa', 'RxProgram', 'Zemlora']",Tracy Ballard,777568,1,1,1,2024-09-03
a04Qk000004AG9F,Virtual,VA,23112,Midlothian,6510 Harbour View Ct Ste 100,2606138040,Jessica Mendez,Detail Only,Phone Call with Office Staff,['Lexcura/Cymbrin/Multi-Vi-Flor'],Christina Walters,319684,1,0,0,2024-08-29
a04Qk000004HDt0,Field,MD,21401,Annapolis,130 Admiral Cochrane Dr Ste 103,2611611991,Jonathon Daniels,Detail Only,Office Visit (no prescriber contact),"['Zemlora', 'XR-ODT']",Megan Nelson,163918,1,1,1,2024-09-06
a04Qk000004CDC5,Field,AZ,85032,Phoenix,16620 N 40th St Ste E1,2615465032,Angela Washington,Detail Only,Office Visit (no prescriber contact),"['Neurexa', 'RxProgram', 'Zemlora']",John Whitehead,802729,0,0,1,2024-09-06
a04Qk000004DL2j,Field,FL,32259,Saint Johns,1310 County Road 210 W,2615683156,Dawn Melendez,Detail Only,Office Visit (no prescriber contact),"['Neurexa', 'RxProgram', 'Zemlora']",Victoria Garcia,581741,0,0,1,2024-09-01
a04Qk000004DIUf,Field,NY,10024,New York,252 W 81st St Fl 2A,2617309572,Richard Frank,Detail Only,Office Visit (no prescriber contact),"['Neurexa', 'RxProgram', 'Zemlora', 'Trivaxa']",Karen Graham,103402,0,0,0,2024-09-03
a04Qk0000048hyL,Field,FL,33312,Fort Lauderdale,330 SW 27th Ave,2619055273,Robert Mejia,Detail Only,Virtual Call with HCP,"['Zemlora', 'Neurexa', 'RxProgram']",Jeffrey Johnson,930555,0,1,0,2024-08-26
a04Qk000004FeVt,Field,FL,33160,Sunny Isles Beach,203 Poinciana Dr,2619055273,Robert Mejia,Detail Only,Virtual Call,"['Zemlora', 'Neurexa', 'RxProgram']",Michelle Evans,380746,1,0,0,2024-09-03
a04Qk000004HANF,Field,NC,28277,Charlotte,14535 Ballantyne Corporate Pl,2621579279,Brandon White,Detail with Sample,Face-to-Face with HCP,['Norexel'],Dustin Jordan,429963,0,0,1,2024-09-06
a04Qk000004Gy7f,Field,NC,28374,Pinehurst,14 Regional Dr,2621931403,Michelle Wong,Detail with Sample,Face-to-Face with HCP,['Norexel'],Derek Zuniga,131244,0,0,1,2024-09-06
a04Qk0000043iLZ,Field,AZ,85234,Gilbert,3489 E Baseline Rd,2626978825,Jeffrey Sanders,Detail Only,HCP Meal,"['Neurexa', 'RxProgram', 'Zemlora']",Tracy Ballard,777568,0,0,0,2024-08-24
a04Qk0000048XCb,Field,TX,77058,Houston,17225 El Camino Real Ste 210,2626991431,Andrea Coleman,Detail Only,Face-to-Face with HCP,"['Zemlora', 'Neurexa', 'RxProgram']",Natalie Bautista,662336,0,1,1,2024-08-26
a04Qk00000474fh,Field,NY,10940,Middletown,707 E Main St,2627475737,Virginia Pierce,Detail Only,Virtual Call,"['Neurexa', 'RxProgram', 'Zemlora', 'Trivaxa']",Mark Perez,988662,1,0,1,2024-08-25
a04Qk000004BuDT,Field,NY,10940,Middletown,707 E Main St,2627475737,Virginia Pierce,Detail Only,Office Visit (no prescriber contact),"['Neurexa', 'RxProgram', 'Zemlora', 'Trivaxa']",Joshua Blair,207175,1,0,1,2024-08-30
a04Qk0000046Orl,Field,NC,27410,Greensboro,3201 Brassfield Rd Ste 400,2630399080,Donna Butler,Detail Only,Office Visit (no prescriber contact),"['Zemlora', 'XR-ODT']",Melissa Martinez,916449,0,1,1,2024-08-24
a04Qk0000048Zce,Field,NC,27215,Burlington,519 Boone Station Dr Ste 112,2630399080,Donna Butler,Detail with Sample,Face-to-Face with HCP,"['Norexel', 'Neurexa', 'RxProgram']",Michelle Evans,380746,1,0,1,2024-08-26
a04Qk000004EPp3,Field,GA,30342,Atlanta,993 Johnson Ferry Rd NE Ste F210,2634235060,Lauren Oneal,Detail Only,Office Visit (no prescriber contact),"['Neurexa', 'RxProgram', 'Zemlora']",Rodney Morales,439902,1,0,1,2024-09-02
a04Qk000004Lc9d,Field,NC,27617,Raleigh,7850 Brier Creek Pkwy Ste 100,2634923029,Nicole Mendoza,Detail Only,Office Visit (no prescriber contact),"['Zemlora', 'XR-ODT']",Denise Jacobs,472528,1,1,0,2024-09-06
a04Qk000004DZld,Field,NC,27858,Greenville,1901 Stonehenge Dr,2634971766,Brittany Hoffman,Detail Only,Face-to-Face with HCP,"['Neurexa', 'RxProgram', 'Zemlora', 'Trivaxa', 'Norexel']",Charles Schultz,328275,0,1,0,2024-09-01
a04Qk000004AY69,Field,NY,10022,New York,215 E 50th St,2636422720,Jacob Baker,Detail Only,Office Visit (no prescriber contact),"['Neurexa', 'RxProgram', 'Zemlora', 'Trivaxa']",Marc Moore,356702,0,0,0,2024-08-29
a04Qk0000048Gmu,Field,AL,36535,Foley,619 E Laurel Ave,2645203527,Angelica Garcia,Detail Only,Office Visit (no prescriber contact),"['Zemlora', 'Neurexa', 'RxProgram']",Richard Aguirre,946335,0,0,0,2024-08-25
a04Qk000004HGMD,Virtual,WV,25303,South Charleston,312 6th Ave Ste 2,2646076546,Ashley Petersen,Detail Only,Fax to HCP Office,"['Neurexa', 'RxProgram']",Stephanie Williams,349565,0,0,0,2024-09-06
a04Qk000004DmR7,Field,PA,19067,Yardley,33 S Delaware Ave Ste 105,2655177036,Steven Cruz,Detail Only,Office Visit (no prescriber contact),"['Neurexa', 'RxProgram', 'Zemlora']",Cassandra Gaines,895667,1,0,1,2024-09-01
a04Qk00000477nF,Field,IA,50266,West Des Moines,6010 Mills Civic Pkwy Ste 200,2656742600,Richard Martin,Detail Only,Face-to-Face with HCP,"['Neurexa', 'RxProgram', 'Zemlora']",Kerry Chavez DDS,520521,0,0,1,2024-08-25
a04Qk0000048rRR,Field,FL,33559,Lutz,1854 Oak Grove Blvd,2664332686,Karen Garcia,Detail Only,Face-to-Face with HCP,"['Neurexa', 'RxProgram', 'Zemlora', 'Trivaxa']",Noah Rhodes,216739,1,0,1,2024-08-26
a04Qk000004AXy6,Field,NJ,08053,Marlton,151 Greentree Rd Ste B,2665508046,Gina Preston,Detail Only,Office Visit (no prescriber contact),"['Zemlora', 'Neurexa', 'RxProgram']",Rebecca Henderson,539898,0,0,1,2024-08-29
a04Qk0000047NGv,Field,NY,11747,Melville,68 S Service Rd Ste 100,2667473852,Lorraine Massey MD,Detail Only,Office Visit (no prescriber contact),"['Neurexa', 'RxProgram', 'Zemlora', 'Trivaxa']",Madison Weber,723398,1,0,1,2024-08-25
a04Qk000004EKFu,Field,OH,45040,Mason,6010 S Mason Montgomery Rd,2671962108,Anthony Burgess,Detail Only,Virtual Call,"['Neurexa', 'RxProgram', 'Zemlora']",Carlos Ryan,531071,1,1,0,2024-09-02
a04Qk000004A6ug,Field,NJ,07701,Red Bank,241 Maple Ave Ste 201,2674380214,Dennis Porter,Detail Only,Office Visit (no prescriber contact),"['Neurexa', 'RxProgram', 'Zemlora', 'Trivaxa']",William Barrett,595948,1,1,0,2024-08-25
a04Qk000004AAqE,Field,PA,19333,Devon,400 W Lancaster Ave,2687282858,Dwayne Tucker,Detail Only,Face-to-Face with HCP,"['Neurexa', 'RxProgram', 'Zemlora', 'Trivaxa']",Jessica Holmes,498382,0,0,0,2024-08-26
a04Qk000004DlMz,Field,PA,19333,Devon,400 W Lancaster Ave,2687282858,Dwayne Tucker,Detail Only,HCP Meal,"['Neurexa', 'RxProgram', 'Zemlora', 'Trivaxa']",Spencer Haynes,287330,0,0,1,2024-08-30
a04Qk000004M1BG,Field,PA,19333,Devon,400 W Lancaster Ave,2687282858,Dwayne Tucker,Detail Only,Face-to-Face with HCP,"['Neurexa', 'RxProgram', 'Zemlora', 'Trivaxa']",Angelica Keith,854639,0,0,1,2024-09-06
a04Qk0000046E7d,Field,FL,32539,Crestview,160 E Redstone Ave,2692350446,James Ruiz,Detail Only,HCP Meal,"['Zemlora', 'Neurexa', 'RxProgram']",Patricia Le,272634,1,0,1,2024-08-24
a04Qk000004Dmyz,Field,FL,32539,Crestview,160 E Redstone Ave,2692350446,James Ruiz,Detail Only,HCP Meal,"['Zemlora', 'Neurexa', 'RxProgram']",Jeffrey Mills,850981,0,0,0,2024-08-30
a04Qk0000047GCD,Field,SC,29464,Mount Pleasant,1012 Anna Knapp Blvd,2692682964,Tina Herrera,Detail Only,Office Visit (no prescriber contact),"['Zemlora', 'Neurexa', 'RxProgram']",Shane Henderson,452944,0,0,1,2024-08-24
a04Qk0000047FJN,Field,SC,29464,Mount Pleasant,1012 Anna Knapp Blvd,2692682964,Tina Herrera,Detail Only,Virtual Call with HCP,"['Zemlora', 'Neurexa', 'RxProgram']",Anthony Everett,728038,0,1,0,2024-08-25
a04Qk000004C9hy,Field,SC,29464,Mount Pleasant,1012 Anna Knapp Blvd,2692682964,Tina Herrera,Detail Only,Virtual Call with HCP,"['Zemlora', 'Neurexa', 'RxProgram']",Angelica Keith,854639,0,0,1,2024-08-30
a04Qk000004G2ht,Field,SC,29464,Mount Pleasant,1012 Anna Knapp Blvd,2692682964,Tina Herrera,Detail Only,Virtual Call with HCP,"['Zemlora', 'Neurexa', 'RxProgram']",Brent Jordan,145561,0,0,0,2024-09-02
a04Qk000004CaQR,Field,OH,43214,Columbus,4885 Olentangy River Rd Ste 2-10,2693430856,Jamie Morris,Detail Only,HCP Meal,"['Neurexa', 'RxProgram', 'Zemlora', 'Trivaxa']",Mark Brown,612340,0,0,1,2024-09-01
a04Qk000004DFAD,Field,GA,31210,Macon,5300 Bowman Park,2694544519,Jennifer Sanders,Detail with Sample,HCP Meal,"['Neurexa', 'RxProgram', 'Norexel']",Amanda Jones,132938,1,0,1,2024-09-01
a04Qk0000047G7N,Field,GA,31401,Savannah,1601 Abercorn St,2694772692,Ryan Wheeler,Detail Only,Virtual Call,"['Zemlora', 'Neurexa', 'RxProgram']",Heather Fields,198907,0,1,0,2024-08-24
a04Qk000004HzHh,Field,VA,23116,Mechanicsville,9137 Chamberlayne Rd Ste 107,2700691159,Jeff Montoya,Detail Only,Office Visit (no prescriber contact),"['Neurexa', 'RxProgram', 'Zemlora', 'Trivaxa']",Brenda Hall,634277,0,0,1,2024-09-06
a04Qk000004CkWD,Field,GA,30080,Smyrna,1268 Ridgecrest Ln SE,2712855773,Ann Howell,Detail Only,Virtual Call,"['Neurexa', 'RxProgram', 'Zemlora']",Steve Sanchez,910620,0,0,1,2024-08-30
a04Qk000004MxYb,Field,TX,77008,Houston,2200 Yale St Ste 120,2712857397,Derek Blevins,Detail Only,Office Visit (no prescriber contact),"['Zemlora', 'Trivaxa', 'Neurexa', 'RxProgram']",Veronica Simpson,717024,0,0,0,2024-09-06
a04Qk000004Abf7,Field,FL,32256,Jacksonville,9141 Cypress Green Dr Ste 1,2714730128,John Rowland,Detail Only,Office Visit (no prescriber contact),"['Neurexa', 'RxProgram', 'Zemlora']",Dana Chapman,171849,1,0,0,2024-08-29
a04Qk000004DMEv,Field,NC,27103,Winston Salem,1225 Creekshire Way Ste 270,2720088412,Daniel Zimmerman,Detail Only,Office Visit (no prescriber contact),"['Zemlora', 'XR-ODT']",Sharon Cherry,271339,1,0,0,2024-09-02
a04Qk0000048csD,Field,MA,01730,Bedford,41 North Rd Ste 200,2724501824,Michael Davis,Detail Only,Office Visit (no prescriber contact),"['Neurexa', 'RxProgram', 'Zemlora', 'Trivaxa']",Jose Travis,665492,0,1,1,2024-08-26
a04Qk000004AQwb,Field,MI,49009,Kalamazoo,8088 Vineyard Pkwy,2728316409,Donna Campbell,Detail Only,Virtual Call,"['Neurexa', 'RxProgram']",Katie Suarez,642717,0,0,1,2024-08-29
a04Qk0000047Y13,Field,OH,45420,Dayton,3085 Woodman Dr Ste 205,2731824061,Lori Caldwell,Detail Only,Face-to-Face with HCP,"['Neurexa', 'RxProgram', 'Zemlora']",Andrew Avila,598369,0,0,1,2024-08-25
a04Qk000004Dl5F,Field,PA,18901,Doylestown,Landmark Bldg,2735596781,Jamie Robinson,Detail Only,Office Visit (no prescriber contact),"['Neurexa', 'RxProgram', 'Zemlora', 'Trivaxa']",Johnathan Davis,300896,1,0,0,2024-08-29
a04Qk000004G2YD,Field,GA,31405,Savannah,624 Stephenson Ave,2736538750,Pamela Garcia,Detail Only,Office Visit (no prescriber contact),"['Zemlora', 'Neurexa', 'RxProgram']",Julie Alexander,100599,1,1,0,2024-09-01
a04Qk0000045oBZ,Field,FL,32073,Orange Park,1409 Kingsley Ave Ste 8,2739949722,Jose Mullins,Detail Only,HCP Meal,"['Zemlora', 'Neurexa', 'RxProgram']",Michael Evans,344098,1,0,1,2024-08-24
a04Qk000004DFyD,Field,FL,33143,South Miami,6140 SW 70th St Fl 2,2741427240,Martin Kim,Detail Only,HCP Meal,"['Zemlora', 'Neurexa', 'RxProgram']",Joyce Solis,375504,1,0,1,2024-09-01
a04Qk000004G2bR,Field,SC,29414,Charleston,2079 Charlie Hall Blvd,2743164951,Victoria Blankenship,Detail Only,Office Visit (no prescriber contact),"['Zemlora', 'Neurexa', 'RxProgram']",Patricia Rodriguez,881177,1,0,0,2024-09-01
a04Qk000004IuxV,Field,SC,29414,Charleston,2079 Charlie Hall Blvd,2743164951,Victoria Blankenship,Detail Only,Office Visit (no prescriber contact),"['Zemlora', 'Neurexa', 'RxProgram']",Anthony Rodriguez,671412,0,0,1,2024-09-06
a04Qk000004FTXG,Field,FL,32216,Jacksonville,4190 Belfort Rd Ste 140,2744531555,Caleb Bennett,Detail Only,Office Visit (no prescriber contact),"['Neurexa', 'RxProgram', 'Zemlora']",Maria Parker,551989,0,1,0,2024-09-03
a04Qk000004Ftuj,Field,MO,63367,Lake Saint Louis,6261 Ronald Reagan Dr,2744820110,Sarah Freeman,Detail Only,Face-to-Face with HCP,"['Trivaxa', 'Neurexa', 'RxProgram']",Jonathan Lawrence,330914,0,0,0,2024-09-03
a04Qk000004HjAv,Field,OH,45040,Mason,7450 Mason Montgomery Rd Ste 206,2746034775,Deanna Brown,Detail Only,HCP Meal,"['Neurexa', 'RxProgram', 'Zemlora', 'Trivaxa']",Spencer Haynes,287330,1,0,1,2024-09-06
a04Qk000004ELFB,Virtual,PA,15146,Monroeville,300 Oxford Dr Ste 110,2747556284,James Powell,Detail Only,Phone Call with Office Staff,"['Zemlora', 'Neurexa', 'RxProgram']",Michael Mitchell,515011,1,0,0,2024-09-02
a04Qk000004AX2U,Field,NC,28546,Jacksonville,200 Tarpon Trl,2762142680,Melissa Horton,Detail Only,HCP Meal,"['Neurexa', 'RxProgram', 'Zemlora']",Rhonda Martin,323508,0,0,1,2024-08-29
a04Qk000004AvkH,Field,TX,77054,Houston,7501 Fannin St Ste 850,2767686566,Marc Watson,Detail Only,Office Visit (no prescriber contact),"['Zemlora', 'Neurexa', 'RxProgram']",Sherri Baker,106814,0,0,0,2024-08-29
a04Qk0000048iWD,Field,MD,21043,Ellicott City,3691 Park Ave Ste 9,2768188567,Donna Sanchez,Detail Only,Virtual Call with HCP,"['Zemlora', 'XR-ODT']",Sara Fuller,790993,0,1,0,2024-08-26
a04Qk000004CGcz,Field,KY,40241,Louisville,9710 Park Plaza Ave Unit 107,2773096292,Carl Gordon,Detail Only,HCP Meal,"['Neurexa', 'RxProgram', 'Zemlora', 'Trivaxa']",Veronica Simpson,717024,0,0,1,2024-08-30
a04Qk000004Czob,Field,FL,33618,Tampa,14310 N Dale Mabry Hwy Ste 290,2775439788,Debra Young,Detail Only,Face-to-Face with HCP,"['Zemlora', 'Trivaxa', 'Neurexa', 'RxProgram']",Rebecca Jackson,623481,0,1,1,2024-08-30
a04Qk000004Ej7p,Field,NE,68512,Lincoln,5539 S 27th St Ste 101,2777349646,Ashlee Ball,Detail Only,HCP Meal,"['Neurexa', 'RxProgram', 'Zemlora']",Courtney Rodriguez,921414,0,1,0,2024-09-02
a04Qk000004EiOf,Field,NE,68526,Lincoln,9100 Andermatt Dr Ste 1,2782227724,Valerie Carpenter,Detail Only,Face-to-Face with HCP,"['Neurexa', 'RxProgram', 'Zemlora']",Scott Williams,265080,0,0,0,2024-09-02
a04Qk0000048vy5,Field,TX,75035,Frisco,4461 Coit Road,2788116113,Jennifer Jones,Detail Only,Office Visit (no prescriber contact),"['Zemlora', 'Trivaxa', 'Neurexa', 'RxProgram']",Jonathan Peterson,216970,0,0,0,2024-08-26
a04Qk00000475Ot,Virtual,PA,15238,Pittsburgh,1350 Old Freeport Rd Ste 1A,2788716379,Robert Walton PhD,Detail Only,Phone Call with Office Staff,"['Zemlora', 'Trivaxa', 'Neurexa', 'RxProgram']",Zachary Hicks,835392,1,1,0,2024-08-25
a04Qk000004Dlrd,Field,GA,31605,Valdosta,3312 N Oak Street Ext Bldg D,2801059892,Daniel Fitzgerald,Detail Only,Face-to-Face with HCP,"['Neurexa', 'RxProgram', 'Zemlora']",Ryan Munoz,207473,1,0,1,2024-09-02
a04Qk000004D2Hp,Field,TX,77478,Sugar Land,15400 Southwest Fwy Ste 200,2802323460,Carly Dalton,Detail Only,Office Visit (no prescriber contact),"['Trivaxa', 'Neurexa', 'RxProgram']",Debra Davidson,391704,1,1,1,2024-08-30
a04Qk000004DOOn,Field,AL,36830,Auburn,665 N Dean Rd,2805715577,Luis Price,Detail Only,Office Visit (no prescriber contact),"['Neurexa', 'RxProgram', 'Zemlora']",Mary Escobar,237235,0,1,0,2024-09-01
a04Qk000004H6WX,Field,WI,53142,Kenosha,6525 Green Bay Rd,2806748067,Barbara Sullivan,Detail Only,Office Visit (no prescriber contact),"['Neurexa', 'RxProgram', 'Zemlora', 'Trivaxa']",Melissa Martinez,916449,0,0,1,2024-09-06
a04Qk000004Fl4L,Field,PA,18102,Allentown,421 Chew St,2808964119,James Gutierrez,Detail Only,Office Visit (no prescriber contact),"['Neurexa', 'RxProgram', 'Zemlora', 'Trivaxa']",Spencer Haynes,287330,0,0,0,2024-09-03
a04Qk000004FY78,Field,NC,27265,High Point,4515 Premier Dr Ste 203,2811758576,Rachael Stephens,Detail Only,Office Visit (no prescriber contact),"['Zemlora', 'Trivaxa']",Jamie Smith,214975,0,0,0,2024-09-03
a04Qk000004FROz,Field,NJ,08055,Medford,135 Jackson Rd Ste C,2812509293,Heather Chavez,Detail Only,Virtual Call with HCP,"['Zemlora', 'Neurexa', 'RxProgram']",Michael Warner,694916,0,0,1,2024-09-03
a04Qk0000047Jd7,Field,GA,30904,Augusta,1417 Pendleton Rd,2814014548,David Miller,Detail Only,Face-to-Face with HCP,"['Zemlora', 'Trivaxa', 'Neurexa', 'RxProgram']",Thomas Atkins,159642,0,1,0,2024-08-25
a04Qk0000045n0z,Field,FL,32301,Tallahassee,471 W Tennessee St,2816565842,Cameron Lamb,Detail Only,Virtual Call,"['Neurexa', 'RxProgram', 'Zemlora']",Lisa Hunter,712024,0,0,1,2024-08-24
a04Qk000004Dhcj,Field,KS,67205,Wichita,6837 W 37th St N,2818405258,Diana Morris,Detail Only,HCP Meal,"['Neurexa', 'RxProgram', 'Zemlora']",David Smith,238739,1,0,0,2024-09-01
a04Qk000004HfhB,Virtual,CO,80214,Lakewood,1685 Eaton St,2821450918,Travis Cline,Detail Only,Phone Call with Office Staff,"['Zemlora', 'Neurexa', 'RxProgram']",Jonathan Peterson,216970,0,0,1,2024-09-06
a04Qk0000049eGr,Field,TX,77429,Cypress,13611 Skinner Rd Ste 145,2823157305,Kathy Reid,Detail Only,Face-to-Face with HCP,"['Neurexa', 'RxProgram', 'Zemlora', 'Trivaxa']",Barbara Dudley,847581,1,0,0,2024-08-25
a04Qk000004B4Ar,Field,TX,77706,Beaumont,3560 Delaware St Ste 207,2827674770,Walter Hinton,Detail Only,Virtual Call,"['Zemlora', 'Neurexa', 'RxProgram']",Gregory Ponce,776856,0,0,1,2024-08-29
a04Qk000004HbyX,Field,TX,77706,Beaumont,3560 Delaware St Ste 207,2827674770,Walter Hinton,Detail Only,HCP Meal,"['Zemlora', 'Neurexa', 'RxProgram']",Stephen Mckee,174870,0,0,1,2024-09-06
a04Qk000004DIRR,Field,GA,30328,Atlanta,5887 Glenridge Dr Ste 140,2827742332,Kristen Vang,Detail Only,Office Visit (no prescriber contact),"['Neurexa', 'RxProgram', 'Zemlora']",Parker Cain,923267,0,0,0,2024-09-01
a04Qk000004Alhh,Field,NC,28117,Mooresville,206 Joe Knox Ave Ste F,2836117283,Paula Herrera,Detail Only,HCP Meal,"['Zemlora', 'Neurexa', 'RxProgram']",Sara Fuller,790993,0,0,1,2024-08-30
a04Qk000004Bzc9,Field,KY,40204,Louisville,801 Barrett Ave Ste 110,2842589169,Alexandria Nguyen,Detail Only,Virtual Call with HCP,"['Neurexa', 'RxProgram', 'Zemlora']",Michael Warner,694916,0,1,0,2024-08-30
a04Qk0000047a65,Field,SC,29860,North Augusta,140 Allen Ct,2846784460,Whitney Ramirez,Detail Only,Face-to-Face with HCP,"['Zemlora', 'Trivaxa', 'Neurexa', 'RxProgram']",Jack White,109767,0,1,1,2024-08-25
a04Qk000004AiS8,Field,MI,48307,Rochester Hills,633 South Blvd E Ste 2400,2849114996,Jillian Preston,Detail Only,Office Visit (no prescriber contact),"['Trivaxa', 'Zemlora', 'Neurexa', 'RxProgram']",Alyssa Long,725380,0,0,1,2024-08-29
a04Qk000004AwoP,Field,TX,77054,Houston,7501 Fannin St Ste 850,2849258350,Tina Hayes,Detail Only,Office Visit (no prescriber contact),"['Trivaxa', 'Neurexa', 'RxProgram']",Amber Wright,665158,0,0,1,2024-08-29
a04Qk000004BxC9,Field,FL,32003,Fleming Island,1689 Eagle Harbor Pkwy Ste A,2851383108,Timothy Spencer,Detail Only,Office Visit (no prescriber contact),"['Neurexa', 'RxProgram', 'Zemlora']",Jonathan Peterson,216970,1,0,1,2024-08-30
a04Qk000004BvK1,Field,NY,10940,Middletown,707 E Main St,2851545231,Denise Foster,Detail Only,Office Visit (no prescriber contact),"['Zemlora', 'Neurexa', 'RxProgram', 'Trivaxa']",Laura Roberts,172574,0,1,0,2024-08-30
a04Qk00000469EQ,Field,AL,35243,Birmingham,3980 Colonnade Pkwy Ste 102,2855565736,Benjamin Osborne,Detail Only,Face-to-Face with HCP,"['Neurexa', 'RxProgram', 'Zemlora', 'Trivaxa']",Margaret Hawkins DDS,343962,0,0,0,2024-08-24
a04Qk000004FXuD,Field,FL,32217,Jacksonville,8823 San Jose Blvd Ste 301,2865627936,Cynthia Preston,Detail Only,Office Visit (no prescriber contact),"['Neurexa', 'RxProgram', 'Zemlora']",Heather Fields,198907,1,1,1,2024-09-03
a04Qk000004C9q2,Field,GA,30458,Statesboro,1094 Bermuda Run,2867684800,Sara Garza,Detail Only,Virtual Call,"['Zemlora', 'Neurexa', 'RxProgram']",Michael Lewis,733052,0,0,1,2024-08-30
a04Qk000004C0Zp,Virtual,NJ,07424,Little Falls,15 Marguegite Ct,2869432080,Shannon Arnold,Detail Only,Phone Call with Office Staff,['Lexcura/Cymbrin/Multi-Vi-Flor'],Elaine Brooks,392004,1,0,0,2024-08-30
a04Qk0000046OTa,Field,NC,27215,Burlington,1638 Memorial Dr,2869653843,Scott Clayton,Detail Only,Face-to-Face with HCP,"['Zemlora', 'XR-ODT']",Stephanie Ross,781453,0,0,1,2024-08-24
a04Qk000004G4LV,Field,NC,27215,Burlington,1638 Memorial Dr,2869653843,Scott Clayton,Detail Only,Face-to-Face with HCP,"['Zemlora', 'XR-ODT']",Susan Serrano,609597,0,0,0,2024-09-03
a04Qk000004DltF,Field,PA,18940,Newtown,760 Newtown Yardley Rd Ste 122,2872468796,Renee Brooks,Detail Only,Face-to-Face with HCP,"['Neurexa', 'RxProgram', 'Zemlora', 'Trivaxa']",Denise Davenport,491559,1,0,0,2024-09-01
a04Qk000004DJ0v,Field,GA,30120,Cartersville,150 Gentilly Blvd,2874518797,Laura Campbell,Detail Only,Office Visit (no prescriber contact),"['Zemlora', 'XR-ODT']",Larry Dixon,340174,0,0,1,2024-08-29
a04Qk0000045gh3,Virtual,LA,70706,Denham Springs,31995 Highway 16,2876265478,Ian Guerra,Detail Only,Phone Call with Office Staff,"['Zemlora', 'Trivaxa', 'Neurexa', 'RxProgram']",William Barrett,595948,0,0,0,2024-08-24
a04Qk0000047YYv,Field,OH,45342,Miamisburg,9049 Springboro Pike Ste A,2876966089,Christian Hansen,Detail Only,Face-to-Face with HCP,"['Neurexa', 'RxProgram', 'Zemlora', 'Trivaxa']",Brenda Hall,634277,0,0,1,2024-08-25
a04Qk000004CJr0,Field,NC,28226,Charlotte,8029 Corporate Center Dr Ste 200,2879111048,David Farmer,Detail Only,Office Visit (no prescriber contact),"['Zemlora', 'XR-ODT']",Gabrielle Davis,872246,0,0,1,2024-08-30
a04Qk0000046GB4,Virtual,CA,94104,San Francisco,456 Montgomery St Ste 1400,2883362417,Kristy Baker,Detail Only,Phone Call with Office Staff,"['Zemlora', 'Neurexa', 'RxProgram']",Joyce Solis,375504,0,0,1,2024-08-24
a04Qk000004Dn3p,Field,FL,32541,Destin,4467 Commons Dr W Ste F-G,2884145027,Jason Bridges,Detail Only,Face-to-Face with HCP,"['Zemlora', 'Neurexa', 'RxProgram']",John Bishop,376183,0,1,1,2024-08-30
a04Qk0000048gkX,Virtual,CO,80203,Denver,1120 Lincoln St,2885110186,Lawrence Cross,Detail Only,Phone Call with Clinical Staff,"['Zemlora', 'Neurexa', 'RxProgram']",Sharon Cochran,383060,0,0,1,2024-08-26
a04Qk000004BsNl,Virtual,WV,25504,Barboursville,6171 Childers Rd,2888509253,Harold Poole,Detail Only,Phone Call with Office Staff,"['Zemlora', 'XR-ODT']",Noah Rhodes,216739,0,0,0,2024-08-30
a04Qk000004Aqkb,Field,NY,11747,Melville,275 Broadhollow Rd,2891423738,Regina Ramirez,Detail Only,Office Visit (no prescriber contact),"['Neurexa', 'RxProgram', 'Zemlora', 'Trivaxa']",Ryan Rosales,559469,0,1,0,2024-08-29
a04Qk000004H30n,Field,NY,10007,New York,15 Warren St,2892561578,Timothy Mcgee,Detail Only,Office Visit (no prescriber contact),"['Neurexa', 'RxProgram', 'Zemlora', 'Trivaxa']",Tanya Kim,310922,1,1,0,2024-09-06
a04Qk000004HdVh,Virtual,CO,80112,Englewood,155 Inverness Dr W Ste 200,2893055526,Rebecca Anderson,Detail Only,Phone Call with Office Staff,"['Zemlora', 'Neurexa', 'RxProgram']",Lawrence Adkins,220116,1,1,0,2024-09-06
a04Qk000004DQ41,Field,MI,48316,Shelby Township,52915 Mound Rd,2897255134,Kevin Johnson,Detail Only,HCP Meal,"['Zemlora', 'Trivaxa', 'Neurexa', 'RxProgram']",Hannah Luna,346629,0,0,0,2024-09-06
a04Qk0000048vtF,Field,TX,75035,Frisco,4461 Coit Rd Ste 405,2897439721,Tiffany Richardson,Detail Only,Office Visit (no prescriber contact),"['Zemlora', 'Trivaxa', 'Neurexa', 'RxProgram']",Joshua Blair,207175,0,0,1,2024-08-26
a04Qk000004CUHl,Field,TX,75035,Frisco,4461 Coit Rd Ste 405,2897439721,Tiffany Richardson,Detail Only,HCP Meal,"['Zemlora', 'Trivaxa', 'Neurexa', 'RxProgram']",Zachary Hicks,835392,1,0,1,2024-08-30
a04Qk000004Gz8T,Field,FL,32080,St Augustine,1100 Plantation Island Dr S Ste 110,2901351517,Luke Lowe,Detail Only,Office Visit (no prescriber contact),"['Neurexa', 'RxProgram', 'Zemlora']",Zachary Ferrell,498591,0,1,0,2024-09-06
a04Qk000004C1UH,Field,NC,27834,Greenville,600 Moye Blvd,2901439248,Kelly James,Detail Only,Virtual Call with HCP,"['Neurexa', 'RxProgram', 'Zemlora', 'Trivaxa']",Lisa Hensley,671858,0,0,1,2024-08-30
a04Qk000004DHbr,Field,NC,27502,Apex,2080 Energy Dr,2918068153,Mark Curtis,Detail Only,Office Visit (no prescriber contact),"['Zemlora', 'XR-ODT']",Benjamin Smith,160738,0,1,1,2024-09-01
a04Qk000004EIcJ,Field,NE,68516,Lincoln,3540 Village Dr Ste 100,2918089661,Christopher Esparza,Detail Only,Face-to-Face with HCP,"['Neurexa', 'RxProgram', 'Zemlora']",Mary Marshall,322955,0,0,0,2024-09-02
a04Qk0000046FRt,Field,OH,45245,Cincinnati,4452 Eastgate Blvd Ste 202,2921572221,Zachary Carter,Detail Only,Face-to-Face with HCP,"['Neurexa', 'RxProgram', 'Zemlora', 'Trivaxa']",Jasmin Alvarado,341292,1,0,1,2024-08-24
a04Qk000004Hk5l,Field,OH,45245,Cincinnati,4452 Eastgate Blvd Ste 202,2921572221,Zachary Carter,Detail Only,Face-to-Face with HCP,"['Neurexa', 'RxProgram', 'Zemlora', 'Trivaxa']",Matthew Moore,842225,0,0,1,2024-09-06
a04Qk000004FZ81,Virtual,LA,70737,Gonzales,1023 W Highway 30,2922688186,Brett Wells,Detail Only,Phone Call with Office Staff,"['Zemlora', 'Trivaxa', 'Neurexa', 'RxProgram']",Denise Jones,329974,0,0,0,2024-09-03
a04Qk0000049P3J,Field,VA,23832,Chesterfield,7300 Ashlake Pkwy Ste 200,2925610524,Kim Cook,Detail Only,Office Visit (no prescriber contact),"['Zemlora', 'Neurexa', 'RxProgram', 'Trivaxa']",Briana Murray,665427,1,0,1,2024-08-26
a04Qk000004H7h7,Field,TX,77381,The Woodlands,8701 New Trails Dr Ste 150,2928710489,Teresa Griffin,Detail Only,Face-to-Face with HCP,"['Neurexa', 'RxProgram', 'Zemlora', 'Trivaxa']",Victor Taylor,806073,1,1,0,2024-09-02
a04Qk000004DWe5,Field,IL,60446,Romeoville,1239 Windham Pkwy,2931856744,Andrew Powers,Detail Only,Face-to-Face with HCP,"['Neurexa', 'RxProgram', 'Zemlora']",Benjamin Smith,160738,0,0,0,2024-09-01
a04Qk0000046xMT,Virtual,LA,70808,Baton Rouge,5000 Hennessy Blvd,2932388341,Sara Mccann,Detail Only,Fax to HCP Office,"['Zemlora', 'Neurexa', 'RxProgram']",Nathan Maldonado,717889,0,1,1,2024-08-25
a04Qk000004Br58,Field,NY,10901,Suffern,222 Route 59 Ste 303,2933207514,Catherine Lee,Detail Only,Office Visit (no prescriber contact),"['Neurexa', 'RxProgram', 'Zemlora', 'Trivaxa']",John Young,354801,1,0,0,2024-08-30
a04Qk0000045iFp,Field,GA,30277,Sharpsburg,105 Fischer Marketplace Ln Ste 200,2937582998,Chelsey Hall,Detail Only,Face-to-Face with HCP,"['Neurexa', 'RxProgram', 'Zemlora']",Mrs. Kristen Reyes,559381,0,1,1,2024-08-24
a04Qk000004EwY5,Field,KS,67214,Wichita,855 N Hillside St,2938088753,Scott Gould,Detail Only,Face-to-Face with HCP,"['Neurexa', 'RxProgram', 'Zemlora', 'Trivaxa']",Ryan Munoz,207473,0,0,1,2024-09-02
a04Qk0000048XAz,Field,TX,77058,Houston,17226 Mercury Dr Ste 100,2940633344,Cory Sanchez,Detail Only,Office Visit (no prescriber contact),"['Zemlora', 'Neurexa', 'RxProgram']",Margaret Coleman,704201,0,0,0,2024-08-26
a04Qk000004C1Np,Field,NC,27127,Winston Salem,5010 Peters Creek Pkwy,2941278733,Jordan Johnson,Detail Only,Virtual Call,"['Zemlora', 'Neurexa', 'RxProgram']",Patricia Rodriguez,881177,0,0,0,2024-08-30
a04Qk0000047IPJ,Virtual,MS,39402,Hattiesburg,15 Orleans Dr,2945141652,Monica Smith,Detail Only,Phone Call with Clinical Staff,"['Zemlora', 'Trivaxa', 'Neurexa', 'RxProgram']",Samantha Garcia,407757,0,0,1,2024-08-25
a04Qk0000047JbV,Field,GA,30904,Augusta,1417 Pendleton Rd,2951215447,Vanessa Fuentes,Detail Only,Face-to-Face with HCP,"['Zemlora', 'Trivaxa', 'Neurexa', 'RxProgram']",Patrick Moore,570405,0,0,0,2024-08-25
a04Qk000004DJ5l,Field,FL,32081,Ponte Vedra,400 Colonnade Dr Ste 200,2951735899,Nicholas English,Detail Only,Face-to-Face with HCP,"['Zemlora', 'Neurexa', 'RxProgram', 'Trivaxa']",Zachary Hicks,835392,0,0,1,2024-09-01
a04Qk000004Dl3d,Field,PA,18901,Doylestown,10 S Clinton St,2955246685,James Hernandez,Detail Only,Office Visit (no prescriber contact),"['Neurexa', 'RxProgram', 'Zemlora', 'Trivaxa']",Krista Gibson,543692,0,0,1,2024-08-29
a04Qk000004CwQw,Field,FL,33607,Tampa,1300 N West Shore Blvd Ste 240,2955409823,Sharon Ross,Detail Only,Face-to-Face with HCP,"['Neurexa', 'RxProgram', 'Zemlora']",Mark Perez,988662,0,1,1,2024-08-30
a04Qk000004DlEv,Field,PA,18901,Doylestown,601 New Britain Rd,2960943425,Oscar Wang,Detail Only,Face-to-Face with HCP,"['Neurexa', 'RxProgram', 'Zemlora']",Cynthia Rowe,716886,0,0,1,2024-08-29
a04Qk0000045o7l,Field,MA,01757,Milford,229 E Main St Ste 204,2964400747,Sandra Williams,Detail Only,HCP Meal,"['Neurexa', 'RxProgram', 'Zemlora']",Karen Graham,103402,0,0,0,2024-08-24
a04Qk000004AYAz,Field,NY,10003,New York,10 Union Sq E Frnt 5-G,2966118302,Shawn Shepherd,Detail Only,Office Visit (no prescriber contact),"['Neurexa', 'RxProgram', 'Zemlora', 'Trivaxa']",Kevin Oconnor,471507,1,0,1,2024-08-29
a04Qk000004DIl8,Field,NC,28287,Charlotte,6060 Piedmont Row Dr S Ste 500,2971913209,Jose Hoffman,Detail Only,HCP Meal,"['Zemlora', 'Neurexa', 'RxProgram']",Paul Castaneda,260265,0,0,0,2024-09-01
a04Qk000004BrGP,Field,OH,43082,Westerville,400 Altair Pkwy Ste 3100,2973103470,David Calhoun,Detail Only,HCP Meal,"['Neurexa', 'RxProgram', 'Zemlora', 'Trivaxa']",Carol Tucker,969693,1,1,1,2024-08-30
a04Qk000004D0j3,Field,TX,78731,Austin,7000 N Mopac Expy Ste 210,2976168226,Kelly Wright,Detail Only,Office Visit (no prescriber contact),"['Neurexa', 'RxProgram', 'Zemlora']",Denise Davenport,491559,0,1,1,2024-08-29
a04Qk000004CWcw,Virtual,TN,38017,Collierville,574 Green Tree Cv Ste 101,2976650163,Joshua Lawrence,Detail Only,Phone Call with Office Staff,"['Zemlora', 'Trivaxa', 'Neurexa', 'RxProgram']",Marie Christian,161733,0,0,0,2024-08-30
a04Qk000004AlTB,Field,NC,27713,Durham,4220 Apex Hwy,2978998686,Brian Fitzgerald,Detail Only,Office Visit (no prescriber contact),"['Zemlora', 'XR-ODT']",Ryan Rosales,559469,0,1,1,2024-08-29
a04Qk000004Lbrt,Field,NC,27713,Durham,4220 Apex Hwy,2978998686,Brian Fitzgerald,Detail Only,Office Visit (no prescriber contact),"['Zemlora', 'XR-ODT']",Jessica Callahan,182627,0,0,1,2024-09-06
a04Qk0000048cH8,Virtual,MO,65804,Springfield,1505 E Bradford Pkwy,2980151894,Sandra Griffin,Detail Only,Phone Call with Office Staff,"['Zemlora', 'Trivaxa', 'Neurexa', 'RxProgram']",Lori Hernandez,141672,0,0,1,2024-08-26
a04Qk000004Lc81,Field,NC,27617,Raleigh,7850 Brier Creek Pkwy Ste 102,2980794982,Chad Olson,Detail Only,Office Visit (no prescriber contact),"['Zemlora', 'XR-ODT']",Cynthia Morris,976638,1,1,1,2024-09-06
a04Qk000004Hr5e,Field,KS,67212,Wichita,8200 W Central Ave Ste 1,2982475229,Leslie Ramirez,Detail Only,HCP Meal,"['Neurexa', 'RxProgram', 'Zemlora']",Daniel Baker,391476,0,0,0,2024-09-06
a04Qk000004CRIJ,Virtual,NY,14221,Williamsville,37 Maple Rd,2983764665,Jennifer Munoz,Detail Only,Phone Call with Clinical Staff,"['Zemlora', 'Neurexa', 'RxProgram']",Scott Thomas,153045,0,0,1,2024-08-30
a04Qk000004DGFx,Field,GA,30034,Decatur,3073 Panthersville Rd,2989250725,David Thomas,Detail Only,Virtual Call with HCP,"['Zemlora', 'Neurexa', 'RxProgram']",Lisa Hunter,712024,0,0,1,2024-09-01
a04Qk000004Bs4P,Virtual,WV,25301,Charleston,415 Morris St Ste 100,2992471456,Robert Dickerson,Detail Only,Phone Call with Office Staff,"['Zemlora', 'XR-ODT']",Kimberly Gibson,454508,0,0,0,2024-08-30
a04Qk0000042vfp,Field,WV,26101,Parkersburg,1809 Dupont Rd E,2995729537,Kelly Kirby,Detail Only,Face-to-Face with HCP,"['Neurexa', 'RxProgram', 'Zemlora', 'Trivaxa']",Joyce Solis,375504,1,1,1,2024-08-24
a04Qk000004DnF7,Field,AL,36606,Mobile,3209 Midtown Park S,2997353636,John Stone,Detail Only,Office Visit (no prescriber contact),"['Zemlora', 'Neurexa', 'RxProgram']",Jennifer Adkins,757924,0,1,1,2024-08-29
a04Qk000004DLNh,Field,NC,28117,Mooresville,170 Medical Park Rd Ste 140A,3000022414,Paula Lopez,Detail Only,Virtual Call,"['Zemlora', 'XR-ODT']",Cynthia Moore,426858,0,0,1,2024-09-01
a04Qk000004HYCg,Virtual,CO,80503,Niwot,6897 Paiute Ave Ste 5,3001566700,Donald Smith,Detail Only,Phone Call with Office Staff,"['Zemlora', 'Neurexa', 'RxProgram']",Matthew Moore,842225,0,0,1,2024-09-06
a04Qk000004AaMT,Field,AZ,85050,Phoenix,20950 N Tatum Blvd Ste 380,3010004875,Madison Adams,Detail Only,Office Visit (no prescriber contact),"['Neurexa', 'RxProgram', 'Zemlora']",Melissa Brewer,755674,1,0,1,2024-08-29
a04Qk000004LFL7,Field,MA,01720,Acton,289 Great Rd Ste G1,3012854322,Danielle Proctor,Detail Only,Office Visit (no prescriber contact),"['Neurexa', 'RxProgram', 'Zemlora']",Jeremy Mitchell,378082,1,1,1,2024-09-06
a04Qk000004Fxez,Field,TX,78641,Leander,651 N Highway 183 Ste 110,3014240729,Ashley Franklin,Detail Only,Office Visit (no prescriber contact),"['Trivaxa', 'Zemlora', 'Neurexa', 'RxProgram']",Tamara Davis,294851,0,0,1,2024-09-02
a04Qk0000048nZ8,Field,FL,32746,Lake Mary,410 Waymont Ct,3014558853,Tammy Robinson,Detail Only,Face-to-Face with HCP,"['Zemlora', 'XR-ODT']",Cynthia Moore,426858,0,1,1,2024-08-26
a04Qk000004DQQb,Field,IL,60068,Park Ridge,1675 Dempster St Fl 3,3015031882,Deborah Kane,Detail Only,Office Visit (no prescriber contact),"['Neurexa', 'RxProgram']",Mrs. Diane Reyes,356150,0,0,1,2024-09-01
a04Qk000004Amlp,Field,SC,29803,Aiken,33 Varden Dr,3015455466,Roger Long,Detail Only,Office Visit (no prescriber contact),"['Zemlora', 'Neurexa', 'RxProgram']",Patricia Rodriguez,881177,1,0,1,2024-08-29
a04Qk0000048VVl,Field,NC,28403,Wilmington,1914 Glen Meade Rd,3021004107,Rachel Higgins,Detail Only,Office Visit (no prescriber contact),"['Neurexa', 'RxProgram', 'Zemlora', 'Trivaxa']",Susan Serrano,609597,0,0,0,2024-08-26
a04Qk000004ASdU,Field,NC,28403,Wilmington,1914 Glen Meade Rd,3021004107,Rachel Higgins,Detail Only,Face-to-Face with HCP,"['Neurexa', 'RxProgram', 'Zemlora', 'Trivaxa']",Paula Moreno,832052,1,0,0,2024-08-29
a04Qk000004AKEc,Field,GA,30024,Suwanee,3380 Paddocks Pkwy,3024856239,Jill Pham DDS,Detail Only,Face-to-Face with HCP,"['Zemlora', 'Neurexa', 'RxProgram']",Karen Graham,103402,0,0,0,2024-08-29
a04Qk000004FvYL,Field,KS,66047,Lawrence,4951 W 18th St,3029821936,John Franklin,Detail Only,HCP Meal,"['Neurexa', 'RxProgram', 'Zemlora']",Stephen Mckee,174870,0,1,1,2024-09-03
a04Qk0000048sgr,Field,FL,33614,Tampa,4710 N Habana Ave Ste 203,3030356179,Mark Lara,Detail Only,Face-to-Face with HCP,"['Neurexa', 'RxProgram', 'Zemlora']",Kathryn Snyder,658582,0,0,1,2024-08-26
a04Qk000004Hnek,Field,FL,33511,Brandon,1118 Bell Shoals Rd,3030356179,Mark Lara,Detail Only,Face-to-Face with HCP,"['Neurexa', 'RxProgram', 'Zemlora']",Melissa Gates,149405,0,0,1,2024-09-06
a04Qk0000046N1G,Field,KS,66044,Lawrence,1803 W 6th St,3033913305,Mr. Anthony Ibarra,Detail Only,Face-to-Face with HCP,"['Neurexa', 'RxProgram', 'Trivaxa', 'Zemlora']",Felicia Aguilar,804318,0,1,0,2024-08-24
a04Qk000004FUzZ,Field,SC,29063,Irmo,7941 Broad River Rd,3038528265,Andrea Elliott,Detail Only,Office Visit (no prescriber contact),"['Trivaxa', 'Zemlora', 'Neurexa', 'RxProgram']",Barbara Dudley,847581,0,0,1,2024-09-03
a04Qk0000045nSP,Field,FL,32751,Maitland,668 N Orlando Ave Ste 206,3040809837,Mrs. Katelyn Walters,Detail Only,Face-to-Face with HCP,"['Trivaxa', 'Zemlora']",Shannon Ramsey,785197,0,0,0,2024-08-24
a04Qk0000048pW6,Field,FL,32751,Maitland,668 N Orlando Ave Ste 206,3040809837,Mrs. Katelyn Walters,Detail Only,Face-to-Face with HCP,"['Trivaxa', 'Zemlora']",Shelia Wallace,639131,0,0,0,2024-08-26
a04Qk000004LELq,Field,FL,32751,Maitland,668 N Orlando Ave Ste 206,3040809837,Mrs. Katelyn Walters,Detail Only,Face-to-Face with HCP,"['Zemlora', 'Trivaxa']",Natalie Bautista,662336,0,0,1,2024-09-06
a04Qk0000047Maz,Field,NC,27587,Wake Forest,11130 Capital Blvd,3041507457,Gabrielle Lawrence,Detail Only,Office Visit (no prescriber contact),"['Zemlora', 'Trivaxa']",Debra White,262316,0,0,0,2024-08-25
a04Qk0000047Maz,Field,NC,27587,Wake Forest,11130 Capital Blvd,3041507457,Gabrielle Lawrence,Detail Only,Office Visit (no prescriber contact),"['Zemlora', 'Trivaxa']",Debra White,262316,0,0,0,2024-08-25
a04Qk000004HcbG,Field,WI,53226,Wauwatosa,8651 W North Ave,3042410737,Robert Thompson,Detail Only,Office Visit (no prescriber contact),"['Neurexa', 'RxProgram', 'Zemlora']",Dr. Paul Morgan,156802,0,1,1,2024-09-06
a04Qk000004FZmM,Field,NC,27265,High Point,4515 Premier Dr Ste 203,3045806630,David Lopez,Detail Only,Office Visit (no prescriber contact),"['Zemlora', 'XR-ODT']",Nathan Maldonado,717889,1,0,0,2024-09-03
a04Qk000004EqSf,Field,TX,77030,Houston,6701 Fannin St,3051727833,Rebecca Beltran,Detail Only,Office Visit (no prescriber contact),"['Trivaxa', 'Neurexa', 'RxProgram']",Maria Parker,551989,1,0,1,2024-09-02
a04Qk000004DknW,Field,PA,18940,Newtown,760 Newtown Yardley Rd Ste 122,3055375759,Julia Gutierrez,Detail Only,Office Visit (no prescriber contact),"['Neurexa', 'RxProgram', 'Zemlora']",Brenda Wright,398830,1,1,1,2024-09-01
a04Qk000004FpG1,Field,LA,70508,Lafayette,1101 Kaliste Saloom Rd Ste 304,3056723857,Roger Rich,Detail Only,Office Visit (no prescriber contact),"['Zemlora', 'XR-ODT']",Paul Lewis,161324,0,0,1,2024-09-03
a04Qk000004Hlxt,Field,LA,70508,Lafayette,1103 Kaliste Saloom Rd Ste 304,3056723857,Roger Rich,Detail Only,Virtual Call,"['Zemlora', 'XR-ODT']",George Harper,350280,0,0,1,2024-09-06
a04Qk0000048cyf,Field,MA,01730,Bedford,41 North Road Ste 200,3057001627,Laura George,Detail Only,Office Visit (no prescriber contact),"['Neurexa', 'RxProgram', 'Zemlora', 'Trivaxa']",Theresa Williams,989921,0,0,0,2024-08-26
a04Qk000004BzXJ,Field,TX,78758,Austin,2217 Park Bend Dr Ste 300,3057924785,Lisa Roman,Detail Only,Office Visit (no prescriber contact),"['Zemlora', 'Neurexa', 'RxProgram']",Brian Lee,899550,1,0,0,2024-08-29
a04Qk000004Ju5p,Field,TX,78758,Austin,2217 Park Bend Dr Ste 300,3057924785,Lisa Roman,Detail Only,Face-to-Face with HCP,"['Trivaxa', 'Zemlora', 'Neurexa', 'RxProgram']",Sierra Johnson,584714,0,1,0,2024-09-06
a04Qk0000046Lc9,Field,KS,66049,Lawrence,4930 Overland Dr,3062981905,Nicholas Taylor,Detail Only,HCP Meal,"['Neurexa', 'RxProgram', 'Zemlora']",Angela Lopez,793384,0,0,1,2024-08-24
a04Qk000004JtuX,Field,TX,77701,Beaumont,3070 College St Ste 120,3063256998,Cassandra Rubio,Detail Only,Office Visit (no prescriber contact),"['Zemlora', 'Neurexa', 'RxProgram']",Michael Farrell,161483,0,0,1,2024-09-06
a04Qk000004CSpS,Field,NJ,08755,Toms River,664 Commons Way Bldg I,3067887836,Keith Webb,Detail Only,Office Visit (no prescriber contact),"['Zemlora', 'Neurexa', 'RxProgram']",William Herrera,983794,0,1,0,2024-08-30
a04Qk000004B0s1,Field,NC,28117,Mooresville,202 Williamson Rd Ste 204,3068682120,Heidi Ellis,Detail Only,Office Visit (no prescriber contact),"['Zemlora', 'Trivaxa']",Angela Lopez,793384,0,0,0,2024-08-30
a04Qk000004EPyj,Field,NE,68502,Lincoln,2130 S 17th St Ste 100,3069272838,John Hendricks,Detail Only,Face-to-Face with HCP,"['Zemlora', 'Neurexa', 'RxProgram']",Mary Escobar,237235,0,0,0,2024-09-02
a04Qk000004At49,Field,KS,67214,Wichita,855 N Hillside St,3073960223,Joseph Barnes,Detail Only,Face-to-Face with HCP,"['Neurexa', 'RxProgram', 'Zemlora', 'Trivaxa']",Matthew Mcmillan,270555,0,0,1,2024-08-29
a04Qk000003FWqf,Field,AZ,85210,Mesa,1201 S Alma School Rd Ste 11000,3080050403,Carla Roy,Detail Only,Virtual Call,"['Neurexa', 'RxProgram', 'Zemlora', 'Trivaxa']",Tina Sanders,887352,0,0,0,2024-09-02
a04Qk0000048bWL,Field,KY,40222,Louisville,2327 Lime Kiln Ln,3080291899,Michael Walker,Detail Only,HCP Meal,"['Neurexa', 'RxProgram', 'Zemlora', 'Trivaxa']",Tanya Kim,310922,0,0,0,2024-08-26
a04Qk000004GKEz,Field,VA,23112,Midlothian,5955 Harbour Park Dr,3083341527,Troy Woods,Detail Only,Office Visit (no prescriber contact),"['Zemlora', 'Neurexa', 'RxProgram', 'Trivaxa']",Laura Haney,922733,0,0,0,2024-09-03
a04Qk000004BvAL,Field,LA,70507,Lafayette,3414 Moss St Ste F,3089701308,Sabrina Martin,Detail Only,Office Visit (no prescriber contact),"['Zemlora', 'Neurexa', 'RxProgram']",Jessica Holmes,498382,0,0,1,2024-08-30
a04Qk000004ELiD,Field,NC,27801,Rocky Mount,210 E Thomas St,3091684483,Shane Duncan,Detail Only,Face-to-Face with HCP,"['Zemlora', 'XR-ODT']",Adam Burgess,627276,0,0,1,2024-09-02
a04Qk000004EYlt,Field,AL,35801,Huntsville,2308 Pansy St SW,3095720285,Michael Murphy,Detail Only,Face-to-Face with HCP,"['Zemlora', 'Neurexa', 'RxProgram', 'Trivaxa']",Barbara Dudley,847581,1,0,1,2024-09-02
a04Qk000004ANaY,Field,FL,33606,Tampa,1919 W Swann Ave Fl 3,3099698061,Heather Thomas,Detail Only,Face-to-Face with HCP,"['Neurexa', 'RxProgram', 'Zemlora']",Spencer Haynes,287330,0,0,0,2024-08-29
a04Qk000004EiJp,Field,GA,30338,Atlanta,2150 Peachford Rd Ste A,3109846597,Melissa Brown,Detail Only,Face-to-Face with HCP,"['Neurexa', 'RxProgram', 'Zemlora']",Lindsay Martinez,772097,1,0,1,2024-09-02
a04Qk0000043iNB,Field,AZ,85295,Gilbert,1760 E Pecos Rd Ste 338,3118928970,Lisa Alexander,Detail Only,HCP Meal,"['Neurexa', 'RxProgram', 'Zemlora', 'Trivaxa']",Kimberly Gibson,454508,0,0,1,2024-08-24
a04Qk000004Ecfp,Field,NY,11242,Brooklyn,26 Court St 1420,3120462308,William Sparks,Detail Only,Office Visit (no prescriber contact),"['Neurexa', 'RxProgram', 'Zemlora', 'Trivaxa']",Joshua Perry,195325,0,0,1,2024-09-02
a04Qk000004HwZx,Virtual,CA,94612,Oakland,525 21st St,3128874807,Robert Jenkins,Detail Only,Phone Call with Office Staff,"['Zemlora', 'Neurexa', 'RxProgram']",Nichole Alvarez,197793,1,0,1,2024-09-06
a04Qk000004Da09,Field,NE,68144,Omaha,2727 S 144th St Ste 280,3130681629,Dana Chen,Detail Only,HCP Meal,"['Neurexa', 'RxProgram', 'Zemlora']",Connor West,230889,0,0,1,2024-09-01
a04Qk000004CI5K,Field,KS,66210,Overland Park,11725 W 112th St,3131024804,Kevin Ray,Detail Only,HCP Meal,"['Neurexa', 'RxProgram', 'Zemlora']",Mark Brown,612340,0,1,1,2024-08-30
a04Qk0000047Fcj,Field,SC,29464,Mt Pleasant,721 Long Point Rd Ste 408B,3131715832,Rachel Green,Detail Only,Virtual Call with HCP,"['Zemlora', 'Neurexa', 'RxProgram']",Amber Wright,665158,0,0,0,2024-08-25
a04Qk000004G2Mv,Field,SC,29464,Mt Pleasant,721 Long Point Rd Ste 408B,3131715832,Rachel Green,Detail Only,HCP Meal,"['Zemlora', 'Neurexa', 'RxProgram']",Ethan Adams,731262,0,0,1,2024-09-03
a04Qk000004Df33,Virtual,NJ,07052,West Orange,395 Pleasant Valley Way,3135024344,David Schmidt,Detail Only,Phone Call with Office Staff,['Lexcura/Cymbrin/Multi-Vi-Flor'],Melissa Brewer,755674,0,0,0,2024-09-01
a04Qk000004D1Qb,Field,MO,63110,Saint Louis,1 Childrens Pl,3138734561,Tonya Dennis,Detail Only,Face-to-Face with HCP,"['Zemlora', 'Neurexa', 'RxProgram']",Kathleen Moran,781446,0,0,1,2024-08-30
a04Qk000004BtlG,Field,NY,10601,White Plains,34 S Broadway Ste 702,3145278962,Heather Cervantes,Detail Only,HCP Meal,"['Neurexa', 'RxProgram', 'Zemlora', 'Trivaxa']",Elaine Brooks,392004,0,0,1,2024-08-30
a04Qk000004DFTa,Field,NC,28207,Charlotte,2711 Randolph Rd Ste 100,3151009222,Alexander Donovan,Detail Only,Virtual Call with HCP,"['Neurexa', 'RxProgram', 'Zemlora', 'Trivaxa']",Debra Morton,575763,1,0,1,2024-09-01
a04Qk000004AeY9,Field,TN,37919,Knoxville,1111 N Northshore Dr Ste S490,3154554948,Michelle Washington,Detail Only,HCP Meal,"['Zemlora', 'Neurexa', 'RxProgram']",Lisa Barnes,403445,0,1,1,2024-08-29
a04Qk000004AeUv,Field,TN,37919,Knoxville,1111 N Northshore Dr Ste S490,3154554948,Michelle Washington,Detail Only,HCP Meal,"['Zemlora', 'Neurexa', 'RxProgram']",Dr. Hannah Patterson,456699,0,0,0,2024-08-29
a04Qk000004ErdF,Field,SC,29615,Greenville,142 Milestone Way,3155657155,Alexa Price,Detail Only,Office Visit (no prescriber contact),"['Zemlora', 'Neurexa', 'RxProgram', 'Trivaxa']",Shane Henderson,452944,1,0,0,2024-09-01
a04Qk0000047Un4,Field,KS,67226,Wichita,9825 E Shannon Woods Cir,3157334914,Steven Fields,Detail Only,HCP Meal,"['Neurexa', 'RxProgram', 'Zemlora', 'Trivaxa']",Isaiah Avila,865388,0,0,1,2024-08-25
a04Qk000004Hh7v,Field,MI,48314,Sterling Heights,41400 Dequindre Rd Ste 107,3158075712,Cody Villa,Detail Only,Office Visit (no prescriber contact),"['Zemlora', 'Neurexa', 'RxProgram']",Sharon Cochran,383060,1,0,1,2024-09-06
a04Qk00000462RR,Field,MA,02021,Canton,1017 Turnpike St Ste 31,3159689615,Samuel Roberts,Detail Only,Office Visit (no prescriber contact),"['Neurexa', 'RxProgram', 'Zemlora']",Madison Weber,723398,1,0,1,2024-08-24
a04Qk000004CX18,Field,GA,30064,Marietta,3515 Dallas Hwy SW Ste C,3173191255,Elizabeth Ford,Detail Only,Office Visit (no prescriber contact),"['Zemlora', 'Neurexa', 'RxProgram', 'Trivaxa']",Courtney Gonzalez,581141,0,0,1,2024-08-30
a04Qk000004HhPd,Field,GA,30064,Marietta,3515 Dallas Highway SW Ste C,3173191255,Elizabeth Ford,Detail Only,Face-to-Face with HCP,"['Neurexa', 'RxProgram', 'Zemlora', 'Trivaxa']",Aimee Montoya,482554,1,1,0,2024-09-06
a04Qk000003TxpN,Field,NY,10012,New York,155 Spring St Fl 4,3185770867,Richard Fletcher,Detail Only,Office Visit (no prescriber contact),"['Neurexa', 'RxProgram', 'Zemlora', 'Trivaxa']",Denise Davenport,491559,1,0,1,2024-08-25
a04Qk000004CCeF,Field,OH,45208,Cincinnati,3330 Erie Ave Ste 8,3190804983,Antonio Bailey,Detail Only,Face-to-Face with HCP,"['Neurexa', 'RxProgram', 'Zemlora', 'Trivaxa']",Charles Shah,360735,0,0,1,2024-08-30
a04Qk0000046zsx,Virtual,TN,38138,Germantown,7505 Capital Dr,3193575790,James Flores,Detail Only,Phone Call with Office Staff,"['Zemlora', 'Neurexa', 'RxProgram']",Glen Wood,707314,0,0,1,2024-08-25
a04Qk000004AWE2,Field,NY,10022,New York,215 E 50th St,3198428366,Heather Rowland,Detail Only,Office Visit (no prescriber contact),"['Neurexa', 'RxProgram', 'Zemlora', 'Trivaxa']",Holly Wood,133326,0,0,1,2024-08-29
a04Qk0000045tzG,Virtual,NY,11530,Garden City,1000 Franklin Ave Ste 100,3199771270,Steven Thomas,Detail Only,Phone Call with Clinical Staff,['Lexcura/Cymbrin/Multi-Vi-Flor'],Trevor Johnson,542374,0,0,1,2024-08-24
a04Qk000004B0gr,Field,IL,60048,Libertyville,1860 W Winchester Rd Ste 106,3201555612,Christopher Garcia,Detail Only,Office Visit (no prescriber contact),"['Neurexa', 'RxProgram', 'Zemlora']",James Parks,526156,0,0,0,2024-08-29
a04Qk0000048pHZ,Field,FL,33024,Hollywood,7369 Sheridan St Ste 101,3203119042,Debra Ramirez,Detail Only,Virtual Call with HCP,"['Zemlora', 'Neurexa', 'RxProgram']",Adam Vaughan,632342,0,0,0,2024-08-26
a04Qk000004DjEj,Field,FL,32571,Pace,5595 Woodbine Rd,3205644002,Amanda Hall,Detail Only,Office Visit (no prescriber contact),"['Zemlora', 'Neurexa', 'RxProgram']",Tamara Davis,294851,0,0,0,2024-09-01
a04Qk000004FhNJ,Field,NC,28086,Kings Mountain,2202 Carolina Pl Ste 200,3205970199,Kelsey Robertson,Detail Only,Virtual Call,"['Zemlora', 'Neurexa', 'RxProgram']",Evelyn Galvan,497887,0,0,1,2024-09-03
a04Qk000004Daxp,Field,AL,36830,Auburn,2353 Bent Creek Rd Ste 110,3206000928,Jason Guzman,Detail Only,HCP Meal,"['Neurexa', 'RxProgram', 'Zemlora', 'Trivaxa']",Brian Ramirez,542417,0,0,1,2024-09-01
a04Qk000004C0Uz,Virtual,NY,11746,Huntington Station,180 E Pulaski Rd Suite E1-100,3208411498,Alyssa Archer,Detail Only,Phone Call with Office Staff,['Lexcura/Cymbrin/Multi-Vi-Flor'],Karla Ramos,884309,0,0,1,2024-08-30
a04Qk000004FiCv,Field,NC,27030,Mount Airy,113 Scenic Outlet Ln Ste 2,3209907840,Bryan Gonzalez,Detail with Sample,HCP Meal,['Norexel'],Megan Nelson,163918,0,0,1,2024-09-06
a04Qk000003Eilq,Field,IA,51101,Sioux City,600 4th St Ste 501,3212824164,Tiffany Maxwell,Detail Only,HCP Meal,"['Neurexa', 'RxProgram', 'Trivaxa']",Patrick Thornton,680828,1,0,0,2024-08-24
a04Qk000004D12P,Field,TX,78701,Austin,1717 West Ave,3213058147,Alex Brewer,Detail Only,Office Visit (no prescriber contact),"['Trivaxa', 'Zemlora', 'Neurexa', 'RxProgram']",Marc Moore,356702,1,0,1,2024-08-30
a04Qk000004Ao67,Field,KS,66748,Humboldt,1106 S 9th St,3217203063,Jeff Tyler,Detail Only,Virtual Call,"['Neurexa', 'RxProgram', 'Zemlora', 'Trivaxa']",Benjamin Smith,160738,0,1,1,2024-08-29
a04Qk0000046N2r,Field,KS,66044,Lawrence,1803 W 6th St,3220800976,Maria Wright,Detail Only,Face-to-Face with HCP,"['Neurexa', 'RxProgram', 'Zemlora']",David Martinez,738551,0,0,1,2024-08-24
a04Qk0000042tvl,Field,NY,10128,New York,1160 Park Ave 1-E,3222925904,Joel Burnett,Detail Only,Office Visit (no prescriber contact),"['Neurexa', 'RxProgram', 'Zemlora']",Tina Sanders,887352,0,1,1,2024-08-25
a04Qk0000048rUf,Field,FL,33559,Lutz,1854 Oak Grove Blvd,3223868365,Amanda Valencia,Detail Only,Face-to-Face with HCP,"['Neurexa', 'RxProgram', 'Zemlora', 'Trivaxa']",Michael Wang,855731,0,0,0,2024-08-26
a04Qk0000048WZu,Virtual,CA,94583,San Ramon,111 Deerwood Rd Ste 360,3224019654,Thomas Cortez,Detail Only,Phone Call with Office Staff,"['Zemlora', 'Trivaxa', 'Neurexa', 'RxProgram']",Gabrielle Davis,872246,0,1,1,2024-08-26
a04Qk000004ES6z,Field,PA,19010,Bryn Mawr,950 E Haverford Rd Ste 302,3224935511,Kathy Mendoza,Detail Only,Office Visit (no prescriber contact),"['Zemlora', 'Neurexa', 'RxProgram']",Richard Rodriguez,771088,0,0,1,2024-09-02
a04Qk000004Fbxp,Virtual,LA,70809,Baton Rouge,2928 Bocage Lake Ct,3227571533,Jon Gonzales,Detail Only,Phone Call with Office Staff,"['Zemlora', 'Trivaxa', 'Neurexa', 'RxProgram']",Brian Smith,184002,0,0,1,2024-09-03
a04Qk000004HFy1,Virtual,LA,70809,Baton Rouge,2928 Bocage Lake Ct,3227571533,Jon Gonzales,Detail Only,Phone Call with Clinical Staff,"['Zemlora', 'Trivaxa', 'Neurexa', 'RxProgram']",Anthony Everett,728038,0,0,0,2024-09-06
a04Qk000004Fe7h,Field,AZ,85234,Gilbert,2550 E Guadalupe Rd Ste 115,3230082806,Caleb Gross,Detail Only,HCP Meal,"['Neurexa', 'RxProgram', 'Zemlora', 'Trivaxa']",Ronald Davis,922157,1,0,1,2024-09-03
a04Qk000004Gy5x,Field,OH,43055,Newark,1671 W Main St,3230275008,Alexandria Nguyen,Detail Only,HCP Meal,"['Zemlora', 'Neurexa', 'RxProgram', 'Trivaxa']",Aimee Montoya,482554,0,1,1,2024-09-06
a04Qk000004EQ0L,Field,IL,60607,Chicago,1520 W Harrison St Fl 7,3232191921,Derek Miller,Detail Only,Face-to-Face with HCP,"['Neurexa', 'RxProgram', 'Zemlora']",Susan Serrano,609597,0,1,0,2024-09-02
a04Qk000004AlbF,Field,NC,27713,Durham,4220 Apex Hwy Ste 200,3233231349,Caleb Shelton,Detail Only,Office Visit (no prescriber contact),"['Zemlora', 'XR-ODT']",Julia Torres,684004,0,1,0,2024-08-29
a04Qk000004Lc1Z,Field,NC,27713,Durham,4220 Apex Hwy Ste 200,3233231349,Caleb Shelton,Detail Only,Office Visit (no prescriber contact),"['Zemlora', 'XR-ODT']",Christopher Parker,955662,1,0,1,2024-09-06
a04Qk000004Ao1F,Field,SC,29464,Mount Pleasant,887 Johnnie Dodds Blvd Ste 215,3234296736,Andrew Sosa,Detail Only,Office Visit (no prescriber contact),"['Zemlora', 'Neurexa', 'RxProgram']",Charles Lester,202664,0,1,0,2024-08-26
a04Qk000004G2ef,Field,SC,29464,Mount Pleasant,887 Johnnie Dodds Blvd Ste 215,3234296736,Andrew Sosa,Detail Only,Office Visit (no prescriber contact),"['Zemlora', 'Neurexa', 'RxProgram']",Judy Baker,308496,0,0,1,2024-09-02
a04Qk0000042uWr,Field,NY,10019,New York,200 W 57th St Ste 601,3238360507,Amanda Crawford,Detail Only,Office Visit (no prescriber contact),"['Neurexa', 'RxProgram', 'Zemlora']",Anthony Moore,668532,1,0,0,2024-08-24
a04Qk000004DKrR,Field,NY,10019,New York,200 W 57th St Ste 601,3238360507,Amanda Crawford,Detail Only,HCP Meal,"['Neurexa', 'RxProgram', 'Zemlora']",Maria Henderson,176066,0,0,1,2024-09-01
a04Qk000004FlM5,Field,NY,10016,New York,222 E 31st St Apt 1R,3238360507,Amanda Crawford,Detail Only,Office Visit (no prescriber contact),"['Neurexa', 'RxProgram', 'Zemlora']",David Thompson,783823,0,1,0,2024-09-03
a04Qk000004HIRG,Field,NY,10019,New York,200 W 57th St Ste 601,3238360507,Amanda Crawford,Detail Only,Office Visit (no prescriber contact),"['Neurexa', 'RxProgram', 'Zemlora']",Judy Baker,308496,0,1,1,2024-09-06
a04Qk000004C7cw,Field,SC,29464,Mount Pleasant,1440 Ben Sawyer Blvd Ste 1109,3245814005,Nicholas Bell,Detail Only,Office Visit (no prescriber contact),"['Zemlora', 'Neurexa', 'RxProgram']",Tricia Valencia,571029,0,1,1,2024-08-30
a04Qk0000045ocz,Field,NY,11530,Garden City,300 Garden City Plz Ste 312,3248609074,Amy Guerra,Detail Only,Office Visit (no prescriber contact),"['Neurexa', 'RxProgram', 'Zemlora']",Steve Sanchez,910620,0,0,1,2024-08-24
a04Qk000004Fi9h,Field,NY,11530,Garden City,300 Garden City Plz Ste 312,3248609074,Amy Guerra,Detail Only,Office Visit (no prescriber contact),"['Neurexa', 'RxProgram', 'Zemlora']",Anna Henderson,379946,0,0,0,2024-09-03
a04Qk000004HJLh,Field,NY,11530,Garden City,300 Garden City Plz Ste 312,3248609074,Amy Guerra,Detail Only,Face-to-Face with HCP,"['Neurexa', 'RxProgram', 'Zemlora']",Kenneth Scott,961722,0,0,0,2024-09-06
a04Qk000004Da9p,Field,FL,33710,Saint Petersburg,1700 66th St N Ste 207,3249585244,Leslie Rivers,Detail Only,HCP Meal,"['Neurexa', 'RxProgram', 'Zemlora', 'Trivaxa']",Daniel Kennedy,787277,1,0,1,2024-09-01
a04Qk00000477th,Field,GA,31904,Columbus,3934 Woodruff Rd,3254968005,Claudia Morgan,Detail Only,Virtual Call with HCP,"['Neurexa', 'RxProgram']",April Frost,133659,0,0,1,2024-08-25
a04Qk000004FsvR,Field,AL,36532,Fairhope,21950 State Highway 181 Ste A1,3267135829,Tonya Henderson,Detail Only,HCP Meal,"['Zemlora', 'Neurexa', 'RxProgram']",Mark Perez,988662,1,0,0,2024-09-02
a04Qk000004AWxB,Field,IN,47150,New Albany,303 Scribner Dr Ste 100,3272303918,Anthony Mcintyre,Detail Only,Face-to-Face with HCP,"['Neurexa', 'RxProgram', 'Zemlora', 'Trivaxa']",Kevin Walters,273148,0,0,1,2024-08-29
a04Qk000004ArOw,Field,IL,60102,Algonquin,2401 Harnish Dr Ste 100,3276093026,Kelsey Morton,Detail Only,Office Visit (no prescriber contact),"['Neurexa', 'RxProgram', 'Zemlora', 'Trivaxa']",Michael Elliott,813328,1,0,0,2024-08-29
a04Qk000004ELof,Field,TN,37421,Chattanooga,7161 Lee Hwy Ste 400,3278022960,Timothy Saunders,Detail Only,Office Visit (no prescriber contact),"['Zemlora', 'Trivaxa', 'Neurexa', 'RxProgram']",Erin Edwards,520651,1,0,1,2024-09-02
a04Qk000004DJs9,Field,NY,10022,New York,30 E 60th St Rm 2403,3279728726,Bailey Marshall,Detail Only,Office Visit (no prescriber contact),"['Neurexa', 'RxProgram', 'Zemlora']",Stephanie Williams,349565,0,1,1,2024-09-01
a04Qk000004HMoD,Field,NY,10022,New York,30 E 60th St Rm 2403,3279728726,Bailey Marshall,Detail Only,Office Visit (no prescriber contact),"['Neurexa', 'RxProgram', 'Zemlora']",Mrs. Diane Reyes,356150,0,0,0,2024-09-06
a04Qk0000045nCH,Field,FL,32073,Orange Park,1542 Kingsley Ave Ste 136,3284906366,Cheryl Jones,Detail Only,Face-to-Face with HCP,"['Neurexa', 'RxProgram', 'Zemlora']",Karla Ramos,884309,0,0,0,2024-08-24
a04Qk00000463VZ,Virtual,CA,90740,Seal Beach,12501 Seal Beach Blvd Ste 230,3285567031,George Navarro,Detail Only,Phone Call with Clinical Staff,"['Zemlora', 'Trivaxa', 'Neurexa', 'RxProgram']",Jessica Callahan,182627,1,0,1,2024-08-24
a04Qk000004EMXq,Field,MA,01845,North Andover,451 Andover St Ste 185,3291976054,Robert Foster,Detail Only,HCP Meal,"['Neurexa', 'RxProgram', 'Zemlora']",Andrew Reynolds,903035,1,0,1,2024-09-02
a04Qk000004AYpJ,Field,NC,28546,Jacksonville,200 Tarpon Trl,3295217086,Stephanie Griffin,Detail Only,HCP Meal,"['Neurexa', 'RxProgram', 'Zemlora', 'Trivaxa']",John Whitehead,802729,0,0,1,2024-08-29
a04Qk000004FuNl,Field,MO,63376,Saint Peters,6994 Mexico Rd,3303562741,Ronald Nicholson,Detail Only,Face-to-Face with HCP,"['Trivaxa', 'Neurexa', 'RxProgram']",Linda Smith,564656,1,1,1,2024-09-02
a04Qk000004CkBF,Virtual,NJ,07424,Woodland Park,1225 McBride Ave Ste 1,3306898145,Tony Crane,Detail Only,Phone Call with Office Staff,['Lexcura/Cymbrin/Multi-Vi-Flor'],Daniel Salinas,898975,1,0,0,2024-08-30
a04Qk000004AQyE,Virtual,MS,39402,Hattiesburg,110 Millsaps Dr,3307845089,Derrick Cobb,Detail Only,Fax to HCP Office,"['Zemlora', 'Trivaxa', 'Neurexa', 'RxProgram']",Dana Chapman,171849,0,0,1,2024-08-29
a04Qk000002zUha,Field,IA,51106,Sioux City,4280 Sergeant Rd Ste 225,3311450852,Mason Dodson,Detail Only,HCP Meal,"['Neurexa', 'RxProgram', 'Zemlora']",Kiara Mcintyre,589710,1,1,0,2024-08-30
a04Qk000004D0ZN,Field,VA,23294,Richmond,2810 N Parham Rd Ste 120,3315264364,Evan Trevino,Detail Only,HCP Meal,"['Zemlora', 'Neurexa', 'RxProgram']",Madison Weber,723398,0,0,1,2024-08-30
a04Qk0000047aR3,Field,AL,35758,Madison,540 Hughes Rd Ste 11,3339934990,Mr. Daniel Smith,Detail Only,HCP Meal,"['Neurexa', 'RxProgram', 'Zemlora']",Crystal Johnson,330283,1,0,1,2024-08-25
a04Qk000004CEJS,Field,NC,28273,Charlotte,3800 Arco Corporate Dr Ste 320,3344404536,John Ball,Detail Only,HCP Meal,"['Zemlora', 'Neurexa', 'RxProgram', 'Trivaxa']",Ellen Morgan,299122,0,0,1,2024-08-30
a04Qk0000047Lv3,Virtual,MO,64015,Blue Springs,1912 NW Copper Oaks Cir,3347701309,Evan Jones,Detail Only,Phone Call with Office Staff,"['Zemlora', 'Neurexa', 'RxProgram']",Jenna Larson,414569,1,0,0,2024-08-25
a04Qk0000048zAV,Field,AL,36532,Fairhope,21950 State Highway 181 Ste A1,3349014022,Alexandra Griffith,Detail Only,Office Visit (no prescriber contact),"['Zemlora', 'Neurexa', 'RxProgram']",Shannon James,340062,1,0,0,2024-08-25
a04Qk0000048zgj,Field,AL,36532,Fairhope,21950 State Highway 181 Ste A1,3349014022,Alexandra Griffith,Detail Only,Office Visit (no prescriber contact),"['Zemlora', 'Neurexa', 'RxProgram']",Devon Flores,245051,0,0,1,2024-08-26
a04Qk000004AFl3,Field,NJ,07719,Belmar,1320 H St Apt 204,3349236243,Patricia Reyes,Detail Only,Face-to-Face with HCP,"['Neurexa', 'RxProgram', 'Zemlora']",Sandra Drake,656926,1,1,1,2024-08-25
a04Qk000004DbkD,Field,LA,70583,Scott,913 Alfred St,3353277129,Randy Snyder,Detail Only,HCP Meal,"['Zemlora', 'Neurexa', 'RxProgram']",Daniel Salinas,898975,1,0,1,2024-09-01
a04Qk0000045mxl,Field,VA,22030,Fairfax,10400 Eaton Pl Ste 200,3354325392,Tony Glass PhD,Detail Only,Virtual Call with HCP,"['Neurexa', 'RxProgram', 'Zemlora']",Megan Young,338968,0,1,1,2024-08-24
a04Qk000004CbxZ,Field,VA,22191,Woodbridge,2010 Opitz Blvd,3354325392,Tony Glass PhD,Detail Only,Virtual Call with HCP,"['Neurexa', 'RxProgram', 'Zemlora']",Mary Escobar,237235,0,0,0,2024-08-30
a04Qk000004AwJn,Field,GA,30120,Cartersville,12 Medical Dr,3361675317,Lance Ross,Detail Only,Face-to-Face with HCP,"['Neurexa', 'RxProgram', 'Zemlora']",Donald Wright,496922,0,0,1,2024-08-29
a04Qk000004GyfR,Field,GA,30096,Duluth,3855 Pleasant Hill Rd Ste 210,3362978715,Abigail Grant PhD,Detail Only,Face-to-Face with HCP,"['Neurexa', 'RxProgram', 'Zemlora']",Jeffrey Johnson,930555,0,0,1,2024-09-06
a04Qk0000046zrJ,Field,GA,30328,Atlanta,990 Hammond Dr Ste 525,3375416974,Devin Aguilar,Detail Only,Office Visit (no prescriber contact),"['Neurexa', 'RxProgram', 'Zemlora', 'Trivaxa']",Douglas Gregory,159942,0,0,1,2024-08-25
a04Qk000004Hvyr,Field,AZ,85050,Phoenix,26224 N Tatum Blvd Ste 1,3377377568,Melanie Jones,Detail Only,Office Visit (no prescriber contact),"['Neurexa', 'RxProgram', 'Zemlora', 'Trivaxa']",Yvonne Chambers,791798,0,0,1,2024-09-06
a04Qk000004FsFV,Field,FL,34787,Winter Garden,13350 W Colonial Dr Ste 340,3385542445,Kathryn Young,Detail Only,Face-to-Face with HCP,"['Zemlora', 'XR-ODT']",Donna Landry,736059,0,0,1,2024-09-03
a04Qk0000048I5V,Virtual,NH,03820,Dover,15 Old Rollinsford Rd Ste 302,3387777211,Kenneth Gilbert,Detail Only,Phone Call with Clinical Staff,"['Zemlora', 'Trivaxa', 'Neurexa', 'RxProgram']",Courtney Rodriguez,921414,0,0,1,2024-08-26
a04Qk0000047MeE,Field,NC,28147,Salisbury,1930 Jake Alexander Blvd W Ste 1020,3394312375,Michael Aguilar,Detail Only,Virtual Call with HCP,"['Zemlora', 'XR-ODT']",Victoria Larson,883300,1,1,1,2024-08-25
a04Qk00000473zl,Field,GA,31811,Hamilton,138 N College St,3395676424,Matthew Martinez,Detail Only,Face-to-Face with HCP,"['Neurexa', 'RxProgram', 'Zemlora']",Susan Serrano,609597,0,1,0,2024-08-25
a04Qk0000048sYn,Field,FL,33609,Tampa,3314 Henderson Blvd Ste 206,3396912756,Christine Butler,Detail Only,Face-to-Face with HCP,"['Neurexa', 'RxProgram', 'Zemlora', 'Trivaxa']",Ryan Gonzalez,595631,1,0,1,2024-08-26
a04Qk000004BFUU,Virtual,TN,38017,Collierville,120 Crescent Dr,3402046123,Paula Stephens,Detail Only,Fax to HCP Office,"['Zemlora', 'Trivaxa', 'Neurexa', 'RxProgram']",Jessica Garcia,174299,0,0,1,2024-08-30
a04Qk000004DhCv,Field,FL,33140,Miami Beach,4302 Alton Rd Ste 500,3402147277,David Oneal,Detail Only,HCP Meal,"['Zemlora', 'Neurexa', 'RxProgram']",Andrew Avila,598369,1,1,1,2024-09-01
a04Qk000004H6DB,Field,PA,19604,Reading,1800 N 12th St,3407552921,Jennifer Gates,Detail Only,Office Visit (no prescriber contact),"['Zemlora', 'Neurexa', 'RxProgram']",Courtney Gonzalez,581141,1,0,1,2024-09-06
a04Qk00000474cT,Field,NY,10029,New York,1901 1st Ave Rm 4M-3G,3409838912,Kristin Taylor,Detail Only,Office Visit (no prescriber contact),"['Neurexa', 'RxProgram', 'Zemlora']",Jack White,109767,0,0,0,2024-08-24
a04Qk000004FoS1,Field,FL,33544,Wesley Chapel,2352 Bruce B Downs Blvd Ste 304,3410129740,Scott Rodriguez,Detail Only,HCP Meal,"['Neurexa', 'RxProgram', 'Zemlora', 'Trivaxa']",Scott Williams,265080,0,0,0,2024-09-02
a04Qk000004DM5F,Field,NC,27518,Cary,115 Kildaire Park Dr Ste 402,3410731873,Natalie Smith,Detail Only,Office Visit (no prescriber contact),"['Zemlora', 'Neurexa', 'RxProgram']",David Alvarez,249811,0,0,0,2024-09-01
a04Qk000004DfpR,Field,NC,27518,Cary,115 Kildaire Park Dr Ste 402,3410731873,Natalie Smith,Detail Only,Office Visit (no prescriber contact),"['Zemlora', 'XR-ODT']",Shannon Rivera,653306,0,1,1,2024-09-01
a04Qk00000469sj,Virtual,NJ,07044,Verona,53 Wayland Dr,3411504875,Jeanette Lopez,Detail Only,Phone Call with Office Staff,['Lexcura/Cymbrin/Multi-Vi-Flor'],Tracy Burke,830429,0,0,1,2024-08-24
a04Qk000004CbJG,Field,RI,02904,North Providence,1804 Mineral Spring Ave,3415172669,Karen Sanchez,Detail Only,Office Visit (no prescriber contact),"['Neurexa', 'RxProgram', 'Zemlora']",Elaine Brooks,392004,1,0,0,2024-09-01
a04Qk000004Hgrm,Field,MI,48314,Sterling Heights,41400 Dequindre Rd Ste 107,3419587145,Brian Mendoza,Detail Only,Office Visit (no prescriber contact),"['Zemlora', 'Trivaxa', 'Neurexa', 'RxProgram']",Jordan Henderson,479201,1,0,1,2024-09-06
a04Qk0000045i69,Field,GA,30277,Sharpsburg,105 Fischer Marketplace Ln,3428875026,James Bowen,Detail Only,Face-to-Face with HCP,"['Neurexa', 'RxProgram', 'Zemlora']",Nathan Malone,170674,0,1,0,2024-08-24
a04Qk00000464t3,Field,RI,02904,Providence,1 Randall Sq Ste 409,3429234069,Mrs. Mackenzie Nelson,Detail Only,HCP Meal,"['Neurexa', 'RxProgram', 'Zemlora']",Daniel Wagner,877572,0,0,1,2024-08-25
a04Qk000004Cbcd,Field,RI,02904,Providence,1 Randall Sq Ste 409,3429234069,Mrs. Mackenzie Nelson,Detail Only,Face-to-Face with HCP,"['Neurexa', 'RxProgram', 'Zemlora']",Joseph Coleman,769987,0,0,1,2024-09-01
a04Qk0000049eS9,Field,TX,77433,Cypress,28606 Northwest Fwy,3429317931,Clayton Medina,Detail Only,Face-to-Face with HCP,"['Neurexa', 'RxProgram', 'Zemlora']",Emily Bennett,579434,1,1,0,2024-08-25
a04Qk000004AGHJ,Field,FL,32246,Jacksonville,4844 Deer Lake Dr W Ste 101,3431952567,Samantha Jones,Detail Only,HCP Meal,"['Neurexa', 'RxProgram', 'Zemlora', 'Trivaxa']",Rhonda Martin,323508,1,0,1,2024-08-29
a04Qk0000047ZRl,Field,FL,33410,Palm Beach Gardens,100 Village Square Xing Ste 105,3437092713,Nicole Davis,Detail Only,Office Visit (no prescriber contact),"['Trivaxa', 'Neurexa', 'RxProgram', 'Zemlora']",Jeremy Sampson,292401,0,0,1,2024-08-25
a04Qk0000046Oi5,Field,NC,27410,Greensboro,445 Dolley Madison Rd Ste 410,3442770021,Matthew Howe,Detail Only,Face-to-Face with HCP,"['Zemlora', 'Trivaxa', 'Neurexa', 'RxProgram']",Carolyn Miller,608993,0,0,1,2024-08-24
a04Qk0000048tHy,Field,KS,67052,Goddard,701 N Goddard Rd Ste A,3444036172,Patricia Hill,Detail Only,Face-to-Face with HCP,"['Neurexa', 'RxProgram', 'Zemlora']",Justin Baker,850800,1,0,0,2024-08-26
a04Qk000004DP7x,Virtual,CO,80111,Centennial,7180 E Orchard Rd Ste 201,3446899756,Jacob Lewis,Detail Only,Phone Call with HCP,"['Zemlora', 'Trivaxa', 'Neurexa', 'RxProgram']",Evelyn Galvan,497887,0,0,1,2024-09-01
a04Qk0000042sq2,Field,OH,43017,Dublin,5060 Parkcenter Ave Ste F,3447756380,Richard Watkins,Detail Only,HCP Meal,"['Neurexa', 'RxProgram', 'Zemlora']",Donald Wright,496922,0,0,0,2024-08-24
a04Qk000004EVzJ,Field,AL,36116,Montgomery,8104 Seaton Pl,3459223538,Monica Nelson,Detail Only,Office Visit (no prescriber contact),"['Neurexa', 'RxProgram', 'Zemlora', 'Trivaxa']",Sharon Cochran,383060,1,0,0,2024-09-01
a04Qk000004AVkz,Field,IL,60137,Glen Ellyn,430 Pennsylvania Ave Ste 310,3464252611,Jerry Murphy,Detail Only,Face-to-Face with HCP,"['Neurexa', 'RxProgram', 'Zemlora']",Jordan Bates,179046,1,0,0,2024-08-29
a04Qk000004Aasj,Field,LA,70508,Lafayette,320 Settlers Trace Blvd,3465379111,Becky Jones,Detail Only,Office Visit (no prescriber contact),['Norexel'],Theodore Jones Jr.,609231,0,0,0,2024-08-29
a04Qk000004Eox9,Field,GA,30068,Marietta,1121 Johnson Ferry Rd Ste 450,3468949379,Tammie Simmons,Detail Only,Office Visit (no prescriber contact),"['Neurexa', 'RxProgram', 'Zemlora']",Sherri Baker,106814,1,1,0,2024-09-02
a04Qk000004ASAP,Field,MI,48083,Troy,1639 E Big Beaver Rd Ste 201,3469666348,Jeremy Castro DVM,Detail Only,HCP Meal,"['Zemlora', 'Trivaxa', 'Neurexa', 'RxProgram']",Jeremy Sampson,292401,1,0,0,2024-08-29
a04Qk000004Dh85,Field,TX,75034,Frisco,3140 Legacy Dr Ste 710,3476723347,Melinda Lewis,Detail Only,Office Visit (no prescriber contact),"['Zemlora', 'Neurexa', 'RxProgram']",Ariana Jennings,392075,0,1,1,2024-09-01
a04Qk000004CUrG,Field,GA,30127,Powder Springs,4171 Marietta St Ste 200,3488256089,Jeffrey Walters,Detail Only,Face-to-Face with HCP,"['Neurexa', 'RxProgram', 'Zemlora']",Glen Wood,707314,1,0,1,2024-08-30
a04Qk000004GzJl,Field,GA,30127,Powder Springs,4171 Marietta St Ste 200,3488256089,Jeffrey Walters,Detail Only,Face-to-Face with HCP,"['Neurexa', 'RxProgram', 'Zemlora', 'Trivaxa']",Erica Alvarez,431737,1,0,1,2024-09-06
a04Qk000004C8Fd,Field,IL,60061,Vernon Hills,977 Lakeview Pkwy Ste 170,3490905736,Jennifer Ortega,Detail Only,Office Visit (no prescriber contact),"['Neurexa', 'RxProgram', 'Zemlora']",Sarah Moore,148050,1,0,0,2024-08-30
a04Qk000004AYKg,Field,NY,11967,Shirley,464 Boxwood Dr,3491668346,Amy Garcia,Detail Only,Office Visit (no prescriber contact),"['Neurexa', 'RxProgram', 'Zemlora']",Richard Smith,203198,1,0,0,2024-08-29
a04Qk000004FXxR,Field,NY,11514,Carle Place,1 Old Country Rd Ste 115,3494136419,Michelle Santiago,Detail Only,Office Visit (no prescriber contact),"['Neurexa', 'RxProgram', 'Zemlora']",Barbara Dudley,847581,1,0,0,2024-09-03
a04Qk0000045rCf,Field,TX,75069,Mckinney,1575 Heritage Dr Ste 200,3500675108,David Clark,Detail Only,HCP Meal,"['Zemlora', 'Trivaxa', 'Neurexa', 'RxProgram']",Lisa Archer,974628,0,0,1,2024-08-24
a04Qk000004D0eD,Field,VA,23233,Richmond,2200 Pump Rd Ste 100,3506932205,David Wood,Detail Only,Office Visit (no prescriber contact),"['Neurexa', 'RxProgram', 'Zemlora']",Ralph Anderson,176819,1,0,0,2024-08-30
a04Qk000004Gr1G,Field,GA,30046,Lawrenceville,595 Hurricane Shoals Rd NW Ste 300,3507258972,Melissa Williams,Detail Only,Face-to-Face with HCP,"['Neurexa', 'RxProgram', 'Zemlora']",Margaret Coleman,704201,1,0,0,2024-09-06
a04Qk0000047HoD,Field,GA,31005,Bonaire,104 Bluff Chase,3509587567,Amanda Nicholson,Detail Only,Face-to-Face with HCP,"['Neurexa', 'RxProgram', 'Norexel']",Carolyn Miller,608993,0,1,0,2024-08-25
a04Qk000004DGMP,Field,GA,31005,Bonaire,104 Bluff Chase,3509587567,Amanda Nicholson,Detail Only,Face-to-Face with HCP,"['Neurexa', 'RxProgram', 'Zemlora', 'Norexel']",Stephanie Manning,711878,0,0,1,2024-09-01
a04Qk0000048rBK,Field,FL,33143,Miami,7000 SW 62nd Ave Ste 300,3511972247,Jacqueline Brown,Detail Only,HCP Meal,"['Trivaxa', 'Zemlora', 'Neurexa', 'RxProgram']",Matthew Moore,842225,1,1,1,2024-08-26
a04Qk0000045mXx,Field,MD,20877,Gaithersburg,800 S Frederick Ave Ste 200,3515372861,Hannah Villarreal,Detail Only,HCP Meal,"['Zemlora', 'Neurexa', 'RxProgram']",Alyssa Long,725380,1,0,1,2024-08-24
a04Qk000004HOy5,Virtual,NC,28358,Lumberton,400 Liberty Hill Rd,3516874848,Jonathon Williams,Detail Only,Phone Call with Office Staff,['Norexel'],Courtney Rodriguez,921414,0,0,0,2024-09-06
a04Qk000004DKOP,Field,NY,10036,New York,2 W 46th St Ste 1008,3517029042,Kevin Meyers,Detail Only,Face-to-Face with HCP,"['Neurexa', 'RxProgram', 'Zemlora']",Tina Sanders,887352,1,0,0,2024-09-01
a04Qk0000048zvF,Field,PA,19301,Paoli,30 S Valley Rd Ste 101,3521771402,Derrick Gibson,Detail Only,Office Visit (no prescriber contact),"['Zemlora', 'Neurexa', 'RxProgram']",Joel Williams,503457,0,1,0,2024-08-25
a04Qk0000047KsX,Field,FL,34210,Bradenton,4480 51st St W,3525425170,Daniel Davenport,Detail Only,Face-to-Face with HCP,"['Zemlora', 'Neurexa', 'RxProgram', 'Trivaxa']",Rodney Morales,439902,0,0,1,2024-08-25
a04Qk000004DJlh,Field,GA,31210,Macon,3951 Ridge Ave Ste A,3527465026,Randy English,Detail Only,Face-to-Face with HCP,"['Neurexa', 'RxProgram', 'Zemlora']",Amber Kidd,678856,0,1,0,2024-09-01
a04Qk000004DhPp,Field,FL,33140,Miami Beach,4304 Alton Rd,3528084331,Derek Snyder,Detail Only,HCP Meal,"['Trivaxa', 'Neurexa', 'RxProgram', 'Zemlora']",Stephanie Williams,349565,1,1,1,2024-09-01
a04Qk000004AG1B,Field,PA,19333,Devon,400 Lancaster Ave,3528464502,Phillip Nelson,Detail Only,Office Visit (no prescriber contact),"['Neurexa', 'RxProgram', 'Trivaxa', 'Zemlora']",Debra White,262316,0,0,1,2024-08-26
a04Qk000004DlQD,Field,PA,19333,Devon,400 Lancaster Ave,3528464502,Phillip Nelson,Detail Only,HCP Meal,"['Zemlora', 'Trivaxa', 'Neurexa', 'RxProgram']",Angela Lopez,793384,0,0,0,2024-08-30
a04Qk000004M0rw,Field,PA,19406,King Of Prussia,150 S Warner Rd Unit 130,3528464502,Phillip Nelson,Detail Only,Office Visit (no prescriber contact),"['Neurexa', 'RxProgram', 'Zemlora', 'Trivaxa']",Marie Christian,161733,1,0,0,2024-09-06
a04Qk000004FWWj,Field,AL,35124,Pelham,333 Business Cir,3532688522,Douglas Keith,Detail Only,Office Visit (no prescriber contact),"['Neurexa', 'RxProgram', 'Zemlora', 'Trivaxa']",Andrew Reynolds,903035,0,0,1,2024-09-03
a04Qk000004HXlF,Field,GA,30082,Smyrna,400 Technology Ct SE Ste J,3534204731,Christian Morris,Detail Only,Office Visit (no prescriber contact),"['Neurexa', 'RxProgram', 'Zemlora']",Mark Perez,988662,1,0,1,2024-09-06
a04Qk0000048vYH,Field,MO,63367,Lake Saint Louis,101 Brevco Plz Ste 101,3538045757,Andrea Torres,Detail Only,Face-to-Face with HCP,"['Zemlora', 'Neurexa', 'RxProgram']",Andrew Avila,598369,0,1,0,2024-08-26
a04Qk000004Ftcz,Field,MO,63367,Lake Saint Louis,101 Brevco Plz Ste 101,3538045757,Andrea Torres,Detail Only,HCP Meal,"['Trivaxa', 'Neurexa', 'RxProgram']",Anthony Harmon,115474,1,0,0,2024-09-03
a04Qk0000048FpB,Field,SC,29169,West Columbia,101 Sum Mor Dr,3544234185,Noah Zuniga,Detail Only,Office Visit (no prescriber contact),"['Trivaxa', 'Zemlora', 'Neurexa', 'RxProgram']",Philip Cannon,325772,1,0,1,2024-08-26
a04Qk0000048caT,Field,NY,11714,Bethpage,530 Hicksville Rd,3554021881,Philip Rhodes,Detail Only,HCP Meal,"['Neurexa', 'RxProgram', 'Zemlora', 'Trivaxa']",Jeremy Sampson,292401,0,0,1,2024-08-26
a04Qk000004CShN,Field,AZ,85202,Mesa,2204 S Dobson Rd Ste 102,3557672260,David Davis,Detail Only,Office Visit (no prescriber contact),"['Neurexa', 'RxProgram', 'Zemlora']",Kerry Chavez DDS,520521,0,1,0,2024-08-30
a04Qk000004Fm3d,Field,VA,22030,Fairfax,10521 Rosehaven St Ste 100,3558877955,Lauren Ramos,Detail Only,Office Visit (no prescriber contact),"['Zemlora', 'XR-ODT']",Ashley Wise,690341,1,1,1,2024-09-03
a04Qk000004B0Yg,Field,NC,28117,Mooresville,202 Williamson Rd Ste 204,3561113579,Jennifer English,Detail Only,Office Visit (no prescriber contact),"['Zemlora', 'Trivaxa']",Linda Smith,564656,0,1,0,2024-08-30
a04Qk0000046Dl3,Field,MD,21122,Pasadena,24 Magothy Beach Rd Ste A,3563348426,Matthew Reyes,Detail Only,Office Visit (no prescriber contact),"['Zemlora', 'XR-ODT']",Lori Hernandez,141672,0,0,1,2024-08-24
a04Qk000004ErVB,Field,SC,29170,West Columbia,3314 Platt Springs Rd,3565521396,Joel Harris,Detail Only,Office Visit (no prescriber contact),"['Zemlora', 'Neurexa', 'RxProgram', 'Trivaxa']",Shannon Ramsey,785197,0,1,1,2024-08-30
a04Qk000004DKY5,Field,OH,45244,Cincinnati,4627 Aicholtz Rd,3569499714,Joshua Patterson,Detail Only,Virtual Call,"['Neurexa', 'RxProgram', 'Zemlora', 'Trivaxa']",Mary Escobar,237235,0,0,0,2024-09-01
a04Qk000004FyPl,Field,KY,41017,Crestview Hills,2865 Chancellor Dr Ste 225,3573720892,Amanda Chavez,Detail Only,Face-to-Face with HCP,"['Neurexa', 'RxProgram', 'Zemlora', 'Trivaxa']",Sherry Decker,456778,1,0,0,2024-09-03
a04Qk000004BgxR,Field,OH,43082,Westerville,400 Altair Pkwy Ste 3100,3573796416,Barbara Gallagher,Detail Only,HCP Meal,"['Neurexa', 'RxProgram', 'Trivaxa', 'Zemlora']",Marc Moore,356702,1,0,0,2024-08-30
a04Qk0000047EYb,Field,GA,31088,Warner Robins,402 Osigian Blvd Ste 400,3584924184,James Moreno,Detail Only,HCP Meal,"['Neurexa', 'RxProgram', 'Zemlora']",Yvonne Burns,335612,0,1,0,2024-08-25
a04Qk000004HocR,Field,AL,35235,Birmingham,5577 Chalkville Rd,3585263664,Adam Ali,Detail Only,Face-to-Face with HCP,"['Neurexa', 'RxProgram', 'Zemlora', 'Trivaxa']",Garrett Lin,817870,1,0,0,2024-09-06
a04Qk000004FeE9,Field,AZ,85234,Gilbert,2550 E Guadalupe Rd Ste 115,3590865247,Jennifer Vega,Detail Only,HCP Meal,"['Neurexa', 'RxProgram', 'Zemlora', 'Trivaxa']",Diana May,440035,1,0,0,2024-09-03
a04Qk000004FeE9,Field,AZ,85234,Gilbert,2550 E Guadalupe Rd Ste 115,3590865247,Jennifer Vega,Detail Only,HCP Meal,"['Neurexa', 'RxProgram', 'Zemlora', 'Trivaxa']",Diana May,440035,1,0,0,2024-09-03
a04Qk000004B2gv,Field,NE,68516,Lincoln,3701 Union Dr Ste 100,3591849833,Donna Chambers,Detail Only,Virtual Call,"['Neurexa', 'RxProgram', 'Zemlora']",Justin Baker,850800,0,0,1,2024-08-29
a04Qk000004AgV7,Virtual,OK,73102,Oklahoma City,100 W Main St Ste 200,3592908179,Susan Carlson,Detail Only,Phone Call with Office Staff,"['Zemlora', 'Trivaxa', 'Neurexa', 'RxProgram']",Kimberly Nguyen,324130,0,0,1,2024-08-29
a04Qk0000048ZKs,Field,KY,40222,Louisville,2327 Lime Kiln Ln,3598444846,Sarah Crawford,Detail Only,HCP Meal,"['Neurexa', 'RxProgram', 'Zemlora']",Natalie Bautista,662336,1,1,1,2024-08-26
a04Qk000004CaQP,Field,KY,40222,Louisville,2327 Lime Kiln Ln,3598444846,Sarah Crawford,Detail Only,HCP Meal,"['Neurexa', 'RxProgram', 'Zemlora']",Lindsey Walker,267753,1,0,1,2024-08-30
a04Qk0000048jX7,Field,AL,35213,Birmingham,790 Montclair Rd Ste 200,3601653542,Linda Watts,Detail Only,Office Visit (no prescriber contact),"['Neurexa', 'RxProgram', 'Zemlora']",Shannon Walker,821590,0,1,0,2024-08-26
a04Qk000004Hvqn,Field,KS,67212,Wichita,10209 W Central Ave Ste 1,3606162532,James Erickson,Detail Only,Face-to-Face with HCP,"['Neurexa', 'RxProgram', 'Zemlora']",Brian Smith,184002,0,0,1,2024-09-06
a04Qk0000046LaX,Field,PA,19106,Philadelphia,129 N 4th St Ofc 1F,3606551032,Omar Zavala,Detail Only,Office Visit (no prescriber contact),"['Trivaxa', 'Zemlora', 'Neurexa', 'RxProgram']",Carol Tucker,969693,1,0,1,2024-08-24
a04Qk000004DZiP,Field,NC,27858,Greenville,1901 Stonehenge Dr,3608809132,Mark Smith,Detail Only,Face-to-Face with HCP,"['Neurexa', 'RxProgram', 'Zemlora', 'Trivaxa', 'Norexel']",Mr. Andrew Foster,152578,0,0,1,2024-09-01
a04Qk000004Fhbq,Field,NY,11580,Valley Stream,167 E Merrick Rd,3610632662,Daniel Kramer,Detail Only,HCP Meal,"['Neurexa', 'RxProgram', 'Zemlora', 'Trivaxa']",Cameron Fisher,321231,1,0,1,2024-09-03
a04Qk000004CKYa,Field,TN,37919,Knoxville,6906 Kingston Pike Ste 200,3611651852,Amanda Lewis,Detail Only,HCP Meal,"['Zemlora', 'Neurexa', 'RxProgram']",Joshua Reed,167136,1,0,0,2024-08-30
a04Qk000004Hjfy,Field,IA,50325,Clive,1350 NW 138th St Ste 200,3612281214,Samantha Hale,Detail Only,Office Visit (no prescriber contact),"['Neurexa', 'RxProgram', 'Trivaxa']",Mark Perez,988662,0,1,1,2024-09-06
a04Qk000004H173,Field,FL,32258,Jacksonville,14810 Old St Augustine Rd Ste 101,3613754533,Paul Hawkins,Detail Only,Office Visit (no prescriber contact),"['Neurexa', 'RxProgram', 'Zemlora']",Judy Baker,308496,1,0,1,2024-09-06
a04Qk000004FfgT,Field,AZ,85012,Phoenix,333 E Camelback Rd Ste 175,3616810995,Richard Miles,Detail Only,Virtual Call,"['Trivaxa', 'Neurexa', 'RxProgram']",Yvonne Burns,335612,0,0,0,2024-09-03
a04Qk000004B461,Field,TX,77706,Beaumont,3560 Delaware St Ste 207,3617983961,Daniel Henry,Detail Only,Office Visit (no prescriber contact),"['Zemlora', 'Neurexa', 'RxProgram']",Sarah Moore,148050,0,0,1,2024-08-29
a04Qk000004HbvJ,Field,TX,77706,Beaumont,3560 Delaware St Ste 207,3617983961,Daniel Henry,Detail Only,HCP Meal,"['Zemlora', 'Neurexa', 'RxProgram']",Briana Murray,665427,0,0,0,2024-09-06
a04Qk000004CVXB,Virtual,NH,03820,Dover,15 Old Rollinsford Rd Ste 302,3620896134,Samantha Lopez,Detail Only,Phone Call with Clinical Staff,"['Zemlora', 'Neurexa', 'RxProgram']",Joann Glass,707040,0,0,1,2024-08-30
a04Qk000004Ffrl,Field,NC,28405,Wilmington,4320 Henson Dr,3623548487,Brittany Diaz,Detail Only,Office Visit (no prescriber contact),"['Neurexa', 'RxProgram', 'Zemlora', 'Trivaxa']",Ashley Wise,690341,0,1,1,2024-09-03
a04Qk0000046CsD,Field,IL,60189,Wheaton,1751 S Naperville Rd Ste 207,3627878141,Dr. Amy Smith,Detail Only,HCP Meal,"['Neurexa', 'RxProgram', 'Zemlora']",Charles Lester,202664,0,1,0,2024-08-24
a04Qk000004CW0D,Field,KS,66209,Overland Park,7011 W 121st St Ste 105,3628705126,Brittany Collins,Detail Only,Office Visit (no prescriber contact),"['Neurexa', 'RxProgram', 'Zemlora']",Christopher Bass,766563,0,0,1,2024-08-30
a04Qk000004C4jv,Field,KS,66210,Overland Park,11725 W 112th St,3630991906,Patrick Ferguson,Detail Only,HCP Meal,"['Neurexa', 'RxProgram', 'Zemlora']",Melissa Brewer,755674,0,0,0,2024-08-30
a04Qk000004HmR7,Field,OH,45040,Mason,9600 Children Dr,3631004171,Dean Savage,Detail Only,Office Visit (no prescriber contact),"['Neurexa', 'RxProgram', 'Zemlora', 'Trivaxa']",Brian Smith,184002,0,0,0,2024-09-06
a04Qk000004AmQr,Field,IL,60189,Wheaton,1761 S Naperville Rd Ste 200,3634921538,Chelsea Orr,Detail Only,Face-to-Face with HCP,"['Neurexa', 'RxProgram', 'Zemlora']",Kimberly Gutierrez,891952,0,0,0,2024-08-29
a04Qk000004D2jF,Field,AL,35244,Hoover,3000 Riverchase Galleria Ste 500,3643806967,Katherine Brown,Detail Only,HCP Meal,"['Neurexa', 'RxProgram', 'Zemlora', 'Trivaxa']",Kathleen Moran,781446,0,0,1,2024-08-29
a04Qk000004Fj8z,Field,GA,30501,Gainesville,1485 Jesse Jewell Pkwy NE Ste 200,3647096729,Shawn Jackson,Detail Only,Face-to-Face with HCP,"['Neurexa', 'RxProgram', 'Zemlora']",Nicole Herring,680099,0,0,1,2024-09-03
a04Qk000002zVFR,Field,IA,51106,Sioux City,4280 Sergeant Rd,3649295337,Julia Chandler,Detail Only,HCP Meal,"['Neurexa', 'RxProgram', 'Trivaxa']",Madison Poole,555884,0,0,1,2024-08-30
a04Qk000004AszJ,Field,KS,67214,Wichita,855 N Hillside St,3652869567,Stephanie Barber,Detail Only,Office Visit (no prescriber contact),"['Neurexa', 'RxProgram', 'Zemlora', 'Trivaxa']",Amanda Jones,132938,0,0,0,2024-08-29
a04Qk000004Eupe,Field,KS,67214,Wichita,855 N Hillside St,3652869567,Stephanie Barber,Detail Only,Face-to-Face with HCP,"['Neurexa', 'RxProgram', 'Zemlora', 'Trivaxa']",Jeremy Reed,698782,0,1,0,2024-09-02
a04Qk000004DYBF,Field,AZ,85201,Mesa,560 w Brown rd,3653327504,Dr. Danielle Daniels,Detail Only,Office Visit (no prescriber contact),"['Neurexa', 'RxProgram', 'Zemlora', 'Trivaxa']",Lisa Barnes,403445,0,0,0,2024-09-01
a04Qk000004Iw9i,Field,AL,35223,Birmingham,3300 Cahaba Rd Ste 102,3656927586,Casey Mathis,Detail Only,Office Visit (no prescriber contact),"['Neurexa', 'RxProgram', 'Zemlora', 'Trivaxa']",Joshua Perry,195325,0,1,1,2024-09-06
a04Qk000004B50T,Field,NC,28226,Charlotte,3129 Springbank Ln Ste 100,3657507687,Michael Harmon,Detail Only,Virtual Call with HCP,"['Zemlora', 'Neurexa', 'RxProgram']",Pamela Boyd,479580,0,0,1,2024-08-29
a04Qk000004AXhy,Field,NY,10016,New York,333 E 34th St Ofc 1K,3661192832,Mark Lewis,Detail Only,Office Visit (no prescriber contact),"['Neurexa', 'RxProgram', 'Zemlora']",Elizabeth Perkins,982554,1,0,0,2024-08-29
a04Qk000004ESJt,Field,GA,30701,Calhoun,400 Timms Rd NE,3662691220,Ashley Knight,Detail Only,Virtual Call,"['Zemlora', 'Neurexa', 'RxProgram']",Julie Alexander,100599,0,0,1,2024-09-02
a04Qk000004CIID,Field,NY,11242,Brooklyn,26 Court St Ste 1001,3663527868,Thomas Smith,Detail Only,Office Visit (no prescriber contact),"['Neurexa', 'RxProgram', 'Zemlora', 'Trivaxa']",Patrick Moore,570405,0,0,0,2024-08-30
a04Qk000004HObV,Field,NY,10021,New York,245 E 72nd St Apt 6H,3663962012,Ernest Harmon,Detail Only,Office Visit (no prescriber contact),"['Neurexa', 'RxProgram', 'Zemlora']",Jessica Callahan,182627,1,0,1,2024-09-06
a04Qk0000047261,Virtual,MS,39401,Hattiesburg,102 Medical Park,3667754285,Sandra Burke,Detail Only,Phone Call with Clinical Staff,"['Zemlora', 'Trivaxa', 'Neurexa', 'RxProgram']",Jamie Smith,214975,0,1,1,2024-08-25
a04Qk000004Bw81,Virtual,MS,39401,Hattiesburg,102 Medical Park,3667754285,Sandra Burke,Detail Only,Fax to HCP Office,"['Zemlora', 'Trivaxa', 'Neurexa', 'RxProgram']",Matthew Moon,676510,0,0,1,2024-08-30
a04Qk000004DJ49,Field,OH,43026,Hilliard,3643 Ridge Mill Dr,3668024935,Steven Stevenson,Detail Only,Office Visit (no prescriber contact),"['Neurexa', 'RxProgram', 'Trivaxa', 'Zemlora']",Tricia Valencia,571029,0,0,1,2024-09-01
a04Qk0000046Bo5,Field,NY,11373,Elmhurst,79-01 Broadway,3669263431,Todd Collins,Detail Only,Virtual Call,"['Neurexa', 'RxProgram', 'Zemlora']",Lisa Jackson,198246,0,0,1,2024-08-24
a04Qk000004DY81,Field,IL,60187,Wheaton,2100 Manchester Rd Ste 1510,3671482861,Jordan Carroll,Detail Only,Face-to-Face with HCP,"['Neurexa', 'RxProgram', 'Zemlora']",Frank Cordova,322086,1,0,1,2024-09-01
a04Qk000004Btmr,Field,NY,10003,New York,10 Union Sq E Frnt 5G,3673753769,Debra Johnson,Detail Only,Office Visit (no prescriber contact),"['Neurexa', 'RxProgram', 'Zemlora', 'Trivaxa']",Rodney Morales,439902,1,0,0,2024-08-29
a04Qk000004LcBF,Field,NC,27617,Raleigh,7850 Brier Creek Pkwy Ste 100,3674222386,Tina Marsh,Detail Only,Office Visit (no prescriber contact),"['Zemlora', 'XR-ODT']",Nathan Maldonado,717889,0,1,0,2024-09-06
a04Qk000004B2FV,Field,IL,60044,Lake Bluff,917 Sherwood Dr Ste 100,3675889741,Ashley Reyes,Detail Only,Office Visit (no prescriber contact),"['Neurexa', 'RxProgram', 'Zemlora', 'Trivaxa']",Aimee Turner,712554,0,0,1,2024-08-29
a04Qk0000045o57,Field,NY,11530,Garden City,200 Garden City Plz Ste 402,3679663441,Patrick Williamson,Detail Only,Office Visit (no prescriber contact),"['Neurexa', 'RxProgram', 'Zemlora', 'Trivaxa']",Jessica Smith,779514,1,0,0,2024-08-24
a04Qk000004AHbZ,Field,MA,01742,Concord,86 Baker Ave,3682057161,Christopher Moore,Detail Only,Virtual Call,"['Neurexa', 'RxProgram', 'Zemlora']",Jonathan Lawrence,330914,0,0,0,2024-08-29
a04Qk000004FXz3,Field,FL,32216,Jacksonville,4500 Salisbury Rd Ste 490,3682352704,Brian Cook,Detail Only,Face-to-Face with HCP,"['Neurexa', 'RxProgram', 'Zemlora']",Victoria Larson,883300,1,0,0,2024-09-03
a04Qk0000046GXe,Field,NC,28562,New Bern,703 Newman Rd,3684864259,Jeanne Arroyo,Detail Only,Virtual Call with HCP,"['Neurexa', 'RxProgram', 'Zemlora', 'Trivaxa']",Elizabeth Perkins,982554,1,0,1,2024-08-24
a04Qk000004JuKL,Field,TX,78751,Austin,1009 E 40th St Ste 100,3690532728,Pamela Hamilton,Detail Only,Virtual Call,"['Trivaxa', 'Zemlora', 'Neurexa', 'RxProgram']",Shannon Rivera,653306,0,0,0,2024-09-06
a04Qk0000048Ed0,Field,GA,30064,Marietta,3405 Dallas Hwy SW Ste 300,3691571268,Mr. Robert Clark,Detail Only,Virtual Call,"['Neurexa', 'RxProgram', 'Zemlora', 'Trivaxa']",Mary Thompson,697347,0,1,0,2024-08-26
a04Qk000004AYir,Field,NC,28546,Jacksonville,200 Tarpon Trl,3692841403,Mrs. Maria Joseph,Detail Only,HCP Meal,"['Neurexa', 'RxProgram', 'Zemlora', 'Trivaxa']",Larry Dixon,340174,1,0,1,2024-08-29
a04Qk000004FXpO,Field,IL,60521,Hinsdale,201 E Ogden Ave Ste 116,3693635187,Raymond Walker,Detail Only,Face-to-Face with HCP,"['Neurexa', 'RxProgram', 'Zemlora', 'Trivaxa']",Lindsay Martinez,772097,1,1,1,2024-09-03
a04Qk000004EptB,Field,TX,75033,Frisco,11330 Legacy Dr Ste 202,3694063597,Theodore Hayes,Detail Only,Office Visit (no prescriber contact),"['Zemlora', 'Trivaxa', 'Neurexa', 'RxProgram']",James Padilla,994141,1,1,0,2024-09-02
a04Qk000004ELTh,Field,GA,31605,Valdosta,3301 N Oak Street Ext,3694760936,Robert Mcgrath MD,Detail Only,Office Visit (no prescriber contact),"['Neurexa', 'RxProgram', 'Zemlora', 'Trivaxa']",Connie Brown,939482,0,0,0,2024-09-02
a04Qk0000046EnZ,Field,IL,60642,Chicago,1140 N Milwaukee Ave Ste 1,3701484639,Teresa Ramirez,Detail Only,HCP Meal,"['Neurexa', 'RxProgram', 'Zemlora']",Madison Weber,723398,1,0,1,2024-08-24
a04Qk000004CFaV,Field,FL,33433,Boca Raton,7000 W Palmetto Park Rd Ste 307,3703547412,Kimberly Foley,Detail Only,HCP Meal,"['Trivaxa', 'Zemlora', 'Neurexa', 'RxProgram']",Jason Powell,169403,0,0,1,2024-08-30
a04Qk000004DKjN,Field,NY,10019,New York,1350 Avenue Of The Americas Fl 3,3704789552,Brooke Clarke,Detail Only,Office Visit (no prescriber contact),"['Zemlora', 'Neurexa', 'RxProgram', 'Trivaxa']",Daniel Murphy,500156,1,0,1,2024-09-01
a04Qk000004FaKE,Field,NC,27265,High Point,4515 Premier Dr Ste 203,3707120545,Dana Bradley,Detail Only,Office Visit (no prescriber contact),"['Zemlora', 'Trivaxa']",Dr. William Warren,492077,1,0,0,2024-09-03
a04Qk000004G4rl,Field,TX,76707,Waco,1600 Providence Dr,3710358532,Melissa Chambers,Detail Only,Virtual Call,"['Trivaxa', 'Zemlora', 'Neurexa', 'RxProgram']",Phillip Nelson,974244,1,0,1,2024-09-03
a04Qk000004Diyb,Field,TX,77381,The Woodlands,8701 New Trails Dr Ste 150,3717213444,Rebecca Miller,Detail Only,Face-to-Face with HCP,"['Neurexa', 'RxProgram', 'Zemlora', 'Trivaxa']",Kiara Mcintyre,589710,0,0,0,2024-09-01
a04Qk000004H7sP,Field,TX,77381,The Woodlands,8701 New Trails Dr Ste 150,3717213444,Rebecca Miller,Detail Only,Office Visit (no prescriber contact),"['Neurexa', 'RxProgram', 'Zemlora', 'Trivaxa']",Tracy House,407419,0,0,1,2024-09-02
a04Qk000004EjML,Field,NY,11204,Brooklyn,6906 18th Ave,3718881668,Abigail Mata,Detail Only,HCP Meal,"['Neurexa', 'RxProgram', 'Zemlora', 'Trivaxa']",Holly Farmer,682765,0,0,1,2024-09-02
a04Qk0000047R1B,Field,MD,21204,Towson,658 Kenilworth Dr Ste 206,3720742259,Timothy Payne,Detail Only,HCP Meal,"['Zemlora', 'XR-ODT']",Kristen Davis,518373,0,0,1,2024-08-25
a04Qk000004C0Rl,Virtual,NJ,07030,Hoboken,609 Washington St Fl 1,3721937380,Lori Russell,Detail Only,Phone Call with Office Staff,['Lexcura/Cymbrin/Multi-Vi-Flor'],Allison Smith,666847,1,0,0,2024-08-30
a04Qk0000045iAz,Field,GA,30277,Sharpsburg,105 Fischer Marketplace Ln Ste 200,3723214412,Dana Cisneros,Detail Only,Face-to-Face with HCP,"['Neurexa', 'RxProgram', 'Zemlora']",Denise Mccann,665579,0,0,0,2024-08-24
a04Qk000004DjJa,Field,NC,27705,Durham,2213 Elba St,3730002160,Sara Norris,Detail Only,Office Visit (no prescriber contact),"['Zemlora', 'Neurexa', 'RxProgram']",Samantha Garcia,407757,0,0,1,2024-08-29
a04Qk000004Aw5F,Field,TX,77054,Houston,7501 Fannin St Ste 850,3730727445,Lee Villanueva,Detail Only,Office Visit (no prescriber contact),"['Trivaxa', 'Neurexa', 'RxProgram']",Mrs. Diane Reyes,356150,0,0,0,2024-08-29
a04Qk000004FoOn,Field,NE,68154,Omaha,11840 Nicholas St Ste 101,3730895836,Jennifer Molina,Detail Only,Virtual Call,"['Neurexa', 'RxProgram', 'Zemlora']",Dr. Paul Morgan,156802,0,0,1,2024-09-03
a04Qk000004Fw2z,Field,AL,35209,Birmingham,3401 Independence Dr Ste 111,3730989704,Laura Haley,Detail Only,HCP Meal,"['Zemlora', 'Neurexa', 'RxProgram', 'Trivaxa']",Elizabeth Perkins,982554,0,0,1,2024-09-03
a04Qk000004FZxd,Field,OH,45177,Wilmington,1184 W Locust St,3733316508,Alex Cruz,Detail Only,Virtual Call with HCP,"['Neurexa', 'RxProgram', 'Zemlora', 'Trivaxa']",Tommy Walter,127824,0,1,0,2024-09-03
a04Qk000004HzMX,Field,VA,23112,Midlothian,5001 W Village Green Dr Ste 211,3734822051,Diane Larsen,Detail Only,Office Visit (no prescriber contact),"['Zemlora', 'Neurexa', 'RxProgram']",Daniel Kane,677057,1,0,1,2024-09-06
a04Qk000004AvcE,Field,TX,77054,Houston,7501 Fannin St Ste 850,3736814774,Samantha Graham,Detail Only,Office Visit (no prescriber contact),"['Trivaxa', 'Neurexa', 'RxProgram']",Elizabeth Perkins,982554,0,0,0,2024-08-29
a04Qk0000048kTB,Field,KY,40218,Louisville,3430 Newburg Rd Ste 210,3737571298,Daryl Robinson,Detail Only,Face-to-Face with HCP,"['Neurexa', 'RxProgram', 'Zemlora']",Jose Travis,665492,1,0,0,2024-08-26
a04Qk000004EemT,Field,KY,41042,Florence,45 Cavalier Blvd,3739325476,Karen Cook,Detail Only,HCP Meal,"['Neurexa', 'RxProgram', 'Zemlora', 'Trivaxa']",Cynthia Morris,976638,0,0,1,2024-09-02
a04Qk00000473rh,Field,NY,10011,New York,27 W 16th St Apt 5J,3740836391,Karen Garcia,Detail Only,Office Visit (no prescriber contact),"['Neurexa', 'RxProgram', 'Zemlora', 'Trivaxa']",Natalie Bautista,662336,0,0,1,2024-08-24
a04Qk0000048yCo,Field,PA,19520,Elverson,45 S Pine St,3744245817,Catherine Jacobson,Detail Only,HCP Meal,"['Zemlora', 'Neurexa', 'RxProgram']",Yvonne Burns,335612,0,0,0,2024-08-25
a04Qk0000045xQ9,Field,MA,02072,Stoughton,450 Pearl St Ste 3,3749675394,David Fitzgerald,Detail Only,Office Visit (no prescriber contact),"['Neurexa', 'RxProgram', 'Zemlora']",Angela Lin,789305,1,0,0,2024-08-24
a04Qk0000042pde,Field,NY,10022,New York,575 Madison Ave Ste 1016 Fl 10,3756978072,Jamie Rivera,Detail Only,Office Visit (no prescriber contact),"['Neurexa', 'RxProgram', 'Zemlora']",James Padilla,994141,1,0,1,2024-08-25
a04Qk000004AXtF,Field,NY,10022,New York,575 Madison Ave Ste 1016 Fl 10,3756978072,Jamie Rivera,Detail Only,Office Visit (no prescriber contact),"['Neurexa', 'RxProgram', 'Zemlora']",Margaret Coleman,704201,1,1,1,2024-08-29
a04Qk000004Iwkn,Field,AL,35209,Birmingham,2204 Lakeshore Dr Ste 150,3760576874,Linda Roy,Detail Only,Face-to-Face with HCP,"['Neurexa', 'RxProgram', 'Trivaxa', 'Zemlora']",Alyssa Long,725380,1,1,1,2024-09-06
a04Qk000003VYlF,Field,NY,10003,New York,111 3rd Ave,3762087990,Omar Adams,Detail Only,HCP Meal,"['Neurexa', 'RxProgram', 'Zemlora']",Courtney Mills,480612,0,0,0,2024-09-03
a04Qk000004G4gU,Field,TX,78738,Austin,11420 Bee Caves Rd Ste A150,3762784232,Bobby Porter,Detail Only,Office Visit (no prescriber contact),"['Zemlora', 'Neurexa', 'RxProgram']",Jamie Arnold,876646,0,0,0,2024-09-03
a04Qk000004DRBO,Field,NY,11703,North Babylon,1486 Deer Park Ave Unit A,3779787830,Jeffrey Walters,Detail Only,HCP Meal,"['Neurexa', 'RxProgram', 'Zemlora', 'Trivaxa']",Shannon Walker,821590,0,1,0,2024-09-01
a04Qk0000047XOL,Field,TX,77584,Pearland,12234 Shadow Creek Pkwy Ste 4104,3781321688,Jeffery Parker,Detail Only,Office Visit (no prescriber contact),"['Zemlora', 'Neurexa', 'RxProgram']",Brandon Bailey MD,377932,0,0,0,2024-08-25
a04Qk000004BcsU,Field,OH,43082,Westerville,400 Altair Pkwy Ste 3100,3781654959,Robert Chapman,Detail Only,HCP Meal,"['Neurexa', 'RxProgram', 'Zemlora', 'Trivaxa']",Cynthia Moore,426858,0,0,0,2024-08-30
a04Qk000004DRBN,Field,NY,11743,Huntington,775 Park Ave Ste 355,3785205725,Kristina Hernandez,Detail Only,Office Visit (no prescriber contact),"['Neurexa', 'RxProgram', 'Zemlora']",Dana Martinez,947272,0,0,1,2024-09-01
a04Qk000004HvbY,Field,VA,23225,North Chesterfield,221 Stonebridge Plaza Ave,3788395173,Carl Conway,Detail Only,HCP Meal,"['Neurexa', 'RxProgram', 'Zemlora', 'Trivaxa']",Christopher Parker,955662,0,0,1,2024-09-06
a04Qk000004ENIb,Field,LA,70508,Lafayette,215 Rue Fontaine,3789574211,James Payne,Detail Only,Office Visit (no prescriber contact),"['Zemlora', 'XR-ODT']",Tanya Kim,310922,0,1,0,2024-09-02
a04Qk00000464hl,Field,GA,30263,Newnan,189 Jefferson Pkwy,3791353786,Michael Pacheco,Detail Only,HCP Meal,"['Neurexa', 'RxProgram', 'Zemlora']",Allison Hickman,610311,0,0,1,2024-08-24
a04Qk000004Bsu1,Virtual,TN,38139,Germantown,9947 Wolf Riv Ste 110,3794036721,Eric Richardson,Detail Only,Fax to HCP Office,"['Zemlora', 'Neurexa', 'RxProgram']",Katie Suarez,642717,0,0,0,2024-08-30
a04Qk000004DaY1,Field,AL,36830,Auburn,2353 Bent Creek Rd Ste 110,3797928469,Melissa Bowman,Detail Only,HCP Meal,"['Neurexa', 'RxProgram', 'Zemlora', 'Trivaxa']",Paul Castaneda,260265,0,0,0,2024-09-01
a04Qk000004HWyr,Field,FL,32839,Orlando,4700 Millenia Blvd Ste 175,3800017625,Sarah Hall,Detail Only,Face-to-Face with HCP,"['Zemlora', 'XR-ODT']",Mrs. Diane Reyes,356150,0,0,1,2024-09-06
a04Qk000004Hqr8,Virtual,CA,94596,Walnut Creek,1655 N Main St Ste 200,3801246666,John Barnes,Detail Only,Phone Call with HCP,"['Zemlora', 'Neurexa', 'RxProgram']",Bryan Gomez,399105,1,0,1,2024-09-06
a04Qk000004CiUP,Field,GA,30141,Hiram,141 Wisteria Dr,3802320350,Monica Johnson,Detail Only,Virtual Call,"['Neurexa', 'RxProgram', 'Zemlora', 'Trivaxa']",Joseph Coleman,769987,0,0,1,2024-08-30
a04Qk000004DYkm,Field,LA,70584,Cankton,376 Main St,3805925294,Jon Owens,Detail Only,Office Visit (no prescriber contact),['Norexel'],Angelica Keith,854639,0,0,0,2024-09-01
a04Qk000004C8af,Field,NC,28273,Charlotte,3800 Arco Corporate Dr Ste 320,3806417249,Charles Huynh,Detail Only,HCP Meal,"['Neurexa', 'RxProgram', 'Zemlora', 'Trivaxa']",Shelly Spencer,265409,0,1,1,2024-08-30
a04Qk000004FYAL,Field,FL,32223,Jacksonville,12443 San Jose Blvd Ste 604,3806567624,Brandi Phillips,Detail Only,HCP Meal,"['Neurexa', 'RxProgram', 'Zemlora']",Judy Baker,308496,0,0,0,2024-09-03
a04Qk000004AsBJ,Field,IA,50266,West Des Moines,1441 29th St Ste 305,3808623596,Tammy Wilson,Detail Only,Face-to-Face with HCP,"['Neurexa', 'RxProgram', 'Zemlora']",Michelle Brown,617488,0,0,1,2024-08-29
a04Qk000004784z,Virtual,MS,39402,Hattiesburg,5192 Old Highway 11 Ste 2,3813611861,John Stout,Detail Only,Fax to HCP Office,"['Zemlora', 'Trivaxa', 'Neurexa', 'RxProgram']",Lauren Carson,522179,0,0,1,2024-08-25
a04Qk000004Fl7Z,Field,PA,18102,Allentown,421 Chew St Fl 3,3815167065,Paula Garner,Detail Only,Office Visit (no prescriber contact),"['Neurexa', 'RxProgram', 'Zemlora']",Jennifer Adkins,757924,1,0,0,2024-09-03
a04Qk000004Asw5,Field,FL,32257,Jacksonville,10337 San Jose Blvd Ste 200,3815489826,Jillian Mendoza,Detail Only,Office Visit (no prescriber contact),"['Neurexa', 'RxProgram', 'Zemlora']",Angelica Keith,854639,1,0,0,2024-08-29
a04Qk0000047Qxx,Field,OH,43240,Columbus,1120 Polaris Pkwy Ste 200,3816485361,Kendra Guzman,Detail Only,Office Visit (no prescriber contact),"['Neurexa', 'RxProgram', 'Zemlora']",Brett Burns,246991,1,0,0,2024-08-25
a04Qk000004HCyX,Field,LA,70508,Lafayette,206 Energy Pkwy,3818954992,Johnny Pruitt,Detail Only,Office Visit (no prescriber contact),"['Zemlora', 'Neurexa', 'RxProgram']",Tammie Bright,446479,1,0,0,2024-09-06
a04Qk000004Fltx,Field,AZ,85283,Tempe,6101 S Rural Rd,3820095764,Brian Finley,Detail Only,Virtual Call,"['Neurexa', 'RxProgram', 'Trivaxa', 'Zemlora']",Jenna Larson,414569,0,1,1,2024-09-03
a04Qk0000047C5O,Virtual,MS,38672,Southaven,5699 Getwell Rd # 1,3820960354,Matthew Morris,Detail Only,Phone Call with Office Staff,"['Zemlora', 'Trivaxa', 'Neurexa', 'RxProgram']",Connie Lawrence,356787,1,0,1,2024-08-25
a04Qk000003yhEr,Field,IL,60004,Arlington Heights,3275 N Arlington Heights Rd Ste 409,3822920797,George Carpenter,Detail Only,Face-to-Face with HCP,"['Neurexa', 'RxProgram', 'Zemlora', 'Trivaxa']",Helen Jones,430776,0,1,1,2024-09-02
a04Qk000004AMbF,Field,IL,60612,Chicago,600 S Paulina St Ste 403,3825117140,Mr. Joseph Ramirez,Detail Only,Face-to-Face with HCP,"['Zemlora', 'Neurexa', 'RxProgram', 'Trivaxa']",Allison Hill,770487,0,0,1,2024-08-29
a04Qk000004Fevi,Field,NY,10016,New York,222 E 31st St Apt 1R,3830745661,Brett Cole,Detail Only,HCP Meal,"['Neurexa', 'RxProgram', 'Zemlora']",Cameron Fisher,321231,0,0,1,2024-09-03
a04Qk000004D2JR,Field,TX,77478,Sugar Land,77 Sugar Creek Center Blvd Ste 330,3832753762,Edward Avery,Detail Only,Office Visit (no prescriber contact),"['Zemlora', 'Neurexa', 'RxProgram']",Karla Ramos,884309,0,0,1,2024-08-30
a04Qk0000049cTZ,Field,IL,60612,Chicago,1645 W Jackson Blvd Ste 603,3835600783,Kathy Gilbert,Detail Only,Face-to-Face with HCP,"['Neurexa', 'RxProgram', 'Zemlora', 'Trivaxa']",Veronica Simpson,717024,0,0,1,2024-08-25
a04Qk000004EuUf,Field,LA,70584,Sunset,127 Acorn Dr Ste B,3837136307,Edward Gonzalez,Detail Only,Office Visit (no prescriber contact),"['Norexel', 'Neurexa', 'RxProgram']",Laurie Hoffman,577110,1,0,0,2024-09-02
a04Qk000004DECX,Field,PA,19128,Philadelphia,8945 Ridge Ave Ste 3,3837517397,Mr. Brett West,Detail Only,Office Visit (no prescriber contact),"['Trivaxa', 'Neurexa', 'RxProgram']",Angelica Tucker,263032,1,0,0,2024-09-01
a04Qk000004Ai3t,Virtual,MS,39402,Hattiesburg,104 Woodlands Trce,3838883305,Justin Barker,Detail Only,Fax to HCP Office,"['Zemlora', 'Trivaxa', 'Neurexa', 'RxProgram']",Karen Graham,103402,1,0,0,2024-08-29
a04Qk000003eGvZ,Field,NE,68512,Lincoln,5539 S 27th St Ste 101,3838903780,Gregory Castaneda,Detail Only,Office Visit (no prescriber contact),"['Neurexa', 'RxProgram', 'Zemlora']",Jeremy Sampson,292401,0,0,0,2024-09-02
a04Qk000004DmCb,Field,VA,23113,Midlothian,14410 Sommerville Ct Ste 101,3844231540,Stephanie Kennedy,Detail Only,HCP Meal,"['Neurexa', 'RxProgram', 'Zemlora']",Jeremy Turner,749468,0,1,1,2024-09-01
a04Qk000004Alsz,Field,NC,28602,Hickory,240 18th Street Cir SE,3844605826,Ronald Parker,Detail Only,HCP Meal,"['Zemlora', 'Trivaxa']",Chad Scott,599948,0,0,1,2024-09-01
a04Qk000004Fxjp,Field,TX,78752,Austin,314 E Highland Mall Blvd Ste 305,3845422584,Colleen Jones,Detail Only,Face-to-Face with HCP,"['Zemlora', 'Neurexa', 'RxProgram']",Christopher Bass,766563,1,0,1,2024-09-02
a04Qk000004JuAf,Field,TX,78752,Austin,314 E Highland Mall Blvd Ste 305,3845422584,Colleen Jones,Detail Only,Face-to-Face with HCP,"['Zemlora', 'Neurexa', 'RxProgram']",Ashley Hall,863587,0,0,1,2024-09-06
a04Qk0000047HLw,Field,GA,30342,Atlanta,1100 Lake Hearn Dr Ste 100,3847960018,Stuart Barber,Detail Only,Office Visit (no prescriber contact),"['Zemlora', 'Neurexa', 'RxProgram', 'Trivaxa']",Debra Morton,575763,0,0,1,2024-08-25
a04Qk00000468i9,Virtual,NH,03064,Nashua,1 Main St,3853951380,Melissa Parker,Detail Only,Phone Call with Office Staff,"['Zemlora', 'Neurexa', 'RxProgram']",Brandy Chavez,299448,0,1,1,2024-08-24
a04Qk0000048rG9,Field,TX,75082,Richardson,2150 Lakeside Blvd Ste 100,3859282087,George Walker,Detail Only,Office Visit (no prescriber contact),"['Zemlora', 'Neurexa', 'RxProgram']",John Daniel,865179,1,1,1,2024-08-26
a04Qk000004D2hd,Field,AL,35244,Birmingham,3000 Galleria Cir 500,3863501698,Amber Thomas,Detail Only,HCP Meal,"['Neurexa', 'RxProgram', 'Zemlora', 'Trivaxa']",Michael Powell,813536,0,0,1,2024-08-29
a04Qk000004FckD,Field,AL,35244,Birmingham,3000 Galleria Cir 500,3863501698,Amber Thomas,Detail Only,Office Visit (no prescriber contact),"['Neurexa', 'RxProgram', 'Zemlora', 'Trivaxa']",Lindsay Martinez,772097,0,0,1,2024-09-03
a04Qk000004724Q,Virtual,PA,16001,Butler,901 E Brady St Ste 103,3864642972,Jessica Robertson,Detail Only,Phone Call with Office Staff,"['Zemlora', 'Neurexa', 'RxProgram']",Carolyn Miller,608993,0,0,0,2024-08-25
a04Qk000004Bufh,Field,NY,10601,White Plains,34 S Broadway Ste 702,3866125178,Monica Carr,Detail Only,Office Visit (no prescriber contact),"['Neurexa', 'RxProgram', 'Zemlora', 'Trivaxa']",Debra Christian,857168,0,1,1,2024-08-30
a04Qk000004Ac6Z,Field,FL,33434,Boca Raton,9801 Glades Rd,3868438326,Dominique Riggs,Detail Only,Virtual Call,"['Neurexa', 'RxProgram', 'Trivaxa', 'Zemlora']",Michael Powell,813536,0,0,0,2024-08-29
a04Qk000004DfxV,Field,NC,27518,Cary,115 Kildaire Park Dr Ste 402,3872546765,Ryan Moore,Detail Only,Office Visit (no prescriber contact),"['Zemlora', 'XR-ODT']",Jesse Brown,539589,0,0,1,2024-09-01
a04Qk000004B16X,Field,IL,60048,Libertyville,1860 W Winchester Rd Ste 106,3884805206,Douglas Noble,Detail Only,Office Visit (no prescriber contact),"['Neurexa', 'RxProgram', 'Zemlora']",Victor Baker,913694,1,0,1,2024-08-29
a04Qk000003DMAg,Field,IA,50265,West Des Moines,475 S 50th St Ste 600,3887833367,Alejandra Carlson,Detail Only,HCP Meal,"['Neurexa', 'RxProgram', 'Zemlora']",Tommy Walter,127824,0,0,1,2024-08-25
a04Qk000004DkYz,Field,IL,60123,Elgin,2050 Larkin Ave Ste 101,3892454944,Brian Reyes,Detail Only,Office Visit (no prescriber contact),"['Neurexa', 'RxProgram']",Megan Orr,694731,0,0,1,2024-09-01
a04Qk0000048So1,Field,MI,48065,Romeo,124 W Gates St Ste 103,3893356031,Michael Barron,Detail Only,Virtual Call with HCP,"['Neurexa', 'RxProgram']",Sharon Boyd,347861,0,0,1,2024-08-26
a04Qk000004EqPR,Field,AZ,85085,Phoenix,34225 N 27th Dr Ste 140,3898633139,Rachel Brooks,Detail Only,Virtual Call,"['Neurexa', 'RxProgram', 'Zemlora']",Cynthia Rowe,716886,1,0,1,2024-09-02
a04Qk0000048peA,Field,FL,33618,Tampa,16554 N Dale Mabry Highway,3903530475,Deborah Rodriguez,Detail Only,Face-to-Face with HCP,"['Neurexa', 'RxProgram', 'Zemlora']",Lisa Barnes,403445,0,0,1,2024-08-26
a04Qk000004B69R,Field,FL,33618,Tampa,16554 N Dale Mabry Highway,3903530475,Deborah Rodriguez,Detail Only,HCP Meal,"['Neurexa', 'RxProgram', 'Zemlora']",Robert Potter,774079,0,1,1,2024-08-29
a04Qk0000047OHp,Virtual,MO,65804,Springfield,1300 E Bradford Pkwy,3916400464,Jennifer Davis,Detail Only,Phone Call with Clinical Staff,"['Zemlora', 'Neurexa', 'RxProgram']",Debra White,262316,0,0,1,2024-08-25
a04Qk000004AjhV,Field,NY,11796,West Sayville,213 Main St Ste 2,3917629985,Thomas Stone,Detail Only,Office Visit (no prescriber contact),"['Neurexa', 'RxProgram', 'Zemlora']",Anthony Romero,185965,0,0,1,2024-08-29
a04Qk0000048jVV,Field,OH,45231,Cincinnati,740 W Galbraith Rd Ste 220,3923725049,Anne Gomez,Detail Only,Face-to-Face with HCP,"['Neurexa', 'RxProgram', 'Zemlora', 'Trivaxa']",Brian Smith,184002,0,0,0,2024-08-26
a04Qk0000047DJC,Field,SC,29485,Summerville,709 Old Trolley Rd,3923882132,Tara Phillips,Detail Only,Face-to-Face with HCP,"['Zemlora', 'Neurexa', 'RxProgram']",Carol Tucker,969693,0,1,1,2024-08-24
a04Qk0000047Xcr,Field,TX,77581,Pearland,2017 Broadway St,3928005246,Jessica Jackson,Detail Only,Office Visit (no prescriber contact),"['Trivaxa', 'Neurexa', 'RxProgram']",Gregory Ponce,776856,0,0,1,2024-08-25
a04Qk0000047Xcr,Field,TX,77581,Pearland,2017 Broadway St,3928005246,Jessica Jackson,Detail Only,Office Visit (no prescriber contact),"['Trivaxa', 'Neurexa', 'RxProgram']",Gregory Ponce,776856,0,0,1,2024-08-25
a04Qk000004ETJB,Virtual,NY,10962,Orangeburg,30 Ramland Rd S Ste 200A,3929338276,Christine Anderson,Detail Only,Phone Call with Clinical Staff,['Lexcura/Cymbrin/Multi-Vi-Flor'],Stephanie Salazar,712982,0,1,0,2024-09-02
a04Qk000004ENP4,Field,IN,46131,Franklin,1159 W Jefferson St Ste 304,3931979249,Donald Rhodes,Detail Only,Virtual Call,"['Neurexa', 'RxProgram', 'Trivaxa', 'Zemlora']",Dawn Summers,864491,0,1,1,2024-09-02
a04Qk000004Fifx,Field,NE,68198,Omaha,985575 Nebraska Medical Ctr,3933412691,Manuel Daniels,Detail Only,Office Visit (no prescriber contact),"['Neurexa', 'RxProgram', 'Zemlora']",Christopher Smith,269396,1,0,0,2024-09-03
a04Qk000004B2H7,Field,IL,60044,Lake Bluff,917 Sherwood Dr Ste 100,3934335043,Ashley Lamb,Detail Only,Office Visit (no prescriber contact),"['Neurexa', 'RxProgram', 'Zemlora', 'Trivaxa']",Zachary Ferrell,498591,0,0,1,2024-08-29
a04Qk000004Fvi1,Field,KS,66047,Lawrence,4951 W 18th St,3942505343,Andrew Sanchez,Detail Only,HCP Meal,"['Neurexa', 'RxProgram', 'Zemlora']",James Padilla,994141,0,0,1,2024-09-03
a04Qk000004Gv86,Field,GA,30046,Lawrenceville,595 Hurricane Shoals Rd NW Ste 300,3944788720,Jennifer Johnson,Detail Only,Face-to-Face with HCP,"['Neurexa', 'RxProgram', 'Zemlora']",Victor Taylor,806073,0,0,0,2024-09-06
a04Qk000004AZzt,Virtual,CA,92835,Fullerton,111 W Bastanchury Rd Ste 1A,3946273283,Chris Davis,Detail Only,Fax to HCP Office,"['Zemlora', 'Trivaxa', 'Neurexa', 'RxProgram']",Brian Smith,184002,0,0,1,2024-08-29
a04Qk000004FPv3,Virtual,MA,01950,Newburyport,21 Pleasant St Ste 203,3947007823,Stephanie Martin,Detail Only,Phone Call with Office Staff,"['Zemlora', 'Neurexa', 'RxProgram']",Andrew Reynolds,903035,0,1,1,2024-09-03
a04Qk0000046ExF,Field,FL,34655,Trinity,1540 Little Rd Bldg E,3948692348,Anthony Young,Detail Only,Face-to-Face with HCP,"['Neurexa', 'RxProgram', 'Zemlora', 'Trivaxa']",Stephanie Ross,781453,1,0,1,2024-08-24
a04Qk000004FotR,Field,FL,34655,Trinity,1540 Little Rd Bldg E,3948692348,Anthony Young,Detail Only,Face-to-Face with HCP,"['Neurexa', 'RxProgram', 'Zemlora', 'Trivaxa']",Joseph Coleman,769987,0,0,0,2024-09-03
a04Qk0000047Iab,Field,AZ,85284,Tempe,8675 S Priest Dr Ste 102,3949081536,Eric Horne,Detail Only,Office Visit (no prescriber contact),"['Neurexa', 'RxProgram', 'Zemlora']",Mrs. Kristen Reyes,559381,0,0,1,2024-08-26
a04Qk000004H5yg,Field,TX,77381,The Woodlands,8701 New Trails Dr Ste 150,3949914069,Jose Wall MD,Detail Only,Face-to-Face with HCP,"['Neurexa', 'RxProgram', 'Zemlora', 'Trivaxa']",Patrick Moore,570405,0,0,0,2024-09-02
a04Qk000004H5yg,Field,TX,77381,The Woodlands,8701 New Trails Dr Ste 150,3949914069,Jose Wall MD,Detail Only,Face-to-Face with HCP,"['Neurexa', 'RxProgram', 'Zemlora', 'Trivaxa']",Patrick Moore,570405,0,0,0,2024-09-02
a04Qk0000045nnN,Virtual,LA,70433,Covington,205 Highland Park Plz,3951857510,Carolyn Reid,Detail Only,Phone Call with Clinical Staff,"['Zemlora', 'Trivaxa', 'Neurexa', 'RxProgram']",Daniel Wagner,877572,0,0,1,2024-08-24
a04Qk000004DLIr,Field,NC,28603,Hickory,3411 Graystone Pl,3951961092,April Jordan,Detail Only,Office Visit (no prescriber contact),"['Zemlora', 'XR-ODT']",Joanna Pacheco,648177,0,0,1,2024-09-01
a04Qk0000046OdF,Field,NC,27410,Greensboro,445 Dolley Madison Rd Ste 410,3954251575,Caroline Gordon,Detail Only,Face-to-Face with HCP,"['Zemlora', 'XR-ODT']",Gerald Hensley,662275,0,0,1,2024-08-24
a04Qk0000046GKj,Field,OH,45342,Miamisburg,9049 Springboro Pike Ste A,3954944634,David Perez,Detail Only,Virtual Call with HCP,"['Neurexa', 'RxProgram', 'Zemlora']",Kenneth Lewis,865990,0,0,1,2024-08-24
a04Qk000004Dgjt,Field,OH,45342,Miamisburg,9049 Springboro Pike Ste A,3954944634,David Perez,Detail Only,HCP Meal,"['Zemlora', 'Neurexa', 'RxProgram']",Danny Morgan,201414,0,0,1,2024-09-01
a04Qk000004AFrV,Field,NJ,08690,Hamilton Square,2133 State Highway 33,3958258811,Nathan Griffin,Detail Only,Office Visit (no prescriber contact),"['Neurexa', 'RxProgram', 'Zemlora', 'Trivaxa']",Laura Roberts,172574,1,1,1,2024-08-24
a04Qk000004EHcz,Virtual,CA,90832,Long Beach,1 World Trade Ctr,3961875962,Alfred Acevedo,Detail Only,Phone Call with Office Staff,"['Zemlora', 'Trivaxa', 'Neurexa', 'RxProgram']",Shelly Alexander,107540,0,0,1,2024-09-02
a04Qk000004DmAz,Field,VA,23113,Midlothian,14410 Sommerville Ct Ste 101,3972034717,Gloria Lester,Detail Only,HCP Meal,"['Neurexa', 'RxProgram', 'Zemlora']",Laura Haney,922733,0,0,0,2024-09-01
a04Qk0000049P6X,Field,VA,23113,Midlothian,14400 Sommerville Ct,3975817220,Debra Kramer,Detail Only,Office Visit (no prescriber contact),"['Zemlora', 'Neurexa', 'RxProgram', 'Trivaxa']",Nicole Parrish,543555,1,1,0,2024-08-26
a04Qk000004Dm69,Field,VA,23113,Midlothian,14400 Sommerville Ct,3975817220,Debra Kramer,Detail Only,Office Visit (no prescriber contact),"['Neurexa', 'RxProgram', 'Zemlora', 'Trivaxa']",Richard Aguirre,946335,0,1,1,2024-09-01
a04Qk000004Ae9x,Field,FL,32746,Lake Mary,3300 W Lake Mary Blvd Ste 100,3977519299,Craig Edwards,Detail Only,Virtual Call,"['Zemlora', 'XR-ODT']",Angela Lin,789305,1,0,1,2024-08-29
a04Qk000004FYVJ,Field,FL,32216,Jacksonville,6817 Southpoint Pkwy Ste 1301,3977817897,Michael Hill,Detail Only,Face-to-Face with HCP,"['Neurexa', 'RxProgram', 'Zemlora']",Joshua Cooke,654816,1,0,0,2024-09-03
a04Qk000004HX27,Field,TX,75069,Mckinney,4510 Medical Center Dr Ste 208,3981882999,Christy Ford,Detail Only,HCP Meal,"['Zemlora', 'Trivaxa', 'Neurexa', 'RxProgram']",Victor Baker,913694,0,0,0,2024-09-06
a04Qk000004FQ7y,Field,WV,26101,Parkersburg,2012 Garfield Ave Ste 2,3982124415,Veronica Vasquez,Detail Only,HCP Meal,"['Zemlora', 'Trivaxa', 'Neurexa', 'RxProgram']",Susan Turner,214576,0,0,1,2024-09-03
a04Qk000004DObh,Field,MI,48075,Southfield,18000 W 9 Mile Rd Ste 750,3983023396,Dustin Garcia,Detail Only,HCP Meal,"['Zemlora', 'Neurexa', 'RxProgram']",Joanna Pacheco,648177,0,0,1,2024-09-06
a04Qk000004Cbj3,Field,MD,21401,Annapolis,166 Defense Highway Ste 203,3983072941,Dwayne Taylor,Detail Only,Virtual Call with HCP,"['Zemlora', 'Neurexa', 'RxProgram']",Anthony Everett,728038,0,1,0,2024-08-30
a04Qk000004HJK5,Field,MD,21401,Annapolis,166 Defense Hwy Ste 203,3983072941,Dwayne Taylor,Detail Only,HCP Meal,"['Zemlora', 'Trivaxa']",Sherry Decker,456778,1,1,0,2024-09-06
a04Qk000004Bz97,Field,GA,30068,Marietta,1121 Johnson Ferry Rd Ste 220,3985469585,Catherine Gray,Detail Only,Office Visit (no prescriber contact),"['Neurexa', 'RxProgram', 'Zemlora', 'Trivaxa']",Pamela Boyd,479580,1,1,0,2024-08-30
a04Qk0000046N65,Field,KS,66044,Lawrence,1803 W 6th St,3986887955,Timothy Fox,Detail Only,Face-to-Face with HCP,"['Neurexa', 'RxProgram', 'Zemlora', 'Trivaxa']",Julie Alexander,100599,1,0,1,2024-08-24
a04Qk0000042uDV,Field,NY,10022,New York,575 Madison Ave Fl 10,3987136736,James Martin,Detail Only,Office Visit (no prescriber contact),"['Neurexa', 'RxProgram', 'Zemlora']",Kimberly Gibson,454508,0,0,0,2024-08-25
a04Qk000004EeGD,Field,NY,11201,Brooklyn,50 Clark St,3987519937,Samantha Chavez,Detail Only,HCP Meal,"['Neurexa', 'RxProgram', 'Zemlora', 'Trivaxa']",Patrick Moore,570405,1,0,1,2024-09-02
a04Qk000004HnMz,Field,OH,45040,Mason,"9600 Children Dr D, Suite 100",3991349791,Carrie Duncan,Detail Only,Office Visit (no prescriber contact),"['Neurexa', 'RxProgram', 'Zemlora', 'Trivaxa']",Sandra Drake,656926,0,0,0,2024-09-06
a04Qk000004DZVV,Field,NC,27858,Greenville,1150 E Arlington Blvd,3992906244,Peter Ramirez,Detail Only,Office Visit (no prescriber contact),"['Norexel', 'Neurexa', 'RxProgram']",Joann Glass,707040,0,0,1,2024-09-01
a04Qk000004G54f,Field,NJ,07712,Ocean,800 W Park Ave Bldg C,3994423101,Kirk Scott,Detail Only,Office Visit (no prescriber contact),"['Zemlora', 'Neurexa', 'RxProgram', 'Trivaxa']",Dr. Paul Morgan,156802,1,0,0,2024-09-02
a04Qk000004AYm5,Field,NC,28546,Jacksonville,200 Tarpon Trl,4002618989,Jimmy Anderson,Detail Only,HCP Meal,"['Neurexa', 'RxProgram', 'Zemlora', 'Trivaxa']",Robin Young,523389,0,0,0,2024-08-29
a04Qk000004FftN,Field,NC,28405,Wilmington,4320 Henson Dr,4017828468,Daniel Carroll,Detail Only,Office Visit (no prescriber contact),"['Neurexa', 'RxProgram', 'Zemlora', 'Trivaxa']",James Padilla,994141,0,0,1,2024-09-03
a04Qk000004AwwT,Field,NY,11598,Woodmere,103 Wood Ln,4018707810,Diana Greene,Detail Only,Office Visit (no prescriber contact),"['Neurexa', 'RxProgram', 'Zemlora', 'Trivaxa']",Ralph Anderson,176819,1,0,0,2024-08-29
a04Qk000004CLJK,Virtual,CA,90210,Beverly Hills,415 N Crescent Dr Ste 210,4021034418,Anthony Christensen,Detail Only,Phone Call with Office Staff,"['Zemlora', 'Neurexa', 'RxProgram']",Angie Henderson,126225,0,0,1,2024-08-30
a04Qk000004At7N,Field,MI,49444,Norton Shores,1455 Farr Rd,4022849294,Monica Wilson,Detail Only,HCP Meal,"['Trivaxa', 'Neurexa', 'RxProgram', 'Zemlora']",Tracy House,407419,0,0,1,2024-09-02
a04Qk0000047TJ7,Field,MD,21204,Towson,120 Sister Pierre Dr Ste 407,4025475327,Rachel Griffin,Detail Only,Face-to-Face with HCP,"['Zemlora', 'Trivaxa']",John Daniel,865179,0,0,1,2024-08-25
a04Qk000004AFxx,Field,PA,19406,King Of Prussia,150 S Warner Rd # St 130,4027983063,Anna Dominguez,Detail Only,Face-to-Face with HCP,"['Neurexa', 'RxProgram', 'Trivaxa', 'Zemlora']",Michael Wang,855731,0,1,0,2024-08-26
a04Qk000004DlJl,Field,PA,19333,Devon,400 W Lancaster Ave Ste 1,4027983063,Anna Dominguez,Detail Only,HCP Meal,"['Neurexa', 'RxProgram', 'Zemlora', 'Trivaxa']",Jeffrey Chandler,158655,1,0,1,2024-08-30
a04Qk000004CUWH,Virtual,NV,89117,Las Vegas,7930 W Sahara Ave,4029752648,Angela White,Detail Only,Phone Call with Office Staff,"['Zemlora', 'Neurexa', 'RxProgram']",Michael Lewis,733052,0,0,1,2024-08-30
a04Qk000004EzcP,Field,VA,23059,Glen Allen,5207 Hickory Park Dr Ste C,4031291808,Gary Armstrong,Detail Only,Virtual Call,"['Neurexa', 'RxProgram', 'Zemlora', 'Trivaxa']",Gerald Hensley,662275,0,0,1,2024-09-02
a04Qk000004H6cz,Field,OH,43205,Columbus,700 Childrens Dr,4038998371,Gavin Evans,Detail Only,Virtual Call,"['Zemlora', 'Neurexa', 'RxProgram', 'Trivaxa']",Amber Obrien,526833,0,0,0,2024-09-06
a04Qk000004AMEg,Virtual,NJ,07876,Succasunna,151 Route 10 Ste 105,4039519283,Alexandra Murphy,Detail Only,Phone Call with Clinical Staff,['Lexcura/Cymbrin/Multi-Vi-Flor'],Sandra Drake,656926,0,1,1,2024-08-29
a04Qk000004CKK3,Virtual,NJ,07876,Succasunna,151 Route 10 Ste 105,4039519283,Alexandra Murphy,Detail Only,Clinical Staff Meal,['Lexcura/Cymbrin/Multi-Vi-Flor'],Michael Wang,855731,0,0,1,2024-08-30
a04Qk000004B7zx,Field,VA,23225,Richmond,1000 Boulders Pkwy Ste 202,4044789128,Nicholas Kramer,Detail Only,HCP Meal,"['Neurexa', 'RxProgram', 'Zemlora']",Amber Obrien,526833,1,1,1,2024-08-29
a04Qk000004DZP3,Field,NC,27858,Greenville,1901 Stonehenge Dr,4047742516,Kayla Park,Detail Only,Face-to-Face with HCP,"['Neurexa', 'RxProgram', 'Zemlora', 'Trivaxa', 'Norexel']",Denise Jones,329974,0,0,1,2024-09-01
a04Qk0000046LKP,Field,PA,19146,Philadelphia,1740 South St Ste 200,4049204508,Donald Baker,Detail Only,Office Visit (no prescriber contact),"['Trivaxa', 'Neurexa', 'RxProgram']",Victoria Larson,883300,0,1,1,2024-08-24
a04Qk0000048Skn,Field,MI,48307,Rochester Hills,441 S Livernois Rd Ste 100,4054876487,Brandon Baker,Detail Only,Virtual Call,"['Neurexa', 'RxProgram']",Sherry Decker,456778,1,0,0,2024-08-26
a04Qk000004AUFR,Field,MI,48307,Rochester Hills,441 S Livernois Rd Ste 100,4054876487,Brandon Baker,Detail Only,HCP Meal,"['Zemlora', 'Neurexa', 'RxProgram']",Lindsay Martinez,772097,0,0,1,2024-08-30
a04Qk000004DmkU,Field,FL,32541,Destin,4641 Gulfstarr Dr Ste 106,4055216579,David Walker,Detail Only,Office Visit (no prescriber contact),"['Zemlora', 'Neurexa', 'RxProgram']",Sergio Knight,411120,0,0,0,2024-08-30
a04Qk000004Ex17,Field,TX,75071,Mckinney,177 N Ridge Rd,4057028060,Brian Jimenez,Detail Only,Office Visit (no prescriber contact),"['Zemlora', 'Trivaxa', 'Neurexa', 'RxProgram']",Adam Burgess,627276,0,0,1,2024-09-02
a04Qk000004Dh9h,Field,TX,75034,Frisco,3140 Legacy Dr Ste 710,4061419867,Richard Morales,Detail Only,Office Visit (no prescriber contact),"['Zemlora', 'Neurexa', 'RxProgram']",Johnathan Davis,300896,0,1,1,2024-09-01
a04Qk0000047Pyf,Field,NC,28147,Salisbury,1930 Jake Alexander Blvd W Ste 1020,4063627828,Dustin Garcia,Detail Only,Virtual Call with HCP,"['Zemlora', 'XR-ODT']",Matthew Foster,688508,1,0,1,2024-08-25
a04Qk000004CZJ3,Field,AL,35768,Scottsboro,1108A S Broad St,4066375844,Jenny Aguilar,Detail Only,Face-to-Face with HCP,"['Neurexa', 'RxProgram', 'Zemlora', 'Trivaxa']",Lawrence Adkins,220116,0,0,0,2024-08-30
a04Qk000004B4vd,Field,NC,28105,Matthews,1401 Matthews Township Pkwy Ste 100,4070385032,Aaron Cabrera,Detail Only,Virtual Call with HCP,"['Neurexa', 'RxProgram', 'Zemlora']",Jeremy Dalton,972064,0,0,0,2024-08-29
a04Qk0000045eDp,Field,PA,19041,Haverford,551 W Lancaster Ave Ste 212,4070602773,Steven Vasquez,Detail Only,Virtual Call with HCP,"['Trivaxa', 'Zemlora', 'Neurexa', 'RxProgram']",Brandy Chavez,299448,0,0,1,2024-08-24
a04Qk000004EM6P,Field,PA,19041,Haverford,551 W Lancaster Ave Ste 212,4070602773,Steven Vasquez,Detail Only,HCP Meal,"['Trivaxa', 'Zemlora', 'Neurexa', 'RxProgram']",Nancy Jennings,888387,1,0,1,2024-09-02
a04Qk000004H19d,Field,IA,50266,West Des Moines,1603 22nd St Ste 200,4073813950,Anthony Stevens,Detail Only,Office Visit (no prescriber contact),"['Neurexa', 'RxProgram', 'Zemlora']",Daniel Wagner,877572,1,0,1,2024-09-06
a04Qk000004FfBr,Field,WI,53143,Kenosha,1400 75th St,4078146992,Amanda Thomas,Detail Only,Office Visit (no prescriber contact),"['Neurexa', 'RxProgram', 'Zemlora']",Jamie Smith,214975,1,0,0,2024-09-03
a04Qk000004AtSL,Field,MI,48381,Milford,1800 N Milford Rd Ste 100,4078709300,David Cook,Detail Only,HCP Meal,"['Zemlora', 'Neurexa', 'RxProgram']",Elaine Brooks,392004,0,1,0,2024-09-01
a04Qk0000047H9t,Field,FL,32225,Jacksonville,13001 Atlantic Blvd Ste 100,4081372449,David Hebert,Detail Only,Office Visit (no prescriber contact),"['Neurexa', 'RxProgram', 'Zemlora']",Lori Guerrero,189814,0,0,1,2024-08-25
a04Qk000004DjJZ,Field,TX,77027,Houston,19 Briar Hollow Ln Ste 102,4081959269,Bradley Hughes,Detail Only,Face-to-Face with HCP,"['Neurexa', 'RxProgram', 'Zemlora', 'Trivaxa']",Victor Baker,913694,1,0,0,2024-08-30
a04Qk000004FRSD,Field,NJ,08080,Sewell,269 Fish Pond Rd,4082788574,Jesse Hicks,Detail Only,HCP Meal,"['Trivaxa', 'Zemlora', 'Neurexa', 'RxProgram']",Jeremy Turner,749468,0,1,1,2024-09-03
a04Qk000004Fxbl,Field,TX,78738,Austin,13917 W Highway 71 Ste A,4085430557,Taylor Aguirre,Detail Only,Face-to-Face with HCP,"['Trivaxa', 'Zemlora', 'Neurexa', 'RxProgram']",Phillip Nelson,974244,1,1,0,2024-09-03
a04Qk0000046Dxy,Field,FL,34684,Palm Harbor,33920 US Highway 19 N Ste 170,4093127036,John Rodriguez,Detail Only,Face-to-Face with HCP,"['Neurexa', 'RxProgram', 'Zemlora', 'Trivaxa']",Rhonda Martin,323508,0,0,1,2024-08-24
a04Qk0000045o9x,Field,FL,32073,Orange Park,1409 Kingsley Ave Ste 8,4096523319,Darryl Decker,Detail Only,HCP Meal,"['Neurexa', 'RxProgram', 'Zemlora']",Denise Mccann,665579,1,0,1,2024-08-24
a04Qk000004Dj9t,Field,TX,77027,Houston,19 Briar Hollow Ln Ste 102,4096533759,Elizabeth Perry,Detail Only,Face-to-Face with HCP,"['Neurexa', 'RxProgram', 'Zemlora', 'Trivaxa']",Cameron Parker,765822,1,0,0,2024-08-30
a04Qk000004Dj9t,Field,TX,77027,Houston,19 Briar Hollow Ln Ste 102,4096533759,Elizabeth Perry,Detail Only,Face-to-Face with HCP,"['Neurexa', 'RxProgram', 'Zemlora', 'Trivaxa']",Cameron Parker,765822,1,0,0,2024-08-30
a04Qk0000047D7u,Field,IA,50325,Clive,2555 Berkshire Pkwy Ste A,4098319995,Michael Williams,Detail Only,Office Visit (no prescriber contact),"['Neurexa', 'RxProgram', 'Trivaxa']",Lori Hernandez,141672,1,0,1,2024-08-25
a04Qk0000047DW5,Field,IA,50325,Clive,2555 Berkshire Pkwy Ste A,4098319995,Michael Williams,Detail Only,HCP Meal,"['Neurexa', 'RxProgram', 'Trivaxa']",Dr. Hannah Patterson,456699,1,0,0,2024-08-26
a04Qk000004AIkX,Field,MA,02494,Needham Heights,275 2nd Ave Unit 3035,4102665815,Travis Davis,Detail Only,Virtual Call,"['Neurexa', 'RxProgram', 'Zemlora']",Brian Ramirez,542417,1,0,1,2024-08-29
a04Qk000004DGSr,Virtual,NJ,07960,Morristown,261 James St Ste 1G,4104595809,James Sanders,Detail Only,Phone Call with Clinical Staff,['Lexcura/Cymbrin/Multi-Vi-Flor'],Elizabeth Kelley,852787,0,0,0,2024-09-01
a04Qk000004CECz,Field,AZ,85283,Tempe,6101 S Rural Rd Ste 103,4105906699,Rebecca Mcneil,Detail Only,Virtual Call,"['Neurexa', 'RxProgram', 'Trivaxa']",Kelly Donovan,183667,1,1,1,2024-09-03
a04Qk000004ChBl,Field,TX,78503,Mcallen,101 E Ridge Rd,4106932761,Angela Chung,Detail Only,Virtual Call,"['Neurexa', 'RxProgram', 'Zemlora']",Ashley Hicks,808011,0,0,0,2024-08-30
a04Qk000004ASGr,Field,MI,48083,Troy,1639 E Big Beaver Rd Ste 201,4111319540,Danielle Jones,Detail Only,Office Visit (no prescriber contact),"['Zemlora', 'Trivaxa', 'Neurexa', 'RxProgram']",Connor West,230889,0,1,0,2024-08-29
a04Qk000004Hu0H,Field,FL,33511,Brandon,1118 Bell Shoals Rd,4114370843,James Obrien,Detail Only,Face-to-Face with HCP,"['Neurexa', 'RxProgram', 'Zemlora']",Michael Evans,344098,1,0,1,2024-09-06
a04Qk00000468QQ,Field,PA,19151,Philadelphia,7521 Woodcrest Ave,4114479406,Kristy Kelly,Detail Only,Virtual Call with HCP,"['Zemlora', 'Neurexa', 'RxProgram']",Dr. Paul Morgan,156802,1,0,1,2024-08-24
a04Qk000004DZYj,Field,PA,19151,Philadelphia,7521 Woodcrest Ave,4114479406,Kristy Kelly,Detail Only,HCP Meal,"['Zemlora', 'Neurexa', 'RxProgram']",Dustin Jordan,429963,1,0,1,2024-09-01
a04Qk000004EwMn,Field,KY,41042,Florence,7370 Turfway Rd Ste 200,4114641853,Destiny Walsh,Detail Only,Office Visit (no prescriber contact),"['Neurexa', 'RxProgram']",Tamara Davis,294851,1,1,1,2024-09-02
a04Qk0000049dr4,Field,TX,77042,Houston,2901 Wilcrest Dr Ste 520,4116116285,William Wheeler,Detail Only,Face-to-Face with HCP,"['Neurexa', 'RxProgram', 'Zemlora', 'Trivaxa']",Carla Gray,329258,1,0,1,2024-08-26
a04Qk000004H8QH,Field,TX,77042,Houston,2901 Wilcrest Dr Ste 520,4116116285,William Wheeler,Detail Only,Face-to-Face with HCP,"['Zemlora', 'Trivaxa', 'Neurexa', 'RxProgram']",Jessica Holmes,498382,0,0,1,2024-09-03
a04Qk000004Ae3V,Field,FL,32653,Gainesville,4627 NW 53rd Ave,4117274557,Karen Gilbert,Detail Only,Virtual Call,"['Zemlora', 'XR-ODT']",Dr. Paul Morgan,156802,0,0,0,2024-08-29
a04Qk0000048uif,Field,IL,60181,Oakbrook Terrace,1S443 Summit Ave Ste 201,4117743401,Daniel Burns,Detail Only,Face-to-Face with HCP,"['Neurexa', 'RxProgram', 'Zemlora']",Lisa Allen,324643,0,0,0,2024-08-25
a04Qk000004DYsn,Field,GA,31909,Columbus,2416 Capstone Ct,4118686257,Lisa Watson,Detail Only,Face-to-Face with HCP,"['Neurexa', 'RxProgram', 'Zemlora']",Victor Baker,913694,0,0,0,2024-08-30
a04Qk000004HxRB,Field,WI,53207,Milwaukee,4650 S Howell Ave,4118812584,Emily Griffin,Detail Only,Office Visit (no prescriber contact),"['Neurexa', 'RxProgram']",Daniel Baker,391476,0,1,1,2024-09-06
a04Qk000004CTIU,Field,LA,70503,Lafayette,427 Heymann Blvd,4122749099,Barbara Davis,Detail Only,Face-to-Face with HCP,"['Zemlora', 'Neurexa', 'RxProgram']",Stephanie Ross,781453,0,0,0,2024-08-30
a04Qk000004Ai8j,Field,GA,30046,Lawrenceville,755 Old Norcross Rd,4122913584,Ryan Archer,Detail Only,Face-to-Face with HCP,"['Neurexa', 'RxProgram', 'Zemlora']",Matthew Moore,842225,0,1,1,2024-08-29
a04Qk0000046KJV,Virtual,NJ,07601,Hackensack,90 Prospect Ave,4123270767,John Moran,Detail Only,Phone Call with Office Staff,['Lexcura/Cymbrin/Multi-Vi-Flor'],Jason Stein,892495,0,0,1,2024-08-24
a04Qk000004CzNB,Field,FL,32905,Palm Bay,4031 Dixie Hwy NE,4123551232,Cindy Smith,Detail Only,Face-to-Face with HCP,"['Zemlora', 'XR-ODT']",Sharon Boyd,347861,0,0,1,2024-08-30
a04Qk0000047LNB,Field,FL,34238,Sarasota,6075 Rand Blvd Ste 1,4125550394,Cynthia Jackson,Detail Only,Face-to-Face with HCP,"['Neurexa', 'RxProgram', 'Zemlora', 'Trivaxa']",Jennifer Collins,723939,0,0,1,2024-08-25
a04Qk000004AhRB,Field,MA,01845,North Andover,555 Turnpike St Ste 53,4127000112,Kathleen Barber,Detail Only,Office Visit (no prescriber contact),"['Neurexa', 'RxProgram', 'Zemlora']",Connie Lawrence,356787,0,1,0,2024-08-29
a04Qk000004EO9p,Field,MA,01845,North Andover,555 Turnpike St Ste 53,4127000112,Kathleen Barber,Detail Only,Office Visit (no prescriber contact),"['Neurexa', 'RxProgram', 'Zemlora']",John Pierce,900581,0,1,0,2024-09-02
a04Qk000004HdaX,Field,NC,28105,Matthews,9723 Northeast Pkwy Ste 500,4137748446,Andrea Montgomery,Detail Only,Face-to-Face with HCP,"['Zemlora', 'XR-ODT']",Ellen Morgan,299122,0,0,1,2024-09-06
a04Qk000004BtOf,Field,SC,29070,Leesville,608 E Columbia Ave,4145371693,Alison Kemp,Detail Only,Office Visit (no prescriber contact),"['Zemlora', 'Neurexa', 'RxProgram', 'Trivaxa']",Theodore Jones Jr.,609231,1,0,1,2024-08-30
a04Qk0000047aUH,Field,AL,35758,Madison,9238 Madison Blvd Ste 750,4147264410,Cory Miller,Detail Only,Face-to-Face with HCP,"['Neurexa', 'RxProgram', 'Zemlora', 'Trivaxa']",Ryan Munoz,207473,1,0,0,2024-08-25
a04Qk000004FSsv,Field,AL,35758,Madison,9238 Madison Blvd Ste 750,4147264410,Cory Miller,Detail Only,Office Visit (no prescriber contact),"['Neurexa', 'RxProgram', 'Zemlora', 'Trivaxa']",Kelly Donovan,183667,1,0,0,2024-09-02
a04Qk000004F02D,Field,NC,28277,Charlotte,16817 Marvin Rd,4155470235,Wanda Arroyo,Detail Only,Virtual Call with HCP,"['Neurexa', 'RxProgram', 'Zemlora', 'Trivaxa']",Sabrina Austin,853305,0,0,1,2024-09-02
a04Qk000004D29m,Field,AL,35235,Birmingham,3504 Vann Rd Ste 100,4156894578,George Smith,Detail Only,HCP Meal,"['Zemlora', 'Neurexa', 'RxProgram', 'Trivaxa']",Barbara Dudley,847581,0,0,0,2024-08-29
a04Qk0000045fbJ,Field,SC,29615,Greenville,429 Roper Mountain Rd Ste 700,4157947419,John Moss,Detail Only,Office Visit (no prescriber contact),"['Zemlora', 'Trivaxa', 'Neurexa', 'RxProgram']",Laurie Hoffman,577110,0,0,0,2024-08-24
a04Qk000004CSvt,Field,MD,21209,Baltimore,1501 Sulgrave Ave,4159342782,Craig Allen,Detail Only,Office Visit (no prescriber contact),"['Zemlora', 'XR-ODT']",Michelle Harmon,944151,0,0,0,2024-08-30
a04Qk000004Dev0,Field,TX,75034,Frisco,4040 Legacy Dr Ste 201,4160817219,Gabriel Herman,Detail Only,Face-to-Face with HCP,"['Zemlora', 'Trivaxa', 'Neurexa', 'RxProgram']",Johnathan Davis,300896,0,1,0,2024-09-01
a04Qk000004BzM5,Field,TX,78758,Austin,2217 Park Bend Dr Ste 300,4167284310,Kathy Cummings,Detail Only,HCP Meal,"['Zemlora', 'Neurexa', 'RxProgram']",Jose Travis,665492,0,0,1,2024-08-29
a04Qk000004BzM5,Field,TX,78758,Austin,2217 Park Bend Dr Ste 300,4167284310,Kathy Cummings,Detail Only,HCP Meal,"['Zemlora', 'Neurexa', 'RxProgram']",Jose Travis,665492,0,0,1,2024-08-29
a04Qk0000044ZUj,Field,OH,43085,Worthington,1035 Proprietors Rd,4167509033,Patrick Garcia,Detail Only,HCP Meal,"['Zemlora', 'Neurexa', 'RxProgram']",Jason Rhodes,630458,1,0,0,2024-08-25
a04Qk000004CNJW,Field,IN,47725,Evansville,18511 Whitfield Ct,4171764576,Kelsey Fuentes,Detail Only,Virtual Call,"['Neurexa', 'RxProgram', 'Zemlora', 'Trivaxa']",John Young,354801,0,0,0,2024-09-01
a04Qk000004GyXN,Field,GA,30518,Sugar Hill,4700 Nelson Brogdon Blvd Ste 180,4176359308,Robert Dudley,Detail Only,Face-to-Face with HCP,"['Neurexa', 'RxProgram', 'Zemlora']",David Thompson,783823,0,0,1,2024-09-06
a04Qk000004FdWb,Field,GA,30188,Woodstock,1005 Weatherstone Pkwy Ste 210,4182493799,Kyle Smith,Detail Only,Office Visit (no prescriber contact),"['Neurexa', 'RxProgram', 'Zemlora', 'Trivaxa']",Michael Wang,855731,0,0,0,2024-09-03
a04Qk0000048aoo,Field,GA,30043,Lawrenceville,1925 Old Peachtree Rd NE,4189159057,Jessica Krause,Detail Only,Face-to-Face with HCP,"['Neurexa', 'RxProgram', 'Zemlora']",Shane Henderson,452944,0,0,0,2024-08-26
a04Qk000004AI7q,Field,GA,30043,Lawrenceville,1925 Old Peachtree Rd NE,4189159057,Jessica Krause,Detail Only,Face-to-Face with HCP,"['Neurexa', 'RxProgram', 'Zemlora']",Courtney Gonzalez,581141,0,0,0,2024-08-29
a04Qk000004GVry,Field,GA,30043,Lawrenceville,1925 Old Peachtree Rd NE,4189159057,Jessica Krause,Detail Only,HCP Meal,"['Neurexa', 'RxProgram', 'Zemlora']",Krista Gibson,543692,0,0,1,2024-09-06
a04Qk000004EV6T,Field,NE,68505,Lincoln,6301 Orchard St Ste 3,4189912790,Karen Nicholson,Detail Only,Face-to-Face with HCP,"['Neurexa', 'RxProgram', 'Zemlora']",Alex Hernandez,112038,0,0,1,2024-09-02
a04Qk000004AS7B,Field,MI,48168,Northville,39901 Traditions Dr,4191661951,Lisa Gregory,Detail Only,Office Visit (no prescriber contact),"['Neurexa', 'RxProgram']",Dylan Miller,719176,0,0,0,2024-08-30
a04Qk0000047RsP,Field,AZ,85284,Tempe,8675 S Priest Dr Ste 102,4192587454,James Gross,Detail Only,HCP Meal,"['Neurexa', 'RxProgram', 'Zemlora', 'Trivaxa']",Jose Schultz,514850,0,1,1,2024-08-25
a04Qk000004ESyD,Virtual,LA,71103,Shreveport,3824 Hearne Ave,4192729884,Bryan Perez,Detail Only,Phone Call with Office Staff,"['Norexel', 'Lexcura/Cymbrin/Multi-Vi-Flor']",Shannon James,340062,0,0,1,2024-09-02
a04Qk000004LFOL,Field,MA,01720,Acton,289 Great Rd Ste G1,4194752765,Robert Davis,Detail Only,Office Visit (no prescriber contact),"['Zemlora', 'Neurexa', 'RxProgram']",Jeremy Dalton,972064,0,0,0,2024-09-06
a04Qk0000048DFW,Virtual,CT,06824,Fairfield,52 Beach Rd Ste 104,4196773518,Karen Davenport,Detail Only,Phone Call with Clinical Staff,"['Zemlora', 'Neurexa', 'RxProgram']",Victor Taylor,806073,0,0,0,2024-08-26
a04Qk000004H1IM,Field,CT,06824,Fairfield,52 Beach Rd Ste 104,4196773518,Karen Davenport,Detail Only,Virtual Call,"['Neurexa', 'RxProgram', 'Zemlora']",Jeremy Reed,698782,0,0,1,2024-09-06
a04Qk000004C0bR,Virtual,NJ,07030,Hoboken,333 15th St,4203599510,Jennifer Perkins,Detail Only,Phone Call with Office Staff,['Lexcura/Cymbrin/Multi-Vi-Flor'],Nathan Malone,170674,0,0,0,2024-08-30
a04Qk000004HH29,Field,NC,27030,Mount Airy,113 Scenic Outlet Ln Ste 2,4205999077,Angela Poole,Detail Only,HCP Meal,['Norexel'],Amy Silva,172933,0,0,1,2024-09-06
a04Qk0000048sXB,Field,FL,32605,Gainesville,6440 W Newberry Rd Ste 402,4207142860,Candace Foster,Detail Only,Face-to-Face with HCP,"['Zemlora', 'Trivaxa']",Laura Mckinney,632496,1,0,0,2024-08-25
a04Qk00000467HR,Virtual,LA,70726,Denham Springs,30780 Lane 16 Suite 104 105,4210372170,Alan Owens,Detail Only,Fax to HCP Office,"['Zemlora', 'Trivaxa', 'Neurexa', 'RxProgram']",Gwendolyn Klein,314181,0,1,0,2024-08-24
a04Qk000004HNvZ,Field,NY,10019,New York,200 W 57th St Ste 305,4212301685,Joshua Hernandez,Detail Only,Office Visit (no prescriber contact),"['Neurexa', 'RxProgram', 'Zemlora']",Kelly Donovan,183667,0,0,0,2024-09-06
a04Qk000004G4a1,Field,IL,60462,Orland Park,14484 John Humphrey Dr,4215289342,Donald Porter,Detail Only,Face-to-Face with HCP,"['Neurexa', 'RxProgram', 'Zemlora', 'Trivaxa']",Jessica Garcia,174299,0,0,1,2024-09-02
a04Qk000004Dhsr,Field,TX,75034,Frisco,5850 Town And Country Blvd Ste 902,4220896216,James Bell,Detail Only,Virtual Call with HCP,"['Zemlora', 'Neurexa', 'RxProgram']",Ana Hill,604740,0,1,0,2024-09-01
a04Qk000004HvHJ,Field,TX,75034,Frisco,5850 Town And Country Blvd Ste 902,4220896216,James Bell,Detail Only,Face-to-Face with HCP,"['Zemlora', 'Neurexa', 'RxProgram']",Erica Alvarez,431737,0,0,0,2024-09-06
a04Qk000004HNxB,Field,WI,53177,Sturtevant,8700 Durand Ave Ste 600,4226118623,Erica Perez,Detail Only,Office Visit (no prescriber contact),"['Neurexa', 'RxProgram', 'Zemlora']",Barbara Dudley,847581,1,1,1,2024-09-06
a04Qk00000469Hd,Field,TN,37923,Knoxville,9041 Executive Park Dr Ste 104,4228255701,Lauren Arnold,Detail Only,Office Visit (no prescriber contact),"['Neurexa', 'RxProgram', 'Zemlora']",Susan Turner,214576,1,0,0,2024-08-24
a04Qk000004HQLa,Field,TN,37923,Knoxville,9041 Executive Park Dr Ste 104,4228255701,Lauren Arnold,Detail Only,Face-to-Face with HCP,"['Zemlora', 'Neurexa', 'RxProgram']",Jessica Callahan,182627,1,0,1,2024-09-06
a04Qk000004HamM,Field,SC,29223,Columbia,115 Atrium Way Ste 221,4229347571,Paul Garrett,Detail Only,Office Visit (no prescriber contact),"['Zemlora', 'Neurexa', 'RxProgram', 'Trivaxa']",Jordan Bates,179046,0,0,1,2024-09-06
a04Qk000004FiPp,Field,GA,30501,Gainesville,1990 Limestone Cir Ste 110,4229646680,Caitlin Valdez,Detail Only,Face-to-Face with HCP,"['Neurexa', 'RxProgram', 'Zemlora']",Victor Brown,274389,1,0,1,2024-09-03
a04Qk0000046LAk,Field,LA,70518,Broussard,109 Saint Nazaire Rd Ste B,4229677541,Stacey Carlson,Detail Only,Office Visit (no prescriber contact),"['Zemlora', 'XR-ODT']",Tracy Burke,830429,0,0,0,2024-08-24
a04Qk000004Bv2I,Field,LA,70518,Broussard,109 Saint Nazaire Rd Ste B,4229677541,Stacey Carlson,Detail Only,Office Visit (no prescriber contact),"['Zemlora', 'Neurexa', 'RxProgram']",Sandra Drake,656926,0,0,0,2024-08-30
a04Qk000004647w,Field,GA,30263,Newnan,189 Jefferson Pkwy,4229786366,Melissa Powell,Detail Only,Face-to-Face with HCP,"['Neurexa', 'RxProgram', 'Zemlora']",Christopher Bass,766563,0,0,1,2024-08-24
a04Qk0000048Qe9,Field,LA,70517,Breaux Bridge,209 Champagne Blvd,4233229681,Barbara Branch,Detail Only,Office Visit (no prescriber contact),['Norexel'],Denise Davenport,491559,0,1,1,2024-08-26
a04Qk000004ALth,Field,LA,70517,Breaux Bridge,209 Champagne Blvd,4233229681,Barbara Branch,Detail with Sample,Face-to-Face with HCP,['Norexel'],Thomas Atkins,159642,1,0,1,2024-08-29
a04Qk000004B8Ub,Field,TX,77379,Spring,9611 Louetta Rd,4233766456,Edward Rivera,Detail Only,Face-to-Face with HCP,"['Neurexa', 'RxProgram', 'Zemlora', 'Trivaxa']",Brian Rodriguez,488162,0,1,1,2024-08-29
a04Qk000004Dh4r,Field,OH,45069,West Chester,9117 Cincinnati Columbus Rd,4235443876,Andrea Smith,Detail Only,Office Visit (no prescriber contact),"['Neurexa', 'RxProgram', 'Zemlora', 'Trivaxa']",Gabrielle Davis,872246,0,0,1,2024-09-01
a04Qk000004AGUD,Virtual,NJ,07869,Randolph,765 Route 10 E Ste 203,4235617116,Judy Chan,Detail Only,Phone Call with Office Staff,['Lexcura/Cymbrin/Multi-Vi-Flor'],Kenneth Scott,961722,0,1,0,2024-08-29
a04Qk000003Xf4H,Field,IA,51105,Sioux City,1125 Pierce St Ste 100,4235787999,Joan Alexander,Detail Only,HCP Meal,"['Neurexa', 'RxProgram', 'Zemlora']",Tracy House,407419,0,0,1,2024-08-30
a04Qk000004Ezis,Field,SC,29720,Lancaster,834 W Meeting St Ste A,4238389878,Ryan Salinas,Detail Only,Virtual Call with HCP,"['Neurexa', 'RxProgram', 'Zemlora', 'Trivaxa']",Robert Montgomery,992697,1,0,1,2024-09-02
a04Qk000004Bvbl,Field,NY,10901,Suffern,222 Route 59 Ste 304,4246554388,Steven Solis,Detail Only,Office Visit (no prescriber contact),"['Neurexa', 'RxProgram', 'Zemlora', 'Trivaxa']",Jesse Perez,497382,0,0,1,2024-08-30
a04Qk0000049dUT,Field,TX,77379,Spring,8111 Cypresswood Dr Ste 104,4246781903,Jasmine Benitez,Detail Only,Face-to-Face with HCP,"['Neurexa', 'RxProgram', 'Zemlora', 'Trivaxa']",Jason Rhodes,630458,0,0,0,2024-08-24
a04Qk000004FiG9,Field,NC,27030,Mount Airy,Surry Rural Health,4247002635,Haley Miller,Detail Only,Office Visit (no prescriber contact),['Norexel'],Denise Jacobs,472528,0,0,1,2024-09-06
a04Qk000004BrQ5,Field,OH,43082,Westerville,625 Africa Rd Ste 300,4247535341,Michael Sherman,Detail Only,Office Visit (no prescriber contact),"['Neurexa', 'RxProgram', 'Zemlora', 'Trivaxa']",Daniel Kennedy,787277,1,1,1,2024-08-30
a04Qk000004DRxZ,Field,GA,31029,Forsyth,120 N Lee St Ste A,4248596570,Holly Martinez,Detail Only,Face-to-Face with HCP,"['Neurexa', 'RxProgram', 'Zemlora']",David Alvarez,249811,0,1,1,2024-09-01
a04Qk000004Bwsn,Field,FL,32073,Orange Park,2140 Smith St,4250024282,Crystal Henry,Detail Only,HCP Meal,"['Zemlora', 'Trivaxa', 'Neurexa', 'RxProgram']",Thomas Atkins,159642,1,0,1,2024-08-30
a04Qk000004Bz5u,Field,NY,11201,Brooklyn,300 Cadman Plz W,4265229767,Mr. John Phelps Jr.,Detail Only,Virtual Call with HCP,"['Neurexa', 'RxProgram', 'Zemlora', 'Trivaxa']",Spencer Haynes,287330,0,0,0,2024-08-30
a04Qk000004HYm9,Field,TX,75069,Mckinney,4510 Medical Center Dr Ste 208,4266152887,Derek Harris,Detail Only,HCP Meal,"['Zemlora', 'Trivaxa', 'Neurexa', 'RxProgram']",Nathan Freeman,211579,0,0,0,2024-09-06
a04Qk000004EKNx,Field,OH,43068,Reynoldsburg,8050 E Main St Ste 3100,4266219986,Andrea Holt,Detail Only,Office Visit (no prescriber contact),"['Neurexa', 'RxProgram', 'Zemlora', 'Trivaxa']",Erin Warner,632323,0,1,1,2024-09-02
a04Qk000004B4kM,Field,FL,33578,Riverview,10141 Big Bend Rd Ste 103,4267542401,John Moore,Detail Only,Face-to-Face with HCP,"['Neurexa', 'RxProgram', 'Zemlora', 'Trivaxa']",Connie Lawrence,356787,0,0,0,2024-08-29
a04Qk0000045h6r,Virtual,NJ,07753,Neptune,1945 State Route 33,4267655512,David Wilkerson,Detail Only,Phone Call with Office Staff,['Lexcura/Cymbrin/Multi-Vi-Flor'],Spencer Haynes,287330,0,0,1,2024-08-24
a04Qk00000479Vh,Field,NE,68164,Omaha,2126 N 117th Ave,4268148821,Lindsay King,Detail Only,Virtual Call with HCP,"['Neurexa', 'RxProgram', 'Zemlora']",Michael Warner,694916,1,0,0,2024-08-25
a04Qk000004DJAb,Field,NE,68164,Omaha,2126 N 117th Ave,4268148821,Lindsay King,Detail Only,Face-to-Face with HCP,"['Neurexa', 'RxProgram', 'Zemlora']",Lindsay Martinez,772097,1,0,0,2024-09-01
a04Qk000004BrTJ,Field,OH,43082,Westerville,625 Africa Rd Ste 300,4269610421,Stephanie Wang,Detail Only,Office Visit (no prescriber contact),"['Neurexa', 'RxProgram', 'Zemlora', 'Trivaxa']",Jeffrey Chandler,158655,1,0,1,2024-08-30
a04Qk000004FySz,Field,KY,41011,Covington,924 Main St,4273337439,Jason Pierce,Detail Only,Face-to-Face with HCP,"['Neurexa', 'RxProgram', 'Zemlora', 'Trivaxa']",Maria Henderson,176066,0,0,1,2024-09-03
a04Qk0000044VED,Field,AZ,85050,Phoenix,26224 N Tatum Blvd Ste 1,4274727146,Angela Thompson,Detail Only,Office Visit (no prescriber contact),"['Trivaxa', 'Neurexa', 'RxProgram', 'Zemlora']",Judy Baker,308496,0,0,1,2024-09-06
a04Qk000004DhhZ,Field,KS,67205,Wichita,6837 W 37th St N,4275364894,Ryan Manning,Detail Only,HCP Meal,"['Neurexa', 'RxProgram', 'Zemlora']",Marie Christian,161733,0,0,0,2024-09-01
a04Qk0000047Xpl,Field,OH,45373,Troy,31 S Stanfield Rd Ste 301,4276148109,Mike Duran,Detail Only,Face-to-Face with HCP,"['Neurexa', 'RxProgram', 'Zemlora']",Shelly Spencer,265409,0,1,0,2024-08-25
a04Qk0000048ZCo,Field,AL,35235,Birmingham,3504 Vann Rd Ste 100,4276902906,Sydney Gomez,Detail Only,Face-to-Face with HCP,"['Neurexa', 'RxProgram', 'Zemlora']",Debra Christian,857168,0,0,1,2024-08-26
a04Qk000004D2mT,Field,AL,35235,Birmingham,3504 Vann Rd Ste 100,4276902906,Sydney Gomez,Detail Only,HCP Meal,"['Neurexa', 'RxProgram', 'Zemlora']",Cameron Parker,765822,1,1,1,2024-08-29
a04Qk000004FS1i,Field,AL,35235,Birmingham,3504 Vann Rd Ste 100,4276902906,Sydney Gomez,Detail Only,Office Visit (no prescriber contact),"['Neurexa', 'RxProgram', 'Zemlora']",Sara Johnston,234628,1,0,1,2024-09-03
a04Qk000004D24v,Field,TX,77598,Webster,16 Professional Park Dr,4278780047,Michael Young,Detail Only,Virtual Call with HCP,"['Trivaxa', 'Neurexa', 'RxProgram']",Joann Ferguson,238890,1,0,0,2024-08-30
a04Qk000004DgiH,Field,OH,45342,Miamisburg,9049 N Springboro Pike,4287031554,Laura Williams,Detail Only,HCP Meal,"['Neurexa', 'RxProgram', 'Zemlora', 'Trivaxa']",Christopher Bass,766563,1,0,1,2024-09-01
a04Qk000004Gzej,Field,GA,30046,Lawrenceville,595 Hurricane Shoals Rd NW Ste 300,4287490143,Kristina Ellis,Detail Only,Face-to-Face with HCP,"['Neurexa', 'RxProgram', 'Zemlora']",Daniel Kane,677057,0,0,0,2024-09-06
a04Qk0000046Js5,Field,GA,30068,Marietta,1121 Johnson Ferry Rd Ste 220,4294808536,Jonathan Miller,Detail Only,Office Visit (no prescriber contact),"['Neurexa', 'RxProgram', 'Zemlora', 'Trivaxa']",Briana Murray,665427,1,1,1,2024-08-24
a04Qk000004Bz5t,Field,GA,30068,Marietta,1121 Johnson Ferry Rd Ste 220,4294808536,Jonathan Miller,Detail Only,Office Visit (no prescriber contact),"['Neurexa', 'RxProgram', 'Zemlora', 'Trivaxa']",Madison Weber,723398,0,1,0,2024-08-30
a04Qk000004AoFl,Field,IA,50266,West Des Moines,2900 Westown Pkwy Ste 130,4297607195,Cathy West,Detail Only,HCP Meal,"['Neurexa', 'RxProgram', 'Zemlora']",Margaret Coleman,704201,0,1,0,2024-08-29
a04Qk000004B1Cz,Field,IL,60048,Libertyville,1860 W Winchester Rd Ste 106,4298265101,Jackson Tran,Detail Only,Office Visit (no prescriber contact),"['Neurexa', 'RxProgram', 'Zemlora']",Jeffery Ortega,509386,0,0,0,2024-08-29
a04Qk000004CGbN,Field,KY,40241,Louisville,9710 Park Plaza Ave Unit 107,4299776037,Marvin Williams,Detail Only,HCP Meal,"['Zemlora', 'Neurexa', 'RxProgram', 'Trivaxa']",Bryan Herrera,308573,1,0,1,2024-08-30
a04Qk000004BvYX,Field,IL,60201,Evanston,501 Davis St,4300920697,Patricia Adams,Detail Only,HCP Meal,"['Neurexa', 'RxProgram', 'Zemlora']",Mary Escobar,237235,1,0,0,2024-08-30
a04Qk00000458p3,Field,LA,70506,Lafayette,1921 Dulles Dr,4303644694,Joseph Castillo,Detail Only,Office Visit (no prescriber contact),"['Zemlora', 'XR-ODT']",Marc Moore,356702,0,0,1,2024-08-24
a04Qk000004AujN,Field,TX,77030,Houston,6621 Fannin St Ste A2210,4306529532,Edward Harper,Detail Only,Office Visit (no prescriber contact),"['Trivaxa', 'Neurexa', 'RxProgram']",Bailey Duran DDS,217301,0,0,1,2024-08-29
a04Qk000004B8ZR,Field,TX,77379,Spring,8111 Cypresswood Dr Ste 104,4306529532,Edward Harper,Detail Only,Face-to-Face with HCP,"['Neurexa', 'RxProgram', 'Zemlora', 'Trivaxa']",Spencer Haynes,287330,0,1,1,2024-08-29
a04Qk000004AOYE,Field,MI,49301,Ada,7128 Fulton St E,4306984958,Kimberly Decker,Detail Only,Office Visit (no prescriber contact),"['Neurexa', 'RxProgram', 'Trivaxa', 'Zemlora']",Shelia Wallace,639131,0,0,1,2024-09-02
a04Qk0000047TSn,Field,LA,70508,Lafayette,200 Liberty Ave,4312357612,Terry Parks,Detail Only,Office Visit (no prescriber contact),"['Zemlora', 'Neurexa', 'RxProgram']",Whitney Peters,705397,0,0,0,2024-08-25
a04Qk000004EPST,Field,LA,70508,Lafayette,200 Liberty Ave,4312357612,Terry Parks,Detail Only,Face-to-Face with HCP,"['Zemlora', 'Neurexa', 'RxProgram']",Kevin Walters,273148,0,0,1,2024-09-02
a04Qk0000045r2z,Field,TX,75069,Mckinney,1575 Heritage Dr Ste 200,4313367236,Glenda Arellano,Detail Only,HCP Meal,"['Zemlora', 'Trivaxa', 'Neurexa', 'RxProgram']",Anthony Rodriguez,671412,1,0,0,2024-08-24
a04Qk000004De29,Field,NE,68022,Elkhorn,20324 Veterans Dr Ste 104,4313827963,Cynthia Holden,Detail Only,Face-to-Face with HCP,"['Neurexa', 'RxProgram', 'Zemlora']",Trevor Johnson,542374,1,1,0,2024-09-01
a04Qk000004DEyv,Field,FL,32258,Jacksonville,13820 Old Saint Augustine Rd Ste 101,4315810843,Jennifer Hansen,Detail Only,HCP Meal,"['Neurexa', 'RxProgram', 'Zemlora', 'Trivaxa']",Carolyn Miller,608993,0,0,1,2024-09-01
a04Qk0000048QSr,Field,AL,35235,Birmingham,1976 Gadsden Hwy Ste 105,4316542026,Gerald Krause,Detail Only,HCP Meal,"['Neurexa', 'RxProgram', 'Zemlora', 'Trivaxa']",Sara Fuller,790993,0,1,1,2024-08-26
a04Qk000004B2Xs,Field,TX,77706,Beaumont,3560 Delaware St Ste 207,4317878105,Jose Powell,Detail Only,Office Visit (no prescriber contact),"['Zemlora', 'Neurexa', 'RxProgram']",Christian Leblanc,378085,0,1,1,2024-08-29
a04Qk000004Hc1l,Field,TX,77706,Beaumont,3560 Delaware St Ste 207,4317878105,Jose Powell,Detail Only,HCP Meal,"['Zemlora', 'Neurexa', 'RxProgram']",Sabrina Austin,853305,0,0,1,2024-09-06
a04Qk0000049cwb,Field,IL,60435,Joliet,210 N Hammes Ave Ste 205,4318508011,Annette Cole MD,Detail Only,Face-to-Face with HCP,"['Neurexa', 'RxProgram', 'Zemlora']",Denise Davenport,491559,1,0,0,2024-08-26
a04Qk000004HNkI,Field,WI,53177,Sturtevant,8700 Durand Ave Ste 600,4325744904,David Dean,Detail Only,HCP Meal,"['Neurexa', 'RxProgram', 'Zemlora']",Megan Orr,694731,0,0,1,2024-09-06
a04Qk0000047InV,Field,OH,43110,Canal Winchester,7750 Diley Rd Ste A,4325805804,Gina Green,Detail Only,HCP Meal,"['Zemlora', 'Trivaxa', 'Neurexa', 'RxProgram']",Donald Wright,496922,1,0,0,2024-08-26
a04Qk000004HZVJ,Field,GA,30097,Johns Creek,6290 Abbotts Bridge Rd Ste 502,4331916051,Joshua Ford,Detail Only,Face-to-Face with HCP,"['Neurexa', 'RxProgram', 'Zemlora']",Tracy Burke,830429,0,0,1,2024-09-06
a04Qk000004EJtL,Field,OH,43701,Zanesville,1066 Beverly Ave,4338821932,Veronica Carney,Detail Only,Office Visit (no prescriber contact),"['Neurexa', 'RxProgram', 'Trivaxa', 'Zemlora']",Whitney Peters,705397,0,1,0,2024-09-02
a04Qk0000046Eaf,Field,FL,34655,Trinity,1540 Little Rd Bldg E,4340319430,Stephanie Welch,Detail Only,Face-to-Face with HCP,"['Neurexa', 'RxProgram', 'Zemlora', 'Trivaxa']",Anthony Rodriguez,671412,0,0,1,2024-08-24
a04Qk000004Fojl,Field,FL,34655,Trinity,1540 Little Rd Bldg E,4340319430,Stephanie Welch,Detail Only,Face-to-Face with HCP,"['Zemlora', 'Trivaxa', 'Neurexa', 'RxProgram']",Kimberly Nguyen,324130,0,0,1,2024-09-03
a04Qk000004FeIz,Field,NJ,08080,Sewell,269 Fish Pond Rd,4350041892,Melissa Harris,Detail Only,HCP Meal,"['Zemlora', 'Trivaxa', 'Neurexa', 'RxProgram']",Matthew Moore,842225,0,0,1,2024-09-03
a04Qk0000048ztd,Field,PA,17356,Red Lion,220 Country Club Rd,4350483081,Christopher Ayala,Detail Only,Virtual Call with HCP,"['Zemlora', 'Trivaxa', 'Neurexa', 'RxProgram']",Kirk Carter,352572,0,0,1,2024-08-25
a04Qk000004I1D3,Field,PA,17356,Red Lion,220 Country Club Rd,4350483081,Christopher Ayala,Detail Only,Virtual Call with HCP,"['Zemlora', 'Neurexa', 'RxProgram', 'Trivaxa']",Melissa Brewer,755674,1,0,1,2024-09-06
a04Qk000004CLfv,Field,MD,21093,Lutherville,10457 Falls Rd,4350532590,Dawn Rodriguez,Detail Only,HCP Meal,"['Zemlora', 'Trivaxa']",Hannah Luna,346629,1,0,0,2024-08-30
a04Qk0000047HZh,Field,MA,01810,Andover,269 N Main St,4350918833,Daniel Nelson,Detail Only,Virtual Call,"['Neurexa', 'RxProgram', 'Zemlora']",Chad Scott,599948,0,0,0,2024-08-25
a04Qk000004ELqI,Field,MA,01810,Andover,269 N Main St,4350918833,Daniel Nelson,Detail Only,Virtual Call,"['Zemlora', 'Neurexa', 'RxProgram']",Jessica Garcia,174299,0,0,0,2024-09-02
a04Qk000004746E,Virtual,PA,15108,Moon Twp,1000 Commerce Dr Ste 1002,4352222052,Jonathan Kelley,Detail Only,Phone Call with Office Staff,"['Zemlora', 'Trivaxa', 'Neurexa', 'RxProgram']",Natalie Bautista,662336,0,0,0,2024-08-25
a04Qk000004Dhpd,Field,KS,67205,Wichita,3730 N Ridge Rd Ste 100,4354767876,Micheal Sullivan,Detail Only,Face-to-Face with HCP,"['Zemlora', 'Neurexa', 'RxProgram']",Christina Walters,319684,0,0,0,2024-09-01
a04Qk000004CaOn,Field,KY,40222,Louisville,2327 Lime Kiln Ln,4362414583,Joseph Allison,Detail Only,HCP Meal,"['Neurexa', 'RxProgram', 'Zemlora', 'Trivaxa']",Jennifer Adkins,757924,1,0,1,2024-08-30
a04Qk000004DFJt,Virtual,LA,70115,New Orleans,3705 Coliseum St,4363233982,Dennis Daniels,Detail Only,Phone Call with Clinical Staff,"['Zemlora', 'Neurexa', 'RxProgram']",Amy Silva,172933,1,0,1,2024-09-01
a04Qk000004Dg8n,Field,NC,27518,Cary,530 New Waverly Pl Ste 314,4363576545,Michael Barron,Detail Only,Office Visit (no prescriber contact),"['Zemlora', 'XR-ODT']",Ana Hill,604740,0,1,0,2024-09-01
a04Qk000004789p,Field,IA,50266,West Des Moines,6010 Mills Civic Pkwy Ste 200,4368602706,Stephen David,Detail Only,Face-to-Face with HCP,"['Neurexa', 'RxProgram', 'Zemlora']",John Young,354801,0,0,1,2024-08-25
a04Qk000004BvOr,Field,GA,31901,Columbus,2000 16th Ave,4369248086,Tara Marquez,Detail Only,Face-to-Face with HCP,"['Zemlora', 'Neurexa', 'RxProgram']",John Whitehead,802729,0,1,0,2024-08-30
a04Qk0000048Vab,Field,NC,28403,Wilmington,1914 Glen Meade Rd,4373285409,Steven Adams,Detail Only,Office Visit (no prescriber contact),"['Neurexa', 'RxProgram', 'Zemlora', 'Trivaxa']",Christopher Rubio,688637,0,0,1,2024-08-26
a04Qk000004AXQE,Field,NC,28403,Wilmington,1914 Glen Meade Rd,4373285409,Steven Adams,Detail Only,Face-to-Face with HCP,"['Neurexa', 'RxProgram', 'Zemlora', 'Trivaxa']",Melissa Brewer,755674,0,0,1,2024-08-29
a04Qk000004FsIj,Field,FL,32819,Orlando,6001 Vineland Rd Ste 109,4373529050,Michael Sherman,Detail Only,Face-to-Face with HCP,"['Zemlora', 'Trivaxa']",Stephanie Manning,711878,1,0,1,2024-09-03
a04Qk0000047DUU,Virtual,MS,39157,Ridgeland,201 Northlake Ave Ste 207,4379808004,William Wilkerson,Detail Only,Fax to HCP Office,"['Zemlora', 'Trivaxa', 'Neurexa', 'RxProgram']",Victor Baker,913694,0,0,1,2024-08-25
a04Qk000004AxPV,Field,GA,30121,Cartersville,12 Medical Dr NE,4379840708,Christine Orozco,Detail Only,Face-to-Face with HCP,"['Neurexa', 'RxProgram', 'Zemlora']",Brittany Farmer,267414,0,0,1,2024-08-29
a04Qk000004AoHN,Field,SC,29464,Mt Pleasant,1400 Hospital Dr,4380581962,Brooke Cole,Detail Only,Office Visit (no prescriber contact),"['Zemlora', 'Neurexa', 'RxProgram']",Cassandra Gaines,895667,1,0,0,2024-08-26
a04Qk000004C3cY,Virtual,LA,70810,Baton Rouge,10101 Park Rowe Ave Ste 200,4381206425,Samuel Sparks,Detail Only,Phone Call with Clinical Staff,"['Zemlora', 'Neurexa', 'RxProgram']",Sharon Cherry,271339,0,0,1,2024-08-30
a04Qk0000048kUn,Field,KY,40218,Louisville,3430 Newburg Rd Ste 210,4381354167,Samuel Gillespie,Detail Only,Face-to-Face with HCP,"['Neurexa', 'RxProgram', 'Zemlora']",Dana Martinez,947272,0,0,1,2024-08-26
a04Qk000004DNPV,Virtual,NJ,07670,Tenafly,32 Franklin St,4382581419,Kayla Hernandez,Detail Only,Phone Call with Office Staff,['Lexcura/Cymbrin/Multi-Vi-Flor'],Matthew Moore,842225,0,0,1,2024-09-01
a04Qk0000047NFJ,Field,TN,37922,Knoxville,125 Huxley Rd,4383610135,Justin Campbell,Detail Only,Office Visit (no prescriber contact),"['Trivaxa', 'Zemlora', 'Neurexa', 'RxProgram']",Tommy Walter,127824,0,0,1,2024-08-25
a04Qk000004FuIv,Field,MO,63368,O Fallon,20 Progress Point Pkwy Ste 220,4386165445,Jennifer Holmes,Detail Only,Face-to-Face with HCP,"['Trivaxa', 'Neurexa', 'RxProgram']",Tamara Davis,294851,0,0,0,2024-09-02
a04Qk000004EwbJ,Field,KS,67214,Wichita,855 N Hillside St,4386680903,Leslie Hooper,Detail Only,Face-to-Face with HCP,"['Neurexa', 'RxProgram', 'Zemlora', 'Trivaxa']",Lori Guerrero,189814,0,0,1,2024-09-02
a04Qk000004Fjgs,Field,IL,60585,Plainfield,24600 W 127th St Bldg B Ste 345,4388868329,Stephanie Elliott,Detail Only,Face-to-Face with HCP,"['Neurexa', 'RxProgram', 'Zemlora', 'Trivaxa']",Carrie Wright,802258,1,0,0,2024-09-03
a04Qk000004GzZt,Virtual,LA,70810,Baton Rouge,17732 Highland Rd Ste G-110,4395947219,William Powell,Detail Only,Fax to HCP Office,"['Zemlora', 'Neurexa', 'RxProgram']",Connie Lawrence,356787,0,0,0,2024-09-06
a04Qk0000047PkB,Field,MD,21204,Towson,120 Sister Pierre Dr Ste 403,4396602162,Kathryn Miller,Detail Only,Virtual Call with HCP,"['Zemlora', 'XR-ODT']",Ana Hill,604740,1,0,1,2024-08-25
a04Qk000004EmTt,Field,MD,21043,Ellicott City,3691 Park Ave Ste 9,4396602162,Kathryn Miller,Detail Only,Virtual Call with HCP,"['Neurexa', 'RxProgram']",Jason Stein,892495,0,1,1,2024-09-02
a04Qk000004AbSD,Field,AZ,85260,Scottsdale,14301 N 87th St Ste 112,4398876136,Alexander Lewis,Detail Only,Office Visit (no prescriber contact),"['Neurexa', 'RxProgram', 'Zemlora', 'Trivaxa']",Sandra Drake,656926,0,0,0,2024-08-29
a04Qk000004Fxa9,Field,TX,78734,Lakeway,401 Ranch Road 620 S Ste 210,4399067308,Rachel Moore,Detail Only,Face-to-Face with HCP,"['Trivaxa', 'Zemlora', 'Neurexa', 'RxProgram']",Elizabeth Kelley,852787,0,1,1,2024-09-03
a04Qk000004Dhkn,Field,KS,67205,Wichita,6837 W 37th St N,4402190738,Randall Carter,Detail Only,HCP Meal,"['Neurexa', 'RxProgram', 'Zemlora']",Charles Shah,360735,1,0,1,2024-09-01
a04Qk0000047Ht3,Field,GA,31005,Bonaire,104 Bluff Chase Ste A,4406767017,Brandon Rogers,Detail Only,Face-to-Face with HCP,"['Neurexa', 'RxProgram', 'Zemlora']",Mr. Andrew Foster,152578,1,1,1,2024-08-25
a04Qk00000478Ef,Field,GA,31904,Columbus,3934 Woodruff Rd,4408031457,Thomas Allison,Detail Only,Virtual Call with HCP,"['Neurexa', 'RxProgram', 'Zemlora']",Matthew Foster,688508,0,0,0,2024-08-25
a04Qk000004DYXq,Field,GA,31904,Columbus,2001 Brookstone Centre Pkwy,4416886661,Michael Mccullough,Detail Only,Face-to-Face with HCP,"['Neurexa', 'RxProgram', 'Zemlora']",Zachary Hicks,835392,0,0,1,2024-08-30
a04Qk0000047XrN,Field,TX,77584,Pearland,12234 Shadow Creek Pkwy Ste 104,4419766792,Cheryl Ramirez,Detail Only,HCP Meal,"['Trivaxa', 'Neurexa', 'RxProgram']",Samantha Garcia,407757,1,1,1,2024-08-25
a04Qk000004FbGH,Field,IL,60521,Hinsdale,120 E Ogden Ave Ste 220,4419944991,Troy Williams,Detail Only,Face-to-Face with HCP,"['Neurexa', 'RxProgram', 'Zemlora', 'Trivaxa']",Erin Warner,632323,0,0,0,2024-09-03
a04Qk000004FURh,Field,GA,30005,Alpharetta,3255 N Point Pkwy Ste 202,4421039773,Linda Pearson,Detail Only,Face-to-Face with HCP,"['Neurexa', 'RxProgram', 'Zemlora', 'Trivaxa']",Angelica Tucker,263032,0,0,1,2024-09-01
a04Qk000004BwpZ,Field,FL,32003,Fleming Island,1747 Baptist Clay Dr Ste 110,4424637244,Jaime King,Detail Only,Face-to-Face with HCP,"['Neurexa', 'RxProgram', 'Zemlora', 'Trivaxa']",Justin Baker,850800,0,0,0,2024-08-30
a04Qk00000478cr,Field,NY,11758,Massapequa,5550 Merrick Rd Ste 202,4426539684,Luis Thomas,Detail Only,HCP Meal,"['Neurexa', 'RxProgram', 'Zemlora']",Michael Wang,855731,1,0,1,2024-08-25
a04Qk000004EqMD,Field,MI,49418,Grandville,2845 44th St SW Ste 200,4427794674,Jesse Cunningham,Detail Only,Office Visit (no prescriber contact),"['Trivaxa', 'Zemlora', 'Neurexa', 'RxProgram']",Heather Fields,198907,0,1,1,2024-09-02
a04Qk0000048zIX,Field,FL,32503,Pensacola,3298 Summit Blvd Ste 39,4430311165,Beverly Johnson,Detail Only,HCP Meal,"['Zemlora', 'Neurexa', 'RxProgram']",Thomas Atkins,159642,0,0,1,2024-08-26
a04Qk000004DhjB,Field,FL,33759,Clearwater,2454 N McMullen Booth Rd Ste 501 502 503 504,4435267844,Jason Mann,Detail Only,HCP Meal,"['Neurexa', 'RxProgram', 'Zemlora', 'Trivaxa']",Bryan Herrera,308573,0,1,0,2024-09-01
a04Qk0000045pKa,Field,FL,32765,Oviedo,650 S Central Ave Ste 1000,4436884389,Bryan Avila,Detail Only,Face-to-Face with HCP,"['Zemlora', 'XR-ODT']",Erica Alvarez,431737,1,0,1,2024-08-24
a04Qk000004Ao7i,Field,FL,32765,Oviedo,650 S Central Ave Ste 1000,4436884389,Bryan Avila,Detail Only,Face-to-Face with HCP,"['Zemlora', 'XR-ODT']",Joyce Solis,375504,0,0,1,2024-08-29
a04Qk000004D2bB,Field,AL,35244,Hoover,3000 Riverchase Galleria Ste 500,4437924978,Lori Johnson,Detail Only,HCP Meal,"['Neurexa', 'RxProgram', 'Zemlora']",Theresa Clark,422451,0,0,0,2024-08-29
a04Qk000004AGSb,Field,FL,32246,Jacksonville,9822 Tapestry Park Cir Ste 206,4438708951,Jennifer Moreno,Detail Only,Office Visit (no prescriber contact),"['Neurexa', 'RxProgram', 'Zemlora']",Joann Ferguson,238890,1,1,1,2024-08-29
a04Qk000004CWD7,Field,MO,63109,Saint Louis,6526 Lansdowne Ave,4438802190,Ryan Phillips,Detail Only,Face-to-Face with HCP,"['Trivaxa', 'Neurexa', 'RxProgram']",Connor West,230889,0,0,1,2024-08-30
a04Qk000004CMFP,Field,FL,34953,Port Saint Lucie,466 SW Port St Lucie Blvd Ste 116,4443368418,Ralph Fernandez,Detail Only,Virtual Call,"['Zemlora', 'Neurexa', 'RxProgram', 'Trivaxa']",Jenna Larson,414569,0,0,0,2024-08-30
a04Qk0000046FLR,Field,FL,34683,Palm Harbor,2843 Alt 19,4444450608,Kyle Kramer,Detail Only,Face-to-Face with HCP,"['Neurexa', 'RxProgram', 'Zemlora', 'Trivaxa']",Kerry Chavez DDS,520521,0,1,0,2024-08-24
a04Qk000004FpCn,Field,FL,34683,Palm Harbor,2843 Alt 19,4444450608,Kyle Kramer,Detail Only,Face-to-Face with HCP,"['Neurexa', 'RxProgram', 'Zemlora', 'Trivaxa']",Robert Montgomery,992697,0,0,0,2024-09-03
a04Qk000004FSCz,Field,OH,45701,Athens,5 Charles St,4445091696,Benjamin Alvarado,Detail Only,Office Visit (no prescriber contact),"['Neurexa', 'RxProgram', 'Zemlora', 'Trivaxa']",Cristian Santos,388389,0,0,1,2024-09-03
a04Qk000004DiIf,Field,FL,32571,Pace,4262 Woodbine Rd,4445961060,Evelyn Sellers,Detail Only,Office Visit (no prescriber contact),"['Zemlora', 'Neurexa', 'RxProgram']",Kirk Carter,352572,1,0,1,2024-09-01
a04Qk000004HfSg,Field,FL,32571,Pace,4262 Woodbine Rd,4445961060,Evelyn Sellers,Detail Only,Office Visit (no prescriber contact),"['Neurexa', 'RxProgram', 'Zemlora']",Jose Schultz,514850,0,0,0,2024-09-06
a04Qk000004C0OY,Field,OH,43081,Westerville,15 Bishop Dr Ste 203,4446046051,George Vasquez,Detail Only,Office Visit (no prescriber contact),"['Neurexa', 'RxProgram', 'Zemlora', 'Trivaxa']",Aimee Turner,712554,0,0,0,2024-08-30
a04Qk000004EKHV,Field,TN,37412,Chattanooga,929 Spring Creek Rd Ste 206,4452008167,Carrie Garza,Detail Only,Face-to-Face with HCP,"['Zemlora', 'Trivaxa', 'Neurexa', 'RxProgram']",Gerald Hensley,662275,0,1,0,2024-09-02
a04Qk000004DOmz,Field,GA,30281,Stockbridge,1045 Southcrest Dr Ste 110,4456947197,James Le,Detail Only,Face-to-Face with HCP,"['Neurexa', 'RxProgram', 'Norexel']",Robin Santiago,431535,1,0,0,2024-09-01
a04Qk000004Fxgb,Field,TX,78749,Austin,5301 Davis Ln Building A Ste 200,4459876690,Teresa Ramsey,Detail Only,HCP Meal,"['Trivaxa', 'Zemlora', 'Neurexa', 'RxProgram']",Nathan Malone,170674,0,1,0,2024-09-02
a04Qk000004EMSz,Field,NE,68516,Lincoln,3540 Village Dr Ste 100,4460253323,Mark Horn,Detail Only,Face-to-Face with HCP,"['Neurexa', 'RxProgram', 'Zemlora']",Thomas Atkins,159642,0,0,1,2024-09-02
a04Qk0000048vBh,Field,KS,66227,Lenexa,23551 Prairie Star Pkwy Ste A245,4460955907,Mark Garcia,Detail Only,Virtual Call,"['Neurexa', 'RxProgram', 'Zemlora']",Jessica Garcia,174299,0,0,1,2024-08-26
a04Qk000004BtbZ,Field,SC,29072,Lexington,122 Powell Dr,4462334185,John Leonard,Detail Only,Office Visit (no prescriber contact),"['Zemlora', 'Neurexa', 'RxProgram', 'Trivaxa']",Matthew Moore,842225,0,1,1,2024-08-30
a04Qk0000045unF,Virtual,NY,11787,Smithtown,300 E Main St Ste 4&5,4465837382,Stephanie Brown,Detail Only,Phone Call with Office Staff,['Lexcura/Cymbrin/Multi-Vi-Flor'],Isaiah Avila,865388,0,0,1,2024-08-24
a04Qk0000047DJB,Field,NY,11788,Hauppauge,150 Motor Pkwy Ste 401,4469524137,Michael Olson,Detail Only,Office Visit (no prescriber contact),"['Neurexa', 'RxProgram', 'Zemlora', 'Trivaxa']",Allison Hickman,610311,0,0,1,2024-08-25
a04Qk000004DVi1,Field,NY,11788,Hauppauge,150 Motor Pkwy Ste 401,4469524137,Michael Olson,Detail Only,Face-to-Face with HCP,"['Neurexa', 'RxProgram', 'Zemlora', 'Trivaxa']",Andrew Reynolds,903035,1,1,0,2024-09-01
a04Qk000004B8ft,Field,TX,77450,Katy,633 E Fernhurst Dr Ste 304,4471259076,Mary Martinez,Detail Only,Face-to-Face with HCP,"['Neurexa', 'RxProgram', 'Zemlora', 'Trivaxa']",Chad Scott,599948,1,1,0,2024-08-29
a04Qk000004DNJ3,Virtual,LA,70806,Baton Rouge,3140 Florida St,4471677305,Charles Hill,Detail Only,Fax to HCP Office,"['Zemlora', 'Trivaxa', 'Neurexa', 'RxProgram']",Gwendolyn Klein,314181,0,0,0,2024-09-01
a04Qk000004B2Dt,Field,IL,60044,Lake Bluff,917 Sherwood Dr Ste 100,4475706656,Anthony Moore,Detail Only,Office Visit (no prescriber contact),"['Neurexa', 'RxProgram', 'Zemlora', 'Trivaxa']",Sophia Johnson,204837,0,0,1,2024-08-29
a04Qk00000469zB,Field,IA,51101,Sioux City,600 4th St Ste 501,4478081465,Eugene Mullen,Detail Only,HCP Meal,"['Neurexa', 'RxProgram', 'Zemlora']",Anna Henderson,379946,1,0,1,2024-08-24
a04Qk00000469zB,Field,IA,51101,Sioux City,600 4th St Ste 501,4478081465,Eugene Mullen,Detail Only,HCP Meal,"['Neurexa', 'RxProgram', 'Zemlora']",Anna Henderson,379946,1,0,1,2024-08-24
a04Qk000004C42M,Field,MA,01863,North Chelmsford,73 Princeton St Ste 304,4478134632,Madison Lopez,Detail Only,Office Visit (no prescriber contact),"['Neurexa', 'RxProgram', 'Zemlora']",John Whitehead,802729,0,1,0,2024-09-02
a04Qk0000047Hpp,Field,RI,02886,Warwick,"469 Centerville Road, Suite 105",4480264229,Melanie Bell,Detail Only,Office Visit (no prescriber contact),"['Neurexa', 'RxProgram', 'Zemlora']",Robin Young,523389,0,0,0,2024-08-25
a04Qk0000048vZu,Field,TX,77058,Houston,1110 Nasa Pkwy Ste 620,4481571888,Jacqueline Anderson,Detail Only,Face-to-Face with HCP,"['Zemlora', 'Neurexa', 'RxProgram']",Yvonne Chambers,791798,0,0,1,2024-08-26
a04Qk000004AOGT,Field,FL,33606,Tampa,1919 W Swann Ave Fl 3,4483483878,Mary Ross,Detail Only,Face-to-Face with HCP,"['Zemlora', 'Neurexa', 'RxProgram', 'Trivaxa']",Nathan Malone,170674,1,0,1,2024-08-29
a04Qk000004Bz4H,Field,GA,30068,Marietta,1121 Johnson Ferry Rd Ste 220,4483671438,Jenny Coleman,Detail Only,Office Visit (no prescriber contact),"['Neurexa', 'RxProgram', 'Zemlora', 'Trivaxa']",Kristen Davis,518373,0,1,1,2024-08-30
a04Qk000004EaUk,Field,TX,75093,Plano,6404 International Pkwy Ste 1010,4488834180,Andrew Francis,Detail Only,HCP Meal,"['Zemlora', 'Trivaxa', 'Neurexa', 'RxProgram']",Sara Fuller,790993,0,0,1,2024-09-02
a04Qk000004Bv2H,Field,OH,45014,Fairfield,5502 Dixie Hwy,4489485891,Matthew Paul,Detail Only,Virtual Call with HCP,"['Neurexa', 'RxProgram', 'Zemlora', 'Trivaxa']",Stephen Mckee,174870,0,1,0,2024-08-30
a04Qk0000047aIz,Field,AL,35801,Huntsville,219 Longwood Dr SW,4491272254,Lindsay Romero,Detail Only,HCP Meal,"['Neurexa', 'RxProgram', 'Zemlora']",Natalie Bautista,662336,1,1,0,2024-08-25
a04Qk000004CgM9,Field,GA,30101,Acworth,4550 Cobb Pkwy N NW Ste 201A,4498658928,Janet Ramirez,Detail Only,Virtual Call,"['Neurexa', 'RxProgram', 'Zemlora']",Jeremy Reed,698782,0,0,1,2024-08-30
a04Qk000004DiH3,Field,AZ,85206,Mesa,4540 E Baseline Rd Ste 108,4499775777,Carrie Kelly,Detail Only,Face-to-Face with HCP,"['Neurexa', 'RxProgram', 'Zemlora', 'Trivaxa']",Travis Tucker,580547,0,0,1,2024-09-01
a04Qk000004Eaan,Field,MO,63385,Wentzville,105 Creekside Office Dr,4503066305,Gary Montgomery,Detail Only,Face-to-Face with HCP,"['Trivaxa', 'Neurexa', 'RxProgram']",Alexander Collins,663054,0,0,1,2024-09-01
a04Qk000004B0vF,Field,NC,27455,Greensboro,3625 N Elm St Ste 110,4504591375,Gregory Williams,Detail Only,Face-to-Face with HCP,"['Zemlora', 'Neurexa', 'RxProgram']",Jordan Chambers,163556,1,0,1,2024-09-02
a04Qk0000045oLF,Field,FL,32073,Orange Park,1700 Wells Rd Ste 24,4508948147,Donald Sanchez,Detail Only,Office Visit (no prescriber contact),"['Neurexa', 'RxProgram', 'Zemlora']",Victoria Garcia,581741,0,0,1,2024-08-24
a04Qk000004AiYY,Field,GA,30120,Cartersville,17 Collins Dr,4509599030,Laura Lin,Detail Only,Office Visit (no prescriber contact),"['Neurexa', 'RxProgram', 'Zemlora']",Diana May,440035,0,0,0,2024-08-29
a04Qk0000045gyn,Field,OH,43210,Columbus,1670 Upham Dr Ste 130,4513224429,Robert Jenkins,Detail Only,Virtual Call,"['Neurexa', 'RxProgram', 'Zemlora', 'Trivaxa']",Sherry Decker,456778,0,0,1,2024-08-24
a04Qk0000047KXZ,Field,NY,11787,Smithtown,363 Route 111 Ste 103,4514916405,Amy Benson,Detail Only,Virtual Call with HCP,"['Neurexa', 'RxProgram', 'Zemlora', 'Trivaxa']",Shannon Jones,460663,0,0,1,2024-08-25
a04Qk0000048Fij,Field,SC,29169,West Columbia,3240 Sunset Blvd,4517007679,Mr. Robert Murphy PhD,Detail Only,Office Visit (no prescriber contact),"['Trivaxa', 'Neurexa', 'RxProgram', 'Zemlora']",Jason Powell,169403,0,1,1,2024-08-26
a04Qk0000048vJl,Field,KS,67206,Wichita,1855 N Webb Rd,4523048710,Jaime Nelson,Detail Only,Face-to-Face with HCP,"['Neurexa', 'RxProgram', 'Zemlora']",Jose Travis,665492,0,1,0,2024-08-26
a04Qk000004Deuz,Field,NY,11746,DIX Hills,6 Hemingway Dr,4529513570,Jacob Fleming,Detail Only,Office Visit (no prescriber contact),"['Neurexa', 'RxProgram', 'Zemlora', 'Trivaxa']",Angela Lin,789305,0,0,1,2024-09-01
a04Qk000004HBxd,Field,NY,11530,Garden City,1399 Franklin Ave,4533368311,Mary Douglas,Detail Only,Office Visit (no prescriber contact),"['Neurexa', 'RxProgram', 'Zemlora', 'Trivaxa']",Yvonne Burns,335612,0,0,1,2024-09-06
a04Qk000004LZbZ,Field,IL,60564,Naperville,2948 Artesian Rd Ste 112,4534998539,Kevin Mosley,Detail Only,Face-to-Face with HCP,"['Neurexa', 'RxProgram', 'Trivaxa', 'Zemlora']",Victor Baker,913694,0,0,1,2024-09-06
a04Qk000004EO2c,Field,NC,27613,Raleigh,8304 Creedmoor Rd,4537005034,Andrea Hansen,Detail Only,Office Visit (no prescriber contact),"['Zemlora', 'Neurexa', 'RxProgram']",Paula Moreno,832052,0,0,0,2024-09-02
a04Qk0000045niX,Virtual,LA,70548,Kaplan,13705 Marion Dr,4537012865,Andrea Arnold,Detail Only,Phone Call with Clinical Staff,"['Zemlora', 'Neurexa', 'RxProgram']",Gary Jackson,171262,0,0,1,2024-08-24
a04Qk000004ArC2,Field,IL,60189,Wheaton,1725 S Naperville Rd Ste 206,4541805732,Jacqueline Robertson,Detail Only,Face-to-Face with HCP,"['Neurexa', 'RxProgram', 'Zemlora']",Tamara Davis,294851,0,0,0,2024-08-29
a04Qk000004CUsr,Field,LA,70503,Lafayette,437 Heymann Blvd,4543017876,Melinda Maldonado,Detail Only,HCP Meal,"['Zemlora', 'Neurexa', 'RxProgram', 'Trivaxa', 'Norexel']",Robert Harrison,465962,0,0,1,2024-08-30
a04Qk000004Df4f,Virtual,NY,11021,Great Neck,225 Community Dr Ste 105,4546591075,Heidi Nicholson,Detail Only,Phone Call with Office Staff,['Lexcura/Cymbrin/Multi-Vi-Flor'],Alyssa Day,166613,0,0,0,2024-09-01
a04Qk0000047TpN,Virtual,NY,11756,Levittown,636 Wantagh Ave,4550727864,Krista Perkins,Detail Only,Phone Call with Office Staff,['Lexcura/Cymbrin/Multi-Vi-Flor'],Donald Wright,496922,1,0,1,2024-08-25
a04Qk000004IoAX,Field,MA,01583,West Boylston,360 W Boylston St Rm 207,4552462452,Cassandra Ross,Detail Only,Office Visit (no prescriber contact),"['Neurexa', 'RxProgram', 'Zemlora', 'Trivaxa']",Daniel Kennedy,787277,0,0,1,2024-09-06
a04Qk000004DlJm,Field,VA,23113,Midlothian,14410 Sommerville Ct Ste 101,4554894031,Jennifer Rhodes,Detail Only,HCP Meal,"['Neurexa', 'RxProgram', 'Zemlora']",Lisa Hunter,712024,1,0,1,2024-09-01
a04Qk000004FbZe,Field,PA,18034,Center Valley,5425 Lanark Rd Ste 200,4556475448,Tamara White,Detail Only,Face-to-Face with HCP,"['Zemlora', 'Trivaxa', 'Neurexa', 'RxProgram']",Mr. Andrew Foster,152578,0,1,1,2024-09-03
a04Qk0000048vA5,Field,IL,60601,Chicago,333 N Michigan Ave Ste 1400,4559463453,Brett Wells,Detail Only,HCP Meal,"['Neurexa', 'RxProgram', 'Zemlora']",Christopher Guerra,663750,1,0,1,2024-08-25
a04Qk000004DmcP,Field,SC,29860,North Augusta,140 Allen Ct,4567177736,Steven Chaney,Detail Only,Office Visit (no prescriber contact),"['Trivaxa', 'Zemlora', 'Neurexa', 'RxProgram']",Lawrence Adkins,220116,0,0,1,2024-08-29
a04Qk000004EwZh,Field,TX,75071,Mckinney,6587 Virginia Pkwy,4567870260,Adam Wilson,Detail Only,Office Visit (no prescriber contact),"['Zemlora', 'Trivaxa', 'Neurexa', 'RxProgram']",Jasmin Alvarado,341292,1,0,1,2024-09-02
a04Qk0000046zph,Virtual,OK,73120,Oklahoma City,11101 Hefner Pointe Dr Ste 105,4569816600,Samantha Macdonald,Detail Only,Phone Call with Office Staff,"['Zemlora', 'Trivaxa', 'Neurexa', 'RxProgram']",Denise Jacobs,472528,0,0,0,2024-08-25
a04Qk000004Fcqf,Field,AZ,85282,Tempe,3200 S George Dr,4571462304,Kevin Rosario,Detail Only,Office Visit (no prescriber contact),"['Neurexa', 'RxProgram', 'Trivaxa']",David Davis,231869,0,1,1,2024-09-03
a04Qk000004G51R,Field,NJ,07712,Ocean,804 W Park Ave,4571571244,Lisa Robinson,Detail Only,Office Visit (no prescriber contact),"['Neurexa', 'RxProgram', 'Zemlora', 'Trivaxa']",Ashley Hicks,808011,0,0,0,2024-09-02
a04Qk000004Dn8f,Field,FL,32570,Milton,5441 Berryhill Rd,4574535215,Julie Lewis,Detail Only,Office Visit (no prescriber contact),"['Zemlora', 'Neurexa', 'RxProgram']",Travis Tucker,580547,1,0,1,2024-09-01
a04Qk000004Dkdq,Field,TX,77598,Webster,16 Professional Park Dr,4582138727,Jared Clark,Detail Only,Office Visit (no prescriber contact),"['Trivaxa', 'Neurexa', 'RxProgram']",Robin Santiago,431535,1,0,0,2024-09-01
a04Qk000004C0GT,Virtual,TN,38117,Memphis,4850 Cole Rd,4585644889,Samuel Parker,Detail Only,Phone Call with Office Staff,"['Zemlora', 'Trivaxa', 'Neurexa', 'RxProgram']",Matthew Moon,676510,0,1,0,2024-08-30
a04Qk0000047Vsn,Field,AZ,85207,Mesa,7165 E University Dr Ste 101,4586446515,Pamela Hunt,Detail Only,Office Visit (no prescriber contact),"['Neurexa', 'RxProgram', 'Zemlora', 'Trivaxa']",Timothy Romero,226882,1,0,1,2024-08-25
a04Qk0000048Q1R,Field,FL,32746,Lake Mary,385 Waymont Ct,4588070584,Samantha Phillips,Detail Only,Face-to-Face with HCP,"['Zemlora', 'XR-ODT']",Phillip Nelson,974244,0,1,1,2024-08-26
a04Qk000004FsAf,Field,FL,32746,Lake Mary,385 Waymont Ct,4588070584,Samantha Phillips,Detail Only,Face-to-Face with HCP,"['Zemlora', 'XR-ODT']",Tracy Ballard,777568,1,1,1,2024-09-03
a04Qk0000048rCv,Field,TX,75082,Richardson,2150 Lakeside Blvd Ste 100,4588607097,Vanessa Cooper,Detail Only,Office Visit (no prescriber contact),"['Zemlora', 'Neurexa', 'RxProgram']",David Martinez,738551,1,1,1,2024-08-26
a04Qk000004DJwz,Field,NY,10022,New York,30 E 60th St Rm 2403,4592266620,Marc Parks,Detail Only,Office Visit (no prescriber contact),"['Neurexa', 'RxProgram', 'Zemlora']",Ariana Jennings,392075,0,0,1,2024-09-01
a04Qk00000385Qb,Field,NY,10022,New York,30 E 60th St Rm 2403,4592266620,Marc Parks,Detail Only,HCP Meal,"['Neurexa', 'RxProgram', 'Zemlora']",Elizabeth Oliver DDS,945964,0,0,1,2024-09-06
a04Qk0000045ntp,Field,FL,33175,Miami,11760 Bird Rd Ste 539,4593456443,Joseph Mendoza,Detail Only,HCP Meal,"['Zemlora', 'Neurexa', 'RxProgram']",Sergio Knight,411120,0,0,0,2024-08-24
a04Qk000004D0zC,Field,TX,77479,Sugar Land,3531 Town Center Blvd S Ste 102,4602935339,Crystal Jackson,Detail Only,Office Visit (no prescriber contact),"['Zemlora', 'Neurexa', 'RxProgram']",Jason Rhodes,630458,0,1,0,2024-08-30
a04Qk000004FcU5,Field,GA,30188,Woodstock,228 Creekstone Rdg,4603304657,Brian Reed,Detail Only,Face-to-Face with HCP,"['Neurexa', 'RxProgram', 'Zemlora', 'Trivaxa']",Jessica Callahan,182627,0,0,1,2024-09-03
a04Qk000004DHvC,Field,IL,60544,Plainfield,15025 S Des Plaines St Ste 201,4605264339,Rebecca Fry,Detail Only,Face-to-Face with HCP,"['Neurexa', 'RxProgram', 'Zemlora']",Alexander Collins,663054,0,0,1,2024-09-01
a04Qk000004C6P7,Field,MA,01867,Reading,22 Woburn St Ste 32,4609107293,Michael Leach,Detail Only,Office Visit (no prescriber contact),"['Neurexa', 'RxProgram', 'Zemlora']",Kathleen Webster,358175,1,1,1,2024-08-30
a04Qk000004HtLx,Field,IA,50263,Waukee,350 E Hickman Rd,4611151657,Grace Solomon,Detail Only,Office Visit (no prescriber contact),"['Neurexa', 'RxProgram', 'Trivaxa']",Brenda Hall,634277,0,0,0,2024-09-06
a04Qk0000048p33,Field,GA,30046,Lawrenceville,170 Camden Hill Rd Ste F,4612000677,Lacey Cline,Detail Only,Face-to-Face with HCP,"['Neurexa', 'RxProgram', 'Zemlora']",Desiree Tyler,573417,0,0,1,2024-08-26
a04Qk0000048Qkb,Field,NC,27408,Greensboro,600 Green Valley Rd Ste 208,4612446526,Marc Melendez,Detail Only,Office Visit (no prescriber contact),"['Zemlora', 'Neurexa', 'RxProgram', 'Trivaxa']",Yvonne Chambers,791798,0,1,1,2024-08-26
a04Qk000004G3fb,Field,NC,27408,Greensboro,600 Green Valley Rd Ste 208,4612446526,Marc Melendez,Detail Only,Face-to-Face with HCP,"['Zemlora', 'Neurexa', 'RxProgram']",Theodore Jones Jr.,609231,1,0,0,2024-09-03
a04Qk00000470x5,Field,GA,31201,Macon,250 Martin Luther King Jr Blvd,4618807410,Lauren Gordon,Detail Only,Face-to-Face with HCP,"['Neurexa', 'RxProgram', 'Zemlora']",Ryan Rosales,559469,0,0,1,2024-08-25
a04Qk000004Ad93,Field,GA,30024,Suwanee,1325 Satellite Blvd NW Ste 400,4621589448,Kathy Cook,Detail Only,HCP Meal,"['Neurexa', 'RxProgram', 'Zemlora']",Jessica Holmes,498382,0,0,1,2024-08-29
a04Qk000004AQjh,Field,LA,70526,Crowley,621 N Avenue K,4624851438,Erika Freeman DVM,Detail Only,Office Visit (no prescriber contact),['Norexel'],Sharon Boyd,347861,1,0,1,2024-08-29
a04Qk000004Hi3x,Virtual,CA,90630,Cypress,5400 Orange Ave Ste 114,4625744230,Rebecca Knox,Detail Only,Phone Call with Office Staff,"['Zemlora', 'Neurexa', 'RxProgram']",William Barrett,595948,1,0,0,2024-09-06
a04Qk000004LZi1,Field,IL,60563,Naperville,1240 Iroquois Ave Ste 200,4626346108,Roger Ross,Detail Only,Face-to-Face with HCP,"['Zemlora', 'Neurexa', 'RxProgram']",Diane Evans,359947,0,0,1,2024-09-06
a04Qk000004Dcht,Field,KY,40220,Louisville,3044 Breckenridge Ln Ste 103,4626932834,Jerome Miller,Detail Only,Office Visit (no prescriber contact),"['Neurexa', 'RxProgram', 'Zemlora', 'Trivaxa']",Abigail Shaffer,334053,0,0,1,2024-09-01
a04Qk00000478OL,Virtual,PA,15238,Pittsburgh,1350 Old Freeport Rd Ste 1A,4629598041,James Gillespie,Detail Only,Phone Call with Office Staff,"['Zemlora', 'Trivaxa', 'Neurexa', 'RxProgram']",Anthony Moore,668532,0,0,1,2024-08-25
a04Qk000004Erer,Field,SC,29615,Greenville,142 Milestone Way,4631363582,Debra Richard,Detail Only,Office Visit (no prescriber contact),"['Zemlora', 'Neurexa', 'RxProgram', 'Trivaxa']",Nathan Malone,170674,1,0,1,2024-09-01
a04Qk000004FsCH,Field,FL,32571,Pace,4860 Woodbine Rd Suite 1&2,4633929864,Susan Thompson,Detail Only,Office Visit (no prescriber contact),"['Neurexa', 'RxProgram', 'Zemlora', 'Trivaxa']",Amber Wright,665158,0,0,1,2024-09-03
a04Qk0000046FwX,Field,OH,45230,Cincinnati,7400 Jager Ct,4638099843,Molly Martin,Detail Only,Face-to-Face with HCP,"['Neurexa', 'RxProgram', 'Zemlora', 'Trivaxa']",Angela Lin,789305,0,1,1,2024-08-24
a04Qk0000047Pgv,Field,NC,28025,Concord,280 Executive Park Dr Ste 100,4642974997,Andrew Smith,Detail Only,Virtual Call with HCP,"['Trivaxa', 'Zemlora']",Desiree Tyler,573417,0,0,0,2024-08-25
a04Qk000004C8Ir,Field,IL,60061,Vernon Hills,977 Lakeview Pkwy Ste 170,4645523747,Thomas Ruiz,Detail Only,Office Visit (no prescriber contact),"['Neurexa', 'RxProgram', 'Zemlora']",Carlos Ryan,531071,0,0,1,2024-08-30
a04Qk000004CYej,Field,AL,35768,Scottsboro,1302 S Broad St,4646798780,Karen Carr MD,Detail Only,Face-to-Face with HCP,"['Neurexa', 'RxProgram', 'Zemlora', 'Trivaxa']",Michelle Brown,617488,0,0,1,2024-08-30
a04Qk00000464oD,Field,SC,29732,Rock Hill,724 Arden Ln Ste 100,4649316083,Jeremy Guerrero,Detail Only,Office Visit (no prescriber contact),['Norexel'],Cheyenne Horton,246413,0,0,1,2024-08-24
a04Qk0000047FuT,Field,SC,29485,Summerville,709 Old Trolley Rd,4655529517,Cesar Smith,Detail Only,Face-to-Face with HCP,"['Zemlora', 'Neurexa', 'RxProgram']",Dustin Jordan,429963,0,1,0,2024-08-24
a04Qk000004FxTi,Field,KY,41017,Crestview Hills,2865 Chancellor Dr Ste 225,4655840226,Robert Hahn,Detail Only,Office Visit (no prescriber contact),"['Neurexa', 'RxProgram', 'Zemlora', 'Trivaxa']",Joann Glass,707040,0,0,0,2024-09-03
a04Qk000004DkUB,Field,VA,23114,Midlothian,13821 Village Mill Dr Ste A,4658478484,Nancy Bentley,Detail Only,Office Visit (no prescriber contact),"['Neurexa', 'RxProgram', 'Zemlora', 'Trivaxa']",Keith Jennings,946721,0,0,1,2024-09-01
a04Qk000004EHUv,Virtual,CA,91105,Pasadena,97 W Bellevue Dr,4660210833,Richard Schmidt,Detail Only,Fax to HCP Office,"['Zemlora', 'Trivaxa', 'Neurexa', 'RxProgram']",Anthony Harmon,115474,0,0,0,2024-09-02
a04Qk000004Ebrp,Field,AL,35801,Huntsville,810 Shoney Dr SW Ste 120,4660704226,Barbara Larson,Detail Only,Office Visit (no prescriber contact),"['Neurexa', 'RxProgram', 'Zemlora', 'Trivaxa']",Ashley Waller,905635,1,1,1,2024-09-02
a04Qk0000046G9R,Field,PA,19031,Flourtown,1811 Bethlehem Pike Ste A104,4664652979,Deanna Brown,Detail Only,Office Visit (no prescriber contact),"['Neurexa', 'RxProgram', 'Zemlora']",Denise Jones,329974,1,0,1,2024-08-24
a04Qk000004FaAX,Field,IN,47240,Greensburg,1809 N Lincoln St,4668274524,Amy Coleman,Detail Only,Virtual Call,"['Neurexa', 'RxProgram', 'Trivaxa', 'Zemlora']",Crystal Johnson,330283,1,0,1,2024-09-03
a04Qk000004Dm1J,Field,PA,19462,Plymouth Meeting,1000 Germantown Pike Ste H4,4671082777,Erica Clark,Detail Only,Office Visit (no prescriber contact),"['Zemlora', 'Neurexa', 'RxProgram']",Nathan Maldonado,717889,0,0,0,2024-08-30
a04Qk000004FWID,Field,GA,30009,Milton,850 Mayfield Rd Ste 203,4672657784,Lisa Maxwell,Detail Only,Office Visit (no prescriber contact),"['Neurexa', 'RxProgram', 'Zemlora']",Daniel Baker,391476,0,0,1,2024-09-03
a04Qk000004FsiX,Field,TX,76201,Denton,2530 Scripture St,4677408549,Nicholas Mendoza,Detail Only,Office Visit (no prescriber contact),"['Zemlora', 'Trivaxa', 'Neurexa', 'RxProgram']",Karen Graham,103402,1,1,0,2024-09-03
a04Qk0000047VhV,Field,KS,67226,Wichita,9825 E Shannon Wds Cir,4677699405,Crystal Barnett,Detail Only,HCP Meal,"['Neurexa', 'RxProgram', 'Zemlora', 'Trivaxa']",Robert Montgomery,992697,0,0,1,2024-08-25
a04Qk000004EnL7,Field,MI,48348,Clarkston,5715 Bella Rosa Blvd Ste 200,4678161230,Michael Cole,Detail Only,Virtual Call with HCP,"['Zemlora', 'XR-ODT']",Christina Walters,319684,0,1,1,2024-09-02
a04Qk000004EKXd,Virtual,NJ,07041,Millburn,159 Millburn Ave Ste 1,4678922313,Dominique Summers,Detail Only,Phone Call with Clinical Staff,['Lexcura/Cymbrin/Multi-Vi-Flor'],Abigail Shaffer,334053,1,0,0,2024-09-02
a04Qk0000045q5J,Virtual,LA,70722,Clinton,11990 Jackson St,4686760672,Gary Barrett,Detail Only,Fax to HCP Office,"['Zemlora', 'Trivaxa', 'Neurexa', 'RxProgram']",Whitney Peters,705397,0,0,0,2024-08-24
a04Qk000004FxlR,Field,TX,78620,Dripping Springs,2440 E Highway 290 Bldg C Ste A,4695778666,Amanda Johnson,Detail Only,Office Visit (no prescriber contact),"['Trivaxa', 'Zemlora', 'Neurexa', 'RxProgram']",Margaret Hawkins DDS,343962,1,0,1,2024-09-03
a04Qk000004Czi9,Field,FL,33607,Tampa,4107 W Spruce St Ste 100,4695900573,Matthew Macias,Detail Only,Face-to-Face with HCP,"['Neurexa', 'RxProgram', 'Zemlora', 'Trivaxa']",Jack White,109767,0,0,1,2024-08-30
a04Qk000004AW2l,Field,NY,11967,Shirley,2 Coraci Blvd Suite 13 & 14,4697814781,Claudia Greene,Detail with Sample,Face-to-Face with HCP,['Norexel'],Jennifer Adkins,757924,1,1,1,2024-08-29
a04Qk000004EqNp,Field,TX,75033,Frisco,11330 Legacy Dr Ste 301,4700273075,Ryan Davis,Detail with Sample,Face-to-Face with HCP,"['Norexel', 'Neurexa', 'RxProgram']",Patrick Thornton,680828,0,1,0,2024-09-02
a04Qk000004FRVR,Field,NJ,08053,Marlton,777 Route 70 E Ste G101,4703282484,Andrew Randall,Detail Only,HCP Meal,"['Zemlora', 'Neurexa', 'RxProgram']",Brenda Hall,634277,0,0,0,2024-09-03
a04Qk0000046I4n,Field,NC,28562,New Bern,703 Newman Rd,4704419518,Donna Stevens,Detail Only,Virtual Call with HCP,"['Neurexa', 'RxProgram', 'Zemlora', 'Trivaxa']",Brian Rodriguez,488162,1,0,1,2024-08-24
a04Qk0000048rHl,Field,TX,75075,Plano,1524 Independence Pkwy Ste A-1,4705137690,Leslie Burke,Detail Only,Office Visit (no prescriber contact),"['Zemlora', 'Trivaxa', 'Neurexa', 'RxProgram']",Dr. Hannah Patterson,456699,0,0,1,2024-08-26
a04Qk000004BrYA,Field,GA,31905,Columbus,6600 Van Aalst Blvd,4706534610,Michael Richards,Detail Only,Face-to-Face with HCP,"['Neurexa', 'RxProgram', 'Zemlora']",Whitney Peters,705397,1,0,1,2024-08-30
a04Qk000004B4yr,Field,NC,28226,Charlotte,3129 Springbank Ln Ste 100,4708933933,Lisa Shields,Detail Only,Virtual Call with HCP,"['Neurexa', 'RxProgram', 'Zemlora']",Mike Allen,996865,1,0,0,2024-08-29
a04Qk000004D2eP,Field,AL,35244,Birmingham,3000 Galleria Cir Ste 775,4711216735,Daniel Moreno,Detail Only,HCP Meal,"['Neurexa', 'RxProgram', 'Zemlora', 'Trivaxa']",Melissa Gates,149405,0,0,1,2024-08-29
a04Qk000004Fsgv,Field,FL,32571,Pace,3874 Highway 90 Ste 101,4713168378,Leah Williams,Detail Only,Office Visit (no prescriber contact),"['Zemlora', 'Neurexa', 'RxProgram']",James Brown,759176,0,0,1,2024-09-03
a04Qk0000049P89,Field,VA,23832,Chesterfield,7300 Ashlake Pkwy Ste 200,4713898693,Joel Banks,Detail Only,Office Visit (no prescriber contact),"['Zemlora', 'Neurexa', 'RxProgram', 'Trivaxa']",Gabrielle Davis,872246,0,0,1,2024-08-26
a04Qk000004Fm8T,Field,VA,22046,Falls Church,201 N Washington St,4718650942,Richard Rush,Detail Only,Office Visit (no prescriber contact),"['Zemlora', 'XR-ODT']",Ashley Barton,905934,0,0,0,2024-09-03
a04Qk000004LU5e,Field,IL,60563,Naperville,900 E Diehl Rd Ste 101,4721674014,Todd Ortiz,Detail Only,Face-to-Face with HCP,"['Neurexa', 'RxProgram', 'Zemlora']",Kirk Carter,352572,1,0,1,2024-09-06
a04Qk000004BvBx,Field,NY,10940,Middletown,111 Maltese Dr,4723362324,Steven Norman,Detail Only,Office Visit (no prescriber contact),"['Zemlora', 'Neurexa', 'RxProgram', 'Trivaxa']",Dylan Miller,719176,1,0,1,2024-08-30
a04Qk0000047HrR,Field,AZ,85282,Tempe,2034 E Southern Ave Ste D,4725206711,Timothy Marshall,Detail Only,Virtual Call,"['Neurexa', 'RxProgram', 'Zemlora']",Michael Bradshaw,182582,0,0,1,2024-08-25
a04Qk000004DJnJ,Field,NY,10022,New York,30 E 60th St Rm 2403,4726108601,Courtney Martin,Detail Only,Office Visit (no prescriber contact),"['Neurexa', 'RxProgram', 'Zemlora', 'Trivaxa']",Crystal Johnson,330283,0,0,0,2024-09-01
a04Qk000004HMkz,Field,NY,10022,New York,30 E 60th St Rm 2403,4726108601,Courtney Martin,Detail Only,Office Visit (no prescriber contact),"['Neurexa', 'RxProgram', 'Zemlora', 'Trivaxa']",Sergio Knight,411120,0,1,1,2024-09-06
a04Qk000004FWbZ,Virtual,LA,70810,Baton Rouge,8680 Bluebonnet Blvd Ste A,4728699216,Angelica Tapia,Detail Only,Phone Call with Clinical Staff,"['Zemlora', 'Neurexa', 'RxProgram']",Ashley Barton,905934,1,0,0,2024-09-03
a04Qk0000048Guv,Field,GA,30904,Augusta,1417 Pendleton Rd,4737815412,Kimberly Mcmahon,Detail Only,Face-to-Face with HCP,"['Zemlora', 'Trivaxa', 'Neurexa', 'RxProgram']",Anthony Everett,728038,0,1,0,2024-08-25
a04Qk000004EO8D,Field,GA,31602,Valdosta,3541 N Crossing Cir,4738355500,Virginia Mcguire,Detail Only,Face-to-Face with HCP,"['Zemlora', 'Neurexa', 'RxProgram']",David Martinez,738551,0,1,1,2024-09-02
a04Qk000004GzoP,Virtual,MS,39110,Madison,104 Chadwyck Ct,4741405347,Cindy Collier,Detail Only,Fax to HCP Office,"['Zemlora', 'Trivaxa', 'Neurexa', 'RxProgram']",Connie Lawrence,356787,0,0,0,2024-09-06
a04Qk0000048mI5,Field,GA,30350,Atlanta,8010 Roswell Rd Ste 140,4742607225,Diana Mullins,Detail Only,Office Visit (no prescriber contact),"['Neurexa', 'RxProgram', 'Zemlora']",Michael Mitchell,515011,0,0,1,2024-08-26
a04Qk0000047Hg9,Field,TN,37923,Knoxville,9220 Park West Blvd Ste 1,4746393654,Mike Weaver,Detail Only,Office Visit (no prescriber contact),"['Zemlora', 'Neurexa', 'RxProgram']",Megan Le,201639,0,0,1,2024-08-25
a04Qk0000046Lx7,Field,NC,28054,Gastonia,1530 Union Rd Ste A,4747161288,Julia Perkins,Detail Only,Face-to-Face with HCP,"['Zemlora', 'Trivaxa']",Melissa Martinez,916449,0,0,1,2024-08-29
a04Qk000004BtIF,Field,KY,41017,Crestview Hills,320 Thomas More Pkwy,4748459613,Amanda Weaver,Detail Only,Virtual Call with HCP,"['Neurexa', 'RxProgram', 'Zemlora']",Nathan Freeman,211579,0,0,1,2024-08-30
a04Qk000004HOjZ,Field,NY,10017,New York,535 5th Ave Ste 441,4750806409,Brittany Hoffman,Detail Only,Virtual Call,"['Neurexa', 'RxProgram', 'Zemlora']",Daniel Kennedy,787277,0,1,1,2024-09-06
a04Qk000004EYdp,Virtual,NJ,07981,Whippany,200 Ste,4753730029,Mary Macias,Detail Only,Phone Call with Clinical Staff,['Lexcura/Cymbrin/Multi-Vi-Flor'],Tommy Walter,127824,0,0,0,2024-09-02
a04Qk0000049dMP,Field,TX,77377,Tomball,11439 Spring Cypress Rd Unit A,4753822718,Mario Baldwin,Detail Only,Face-to-Face with HCP,"['Neurexa', 'RxProgram', 'Zemlora']",Kathleen Webster,358175,0,0,1,2024-08-24
a04Qk0000042tu9,Field,NY,10019,New York,57 W 57th St Ste 808,4754015045,Kyle Houston,Detail Only,Office Visit (no prescriber contact),"['Neurexa', 'RxProgram', 'Zemlora']",Cassandra Gaines,895667,1,1,1,2024-08-24
a04Qk000004AY9N,Field,NY,10019,New York,57 W 57th St Ste 808,4754015045,Kyle Houston,Detail Only,HCP Meal,"['Neurexa', 'RxProgram', 'Zemlora']",Courtney Rodriguez,921414,0,0,1,2024-08-29
a04Qk000004Atk5,Field,IL,60102,Algonquin,2401 Harnish Dr Ste 100,4756660563,Jonathan Simpson,Detail Only,Office Visit (no prescriber contact),"['Neurexa', 'RxProgram', 'Zemlora', 'Trivaxa']",John Pierce,900581,0,0,1,2024-08-29
a04Qk0000047RE6,Field,LA,70578,Rayne,717 Curtis Dr,4758723294,Anthony Morgan,Detail Only,Virtual Call,"['Zemlora', 'XR-ODT']",Angelica Tucker,263032,0,0,1,2024-08-25
a04Qk0000049eVN,Field,TX,77042,Houston,2901 Wilcrest Dr Ste 520,4761779938,Leah Thompson,Detail Only,Face-to-Face with HCP,"['Neurexa', 'RxProgram', 'Zemlora', 'Trivaxa']",Christopher Bass,766563,0,0,0,2024-08-26
a04Qk000004H8V7,Field,TX,77042,Houston,2901 Wilcrest Dr Ste 520,4761779938,Leah Thompson,Detail Only,Face-to-Face with HCP,"['Neurexa', 'RxProgram', 'Zemlora', 'Trivaxa']",Matthew Moore,842225,0,0,0,2024-09-03
a04Qk000004Dl6r,Field,PA,18902,Doylestown,3359 Durham Rd Ste 400,4761888641,Lori Church,Detail Only,Face-to-Face with HCP,"['Neurexa', 'RxProgram', 'Zemlora']",Ethan Adams,731262,1,0,1,2024-08-29
a04Qk000004DEAw,Field,PA,19102,Philadelphia,1528 Walnut St Ste 1414,4765438808,Jose Gonzalez,Detail Only,HCP Meal,"['Zemlora', 'Neurexa', 'RxProgram']",Margaret Hawkins DDS,343962,1,0,1,2024-09-01
a04Qk000004AUXB,Field,MI,48307,Rochester Hills,441 S Livernois Rd Ste 100,4765454509,Teresa Estes,Detail Only,Office Visit (no prescriber contact),"['Trivaxa', 'Zemlora', 'Neurexa', 'RxProgram']",Amy Silva,172933,0,0,0,2024-08-30
a04Qk000004FlvZ,Virtual,CO,80224,Denver,2121 S Oneida St Ste 248,4768591989,Donald Austin,Detail Only,Phone Call with Office Staff,"['Zemlora', 'Trivaxa', 'Neurexa', 'RxProgram']",Debra White,262316,0,0,0,2024-09-03
a04Qk000004AlUn,Field,NC,27713,Durham,4220 Apex Hwy Ste 200,4769991110,David Davidson,Detail Only,Office Visit (no prescriber contact),"['Zemlora', 'XR-ODT']",Joyce Solis,375504,1,0,1,2024-08-29
a04Qk000004Dg5Z,Field,NC,27545,Knightdale,502 McKnight Dr Ste 202,4770392663,Jordan Woods,Detail Only,Face-to-Face with HCP,"['Zemlora', 'XR-ODT']",Michael Bradshaw,182582,0,0,0,2024-08-30
a04Qk0000048R5Z,Field,NC,27203,Asheboro,120 Davis St,4771122273,Bryan Tate,Detail Only,Virtual Call,"['Norexel', 'Neurexa', 'RxProgram']",Elaine Brooks,392004,0,0,0,2024-08-26
a04Qk000004DT9J,Field,NE,68144,Omaha,2727 S 144th St Ste 280,4773948279,Heather Woods,Detail Only,HCP Meal,"['Neurexa', 'RxProgram', 'Zemlora']",Joel Williams,503457,1,0,0,2024-09-01
a04Qk0000045oI1,Virtual,LA,70115,New Orleans,1315 Antonine St,4776156023,Marc Lewis,Detail Only,Phone Call with Office Staff,"['Zemlora', 'Neurexa', 'RxProgram']",Olivia Harris,823378,0,0,1,2024-08-24
a04Qk000004FimP,Field,PA,18034,Center Valley,5445 Lanark Rd Ste 202,4779456742,Manuel Vazquez,Detail Only,Office Visit (no prescriber contact),"['Neurexa', 'RxProgram', 'Zemlora']",Brenda Hall,634277,0,0,1,2024-09-03
a04Qk000004JuNZ,Field,TX,78746,Austin,2224 Walsh Tarlton Ln Ste 110,4779541053,John Bell,Detail Only,Office Visit (no prescriber contact),"['Zemlora', 'Neurexa', 'RxProgram']",Darlene Miller,590785,1,0,1,2024-09-06
a04Qk000004Axfe,Field,TX,75013,Allen,1105 N Central Expressway Ste 250,4779689149,Kevin Benjamin,Detail with Sample,Face-to-Face with HCP,"['Zemlora', 'Trivaxa', 'Norexel', 'Neurexa', 'RxProgram']",John Anderson,542666,0,0,1,2024-08-29
a04Qk000004CZVx,Virtual,NV,89128,Las Vegas,911 N Buffalo Dr Ste 213,4796452081,Anthony Villegas,Detail Only,Phone Call with Clinical Staff,"['Zemlora', 'Trivaxa', 'Neurexa', 'RxProgram']",Krista Gibson,543692,1,0,1,2024-08-30
a04Qk000004DKbJ,Field,NY,10019,New York,1350 Ave Of th Amer Fl 2,4808625611,Jonathan Ramos,Detail Only,Office Visit (no prescriber contact),"['Neurexa', 'RxProgram', 'Zemlora']",David Wright,518801,1,0,0,2024-09-01
a04Qk000003EkXV,Field,IA,51101,Sioux City,600 4th St Ste 501,4809892831,Melanie Shaw,Detail Only,Office Visit (no prescriber contact),"['Neurexa', 'RxProgram', 'Zemlora']",Edward Burgess,544154,0,0,1,2024-08-24
a04Qk000004G4dF,Field,IL,60467,Orland Park,14315 108th Ave Ste 215,4811482135,Brandon Peck,Detail Only,Face-to-Face with HCP,"['Neurexa', 'RxProgram', 'Zemlora']",Kimberly Gutierrez,891952,0,0,0,2024-09-02
a04Qk000004B8mL,Field,TX,77494,Katy,24022 Cinco Village Center Blvd Ste 100,4811892048,Angela Boyle,Detail Only,Face-to-Face with HCP,"['Neurexa', 'RxProgram', 'Zemlora', 'Trivaxa']",Paul Wilson,428838,1,0,0,2024-08-29
a04Qk000004Df1R,Virtual,NY,11776,Port Jefferson Station,112 Terryville Rd,4814278195,Robert Morgan,Detail Only,Phone Call with Office Staff,['Lexcura/Cymbrin/Multi-Vi-Flor'],Alyssa Long,725380,1,0,1,2024-09-01
a04Qk000004EqfZ,Field,TX,77074,Houston,6500 Rookin St Ste 200,4815030760,Denise Wilson,Detail Only,Virtual Call,"['Trivaxa', 'Neurexa', 'RxProgram']",Cathy Robinson,260263,0,0,1,2024-09-02
a04Qk000004EU8p,Field,NY,11215,Brooklyn,808 Union St Ste 3A,4820948069,David Chen,Detail Only,Office Visit (no prescriber contact),"['Neurexa', 'RxProgram', 'Zemlora']",Julian Conner,692683,1,0,1,2024-09-02
a04Qk000004APFl,Field,IA,51632,Clarinda,220 Essie Davison Dr,4823123791,Pamela Green,Detail Only,Virtual Call,"['Neurexa', 'RxProgram', 'Zemlora']",Jeremy Turner,749468,0,1,1,2024-08-29
a04Qk000004FnkT,Field,TX,75042,Garland,1919 S Shiloh Rd Ste 333,4825433618,Sonya Barr,Detail Only,Office Visit (no prescriber contact),"['Zemlora', 'Neurexa', 'RxProgram']",Sierra Johnson,584714,1,0,1,2024-09-03
a04Qk000004DnDV,Field,AL,36695,Mobile,831 Hillcrest Rd Ste C,4831848285,Robert Gibbs,Detail Only,Office Visit (no prescriber contact),"['Zemlora', 'Neurexa', 'RxProgram']",Erica Alvarez,431737,0,0,1,2024-08-29
a04Qk000004B5tJ,Field,NC,28210,Charlotte,10000 Park Cedar Dr,4834674243,Tamara Brennan,Detail Only,Virtual Call with HCP,"['Neurexa', 'RxProgram', 'Zemlora']",Richard Rodriguez,771088,1,0,1,2024-08-29
a04Qk0000047Ptp,Field,NC,28144,Salisbury,427 W Innes St,4835586432,Paula Edwards,Detail Only,Office Visit (no prescriber contact),"['Zemlora', 'Trivaxa']",Colton Martinez,361941,1,0,0,2024-08-25
a04Qk000004AGPN,Field,FL,32216,Jacksonville,6801 Beach Blvd,4835764298,Jessica Mora,Detail Only,Office Visit (no prescriber contact),"['Neurexa', 'RxProgram', 'Trivaxa']",Gwendolyn Klein,314181,0,0,1,2024-08-29
a04Qk000004HXjd,Field,GA,30024,Suwanee,6918 McGinnis Ferry Rd,4842904457,William Collins,Detail Only,Face-to-Face with HCP,"['Neurexa', 'RxProgram', 'Zemlora']",Patrick Thornton,680828,0,0,1,2024-09-06
a04Qk000004D0zB,Field,TX,78746,Austin,8140 N Capital Of Texas Hwy,4848389368,Elizabeth Robinson,Detail Only,Office Visit (no prescriber contact),"['Zemlora', 'Neurexa', 'RxProgram']",Brian Rodriguez,488162,1,0,1,2024-08-30
a04Qk000004FS89,Field,WV,26101,Parkersburg,2012 Garfield Ave Ste 2,4851635274,Mrs. Sarah Henry,Detail Only,HCP Meal,"['Neurexa', 'RxProgram', 'Zemlora', 'Trivaxa']",Patricia Rodriguez,881177,1,0,1,2024-09-03
a04Qk000004CFiY,Field,KS,66210,Overland Park,11725 W 112th St,4855071355,Nicole Rollins,Detail Only,HCP Meal,"['Neurexa', 'RxProgram', 'Zemlora']",Desiree Tyler,573417,0,0,1,2024-08-30
a04Qk000004ExnV,Field,FL,32653,Gainesville,4627 NW 53rd Ave,4855853320,Nicole Carr,Detail Only,Face-to-Face with HCP,"['Zemlora', 'Trivaxa']",Thomas Atkins,159642,1,0,1,2024-09-02
a04Qk000004HAyM,Field,WI,53177,Sturtevant,8700 Durand Ave Ste 600,4856707355,James Hill,Detail Only,HCP Meal,"['Neurexa', 'RxProgram', 'Zemlora']",Timothy Romero,226882,0,0,0,2024-09-06
a04Qk000004Alpl,Field,NC,28036,Davidson,903 Northeast Dr Ste 301,4858571964,Drew Nelson,Detail Only,HCP Meal,"['Neurexa', 'RxProgram', 'Zemlora']",Tanner Mitchell DDS,299659,1,1,0,2024-08-30
a04Qk0000047ZoL,Field,VA,23294,Richmond,2810 N Parham Rd Ste 120,4865704169,Garrett Williams,Detail Only,Office Visit (no prescriber contact),"['Neurexa', 'RxProgram', 'Zemlora']",Tina Sanders,887352,0,1,0,2024-08-25
a04Qk000004D0az,Field,VA,23294,Richmond,2810 N Parham Rd Ste 120,4865704169,Garrett Williams,Detail Only,HCP Meal,"['Zemlora', 'Neurexa', 'RxProgram']",Jeffrey Johnson,930555,0,0,0,2024-08-30
a04Qk000004Hhz7,Virtual,NC,28078,Huntersville,15940 Northcross Dr Ste C,4868756064,Kevin Jimenez,Detail Only,Fax to HCP Office,"['Neurexa', 'RxProgram', 'Norexel']",Jeremy Mitchell,378082,0,1,1,2024-09-06
a04Qk000004Hhvt,Virtual,NC,28078,Huntersville,15940C Northcross Dr,4868756064,Kevin Jimenez,Detail Only,Phone Call with Office Staff,['Norexel'],Parker Cain,923267,0,1,1,2024-09-06
a04Qk000004BqQz,Field,OH,43082,Westerville,625 Africa Rd Ste 300,4873047433,Nathan Moore,Detail Only,Office Visit (no prescriber contact),"['Zemlora', 'Trivaxa', 'Neurexa', 'RxProgram']",Sergio Knight,411120,0,0,1,2024-08-30
a04Qk000004EKJ7,Field,TN,37412,Chattanooga,929 Spring Creek Rd Ste 206,4875244523,Brian Ward,Detail Only,Office Visit (no prescriber contact),"['Zemlora', 'Trivaxa', 'Neurexa', 'RxProgram']",Ellen Morgan,299122,1,0,0,2024-09-02
a04Qk000004Fa2V,Field,AZ,85340,Litchfield Park,4161 N Pioneer Dr Ste 101,4877024044,William Nelson,Detail Only,Virtual Call,"['Neurexa', 'RxProgram', 'Zemlora', 'Trivaxa']",Jamie Walton,724834,0,0,0,2024-09-03
a04Qk000004D2L3,Field,TX,77479,Sugar Land,4760 Sweetwater Blvd Ste 102,4883159895,Deborah Bradley,Detail Only,Face-to-Face with HCP,"['Trivaxa', 'Neurexa', 'RxProgram']",Jennifer Collins,723939,1,0,0,2024-08-30
a04Qk000004DK9t,Field,SC,29607,Greenville,2094 Woodruff Rd,4885979822,Jonathan Haynes,Detail Only,Office Visit (no prescriber contact),"['Zemlora', 'Neurexa', 'RxProgram']",Matthew Harrington,363626,0,0,0,2024-09-01
a04Qk000004H5XH,Field,TX,77007,Houston,550 Westcott St Ste 520,4886667681,Ronald Murray,Detail Only,Office Visit (no prescriber contact),"['Zemlora', 'Neurexa', 'RxProgram', 'Trivaxa']",Michelle Harmon,944151,0,0,0,2024-09-03
a04Qk000004CzYT,Field,FL,33548,Lutz,18958 Dale Mabry Hwy Ste 102,4887154267,Douglas Brown,Detail Only,HCP Meal,"['Neurexa', 'RxProgram', 'Zemlora', 'Trivaxa']",Jeffrey Mills,850981,0,0,1,2024-08-30
a04Qk000004LaZF,Field,NC,27517,Chapel Hill,1440 Environ Way,4887418859,Lynn Calderon,Detail Only,Office Visit (no prescriber contact),"['Zemlora', 'XR-ODT']",Christopher Parker,955662,0,0,1,2024-09-06
a04Qk0000047DUT,Field,AZ,85295,Gilbert,2680 S Val Vista Dr Ste 167,4887903172,Joseph Hill,Detail Only,Virtual Call,"['Neurexa', 'RxProgram', 'Trivaxa', 'Zemlora']",Brian Smith,184002,0,0,1,2024-08-25
a04Qk000003bY5p,Field,IA,51106,Sioux City,3549 Southern Hills Dr,4889877252,Theodore Simmons,Detail Only,HCP Meal,"['Neurexa', 'RxProgram', 'Zemlora']",Courtney Rodriguez,921414,0,0,0,2024-08-24
a04Qk0000046F5J,Field,LA,70508,Lafayette,102 Asma Blvd Ste 112,4895350803,Anne Boyle,Detail Only,Office Visit (no prescriber contact),"['Zemlora', 'XR-ODT']",Bailey Duran DDS,217301,0,0,0,2024-08-24
a04Qk000004FkzV,Field,PA,18102,Allentown,451 Chew St Ste 306,4897910739,Lisa Crosby,Detail Only,Office Visit (no prescriber contact),"['Neurexa', 'RxProgram', 'Zemlora']",David Davis,231869,0,0,1,2024-09-03
a04Qk0000048wFp,Field,TX,77058,Houston,1110 Nasa Pkwy Ste 620,4897992249,Christopher Jones,Detail Only,Office Visit (no prescriber contact),"['Zemlora', 'Neurexa', 'RxProgram']",Richard Rodriguez,771088,0,0,1,2024-08-26
a04Qk0000048RGr,Field,GA,30310,Atlanta,720 Westview Dr SW,4903653113,Christy Smith,Detail Only,Face-to-Face with HCP,"['Neurexa', 'RxProgram', 'Zemlora']",Shirley Suarez,575435,0,1,1,2024-08-26
a04Qk000004DdAv,Field,FL,33134,Coral Gables,401 Coral Way Ste 208A,4905699131,Warren Salazar,Detail Only,Office Visit (no prescriber contact),"['Zemlora', 'Neurexa', 'RxProgram']",Connor West,230889,0,0,0,2024-09-01
a04Qk0000047VRN,Field,AZ,85207,Mesa,8035 E Brown Rd,4906963877,Diane Morris,Detail Only,Office Visit (no prescriber contact),"['Neurexa', 'RxProgram', 'Zemlora']",Maria Parker,551989,0,0,0,2024-08-25
a04Qk0000045fRd,Virtual,TN,38017,Collierville,1125 Schilling Blvd E Ste 105,4909378170,Alexis Woodard PhD,Detail Only,Fax to HCP Office,"['Zemlora', 'Trivaxa', 'Neurexa', 'RxProgram']",Lisa Archer,974628,0,0,1,2024-08-24
a04Qk000004EN7J,Virtual,CA,92648,Huntington Beach,18672 Florida St Ste 201C,4910469728,Kimberly Velazquez,Detail Only,Phone Call with Office Staff,"['Zemlora', 'Trivaxa', 'Neurexa', 'RxProgram']",John Whitehead,802729,0,0,0,2024-09-02
a04Qk000004EKpN,Field,OH,43147,Pickerington,641 Hill Rd N Ste A,4911850676,Luke Flores,Detail Only,Office Visit (no prescriber contact),"['Neurexa', 'RxProgram', 'Zemlora', 'Trivaxa']",Angel Perry,377746,0,0,0,2024-09-02
a04Qk000004GzlC,Virtual,GA,30501,Gainesville,100 College Ave SE,4916540940,Susan Ortiz,Detail Only,Phone Call with Clinical Staff,['Norexel'],Lisa Hensley,671858,0,0,1,2024-09-06
a04Qk000004ESLV,Field,NC,27613,Raleigh,8304 Creedmoor Rd,4921056719,Donna Davidson,Detail Only,Face-to-Face with HCP,"['Zemlora', 'XR-ODT']",Stephen Hoffman,455784,0,1,1,2024-09-02
a04Qk0000047XRZ,Field,TX,77584,Pearland,12234 Shadow Creek Pkwy Bldg 4 Ste 104,4926759988,Robert Blankenship,Detail Only,HCP Meal,"['Zemlora', 'Neurexa', 'RxProgram']",Jeffery Ortega,509386,0,1,1,2024-08-25
a04Qk000004B55J,Field,NC,28204,Charlotte,1942 E 7th St Ste 220,4927072427,Amber Lopez,Detail Only,Office Visit (no prescriber contact),"['Zemlora', 'Neurexa', 'RxProgram']",Denise Mccann,665579,0,0,1,2024-08-29
a04Qk000004EHrW,Field,OH,43701,Zanesville,751 Forest Ave Ste 401,4931052031,James Mann,Detail Only,HCP Meal,"['Neurexa', 'RxProgram', 'Zemlora', 'Trivaxa']",Jessica Callahan,182627,1,1,1,2024-09-02
a04Qk000004CCsk,Field,FL,32003,Fleming Island,4611 Highway 17 1,4931538060,Andrew Marsh,Detail Only,Office Visit (no prescriber contact),"['Neurexa', 'RxProgram', 'Zemlora', 'Trivaxa']",Tanner Mitchell DDS,299659,0,0,0,2024-08-30
a04Qk000004AwTR,Field,TX,77054,Houston,7501 Fannin St Ste 850,4933149479,Carl Gonzalez,Detail Only,Office Visit (no prescriber contact),"['Trivaxa', 'Neurexa', 'RxProgram']",Sabrina Austin,853305,0,0,0,2024-08-29
a04Qk0000048Pwb,Field,MA,02472,Watertown,23 Main St Ste 2,4933255102,Angela Choi,Detail Only,Office Visit (no prescriber contact),"['Neurexa', 'RxProgram', 'Zemlora']",David Martinez,738551,0,0,0,2024-08-26
a04Qk000004C3kc,Field,MA,02472,Watertown,23 Main St Ste 2,4933255102,Angela Choi,Detail Only,Office Visit (no prescriber contact),"['Neurexa', 'RxProgram', 'Zemlora']",Angie Henderson,126225,0,1,1,2024-08-30
a04Qk000004BvTi,Virtual,WV,25705,Huntington,3377 US Route 60,4936022550,Nicholas Nelson,Detail Only,Phone Call with Office Staff,"['Zemlora', 'Trivaxa', 'Neurexa', 'RxProgram']",Dustin Jordan,429963,0,0,0,2024-08-30
a04Qk000004BvTi,Virtual,WV,25705,Huntington,3377 US Route 60,4936022550,Nicholas Nelson,Detail Only,Phone Call with Office Staff,"['Zemlora', 'Trivaxa', 'Neurexa', 'RxProgram']",Dustin Jordan,429963,0,0,0,2024-08-30
a04Qk0000047C29,Field,OH,43085,Worthington,1035 Proprietors Rd,4941301545,Susan Evans,Detail Only,HCP Meal,"['Neurexa', 'RxProgram', 'Zemlora', 'Trivaxa']",Barbara Dudley,847581,0,0,1,2024-08-25
a04Qk000004HhBm,Virtual,NC,28110,Monroe,2000 Wellness Blvd Ste 130,4953335841,Joseph Dodson,Detail Only,Fax to HCP Office,['Norexel'],Stephanie Williams,349565,0,0,0,2024-09-06
a04Qk000004D1Tp,Field,NJ,08753,Toms River,226 Oak Ave,4955055559,Joseph Webb,Detail Only,Face-to-Face with HCP,"['Neurexa', 'RxProgram', 'Zemlora']",Susan Turner,214576,0,0,1,2024-08-30
a04Qk000004MxWz,Field,TX,77008,Houston,2200 Yale St Ste 120,4956765267,Paul Townsend,Detail Only,Office Visit (no prescriber contact),"['Neurexa', 'RxProgram', 'Zemlora', 'Trivaxa']",Matthew Moon,676510,0,0,1,2024-09-06
a04Qk000004AlPx,Field,NC,27517,Chapel Hill,1440 Environ Way Fl 4,4956769224,David Sanchez,Detail Only,Office Visit (no prescriber contact),"['Zemlora', 'XR-ODT']",Melissa Martinez,916449,1,1,1,2024-08-29
a04Qk0000046Jgn,Field,NC,28305,Fayetteville,806 Hay St,4958016841,Bethany Guerrero,Detail Only,Virtual Call with HCP,"['Neurexa', 'RxProgram', 'Zemlora', 'Trivaxa']",Kelly Donovan,183667,1,0,0,2024-08-24
a04Qk0000048d3V,Field,MA,01730,Bedford,41 North Rd Ste 200,4958874827,Michael Long,Detail Only,Office Visit (no prescriber contact),"['Neurexa', 'RxProgram', 'Zemlora', 'Trivaxa']",Ashley Waller,905635,1,1,0,2024-08-26
a04Qk0000048gUg,Field,NC,27701,Durham,B 115 N Duke St Ste 1A,4959977289,Matthew Day,Detail Only,Office Visit (no prescriber contact),"['Zemlora', 'XR-ODT']",Darlene Miller,590785,0,0,1,2024-08-26
a04Qk0000047XoA,Field,OH,45373,Troy,31 S Stanfield Rd,4961324148,Veronica Evans,Detail Only,Face-to-Face with HCP,"['Neurexa', 'RxProgram', 'Zemlora']",Shelly Spencer,265409,1,1,1,2024-08-25
a04Qk0000048iO9,Field,AL,35209,Birmingham,2200 Lakeshore Dr Ste 150,4961460522,Julie James,Detail Only,Face-to-Face with HCP,"['Neurexa', 'RxProgram', 'Zemlora', 'Trivaxa']",Joshua Reed,167136,1,0,1,2024-08-26
a04Qk000004IwRR,Field,AL,35209,Birmingham,2200 Lakeshore Dr Ste 150,4961460522,Julie James,Detail Only,Office Visit (no prescriber contact),"['Neurexa', 'RxProgram', 'Zemlora', 'Trivaxa']",Richard Smith,203198,0,0,1,2024-09-06
a04Qk000004DQ0n,Field,MI,48316,Shelby Twp,52915 Mound Rd,4966572890,Zachary Cain,Detail Only,HCP Meal,"['Zemlora', 'Trivaxa', 'Neurexa', 'RxProgram']",Michele Williams,191161,0,0,1,2024-09-06
a04Qk000004Czrp,Field,FL,33618,Tampa,13911 Carrollwood Village Run,4966689127,Heidi Sellers,Detail Only,Office Visit (no prescriber contact),"['Neurexa', 'RxProgram', 'Zemlora']",Cynthia Rowe,716886,1,0,0,2024-08-30
a04Qk000004C95I,Field,MI,48307,Rochester Hills,441 S Livernois Rd Ste 100,4971035107,Mary Lee,Detail Only,Office Visit (no prescriber contact),"['Neurexa', 'RxProgram']",Travis Tucker,580547,0,0,0,2024-08-30
a04Qk00000464rR,Field,SC,29732,Rock Hill,165 Amendment Ave Ste 102,4974114819,Brian Schmidt,Detail Only,Office Visit (no prescriber contact),"['Zemlora', 'Neurexa', 'RxProgram']",Sergio Knight,411120,0,0,0,2024-08-24
a04Qk000004He5B,Field,GA,30024,Suwanee,3455 Lawrenceville Suwanee Rd Ste A,4975467180,Kelsey Parsons,Detail Only,Face-to-Face with HCP,"['Neurexa', 'RxProgram', 'Zemlora']",Yvonne Burns,335612,0,0,0,2024-09-06
a04Qk000004Eppx,Field,GA,30068,Marietta,1121 Johnson Ferry Rd Bldg 2,4980998273,Kayla Petty,Detail Only,Office Visit (no prescriber contact),"['Neurexa', 'RxProgram', 'Zemlora']",Briana Murray,665427,0,0,1,2024-09-02
a04Qk000004EwQ1,Field,KS,66214,Lenexa,8629 Bluejacket St,4982947877,Lisa Long,Detail Only,Face-to-Face with HCP,"['Neurexa', 'RxProgram', 'Zemlora']",Diane Evans,359947,0,0,1,2024-09-02
a04Qk000004Dklt,Field,PA,18901,Doylestown,10 S Clinton St Ste 202,4987436332,Amber Stewart,Detail Only,Office Visit (no prescriber contact),"['Neurexa', 'RxProgram', 'Zemlora']",Denise Jacobs,472528,1,0,0,2024-08-29
a04Qk000004Fi6T,Field,NY,11580,Valley Stream,167 E Merrick Rd,4987955470,Brandy Oliver,Detail Only,HCP Meal,"['Neurexa', 'RxProgram', 'Zemlora', 'Trivaxa']",Monica Herrera,809570,1,0,0,2024-09-03
a04Qk00000464jN,Field,SC,29708,Fort Mill,1700 First Baxter Xing Ste 203,4988027541,David Williamson,Detail Only,Office Visit (no prescriber contact),"['Neurexa', 'RxProgram']",Felicia Aguilar,804318,0,0,1,2024-08-24
a04Qk000004HVWY,Field,PA,19320,Coatesville,138 S 3rd Ave,4989436892,Jill Powers,Detail Only,Office Visit (no prescriber contact),"['Zemlora', 'Neurexa', 'RxProgram']",Mr. Andrew Foster,152578,0,0,1,2024-09-06
a04Qk000004Bunm,Field,GA,31901,Columbus,2000 16th Ave,4990087716,Jennifer Craig,Detail Only,HCP Meal,"['Neurexa', 'RxProgram', 'Zemlora']",Melissa Gates,149405,1,0,0,2024-08-30
a04Qk000004696M,Virtual,CA,92677,Laguna Niguel,30131 Town Center Dr Ste 130,4993028391,Jason Lopez,Detail Only,Fax to HCP Office,"['Zemlora', 'Trivaxa', 'Neurexa', 'RxProgram']",Nicole Herring,680099,1,0,1,2024-08-24
a04Qk000004DVmr,Field,NC,27713,Durham,6011 Fayetteville Rd Ste 204,4993183207,Debra Ponce,Detail Only,Office Visit (no prescriber contact),"['Zemlora', 'Neurexa', 'RxProgram']",Deborah Figueroa,816751,1,0,0,2024-09-01
a04Qk000004CN1l,Field,KY,40241,Louisville,4205 Springhurst Blvd Suite #202,4993244179,Deanna Huber,Detail Only,Office Visit (no prescriber contact),"['Neurexa', 'RxProgram', 'Zemlora', 'Trivaxa']",Sharon Cherry,271339,0,0,1,2024-08-30
a04Qk000004AcrJ,Field,GA,30024,Suwanee,1325 Satellite Blvd NW Bldg 400,4998275621,Renee Blanchard,Detail Only,Face-to-Face with HCP,"['Neurexa', 'RxProgram', 'Zemlora']",Tanya Kim,310922,1,0,1,2024-08-29
a04Qk000004AU8z,Field,MI,48307,Rochester Hills,441 S Livernois Rd Ste 100,5007176550,Brian Horton,Detail Only,Office Visit (no prescriber contact),"['Trivaxa', 'Zemlora', 'Neurexa', 'RxProgram']",Rebecca Valencia,279451,0,0,0,2024-08-30
a04Qk000004G4uz,Field,TX,78620,Dripping Springs,13830 Sawyer Ranch Rd Ste 301,5008562648,Joseph Chavez,Detail Only,Virtual Call,"['Trivaxa', 'Zemlora', 'Neurexa', 'RxProgram']",Renee Bruce,794022,1,0,1,2024-09-02
a04Qk000004Dn2D,Field,FL,32539,Crestview,182 E Redstone Ave,5009395448,James Baker,Detail Only,Office Visit (no prescriber contact),"['Zemlora', 'Neurexa', 'RxProgram']",Stephen Hoffman,455784,1,0,1,2024-08-30
a04Qk000004AvHG,Field,TX,77054,Houston,7501 Fannin St Ste 850,5014163092,Steven Houston,Detail Only,Office Visit (no prescriber contact),"['Trivaxa', 'Neurexa', 'RxProgram']",Matthew Moon,676510,0,0,0,2024-08-29
a04Qk0000045xWb,Field,MA,02072,Stoughton,450 Pearl St Ste 3,5018921087,Jennifer Carroll,Detail Only,Office Visit (no prescriber contact),"['Neurexa', 'RxProgram', 'Zemlora']",David Alvarez,249811,1,0,1,2024-08-24
a04Qk000004EnBR,Field,AL,35758,Madison,708 Will Halsey Way Ste C,5019712588,Daniel Phelps,Detail Only,Face-to-Face with HCP,"['Neurexa', 'RxProgram', 'Zemlora']",Timothy Duncan,377370,0,0,1,2024-09-02
a04Qk000004HauP,Field,LA,70508,Lafayette,4650 Ambassador Caffery Pkwy,5020896922,Edgar Phillips,Detail Only,HCP Meal,"['Norexel', 'Neurexa', 'RxProgram']",Craig Morrison,225710,0,0,0,2024-09-06
a04Qk000004C8SX,Field,IL,60061,Vernon Hills,977 Lakeview Pkwy Ste 170,5022460959,Eric Smith,Detail Only,Office Visit (no prescriber contact),"['Neurexa', 'RxProgram', 'Zemlora', 'Trivaxa']",Richard Aguirre,946335,0,1,0,2024-08-30
a04Qk000004AGM9,Field,FL,32246,Jacksonville,9889 Gate Pkwy N Ste 305,5028468516,Christopher Reynolds,Detail Only,Face-to-Face with HCP,"['Neurexa', 'RxProgram', 'Zemlora']",Victor Brown,274389,1,0,0,2024-08-29
a04Qk000004B525,Field,NC,28277,Charlotte,8045 Providence Rd Ste 300,5030129267,Kerri Cox,Detail Only,Virtual Call with HCP,"['Zemlora', 'Neurexa', 'RxProgram']",Angelica Tucker,263032,0,1,1,2024-08-29
a04Qk000004Enpl,Field,NC,28277,Charlotte,8045 Providence Rd Ste 300,5030129267,Kerri Cox,Detail Only,HCP Meal,"['Neurexa', 'RxProgram']",Jeremy Dalton,972064,1,0,0,2024-09-02
a04Qk000004CRmw,Field,NJ,08201,Absecon,707 White Horse Pike Ste A3,5031898641,Johnny Montoya,Detail Only,HCP Meal,"['Zemlora', 'Neurexa', 'RxProgram']",Erin Edwards,520651,0,0,0,2024-08-30
a04Qk000004FUxx,Field,SC,29203,Columbia,1749 Marshall St,5033021967,William Hahn,Detail Only,Office Visit (no prescriber contact),"['Trivaxa', 'Zemlora', 'Neurexa', 'RxProgram']",Julie Alexander,100599,0,0,1,2024-09-03
a04Qk0000048wED,Field,TX,77058,Houston,1110 Nasa Pkwy Ste 620 Bldg,5036325894,Amy Cain,Detail Only,Office Visit (no prescriber contact),"['Zemlora', 'Neurexa', 'RxProgram']",Madison Poole,555884,0,0,1,2024-08-26
a04Qk000004Eqin,Field,TX,77058,Houston,1110 Nasa Pkwy Ste 620 Bldg,5036325894,Amy Cain,Detail Only,Virtual Call,"['Zemlora', 'Neurexa', 'RxProgram']",Cassandra Gaines,895667,0,0,0,2024-09-02
a04Qk000004Fldp,Field,FL,33136,Miami,900 NW 17th St Fl 5,5038285808,Melissa Barry,Detail Only,HCP Meal,"['Neurexa', 'RxProgram', 'Zemlora']",James Brown,759176,0,0,1,2024-09-03
a04Qk0000048cx3,Field,MA,01730,Bedford,41 North Rd Ste 200,5041961956,Jennifer Ford,Detail Only,Office Visit (no prescriber contact),"['Neurexa', 'RxProgram', 'Zemlora', 'Trivaxa']",Cheyenne Horton,246413,0,1,1,2024-08-26
a04Qk000004L5Qe,Field,MA,01720,Acton,289 Great Rd Ste G1,5048308269,Julie Gibbs,Detail Only,Office Visit (no prescriber contact),"['Zemlora', 'Neurexa', 'RxProgram']",Lisa Allen,324643,1,0,0,2024-09-06
a04Qk000004Dj0D,Field,TX,77375,Tomball,25420 Kuykendahl Rd Ste D700,5056387862,Morgan Payne,Detail Only,Office Visit (no prescriber contact),"['Neurexa', 'RxProgram', 'Zemlora']",Jeffrey Mills,850981,1,0,1,2024-09-01
a04Qk000004EPDx,Field,SC,29204,Columbia,3710 Landmark Dr Ste 202,5059534548,Bryan Brown,Detail Only,Office Visit (no prescriber contact),"['Zemlora', 'Trivaxa', 'Neurexa', 'RxProgram']",Gerald Hensley,662275,1,0,1,2024-09-02
a04Qk000004H7KX,Field,SC,29204,Columbia,3710 Landmark Dr Ste 202,5059534548,Bryan Brown,Detail Only,Office Visit (no prescriber contact),"['Zemlora', 'Neurexa', 'RxProgram', 'Trivaxa']",Aimee Montoya,482554,0,0,1,2024-09-06
a04Qk000004747p,Field,GA,31207,Macon,1327 Stadium Dr 1327,5064450326,Amy Franklin,Detail Only,Face-to-Face with HCP,"['Neurexa', 'RxProgram', 'Zemlora']",Allen Rosales,624902,1,0,1,2024-08-25
a04Qk000004Awhx,Field,PA,19102,Philadelphia,1528 Walnut St Ste 950,5065962222,Jordan Marquez,Detail Only,HCP Meal,"['Zemlora', 'Neurexa', 'RxProgram']",Richard Aguirre,946335,1,0,1,2024-08-29
a04Qk0000048nsT,Field,IA,50266,West Des Moines,7545 Ashworth Rd,5069835735,April Scott,Detail Only,Office Visit (no prescriber contact),"['Neurexa', 'RxProgram', 'Zemlora']",Christopher Rubio,688637,1,1,0,2024-08-26
a04Qk0000046DoH,Field,MD,21401,Annapolis,130 Admiral Cochrane Dr Ste 103,5074073038,Anthony Little,Detail Only,Office Visit (no prescriber contact),"['Zemlora', 'Trivaxa']",Gregory Ponce,776856,0,0,1,2024-08-24
a04Qk000004HE5t,Field,MD,21401,Annapolis,130 Admiral Cochrane Dr Ste 103,5074073038,Anthony Little,Detail Only,Office Visit (no prescriber contact),"['Zemlora', 'XR-ODT']",Michael Lyons,897549,1,0,0,2024-09-06
a04Qk000004DhT3,Field,FL,33136,Miami,900 NW 17th St Fl 5,5082887644,Alyssa Moreno,Detail Only,HCP Meal,"['Zemlora', 'Neurexa', 'RxProgram']",Aimee Montoya,482554,1,1,1,2024-09-01
a04Qk0000048pHa,Field,FL,33609,Tampa,3314 Henderson Blvd Ste 208,5084074590,Jennifer King,Detail Only,Face-to-Face with HCP,"['Neurexa', 'RxProgram', 'Zemlora', 'Trivaxa']",Gerald Hensley,662275,1,0,1,2024-08-26
a04Qk000004EKSn,Field,OH,43701,Zanesville,751 Forest Ave Ste 401,5086637650,Sharon Bray,Detail Only,HCP Meal,"['Trivaxa', 'Zemlora', 'Neurexa', 'RxProgram']",Mary Escobar,237235,0,1,1,2024-09-02
a04Qk0000048ziL,Field,AL,36532,Fairhope,21950 State Highway 181 Ste A1,5090963810,Samuel Levy,Detail Only,Office Visit (no prescriber contact),"['Neurexa', 'RxProgram', 'Zemlora']",Jesse Perez,497382,0,0,0,2024-08-25
a04Qk000004Fsyf,Field,AL,36532,Fairhope,21950 State Highway 181 Ste A1,5090963810,Samuel Levy,Detail Only,HCP Meal,"['Zemlora', 'Neurexa', 'RxProgram']",Rhonda Martin,323508,0,0,0,2024-09-02
a04Qk000004AJWv,Field,MA,01904,Lynn,480 Lynnfield St,5096923407,Juan Wise,Detail Only,Office Visit (no prescriber contact),"['Zemlora', 'Neurexa', 'RxProgram']",Aimee Montoya,482554,0,0,0,2024-08-29
a04Qk000004Eizl,Field,NE,68526,Lincoln,9100 Andermatt Dr Ste 1,5097801098,Kristina Barr,Detail Only,Office Visit (no prescriber contact),"['Neurexa', 'RxProgram', 'Zemlora']",Shelia Wallace,639131,0,0,0,2024-09-02
a04Qk000004C1Z7,Field,NC,27103,Winston Salem,110 Charlois Blvd,5098296885,Richard Freeman,Detail Only,Office Visit (no prescriber contact),['Norexel'],Susan Turner,214576,0,0,0,2024-09-02
a04Qk000004FcXJ,Virtual,LA,70739,Greenwell Springs,18448 Magnolia Bridge Rd Ste A,5101237593,Emily Lynch,Detail Only,Phone Call with Office Staff,"['Zemlora', 'Trivaxa', 'Neurexa', 'RxProgram']",Deborah Figueroa,816751,1,1,0,2024-09-03
a04Qk00000466tF,Field,AZ,85042,Phoenix,3489 E Baseline Rd,5105835555,Tyler Bullock,Detail Only,HCP Meal,"['Neurexa', 'RxProgram', 'Zemlora']",Aimee Montoya,482554,0,0,0,2024-08-24
a04Qk000004HlZh,Field,IA,50309,Des Moines,1206 Pleasant St,5105845805,Megan Jones,Detail Only,Office Visit (no prescriber contact),"['Neurexa', 'RxProgram', 'Trivaxa']",Charles Lester,202664,0,1,1,2024-09-06
a04Qk000004EdAT,Field,LA,70508,Lafayette,3312 Kaliste Saloom Rd Bldg 1,5110087580,Gerald Blake,Detail Only,HCP Meal,"['Zemlora', 'Neurexa', 'RxProgram']",Angela Vaughn,379786,0,0,1,2024-09-02
a04Qk000004HtVd,Field,AL,35235,Birmingham,5577 Chalkville Rd,5111115699,Dean Sims,Detail Only,Face-to-Face with HCP,"['Neurexa', 'RxProgram', 'Zemlora', 'Trivaxa']",Emily Bennett,579434,1,0,1,2024-09-06
a04Qk000004B293,Virtual,NV,89107,Las Vegas,112 S Jones Blvd,5111440508,Scott Boyer,Detail Only,Phone Call with Office Staff,"['Zemlora', 'Trivaxa', 'Neurexa', 'RxProgram']",Christopher Smith,269396,1,0,0,2024-08-29
a04Qk000004G4VB,Field,IL,60453,Oak Lawn,10735 S Cicero Ave Ste 100,5113455869,Melissa Yu,Detail Only,HCP Meal,"['Neurexa', 'RxProgram', 'Zemlora']",David Thompson,783823,0,0,0,2024-09-02
a04Qk000004G4YP,Field,IL,60453,Oak Lawn,10735 S Cicero Ave Ste 100,5113455869,Melissa Yu,Detail Only,HCP Meal,"['Zemlora', 'Neurexa', 'RxProgram']",Angela Lopez,793384,0,0,1,2024-09-02
a04Qk000004Fobh,Field,FL,33609,Tampa,3333 W Kennedy Blvd Ste 106,5118220326,Laura Alexander,Detail Only,HCP Meal,"['Neurexa', 'RxProgram', 'Zemlora', 'Trivaxa']",Pamela Boyd,479580,0,0,1,2024-09-02
a04Qk0000046K09,Field,GA,30068,Marietta,1121 Johnson Ferry Rd Ste 220,5125645093,Steven Valdez,Detail Only,Office Visit (no prescriber contact),"['Neurexa', 'RxProgram', 'Zemlora', 'Trivaxa']",Julie Alexander,100599,0,0,1,2024-08-24
a04Qk0000046Ouz,Field,NC,27215,Burlington,1638 Memorial Dr,5126154969,Andrew Dillon,Detail Only,Face-to-Face with HCP,"['Zemlora', 'Trivaxa']",Jose Travis,665492,1,0,1,2024-08-24
a04Qk0000045yin,Field,IA,51106,Sioux City,3549 Southern Hills Dr,5127090588,Erik Hanson,Detail Only,HCP Meal,"['Neurexa', 'RxProgram', 'Zemlora']",Antonio Garcia,373432,1,0,0,2024-08-24
a04Qk0000047ZZp,Field,VA,23226,Richmond,7000 Patterson Ave,5128108676,Steven Marsh,Detail Only,Office Visit (no prescriber contact),"['Neurexa', 'RxProgram', 'Zemlora', 'Trivaxa']",Scott Williams,265080,0,1,1,2024-08-25
a04Qk000004D0Sv,Field,VA,23233,Richmond,10410 Ridgefield Pkwy Ste 100,5128108676,Steven Marsh,Detail Only,Office Visit (no prescriber contact),"['Neurexa', 'RxProgram', 'Trivaxa', 'Zemlora']",David Thompson,783823,0,0,0,2024-08-30
a04Qk0000044X9Z,Field,NC,28704,Arden,600 Julian Ln Ste 640,5128236187,Veronica Lloyd,Detail Only,HCP Meal,"['Zemlora', 'Neurexa', 'RxProgram']",Jeremy Mitchell,378082,0,0,0,2024-08-24
a04Qk0000045rB3,Field,NC,28134,Pineville,11940 Carolina Place Pkwy,5132119763,Matthew Yang,Detail Only,Virtual Call with HCP,"['Neurexa', 'RxProgram', 'Zemlora']",Ralph Anderson,176819,0,0,1,2024-08-24
a04Qk000004DIuT,Field,NC,28287,Charlotte,6060 Piedmont Row Dr S,5132119763,Matthew Yang,Detail Only,Face-to-Face with HCP,"['Neurexa', 'RxProgram', 'Zemlora']",Anthony Romero,185965,0,0,1,2024-09-01
a04Qk0000047Hhl,Field,TN,37923,Knoxville,9220 Park West Blvd Ste 1,5135215424,Antonio Jordan,Detail Only,Office Visit (no prescriber contact),"['Trivaxa', 'Zemlora', 'Neurexa', 'RxProgram']",Michael Elliott,813328,0,1,1,2024-08-25
a04Qk000004AOBd,Field,FL,33606,Tampa,1919 W Swann Ave Fl 3,5135932578,Christine Wallace,Detail Only,Face-to-Face with HCP,"['Zemlora', 'Trivaxa', 'Neurexa', 'RxProgram']",Jeremy Dalton,972064,1,1,1,2024-08-29
a04Qk000004LcCr,Field,NC,27617,Raleigh,7850 Brier Creek Pkwy Ste 100,5141537339,Tyler Watson,Detail Only,Face-to-Face with HCP,"['Zemlora', 'XR-ODT']",Tracy House,407419,1,0,1,2024-09-06
a04Qk000004B1co,Virtual,CA,94103,San Francisco,245 11th St,5141705825,Miss Debra Gilbert MD,Detail Only,Phone Call with Office Staff,"['Zemlora', 'Neurexa', 'RxProgram']",Felicia Aguilar,804318,0,0,1,2024-08-29
a04Qk000004BvVJ,Field,IL,60201,Evanston,501 Davis St,5145837538,Mary Sutton,Detail Only,HCP Meal,"['Neurexa', 'RxProgram', 'Zemlora']",Chad Jones,751332,1,1,1,2024-08-30
a04Qk000004Busd,Field,TX,78758,Austin,2217 Park Bend Dr Ste 300,5148862594,Barry Cooper,Detail Only,HCP Meal,"['Zemlora', 'Neurexa', 'RxProgram']",Patrick Moore,570405,0,1,0,2024-08-29
a04Qk000004Ju7R,Field,TX,78758,Austin,2217 Park Bend Dr Ste 300,5148862594,Barry Cooper,Detail Only,Face-to-Face with HCP,"['Zemlora', 'Neurexa', 'RxProgram']",Joseph Knight,801474,0,0,0,2024-09-06
a04Qk000004DhUf,Field,FL,33136,Miami,1611 NW 12th Ave,5149994740,Stephen Phelps,Detail Only,HCP Meal,"['Trivaxa', 'Zemlora', 'Neurexa', 'RxProgram']",Diane Evans,359947,1,1,0,2024-09-01
a04Qk000004Gyyn,Field,FL,32092,Saint Augustine,300 Kingsley Lake Dr Ste 403,5154722336,Sonia Steele,Detail Only,Office Visit (no prescriber contact),"['Zemlora', 'Neurexa', 'RxProgram']",Travis Tucker,580547,0,1,0,2024-09-06
a04Qk000004AOEs,Field,MI,48307,Rochester Hills,633 South Blvd E Ste 2400,5160121682,Olivia Goodwin,Detail Only,Office Visit (no prescriber contact),"['Trivaxa', 'Zemlora', 'Neurexa', 'RxProgram']",Holly Valentine,172132,0,1,0,2024-08-29
a04Qk000004EwTF,Field,KS,66214,Lenexa,8629 Bluejacket St Ste 100,5167917014,Margaret Thomas,Detail Only,Face-to-Face with HCP,"['Neurexa', 'RxProgram', 'Zemlora']",Diane Evans,359947,0,0,0,2024-09-02
a04Qk000004ETO1,Virtual,NY,10962,Orangeburg,30 Ramland Rd S Ste 200A,5168719880,Thomas Garcia,Detail Only,Phone Call with Clinical Staff,['Lexcura/Cymbrin/Multi-Vi-Flor'],Rebecca Henderson,539898,0,0,1,2024-09-02
a04Qk00000473lF,Field,GA,31201,Macon,250 Martin Luther King Jr Blvd,5173931763,Keith Rose,Detail Only,Face-to-Face with HCP,"['Neurexa', 'RxProgram', 'Zemlora']",Renee Bruce,794022,1,0,0,2024-08-25
a04Qk000004Az37,Field,TX,75013,Allen,1256 W Exchange Pkwy Ste 200,5175794148,Norman Davis,Detail Only,Office Visit (no prescriber contact),"['Zemlora', 'Trivaxa', 'Neurexa', 'RxProgram']",Jesse Brown,539589,0,0,1,2024-08-29
a04Qk000004Az37,Field,TX,75013,Allen,1256 W Exchange Pkwy Ste 200,5175794148,Norman Davis,Detail Only,Office Visit (no prescriber contact),"['Zemlora', 'Trivaxa', 'Neurexa', 'RxProgram']",Jesse Brown,539589,0,0,1,2024-08-29
a04Qk000004Enkv,Field,TX,75033,Frisco,11330 Legacy Dr Ste 103,5179479291,Gregory Williams,Detail Only,Office Visit (no prescriber contact),"['Zemlora', 'Neurexa', 'RxProgram']",John Pierce,900581,0,0,0,2024-09-02
a04Qk0000044XBB,Field,NC,28655,Morganton,100 Medical Heights Dr,5179512327,Deborah Martin,Detail Only,Office Visit (no prescriber contact),"['Zemlora', 'XR-ODT']",Cassandra Gaines,895667,0,0,1,2024-08-24
a04Qk000004DOJx,Field,AZ,85201,Mesa,560 W Brown Rd Ste 1011,5191893467,Jimmy Jones,Detail Only,Office Visit (no prescriber contact),"['Neurexa', 'RxProgram', 'Trivaxa', 'Zemlora']",Michael Lyons,897549,0,0,0,2024-09-01
a04Qk000004HSvH,Virtual,CO,80222,Denver,2000 S Colorado Blvd,5193464255,Martha Allen,Detail Only,Fax to HCP Office,"['Neurexa', 'RxProgram']",Angela Vaughn,379786,1,0,1,2024-09-06
a04Qk000004HW2p,Virtual,CO,80222,Denver,2000 S Colorado Blvd,5193464255,Martha Allen,Detail Only,Phone Call with HCP,"['Zemlora', 'Neurexa', 'RxProgram']",Jessica Stephens,867460,0,0,1,2024-09-06
a04Qk000004AsEX,Field,IA,50266,West Des Moines,1441 29th St Ste 305,5195084336,Kevin Bates,Detail Only,Office Visit (no prescriber contact),"['Neurexa', 'RxProgram', 'Zemlora']",Marie Christian,161733,0,0,1,2024-08-29
a04Qk0000048i6P,Field,MO,63376,Saint Peters,5301 Veterans Memorial Pkwy Ste 104,5200834352,Misty Bryant,Detail Only,Face-to-Face with HCP,"['Neurexa', 'RxProgram', 'Trivaxa']",Brian Lee,899550,1,0,1,2024-08-26
a04Qk00000472h7,Virtual,KY,42303,Owensboro,2200 E Parrish Ave Ste 101C,5201043807,Patrick Cole,Detail Only,Fax to HCP Office,"['Neurexa', 'RxProgram', 'Norexel']",Lisa Hensley,671858,0,0,0,2024-08-25
a04Qk00000472fV,Virtual,KY,42303,Owensboro,2200 E Parrish Ave Ste 101C,5201043807,Patrick Cole,Detail Only,Phone Call with Office Staff,['Norexel'],Jamie Walton,724834,0,0,1,2024-08-25
a04Qk00000469G3,Field,AZ,85295,Gilbert,1760 E Pecos Rd Ste 338,5207632600,David Pratt,Detail Only,HCP Meal,"['Neurexa', 'RxProgram', 'Zemlora', 'Trivaxa']",Christine Wright,660086,0,0,0,2024-08-24
a04Qk000004FsQn,Field,FL,32503,Pensacola,4400 Bayou Blvd Ste 51,5208426490,Benjamin Obrien,Detail Only,Office Visit (no prescriber contact),"['Zemlora', 'Neurexa', 'RxProgram']",Cynthia Rowe,716886,1,0,1,2024-09-03
a04Qk0000045uNS,Field,MD,21146,Severna Park,692A Ritchie Highway,5208676061,Christopher Brock,Detail Only,HCP Meal,"['Zemlora', 'Trivaxa']",Sandra Drake,656926,1,0,0,2024-08-24
a04Qk000004AUKI,Field,NJ,08035,Haddon Heights,119 White Horse Pike,5211395364,Andrea Gill,Detail Only,Office Visit (no prescriber contact),"['Trivaxa', 'Neurexa', 'RxProgram']",Tamara Davis,294851,0,0,1,2024-08-29
a04Qk000004C7mc,Field,KS,66210,Overland Park,11725 W 112th St,5215523025,Courtney Long,Detail Only,HCP Meal,"['Neurexa', 'RxProgram', 'Zemlora']",Larry Dixon,340174,0,0,0,2024-08-30
a04Qk000004D17F,Field,TX,78746,West Lake Hills,4407 Bee Caves Rd Ste 512,5220966611,Edward Ortega,Detail Only,Office Visit (no prescriber contact),"['Trivaxa', 'Zemlora', 'Neurexa', 'RxProgram']",Sherry Decker,456778,0,0,0,2024-08-30
a04Qk000004Bvjp,Field,NY,12553,New Windsor,3125 US Route 9W Ste 204,5228241396,Andrew Wilson,Detail Only,Office Visit (no prescriber contact),"['Neurexa', 'RxProgram', 'Zemlora', 'Trivaxa']",Courtney Gonzalez,581141,0,0,1,2024-08-30
a04Qk0000046OtN,Field,NC,27403,Greensboro,522 N Elam Ave,5228768996,Marissa Kim,Detail Only,Office Visit (no prescriber contact),"['Zemlora', 'XR-ODT']",Amanda Jones,132938,0,0,0,2024-08-24
a04Qk000004Hx1N,Field,WI,53226,Milwaukee,9000 W Wisconsin Ave,5230133680,Emily Lee,Detail Only,Office Visit (no prescriber contact),"['Neurexa', 'RxProgram']",Angelica Tucker,263032,1,0,0,2024-09-06
a04Qk0000048l2g,Field,TX,75082,Richardson,2150 Lakeside Blvd Ste 100,5238019181,Matthew Gray,Detail Only,Office Visit (no prescriber contact),"['Zemlora', 'Neurexa', 'RxProgram']",Anna Henderson,379946,0,0,1,2024-08-26
a04Qk000004DEqr,Virtual,MD,20910,Silver Spring,8607 Cedar St,5239389911,Gregory Salazar,Detail Only,Phone Call with Clinical Staff,"['Zemlora', 'Trivaxa', 'Neurexa', 'RxProgram']",John Daniel,865179,0,0,0,2024-09-01
a04Qk0000047P2b,Field,NC,28262,Charlotte,101 E W T Harris Blvd Ste 3111,5240365098,Gregory Shah,Detail Only,Virtual Call with HCP,"['Zemlora', 'XR-ODT']",Anna Henderson,379946,0,0,0,2024-08-25
a04Qk000004Az6L,Field,LA,70563,New Iberia,295 Indest St,5242293686,Donald Tran,Detail Only,Face-to-Face with HCP,"['Norexel', 'Zemlora', 'Neurexa', 'RxProgram']",Christopher Smith,269396,0,0,0,2024-08-29
a04Qk000004ChV7,Field,GA,30009,Alpharetta,2450 Old Milton Pkwy Ste 201,5242516456,Lisa Murray,Detail Only,Virtual Call,"['Neurexa', 'RxProgram', 'Zemlora']",Julian Conner,692683,1,0,0,2024-08-30
a04Qk000004EkK1,Field,WI,53142,Kenosha,6121 Green Bay Rd Ste 150,5246254332,Robert Krause,Detail Only,Office Visit (no prescriber contact),"['Neurexa', 'RxProgram', 'Zemlora', 'Trivaxa']",Aimee Montoya,482554,0,1,0,2024-09-03
a04Qk000004H9nl,Field,WI,53142,Kenosha,6121 Green Bay Rd Ste 150,5246254332,Robert Krause,Detail Only,Office Visit (no prescriber contact),"['Neurexa', 'RxProgram', 'Zemlora', 'Trivaxa']",Victor Brown,274389,0,0,0,2024-09-06
a04Qk000004BtRt,Field,SC,29072,Lexington,103 Thompson St Ste 100,5249624614,Robert Harmon,Detail Only,Office Visit (no prescriber contact),"['Trivaxa', 'Zemlora', 'Neurexa', 'RxProgram']",Laura Haney,922733,1,0,1,2024-08-30
a04Qk00000479M1,Field,MO,63141,Saint Louis,11477 Olde Cabin Rd Ste 200,5249645370,Andrew Brown,Detail Only,HCP Meal,"['Neurexa', 'RxProgram', 'Zemlora']",James Padilla,994141,0,0,1,2024-08-25
a04Qk000004DgDd,Field,MO,63141,Saint Louis,11477 Olde Cabin Rd Ste 200,5249645370,Andrew Brown,Detail Only,Face-to-Face with HCP,"['Zemlora', 'Neurexa', 'RxProgram']",Jessica Holmes,498382,0,1,0,2024-09-01
a04Qk0000048NwR,Field,NY,11577,Roslyn Heights,43 Wickham Rd,5251447232,Maria Martin,Detail Only,HCP Meal,"['Neurexa', 'RxProgram', 'Zemlora', 'Trivaxa']",Dylan Miller,719176,0,1,0,2024-08-26
a04Qk000004FlPJ,Field,NY,11803,Plainview,96 Sagamore Dr,5251447232,Maria Martin,Detail Only,HCP Meal,"['Neurexa', 'RxProgram', 'Zemlora', 'Trivaxa']",Mike Allen,996865,1,1,1,2024-09-03
a04Qk000004Bvzx,Virtual,LA,70810,Baton Rouge,10150 Bluebonnet Blvd,5251659980,Paul Anderson,Detail Only,Fax to HCP Office,"['Zemlora', 'Trivaxa', 'Neurexa', 'RxProgram']",Stephen Mckee,174870,0,0,1,2024-08-30
a04Qk000004CLET,Field,MI,48307,Rochester,441 S Livernois Rd Ste 100,5252834557,Margaret Smith,Detail Only,HCP Meal,"['Zemlora', 'Trivaxa', 'Neurexa', 'RxProgram']",Patty Perez,629903,1,0,1,2024-08-30
a04Qk0000048DQo,Field,AL,36607,Mobile,2560 Old Shell Rd,5259864464,Scott Charles PhD,Detail Only,HCP Meal,"['Zemlora', 'Neurexa', 'RxProgram']",Scott Williams,265080,0,0,0,2024-08-25
a04Qk000004FePR,Field,FL,33133,Miami,3250 Mary St Ste 300,5260128538,Rickey Garcia,Detail Only,Face-to-Face with HCP,"['Zemlora', 'Neurexa', 'RxProgram']",Susan Turner,214576,1,0,1,2024-09-03
a04Qk0000046OlJ,Field,NC,27410,Greensboro,445 Dolley Madison Rd Ste 410,5266367995,Nicholas Andersen,Detail Only,Office Visit (no prescriber contact),"['Zemlora', 'XR-ODT']",Sharon Cochran,383060,0,0,0,2024-08-24
a04Qk000004Dj6f,Field,FL,32571,Pace,5755 Quintette Rd,5268396384,Katherine Smith,Detail Only,HCP Meal,"['Zemlora', 'Neurexa', 'RxProgram']",Renee Bruce,794022,0,0,1,2024-09-01
a04Qk000004DONB,Field,AL,36830,Auburn,665 N Dean Rd,5268590322,Kevin Holder,Detail Only,Office Visit (no prescriber contact),"['Neurexa', 'RxProgram', 'Zemlora']",Kenneth Scott,961722,1,0,1,2024-09-01
a04Qk000004HglJ,Field,MI,48314,Sterling Heights,43200 Dequindre Rd Ste 103,5271739491,Elizabeth Wells,Detail Only,Office Visit (no prescriber contact),"['Zemlora', 'Trivaxa', 'Neurexa', 'RxProgram']",Jason Stein,892495,0,1,0,2024-09-06
a04Qk000004Dh3F,Field,OH,45069,West Chester,9117 Cincinnati Columbus Rd,5274365612,Ann Ramos,Detail Only,Office Visit (no prescriber contact),"['Neurexa', 'RxProgram', 'Zemlora', 'Trivaxa']",Jeffrey Chavez,948749,0,0,0,2024-09-01
a04Qk000004ExQv,Field,FL,32607,Gainesville,529 NW 60th St,5274456271,Joseph Anderson,Detail Only,Face-to-Face with HCP,"['Zemlora', 'XR-ODT']",Yvonne Chambers,791798,0,0,0,2024-09-02
a04Qk000004ENqT,Field,RI,02886,Warwick,300 Centerville Rd Ste 101W,5276352208,Curtis Benson,Detail Only,Virtual Call,"['Neurexa', 'RxProgram', 'Zemlora']",Shannon James,340062,0,0,0,2024-09-01
a04Qk000004Gr1H,Field,GA,30096,Duluth,3855 Pleasant Hill Rd Ste 210,5282567365,Jeffrey Gibson,Detail Only,Face-to-Face with HCP,"['Neurexa', 'RxProgram', 'Zemlora']",Krista Gibson,543692,0,0,1,2024-09-06
a04Qk000004BvIP,Field,NY,10940,Middletown,111 Maltese Dr,5286886686,Jacqueline West,Detail Only,Office Visit (no prescriber contact),"['Neurexa', 'RxProgram', 'Zemlora', 'Trivaxa']",Philip Cannon,325772,0,1,1,2024-08-30
a04Qk000004EUdR,Field,NE,68505,Lincoln,6301 Orchard St Ste 3,5287013052,Michael Thomas,Detail Only,Face-to-Face with HCP,"['Neurexa', 'RxProgram', 'Trivaxa']",Brent Jordan,145561,0,0,0,2024-09-02
a04Qk0000048j13,Field,AL,35213,Birmingham,790 Montclair Rd Ste 200,5291001538,Robert James,Detail Only,Office Visit (no prescriber contact),"['Neurexa', 'RxProgram', 'Zemlora']",Christine Wright,660086,0,0,1,2024-08-26
a04Qk0000046Bcn,Field,TN,37922,Knoxville,194B Market Place Blvd,5291673898,Mrs. Tricia Hernandez,Detail Only,Office Visit (no prescriber contact),"['Zemlora', 'Neurexa', 'RxProgram']",Charles Schultz,328275,0,1,1,2024-08-24
a04Qk000004DH2L,Virtual,NJ,07974,New Providence,556 Central Ave,5300481274,David Wilkerson,Detail Only,Phone Call with Office Staff,['Lexcura/Cymbrin/Multi-Vi-Flor'],Jesse Brown,539589,1,0,1,2024-09-01
a04Qk0000047FRR,Field,SC,29464,Mt Pleasant,913 Bowman Rd Ste 104,5300901621,Laura Jones,Detail Only,Virtual Call with HCP,"['Zemlora', 'Neurexa', 'RxProgram']",Mr. Andrew Foster,152578,0,0,1,2024-08-25
a04Qk000004C8PK,Field,SC,29464,Mt Pleasant,913 Bowman Rd Ste 104,5300901621,Laura Jones,Detail Only,HCP Meal,"['Zemlora', 'Neurexa', 'RxProgram']",Joann Glass,707040,1,0,1,2024-08-30
a04Qk000004Erbd,Field,SC,29464,Mt Pleasant,913 Bowman Rd Ste 104,5300901621,Laura Jones,Detail Only,Virtual Call with HCP,"['Zemlora', 'Neurexa', 'RxProgram']",Matthew Foster,688508,1,0,0,2024-09-02
a04Qk000004FQhT,Virtual,IL,62703,Springfield,1025 S 6th St,5313972664,Rebecca Tyler,Detail Only,Phone Call with Office Staff,"['Zemlora', 'Trivaxa', 'Neurexa', 'RxProgram']",Stephen Mckee,174870,1,0,1,2024-09-03
a04Qk0000047L0b,Virtual,TN,38017,Collierville,400 Market Blvd Ste 101,5314023401,Angela Lowe,Detail Only,Fax to HCP Office,"['Zemlora', 'Trivaxa', 'Neurexa', 'RxProgram']",Brian Rodriguez,488162,1,0,0,2024-08-25
a04Qk000004H2cb,Field,NY,10011,New York,425 W 23rd St Rm 1B,5314997040,Mrs. Rebecca Hill,Detail Only,Office Visit (no prescriber contact),"['Neurexa', 'RxProgram', 'Zemlora']",Shelia Wallace,639131,1,0,1,2024-09-03
a04Qk000004Ba15,Field,NC,27609,Raleigh,3500 Bush St,5316440094,Robert Duncan,Detail Only,Office Visit (no prescriber contact),"['Zemlora', 'Neurexa', 'RxProgram']",Kenneth Lewis,865990,0,0,0,2024-08-29
a04Qk0000047Xg5,Field,TX,77584,Pearland,1901 Kirby Dr Ste 109,5324394334,Robert Mccoy,Detail Only,Face-to-Face with HCP,"['Trivaxa', 'Neurexa', 'RxProgram']",Lisa Allen,324643,1,0,1,2024-08-25
a04Qk0000046PFx,Field,FL,32539,Crestview,127 E Redstone Ave Ste B,5333742714,Danielle Stokes,Detail Only,Office Visit (no prescriber contact),"['Zemlora', 'Neurexa', 'RxProgram']",Gary Jackson,171262,0,0,1,2024-08-24
a04Qk000004HS7F,Field,GA,30080,Smyrna,3188 Atlanta Rd SE,5337633138,Donald Hardy,Detail Only,Face-to-Face with HCP,"['Neurexa', 'RxProgram', 'Zemlora']",Shannon Rivera,653306,0,0,1,2024-09-06
a04Qk000004HXYL,Field,GA,30080,Smyrna,3188 Atlanta Rd SE,5337633138,Donald Hardy,Detail Only,Face-to-Face with HCP,"['Neurexa', 'RxProgram', 'Zemlora']",Gabrielle Davis,872246,0,0,0,2024-09-06
a04Qk000004GxHy,Field,FL,32258,Jacksonville,14810 Old Saint Augustine Rd,5341240551,Zoe Solis,Detail Only,Office Visit (no prescriber contact),"['Neurexa', 'RxProgram', 'Zemlora', 'Trivaxa']",Anthony Everett,728038,0,1,0,2024-09-06
a04Qk000004DmHS,Field,TX,78664,Round Rock,1000 Heritage Center Cir,5347600143,Nicole Garcia,Detail Only,Office Visit (no prescriber contact),"['Zemlora', 'Neurexa', 'RxProgram']",Crystal Johnson,330283,0,0,1,2024-09-01
a04Qk000004EIQi,Virtual,PA,15238,Pittsburgh,1386 Old Freeport Rd Ste 1Af,5352644588,Samantha Kent,Detail Only,Fax to HCP Office,"['Neurexa', 'RxProgram']",Joanna Pacheco,648177,1,0,0,2024-09-02
a04Qk000004EHwO,Virtual,PA,15238,Pittsburgh,1386 Old Freeport Rd Ste 1Af,5352644588,Samantha Kent,Detail Only,Phone Call with HCP,"['Zemlora', 'Trivaxa', 'Neurexa', 'RxProgram']",Elizabeth Perkins,982554,0,1,0,2024-09-02
a04Qk000004DF6z,Field,FL,32258,Jacksonville,13241 Bartram Park Blvd Unit 1901,5353987785,John Santiago,Detail Only,Office Visit (no prescriber contact),"['Neurexa', 'RxProgram', 'Trivaxa', 'Zemlora']",Chad Scott,599948,0,1,1,2024-09-01
a04Qk000004DF6z,Field,FL,32258,Jacksonville,13241 Bartram Park Blvd Unit 1901,5353987785,John Santiago,Detail Only,Office Visit (no prescriber contact),"['Neurexa', 'RxProgram', 'Trivaxa', 'Zemlora']",Chad Scott,599948,0,1,1,2024-09-01
a04Qk000004CDSD,Field,FL,32073,Orange Park,1543 Kingsley Ave Ste 14,5355856105,Joseph Whitehead,Detail Only,Office Visit (no prescriber contact),"['Neurexa', 'RxProgram', 'Zemlora']",Christopher Rubio,688637,0,1,1,2024-08-30
a04Qk000004EHjm,Field,OH,43701,Zanesville,751 Forest Ave Ste 401,5369567584,Brandon Austin,Detail Only,HCP Meal,"['Trivaxa', 'Zemlora', 'Neurexa', 'RxProgram']",Elizabeth Perkins,982554,0,0,0,2024-09-02
a04Qk000004EWH3,Virtual,LA,70448,Mandeville,280 Bunting Dr,5372846915,Leon Lee,Detail Only,Fax to HCP Office,"['Zemlora', 'Trivaxa', 'Neurexa', 'RxProgram']",Rodney Morales,439902,1,0,0,2024-09-02
a04Qk000004AKQR,Field,MI,49418,Grandville,3185 Macatawa Dr SW Ste A,5372936891,Reginald Montoya,Detail Only,Office Visit (no prescriber contact),"['Trivaxa', 'Zemlora', 'Neurexa', 'RxProgram']",Lori Hernandez,141672,0,0,1,2024-09-02
a04Qk000004FlE1,Field,IL,60585,Plainfield,24600 W 127th St Bldg B,5373314903,Wesley Cummings,Detail Only,Face-to-Face with HCP,"['Neurexa', 'RxProgram', 'Zemlora', 'Trivaxa']",Nathan Freeman,211579,0,0,0,2024-09-03
a04Qk0000047Yh0,Field,MD,21204,Towson,120 Sister Pierre Dr Ste 403,5373716066,Catherine Allen,Detail Only,Office Visit (no prescriber contact),"['Zemlora', 'XR-ODT']",Edward Burgess,544154,0,0,0,2024-08-25
a04Qk000004EmfB,Field,MD,21093,Timonium,1447 York Rd Ste 601,5373716066,Catherine Allen,Detail Only,Office Visit (no prescriber contact),"['Zemlora', 'XR-ODT']",Jenna Larson,414569,1,0,0,2024-09-02
a04Qk000004EiBm,Field,IL,60173,Schaumburg,1701 E Woodfield Rd Ste 1000,5376460403,Sara Graham,Detail Only,Office Visit (no prescriber contact),"['Neurexa', 'RxProgram']",Jeffrey Chavez,948749,0,0,0,2024-09-02
a04Qk000004AGE5,Virtual,NJ,07871,Sparta,21 Lafayette Rd Ste F,5383931429,Kenneth Mccarty,Detail Only,Phone Call with Office Staff,['Lexcura/Cymbrin/Multi-Vi-Flor'],Shannon Jones,460663,1,0,1,2024-08-29
a04Qk000004BtQI,Field,NY,10940,Middletown,707 E Main St,5387160194,Rachel Anderson,Detail Only,Office Visit (no prescriber contact),"['Neurexa', 'RxProgram', 'Zemlora', 'Trivaxa']",Paul Wilson,428838,0,1,0,2024-08-30
a04Qk000004EZDJ,Virtual,IN,46514,Elkhart,3301 County Road 6 E,5388521517,Brittany Smith DDS,Detail Only,Fax to HCP Office,"['Neurexa', 'RxProgram']",Denise Mccann,665579,1,0,1,2024-09-02
a04Qk000004FZuP,Field,OH,45005,Middletown,6730 Roosevelt Ave Ste 201,5392807547,Katie Wall,Detail Only,Virtual Call with HCP,"['Neurexa', 'RxProgram', 'Zemlora', 'Trivaxa']",Jamie Arnold,876646,0,1,1,2024-09-03
a04Qk000004BvFB,Field,NY,10940,Middletown,111 Maltese Dr,5396403887,Sarah Suarez,Detail Only,Office Visit (no prescriber contact),"['Neurexa', 'RxProgram', 'Zemlora', 'Trivaxa']",Angel Perry,377746,0,0,1,2024-08-30
a04Qk000004EdLl,Field,FL,33156,Coral Gables,6705 Red Rd Ph 1,5407505999,Carol Phillips,Detail Only,Virtual Call,"['Neurexa', 'RxProgram', 'Zemlora']",Shirley Suarez,575435,1,0,1,2024-09-02
a04Qk000004CNrN,Field,GA,30076,Roswell,11755 Pointe Pl Ste A1,5409651441,Jennifer Smith,Detail Only,Face-to-Face with HCP,"['Zemlora', 'Neurexa', 'RxProgram']",Susan Serrano,609597,1,1,0,2024-08-30
a04Qk000004FirF,Field,PA,18034,Center Valley,5445 Lanark Rd Ste 202,5418036870,Sophia Wilcox,Detail Only,Office Visit (no prescriber contact),"['Zemlora', 'Trivaxa', 'Neurexa', 'RxProgram']",Sarah Moore,148050,0,0,0,2024-09-03
a04Qk000004D2GD,Field,TX,77478,Sugar Land,15400 Southwest Fwy Ste 300,5423866898,David Cooper,Detail Only,Office Visit (no prescriber contact),"['Trivaxa', 'Neurexa', 'RxProgram']",Katie Suarez,642717,1,0,1,2024-08-30
a04Qk0000049cQL,Field,IL,60630,Chicago,5420 N Milwaukee Ave,5424878340,John Robinson,Detail Only,Face-to-Face with HCP,"['Zemlora', 'Neurexa', 'RxProgram', 'Trivaxa']",Jamie Arnold,876646,0,0,0,2024-08-25
a04Qk000004EroX,Virtual,NC,27804,Rocky Mount,91 Enterprise Dr,5431247263,Mary Woodward,Detail Only,Phone Call with Clinical Staff,['Norexel'],Anthony Harmon,115474,1,0,0,2024-09-02
a04Qk000004CWRe,Field,OH,45209,Cincinnati,4000 Smith Rd Ste 175,5432564273,Julie Jones,Detail Only,Face-to-Face with HCP,"['Neurexa', 'RxProgram', 'Zemlora', 'Trivaxa']",Joann Ferguson,238890,0,1,1,2024-08-30
a04Qk000004FZcf,Field,IL,60325,Oak Brook,2803 Butterfield Rd,5436409234,Casey Le,Detail Only,Face-to-Face with HCP,"['Zemlora', 'Neurexa', 'RxProgram', 'Trivaxa']",Brittany Farmer,267414,0,0,1,2024-09-03
a04Qk000004CGMr,Field,IL,60015,Deerfield,707 Lake Cook Rd Ste 309,5437897353,Ashley Reynolds,Detail Only,Face-to-Face with HCP,"['Neurexa', 'RxProgram', 'Zemlora', 'Trivaxa']",Megan Nelson,163918,0,1,1,2024-08-30
a04Qk000004Diov,Field,TX,77379,Spring,18603 Champion Forest Dr,5445568032,Shannon Porter,Detail Only,Face-to-Face with HCP,"['Neurexa', 'RxProgram', 'Zemlora', 'Trivaxa']",Theresa Clark,422451,0,0,0,2024-09-01
a04Qk000004CVfG,Field,AL,35768,Scottsboro,505 Burlington St,5448914480,Anthony Thomas,Detail Only,Face-to-Face with HCP,"['Neurexa', 'RxProgram', 'Zemlora', 'Trivaxa']",Jasmin Alvarado,341292,1,0,1,2024-08-30
a04Qk000004DRxY,Field,IL,60076,Skokie,4711 Golf Rd Ste 1200,5452107324,Andrew Davis,Detail Only,HCP Meal,"['Neurexa', 'RxProgram', 'Zemlora']",Johnathan Davis,300896,1,0,1,2024-09-01
a04Qk000004C5G9,Field,NC,28358,Lumberton,2003 Godwin Ave,5457477831,Robert Walsh,Detail Only,Virtual Call with HCP,"['Neurexa', 'RxProgram', 'Zemlora', 'Trivaxa']",Stephanie Manning,711878,0,0,0,2024-08-30
a04Qk000004AGaf,Field,FL,32256,Jacksonville,9141 Cypress Green Dr Ste 1,5466542593,Angela Lucas,Detail Only,Office Visit (no prescriber contact),"['Neurexa', 'RxProgram', 'Zemlora']",Jonathan Lawrence,330914,0,0,0,2024-08-29
a04Qk000004EL8j,Virtual,NH,03053,Londonderry,50 Nashua Rd Ste 301,5466877053,Debbie Jones,Detail Only,Phone Call with Office Staff,"['Zemlora', 'Neurexa', 'RxProgram']",Paula Bradley,871476,1,0,1,2024-09-02
a04Qk0000047Itx,Field,OH,43110,Canal Winchester,7901 Diley Rd Ste 260,5468189277,Andre Decker,Detail Only,Office Visit (no prescriber contact),"['Neurexa', 'RxProgram', 'Trivaxa', 'Zemlora']",Jeremy Reed,698782,0,0,1,2024-08-26
a04Qk000004DmUL,Field,PA,19406,King Of Prussia,201 Mall Blvd # St 204,5473789655,Barbara Johnson,Detail Only,Office Visit (no prescriber contact),"['Neurexa', 'RxProgram', 'Zemlora']",Victor Baker,913694,1,0,1,2024-09-01
a04Qk000004DmUL,Field,PA,19406,King Of Prussia,201 Mall Blvd # St 204,5473789655,Barbara Johnson,Detail Only,Office Visit (no prescriber contact),"['Neurexa', 'RxProgram', 'Zemlora']",Victor Baker,913694,1,0,1,2024-09-01
a04Qk0000048UOP,Field,NC,28401,Wilmington,1907 S 17th St,5473918992,Jennifer Mckee,Detail Only,Face-to-Face with HCP,"['Neurexa', 'RxProgram', 'Zemlora']",Christopher Parker,955662,0,0,0,2024-08-25
a04Qk000004DOa5,Field,MI,48075,Southfield,18000 W 9 Mile Rd Ste 750,5482451055,Nicole Flores,Detail Only,HCP Meal,"['Zemlora', 'Neurexa', 'RxProgram']",Sandra Drake,656926,0,0,1,2024-09-06
a04Qk000004EdK9,Field,TX,75034,Frisco,5680 Frisco Sq Blvd Ste 1200,5483796789,Margaret Mitchell,Detail Only,HCP Meal,"['Trivaxa', 'Zemlora', 'Neurexa', 'RxProgram']",Veronica Simpson,717024,0,0,1,2024-09-02
a04Qk000004FUOU,Virtual,IN,47978,Rensselaer,123 S McKinley Ave,5488856289,Amy Bowen,Detail Only,Phone Call with Office Staff,"['Zemlora', 'Trivaxa']",Jason Stein,892495,1,0,0,2024-09-03
a04Qk000004Flqj,Field,IL,60544,Plainfield,14953 S Van Dyke Rd,5490920142,Rebecca Harris,Detail Only,Face-to-Face with HCP,"['Neurexa', 'RxProgram', 'Zemlora', 'Trivaxa']",Carrie Wright,802258,0,0,1,2024-09-03
a04Qk0000046LsH,Field,KS,66049,Lawrence,4930 Overland Dr,5492864290,Bradley Miller,Detail Only,HCP Meal,"['Neurexa', 'RxProgram', 'Zemlora']",Brittney Phillips,301629,0,1,0,2024-08-24
a04Qk000004APCX,Field,MI,48911,Lansing,3955 Patient Care Dr Ste A,5494507258,James Richardson,Detail Only,Office Visit (no prescriber contact),"['Neurexa', 'RxProgram']",Elizabeth Fowler,944962,0,0,1,2024-09-01
a04Qk000004DltG,Field,AL,36607,Mobile,1835 Old Shell Rd,5496074778,Christopher Hancock,Detail Only,Office Visit (no prescriber contact),"['Zemlora', 'Neurexa', 'RxProgram']",Jennifer Adkins,757924,0,1,1,2024-08-29
a04Qk0000048GyA,Virtual,CO,80222,Denver,4155 E Jewell Ave Ste 225,5496756264,Nicole Freeman,Detail Only,Phone Call with HCP,"['Zemlora', 'Neurexa', 'RxProgram']",Ryan Munoz,207473,0,0,0,2024-08-26
a04Qk0000048Qkc,Field,MI,48374,Novi,26850 Providence Pkwy Ste 300,5501641200,Scott Martin,Detail Only,Virtual Call with HCP,"['Neurexa', 'RxProgram']",Denise Jacobs,472528,0,0,1,2024-08-26
a04Qk0000048zGw,Field,FL,32501,Pensacola,1221 E De Soto St,5504176248,Jacob Lynch,Detail Only,Office Visit (no prescriber contact),"['Zemlora', 'Neurexa', 'RxProgram']",Andrew Reynolds,903035,0,0,1,2024-08-26
a04Qk000004GKJp,Field,VA,23112,Midlothian,2937 Fox Chase Ln,5505272928,Paige Taylor,Detail Only,Office Visit (no prescriber contact),"['Zemlora', 'Neurexa', 'RxProgram', 'Trivaxa']",Whitney Peters,705397,0,0,1,2024-09-03
a04Qk000004EwWT,Field,KS,67214,Wichita,855 N Hillside St,5506242281,Beverly Banks,Detail Only,Face-to-Face with HCP,"['Neurexa', 'RxProgram', 'Zemlora']",Cristian Santos,388389,0,0,0,2024-09-02
a04Qk0000041reJ,Field,IL,60201,Evanston,501 Davis St,5509178164,Drew Lambert,Detail Only,HCP Meal,"['Neurexa', 'RxProgram', 'Zemlora']",Douglas Gregory,159942,0,0,1,2024-08-30
a04Qk00000477wv,Virtual,KY,40509,Lexington,100 N Eagle Creek Dr,5510594900,Alexandria Townsend,Detail Only,Phone Call with Office Staff,['Norexel'],Lori Guerrero,189814,0,0,1,2024-08-25
a04Qk00000477yX,Virtual,KY,40509,Lexington,100 N Eagle Creek Dr,5510594900,Alexandria Townsend,Detail Only,Fax to HCP Office,"['Neurexa', 'RxProgram']",Jeremy Reed,698782,1,0,0,2024-08-25
a04Qk000004CUOD,Field,TX,75035,Frisco,4461 Coit Rd Ste 405,5512588763,Raymond Rodriguez,Detail Only,HCP Meal,"['Zemlora', 'Trivaxa', 'Neurexa', 'RxProgram']",John Anderson,542666,1,0,1,2024-08-30
a04Qk0000046FbZ,Field,OH,45230,Cincinnati,7810 5 Mile Rd,5516264572,Deanna Hudson,Detail Only,HCP Meal,"['Neurexa', 'RxProgram', 'Zemlora', 'Trivaxa']",Michael Elliott,813328,0,0,1,2024-08-24
a04Qk000004Hl6f,Field,OH,45230,Cincinnati,7810 5 Mile Rd,5516264572,Deanna Hudson,Detail Only,HCP Meal,"['Neurexa', 'RxProgram', 'Zemlora', 'Trivaxa']",Anthony Everett,728038,0,0,0,2024-09-06
a04Qk000004FrHp,Field,GA,30501,Gainesville,200 Wisteria Dr,5519715781,James Beltran,Detail Only,Face-to-Face with HCP,"['Zemlora', 'Neurexa', 'RxProgram']",Linda Smith,564656,0,0,0,2024-09-03
a04Qk0000048as1,Field,MA,02451,Waltham,303 Wyman St Ste 300 #1230,5522036355,Dylan Arellano,Detail Only,Office Visit (no prescriber contact),"['Neurexa', 'RxProgram', 'Zemlora']",Sharon Cherry,271339,0,0,1,2024-08-26
a04Qk0000048zdV,Field,AL,36532,Fairhope,21950 State Highway 181 Ste A1,5524193424,Gina Patton,Detail Only,Office Visit (no prescriber contact),"['Zemlora', 'Neurexa', 'RxProgram']",Amy Silva,172933,1,0,1,2024-08-25
a04Qk000004FssD,Field,AL,36532,Fairhope,21950 State Highway 181 Ste A1,5524193424,Gina Patton,Detail Only,HCP Meal,"['Zemlora', 'Neurexa', 'RxProgram']",Joshua Reed,167136,1,0,1,2024-09-02
a04Qk000004Deq9,Field,FL,32713,Debary,352 Englenook Dr,5531105403,Joe Jones,Detail Only,Face-to-Face with HCP,"['Zemlora', 'XR-ODT']",Patricia Rodriguez,881177,0,0,1,2024-09-01
a04Qk000004LDkj,Field,MD,21113,Odenton,1363 Becknel Ave,5532106581,Melinda Lewis,Detail Only,Virtual Call with HCP,"['Zemlora', 'XR-ODT']",Denise Jones,329974,0,0,0,2024-09-06
a04Qk000004AkGz,Field,NY,10155,New York,150 E 58th St Fl 25,5535175323,Ryan Lewis,Detail Only,Office Visit (no prescriber contact),"['Neurexa', 'RxProgram', 'Zemlora']",Aimee Turner,712554,1,0,1,2024-08-29
a04Qk000004EprZ,Field,TX,77401,Bellaire,6330 West Loop S Ste 650,5535196059,Michelle Huynh,Detail Only,Office Visit (no prescriber contact),"['Zemlora', 'Neurexa', 'RxProgram']",Lisa Hunter,712024,0,0,0,2024-09-02
a04Qk000004FY3t,Field,FL,32216,Jacksonville,1539 Parental Home Rd,5536561651,Christopher Johnson,Detail Only,Office Visit (no prescriber contact),"['Neurexa', 'RxProgram', 'Zemlora', 'Trivaxa']",John Daniel,865179,0,1,1,2024-09-03
a04Qk000004Gytx,Field,GA,30046,Lawrenceville,595 Hurricane Shoals Rd NW Ste 300,5537093118,Kelsey Wilkerson,Detail Only,Face-to-Face with HCP,"['Neurexa', 'RxProgram', 'Zemlora']",Laura Haney,922733,0,0,0,2024-09-06
a04Qk000004EOpl,Virtual,LA,70809,Baton Rouge,4200 Essen Ln,5537705610,Jacqueline Burton,Detail Only,Phone Call with Clinical Staff,"['Zemlora', 'Neurexa', 'RxProgram']",Whitney Peters,705397,0,0,1,2024-09-02
a04Qk000004Ay2F,Field,IL,60044,Lake Bluff,917 Sherwood Dr Ste 100,5539414953,Rita Case,Detail Only,Office Visit (no prescriber contact),"['Neurexa', 'RxProgram', 'Zemlora', 'Trivaxa']",Kerry Chavez DDS,520521,0,0,1,2024-08-29
a04Qk000004GwSL,Field,GA,30043,Lawrenceville,1925 Old Peachtree Rd NE,5540765245,Lauren Washington,Detail Only,HCP Meal,"['Neurexa', 'RxProgram', 'Zemlora']",Ryan Munoz,207473,0,0,0,2024-09-06
a04Qk000004Bb0N,Field,OH,43082,Westerville,400 Altair Pkwy Ste 3100,5545992477,Alison Wilson,Detail Only,HCP Meal,"['Zemlora', 'Trivaxa', 'Neurexa', 'RxProgram']",Melissa Gates,149405,0,0,1,2024-08-30
a04Qk0000049e5Z,Field,TX,77024,Houston,952 Echo Ln Ste 210,5550030104,Kim Nelson,Detail Only,Office Visit (no prescriber contact),"['Neurexa', 'RxProgram', 'Zemlora']",Ronald Davis,922157,0,0,1,2024-08-24
a04Qk000004H8A9,Field,TX,77024,Houston,952 Echo Ln Ste 210,5550030104,Kim Nelson,Detail Only,Office Visit (no prescriber contact),"['Neurexa', 'RxProgram', 'Zemlora']",Sierra Johnson,584714,0,0,1,2024-09-03
a04Qk0000048icf,Field,AL,35213,Mountain Brk,3900 Montclair Rd Ste 340,5564729256,Jonathan Gaines,Detail Only,Office Visit (no prescriber contact),"['Neurexa', 'RxProgram', 'Zemlora', 'Trivaxa']",Rodney Morales,439902,1,1,1,2024-08-26
a04Qk000004Dfiz,Field,NC,27599,Chapel Hill,590 Manning Dr,5571866412,Joe Henderson,Detail Only,Office Visit (no prescriber contact),"['Zemlora', 'XR-ODT']",Courtney Gonzalez,581141,0,0,1,2024-09-01
a04Qk00000473Bl,Field,FL,32250,Jacksonville Beach,1538 The Greens Way Ste 101,5571932092,Sean Holland,Detail Only,Office Visit (no prescriber contact),"['Zemlora', 'Neurexa', 'RxProgram']",Jenna Larson,414569,0,0,0,2024-08-25
a04Qk000004H2nu,Field,TX,77381,The Woodlands,8701 New Trails Dr Ste 150,5573804620,Matthew Farmer,Detail Only,Face-to-Face with HCP,"['Neurexa', 'RxProgram', 'Trivaxa', 'Zemlora']",Carolyn Miller,608993,1,1,1,2024-09-02
a04Qk000004EzCb,Field,VA,23502,Norfolk,6353 Center Dr Ste 204,5575600682,Jacob Buckley,Detail Only,Office Visit (no prescriber contact),"['Neurexa', 'RxProgram', 'Zemlora']",Nichole Alvarez,197793,0,0,1,2024-09-02
a04Qk000004BvNF,Field,NY,10941,Middletown,155 Crystal Run Rd,5575730640,Bradley Maddox,Detail Only,Office Visit (no prescriber contact),"['Zemlora', 'Neurexa', 'RxProgram', 'Trivaxa']",Whitney Peters,705397,1,0,0,2024-08-30
a04Qk000004DJqX,Field,LA,70570,Opelousas,204 W North St,5576048528,Wendy Lawrence,Detail Only,Office Visit (no prescriber contact),['Norexel'],Yvonne Burns,335612,0,0,1,2024-09-01
a04Qk0000048sfF,Field,FL,33614,Tampa,4710 N Habana Ave Ste 307,5580099995,Peter Williams,Detail Only,HCP Meal,"['Neurexa', 'RxProgram', 'Zemlora', 'Trivaxa']",Jessica Stephens,867460,0,0,0,2024-08-26
a04Qk000004Eavl,Field,TX,75093,Plano,6404 International Pkwy Ste 1010,5583653593,Caroline Torres,Detail Only,HCP Meal,"['Zemlora', 'Trivaxa', 'Neurexa', 'RxProgram']",James Brown,759176,0,0,1,2024-09-02
a04Qk000004LCqH,Field,MD,20852,Rockville,11125 Rockville Pike Ste 307,5586853433,Heidi Ewing,Detail Only,HCP Meal,"['Zemlora', 'XR-ODT']",Angie Henderson,126225,0,1,1,2024-09-06
a04Qk0000046FA9,Field,FL,34655,Trinity,9332 State Road 54 Ste 307,5588352153,Austin Jackson,Detail Only,Face-to-Face with HCP,"['Neurexa', 'RxProgram', 'Zemlora', 'Trivaxa']",Jennifer Adkins,757924,1,0,1,2024-08-24
a04Qk000004Fowf,Field,FL,34655,Trinity,9332 State Road 54 Ste 307,5588352153,Austin Jackson,Detail Only,Face-to-Face with HCP,"['Neurexa', 'RxProgram', 'Zemlora', 'Trivaxa']",Kimberly Gibson,454508,0,0,1,2024-09-03
a04Qk000004C0Wb,Virtual,NJ,07030,Hoboken,333 15th St Fl 2,5591023164,Zachary White,Detail Only,Phone Call with Office Staff,['Lexcura/Cymbrin/Multi-Vi-Flor'],Susan Murray MD,804314,1,1,1,2024-08-30
a04Qk0000047FMb,Field,SC,29464,Mount Pleasant,913 Bowman Rd Ste 104,5591624721,Kimberly Bailey,Detail Only,Virtual Call with HCP,"['Zemlora', 'Neurexa', 'RxProgram']",Alex Hernandez,112038,0,0,1,2024-08-25
a04Qk000004C8ig,Field,SC,29464,Mount Pleasant,913 Bowman Rd Ste 104,5591624721,Kimberly Bailey,Detail Only,HCP Meal,"['Zemlora', 'Neurexa', 'RxProgram']",James Parks,526156,0,0,1,2024-08-30
a04Qk000004EMcf,Virtual,LA,70471,Mandeville,521 Asbury Dr,5594523099,Derek Henry,Detail Only,Fax to HCP Office,"['Zemlora', 'Trivaxa', 'Neurexa', 'RxProgram']",Daniel Baker,391476,1,0,1,2024-09-02
a04Qk000004Chmr,Field,OH,43214,Columbus,4885 Olentangy River Rd Ste 210,5595416149,Justin Jones,Detail Only,HCP Meal,"['Zemlora', 'Trivaxa', 'Neurexa', 'RxProgram']",Jasmin Alvarado,341292,0,1,0,2024-09-01
a04Qk000004FV61,Field,SC,29072,Lexington,424 Old Cherokee Rd,5598125661,Annette Glover,Detail Only,Office Visit (no prescriber contact),"['Trivaxa', 'Zemlora', 'Neurexa', 'RxProgram']",Brian Lee,899550,0,0,1,2024-09-03
a04Qk000004DLM5,Field,LA,70570,Opelousas,1200 Hospital Dr Ste 5,5602110589,Elizabeth Cummings,Detail Only,Office Visit (no prescriber contact),"['Zemlora', 'XR-ODT']",Dana Martinez,947272,0,1,0,2024-09-01
a04Qk000004AubJ,Field,IN,47712,Evansville,100 S Rosenberger Ave Ste B400,5607641593,Debra Holmes,Detail Only,Virtual Call,"['Neurexa', 'RxProgram', 'Zemlora', 'Trivaxa']",Timothy Duncan,377370,0,0,1,2024-08-29
a04Qk000004EBHT,Field,TN,37412,Chattanooga,1508 Tombras Ave,5607795311,Joshua Mcgrath,Detail Only,Office Visit (no prescriber contact),"['Zemlora', 'Neurexa', 'RxProgram']",Rhonda Martin,323508,1,0,1,2024-09-02
a04Qk0000046FBl,Virtual,NY,11716,Bohemia,3920 Veterans Memorial Highway Ste 8,5609355214,Jeffrey Mitchell,Detail Only,Phone Call with Office Staff,['Lexcura/Cymbrin/Multi-Vi-Flor'],Erica Alvarez,431737,1,0,1,2024-08-24
a04Qk000004DZk1,Field,NC,27858,Greenville,1901 Stonehenge Dr,5611911428,Ronald Nicholson,Detail Only,Face-to-Face with HCP,"['Zemlora', 'Norexel', 'Trivaxa', 'Neurexa', 'RxProgram']",Kiara Mcintyre,589710,0,0,1,2024-09-01
a04Qk000004FRX3,Field,NJ,08096,Deptford,1280 Almonesson Rd,5617407800,John Miller,Detail Only,HCP Meal,"['Trivaxa', 'Neurexa', 'RxProgram']",Chad Jones,751332,0,1,1,2024-09-03
a04Qk000004DGZL,Field,NY,10003,New York,57 Saint Marks Pl,5628079894,Cynthia Love,Detail Only,Office Visit (no prescriber contact),"['Neurexa', 'RxProgram', 'Zemlora']",Carla Gray,329258,0,0,0,2024-08-29
a04Qk000004CGZl,Field,KY,40241,Louisville,9710 Park Plaza Ave Unit 107,5628392327,Cindy Nicholson,Detail Only,HCP Meal,"['Neurexa', 'RxProgram', 'Zemlora', 'Trivaxa']",Carol Tucker,969693,0,0,1,2024-08-30
a04Qk000004FYLd,Field,FL,32216,Jacksonville,4190 Belfort Rd Ste 140,5634189469,Andre Rodriguez,Detail Only,Face-to-Face with HCP,"['Neurexa', 'RxProgram', 'Zemlora']",William Baker,748564,0,0,1,2024-09-03
a04Qk000004H86v,Field,TX,77098,Houston,2211 Norfolk St Ste 375,5642779418,Hannah Barton,Detail Only,Face-to-Face with HCP,"['Neurexa', 'RxProgram', 'Zemlora', 'Trivaxa']",Joyce Bowen,174441,0,0,1,2024-09-02
a04Qk000004DF29,Field,FL,32081,Ponte Vedra,400 Colonnade Dr Ste 230,5647272982,Michael Harris,Detail Only,Face-to-Face with HCP,"['Neurexa', 'RxProgram', 'Zemlora', 'Trivaxa']",Kenneth Scott,961722,1,0,1,2024-09-01
a04Qk000004B5wX,Field,FL,33569,Riverview,11968 Balm Riverview Rd,5649016194,Carol Bean,Detail Only,Face-to-Face with HCP,"['Neurexa', 'RxProgram', 'Zemlora']",Michael Lewis,733052,1,1,1,2024-08-29
a04Qk00000472yr,Field,FL,33411,Royal Palm Beach,1402 Royal Palm Beach Blvd Ste 400A,5653574038,Malik Vasquez,Detail Only,Office Visit (no prescriber contact),"['Zemlora', 'Neurexa', 'RxProgram']",Tracy Montoya,487477,0,0,1,2024-08-25
a04Qk000004Ahsb,Field,MA,01904,Lynn,480 Lynnfield St,5654176901,Andrea Beard,Detail Only,Office Visit (no prescriber contact),"['Neurexa', 'RxProgram', 'Zemlora']",Christian Leblanc,378085,0,0,1,2024-08-29
a04Qk000004B8j7,Field,TX,77494,Katy,24022 Cinco Village Center Blvd,5656896124,Robert Ramos,Detail Only,Face-to-Face with HCP,"['Neurexa', 'RxProgram', 'Zemlora', 'Trivaxa']",Ashley Wise,690341,0,0,1,2024-08-29
a04Qk000004DLCP,Field,MO,63128,Saint Louis,13303 Tesson Ferry Rd Ste 150,5656940936,Lydia Marks,Detail Only,Face-to-Face with HCP,"['Trivaxa', 'Neurexa', 'RxProgram']",Daniel Murphy,500156,0,0,1,2024-09-01
a04Qk0000048kJW,Field,FL,32713,Debary,352 Englenook Dr,5660019535,Zachary Smith,Detail Only,Face-to-Face with HCP,"['Zemlora', 'XR-ODT']",Jennifer Adkins,757924,1,0,0,2024-08-26
a04Qk000004Derl,Field,FL,32713,Debary,352 Englenook Dr,5660019535,Zachary Smith,Detail Only,Face-to-Face with HCP,"['Zemlora', 'XR-ODT']",Bryan Gomez,399105,0,1,1,2024-09-01
a04Qk000004Fm0P,Field,VA,22044,Falls Church,6319 Castle Pl Ste 2A,5661175672,David Adams,Detail Only,Face-to-Face with HCP,"['Zemlora', 'XR-ODT']",Amber Obrien,526833,0,1,1,2024-09-03
a04Qk000004HBb3,Field,NC,27030,Mount Airy,100 N Pointe Blvd,5661518447,Ashley Gonzalez,Detail Only,Office Visit (no prescriber contact),"['Zemlora', 'XR-ODT']",Margaret Coleman,704201,1,0,1,2024-09-06
a04Qk0000047aVt,Field,AL,35758,Madison,190 Lime Quarry Rd Ste 115,5666812813,Lisa Wilson,Detail Only,Face-to-Face with HCP,"['Neurexa', 'RxProgram', 'Zemlora', 'Trivaxa']",Shelia Wallace,639131,0,0,1,2024-08-25
a04Qk000004DnBt,Field,AL,36695,Mobile,610 Providence Park Dr E Ste 201,5670117623,Dylan Arnold,Detail Only,Office Visit (no prescriber contact),"['Trivaxa', 'Neurexa', 'RxProgram']",Justin Baker,850800,0,0,1,2024-08-29
a04Qk0000046A0n,Field,NY,11030,Manhasset,1554 Northern Blvd Ste 106,5673089852,Barbara Cortez,Detail Only,Office Visit (no prescriber contact),"['Neurexa', 'RxProgram', 'Zemlora', 'Trivaxa']",Denise Jacobs,472528,1,0,0,2024-08-24
a04Qk0000044aFV,Field,NC,28619,Drexel,306A N Main St,5675184565,Juan Parker,Detail Only,Office Visit (no prescriber contact),"['Neurexa', 'RxProgram', 'Zemlora']",Jonathan Lawrence,330914,0,0,1,2024-08-24
a04Qk000004CSxV,Field,AZ,85202,Mesa,2204 S Dobson Rd Ste 102,5676686201,Daniel Gordon,Detail Only,Office Visit (no prescriber contact),"['Neurexa', 'RxProgram', 'Zemlora']",Michelle Harmon,944151,0,1,1,2024-08-30
a04Qk000004DH5Z,Virtual,NJ,07974,New Providnce,556 Central Ave Ste 1,5679298504,Marvin Gibson,Detail Only,Phone Call with Office Staff,['Lexcura/Cymbrin/Multi-Vi-Flor'],Elizabeth Kelley,852787,0,0,0,2024-09-01
a04Qk0000046Eyr,Field,AL,35244,Hoover,3829 Lorna Rd Ste 328,5691458874,Mariah Fox,Detail Only,Face-to-Face with HCP,"['Neurexa', 'RxProgram', 'Zemlora', 'Trivaxa']",Joyce Solis,375504,0,0,1,2024-08-24
a04Qk000004IwEX,Field,AL,35244,Hoover,3829 Lorna Rd Ste 328,5691458874,Mariah Fox,Detail Only,HCP Meal,"['Neurexa', 'RxProgram', 'Zemlora', 'Trivaxa']",Dana Chapman,171849,0,1,0,2024-09-06
a04Qk000004HBw1,Field,NY,11530,Garden City,1399 Franklin Ave,5692745287,Tyler Figueroa,Detail Only,Face-to-Face with HCP,"['Neurexa', 'RxProgram', 'Zemlora', 'Trivaxa']",Kimberly Gutierrez,891952,1,1,0,2024-09-06
a04Qk000004D2Xx,Field,AL,35768,Scottsboro,508 Gregory St,5694175008,Luis Willis,Detail Only,Office Visit (no prescriber contact),"['Neurexa', 'RxProgram', 'Zemlora', 'Trivaxa']",Theodore Jones Jr.,609231,0,1,0,2024-08-30
a04Qk000004CWrR,Field,OH,45209,Cincinnati,4000 Smith Rd Ste 175,5697230817,Michael Benson,Detail Only,Face-to-Face with HCP,"['Neurexa', 'RxProgram', 'Zemlora', 'Trivaxa']",Dana Martinez,947272,0,0,1,2024-08-30
a04Qk000004EwRd,Field,KS,66214,Lenexa,8629 Bluejacket St,5700335177,Kyle Shaw,Detail Only,Face-to-Face with HCP,"['Neurexa', 'RxProgram', 'Zemlora']",Sandra Drake,656926,1,0,1,2024-09-02
a04Qk000004MxK5,Field,TX,77056,Houston,5151 San Felipe St Ste 1470,5711271694,Hector Hernandez,Detail Only,Face-to-Face with HCP,"['Neurexa', 'RxProgram', 'Trivaxa', 'Zemlora']",David Thompson,783823,0,0,0,2024-09-06
a04Qk000004AFuj,Field,NJ,08690,Hamilton Square,2133 State Highway 33,5711682835,Melissa Clark,Detail Only,Office Visit (no prescriber contact),"['Neurexa', 'RxProgram', 'Zemlora', 'Trivaxa']",Michael Lyons,897549,0,1,0,2024-08-25
a04Qk000004DjOP,Field,TX,77027,Houston,4550 Post Oak Place Dr Ste 320,5717678189,Stephen White,Detail Only,Office Visit (no prescriber contact),"['Neurexa', 'RxProgram', 'Zemlora', 'Trivaxa']",Sharon Cochran,383060,0,0,0,2024-08-30
a04Qk0000043iS1,Field,AZ,85284,Tempe,8675 S Priest Dr Ste 102,5724287031,Christine Stewart,Detail Only,HCP Meal,"['Neurexa', 'RxProgram', 'Zemlora', 'Trivaxa']",Nathan Malone,170674,0,1,1,2024-08-25
a04Qk0000045nvV,Field,GA,30265,Newnan,10 Market Square Way Ste 100,5725301264,Miguel Simmons,Detail Only,Face-to-Face with HCP,"['Neurexa', 'RxProgram', 'Zemlora']",Denise Jacobs,472528,0,0,1,2024-08-24
a04Qk0000048udp,Field,IL,60440,Bolingbrook,440 W Boughton Rd Ste E,5727037203,Andrew Wright,Detail Only,HCP Meal,"['Zemlora', 'Neurexa', 'RxProgram']",Ashley Wise,690341,0,0,1,2024-08-26
a04Qk000004Amc9,Field,SC,29860,North Augusta,140 Allen Ct,5728297583,Michael Hooper,Detail Only,Office Visit (no prescriber contact),"['Trivaxa', 'Zemlora', 'Neurexa', 'RxProgram']",Craig Morrison,225710,0,0,1,2024-08-29
a04Qk000004DmHR,Field,VA,23114,Midlothian,13821 Village Mill Dr,5729013534,Michael Fisher,Detail Only,Office Visit (no prescriber contact),"['Neurexa', 'RxProgram', 'Zemlora', 'Trivaxa']",Paul Wilson,428838,0,0,0,2024-09-01
a04Qk000004LaKj,Field,NC,27514,Chapel Hill,1829 E Franklin St Ste 400,5731418693,Nancy Walters,Detail Only,Face-to-Face with HCP,"['Zemlora', 'Neurexa', 'RxProgram']",Larry Dixon,340174,0,1,1,2024-09-06
a04Qk00000464pp,Field,SC,29732,Rock Hill,1721 Ebenezer Rd Ste 265,5733099936,Christopher Turner,Detail Only,Office Visit (no prescriber contact),"['Zemlora', 'XR-ODT']",Donald Wright,496922,0,0,0,2024-08-24
a04Qk0000046wNB,Field,OH,43215,Columbus,2150 Marble Cliff Office Park Ste B,5734349689,Melissa Johnson,Detail Only,Office Visit (no prescriber contact),"['Neurexa', 'RxProgram', 'Trivaxa', 'Zemlora']",Diane Evans,359947,0,0,1,2024-08-25
a04Qk0000047IE1,Field,TN,37923,Knoxville,9220 Park West Blvd Ste 1,5736033856,Gregory Richards,Detail Only,Office Visit (no prescriber contact),"['Trivaxa', 'Zemlora', 'Neurexa', 'RxProgram']",Kelly Donovan,183667,0,0,0,2024-08-25
a04Qk0000046M1y,Field,VA,23502,Norfolk,6330 Newtown Rd Ste 250,5738371883,Alan Owens,Detail Only,HCP Meal,"['Neurexa', 'RxProgram', 'Zemlora', 'Trivaxa']",Julia Torres,684004,0,0,1,2024-08-24
a04Qk000004GzlB,Virtual,NC,28078,Huntersville,15940C Northcross Dr,5753552014,Robert Wright,Detail Only,Fax to HCP Office,"['Norexel', 'Neurexa', 'RxProgram']",Theresa Clark,422451,1,1,1,2024-09-06
a04Qk000004B189,Field,IL,60048,Libertyville,1860 W Winchester Rd Ste 106,5756381037,Mary Bradley,Detail Only,Office Visit (no prescriber contact),"['Neurexa', 'RxProgram', 'Zemlora']",Cassandra Gaines,895667,0,0,1,2024-08-29
a04Qk000004EwzV,Field,TX,75071,Mckinney,177 N Ridge Rd,5760729415,Paul Valentine,Detail Only,Office Visit (no prescriber contact),"['Zemlora', 'Trivaxa', 'Neurexa', 'RxProgram']",Shannon Jones,460663,0,0,0,2024-09-02
a04Qk000004CIOf,Field,AZ,85281,Tempe,1492 S Mill Ave Ste 206,5764064907,Danielle Martin MD,Detail Only,Virtual Call,"['Neurexa', 'RxProgram', 'Zemlora']",Brandon Bailey MD,377932,1,0,0,2024-08-30
a04Qk000004Ew9t,Field,TX,75070,Mckinney,7701 Eldorado Pkwy Ste 300,5764347469,Angela Chen,Detail Only,Office Visit (no prescriber contact),"['Zemlora', 'Trivaxa', 'Neurexa', 'RxProgram']",Mark Brown,612340,0,0,0,2024-09-02
a04Qk0000048LJV,Field,MO,63131,Saint Louis,3009 N Ballas Rd Ste 141,5770841685,Ryan Peck,Detail Only,Face-to-Face with HCP,"['Zemlora', 'Neurexa', 'RxProgram']",Daniel Baker,391476,1,1,0,2024-08-25
a04Qk000004C9YJ,Field,AL,35768,Scottsboro,23800 John T Reid Pkwy,5770983326,Timothy Bryan,Detail Only,Face-to-Face with HCP,"['Neurexa', 'RxProgram', 'Trivaxa', 'Zemlora']",Cathy Robinson,260263,0,1,1,2024-08-30
a04Qk000004DKxt,Field,FL,32259,Saint Johns,1310 County Road 210 W,5781697877,Michael Douglas,Detail Only,Office Visit (no prescriber contact),"['Neurexa', 'RxProgram', 'Zemlora']",Kathy Rivas,549245,1,1,0,2024-09-01
a04Qk000004Hlkz,Field,OH,45040,Mason,7450 Mason Montgomery Rd Ste 206,5782927710,Ronald Donovan,Detail Only,HCP Meal,"['Neurexa', 'RxProgram', 'Zemlora', 'Trivaxa']",Kimberly Nguyen,324130,1,1,1,2024-09-06
a04Qk000004AG4P,Field,PA,19067,Yardley,105 Floral Vale Blvd,5783575824,Richard Howard,Detail Only,Office Visit (no prescriber contact),"['Neurexa', 'RxProgram', 'Zemlora']",Anthony Rodriguez,671412,1,0,1,2024-08-26
a04Qk000004DmPV,Field,PA,19067,Yardley,105 Floral Vale Blvd,5783575824,Richard Howard,Detail Only,Office Visit (no prescriber contact),"['Zemlora', 'Neurexa', 'RxProgram']",Lindsey Walker,267753,0,0,0,2024-09-01
a04Qk000004AoSf,Virtual,TN,38103,Memphis,364 S Front St Ste 201,5784029250,Ryan Kennedy,Detail Only,Fax to HCP Office,"['Zemlora', 'Trivaxa', 'Neurexa', 'RxProgram']",Sandra Drake,656926,0,1,0,2024-08-29
a04Qk000004BrOT,Field,OH,43082,Westerville,400 Altair Pkwy Ste 3100,5787903804,Ian Davis,Detail Only,HCP Meal,"['Neurexa', 'RxProgram', 'Zemlora', 'Trivaxa']",Amber Obrien,526833,1,0,1,2024-08-30
a04Qk000004FeCX,Field,NJ,08080,Sewell,269 Fish Pond Rd,5788823284,Monique Cervantes,Detail Only,HCP Meal,"['Trivaxa', 'Neurexa', 'RxProgram']",Lori Guerrero,189814,0,0,1,2024-09-03
a04Qk0000049P9l,Field,VA,23112,Midlothian,2808 Fox Chase Ln,5790117334,Alexis Williams,Detail Only,Office Visit (no prescriber contact),"['Zemlora', 'Neurexa', 'RxProgram']",James Parks,526156,1,1,1,2024-08-26
a04Qk000004GKLR,Field,VA,23112,Midlothian,2808 Fox Chase Ln,5790117334,Alexis Williams,Detail Only,Office Visit (no prescriber contact),"['Zemlora', 'Neurexa', 'RxProgram']",Michael Lyons,897549,1,1,0,2024-09-03
a04Qk000004EWc2,Virtual,IL,60175,St Charles,3310 W Main St Ste 100,5793869738,James Hamilton,Detail Only,Phone Call with Office Staff,"['Zemlora', 'Trivaxa', 'Neurexa', 'RxProgram']",Trevor Johnson,542374,0,0,0,2024-09-02
a04Qk000004H7lx,Field,TX,77381,The Woodlands,8701 New Trails Dr Ste 150,5796987152,Jesse Vargas,Detail Only,Face-to-Face with HCP,"['Neurexa', 'RxProgram', 'Zemlora', 'Trivaxa']",Ariana Jennings,392075,0,0,0,2024-09-02
a04Qk00000479Nd,Field,MO,63141,Saint Louis,777 Craig Rd Ste 100,5807356765,Debbie Wallace,Detail Only,Face-to-Face with HCP,"['Trivaxa', 'Neurexa', 'RxProgram']",Jeremy Dalton,972064,0,1,1,2024-08-25
a04Qk000004Ef7R,Field,MO,63141,Saint Louis,777 Craig Rd Ste 100,5807356765,Debbie Wallace,Detail Only,HCP Meal,"['Zemlora', 'Neurexa', 'RxProgram']",Kimberly Gibson,454508,1,1,1,2024-09-02
a04Qk000004Cjv7,Field,RI,02886,Warwick,300 Centerville Rd Ste 101W,5816211835,Sarah Quinn,Detail Only,Virtual Call,"['Neurexa', 'RxProgram', 'Zemlora']",Ashley Hicks,808011,1,0,1,2024-09-01
a04Qk0000047Ilt,Virtual,LA,70058,Harvey,10 Wedgwood Ct,5819589184,Tracy Gomez,Detail Only,Fax to HCP Office,"['Zemlora', 'Trivaxa', 'Neurexa', 'RxProgram']",Aaron Wise,835911,0,1,1,2024-08-25
a04Qk000004Fm6r,Field,VA,22030,Fairfax,10521 Rosehaven St Ste 100,5827805609,Martha Reyes,Detail Only,Office Visit (no prescriber contact),"['Zemlora', 'XR-ODT']",Alyssa Day,166613,0,0,1,2024-09-03
a04Qk00000473jd,Field,GA,31201,Macon,250 Martin Luther King Jr Blvd,5828641528,Michael Keller,Detail Only,Face-to-Face with HCP,"['Neurexa', 'RxProgram', 'Zemlora']",Jeremy Mitchell,378082,1,0,1,2024-08-25
a04Qk0000047TRB,Field,LA,70508,Lafayette,200 Liberty Ave,5833970378,Miss Amy Merritt,Detail Only,Office Visit (no prescriber contact),"['Zemlora', 'XR-ODT']",Kelly Donovan,183667,1,1,0,2024-08-25
a04Qk000004ENvK,Field,LA,70508,Lafayette,200 Liberty Ave,5833970378,Miss Amy Merritt,Detail Only,Office Visit (no prescriber contact),"['Zemlora', 'Neurexa', 'RxProgram']",Paul Lewis,161324,0,0,0,2024-09-02
a04Qk000004BxDl,Field,FL,32003,Fleming Island,1689 Eagle Harbor Pkwy Ste A,5834387199,Mark Sanders,Detail Only,Office Visit (no prescriber contact),"['Neurexa', 'RxProgram', 'Zemlora']",Jeffrey Chavez,948749,0,0,0,2024-08-30
a04Qk0000045oUv,Field,GA,30265,Newnan,1595 Highway 34 E Ste A,5837157691,Amber Murray,Detail with Sample,Face-to-Face with HCP,"['Neurexa', 'RxProgram', 'Norexel']",Jesse Perez,497382,0,0,1,2024-08-24
a04Qk0000047aPR,Field,AL,35758,Madison,1643 Slaughter Rd,5845279525,Dr. Brian Avila,Detail Only,Office Visit (no prescriber contact),"['Neurexa', 'RxProgram', 'Zemlora', 'Trivaxa']",Sharon Cherry,271339,0,0,1,2024-08-25
a04Qk000004Ekv7,Field,AL,35758,Madison,1643 Slaughter Rd,5845279525,Dr. Brian Avila,Detail Only,Office Visit (no prescriber contact),"['Neurexa', 'RxProgram', 'Zemlora', 'Trivaxa']",Stephen Hoffman,455784,1,0,0,2024-09-02
a04Qk000004AJ0f,Virtual,CT,06437,Guilford,2415 Boston Post Rd Ste 12,5847331428,Susan Herring,Detail Only,Fax to HCP Office,"['Neurexa', 'RxProgram']",Kevin Walters,273148,0,0,1,2024-08-29
a04Qk000004AGE6,Virtual,CT,06437,Guilford,2415 Boston Post Rd Ste 12,5847331428,Susan Herring,Detail Only,Phone Call with Office Staff,"['Zemlora', 'Neurexa', 'RxProgram']",Kathryn Snyder,658582,0,0,0,2024-08-29
a04Qk000004CVwz,Field,KS,66209,Overland Park,7011 W 121st St Ste 105,5857817167,Melissa Blevins,Detail Only,Face-to-Face with HCP,"['Neurexa', 'RxProgram', 'Zemlora']",Aaron Wise,835911,0,0,1,2024-08-30
a04Qk000004C03Z,Field,NC,28339,Erwin,901 Denim Dr,5858869619,Christopher Nunez,Detail Only,Virtual Call with HCP,"['Neurexa', 'RxProgram', 'Zemlora']",Robert Oconnell,814825,0,0,1,2024-08-30
a04Qk000004CVgr,Field,KS,66209,Leawood,7011 W 121st St Ste 105,5859086397,Amanda Drake,Detail Only,Face-to-Face with HCP,"['Neurexa', 'RxProgram', 'Zemlora']",Dr. William Warren,492077,1,1,1,2024-08-30
a04Qk0000046C0z,Field,MD,21012,Arnold,273 Peninsula Farm Rd Ste F,5860859983,Mary Allen,Detail Only,Face-to-Face with HCP,"['Zemlora', 'XR-ODT']",Devon Flores,245051,0,1,1,2024-08-24
a04Qk000004L9pC,Field,MD,21012,Arnold,273 Peninsula Farm Rd Ste F,5860859983,Mary Allen,Detail Only,Face-to-Face with HCP,"['Zemlora', 'XR-ODT']",Lauren Carson,522179,0,0,1,2024-09-06
a04Qk000004ENDl,Virtual,LA,70808,Baton Rouge,7373 Perkins Rd,5862554025,Ashley Schmidt,Detail Only,Fax to HCP Office,"['Zemlora', 'Trivaxa', 'Neurexa', 'RxProgram']",Jordan Bates,179046,1,0,0,2024-09-02
a04Qk0000046Cll,Field,IL,60563,Naperville,1952 McDowell Rd Ste 305,5863915796,Kenneth Jones,Detail Only,HCP Meal,"['Zemlora', 'Neurexa', 'RxProgram', 'Trivaxa']",Sabrina Austin,853305,1,1,0,2024-08-24
a04Qk000004LZOg,Field,IL,60563,Naperville,1952 McDowell Rd Ste 305,5863915796,Kenneth Jones,Detail Only,Face-to-Face with HCP,"['Neurexa', 'RxProgram', 'Zemlora', 'Trivaxa']",Daniel Murphy,500156,0,0,0,2024-09-06
a04Qk0000046Fq5,Field,OH,45102,Amelia,1126 W Ohio Pike,5866150523,Jeremy Allen,Detail Only,Face-to-Face with HCP,"['Neurexa', 'RxProgram', 'Zemlora', 'Trivaxa']",Derek Zuniga,131244,0,0,0,2024-08-24
a04Qk000004AOnF,Field,NC,27713,Durham,5720 Fayetteville Rd Ste 203,5868508539,Samantha Green,Detail Only,Office Visit (no prescriber contact),"['Zemlora', 'XR-ODT']",Laura Roberts,172574,0,0,1,2024-08-29
a04Qk000004CTiH,Field,NJ,08221,Linwood,2106 New Rd Ste D8,5874362121,Bonnie Pratt,Detail Only,Virtual Call with HCP,"['Zemlora', 'Neurexa', 'RxProgram']",Cheyenne Horton,246413,1,1,1,2024-08-30
a04Qk000004HcHt,Virtual,MA,01830,Haverhill,116 Summer St,5880734292,Eric Jones,Detail Only,Phone Call with Office Staff,"['Zemlora', 'Neurexa', 'RxProgram']",Cathy Robinson,260263,1,0,1,2024-09-06
a04Qk000004DFGf,Field,FL,32258,Jacksonville,13241 Bartram Park Blvd Unit 513,5881226766,Kenneth Lewis,Detail Only,Office Visit (no prescriber contact),"['Neurexa', 'RxProgram', 'Zemlora']",Michael Mitchell,515011,1,0,0,2024-09-01
a04Qk000004D21h,Field,NJ,08330,Mays Landing,4009 Of Philadelphia,5884089672,Katherine Gomez,Detail Only,Virtual Call with HCP,"['Trivaxa', 'Zemlora', 'Neurexa', 'RxProgram']",Gregory Ponce,776856,1,1,0,2024-08-30
a04Qk000004Amp3,Field,SC,29803,Aiken,215 Town Creek Rd,5885302304,Kimberly Fleming,Detail Only,Office Visit (no prescriber contact),"['Trivaxa', 'Zemlora', 'Neurexa', 'RxProgram']",Jessica Gross,265840,1,0,0,2024-08-29
a04Qk000004H8Bm,Field,FL,32259,St Johns,2851 County Road 210 W Ste 122,5885689448,Oscar Mcintyre,Detail Only,Office Visit (no prescriber contact),"['Neurexa', 'RxProgram', 'Zemlora']",Timothy Duncan,377370,0,0,1,2024-09-06
a04Qk000004B5q5,Field,NC,28112,Monroe,1111 Circle Dr,5886250840,Heather Cummings,Detail Only,Virtual Call with HCP,"['Zemlora', 'Neurexa', 'RxProgram', 'Trivaxa']",Gregory Ponce,776856,0,0,1,2024-08-29
a04Qk0000046BJR,Field,TN,37922,Knoxville,162D Market Place Blvd,5888140385,Samantha Webb,Detail Only,Office Visit (no prescriber contact),"['Trivaxa', 'Zemlora', 'Neurexa', 'RxProgram']",Connie Lawrence,356787,0,0,1,2024-08-24
a04Qk000004CHcI,Field,NY,11203,Brooklyn,451 Clarkson Ave,5890398168,Maria Lee MD,Detail Only,Office Visit (no prescriber contact),"['Neurexa', 'RxProgram', 'Zemlora']",Nicole Herring,680099,0,0,0,2024-08-30
a04Qk000004C3sg,Field,SC,29407,Charleston,1483 Tobias Gadson Blvd Ste 109,5892446851,Ashley Ortega,Detail Only,Virtual Call,"['Zemlora', 'Neurexa', 'RxProgram']",Christine Wright,660086,0,0,1,2024-08-30
a04Qk000004CIzm,Field,NC,28277,Charlotte,14135 Balntyn Corp Pl Ste 225,5892581161,Daniel Hernandez,Detail with Sample,Face-to-Face with HCP,['Norexel'],Ana Hill,604740,0,0,0,2024-08-30
a04Qk000004AwjZ,Field,KS,67206,Wichita,7111 E 21st St N Ste A,5892687258,Antonio Mitchell,Detail Only,Face-to-Face with HCP,"['Neurexa', 'RxProgram', 'Zemlora', 'Trivaxa']",Travis Tucker,580547,0,1,1,2024-08-29
a04Qk00000472u1,Field,FL,32266,Neptune Beach,302 3rd St Ste 3,5897345203,James Brady,Detail Only,Office Visit (no prescriber contact),"['Neurexa', 'RxProgram', 'Zemlora']",Bailey Duran DDS,217301,1,0,1,2024-08-25
a04Qk00000469cb,Virtual,NH,03064,Nashua,1 Main St,5898965047,Melanie Armstrong,Detail Only,Phone Call with Office Staff,"['Zemlora', 'Neurexa', 'RxProgram']",Craig Morrison,225710,0,0,1,2024-08-24
a04Qk000004AFzZ,Field,PA,19406,King Of Prussia,150 S Warner Rd Ste 130,5900223600,Madison Oneill,Detail Only,Face-to-Face with HCP,"['Neurexa', 'RxProgram', 'Zemlora']",Joshua Cooke,654816,0,0,0,2024-08-26
a04Qk000004DlOb,Field,PA,19333,Devon,400 W Lancaster Ave,5900223600,Madison Oneill,Detail Only,HCP Meal,"['Neurexa', 'RxProgram', 'Zemlora']",Jose Schultz,514850,0,0,1,2024-08-30
a04Qk000004Lafh,Field,PA,19406,King Of Prussia,150 S Warner Rd Ste 130,5900223600,Madison Oneill,Detail Only,HCP Meal,"['Neurexa', 'RxProgram', 'Zemlora']",Kevin Oconnor,471507,0,0,1,2024-09-06
a04Qk0000047Idp,Field,OH,43220,Columbus,4100 Horizons Dr Ste 100,5901573274,Beth Stewart,Detail Only,HCP Meal,"['Neurexa', 'RxProgram', 'Zemlora']",Lisa Allen,324643,0,0,1,2024-08-26
a04Qk000004EilF,Field,NE,68526,Lincoln,9100 Andermatt Dr Ste 1,5902536439,Lori Hanson,Detail Only,Face-to-Face with HCP,"['Neurexa', 'RxProgram', 'Zemlora']",Sarah Moore,148050,1,1,0,2024-09-02
a04Qk0000048Cxm,Field,SC,29611,Greenville,117 Commons Way,5903152652,Mathew Harrison,Detail Only,Office Visit (no prescriber contact),"['Zemlora', 'Neurexa', 'RxProgram']",Nicole Herring,680099,0,0,0,2024-08-24
a04Qk000004ApTZ,Field,SC,29407,Charleston,1620 Ashley River Rd,5906552727,Johnathan Ward,Detail Only,Office Visit (no prescriber contact),"['Zemlora', 'Neurexa', 'RxProgram']",John Daniel,865179,1,1,0,2024-08-29
a04Qk000004JVdi,Field,SC,29407,Charleston,1620 Ashley River Rd,5906552727,Johnathan Ward,Detail Only,Office Visit (no prescriber contact),"['Zemlora', 'Neurexa', 'RxProgram']",Allen Rosales,624902,1,0,0,2024-09-06
a04Qk000004DYhW,Field,AL,36830,Auburn,2353 Bent Creek Rd Ste 110,5908443142,Patricia Davidson,Detail Only,HCP Meal,"['Neurexa', 'RxProgram', 'Zemlora', 'Trivaxa']",Daniel Kennedy,787277,0,0,1,2024-09-01
a04Qk000004DIfx,Field,NY,11743,Huntington,181 Main St Ste 102,5908465786,Jennifer Price,Detail Only,Office Visit (no prescriber contact),"['Neurexa', 'RxProgram', 'Zemlora', 'Trivaxa']",Laura Mckinney,632496,1,1,1,2024-09-01
a04Qk000004HWdu,Virtual,NC,28358,Lumberton,400 Liberty Hill Rd,5910240134,Rose Flynn,Detail Only,Phone Call with Clinical Staff,['Norexel'],Jesse Perry,102260,0,0,0,2024-09-06
a04Qk000004Fa0r,Field,WI,53226,Wauwatosa,1155 N Mayfair Rd,5911087859,Anthony Matthews,Detail Only,Office Visit (no prescriber contact),"['Neurexa', 'RxProgram', 'Zemlora', 'Trivaxa']",Matthew Moore,842225,0,1,0,2024-09-03
a04Qk000004HiLh,Field,WI,53226,Wauwatosa,1155 N Mayfair Rd,5911087859,Anthony Matthews,Detail Only,Office Visit (no prescriber contact),"['Neurexa', 'RxProgram']",Joshua Blair,207175,0,1,1,2024-09-06
a04Qk000004CVfF,Field,TN,37923,Knoxville,9047 Executive Park Dr Ste 201,5911813835,Jonathan Roberson,Detail Only,Office Visit (no prescriber contact),"['Neurexa', 'RxProgram', 'Zemlora', 'Trivaxa']",Tammie Bright,446479,0,0,0,2024-08-30
a04Qk00000468zt,Virtual,NJ,07002,Bayonne,834 Avenue A,5912280195,Angelica Rangel,Detail Only,Phone Call with Office Staff,['Lexcura/Cymbrin/Multi-Vi-Flor'],Ashley Hall,863587,1,0,1,2024-08-24
a04Qk000004Hovm,Field,IA,50263,Waukee,350 E Hickman Rd,5915927165,Justin Jordan,Detail Only,Face-to-Face with HCP,"['Neurexa', 'RxProgram', 'Trivaxa']",Nancy Jennings,888387,1,0,0,2024-09-06
a04Qk000004Flif,Virtual,OR,97702,Bend,1001 SW Disk Dr Ste 250,5918448253,Andrew Campbell,Detail Only,Phone Call with Office Staff,"['Zemlora', 'Neurexa', 'RxProgram']",Adam Vaughan,632342,0,0,1,2024-09-03
a04Qk0000048eu1,Field,KY,40243,Louisville,400 Blankenbaker Pkwy Ste 200,5920427844,Jessica Guzman,Detail Only,Face-to-Face with HCP,"['Neurexa', 'RxProgram', 'Zemlora', 'Trivaxa']",Parker Cain,923267,0,0,1,2024-08-26
a04Qk000004HUaT,Field,KY,40243,Louisville,400 Blankenbaker Pkwy Ste 200,5920427844,Jessica Guzman,Detail Only,HCP Meal,"['Neurexa', 'RxProgram', 'Zemlora', 'Trivaxa']",Diana May,440035,1,1,0,2024-09-06
a04Qk000004DWCf,Field,IL,60076,Skokie,4711 Golf Rd Ste 1200,5922850343,Jason Blackburn,Detail Only,Office Visit (no prescriber contact),"['Neurexa', 'RxProgram', 'Zemlora', 'Trivaxa']",John Daniel,865179,0,0,0,2024-09-01
a04Qk00000468Td,Field,MO,63144,Saint Louis,1750 S Brentwood Blvd Ste 857,5924076960,Patricia Stout,Detail Only,Face-to-Face with HCP,"['Trivaxa', 'Neurexa', 'RxProgram']",Victor Baker,913694,0,0,1,2024-08-24
a04Qk000004EaXZ,Field,MO,63124,Saint Louis,9890 Clayton Rd Ste 100,5924076960,Patricia Stout,Detail Only,Face-to-Face with HCP,"['Zemlora', 'Neurexa', 'RxProgram']",Anthony Harmon,115474,0,0,0,2024-08-30
a04Qk000004EKW1,Virtual,NJ,07041,Millburn,159 Millburn Ave,5924278108,David Carter,Detail Only,Phone Call with Clinical Staff,['Lexcura/Cymbrin/Multi-Vi-Flor'],Ana Hill,604740,1,0,0,2024-09-02
a04Qk000004BvLd,Field,LA,70508,Lafayette,121 Rue Louis XIV Bldg 6A,5926092976,Steven Barnes,Detail Only,Office Visit (no prescriber contact),"['Zemlora', 'Neurexa', 'RxProgram']",Shelly Spencer,265409,1,1,1,2024-08-30
a04Qk000004AbK9,Virtual,CA,90505,Torrance,24050 Madison St Ste 107,5933177365,Angel Singh DDS,Detail Only,Phone Call with Clinical Staff,"['Zemlora', 'Neurexa', 'RxProgram']",Kathy Rivas,549245,0,0,1,2024-08-29
a04Qk000004Al9p,Field,AZ,85207,Mesa,7165 E University Dr Ste 154,5933844700,Mary Warren,Detail Only,Office Visit (no prescriber contact),"['Neurexa', 'RxProgram', 'Zemlora', 'Trivaxa']",Brian Smith,184002,1,0,1,2024-08-29
a04Qk0000041vl7,Field,IL,60093,Northfield,1622 Willow Rd Ste 200,5936379245,Jacqueline Foster,Detail Only,Office Visit (no prescriber contact),"['Zemlora', 'Neurexa', 'RxProgram', 'Trivaxa']",Jonathan Lawrence,330914,0,0,0,2024-08-30
a04Qk0000046DbN,Field,AL,35244,Hoover,4000 Southlake Park Ste 150,5940307286,Anthony Hill,Detail Only,HCP Meal,"['Neurexa', 'RxProgram', 'Zemlora', 'Trivaxa']",Aimee Turner,712554,0,0,1,2024-08-24
a04Qk000004FZft,Field,AL,35244,Hoover,4000 Southlake Park Ste 150,5940307286,Anthony Hill,Detail Only,Office Visit (no prescriber contact),"['Neurexa', 'RxProgram', 'Zemlora', 'Trivaxa']",Kenneth Lewis,865990,1,1,1,2024-09-03
a04Qk000004IqM2,Field,AL,35244,Hoover,4000 Southlake Park Ste 150,5940307286,Anthony Hill,Detail Only,Face-to-Face with HCP,"['Neurexa', 'RxProgram', 'Zemlora', 'Trivaxa']",David Alvarez,249811,0,0,0,2024-09-06
a04Qk000004GLEH,Field,SC,29730,Rock Hill,331 E Main St,5940330996,Douglas Rivera,Detail Only,Face-to-Face with HCP,"['Zemlora', 'XR-ODT']",Jose Schultz,514850,0,0,0,2024-09-03
a04Qk0000045zII,Field,GA,30263,Newnan,189 Jefferson Pkwy,5942517200,Angela White,Detail Only,HCP Meal,"['Neurexa', 'RxProgram', 'Zemlora']",David Martinez,738551,1,1,1,2024-08-24
a04Qk000004EJOf,Virtual,CA,90277,Redondo Beach,423 S Pacific Coast Hwy Ste 102,5945301464,Courtney Smith,Detail Only,Fax to HCP Office,"['Zemlora', 'Neurexa', 'RxProgram']",Erin Warner,632323,0,0,1,2024-09-02
a04Qk000004DIw5,Field,NC,28211,Charlotte,501 S Sharon Amity Rd Ste 500,5947290420,Michael Melton,Detail Only,HCP Meal,"['Neurexa', 'RxProgram', 'Zemlora', 'Trivaxa']",Richard Rodriguez,771088,0,0,0,2024-09-01
a04Qk000004AGNl,Field,FL,32246,Jacksonville,4884 Deer Lake Dr W,5948093957,Jason Gordon,Detail Only,Office Visit (no prescriber contact),"['Neurexa', 'RxProgram', 'Zemlora']",Lauren Daniels,838797,0,0,1,2024-08-29
a04Qk000004Dho1,Field,KS,67205,Wichita,6837 W 37th St N,5948923742,Cristina Rodriguez,Detail Only,HCP Meal,"['Neurexa', 'RxProgram', 'Zemlora']",Joann Glass,707040,0,0,1,2024-09-01
a04Qk000004FU9y,Field,NC,27265,High Point,4154 Mendenhall Oaks Pkwy Ste 103,5949001710,Dana Fitzgerald,Detail Only,Office Visit (no prescriber contact),"['Zemlora', 'Trivaxa']",Melissa Gates,149405,0,0,1,2024-09-03
a04Qk0000047YST,Field,OH,45342,Miamisburg,9049 Springboro Pike,5949297940,Tony Villanueva,Detail Only,Face-to-Face with HCP,"['Neurexa', 'RxProgram', 'Zemlora']",Stephen Mckee,174870,1,0,0,2024-08-25
a04Qk000004DeAD,Field,NE,68022,Elkhorn,20324 Veterans Dr Ste 104,5952328857,Joshua Martinez,Detail Only,Face-to-Face with HCP,"['Neurexa', 'RxProgram', 'Zemlora']",Jeffrey Mills,850981,0,1,1,2024-09-01
a04Qk000004An5C,Field,MI,48307,Rochester Hills,633 South Blvd E Ste 2400,5952465417,Russell Bishop,Detail Only,Office Visit (no prescriber contact),"['Trivaxa', 'Zemlora', 'Neurexa', 'RxProgram']",Shannon Ramsey,785197,0,1,0,2024-08-29
a04Qk0000048Gy9,Field,AL,36607,Mobile,2560 Old Shell Rd,5956741109,Karen Kelley,Detail Only,Office Visit (no prescriber contact),"['Zemlora', 'Neurexa', 'RxProgram']",Garrett Lin,817870,1,0,1,2024-08-25
a04Qk000004HvZ3,Field,KS,67212,Wichita,8200 W Central Ave Ste 1,5960689462,Diana Bailey,Detail Only,HCP Meal,"['Neurexa', 'RxProgram', 'Zemlora']",James Padilla,994141,0,0,1,2024-09-06
a04Qk0000045feZ,Field,SC,29662,Mauldin,211 E Butler Rd Ste C1,5961025966,Cynthia Wong,Detail Only,HCP Meal,"['Zemlora', 'Neurexa', 'RxProgram']",Kenneth Scott,961722,1,1,0,2024-08-24
a04Qk000004DL7Z,Field,SC,29662,Mauldin,211 E Butler Rd Ste C1,5961025966,Cynthia Wong,Detail Only,Office Visit (no prescriber contact),"['Zemlora', 'Neurexa', 'RxProgram']",Elizabeth Oliver DDS,945964,0,0,0,2024-09-01
a04Qk000004Ahnl,Field,FL,32703,Apopka,425 S Hunt Club Blvd Ste 1051,5961429215,James Cummings,Detail Only,Virtual Call,"['Zemlora', 'XR-ODT']",Connie Lawrence,356787,0,0,0,2024-08-29
a04Qk000003QlhV,Field,IA,50266,West Des Moines,1701 48th St Ste 120,5965204556,Dylan Gordon,Detail Only,HCP Meal,"['Neurexa', 'RxProgram', 'Zemlora']",Alyssa Long,725380,1,0,0,2024-09-06
a04Qk000004Cnh0,Field,OH,45242,Blue Ash,4370 Malsbary Rd Ste 100,5968490339,Sydney Johnson,Detail Only,Office Visit (no prescriber contact),"['Neurexa', 'RxProgram', 'Zemlora']",Christina Walters,319684,0,0,1,2024-08-30
a04Qk000004FdZp,Field,IL,60521,Hinsdale,950 N York Rd Ste 107,5972522336,Jeffrey Anderson,Detail Only,Face-to-Face with HCP,"['Neurexa', 'RxProgram', 'Zemlora']",Jose Travis,665492,0,0,1,2024-09-03
a04Qk000004AsuT,Field,FL,32257,Jacksonville,10337 San Jose Blvd Ste 200,5984424218,Jeffery Johnson,Detail Only,Office Visit (no prescriber contact),"['Zemlora', 'Neurexa', 'RxProgram']",Lisa Barnes,403445,0,1,0,2024-08-29
a04Qk000004ENC9,Field,LA,70508,Lafayette,215 Rue Fontaine,5987935634,Paul Erickson,Detail Only,Face-to-Face with HCP,"['Zemlora', 'Neurexa', 'RxProgram']",Olivia Harris,823378,0,0,0,2024-09-02
a04Qk000004CHHK,Field,NC,27540,Holly Springs,106 Hyannis Dr,5996846655,Crystal Duran,Detail Only,Office Visit (no prescriber contact),"['Zemlora', 'XR-ODT']",Joanna Pacheco,648177,0,0,1,2024-08-30
a04Qk0000046Mzd,Field,KS,66062,Olathe,1803 S Ridgeview Rd,6000993026,Kim Hansen,Detail Only,Face-to-Face with HCP,"['Neurexa', 'RxProgram', 'Trivaxa', 'Zemlora']",Briana Murray,665427,1,0,0,2024-08-24
a04Qk000004CW53,Virtual,NV,89119,Las Vegas,4570 S Eastern Ave Ste C27,6004345847,Joseph Watson,Detail Only,Phone Call with Office Staff,"['Zemlora', 'Trivaxa', 'Neurexa', 'RxProgram']",Connie Lawrence,356787,1,0,0,2024-08-30
a04Qk000004DNVx,Field,RI,02864,Cumberland,2138 Mendon Rd Ste 104,6006134689,Christy Brown,Detail Only,Office Visit (no prescriber contact),"['Neurexa', 'RxProgram', 'Zemlora', 'Trivaxa']",Gary Jackson,171262,0,0,1,2024-09-01
a04Qk0000048cSP,Field,NC,27614,Raleigh,10831 Forest Pines Dr Ste 104,6007004095,John Mosley,Detail Only,Office Visit (no prescriber contact),"['Zemlora', 'Neurexa', 'RxProgram']",Katherine Salas,656116,0,1,1,2024-08-25
a04Qk000004Bpph,Field,OH,43081,Westerville,15 Bishop Dr Ste 203,6007478726,Kelly Anderson,Detail Only,Office Visit (no prescriber contact),"['Zemlora', 'Neurexa', 'RxProgram']",Patrick Thornton,680828,0,0,1,2024-08-30
a04Qk000004B8nx,Field,TX,77494,Katy,24022 Cinco Village Ctr Blvd,6010482281,Michael Hayes,Detail Only,Office Visit (no prescriber contact),"['Neurexa', 'RxProgram', 'Zemlora', 'Trivaxa']",Victor Baker,913694,0,0,0,2024-08-29
a04Qk0000046MwP,Field,KS,66044,Lawrence,1803 W 6th St,6012418100,Tammy Barton,Detail Only,Face-to-Face with HCP,"['Neurexa', 'RxProgram', 'Trivaxa', 'Zemlora']",Rebecca Henderson,539898,0,0,1,2024-08-24
a04Qk0000047KxN,Field,FL,34240,Lakewood Ranch,7357 International Pl Ste 107,6015045866,Barry Mcintyre,Detail Only,Face-to-Face with HCP,"['Zemlora', 'Neurexa', 'RxProgram', 'Trivaxa']",April Frost,133659,0,0,0,2024-08-25
a04Qk000004DKuf,Field,NY,10013,New York,202 Canal St Ste 304,6017577318,Katelyn Carter,Detail Only,Office Visit (no prescriber contact),"['Neurexa', 'RxProgram', 'Trivaxa', 'Zemlora']",Lauren Daniels,838797,0,0,1,2024-08-30
a04Qk000004DlbV,Field,PA,19426,Collegeville,3774 Ridge Pike,6019105599,Christopher Martinez,Detail Only,Face-to-Face with HCP,"['Neurexa', 'RxProgram', 'Zemlora', 'Trivaxa']",Holly Valentine,172132,1,1,0,2024-08-30
a04Qk000004CDTp,Field,FL,32073,Orange Park,1543 Kingsley Ave Ste 14,6021525354,Ashley Campbell,Detail Only,Office Visit (no prescriber contact),"['Neurexa', 'RxProgram', 'Zemlora']",Ryan Munoz,207473,1,0,1,2024-08-30
a04Qk000004APsr,Field,NJ,08053,Marlton,733 Route 70 E Bldg 2 Ste 201,6022209538,Lisa Mcdonald,Detail Only,HCP Meal,"['Zemlora', 'Neurexa', 'RxProgram']",Alex Hernandez,112038,1,0,0,2024-08-29
a04Qk000004C1HN,Field,FL,33071,Coral Springs,831 Coral Ridge Dr,6022399065,Morgan Ingram,Detail Only,Office Visit (no prescriber contact),"['Neurexa', 'RxProgram', 'Zemlora', 'Trivaxa']",Kathleen Moran,781446,0,0,1,2024-08-30
a04Qk0000048m0L,Field,NC,27705,Durham,5324 McFarland Dr # 150,6030897035,Michaela Moore,Detail Only,Office Visit (no prescriber contact),"['Zemlora', 'Neurexa', 'RxProgram']",Charles Schultz,328275,0,0,0,2024-08-26
a04Qk000004ETPe,Virtual,NJ,08753,Toms River,1314 Hooper Ave Bldg A Fl 2,6030967029,Laura Hall,Detail Only,Phone Call with Clinical Staff,['Lexcura/Cymbrin/Multi-Vi-Flor'],Michele Williams,191161,0,0,0,2024-09-02
a04Qk000004FVFh,Field,WI,53226,Milwaukee,10424 W Bluemound Rd,6033415434,Nancy Warren,Detail Only,Office Visit (no prescriber contact),"['Neurexa', 'RxProgram', 'Zemlora']",Zachary Hicks,835392,1,0,1,2024-09-03
a04Qk000004AuZh,Field,NY,11563,Lynbrook,777 Sunrise Highway Ste 200,6036274708,Antonio Harrison,Detail Only,Office Visit (no prescriber contact),"['Neurexa', 'RxProgram', 'Zemlora']",Michael Evans,344098,0,0,1,2024-08-29
a04Qk000004FrJT,Field,FL,32571,Pace,3874 Highway 90,6036510685,Linda Flores,Detail Only,HCP Meal,"['Zemlora', 'Neurexa', 'RxProgram']",Stephanie Byrd,858490,1,0,1,2024-09-03
a04Qk000004Eekr,Field,KY,41042,Florence,45 Cavalier Blvd,6039908431,Sally Compton,Detail Only,HCP Meal,"['Neurexa', 'RxProgram', 'Zemlora', 'Trivaxa']",Devon Flores,245051,0,0,0,2024-09-02
a04Qk0000045noz,Field,LA,70508,Lafayette,401 Youngsville Highway Ste 100,6044042373,Edwin Ritter,Detail with Sample,Face-to-Face with HCP,"['Norexel', 'Neurexa', 'RxProgram', 'Zemlora', 'Trivaxa']",Evelyn Galvan,497887,0,0,1,2024-08-24
a04Qk000004Ddu5,Field,MD,21045,Columbia,5500 Knoll North Dr Ste 290,6044354083,Jennifer Carter,Detail Only,HCP Meal,"['Zemlora', 'XR-ODT']",David Smith,238739,0,0,0,2024-09-01
a04Qk000004Evtm,Field,KS,67214,Wichita,855 N Hillside St,6047511515,Michele Erickson,Detail Only,Face-to-Face with HCP,"['Neurexa', 'RxProgram', 'Zemlora', 'Trivaxa']",Joann Glass,707040,0,0,1,2024-09-02
a04Qk000004Ep5C,Field,GA,30068,Marietta,1121 Johnson Ferry Rd Ste 450,6048172393,Adriana Aguilar,Detail Only,Office Visit (no prescriber contact),"['Neurexa', 'RxProgram', 'Zemlora']",Colin Terry,122056,0,0,0,2024-09-02
a04Qk0000046uTS,Virtual,MS,39157,Ridgeland,201 Northlake Ave Ste 207,6049122067,Austin Pena,Detail Only,Fax to HCP Office,"['Zemlora', 'Trivaxa', 'Neurexa', 'RxProgram']",Jeremy Dalton,972064,0,0,1,2024-08-25
a04Qk000004APin,Field,MI,48823,East Lansing,702 W Lake Lansing Rd,6049775623,Angel Ortega,Detail Only,Office Visit (no prescriber contact),"['Neurexa', 'RxProgram']",Ralph Anderson,176819,0,1,1,2024-09-01
a04Qk0000047XmX,Field,TX,77581,Pearland,2017 Broadway St Ste A,6057148864,Diane Reyes,Detail Only,Face-to-Face with HCP,"['Trivaxa', 'Neurexa', 'RxProgram']",Victor Baker,913694,1,0,0,2024-08-25
a04Qk000004I1xp,Field,TX,75070,Mckinney,8080 State Highway 121 Ste 300,6058658082,Michael Johnson,Detail Only,Office Visit (no prescriber contact),"['Zemlora', 'Neurexa', 'RxProgram']",Kathryn Snyder,658582,1,0,0,2024-09-06
a04Qk0000048nyv,Field,IA,50266,West Des Moines,7545 Ashworth Rd Ste 210,6059816271,Samuel Owen,Detail Only,Office Visit (no prescriber contact),"['Neurexa', 'RxProgram', 'Zemlora']",Stephanie Ross,781453,1,1,1,2024-08-26
a04Qk0000048Fh7,Field,SC,29072,Lexington,305 Palmetto Park Blvd,6061885000,Stephanie Castillo,Detail Only,Office Visit (no prescriber contact),"['Zemlora', 'Trivaxa', 'Neurexa', 'RxProgram']",Jessica Gross,265840,0,0,0,2024-08-26
a04Qk000004BtWj,Field,SC,29072,Lexington,305 Palmetto Park Blvd,6061885000,Stephanie Castillo,Detail Only,Office Visit (no prescriber contact),"['Zemlora', 'Neurexa', 'RxProgram', 'Trivaxa']",Anthony Humphrey,391369,0,0,1,2024-08-30
a04Qk000004AIW1,Virtual,LA,70355,Gheens,1545 Hwy 654,6063013368,Timothy Fleming,Detail Only,Phone Call with Office Staff,"['Zemlora', 'Neurexa', 'RxProgram']",Daniel Kennedy,787277,0,0,0,2024-08-29
a04Qk000004C8CQ,Field,MI,48307,Rochester Hills,441 S Livernois Rd Ste 100,6067894416,Jennifer Malone,Detail Only,HCP Meal,"['Zemlora', 'Neurexa', 'RxProgram']",Cathy Robinson,260263,0,0,0,2024-08-30
a04Qk000004HzET,Field,VA,23225,North Chesterfield,221 Stonebridge Plaza Ave,6068395634,Phillip Anderson,Detail Only,HCP Meal,"['Neurexa', 'RxProgram', 'Zemlora', 'Trivaxa']",Victor Baker,913694,0,0,0,2024-09-06
a04Qk0000045ooH,Field,FL,32073,Orange Park,1555 Kingsley Ave Ste 604,6070102169,Rhonda King,Detail Only,Office Visit (no prescriber contact),"['Neurexa', 'RxProgram', 'Zemlora']",Jake Campbell,429445,1,1,0,2024-08-24
a04Qk000004AFt7,Field,NJ,08690,Hamilton Square,2133 State Highway 33,6071422008,Mark Stewart,Detail Only,Face-to-Face with HCP,"['Neurexa', 'RxProgram', 'Zemlora', 'Trivaxa']",Amanda Jones,132938,1,0,0,2024-08-25
a04Qk000004Gz6s,Virtual,LA,70809,Baton Rouge,8585 Picardy Ave,6071431139,Roberto Dickson,Detail Only,Phone Call with Office Staff,"['Zemlora', 'Trivaxa', 'Neurexa', 'RxProgram']",Tracy House,407419,0,0,0,2024-09-06
a04Qk0000045mBO,Field,PA,19010,Bryn Mawr,925 W Lancaster Ave Ste 210,6071641041,Laurie Walters,Detail Only,HCP Meal,"['Zemlora', 'Trivaxa', 'Neurexa', 'RxProgram']",Connie Lawrence,356787,0,1,1,2024-08-24
a04Qk000004HwdB,Field,GA,30062,Marietta,3225 Shallowford Rd Ste 1300,6079496199,Andrew Bennett,Detail Only,Office Visit (no prescriber contact),"['Neurexa', 'RxProgram', 'Zemlora']",Cynthia Moore,426858,0,0,1,2024-09-06
a04Qk000004ATo1,Field,NY,11743,Huntington,775 Park Ave Ste 154,6079756936,Paul Allen,Detail Only,HCP Meal,"['Neurexa', 'RxProgram', 'Zemlora', 'Trivaxa']",Courtney Rodriguez,921414,0,0,1,2024-08-29
a04Qk0000047KiY,Field,FL,34240,Lakewood Ranch,7317 Merchant Ct Ste A,6081191325,Nathan Davis,Detail Only,Face-to-Face with HCP,"['Neurexa', 'RxProgram', 'Zemlora']",Larry Dixon,340174,1,0,1,2024-08-25
a04Qk000004ByGI,Field,FL,32901,Melbourne,1755 W Hibiscus Blvd,6082327042,Jesse Schmidt,Detail Only,Face-to-Face with HCP,"['Zemlora', 'Trivaxa']",Paul Jones,205907,1,0,1,2024-08-30
a04Qk000004EVo1,Field,NE,68505,Lincoln,6301 Orchard St Ste 3,6083840729,Carol Holden,Detail Only,Face-to-Face with HCP,"['Neurexa', 'RxProgram', 'Zemlora']",Elizabeth Oliver DDS,945964,0,0,1,2024-09-02
a04Qk000004AX8T,Field,FL,32257,Jacksonville,3685 Crown Point Ct,6084447486,Victor Mclean,Detail Only,Office Visit (no prescriber contact),"['Neurexa', 'RxProgram', 'Zemlora']",Lisa Jackson,198246,0,0,1,2024-08-29
a04Qk000004HUYr,Field,KY,40243,Louisville,400 Blankenbaker Pkwy Ste 200,6086401041,Donald Pearson,Detail Only,HCP Meal,"['Neurexa', 'RxProgram', 'Zemlora', 'Trivaxa']",Joanna Pacheco,648177,0,0,0,2024-09-06
a04Qk0000045nk9,Virtual,LA,70433,Covington,205 Highland Park Plz,6086512354,Casey Thompson,Detail Only,Phone Call with Clinical Staff,"['Zemlora', 'Trivaxa', 'Neurexa', 'RxProgram']",Rebecca Henderson,539898,0,0,1,2024-08-24
a04Qk00000474z3,Field,FL,32250,Jacksonville,14011 Beach Blvd Ste 120,6089977031,Grace Cruz,Detail Only,Office Visit (no prescriber contact),"['Neurexa', 'RxProgram', 'Zemlora']",Ryan Rosales,559469,0,0,1,2024-08-25
a04Qk0000047ZGT,Field,MD,21204,Towson,7600 Osler Dr Ste 311,6092129909,Benjamin Miles,Detail Only,Office Visit (no prescriber contact),"['Trivaxa', 'Zemlora']",Joyce Bowen,174441,0,0,1,2024-08-25
a04Qk000004Ejar,Field,MD,21204,Towson,7600 Osler Dr Ste 311,6092129909,Benjamin Miles,Detail Only,HCP Meal,"['Zemlora', 'Trivaxa']",Emily Bennett,579434,1,0,0,2024-09-02
a04Qk000004Dfz7,Field,NC,27707,Durham,3604 Shannon Rd Ste 200,6099753316,Sarah George,Detail Only,Face-to-Face with HCP,"['Zemlora', 'XR-ODT']",Joyce Solis,375504,0,0,1,2024-09-01
a04Qk000004DVBl,Field,NC,27707,Durham,3604 Shannon Rd Ste 200,6099753316,Sarah George,Detail Only,Office Visit (no prescriber contact),"['Zemlora', 'XR-ODT']",Jeremy Turner,749468,1,0,0,2024-09-01
a04Qk000004ExPJ,Field,FL,32607,Gainesville,529 NW 60th St,6110128570,Donald Bond,Detail Only,Face-to-Face with HCP,"['Zemlora', 'XR-ODT']",Stephen Mckee,174870,0,1,1,2024-09-02
a04Qk0000046Ajy,Field,AL,35244,Hoover,2111 Parkway Office Cir Ste 150,6113626756,Angelica Lane,Detail Only,Face-to-Face with HCP,"['Neurexa', 'RxProgram', 'Zemlora', 'Trivaxa']",Ryan Munoz,207473,1,0,1,2024-08-24
a04Qk0000044SoD,Field,AZ,85296,Gilbert,428 S Gilbert Rd Ste 109,6113911380,Steven Jones,Detail Only,Office Visit (no prescriber contact),"['Neurexa', 'RxProgram', 'Zemlora']",Timothy Duncan,377370,0,1,0,2024-08-24
a04Qk000004CjyL,Virtual,NJ,07095,Woodbridge,1 Woodbridge Ctr Unit 700,6121375133,Joseph Gardner,Detail Only,Phone Call with Office Staff,['Lexcura/Cymbrin/Multi-Vi-Flor'],Elizabeth Fowler,944962,1,1,0,2024-08-30
a04Qk0000049dhN,Field,TX,77024,Houston,8588 Katy Fwy Ste 350,6125457070,Frank Oconnell,Detail Only,Face-to-Face with HCP,"['Neurexa', 'RxProgram', 'Zemlora', 'Trivaxa']",Laura Roberts,172574,1,0,0,2024-08-24
a04Qk000004MxTl,Field,TX,77024,Houston,8588 Katy Fwy Ste 350,6125457070,Frank Oconnell,Detail Only,Face-to-Face with HCP,"['Neurexa', 'RxProgram', 'Zemlora', 'Trivaxa']",Jake Campbell,429445,0,0,0,2024-09-06
a04Qk000004FmRp,Field,VA,22031,Fairfax,8500 Executive Park Ave Ste 200,6131494078,Gregory Kirk,Detail Only,Office Visit (no prescriber contact),"['Zemlora', 'XR-ODT']",Nathan Freeman,211579,0,0,0,2024-09-03
a04Qk000004HljN,Field,OH,45040,Mason,7450  S Mason Montgomery Rd,6135671821,Joshua Duran,Detail Only,HCP Meal,"['Neurexa', 'RxProgram', 'Zemlora', 'Trivaxa']",Fred Smith,543143,1,0,1,2024-09-06
a04Qk000004ENdZ,Virtual,LA,70791,Zachary,2335 Church St Ste E,6137536548,Grace Murray,Detail Only,Phone Call with Clinical Staff,"['Zemlora', 'Trivaxa', 'Neurexa', 'RxProgram']",Stephanie Manning,711878,1,0,1,2024-09-02
a04Qk000004Eoc9,Field,AZ,85251,Scottsdale,7514 E Monterey Way Ste 4,6142654637,Hailey Ward DDS,Detail Only,HCP Meal,"['Neurexa', 'RxProgram', 'Zemlora']",Robert Oconnell,814825,0,1,1,2024-09-02
a04Qk000004AggP,Field,IL,60187,Wheaton,111 N County Farm Rd,6142961642,Terri Larsen,Detail Only,Face-to-Face with HCP,"['Neurexa', 'RxProgram', 'Zemlora']",Joann Ferguson,238890,1,0,1,2024-08-29
a04Qk0000049dSr,Field,TX,77379,Spring,8111 Cypresswood Dr Ste 104,6143943746,Bonnie Miller,Detail Only,Face-to-Face with HCP,"['Neurexa', 'RxProgram', 'Zemlora', 'Trivaxa']",Jessica Smith,779514,0,0,1,2024-08-24
a04Qk0000046Fmr,Field,OH,45102,Amelia,1126 W Ohio Pike,6146605047,Donald Stevens,Detail Only,Face-to-Face with HCP,"['Neurexa', 'RxProgram', 'Zemlora', 'Trivaxa']",Brandy Chavez,299448,0,0,0,2024-08-24
a04Qk000004Jtsv,Field,TX,77701,Beaumont,3127 College St,6147826509,Jennifer Fitzgerald,Detail Only,Office Visit (no prescriber contact),"['Trivaxa', 'Neurexa', 'RxProgram']",Victor Taylor,806073,0,1,1,2024-09-06
a04Qk0000048RFF,Field,GA,30308,Atlanta,741 Monroe Dr NE Ste 112,6147961569,Ashley Craig,Detail Only,Face-to-Face with HCP,"['Neurexa', 'RxProgram', 'Zemlora']",Ashley Hall,863587,0,0,1,2024-08-26
a04Qk000004EzR7,Field,VA,23606,Newport News,11818 Rock Landing Dr #101,6153408579,Courtney Garcia,Detail Only,HCP Meal,"['Neurexa', 'RxProgram', 'Zemlora']",Michael Mitchell,515011,0,0,1,2024-09-02
a04Qk00000476j7,Virtual,IL,60463,Palos Heights,7600 W College Dr Ste 3,6154652212,Ashlee Hall,Detail Only,Fax to HCP Office,"['Neurexa', 'RxProgram']",Jeremy Sampson,292401,0,0,0,2024-08-25
a04Qk00000472E6,Virtual,IL,60463,Palos Heights,7600 W College Dr Ste 3,6154652212,Ashlee Hall,Detail Only,Phone Call with Office Staff,['Norexel'],Lisa Allen,324643,0,0,1,2024-08-25
a04Qk000004Jtxl,Field,TX,77701,Beaumont,3127 College St,6160156564,Hannah Barton,Detail Only,Office Visit (no prescriber contact),"['Neurexa', 'RxProgram', 'Trivaxa']",Sergio Knight,411120,0,0,1,2024-09-06
a04Qk0000047RNl,Field,FL,33418,Palm Beach Gardens,4595 Northlake Blvd Ste 116,6161537956,Jenny Moss,Detail Only,Office Visit (no prescriber contact),"['Zemlora', 'Neurexa', 'RxProgram']",Jeffery Ortega,509386,1,0,1,2024-08-25
a04Qk000004AhJ7,Field,FL,32757,Mount Dora,3619 Lake Center Dr,6161755122,Linda Leonard,Detail Only,Virtual Call,"['Zemlora', 'XR-ODT']",Tracy House,407419,1,1,1,2024-08-29
a04Qk000004GxZj,Field,GA,30046,Lawrenceville,595 Hurricane Shoals Rd NW Ste 300,6162329629,Michael Gonzalez,Detail Only,Face-to-Face with HCP,"['Neurexa', 'RxProgram', 'Zemlora']",Jeremy Turner,749468,0,0,0,2024-09-06
a04Qk000004H4wA,Field,TX,77381,Spring,8701 New Trails Dr Ste 150,6163296524,Nicholas Cooper,Detail Only,Office Visit (no prescriber contact),"['Neurexa', 'RxProgram', 'Zemlora', 'Trivaxa']",Cristian Santos,388389,1,1,0,2024-09-02
a04Qk000004HwLT,Field,AZ,85050,Phoenix,26224 N Tatum Blvd Ste 1,6164327643,Kyle Hoffman,Detail Only,Office Visit (no prescriber contact),"['Neurexa', 'RxProgram', 'Zemlora', 'Trivaxa']",Jeremy Sampson,292401,0,0,0,2024-09-06
a04Qk000004BzYv,Field,TX,78758,Austin,2217 Park Bend Dr Ste 300,6171893546,Mark Jefferson,Detail Only,HCP Meal,"['Zemlora', 'Neurexa', 'RxProgram']",Hannah Luna,346629,0,1,0,2024-08-29
a04Qk000004DkUA,Field,GA,31602,Valdosta,2109 N Patterson St Ste B,6182198537,Gregory Owens,Detail Only,Office Visit (no prescriber contact),"['Neurexa', 'RxProgram', 'Zemlora']",Allison Smith,666847,0,0,1,2024-09-02
a04Qk000004HEQr,Virtual,CA,91302,Calabasas,23501 Park Sorrento Ste 101,6186030592,Kimberly Stokes,Detail Only,Phone Call with Clinical Staff,"['Zemlora', 'Trivaxa', 'Neurexa', 'RxProgram']",Sara Fuller,790993,1,0,0,2024-09-06
a04Qk0000047Zmj,Field,VA,23294,Richmond,2810 N Parham Rd Ste 120,6192891909,Kathleen Thomas,Detail Only,Face-to-Face with HCP,"['Neurexa', 'RxProgram', 'Zemlora']",Jack White,109767,0,1,0,2024-08-25
a04Qk000004D0Xl,Field,VA,23294,Richmond,2810 N Parham Rd Ste 120,6192891909,Kathleen Thomas,Detail Only,HCP Meal,"['Zemlora', 'Neurexa', 'RxProgram']",Joyce Solis,375504,0,0,1,2024-08-30
a04Qk000004HcL7,Field,NY,11710,Bellmore,2592 Merrick Rd Unit A,6198336313,William Green,Detail Only,HCP Meal,"['Neurexa', 'RxProgram', 'Zemlora', 'Trivaxa']",Amy Silva,172933,1,0,0,2024-09-06
a04Qk000004CiW1,Field,MA,02476,Arlington,22 Mill St Ste 308,6200789848,Jesus Bailey,Detail Only,Office Visit (no prescriber contact),"['Neurexa', 'RxProgram', 'Zemlora']",Ashley Barton,905934,1,0,1,2024-08-30
a04Qk0000048tBV,Field,FL,33143,South miami,7000 sw 62nd Ave,6203952616,Cynthia Roberts,Detail Only,Office Visit (no prescriber contact),"['Trivaxa', 'Zemlora', 'Neurexa', 'RxProgram']",Anthony Humphrey,391369,1,0,1,2024-08-26
a04Qk000004DIpd,Field,NC,28287,Charlotte,6060 Piedmont Row Dr S Ste 500,6206313728,David Mcclain,Detail Only,Face-to-Face with HCP,"['Neurexa', 'RxProgram', 'Zemlora']",Jose Travis,665492,0,0,1,2024-09-01
a04Qk000004LABn,Field,PA,17331,Hanover,217 Broadway,6206939976,Kristin Kelly,Detail Only,Virtual Call with HCP,"['Zemlora', 'XR-ODT']",Carrie Wright,802258,0,0,0,2024-09-06
a04Qk000004Ju7S,Field,TX,78758,Austin,2217 Park Bend Dr Ste 300,6207478574,Tammy Martinez,Detail Only,Face-to-Face with HCP,"['Zemlora', 'Neurexa', 'RxProgram']",Jasmin Alvarado,341292,0,1,1,2024-09-06
a04Qk000004FsnN,Field,AL,36526,Daphne,7101 Us-90 Ste 103,6214883726,Theodore Perez,Detail Only,HCP Meal,"['Zemlora', 'Neurexa', 'RxProgram']",James Ferrell,331148,0,1,1,2024-09-02
a04Qk00000474sb,Virtual,OK,73069,Norman,3261 24th Ave NW,6214985251,Amy Gonzalez,Detail Only,Fax to HCP Office,"['Zemlora', 'Trivaxa', 'Neurexa', 'RxProgram']",Erica Alvarez,431737,0,0,1,2024-08-25
a04Qk0000045fWT,Field,SC,29607,Greenville,1120 N Pleasantburg Dr Ste 301,6215985208,Katherine Blevins,Detail Only,Virtual Call,"['Zemlora', 'Trivaxa', 'Neurexa', 'RxProgram']",Michael Wang,855731,0,0,1,2024-08-24
a04Qk000004FUOT,Virtual,LA,70806,Baton Rouge,8333 Goodwood Blvd,6216183124,Cynthia Wright,Detail Only,Fax to HCP Office,"['Zemlora', 'Trivaxa', 'Neurexa', 'RxProgram']",Katie Suarez,642717,0,0,1,2024-09-03
a04Qk000004EjJ7,Field,NY,11215,Brooklyn,641 President St,6224706090,Jeremiah Gilbert,Detail Only,HCP Meal,"['Zemlora', 'Neurexa', 'RxProgram']",Angelica Tucker,263032,1,0,0,2024-09-02
a04Qk0000047Vnx,Field,KS,67226,Wichita,8623 E 32nd St N,6226336094,Bradley Rose,Detail Only,Face-to-Face with HCP,"['Neurexa', 'RxProgram', 'Zemlora', 'Trivaxa']",Carol Tucker,969693,0,0,1,2024-08-25
a04Qk000004Ez2v,Field,TN,37421,Chattanooga,7155 Lee Highway Ste 300,6229562547,David Mccall,Detail Only,HCP Meal,"['Neurexa', 'RxProgram', 'Zemlora']",Connor West,230889,0,0,1,2024-09-02
a04Qk000004FeAv,Field,AZ,85234,Gilbert,2550 E Guadalupe Rd Ste 115,6239809833,Sean English,Detail Only,Office Visit (no prescriber contact),"['Neurexa', 'RxProgram', 'Zemlora', 'Trivaxa']",Joshua Perry,195325,0,1,1,2024-09-03
a04Qk000004CWkz,Virtual,NY,14224,West Seneca,3802 Seneca St,6243337391,Alexandra Weber,Detail Only,Phone Call with Clinical Staff,"['Zemlora', 'Neurexa', 'RxProgram']",Zachary Ferrell,498591,0,1,0,2024-08-30
a04Qk000004EW2X,Field,AL,36116,Montgomery,8160 Seaton Pl,6254059109,John Haynes,Detail Only,Office Visit (no prescriber contact),"['Neurexa', 'RxProgram', 'Zemlora', 'Trivaxa']",Michael Lyons,897549,1,0,0,2024-09-01
a04Qk000004DaJV,Field,FL,33759,Clearwater,2454 N McMullen Booth Rd Ste 501 502 503 504,6262631128,Joel Burnett,Detail Only,HCP Meal,"['Neurexa', 'RxProgram', 'Zemlora']",Tracy Montoya,487477,0,0,1,2024-09-01
a04Qk000004CNL7,Field,TN,37919,Knoxville,6906 Kingston Pike Ste 200,6263715505,Matthew Wise,Detail Only,HCP Meal,"['Zemlora', 'Neurexa', 'RxProgram']",Veronica Simpson,717024,0,0,1,2024-08-30
a04Qk0000049eC1,Field,TX,77433,Cypress,13202 Fry Rd Ste 600,6264154469,Pamela Baker,Detail Only,Face-to-Face with HCP,"['Neurexa', 'RxProgram']",Cassandra Gaines,895667,0,0,1,2024-08-25
a04Qk000004MxOw,Field,TX,77008,Houston,2200 Yale St Ste 120,6273320525,Lance Russell,Detail Only,Office Visit (no prescriber contact),"['Neurexa', 'RxProgram', 'Zemlora', 'Trivaxa']",Shannon Rivera,653306,0,0,1,2024-09-06
a04Qk0000047Srh,Virtual,NV,89107,Las Vegas,112 S Jones Blvd,6275465733,Edward Mason,Detail Only,Phone Call with Office Staff,"['Zemlora', 'Trivaxa', 'Neurexa', 'RxProgram']",Brandon Bailey MD,377932,0,0,0,2024-08-25
a04Qk000004DaLc,Field,MD,20852,Rockville,11705 Magruder Ln,6277778767,Jessica Koch,Detail Only,Office Visit (no prescriber contact),"['Zemlora', 'XR-ODT']",Maria Jones,378517,0,0,0,2024-09-01
a04Qk000004Eair,Field,GA,31533,Douglas,100 Doctors Dr Ste 104,6278980898,Steve Nelson,Detail Only,HCP Meal,"['Neurexa', 'RxProgram', 'Zemlora', 'Trivaxa']",Christopher Parker,955662,0,0,0,2024-09-02
a04Qk000004DiLu,Field,TX,77381,The Woodlands,8701 New Trails Dr Ste 150,6279814574,Vincent Carter,Detail Only,Face-to-Face with HCP,"['Neurexa', 'RxProgram', 'Zemlora']",Debra Christian,857168,1,0,0,2024-09-01
a04Qk000004H5Ag,Field,TX,77381,The Woodlands,8701 New Trails Dr Ste 150,6279814574,Vincent Carter,Detail Only,Face-to-Face with HCP,"['Neurexa', 'RxProgram', 'Zemlora']",Marc Moore,356702,0,0,0,2024-09-02
a04Qk000004GxGM,Field,IN,47630,Newburgh,4209 Gateway Blvd,6290877215,Paul Farley,Detail Only,Virtual Call,"['Neurexa', 'RxProgram', 'Zemlora', 'Trivaxa']",Veronica Simpson,717024,1,0,0,2024-09-06
a04Qk0000046GUR,Field,NC,28443,Hampstead,14057 US Hwy 17 Ste 200,6294626154,Joseph Porter,Detail Only,Office Visit (no prescriber contact),"['Neurexa', 'RxProgram', 'Zemlora', 'Trivaxa']",David Smith,238739,0,1,1,2024-08-24
a04Qk00000463FR,Field,TN,37849,Powell,7714 Conner Rd Ste 101,6300245625,Michael Bell,Detail Only,HCP Meal,"['Trivaxa', 'Zemlora', 'Neurexa', 'RxProgram']",Courtney Gonzalez,581141,1,1,1,2024-08-24
a04Qk000004DTLF,Field,TN,37849,Powell,7714 Conner Rd Ste 101,6300245625,Michael Bell,Detail Only,HCP Meal,"['Trivaxa', 'Zemlora', 'Neurexa', 'RxProgram']",Sabrina Austin,853305,0,0,0,2024-09-01
a04Qk000004E9fS,Field,NC,28105,Matthews,130 Matthews Station St Ste 2B,6301867464,Stephanie Campbell,Detail Only,Face-to-Face with HCP,"['Zemlora', 'XR-ODT']",Jonathan Peterson,216970,0,0,0,2024-09-02
a04Qk0000048rXt,Field,TX,75024,Plano,6839 Communications Pkwy,6304682107,Gerald Davis,Detail Only,Office Visit (no prescriber contact),"['Zemlora', 'Neurexa', 'RxProgram']",David Douglas Jr.,358607,1,0,1,2024-08-26
a04Qk000004DiAd,Field,TX,77380,The Woodlands,920 Medical Plaza Dr Ste 560,6309458215,Randy Vasquez,Detail Only,Office Visit (no prescriber contact),"['Neurexa', 'RxProgram', 'Zemlora', 'Trivaxa']",Laura Haney,922733,0,0,0,2024-09-01
a04Qk0000048ZUY,Field,KY,40222,Louisville,2327 Lime Kiln Ln,6311320486,Anthony Hill,Detail Only,HCP Meal,"['Neurexa', 'RxProgram', 'Zemlora', 'Trivaxa']",David Smith,238739,0,0,0,2024-08-26
a04Qk000004EWIg,Virtual,NJ,07041,Millburn,225 Millburn Ave Ste 301,6316483394,Jennifer Cuevas,Detail Only,Phone Call with Office Staff,['Lexcura/Cymbrin/Multi-Vi-Flor'],Angelica Keith,854639,0,1,0,2024-09-02
a04Qk000004CihJ,Field,GA,30076,Roswell,1285 Hembree Rd Ste 100,6321364719,Ellen Butler,Detail Only,Virtual Call,"['Neurexa', 'RxProgram', 'Zemlora', 'Trivaxa']",Rodney Morales,439902,0,1,1,2024-08-30
a04Qk0000048Lg5,Field,MO,63017,Chesterfield,226 S Woods Mill Rd Ste 32W,6322534375,Robert Cook,Detail Only,Face-to-Face with HCP,"['Trivaxa', 'Neurexa', 'RxProgram']",Paula Bradley,871476,0,0,0,2024-08-24
a04Qk0000047CII,Field,NC,27526,Fuquay Varina,609 Attain St Ste 101,6323084333,Ashley Rice,Detail Only,Face-to-Face with HCP,"['Neurexa', 'RxProgram', 'Zemlora']",John Pierce,900581,1,0,0,2024-08-25
a04Qk000004EKnl,Field,OH,43147,Pickerington,641 Hill Rd N Ste A,6323171162,Linda Goodman,Detail Only,Office Visit (no prescriber contact),"['Neurexa', 'RxProgram', 'Zemlora', 'Trivaxa']",Abigail Shaffer,334053,0,0,1,2024-09-02
a04Qk000004ArVb,Field,KS,67206,Wichita,7111 E 21st St N Ste A,6324426835,Tony Villanueva,Detail Only,Office Visit (no prescriber contact),"['Neurexa', 'RxProgram', 'Zemlora', 'Trivaxa']",Sabrina Austin,853305,0,0,1,2024-08-29
a04Qk000004D0cb,Field,VA,23233,Richmond,2200 Pump Rd Ste 100,6326731005,Robert Brooks,Detail Only,Office Visit (no prescriber contact),"['Zemlora', 'Neurexa', 'RxProgram']",Parker Cain,923267,0,0,0,2024-08-30
a04Qk000004COHB,Field,GA,30076,Roswell,11755 Pointe Pl Ste A1,6329705320,Steven Thomas,Detail Only,Face-to-Face with HCP,"['Neurexa', 'RxProgram', 'Zemlora']",David Davis,231869,1,1,0,2024-08-30
a04Qk0000045nDt,Field,FL,32073,Orange Park,1542 Kingsley Ave Ste 136-137,6329781402,Christina Thompson,Detail Only,Office Visit (no prescriber contact),"['Neurexa', 'RxProgram', 'Zemlora']",Sophia Johnson,204837,1,0,0,2024-08-24
a04Qk000004Debd,Field,FL,32827,Orlando,6900 Tavistock Lakes Blvd Ste 400,6330309175,Hailey Alexander,Detail Only,Face-to-Face with HCP,"['Zemlora', 'Trivaxa']",Amy Silva,172933,0,0,1,2024-09-01
a04Qk000004FcHB,Field,FL,32827,Orlando,6900 Tavistock Lakes Blvd Ste 400,6330309175,Hailey Alexander,Detail Only,Face-to-Face with HCP,"['Zemlora', 'Trivaxa']",Joshua Reed,167136,1,0,0,2024-09-03
a04Qk000004LKXi,Field,FL,32827,Orlando,6900 Tavistock Lakes Blvd Ste 400,6330309175,Hailey Alexander,Detail Only,Face-to-Face with HCP,"['Zemlora', 'XR-ODT']",Paula Bradley,871476,1,0,0,2024-09-06
a04Qk000004FmwT,Field,VA,22046,Falls Church,513 W Broad St Ste 100,6330560213,Melanie Smith,Detail Only,Office Visit (no prescriber contact),"['Trivaxa', 'Zemlora']",Erin Edwards,520651,0,0,0,2024-09-03
a04Qk000004AmfN,Field,SC,29860,North Augusta,140 Allen Ct,6332321816,Jason Lyons,Detail Only,Office Visit (no prescriber contact),"['Zemlora', 'Trivaxa', 'Neurexa', 'RxProgram']",Daniel Kennedy,787277,0,0,1,2024-08-29
a04Qk00000479PF,Field,MO,63141,Saint Louis,11425 Olde Cabin Rd 120,6334768015,Janet Lopez,Detail Only,Face-to-Face with HCP,"['Zemlora', 'Neurexa', 'RxProgram']",Sophia Johnson,204837,0,0,1,2024-08-25
a04Qk0000047ZOX,Field,FL,33470,Loxahatchee,12955 Palms West Dr Ste 100,6335064133,Thomas Bell,Detail Only,HCP Meal,"['Zemlora', 'Trivaxa', 'Neurexa', 'RxProgram']",Ryan Gonzalez,595631,0,0,1,2024-08-25
a04Qk000004ARRF,Field,MI,49301,Ada,7128 Fulton St E,6336383282,Gregory James,Detail Only,Office Visit (no prescriber contact),"['Trivaxa', 'Zemlora', 'Neurexa', 'RxProgram']",Robert Oconnell,814825,0,1,1,2024-09-02
a04Qk0000047H1p,Field,FL,32225,Jacksonville,13001 Atlantic Blvd Ste 100,6338735468,Patricia Mann,Detail Only,Office Visit (no prescriber contact),"['Neurexa', 'RxProgram', 'Zemlora']",Jordan Chambers,163556,0,0,1,2024-08-25
a04Qk000004DloP,Field,PA,19426,Collegeville,3774 Ridge Pike,6338882895,Jonathan Medina,Detail Only,Office Visit (no prescriber contact),"['Neurexa', 'RxProgram', 'Zemlora', 'Trivaxa']",Dr. Hannah Patterson,456699,0,0,1,2024-08-30
a04Qk000004LMo1,Field,FL,32828,Orlando,422 S Alafaya Trl Ste 17,6344475774,Ricky Martin,Detail Only,Face-to-Face with HCP,"['Zemlora', 'XR-ODT']",Lauren Daniels,838797,1,0,1,2024-09-06
a04Qk0000047AZp,Field,TN,37919,Knoxville,310 N Forest Park Blvd Ste 202,6350883843,Jonathon Smith,Detail Only,Office Visit (no prescriber contact),"['Zemlora', 'Neurexa', 'RxProgram']",Christopher Parker,955662,0,0,1,2024-08-25
a04Qk000004HQQP,Field,TN,37919,Knoxville,310 N Forest Park Blvd Ste 202,6350883843,Jonathon Smith,Detail Only,HCP Meal,"['Zemlora', 'Neurexa', 'RxProgram']",Laura Haney,922733,0,0,1,2024-09-06
a04Qk000004B5i1,Virtual,CO,80045,Aurora,13123 E 16th Ave,6354864516,Jonathon Williams,Detail Only,Phone Call with Office Staff,"['Zemlora', 'Trivaxa', 'Neurexa', 'RxProgram']",Paul Wilson,428838,0,0,1,2024-08-29
a04Qk000004AhuE,Field,IA,50266,West Des Moines,2900 Westown Pkwy Ste 130,6355619929,Kellie Coleman,Detail Only,HCP Meal,"['Neurexa', 'RxProgram', 'Zemlora']",Jessica Garcia,174299,1,0,0,2024-08-29
a04Qk000004CI5L,Field,NC,27518,Cary,100 Parkway Office Ct Ste 104,6358059085,James Atkins,Detail Only,Office Visit (no prescriber contact),"['Zemlora', 'Neurexa', 'RxProgram']",Jamie Smith,214975,0,0,1,2024-08-30
a04Qk000004Dfz8,Field,TN,37615,Johnson City,108 Furches Dr Apt 14,6367533668,Matthew Farmer,Detail Only,Virtual Call,"['Zemlora', 'XR-ODT']",Ryan Rosales,559469,0,1,0,2024-09-01
a04Qk000004Fr4w,Field,FL,32940,Viera,8057 Spyglass Hill Rd Ste 102,6370377268,Dustin Gregory,Detail Only,Face-to-Face with HCP,"['Zemlora', 'Trivaxa']",Dana Chapman,171849,0,0,0,2024-08-30
a04Qk0000045gvZ,Field,KY,40513,Lexington,3581 Harrodsburg Rd Ste 350,6371200370,Juan Ruiz,Detail Only,Face-to-Face with HCP,"['Neurexa', 'RxProgram', 'Zemlora', 'Trivaxa']",Susan Murray MD,804314,1,0,1,2024-08-24
a04Qk000004HlWT,Field,IA,50309,Des Moines,1200 Pleasant St,6373946318,Eric Smith,Detail Only,Office Visit (no prescriber contact),"['Neurexa', 'RxProgram', 'Trivaxa']",Lauren Carson,522179,1,0,1,2024-09-06
a04Qk0000046Dhp,Field,MD,21061,Glen Burnie,301 Hospital Dr,6377481610,Patrick Landry,Detail Only,Office Visit (no prescriber contact),"['Zemlora', 'XR-ODT']",Christopher Smith,269396,0,0,0,2024-08-24
a04Qk000004HzCr,Field,VA,23225,North Chesterfield,221 Stonebridge Plaza Ave,6378146449,Susan Stevenson,Detail Only,HCP Meal,"['Neurexa', 'RxProgram', 'Trivaxa', 'Zemlora']",Denise Mccann,665579,0,0,1,2024-09-06
a04Qk000004APR3,Field,MI,48170,Plymouth,990 W Ann Arbor Trl Ste 210,6380292662,Kaitlyn Mcguire,Detail Only,Virtual Call,"['Neurexa', 'RxProgram', 'Trivaxa']",Nancy Jennings,888387,1,1,1,2024-08-29
a04Qk000004EKar,Virtual,NJ,07041,Millburn,159 Millburn Ave Ste 1,6383162029,Kenneth Obrien,Detail Only,Phone Call with Clinical Staff,['Lexcura/Cymbrin/Multi-Vi-Flor'],Lawrence Adkins,220116,0,0,1,2024-09-02
a04Qk000004Df9V,Field,MD,20852,Rockville,11125 Rockville Pike Ste 307,6389234704,Lisa Clarke,Detail Only,HCP Meal,"['Zemlora', 'Trivaxa']",Shelia Wallace,639131,0,0,1,2024-09-01
a04Qk000004MxaD,Field,TX,77008,Houston,2200 Yale St Ste 120,6401067456,William Stafford,Detail Only,Face-to-Face with HCP,"['Neurexa', 'RxProgram', 'Zemlora', 'Trivaxa']",Abigail Shaffer,334053,0,0,0,2024-09-06
a04Qk000004Fmej,Field,VA,22030,Fairfax,11204 Waples Mill Rd,6408769670,Dr. Rebecca Cruz,Detail Only,Office Visit (no prescriber contact),"['Zemlora', 'XR-ODT']",Brian Smith,184002,0,1,1,2024-09-03
a04Qk0000048dEn,Field,MA,01730,Bedford,41 North Rd Ste 200,6409663532,Ricky Abbott,Detail Only,Office Visit (no prescriber contact),"['Neurexa', 'RxProgram', 'Zemlora', 'Trivaxa']",Holly Valentine,172132,0,0,0,2024-08-26
a04Qk000004DKEj,Field,NC,28287,Charlotte,6060 Piedmont Row Dr S Ste 500,6411316594,Caleb Brown MD,Detail Only,Virtual Call with HCP,"['Zemlora', 'Neurexa', 'RxProgram']",Alyssa Long,725380,0,0,1,2024-09-01
a04Qk000004HaXp,Field,PA,19604,Reading,1800 N 12th St,6413095438,David Hill,Detail Only,Office Visit (no prescriber contact),"['Zemlora', 'Neurexa', 'RxProgram']",Matthew Foster,688508,1,0,1,2024-09-06
a04Qk000004ExU9,Field,FL,32601,Gainesville,300 E University Ave Ste 210,6413296405,Michelle Doyle,Detail Only,Face-to-Face with HCP,"['Zemlora', 'XR-ODT']",Jamie Smith,214975,0,1,0,2024-09-02
a04Qk0000048zwr,Field,PA,19312,Berwyn,1137 Lancaster Ave,6420098136,Jeremy Cuevas,Detail Only,Office Visit (no prescriber contact),"['Neurexa', 'RxProgram', 'Zemlora']",Shelia Wallace,639131,0,0,1,2024-08-26
a04Qk000004EuKz,Field,PA,19312,Berwyn,1137 Lancaster Ave,6420098136,Jeremy Cuevas,Detail Only,Office Visit (no prescriber contact),"['Zemlora', 'Neurexa', 'RxProgram']",Angelica Tucker,263032,0,0,1,2024-09-02
a04Qk000004CFgw,Field,KS,66210,Overland Park,11725 W 112th St,6425263956,Brenda Harris,Detail Only,HCP Meal,"['Neurexa', 'RxProgram', 'Zemlora']",Maria Parker,551989,0,0,1,2024-08-30
a04Qk000004GwAc,Field,FL,32092,St Augustine,493 Prosperity Lake Dr,6426425560,Christina Duncan,Detail Only,Office Visit (no prescriber contact),"['Neurexa', 'RxProgram', 'Zemlora', 'Trivaxa']",Cameron Fisher,321231,0,0,1,2024-09-06
a04Qk0000046rdf,Field,GA,30328,Atlanta,5887 Glenridge Dr Ste 140,6429442335,Yolanda Davidson,Detail Only,Face-to-Face with HCP,"['Neurexa', 'RxProgram', 'Zemlora', 'Trivaxa']",Denise Jones,329974,0,0,0,2024-08-25
a04Qk000004DIG9,Field,GA,30328,Atlanta,5887 Glenridge Dr Ste 140,6429442335,Yolanda Davidson,Detail Only,Face-to-Face with HCP,"['Neurexa', 'RxProgram', 'Zemlora']",Julie Alexander,100599,0,0,1,2024-09-01
a04Qk000004CVk5,Field,KS,66209,Overland Park,7011 W 121st St Ste 105,6430633778,Lindsey Hale,Detail Only,Face-to-Face with HCP,"['Neurexa', 'RxProgram', 'Zemlora']",Lindsey Walker,267753,1,0,0,2024-08-30
a04Qk000004HJ2L,Field,AZ,85713,Tucson,1230 S Cherrybell Stra,6431982740,Carrie Evans,Detail Only,Virtual Call,"['Neurexa', 'RxProgram', 'Zemlora']",Courtney Mills,480612,0,1,1,2024-09-06
a04Qk0000047Mnt,Field,NC,27616,Raleigh,"4805 Green Road, # 103",6432562283,Jordan Lopez,Detail Only,Office Visit (no prescriber contact),"['Zemlora', 'XR-ODT']",Cheyenne Horton,246413,0,0,1,2024-08-25
a04Qk000003Tvh8,Field,NY,10012,New York,155 Spring St Fl 4,6437276715,Russell Thornton,Detail Only,Office Visit (no prescriber contact),"['Neurexa', 'RxProgram', 'Zemlora']",Brent Jordan,145561,1,1,0,2024-08-25
a04Qk000004DllB,Field,PA,19426,Collegeville,3774 Ridge Pike Ste 101,6438340518,Isabel Navarro,Detail Only,Office Visit (no prescriber contact),"['Neurexa', 'RxProgram', 'Zemlora', 'Trivaxa']",Lisa Hensley,671858,0,0,1,2024-08-30
a04Qk0000049dZJ,Field,TX,77027,Houston,1001 West Loop S Ste 215,6440532285,Jared Mora,Detail Only,Face-to-Face with HCP,"['Neurexa', 'RxProgram', 'Zemlora', 'Trivaxa']",Jesse Perez,497382,1,0,0,2024-08-26
a04Qk000004MxIT,Field,TX,77027,Houston,1001 West Loop S Ste 215,6440532285,Jared Mora,Detail Only,Face-to-Face with HCP,"['Neurexa', 'RxProgram', 'Zemlora', 'Trivaxa']",Sharon Boyd,347861,0,0,0,2024-09-06
a04Qk000004Ixk5,Field,AL,35223,Birmingham,3300 Cahaba Rd Ste 102,6441188514,Michael Wilson,Detail Only,Office Visit (no prescriber contact),"['Neurexa', 'RxProgram', 'Zemlora', 'Trivaxa']",Samantha Garcia,407757,0,0,1,2024-09-06
a04Qk000004DnJx,Field,AL,36609,Mobile,1015 Montlimar Dr,6446085926,Robert Smith,Detail Only,Office Visit (no prescriber contact),"['Zemlora', 'Neurexa', 'RxProgram']",Jonathan Peterson,216970,0,0,1,2024-08-29
a04Qk000004EVw5,Field,AL,36116,Montgomery,4371 Narrow Lane Rd Ste 205,6446085926,Robert Smith,Detail Only,Office Visit (no prescriber contact),"['Neurexa', 'RxProgram', 'Zemlora', 'Trivaxa']",Laura Haney,922733,1,0,1,2024-09-01
a04Qk000004Euxi,Field,FL,32653,Gainesville,4635 NW 53rd Ave Ste 205,6446446372,Joshua Greer,Detail Only,Face-to-Face with HCP,"['Zemlora', 'XR-ODT']",Ashley Hall,863587,0,0,1,2024-09-02
a04Qk0000046B4v,Field,TN,37922,Knoxville,162D Market Place Blvd,6446833339,Jessica Case,Detail Only,Office Visit (no prescriber contact),"['Trivaxa', 'Zemlora', 'Neurexa', 'RxProgram']",Erica Alvarez,431737,0,0,1,2024-08-24
a04Qk000004Jpvl,Field,FL,32570,Milton,5962 Berryhill Rd,6453490797,Eddie Crawford,Detail Only,Office Visit (no prescriber contact),"['Zemlora', 'Neurexa', 'RxProgram', 'Trivaxa']",Jonathan Peterson,216970,1,1,1,2024-09-06
a04Qk0000046G1N,Field,OH,45230,Cincinnati,7400 Jager Ct,6454876555,Kristin Clark,Detail Only,Office Visit (no prescriber contact),"['Neurexa', 'RxProgram']",Helen Jones,430776,0,1,1,2024-08-24
a04Qk000004CPLJ,Virtual,NJ,07876,Succasunna,151 Route 10 Ste 105,6455197979,Carly Jones,Detail Only,Clinical Staff Meal,['Lexcura/Cymbrin/Multi-Vi-Flor'],Sergio Knight,411120,1,0,1,2024-08-30
a04Qk000004AwDJ,Field,KS,67206,Wichita,7111 E 21st St N Ste A,6456164649,Eddie Lopez,Detail Only,Office Visit (no prescriber contact),"['Neurexa', 'RxProgram', 'Zemlora', 'Trivaxa']",Theresa Williams,989921,0,0,0,2024-08-29
a04Qk000004AFhp,Field,NJ,07701,Red Bank,241 Maple Ave Ste 201,6461666194,David Boone,Detail Only,Office Visit (no prescriber contact),"['Neurexa', 'RxProgram', 'Zemlora', 'Trivaxa']",Joshua Cooke,654816,0,0,0,2024-08-25
a04Qk000004D0W9,Field,VA,23294,Richmond,2810 N Parham Rd Ste 120,6462396667,Kenneth Parker,Detail Only,HCP Meal,"['Zemlora', 'Neurexa', 'RxProgram', 'Trivaxa']",Courtney Mills,480612,0,0,0,2024-08-30
a04Qk0000047GnJ,Virtual,LA,70508,Lafayette,217 Saint Martinique Ln,6462470768,Ryan Carter,Detail Only,Fax to HCP Office,"['Zemlora', 'Trivaxa', 'Neurexa', 'RxProgram']",Timothy Romero,226882,0,1,0,2024-08-25
a04Qk000004DhRR,Field,FL,33759,Clearwater,"2454 N McMullen Booth Rd Suite 501, 502, 503, 504",6464101590,Chloe Rice,Detail Only,HCP Meal,"['Neurexa', 'RxProgram', 'Zemlora']",Brett Burns,246991,1,0,0,2024-09-01
a04Qk0000048siT,Field,FL,33614,Tampa,4710 N Habana Ave Ste 203,6468111481,Brian Henderson,Detail Only,Face-to-Face with HCP,"['Neurexa', 'RxProgram', 'Zemlora']",Denise Jacobs,472528,0,0,1,2024-08-26
a04Qk000004DjWT,Field,TX,77433,Cypress,9925 Barker Cypress Rd Ste 200,6469170698,Michael Wyatt,Detail Only,Face-to-Face with HCP,"['Neurexa', 'RxProgram', 'Zemlora', 'Trivaxa']",Marc Moore,356702,0,0,1,2024-08-30
a04Qk000004HwJp,Field,AZ,85050,Phoenix,26224 N Tatum Blvd Ste 1,6472059331,Hayley Winters,Detail Only,Office Visit (no prescriber contact),"['Neurexa', 'RxProgram', 'Zemlora', 'Trivaxa']",Madison Poole,555884,0,0,1,2024-09-06
a04Qk000004CAvm,Field,FL,32003,Fleming Island,4609 US Highway 17 Ste 1,6474702292,Elizabeth Jenkins,Detail Only,Office Visit (no prescriber contact),"['Neurexa', 'RxProgram', 'Zemlora']",Scott Thomas,153045,1,0,0,2024-08-30
a04Qk000004EY17,Virtual,LA,70737,Gonzales,2647 S Saint Elizabeth Blvd,6475886845,Jaime White,Detail Only,Phone Call with Office Staff,"['Zemlora', 'Trivaxa', 'Neurexa', 'RxProgram']",Matthew Harrington,363626,0,0,1,2024-09-02
a04Qk000004DlYH,Field,GA,31602,Valdosta,3541 N Crossing Cir,6480618391,John Burns,Detail Only,Office Visit (no prescriber contact),"['Zemlora', 'Neurexa', 'RxProgram']",Ryan Rosales,559469,0,1,0,2024-09-02
a04Qk0000046LAl,Field,NC,28056,Gastonia,3050 Riverwood Pkwy Ste B,6491289899,Mark Reyes,Detail Only,HCP Meal,"['Zemlora', 'Neurexa', 'RxProgram']",Carla Gray,329258,0,0,1,2024-08-29
a04Qk000004LTMW,Field,IL,60563,Naperville,1805 N Mill St Ste L,6491700888,Nicholas Mills,Detail Only,Face-to-Face with HCP,"['Neurexa', 'RxProgram', 'Zemlora', 'Trivaxa']",Kenneth Scott,961722,1,0,0,2024-09-06
a04Qk000004B11h,Field,PA,19103,Philadelphia,1845 Walnut St Ste 1540,6498446004,Jose Powell,Detail Only,Office Visit (no prescriber contact),"['Zemlora', 'Neurexa', 'RxProgram']",Deborah Figueroa,816751,1,0,1,2024-08-29
a04Qk000004EWIh,Field,MI,49444,Norton Shores,131 W Seaway Dr Ste 200,6498682874,John Collins,Detail Only,Office Visit (no prescriber contact),"['Zemlora', 'Trivaxa', 'Neurexa', 'RxProgram']",Lindsey Walker,267753,0,0,0,2024-09-02
a04Qk0000048vDJ,Field,KS,66227,Lenexa,23351 Prairie Star Pkwy Ste A245,6500493475,Melissa Hinton,Detail Only,Virtual Call,"['Neurexa', 'RxProgram', 'Zemlora']",Dr. William Warren,492077,0,0,0,2024-08-26
a04Qk000004AmYv,Field,IL,60189,Wheaton,1761 S Naperville Rd Ste 200,6502043931,Brian Rocha,Detail Only,Face-to-Face with HCP,"['Neurexa', 'RxProgram', 'Zemlora']",Bryan Gomez,399105,0,0,1,2024-08-29
a04Qk0000046MEr,Field,AZ,85296,Gilbert,428 S Gilbert Rd Ste 109,6504562034,Rebecca Conrad,Detail Only,Office Visit (no prescriber contact),"['Neurexa', 'RxProgram', 'Zemlora']",Daniel Salinas,898975,1,0,0,2024-08-24
a04Qk000004FvYM,Field,AL,35209,Homewood,3401 Independence Dr # 111,6516834664,Ricardo Kirby,Detail Only,HCP Meal,"['Zemlora', 'Neurexa', 'RxProgram', 'Trivaxa']",Monica Herrera,809570,0,0,1,2024-09-03
a04Qk00000468dJ,Field,PA,19010,Bryn Mawr,925 W Lancaster Ave Ste 210,6525386852,Mrs. Sarah Peters,Detail Only,HCP Meal,"['Zemlora', 'Neurexa', 'RxProgram']",David Smith,238739,0,1,1,2024-08-24
a04Qk0000047Lew,Field,FL,34209,Bradenton,2020 59th St W,6530514768,Yvonne Dixon,Detail Only,Face-to-Face with HCP,"['Neurexa', 'RxProgram', 'Zemlora', 'Trivaxa']",Krista Gibson,543692,0,0,1,2024-08-25
a04Qk000004MxLh,Field,TX,77056,Houston,5151 San Felipe St Ste 1470,6531561795,Beth Garcia,Detail Only,Face-to-Face with HCP,"['Neurexa', 'RxProgram', 'Zemlora']",Cristian Santos,388389,1,1,0,2024-09-06
a04Qk000004CWt3,Field,TN,37922,Knoxville,125 Huxley Rd,6535913057,Elizabeth Hines,Detail Only,Office Visit (no prescriber contact),"['Trivaxa', 'Zemlora', 'Neurexa', 'RxProgram']",Jeremy Mitchell,378082,0,0,0,2024-08-29
a04Qk000004CYur,Field,AL,35768,Scottsboro,1302 S Broad St,6539981113,Nicole Blair,Detail Only,Face-to-Face with HCP,"['Neurexa', 'RxProgram', 'Zemlora', 'Trivaxa']",Michael Bradshaw,182582,1,0,1,2024-08-30
a04Qk0000045oeb,Field,GA,30265,Newnan,2080 Newnan Crossing Blvd E Ste 300,6543988678,Dr. Richard Rodriguez,Detail Only,Face-to-Face with HCP,"['Neurexa', 'RxProgram', 'Norexel']",Allen Rosales,624902,0,0,0,2024-08-24
a04Qk000004Fi4r,Field,NC,28115,Mooresville,919 N Main St,6545769291,Kendra Payne,Detail Only,Virtual Call,"['Zemlora', 'Neurexa', 'RxProgram']",Stephen Hoffman,455784,1,0,0,2024-09-03
a04Qk000004Ft6j,Field,AL,36526,Daphne,28150 N Main St Ste A,6548459894,Candace Foster,Detail Only,Office Visit (no prescriber contact),"['Trivaxa', 'Neurexa', 'RxProgram', 'Zemlora']",Sara Johnston,234628,0,0,0,2024-09-02
a04Qk000004AoXW,Field,IN,47150,New Albany,4925 Charlestown Rd,6552586523,Ryan Cruz,Detail Only,HCP Meal,"['Neurexa', 'RxProgram', 'Zemlora', 'Trivaxa']",April Frost,133659,0,0,1,2024-08-29
a04Qk000004DV3h,Virtual,NJ,07090,Westfield,566 Westfield Ave,6554656604,Donald Sanchez,Detail Only,Phone Call with Office Staff,['Lexcura/Cymbrin/Multi-Vi-Flor'],Jose Travis,665492,0,1,0,2024-09-01
a04Qk000004AG7d,Field,PA,19067,Yardley,105 Floral Vale Blvd,6555438269,Andrew Brennan,Detail Only,Office Visit (no prescriber contact),"['Neurexa', 'RxProgram', 'Zemlora']",Lawrence Adkins,220116,0,1,1,2024-08-26
a04Qk000004DmNt,Field,PA,19067,Yardley,105 Floral Vale Blvd,6555438269,Andrew Brennan,Detail Only,Office Visit (no prescriber contact),"['Neurexa', 'RxProgram', 'Zemlora']",Robert Harrison,465962,0,0,0,2024-09-01
a04Qk000004EMb3,Field,DE,19806,Wilmington,2 Mill Rd Ste 106,6557825952,Steve Jennings,Detail Only,Virtual Call with HCP,"['Zemlora', 'Neurexa', 'RxProgram']",Lisa Barnes,403445,0,0,1,2024-09-01
a04Qk000004ASC1,Field,MI,48083,Troy,1639 E Big Beaver Rd Ste 104,6558199411,Judy Castillo,Detail Only,Office Visit (no prescriber contact),"['Zemlora', 'Trivaxa', 'Neurexa', 'RxProgram']",Jonathan Peterson,216970,1,0,1,2024-08-29
a04Qk000004G4q9,Field,TX,78730,Austin,6618 Sitio Del Rio Blvd Ste A101,6561507330,Jose Price,Detail Only,Office Visit (no prescriber contact),"['Trivaxa', 'Zemlora', 'Neurexa', 'RxProgram']",Mark Perez,988662,1,0,0,2024-09-03
a04Qk000004B8kj,Field,TX,77494,Katy,24022 Cinco Village Center Blvd,6562129862,Penny Wells,Detail Only,Face-to-Face with HCP,"['Neurexa', 'RxProgram', 'Zemlora', 'Trivaxa']",Rebecca Henderson,539898,0,0,1,2024-08-29
a04Qk000004DGUU,Virtual,OK,73071,Norman,2824 Classen Blvd Ste 100,6567366741,Eric Williams,Detail Only,Phone Call with Office Staff,"['Zemlora', 'Trivaxa', 'Neurexa', 'RxProgram']",Brett Burns,246991,0,0,1,2024-09-01
a04Qk0000048ufS,Field,IL,60601,Chicago,333 N Michigan Ave Ste 1400,6568044200,Daniel Cross III,Detail Only,HCP Meal,"['Zemlora', 'Neurexa', 'RxProgram']",Brenda Wright,398830,0,1,1,2024-08-25
a04Qk000003eGxB,Field,NE,68512,Lincoln,5539 S 27th St Ste 101,6568952087,Patrick Jones,Detail Only,HCP Meal,"['Neurexa', 'RxProgram', 'Zemlora']",Robin Young,523389,0,0,0,2024-09-02
a04Qk0000049dmE,Field,TX,77055,Houston,9432 Katy Fwy # 460,6569301104,Jason Reyes,Detail Only,Office Visit (no prescriber contact),"['Neurexa', 'RxProgram', 'Zemlora']",Debra White,262316,0,0,1,2024-08-24
a04Qk000004H8N3,Field,TX,77055,Houston,9432 Katy Fwy # 460,6569301104,Jason Reyes,Detail Only,Office Visit (no prescriber contact),"['Neurexa', 'RxProgram', 'Zemlora', 'Trivaxa']",Wayne Morgan,761759,1,0,0,2024-09-03
a04Qk000004CIZx,Field,KS,66210,Overland Park,11725 W 112th St,6569873994,James Davis,Detail Only,HCP Meal,"['Neurexa', 'RxProgram', 'Zemlora']",Katie Suarez,642717,0,0,1,2024-08-30
a04Qk000004DJTx,Field,FL,32081,Ponte Vedra,466 Town Plaza Ave Ste 310,6570186719,Dennis Lucas,Detail Only,Office Visit (no prescriber contact),"['Neurexa', 'RxProgram', 'Zemlora']",Courtney Mills,480612,0,0,0,2024-09-01
a04Qk000004EeMf,Field,NY,11201,Brooklyn,50 Clark St,6572003817,Thomas Carpenter,Detail Only,HCP Meal,"['Neurexa', 'RxProgram', 'Zemlora', 'Trivaxa']",Jesse Perez,497382,0,0,1,2024-09-02
a04Qk00000469j5,Virtual,NC,28403,Wilmington,1904 Eastwood Rd Ste 313,6578310229,Christine Coleman,Detail Only,Phone Call with Office Staff,"['Zemlora', 'Trivaxa', 'Neurexa', 'RxProgram']",Cynthia Rowe,716886,0,0,0,2024-08-24
a04Qk000004FodQ,Field,FL,34655,New Port Richey,2137 Little Rd,6580681834,Charles Taylor,Detail Only,Face-to-Face with HCP,"['Zemlora', 'Neurexa', 'RxProgram', 'Trivaxa']",Jonathan Peterson,216970,0,1,0,2024-09-03
a04Qk0000047FKz,Field,SC,29464,Mount Pleasant,1470 Ben Sawyer Blvd Ste 5B,6581321336,Jessica Beck,Detail Only,Virtual Call with HCP,"['Zemlora', 'Neurexa', 'RxProgram']",Ralph Anderson,176819,0,1,1,2024-08-25
a04Qk000004G2gH,Field,SC,29464,Mount Pleasant,1470 Ben Sawyer Blvd Ste 5B,6581321336,Jessica Beck,Detail Only,Virtual Call with HCP,"['Zemlora', 'Neurexa', 'RxProgram']",Mark Brown,612340,1,0,1,2024-09-02
a04Qk000004C8qj,Virtual,TN,38120,Memphis,6025 Walnut Grove Rd Ste 627,6585950317,Anthony Price,Detail Only,Fax to HCP Office,"['Zemlora', 'Trivaxa', 'Neurexa', 'RxProgram']",Daniel Kennedy,787277,0,0,1,2024-08-30
a04Qk000004FbUn,Field,NC,27265,High Point,4515 Premier Dr Ste 203,6589761011,Julie Dudley,Detail Only,Office Visit (no prescriber contact),"['Zemlora', 'Trivaxa']",Paula Bradley,871476,1,0,1,2024-09-03
a04Qk000004ELv7,Field,MI,48331,Farmington Hills,37935 W 12 Mile Rd Ste B,6590376894,Mr. Mark Morales,Detail Only,Virtual Call with HCP,"['Zemlora', 'Trivaxa', 'Neurexa', 'RxProgram']",Derek Zuniga,131244,0,0,0,2024-09-03
a04Qk000004C6sA,Virtual,NJ,07424,Woodland Park,1225 McBride Ave,6592245880,Adrian Jones,Detail Only,Phone Call with Clinical Staff,['Lexcura/Cymbrin/Multi-Vi-Flor'],Sharon Boyd,347861,0,1,1,2024-08-30
a04Qk000004ErWn,Field,SC,29407,Charleston,4 Carriage Ln Ste 200,6595135142,Carlos Martin,Detail Only,HCP Meal,"['Zemlora', 'Neurexa', 'RxProgram']",Michael Wang,855731,0,0,1,2024-09-01
a04Qk000004CDGv,Field,GA,30458,Statesboro,1140 Brampton Ave,6596021717,John Smith,Detail Only,Virtual Call,"['Zemlora', 'XR-ODT']",Alyssa Day,166613,0,1,0,2024-08-30
a04Qk00000478Uo,Field,NY,11758,Massapequa,5550 Merrick Rd Ste 200,6597200653,Paul Bradley,Detail Only,HCP Meal,"['Neurexa', 'RxProgram', 'Zemlora']",Jeremy Reed,698782,0,0,1,2024-08-25
a04Qk000004DOQP,Field,AL,36830,Auburn,665 N Dean Rd,6597926371,Julie Flores,Detail Only,Office Visit (no prescriber contact),"['Neurexa', 'RxProgram', 'Zemlora', 'Trivaxa']",Susan Turner,214576,0,0,1,2024-09-01
a04Qk000004DKLB,Field,OH,45252,Cincinnati,4130 Dry Ridge Rd,6601608856,Victoria Webb,Detail Only,Virtual Call with HCP,"['Neurexa', 'RxProgram', 'Zemlora']",Katherine Salas,656116,1,0,1,2024-09-01
a04Qk0000045gYz,Field,SC,29601,Greenville,509 Pettigru St,6609474433,Nicholas Kane,Detail Only,Face-to-Face with HCP,"['Zemlora', 'Trivaxa', 'Neurexa', 'RxProgram']",Jesse Perry,102260,0,0,0,2024-08-24
a04Qk000004C4aD,Field,SC,29601,Greenville,509 Pettigru St,6609474433,Nicholas Kane,Detail Only,HCP Meal,"['Zemlora', 'Trivaxa', 'Neurexa', 'RxProgram']",Jesse Brown,539589,0,0,1,2024-09-01
a04Qk0000048TSL,Field,IL,60093,Northfield,2 Northfield Plz Ste 205,6611130103,Melissa Long,Detail Only,Virtual Call,"['Neurexa', 'RxProgram']",Travis Tucker,580547,0,0,0,2024-08-26
a04Qk000004AUgr,Field,IL,60093,Northfield,2 Northfield Plz Ste 205,6611130103,Melissa Long,Detail Only,Virtual Call,"['Neurexa', 'RxProgram', 'Zemlora', 'Trivaxa']",Allison Hill,770487,0,0,1,2024-08-29
a04Qk000004CXqj,Field,IL,60093,Northfield,2 Northfield Plz Ste 205,6611130103,Melissa Long,Detail Only,Office Visit (no prescriber contact),"['Neurexa', 'RxProgram', 'Zemlora', 'Trivaxa']",David Thompson,783823,0,0,1,2024-08-30
a04Qk000004EmLq,Virtual,NC,28262,Charlotte,10310 Mallard Creek Rd Ste 101a,6611626164,Megan Wood,Detail Only,Phone Call with Clinical Staff,['Norexel'],Mrs. Kristen Reyes,559381,1,0,1,2024-09-02
a04Qk000004FaLp,Field,NC,28262,Charlotte,10310 Mallard Creek Rd Ste 101a,6611626164,Megan Wood,Detail Only,Office Visit (no prescriber contact),['Norexel'],Megan Le,201639,0,0,1,2024-09-03
a04Qk000004Dczd,Field,GA,30281,Stockbridge,830 Eagles Landing Pkwy Ste 202,6613175138,Diana Thompson,Detail Only,Face-to-Face with HCP,"['Neurexa', 'RxProgram', 'Zemlora']",Kathleen Webster,358175,1,0,0,2024-09-01
a04Qk000004EwLB,Field,KY,41042,Florence,7370 Turfway Rd Ste 200,6613276788,John Barnes,Detail Only,Office Visit (no prescriber contact),"['Neurexa', 'RxProgram']",Joanna Pacheco,648177,0,1,1,2024-09-02
a04Qk000004Fh5Z,Virtual,PA,15601,Greensburg,555 W Newton St,6616428936,Denise Marshall,Detail Only,HCP Meal,"['Zemlora', 'Trivaxa', 'Neurexa', 'RxProgram']",Gina Moore,246316,0,0,1,2024-09-03
a04Qk0000046PCj,Field,FL,32504,Pensacola,4951 Grande Dr,6616889717,Peter Hernandez,Detail Only,Office Visit (no prescriber contact),"['Zemlora', 'Neurexa', 'RxProgram']",Christopher Guerra,663750,0,0,0,2024-08-24
a04Qk000004AwlB,Field,TX,77054,Houston,7501 Fannin St Ste 850,6620917484,Colleen Wilson,Detail Only,Office Visit (no prescriber contact),"['Trivaxa', 'Neurexa', 'RxProgram']",Jeffrey Chavez,948749,1,0,1,2024-08-29
a04Qk0000047IM6,Field,NC,27614,Raleigh,10831 Forest Pines Dr Ste 100,6625810102,Rachel Brown,Detail Only,Office Visit (no prescriber contact),"['Zemlora', 'Neurexa', 'RxProgram', 'Trivaxa']",Jamie Smith,214975,0,0,0,2024-08-25
a04Qk000004BhFR,Field,NC,27545,Knightdale,6602 Knightdale Blvd Ste 204,6625810102,Rachel Brown,Detail Only,Office Visit (no prescriber contact),"['Zemlora', 'Trivaxa']",Spencer Haynes,287330,0,0,1,2024-08-29
a04Qk000004G4oX,Field,TX,78726,Austin,11714 Wilson Parke Ave Ste 150,6634581915,Preston Dean,Detail Only,Office Visit (no prescriber contact),"['Zemlora', 'Neurexa', 'RxProgram']",James Ferrell,331148,0,0,1,2024-09-02
a04Qk0000046rsA,Virtual,LA,70810,Baton Rouge,12525 Perkins Rd Ste C,6636923361,Denise Hamilton,Detail Only,Fax to HCP Office,"['Neurexa', 'RxProgram', 'Norexel']",Robert Potter,774079,0,0,1,2024-08-25
a04Qk0000046zjG,Virtual,LA,70810,Baton Rouge,12525 Perkins Rd Ste C,6636923361,Denise Hamilton,Detail Only,Phone Call with Office Staff,['Norexel'],Patricia Rodriguez,881177,0,0,0,2024-08-25
a04Qk0000046Fen,Field,LA,70586,Ville Platte,4940 Vidrine Rd,6645195754,Stacy West,Detail Only,Virtual Call,"['Zemlora', 'XR-ODT']",Angelica Keith,854639,0,0,1,2024-08-24
a04Qk00000478kv,Field,NY,11758,Massapequa,5550 Merrick Rd Ste 200,6651020733,Mary Krause,Detail Only,HCP Meal,"['Neurexa', 'RxProgram', 'Zemlora', 'Trivaxa']",Anthony Humphrey,391369,0,0,1,2024-08-25
a04Qk000004BsXS,Field,OH,45211,Cincinnati,3301 Mercy Health Blvd Ste 340,6652078193,Ryan Taylor,Detail Only,Virtual Call with HCP,"['Neurexa', 'RxProgram', 'Zemlora']",Monica Herrera,809570,0,0,0,2024-08-30
a04Qk000004AK6P,Field,NC,27705,Durham,2741 Campus Walk Ave Building 400 Unit 200,6653385635,Sean Davis,Detail Only,Face-to-Face with HCP,"['Zemlora', 'Neurexa', 'RxProgram']",Frank Cordova,322086,0,0,1,2024-08-29
a04Qk000004730T,Field,FL,33411,Royal Palm Beach,266 Cypress Trce,6653916303,Ann Lopez,Detail Only,HCP Meal,"['Zemlora', 'Neurexa', 'RxProgram']",Lindsay Martinez,772097,0,0,1,2024-08-25
a04Qk000004EfaT,Field,PA,19355,Malvern,5 Great Valley Pkwy Ste 243,6659017853,Veronica Wilson,Detail Only,Office Visit (no prescriber contact),"['Zemlora', 'Trivaxa', 'Neurexa', 'RxProgram']",Natalie Bautista,662336,0,0,1,2024-09-02
a04Qk0000048qTl,Field,NC,27529,Garner,1405 Timber Dr E,6663302299,Sean English,Detail Only,Office Visit (no prescriber contact),"['Zemlora', 'Trivaxa']",Robert Oconnell,814825,0,0,1,2024-08-26
a04Qk000004Eijd,Field,KY,41042,Florence,59 Cavalier Blvd Ste 330,6666943896,Kevin Wright,Detail Only,Face-to-Face with HCP,"['Neurexa', 'RxProgram', 'Zemlora', 'Trivaxa']",Cheyenne Horton,246413,1,0,0,2024-09-02
a04Qk0000045nFV,Field,FL,32073,Orange Park,1542 Kingley Ave Ste 136-137,6670390799,Autumn Contreras,Detail Only,Face-to-Face with HCP,"['Zemlora', 'Neurexa', 'RxProgram']",Marie Christian,161733,0,0,1,2024-08-24
a04Qk0000048cgv,Field,MA,01730,Bedford,41 North Rd Ste 200,6677718165,Lisa Chambers,Detail Only,Office Visit (no prescriber contact),"['Neurexa', 'RxProgram', 'Zemlora', 'Trivaxa']",Kelly Donovan,183667,1,0,1,2024-08-26
a04Qk000004CoLL,Field,FL,33548,Lutz,18958 N Dale Mabry Hwy,6680474562,Jessica Walker,Detail Only,HCP Meal,"['Neurexa', 'RxProgram', 'Zemlora', 'Trivaxa']",Darlene Miller,590785,0,0,1,2024-08-30
a04Qk000004AYJ3,Field,IL,60098,Woodstock,2028 N Seminary Ave,6682093725,Vickie Wiggins,Detail Only,Office Visit (no prescriber contact),"['Neurexa', 'RxProgram', 'Zemlora']",Rebecca Valencia,279451,0,0,1,2024-08-29
a04Qk000004CF0z,Field,OH,45208,Cincinnati,3330 Erie Ave Ste 8,6686112482,Julia Chandler,Detail Only,Face-to-Face with HCP,"['Neurexa', 'RxProgram', 'Zemlora']",Jennifer Collins,723939,0,0,1,2024-08-30
a04Qk0000046w3p,Field,GA,30253,Mcdonough,130 Enterprise Pkwy,6690201171,Jodi Evans DVM,Detail with Sample,Face-to-Face with HCP,"['Neurexa', 'RxProgram', 'Norexel']",Jose Schultz,514850,1,0,0,2024-08-25
a04Qk000004DNSj,Field,GA,30253,Mcdonough,130 Enterprise Pkwy,6690201171,Jodi Evans DVM,Detail Only,Face-to-Face with HCP,"['Neurexa', 'RxProgram', 'Norexel']",Michael Warner,694916,0,0,1,2024-09-01
a04Qk000004DG1R,Field,GA,31210,Macon,5300 Bowman Park,6692844923,Laura Stephens,Detail with Sample,HCP Meal,"['Neurexa', 'RxProgram', 'Norexel']",Nicole Parrish,543555,0,0,1,2024-09-01
a04Qk000004EzJ3,Field,VA,23666,Hampton,2205 Executive Dr Ste A,6703068973,Carl Pena,Detail Only,Office Visit (no prescriber contact),"['Neurexa', 'RxProgram', 'Zemlora', 'Trivaxa']",Nathan Maldonado,717889,0,0,1,2024-09-02
a04Qk0000045mGF,Field,LA,70508,Lafayette,401 Youngsville Hwy Ste 100,6706737787,Michael Lewis,Detail Only,HCP Meal,"['Neurexa', 'RxProgram', 'Norexel', 'Zemlora', 'Trivaxa']",Alexander Collins,663054,1,0,0,2024-08-24
a04Qk000004BvDZ,Field,OH,45434,Beavercreek,3095 Dayton Xenia Rd Ste 100,6707103449,Gary Allen,Detail Only,Virtual Call with HCP,"['Neurexa', 'RxProgram', 'Zemlora']",Jason Powell,169403,0,1,1,2024-08-30
a04Qk000004DdpF,Field,MD,21045,Columbia,5500 Knoll North Dr Ste 290,6708890952,Amanda Jones,Detail Only,HCP Meal,"['Zemlora', 'XR-ODT']",Ellen Morgan,299122,0,0,1,2024-09-01
a04Qk0000046zmT,Field,GA,30328,Atlanta,990 Hammond Dr Ste 575,6710054902,Alicia Jennings,Detail Only,Face-to-Face with HCP,"['Neurexa', 'RxProgram', 'Zemlora']",Dylan Miller,719176,1,1,1,2024-08-25
a04Qk000004BvGn,Field,GA,31904,Columbus,2300 Manchester Expy Ste 2001A,6713563845,Jennifer Schwartz,Detail Only,Face-to-Face with HCP,"['Neurexa', 'RxProgram', 'Zemlora']",Matthew Moon,676510,1,1,0,2024-08-30
a04Qk000004Dl6s,Field,TX,78681,Round Rock,7200 Wyoming Springs Dr Ste 600,6713846630,Mary Zuniga,Detail Only,Office Visit (no prescriber contact),"['Trivaxa', 'Zemlora', 'Neurexa', 'RxProgram']",Michael Farrell,161483,0,0,1,2024-09-01
a04Qk000004FhqL,Field,NC,28054,Gastonia,1867 Remount Rd Ste H,6722103752,Samuel Bates,Detail Only,Virtual Call,"['Zemlora', 'Neurexa', 'RxProgram']",Angela Lin,789305,0,0,0,2024-09-03
a04Qk000004HzKv,Field,VA,23116,Mechanicsville,7521 Right Flank Rd Ste 100,6724986544,Randy Carter,Detail Only,Office Visit (no prescriber contact),"['Neurexa', 'RxProgram', 'Zemlora', 'Trivaxa']",Daniel Salinas,898975,0,0,1,2024-09-06
a04Qk0000047PsD,Field,NC,28025,Concord,380 Copperfield Blvd NE,6725481840,Adriana Lee,Detail Only,Virtual Call with HCP,"['Neurexa', 'RxProgram', 'Zemlora', 'Trivaxa']",Mary Thompson,697347,0,0,0,2024-08-25
a04Qk000004H0ZB,Field,GA,30043,Lawrenceville,1655 Lebanon Rd Ste A,6728096984,Nicholas Soto,Detail Only,Face-to-Face with HCP,"['Zemlora', 'Neurexa', 'RxProgram']",Angela Lin,789305,0,1,1,2024-09-06
a04Qk000004Bv5V,Field,NY,10605,White Plains,311 North St Ste 201,6730785988,Alexa Mclaughlin,Detail Only,Office Visit (no prescriber contact),"['Neurexa', 'RxProgram', 'Zemlora', 'Trivaxa']",Richard Rodriguez,771088,0,0,1,2024-08-30
a04Qk0000045fZh,Field,SC,29615,Greenville,429 Roper Mountain Rd Ste 700,6733503432,Patrick Gentry,Detail Only,Office Visit (no prescriber contact),"['Zemlora', 'Neurexa', 'RxProgram', 'Trivaxa']",Michael Warner,694916,0,1,1,2024-08-24
a04Qk0000046I6P,Field,OH,45238,Cincinnati,2001 Anderson Ferry Rd,6737448701,Raymond Murphy,Detail Only,Virtual Call,"['Neurexa', 'RxProgram', 'Zemlora', 'Trivaxa']",Stephanie Byrd,858490,0,0,0,2024-08-24
a04Qk000004DKpp,Field,OH,45040,Mason,6010 S Mason Montgomery Rd,6740926797,Sarah Crawford,Detail Only,Virtual Call with HCP,"['Zemlora', 'Neurexa', 'RxProgram', 'Trivaxa']",Ariana Jennings,392075,0,0,1,2024-09-01
a04Qk000004DjHx,Field,FL,32571,Pace,5595 Woodbine Rd,6741295417,Cheryl Williams,Detail Only,Office Visit (no prescriber contact),"['Zemlora', 'Neurexa', 'RxProgram']",Anthony Humphrey,391369,1,0,0,2024-09-01
a04Qk000004DmFq,Field,PA,19406,King Of Prussia,210 Mall Blvd,6743026958,Ricky Santana,Detail Only,Office Visit (no prescriber contact),"['Neurexa', 'RxProgram', 'Zemlora', 'Trivaxa']",Diane Evans,359947,0,0,1,2024-09-01
a04Qk000004Fsoz,Field,AL,36532,Fairhope,21950 State Highway 181 Ste A1,6748123594,Angela Marquez,Detail Only,Office Visit (no prescriber contact),"['Zemlora', 'Neurexa', 'RxProgram']",Ricky Davis II,412942,0,1,0,2024-09-03
a04Qk000004C8E1,Field,SC,29708,Fort Mill,2764 Pleasant Rd Ste A,6752864212,Jennifer Frank,Detail Only,Virtual Call with HCP,"['Neurexa', 'RxProgram', 'Zemlora', 'Trivaxa']",Angel Perry,377746,0,0,0,2024-08-30
a04Qk0000046P9V,Field,FL,32504,Pensacola,4951 Grande Dr,6752936628,Olivia Williams,Detail Only,Office Visit (no prescriber contact),"['Zemlora', 'Neurexa', 'RxProgram']",Margaret Coleman,704201,1,0,0,2024-08-24
a04Qk000004CTju,Field,MO,63109,Saint Louis,6526 Lansdowne Ave,6758047665,Eric Butler,Detail Only,Face-to-Face with HCP,"['Neurexa', 'RxProgram', 'Trivaxa']",Connie Lawrence,356787,1,0,1,2024-08-30
a04Qk000004G4gT,Field,TX,78746,Austin,4101 Parkstone Heights Dr Ste 360,6760494993,Terry Rhodes,Detail Only,Face-to-Face with HCP,"['Zemlora', 'Neurexa', 'RxProgram']",Melissa Gates,149405,0,0,0,2024-09-02
a04Qk0000047Xhh,Field,TX,77584,Pearland,1901 Kirby Dr Ste 109,6763884579,Miguel Kelley,Detail Only,Office Visit (no prescriber contact),"['Trivaxa', 'Neurexa', 'RxProgram']",Steve Sanchez,910620,1,0,1,2024-08-25
a04Qk000004Eeph,Field,KY,41042,Florence,45 Cavalier Blvd,6778871150,Geoffrey Johnson,Detail Only,HCP Meal,"['Neurexa', 'RxProgram', 'Zemlora', 'Trivaxa']",Ashley Waller,905635,1,1,0,2024-09-02
a04Qk000004FuCT,Field,MO,63368,O Fallon,2954 Highway K,6779512069,Jason Nichols,Detail Only,Face-to-Face with HCP,"['Trivaxa', 'Neurexa', 'RxProgram']",Spencer Haynes,287330,0,1,0,2024-09-02
a04Qk0000044SzV,Field,AZ,85224,Chandler,312 N Alma School Rd Ste 1,6783355412,Alexis Bates,Detail Only,Office Visit (no prescriber contact),"['Neurexa', 'RxProgram', 'Zemlora']",Christine Wright,660086,0,0,0,2024-08-24
a04Qk000004DNED,Field,IL,60544,Plainfield,24402 W Lockport St Ste 224,6784183785,Charles Cooper,Detail Only,Face-to-Face with HCP,"['Neurexa', 'RxProgram', 'Zemlora']",Holly Valentine,172132,0,1,1,2024-09-01
a04Qk0000046DJd,Field,AL,35124,Pelham,333 Business Cir,6784527568,Christopher Castaneda,Detail Only,Face-to-Face with HCP,"['Neurexa', 'RxProgram', 'Zemlora']",Yvonne Burns,335612,0,0,0,2024-08-24
a04Qk000004ELNF,Field,GA,31605,Valdosta,3301 N Oak Street Ext,6784693432,Diane Taylor,Detail Only,Office Visit (no prescriber contact),"['Neurexa', 'RxProgram', 'Zemlora', 'Trivaxa']",Yvonne Chambers,791798,0,1,0,2024-09-02
a04Qk000004Dfvt,Field,NC,27518,Cary,530 New Waverly Pl Ste 314,6784811648,Karen Campbell,Detail Only,Face-to-Face with HCP,"['Zemlora', 'XR-ODT']",Andrew Avila,598369,0,0,0,2024-09-01
a04Qk000004EJRt,Virtual,LA,70809,Baton Rouge,8585 Picardy Ave Ste 518,6787864993,Becky Boyer,Detail Only,Phone Call with Office Staff,"['Zemlora', 'Trivaxa', 'Neurexa', 'RxProgram']",Brenda Hall,634277,0,0,1,2024-09-02
a04Qk0000047JBi,Virtual,PA,15317,Canonsburg,135 Technology Dr Ste 204,6791210411,Thomas Davis,Detail Only,Phone Call with Office Staff,"['Zemlora', 'Trivaxa', 'Neurexa', 'RxProgram']",Paul Wilson,428838,1,0,0,2024-08-25
a04Qk000004Ae1t,Field,IL,60050,Mchenry,5404 W Elm St Ste Q,6791815519,Melissa Jones,Detail Only,HCP Meal,"['Neurexa', 'RxProgram', 'Zemlora', 'Trivaxa']",David Davis,231869,0,0,0,2024-08-29
a04Qk00000466lB,Field,AZ,85234,Gilbert,3489 E Baseline Rd,6796609884,Stacey Schaefer,Detail Only,HCP Meal,"['Neurexa', 'RxProgram', 'Zemlora']",Craig Morrison,225710,0,0,1,2024-08-24
a04Qk0000047XWQ,Field,TX,77581,Pearland,2017 Broadway St,6798657374,Jacob Burgess,Detail Only,Office Visit (no prescriber contact),"['Trivaxa', 'Neurexa', 'RxProgram']",Elizabeth Perkins,982554,0,1,0,2024-08-25
a04Qk000004DhrF,Field,KS,67205,Wichita,4013 N Ridge Rd # Ruite 220,6799422115,Sophia Camacho,Detail Only,Face-to-Face with HCP,"['Neurexa', 'RxProgram', 'Zemlora', 'Trivaxa']",Adam Vaughan,632342,0,0,1,2024-09-01
a04Qk000004C8An,Field,NC,28278,Charlotte,13640 Steelecroft Pkwy Ste 210,6799659152,Thomas Brooks,Detail Only,Virtual Call with HCP,"['Zemlora', 'Trivaxa', 'Neurexa', 'RxProgram']",Nathan Maldonado,717889,0,0,1,2024-08-30
a04Qk0000048rOD,Field,TX,75075,Plano,1524 Independence Pkwy Ste A1,6808646634,Oscar Wang,Detail Only,Office Visit (no prescriber contact),"['Zemlora', 'Trivaxa', 'Neurexa', 'RxProgram']",Tracy House,407419,1,0,0,2024-08-26
a04Qk000004ESN7,Virtual,LA,70525,Church Point,1048 E Ebey St,6821384063,Jay Hicks,Detail Only,Phone Call with Office Staff,['Norexel'],Michael Farrell,161483,0,0,1,2024-09-02
a04Qk000004Fhjt,Field,LA,70525,Church Point,1048 E Ebey St,6821384063,Jay Hicks,Detail Only,Office Visit (no prescriber contact),"['Norexel', 'Neurexa', 'RxProgram']",Ryan Munoz,207473,0,1,1,2024-09-03
a04Qk000004FvgP,Field,KS,66047,Lawrence,4951 W 18th St,6822036166,Karen Hayes,Detail Only,HCP Meal,"['Neurexa', 'RxProgram', 'Zemlora']",Mary Escobar,237235,0,0,1,2024-09-03
a04Qk000004B1GD,Field,IL,60048,Libertyville,1860 W Winchester Rd Ste 106,6822370446,Melissa Ramirez,Detail Only,Office Visit (no prescriber contact),"['Neurexa', 'RxProgram', 'Zemlora']",Jessica Holmes,498382,1,1,1,2024-08-29
a04Qk000004Dg7B,Field,TX,75034,Frisco,4040 Legacy Dr Ste 201,6824638507,Emily Medina,Detail Only,Face-to-Face with HCP,"['Zemlora', 'Trivaxa', 'Neurexa', 'RxProgram']",Charles Lester,202664,0,0,1,2024-09-01
a04Qk000004FsU1,Field,FL,32571,Pace,3874 Highway 90,6834045711,Jillian Thomas,Detail Only,HCP Meal,"['Zemlora', 'Neurexa', 'RxProgram']",Brenda Wright,398830,0,0,1,2024-09-03
a04Qk0000048Tli,Field,TX,77058,Houston,17225 El Camino Real Ste 210,6834351831,Alexander Martin,Detail Only,Office Visit (no prescriber contact),"['Zemlora', 'Neurexa', 'RxProgram']",Debra White,262316,0,0,0,2024-08-26
a04Qk0000048GGc,Field,MO,63368,O Fallon,20 Progress Point Pkwy Ste 220,6835426983,Krista Holloway,Detail Only,Face-to-Face with HCP,"['Zemlora', 'Neurexa', 'RxProgram']",Tanner Mitchell DDS,299659,0,0,1,2024-08-24
a04Qk000004DLyn,Field,NC,27157,Winston Salem,Medical Center Blvd,6835730588,Angela Perez,Detail Only,Virtual Call,"['Zemlora', 'XR-ODT']",Richard Aguirre,946335,0,1,1,2024-09-01
a04Qk0000046M1x,Field,NC,28056,Gastonia,3050 Riverwood Pkwy Ste B,6838987005,Theresa Hernandez,Detail Only,Office Visit (no prescriber contact),"['Zemlora', 'Neurexa', 'RxProgram']",Steve Sanchez,910620,0,0,0,2024-08-29
a04Qk000004Deer,Field,FL,32713,Debary,352 Englenook Dr,6841204502,April Myers,Detail Only,Face-to-Face with HCP,"['Zemlora', 'Trivaxa']",Jeremy Sampson,292401,0,0,0,2024-09-01
a04Qk000004D2Cz,Field,TX,77479,Sugar Land,2819 Imperia Dr,6846155193,David Jacobs,Detail Only,HCP Meal,"['Trivaxa', 'Neurexa', 'RxProgram']",Allison Hill,770487,1,1,0,2024-08-30
a04Qk000004C01x,Virtual,CA,90031,Los Angeles,1721 Griffin Ave,6846437455,Alexis Neal,Detail Only,Phone Call with Clinical Staff,"['Zemlora', 'Trivaxa', 'Neurexa', 'RxProgram']",Jeremy Reed,698782,1,0,0,2024-08-30
a04Qk0000049dav,Field,TX,77024,Houston,8588 Katy Fwy Ste 350,6846545193,Mark Crawford,Detail Only,Office Visit (no prescriber contact),"['Neurexa', 'RxProgram', 'Zemlora', 'Trivaxa']",Kathy Rivas,549245,0,0,0,2024-08-24
a04Qk000004MxOv,Field,TX,77024,Houston,8588 Katy Fwy Ste 350,6846545193,Mark Crawford,Detail Only,Face-to-Face with HCP,"['Zemlora', 'Neurexa', 'RxProgram', 'Trivaxa']",Sabrina Austin,853305,0,1,0,2024-09-06
a04Qk000004DlgL,Field,GA,31602,Valdosta,117 W Northside Dr Ste G,6853013074,Christina Calhoun,Detail Only,Face-to-Face with HCP,"['Neurexa', 'RxProgram', 'Zemlora', 'Trivaxa']",Gerald Hensley,662275,0,0,0,2024-09-02
a04Qk000004B61N,Field,FL,33511,Brandon,1721 Brandon Main St,6857454763,Janice Thomas,Detail Only,Face-to-Face with HCP,"['Neurexa', 'RxProgram', 'Zemlora', 'Trivaxa']",Dylan Miller,719176,0,0,1,2024-08-29
a04Qk000004FoVF,Field,FL,33544,Wesley Chapel,2352 Bruce B Downs Blvd Ste 304,6857454763,Janice Thomas,Detail Only,Face-to-Face with HCP,"['Neurexa', 'RxProgram', 'Zemlora', 'Trivaxa']",Sharon Boyd,347861,0,1,0,2024-09-02
a04Qk000004Hu3V,Field,FL,33511,Brandon,1721 Brandon Main St,6857454763,Janice Thomas,Detail Only,Face-to-Face with HCP,"['Neurexa', 'RxProgram', 'Zemlora', 'Trivaxa']",Jeremy Turner,749468,0,0,0,2024-09-06
a04Qk000004Eje5,Field,MD,21204,Towson,7600 Osler Dr Ste 402,6857767032,Lori Reid,Detail Only,Office Visit (no prescriber contact),"['Zemlora', 'Trivaxa']",Travis Tucker,580547,0,0,1,2024-09-02
a04Qk000004CTrx,Field,NC,27540,Holly Springs,106 Hyannis Dr,6858101355,Matthew Cruz,Detail Only,Office Visit (no prescriber contact),"['Zemlora', 'Trivaxa', 'Neurexa', 'RxProgram']",Victor Baker,913694,0,0,1,2024-08-30
a04Qk000004AhpN,Field,TX,75024,Plano,4032 McDermott Rd Ste 100,6860796031,Donna Jenkins,Detail Only,HCP Meal,"['Zemlora', 'Trivaxa', 'Neurexa', 'RxProgram']",Bailey Duran DDS,217301,1,0,1,2024-08-29
a04Qk0000048RIT,Field,GA,30319,Atlanta,705 Town Blvd NE Ste S560,6860904897,Kimberly Cox,Detail Only,Face-to-Face with HCP,"['Neurexa', 'RxProgram', 'Zemlora']",Jessica Holmes,498382,1,0,1,2024-08-26
a04Qk000004Eiuv,Field,NE,68526,Lincoln,9100 Andermatt Dr Ste 1,6869244328,William Larson,Detail Only,Face-to-Face with HCP,"['Neurexa', 'RxProgram', 'Zemlora']",Erin Edwards,520651,0,0,1,2024-09-02
a04Qk000004FUwL,Field,SC,29063,Irmo,7941 Broad River Rd,6870094314,Keith Henry,Detail Only,Office Visit (no prescriber contact),"['Trivaxa', 'Zemlora', 'Neurexa', 'RxProgram']",Jeffrey Chandler,158655,0,0,1,2024-09-03
a04Qk000004H6LF,Virtual,OK,73034,Edmond,3224 Garden Hill Dr,6871458989,Sean Campbell,Detail Only,Phone Call with Clinical Staff,"['Zemlora', 'Trivaxa', 'Neurexa', 'RxProgram']",Marc Moore,356702,0,0,1,2024-09-06
a04Qk0000048hvB,Field,AL,35209,Birmingham,2200 Lakeshore Dr Ste 150,6874790737,Jennifer Singh,Detail Only,Face-to-Face with HCP,"['Neurexa', 'RxProgram', 'Zemlora', 'Trivaxa']",Denise Davenport,491559,0,1,1,2024-08-26
a04Qk000004FYFB,Field,NC,27265,High Point,4154 Mendenhall Oaks Pkwy Ste 103,6879694171,Eric Hall,Detail Only,Face-to-Face with HCP,"['Zemlora', 'Trivaxa']",Chad Scott,599948,0,0,1,2024-09-03
a04Qk000004Ezvl,Field,NC,28277,Charlotte,14215 Ballantyne Corporate Pl Ste 130,6881165965,Thomas Montgomery,Detail Only,Virtual Call with HCP,"['Neurexa', 'RxProgram', 'Zemlora', 'Trivaxa']",Margaret Coleman,704201,0,1,0,2024-09-02
a04Qk000004AurR,Field,KS,66083,Spring Hill,22450 S Harrison St Ste 100,6882524098,Suzanne Johnson,Detail Only,Virtual Call,"['Neurexa', 'RxProgram', 'Zemlora']",Matthew Moon,676510,0,0,1,2024-08-29
a04Qk000004Aut3,Field,KS,66083,Spring Hill,22450 S Harrison St Ste 100,6882524098,Suzanne Johnson,Detail Only,Virtual Call,"['Neurexa', 'RxProgram', 'Zemlora', 'Trivaxa']",Chad Jones,751332,1,0,0,2024-08-29
a04Qk0000048VU9,Field,FL,33306,Fort Lauderdale,2601 E Oakland Park Blvd Ste 207,6887193570,Ryan Hensley,Detail Only,HCP Meal,"['Trivaxa', 'Zemlora', 'Neurexa', 'RxProgram']",Maria Jones,378517,0,0,0,2024-08-26
a04Qk000004FV4P,Field,SC,29072,Lexington,424 Old Cherokee Rd,6887306197,Robert Stuart,Detail Only,Office Visit (no prescriber contact),"['Trivaxa', 'Zemlora', 'Neurexa', 'RxProgram']",Tracy Burke,830429,0,1,1,2024-09-03
a04Qk000004Dapl,Field,AL,36830,Auburn,2353 Bent Creek Rd Ste 110,6891361511,Robert Fuller,Detail Only,HCP Meal,"['Neurexa', 'RxProgram', 'Zemlora', 'Trivaxa']",Kathleen Moran,781446,1,0,0,2024-09-01
a04Qk000004B7wj,Field,VA,23235,North Chesterfield,10710 Midlothian Tpke Ste 127,6892481019,Jerry Thompson,Detail Only,Office Visit (no prescriber contact),"['Neurexa', 'RxProgram', 'Zemlora', 'Trivaxa']",Timothy Romero,226882,1,1,0,2024-08-29
a04Qk000004Hz81,Field,VA,23235,North Chesterfield,10710 Midlothian Tpke Ste 127,6892481019,Jerry Thompson,Detail Only,Office Visit (no prescriber contact),"['Zemlora', 'Neurexa', 'RxProgram', 'Trivaxa']",Anthony Harmon,115474,0,1,1,2024-09-06
a04Qk0000047Xkv,Field,TX,77584,Pearland,7501 Fite Rd,6895239035,Mrs. Jennifer Brady MD,Detail Only,Office Visit (no prescriber contact),"['Zemlora', 'Neurexa', 'RxProgram']",Linda Smith,564656,0,0,0,2024-08-25
a04Qk000004BxFN,Field,FL,32003,Fleming Island,1689 Eagle Harbor Pkwy Ste A,6901155561,Samuel Smith,Detail Only,Office Visit (no prescriber contact),"['Zemlora', 'Neurexa', 'RxProgram']",Ashley Waller,905635,0,0,1,2024-08-30
a04Qk000004IoDl,Field,MA,01720,Acton,289 Great Rd Ste G1,6901518911,Jacqueline Mercado,Detail Only,Office Visit (no prescriber contact),"['Neurexa', 'RxProgram', 'Zemlora']",Paul Jones,205907,1,0,0,2024-09-06
a04Qk000004Anl8,Field,SC,29407,Charleston,1620 Ashley River Rd,6902045537,Whitney Le,Detail Only,Office Visit (no prescriber contact),"['Zemlora', 'Neurexa', 'RxProgram']",Carla Gray,329258,0,0,0,2024-08-29
a04Qk000004JVsD,Field,SC,29407,Charleston,1620 Ashley River Rd,6902045537,Whitney Le,Detail Only,Office Visit (no prescriber contact),"['Zemlora', 'Neurexa', 'RxProgram']",Jenna Larson,414569,1,0,1,2024-09-06
a04Qk000004Ez1J,Field,TN,37421,Chattanooga,7155 Lee Highway,6910413877,John Hess,Detail Only,HCP Meal,"['Neurexa', 'RxProgram', 'Zemlora']",Garrett Lin,817870,1,1,1,2024-09-02
a04Qk000004HF5B,Field,FL,33328,Davie,10400 Griffin Rd Ste 101,6911286975,Kelly Grant,Detail Only,HCP Meal,"['Trivaxa', 'Zemlora', 'Neurexa', 'RxProgram']",Brenda Wright,398830,0,0,0,2024-09-06
a04Qk000004DlDJ,Field,PA,18901,Doylestown,800 W State St Ste 101,6915123433,Rachel Roberson,Detail Only,Face-to-Face with HCP,"['Neurexa', 'RxProgram', 'Zemlora']",Desiree Tyler,573417,0,1,0,2024-08-29
a04Qk0000047Mr7,Field,TN,37923,Knoxville,408 N Cedar Bluff Rd Ste 305,6919727446,Jessica Mercado,Detail Only,Office Visit (no prescriber contact),"['Zemlora', 'Neurexa', 'RxProgram']",Lisa Allen,324643,0,0,1,2024-08-25
a04Qk0000048iMX,Field,AL,35209,Birmingham,2200 Lakeshore Dr Ste 150,6920612962,Mrs. Katelyn Walters,Detail Only,Face-to-Face with HCP,"['Neurexa', 'RxProgram', 'Zemlora']",Jeffrey Chavez,948749,1,0,1,2024-08-26
a04Qk000004Iwpd,Field,AL,35209,Birmingham,2200 Lakeshore Dr Ste 150,6920612962,Mrs. Katelyn Walters,Detail Only,Office Visit (no prescriber contact),"['Neurexa', 'RxProgram', 'Zemlora']",Megan Orr,694731,0,0,0,2024-09-06
a04Qk000004GzDJ,Field,GA,30096,Duluth,3855 Pleasant Hill Rd Ste 210,6923730251,Karen Gross,Detail Only,Face-to-Face with HCP,"['Neurexa', 'RxProgram', 'Zemlora']",Kimberly Gutierrez,891952,0,0,0,2024-09-06
a04Qk000004EO09,Field,OH,45240,Cincinnati,924 Waycross Rd,6929518528,Brian Benson,Detail Only,Virtual Call with HCP,"['Neurexa', 'RxProgram', 'Zemlora', 'Trivaxa']",Michelle Evans,380746,0,0,1,2024-09-02
a04Qk000004FSBN,Field,OH,45701,Athens,5 Charles St,6930976121,Michelle Miller,Detail Only,Office Visit (no prescriber contact),"['Neurexa', 'RxProgram', 'Zemlora']",Stephanie Williams,349565,1,0,0,2024-09-03
a04Qk000004HTXx,Field,AZ,85704,Tucson,6650 N Oracle Rd Ste 110,6932250508,Jane Barnes,Detail Only,Virtual Call,"['Neurexa', 'RxProgram', 'Zemlora', 'Trivaxa']",Mary Thompson,697347,0,1,1,2024-09-06
a04Qk0000045gp7,Field,OH,43215,Columbus,444 Butterfly Gardens Dr,6937155093,Dr. Ronald Arnold,Detail Only,Virtual Call,"['Neurexa', 'RxProgram', 'Zemlora', 'Trivaxa']",Tina Sanders,887352,0,1,1,2024-08-24
a04Qk0000048vZt,Field,MO,63367,Lake St Louis,100 Brevco Plz Ste 101,6937541981,Kevin Jones,Detail Only,Face-to-Face with HCP,"['Trivaxa', 'Neurexa', 'RxProgram']",Alyssa Long,725380,0,0,1,2024-08-26
a04Qk000004Fteb,Field,MO,63367,Lake St Louis,100 Brevco Plz Ste 101,6937541981,Kevin Jones,Detail Only,HCP Meal,"['Trivaxa', 'Neurexa', 'RxProgram']",Charles Lester,202664,0,0,1,2024-09-03
a04Qk000004CFCH,Field,OH,45208,Cincinnati,3330 Erie Ave Ste 8,6937910022,John Johnson,Detail Only,Face-to-Face with HCP,"['Neurexa', 'RxProgram', 'Zemlora', 'Trivaxa']",Carrie Wright,802258,0,0,0,2024-08-30
a04Qk00000478pl,Field,TN,37919,Knoxville,318 N Forest Park Blvd,6938397456,Heather Steele,Detail Only,Face-to-Face with HCP,"['Trivaxa', 'Zemlora', 'Neurexa', 'RxProgram']",Whitney Peters,705397,0,0,0,2024-08-25
a04Qk000004CQUH,Field,IN,47130,Jeffersonville,1701 Spring St Ste A,6940580791,Angel Walsh,Detail Only,Virtual Call,"['Neurexa', 'RxProgram', 'Zemlora', 'Trivaxa']",Paul Jones,205907,0,0,0,2024-09-01
a04Qk000004BtTV,Field,SC,29072,Lexington,103 Thompson St Ste 100,6945406757,Christine Martin,Detail Only,Office Visit (no prescriber contact),"['Trivaxa', 'Zemlora', 'Neurexa', 'RxProgram']",Daniel Salinas,898975,0,0,0,2024-08-30
a04Qk0000042uJx,Field,NY,10003,New York,111 3rd Ave,6947642773,Sarah Ferguson,Detail Only,Office Visit (no prescriber contact),"['Neurexa', 'RxProgram', 'Zemlora']",Shirley Suarez,575435,1,0,0,2024-08-25
a04Qk000003VYgP,Field,NY,10003,New York,111 3rd Ave,6947642773,Sarah Ferguson,Detail Only,Office Visit (no prescriber contact),"['Neurexa', 'RxProgram', 'Zemlora']",Paul Jones,205907,1,0,1,2024-09-03
a04Qk00000464bJ,Field,IA,51106,Sioux City,3549 Southern Hills Dr,6961689980,Charles White,Detail Only,HCP Meal,"['Neurexa', 'RxProgram', 'Zemlora']",Sherry Decker,456778,1,0,1,2024-08-24
a04Qk000004DlWf,Field,GA,31605,Valdosta,3301 N Oak Street Ext,6964439616,Ashley White,Detail Only,Office Visit (no prescriber contact),"['Neurexa', 'RxProgram', 'Zemlora', 'Trivaxa']",Angela Lopez,793384,0,0,1,2024-09-02
a04Qk000004Amtt,Field,SC,29803,Aiken,934 Dougherty Rd,6971173241,Xavier Solis,Detail Only,Office Visit (no prescriber contact),"['Zemlora', 'Neurexa', 'RxProgram', 'Trivaxa']",Edward Burgess,544154,1,0,0,2024-08-29
a04Qk000004CJZG,Field,TN,37919,Knoxville,6906 Kingston Pike Ste 200,6975651389,Kristin Moss,Detail Only,HCP Meal,"['Zemlora', 'Neurexa', 'RxProgram']",Sherry Decker,456778,0,1,1,2024-08-30
a04Qk000004D2cn,Field,AL,35244,Birmingham,3000 Riverchase Galeria Ste 500,6976239479,Austin Gallagher,Detail Only,HCP Meal,"['Neurexa', 'RxProgram', 'Zemlora', 'Trivaxa']",Jonathan Peterson,216970,0,0,0,2024-08-29
a04Qk000004Fa2U,Field,AL,35244,Hoover,3000 Riverchase Galleria Ste 500,6976239479,Austin Gallagher,Detail Only,Office Visit (no prescriber contact),"['Neurexa', 'RxProgram', 'Zemlora', 'Trivaxa']",Shannon Rivera,653306,0,0,1,2024-09-03
a04Qk000004DjMn,Field,TX,77027,Houston,4550 Post Oak Place Dr Ste 320,6978943858,Charles Huynh,Detail Only,Office Visit (no prescriber contact),"['Neurexa', 'RxProgram', 'Zemlora', 'Trivaxa']",Jessica Gross,265840,1,0,0,2024-08-30
a04Qk000004AwV3,Field,KS,67206,Wichita,7111 E 21st St N Ste A,6981113444,Carl Robertson,Detail Only,Office Visit (no prescriber contact),"['Neurexa', 'RxProgram', 'Zemlora', 'Trivaxa']",Benjamin Smith,160738,0,0,1,2024-08-29
a04Qk000004Am99,Field,SC,29464,Mount Pleasant,1041 Johnnie Dodds Blvd Ste 5A,6993081596,Carolyn Wiggins,Detail Only,Office Visit (no prescriber contact),"['Zemlora', 'Neurexa', 'RxProgram']",Jamie Walton,724834,0,1,0,2024-08-26
a04Qk0000046P6H,Field,FL,32566,Navarre,9466 Navarre Pkwy Ste B,6996548907,Valerie Perez,Detail Only,Office Visit (no prescriber contact),"['Zemlora', 'Neurexa', 'RxProgram']",Carla Gray,329258,0,1,1,2024-08-24
a04Qk000004Czwf,Field,FL,33618,Tampa,3638 Madaca Ln,6996563758,Natalie Sanchez,Detail Only,Face-to-Face with HCP,"['Neurexa', 'RxProgram', 'Zemlora', 'Trivaxa']",Courtney Mills,480612,0,1,0,2024-08-30
a04Qk000004HsL3,Field,AZ,85032,Phoenix,16620 N 40th St Ste E-1,6997763937,Dawn Hensley,Detail Only,Office Visit (no prescriber contact),"['Neurexa', 'RxProgram', 'Zemlora']",Denise Jacobs,472528,0,1,0,2024-09-06
a04Qk0000046FYL,Field,OH,45230,Cincinnati,7810 5 Mile Rd,6998675154,Andrew Bradley,Detail Only,HCP Meal,"['Neurexa', 'RxProgram', 'Zemlora', 'Trivaxa']",Carla Gray,329258,1,0,0,2024-08-24
a04Qk000004HlRd,Field,OH,45230,Cincinnati,7810 5 Mile Rd,6998675154,Andrew Bradley,Detail Only,Face-to-Face with HCP,"['Neurexa', 'RxProgram', 'Zemlora', 'Trivaxa']",David Thompson,783823,0,0,1,2024-09-06
a04Qk0000047PH7,Field,NC,28025,Concord,925 Bradley St,7000906268,William Bauer,Detail Only,Virtual Call,"['Zemlora', 'Trivaxa']",April Frost,133659,1,0,1,2024-08-25
a04Qk0000048ck9,Field,LA,70506,Lafayette,110 Curran Ln,7001017117,Timothy Fields,Detail Only,HCP Meal,"['Zemlora', 'Neurexa', 'RxProgram', 'Norexel']",Tracy House,407419,0,0,1,2024-08-26
a04Qk000004EHhr,Field,MA,01923,Danvers,85 Constitution Ln Ste 300C4,7001805120,James Ramirez,Detail Only,Office Visit (no prescriber contact),"['Neurexa', 'RxProgram', 'Zemlora']",Jeremy Sampson,292401,0,0,1,2024-09-02
a04Qk000004EUGr,Field,NE,68505,Lincoln,6301 Orchard St Ste 3,7002770736,Colleen Perry,Detail Only,Face-to-Face with HCP,"['Neurexa', 'RxProgram', 'Trivaxa']",Michael Wang,855731,1,0,1,2024-09-02
a04Qk0000049dPd,Field,TX,77379,Spring,8111 Cypresswood Dr Ste 104,7003408953,Ana Hernandez,Detail Only,Face-to-Face with HCP,"['Neurexa', 'RxProgram', 'Zemlora', 'Trivaxa']",Margaret Coleman,704201,0,0,0,2024-08-24
a04Qk000004Cbnt,Field,MD,21204,Towson,1122 Kenilworth Dr Ste 100,7003417061,Erin Scott,Detail Only,Office Visit (no prescriber contact),"['Zemlora', 'XR-ODT']",Heather Fields,198907,1,0,1,2024-08-30
a04Qk0000048UBW,Field,FL,33156,Miami,6290 SW 102nd St,7004015640,Julie Payne,Detail Only,HCP Meal,"['Zemlora', 'Trivaxa', 'Neurexa', 'RxProgram']",Ethan Adams,731262,0,0,1,2024-08-26
a04Qk00000475K1,Virtual,PA,15108,Moon Twp,1000 Commerce Dr Ste 1002,7004320162,Gregg Parker,Detail Only,Phone Call with Office Staff,"['Zemlora', 'Neurexa', 'RxProgram']",Melissa Gates,149405,0,0,1,2024-08-25
a04Qk000004FvTV,Field,KS,66047,Lawrence,4951 W 18th St,7005926827,Patricia Stout,Detail Only,HCP Meal,"['Neurexa', 'RxProgram', 'Zemlora']",Ryan Gonzalez,595631,1,1,0,2024-09-03
a04Qk000004DkXO,Field,TX,78731,Austin,6835 Austin Center Blvd,7015365767,Robert Andersen,Detail Only,Office Visit (no prescriber contact),"['Zemlora', 'Neurexa', 'RxProgram']",John Bishop,376183,1,0,1,2024-09-01
a04Qk000004G4tN,Field,TX,78731,Austin,6835 Austin Center Blvd,7015365767,Robert Andersen,Detail Only,Virtual Call,"['Trivaxa', 'Zemlora', 'Neurexa', 'RxProgram']",Matthew Moon,676510,1,0,1,2024-09-03
a04Qk000004CSW5,Field,NY,11209,Brooklyn,6917 Shore Rd,7016824846,Dr. David Adams,Detail Only,Office Visit (no prescriber contact),"['Neurexa', 'RxProgram', 'Zemlora']",Robert Harrison,465962,0,0,1,2024-08-30
a04Qk000004753u,Field,LA,70560,New Iberia,116 W Washington St,7020474944,Heather Durham,Detail Only,Office Visit (no prescriber contact),"['Zemlora', 'XR-ODT']",Courtney Rodriguez,921414,0,1,1,2024-08-25
a04Qk000004AGh7,Field,LA,70563,New Iberia,105 Marie St,7020474944,Heather Durham,Detail Only,Virtual Call,"['Zemlora', 'XR-ODT']",Daniel Kennedy,787277,0,0,0,2024-08-29
a04Qk000004EY4L,Field,LA,70560,New Iberia,116 W Washington St,7020474944,Heather Durham,Detail Only,Face-to-Face with HCP,"['Zemlora', 'Neurexa', 'RxProgram']",Patricia Le,272634,0,0,1,2024-09-02
a04Qk000004EI2o,Virtual,MS,39047,Brandon,112 Lake Vista Pl,7022193202,Angel Silva,Detail Only,Fax to HCP Office,"['Zemlora', 'Trivaxa', 'Neurexa', 'RxProgram']",Paul Castaneda,260265,0,0,1,2024-09-02
a04Qk000004CIYL,Field,KS,66210,Overland Park,11725 W 112th St,7033637008,Jessica Cain,Detail Only,HCP Meal,"['Neurexa', 'RxProgram', 'Zemlora']",Madison Poole,555884,1,0,1,2024-08-30
a04Qk000004EzUL,Field,VA,23434,Suffolk,2000 Meade Pkwy,7037820991,Nicole Allison,Detail Only,Office Visit (no prescriber contact),"['Zemlora', 'Neurexa', 'RxProgram', 'Trivaxa']",Daniel Salinas,898975,0,0,1,2024-09-02
a04Qk0000047Quj,Field,MD,21204,Towson,658 Kenilworth Dr Ste 206,7042310102,Pamela Lam,Detail Only,HCP Meal,"['Zemlora', 'Trivaxa']",Jason Stein,892495,1,0,1,2024-08-25
a04Qk000004Ejiv,Field,MD,21204,Towson,658 Kenilworth Dr Ste 206,7042310102,Pamela Lam,Detail Only,Office Visit (no prescriber contact),"['Zemlora', 'XR-ODT']",Michele Williams,191161,0,0,1,2024-09-02
a04Qk0000046I9e,Virtual,CO,80234,Northglenn,11154 Huron St Ste 212,7043428703,Susan Brady,Detail Only,Phone Call with Clinical Staff,"['Zemlora', 'Trivaxa', 'Neurexa', 'RxProgram']",Aimee Montoya,482554,0,0,1,2024-08-24
a04Qk0000047QBZ,Field,NY,11756,Levittown,3601 Hempstead Tpke Ste 410,7043858054,Sylvia Richardson,Detail Only,Office Visit (no prescriber contact),"['Neurexa', 'RxProgram', 'Zemlora']",Julian Conner,692683,0,1,0,2024-08-25
a04Qk000004AXDK,Field,FL,32114,Daytona Beach,303 N Clyde Morris Blvd,7044515310,Amy Farmer,Detail Only,Virtual Call,"['Zemlora', 'XR-ODT']",Renee Bruce,794022,0,0,1,2024-08-29
a04Qk000004649H,Field,NY,11030,Manhasset,75 Plandome Rd Ste 21,7044968230,Mary Giles,Detail Only,Office Visit (no prescriber contact),"['Neurexa', 'RxProgram', 'Zemlora', 'Trivaxa']",Johnathan Davis,300896,1,1,0,2024-08-24
a04Qk0000046AVT,Field,AL,35243,Birmingham,3980 Colonnade Pkwy Ste 102,7045391713,Christian Johnson,Detail Only,Face-to-Face with HCP,"['Neurexa', 'RxProgram', 'Zemlora', 'Trivaxa']",Patrick Thornton,680828,0,1,1,2024-08-24
a04Qk000004HcjJ,Virtual,NC,27203,Asheboro,550 White Oak St,7045767688,Sean Hill,Detail Only,Phone Call with Clinical Staff,['Norexel'],Victor Brown,274389,0,0,1,2024-09-06
a04Qk000004Dlq1,Field,PA,19426,Collegeville,3774 Ridge Pike Rear 2,7046336585,Rebecca Diaz,Detail Only,Office Visit (no prescriber contact),"['Neurexa', 'RxProgram', 'Zemlora', 'Trivaxa']",Michael Powell,813536,0,0,1,2024-08-30
a04Qk000004AxZC,Virtual,LA,70791,Zachary,1215 Independence Blvd Ste 1A,7046485878,Andrew Brennan,Detail Only,Phone Call with Clinical Staff,"['Zemlora', 'Trivaxa', 'Neurexa', 'RxProgram']",Jennifer Collins,723939,0,0,0,2024-08-29
a04Qk000004HpNB,Virtual,NC,28358,Lumberton,3001 N Elm St,7051717339,Paul Wilson,Detail Only,Phone Call with Clinical Staff,['Norexel'],Andrew Avila,598369,1,0,1,2024-09-06
a04Qk000004B67p,Field,FL,33511,Brandon,336 E Bloomingdale Ave,7053456731,Joshua Watkins,Detail Only,Face-to-Face with HCP,"['Neurexa', 'RxProgram', 'Zemlora', 'Trivaxa']",Crystal Robinson,476417,0,0,0,2024-08-29
a04Qk000004HOgN,Field,FL,33511,Brandon,336 E Bloomingdale Ave,7053456731,Joshua Watkins,Detail Only,HCP Meal,"['Neurexa', 'RxProgram', 'Zemlora', 'Trivaxa']",Paula Bradley,871476,1,0,1,2024-09-06
a04Qk000004AKj7,Field,NC,28054,Gastonia,1530 Union Rd Ste A,7054233160,James Carlson,Detail Only,HCP Meal,"['Zemlora', 'Trivaxa']",Lisa Allen,324643,0,0,1,2024-08-29
a04Qk0000048Lhh,Field,LA,70517,Breaux Bridge,555 Lakes Blvd Ste A,7059168190,Monica Weaver,Detail Only,Office Visit (no prescriber contact),['Norexel'],Victoria Larson,883300,0,1,1,2024-08-26
a04Qk000004G533,Field,NJ,07712,Ocean,804 W Park Ave Bldg C,7059560035,Carrie Taylor,Detail Only,Office Visit (no prescriber contact),"['Neurexa', 'RxProgram', 'Zemlora', 'Trivaxa']",Christine Wright,660086,1,0,1,2024-09-02
a04Qk0000047WX7,Field,MO,63017,Town And Country,13001 North Outer 40 Rd,7060397997,Leslie Ramirez,Detail Only,Face-to-Face with HCP,"['Neurexa', 'RxProgram', 'Trivaxa']",Denise Mccann,665579,0,1,0,2024-08-25
a04Qk000004AbLl,Virtual,IL,62703,Springfield,1124 S 6th St,7066490776,Laura Barrett,Detail Only,Phone Call with Office Staff,"['Zemlora', 'Neurexa', 'RxProgram']",Kristen Davis,518373,0,0,0,2024-08-29
a04Qk000004HzG5,Field,VA,23116,Mechanicsville,8485 Bell Creek Rd B3,7067202076,Shane Haynes,Detail Only,Office Visit (no prescriber contact),"['Zemlora', 'Neurexa', 'RxProgram', 'Trivaxa']",William Barrett,595948,0,0,0,2024-09-06
a04Qk00000477qT,Field,IA,50266,West Des Moines,6010 Mills Civic Pkwy Ste 200,7068117296,Melanie Kramer,Detail Only,Face-to-Face with HCP,"['Neurexa', 'RxProgram', 'Zemlora']",Sharon Cochran,383060,0,0,0,2024-08-25
a04Qk0000047ZTN,Field,OH,43082,Westerville,484 County Line Rd W Ste 130,7071520319,Emily Smith,Detail Only,Virtual Call,"['Neurexa', 'RxProgram', 'Zemlora', 'Trivaxa']",Jason Rhodes,630458,0,0,1,2024-08-26
a04Qk000004ChlF,Field,OH,43214,Columbus,4885 Olentangy River Rd Ste 2-10,7077301596,Amy Dunn,Detail Only,HCP Meal,"['Neurexa', 'RxProgram', 'Zemlora', 'Trivaxa']",Mrs. Kristen Reyes,559381,0,0,1,2024-09-01
a04Qk000004ChJq,Field,GA,30075,Roswell,515 E Crossville Rd Ste 250,7080431257,Brian Jackson,Detail Only,Virtual Call,"['Neurexa', 'RxProgram', 'Zemlora']",Cynthia Rowe,716886,0,0,0,2024-08-30
a04Qk000004AF58,Field,PA,19406,King Of Prussia,150 S Warner Rd Ste 130,7084265085,Debbie Roman,Detail Only,Office Visit (no prescriber contact),"['Neurexa', 'RxProgram', 'Zemlora', 'Trivaxa']",Joanna Pacheco,648177,0,0,0,2024-08-26
a04Qk000004DlLN,Field,PA,19333,Devon,400 W Lancaster Ave,7084265085,Debbie Roman,Detail Only,HCP Meal,"['Neurexa', 'RxProgram', 'Zemlora', 'Trivaxa']",Jeffrey Chandler,158655,1,0,0,2024-08-29
a04Qk000004Lae5,Field,PA,19406,King Of Prussia,150 S Warner Rd Ste 130,7084265085,Debbie Roman,Detail Only,Office Visit (no prescriber contact),"['Neurexa', 'RxProgram', 'Zemlora', 'Trivaxa']",Jessica Stephens,867460,0,0,1,2024-09-06
a04Qk0000048cAf,Field,LA,70506,Lafayette,110 Curran Ln,7090042284,Timothy Landry,Detail with Sample,HCP Meal,"['Norexel', 'Zemlora', 'Neurexa', 'RxProgram']",Jason Stein,892495,0,0,1,2024-08-26
a04Qk000004Hdc9,Field,TN,37916,Knoxville,2201 Clinch Ave,7091573730,Olivia Knox,Detail Only,Face-to-Face with HCP,"['Trivaxa', 'Zemlora', 'Neurexa', 'RxProgram']",Christopher Bass,766563,0,0,0,2024-09-06
a04Qk0000047577,Field,KY,40503,Lexington,841 Corporate Dr Ste 310,7100224309,Brian Brown,Detail Only,Virtual Call,"['Neurexa', 'RxProgram', 'Zemlora', 'Trivaxa']",Denise Davenport,491559,0,1,1,2024-08-25
a04Qk000004DMDJ,Field,NC,27103,Winston Salem,1255 Creekshire Way Ste 270,7100245937,Jordan Wagner,Detail Only,Office Visit (no prescriber contact),"['Zemlora', 'Neurexa', 'RxProgram']",Jordan Chambers,163556,1,0,1,2024-09-02
a04Qk0000047WP3,Field,MO,63141,Saint Louis,11475 Olde Cabin Rd Ste 120,7102925156,Thomas Anderson,Detail Only,HCP Meal,"['Neurexa', 'RxProgram', 'Zemlora']",Elizabeth Kelley,852787,1,0,1,2024-08-25
a04Qk000004C6Lu,Field,NE,68516,Lincoln,3701 Union Dr Ste 100,7109619303,Rachel Richardson,Detail Only,Virtual Call,"['Neurexa', 'RxProgram', 'Zemlora']",Stephen Mckee,174870,0,0,1,2024-08-30
a04Qk000004AZtR,Field,NC,27514,Chapel Hill,1829 E Franklin St Ste 400,7111584928,Phillip Rivera,Detail Only,Face-to-Face with HCP,"['Zemlora', 'Neurexa', 'RxProgram', 'Trivaxa']",Dr. Paul Morgan,156802,0,0,0,2024-08-29
a04Qk000004LaJ7,Field,NC,27514,Chapel Hill,1829 E Franklin St Ste 400,7111584928,Phillip Rivera,Detail Only,Face-to-Face with HCP,"['Zemlora', 'XR-ODT']",Sherry Decker,456778,0,0,1,2024-09-06
a04Qk000004HXoT,Field,NC,28277,Charlotte,7940 Williams Pond Ln Ste 150,7115114488,Keith Hughes,Detail Only,Office Visit (no prescriber contact),"['Zemlora', 'XR-ODT']",Cheyenne Horton,246413,0,0,0,2024-09-06
a04Qk000004HXoT,Field,NC,28277,Charlotte,7940 Williams Pond Ln Ste 150,7115114488,Keith Hughes,Detail Only,Office Visit (no prescriber contact),"['Zemlora', 'XR-ODT']",Cheyenne Horton,246413,0,0,0,2024-09-06
a04Qk000004DglV,Field,OH,45342,Miamisburg,9049 Springboro Pike Ste A,7122936320,Bryan Gomez,Detail Only,HCP Meal,"['Neurexa', 'RxProgram', 'Zemlora', 'Trivaxa']",Helen Jones,430776,1,1,1,2024-09-01
a04Qk000004FeXX,Field,SC,29203,Columbia,1749 Marshall St,7124993708,Anita Martin,Detail Only,Office Visit (no prescriber contact),"['Zemlora', 'Trivaxa', 'Neurexa', 'RxProgram']",Stephanie Ross,781453,0,0,0,2024-09-02
a04Qk000004H6t7,Field,SC,29203,Columbia,1749 Marshall St,7124993708,Anita Martin,Detail Only,Office Visit (no prescriber contact),"['Trivaxa', 'Zemlora', 'Neurexa', 'RxProgram']",Cathy Robinson,260263,0,0,1,2024-09-06
a04Qk000004AbDi,Field,FL,33407,West Palm Beach,4700 N Congress Ave Ste 201,7129698966,Adam Sosa,Detail Only,Virtual Call,"['Zemlora', 'Neurexa', 'RxProgram', 'Trivaxa']",Brian Lee,899550,1,0,0,2024-08-29
a04Qk000004DLFd,Field,FL,32081,Ponte Vedra,101 Marketside Ave Ste 405,7133977099,John Johnson,Detail Only,Office Visit (no prescriber contact),"['Neurexa', 'RxProgram', 'Zemlora', 'Trivaxa']",James Ferrell,331148,0,0,1,2024-09-01
a04Qk000004GzQD,Field,FL,32081,Ponte Vedra,101 Marketside Ave Ste 405,7133977099,John Johnson,Detail Only,Office Visit (no prescriber contact),"['Neurexa', 'RxProgram', 'Zemlora', 'Trivaxa']",Ricky Davis II,412942,0,0,1,2024-09-06
a04Qk000004HgYP,Field,WI,53226,Wauwatosa,8651 W North Ave,7134177084,Susan Smith,Detail Only,Office Visit (no prescriber contact),"['Neurexa', 'RxProgram', 'Zemlora', 'Trivaxa']",George Harper,350280,0,0,1,2024-09-06
a04Qk000004H4T8,Field,LA,70508,Lafayette,200 Petroleum Dr,7134365472,Roger Boyd,Detail with Sample,Face-to-Face with HCP,"['Norexel', 'Neurexa', 'RxProgram']",Matthew Moon,676510,0,0,1,2024-09-06
a04Qk000004HtvR,Field,FL,33511,Brandon,1118 Bell Shoals Rd,7135523223,Willie Baxter,Detail Only,Face-to-Face with HCP,"['Neurexa', 'RxProgram', 'Zemlora']",Zachary Hicks,835392,0,0,1,2024-09-06
a04Qk000004Fk0E,Field,VA,20147,Ashburn,21001 Sycolin Rd,7139115861,Mark Oconnor,Detail Only,Office Visit (no prescriber contact),"['Zemlora', 'XR-ODT']",Mary Thompson,697347,0,0,0,2024-09-03
a04Qk0000045pyr,Field,LA,70508,Lafayette,200 Beaullieu Dr Ste 7,7141159053,Nathan Campbell,Detail Only,HCP Meal,"['Zemlora', 'Neurexa', 'RxProgram', 'Trivaxa', 'Norexel']",Patty Perez,629903,1,0,1,2024-08-24
a04Qk000004C7pp,Field,GA,31904,Columbus,500 Brookstone Centre Pkwy,7142316565,Mr. Patrick Richardson,Detail Only,Face-to-Face with HCP,"['Neurexa', 'RxProgram', 'Zemlora']",Anthony Rodriguez,671412,0,1,1,2024-08-30
a04Qk000004ER1F,Field,NE,68502,Lincoln,2130 S 17th St Ste 100,7142338481,Heather Phelps,Detail Only,Face-to-Face with HCP,"['Neurexa', 'RxProgram', 'Zemlora']",Jose Travis,665492,0,1,1,2024-09-02
a04Qk0000047a2r,Field,GA,30809,Evans,601 N Belair Sq Ste 15,7143024142,Brandi Rivera,Detail Only,HCP Meal,"['Zemlora', 'Trivaxa', 'Neurexa', 'RxProgram']",Shirley Suarez,575435,0,1,0,2024-08-25
a04Qk000004Amib,Field,GA,30809,Evans,601 N Belair Sq Ste 15,7143024142,Brandi Rivera,Detail Only,Office Visit (no prescriber contact),"['Trivaxa', 'Zemlora', 'Neurexa', 'RxProgram']",Sophia Johnson,204837,1,1,1,2024-08-29
a04Qk000004H32Q,Virtual,LA,70449,Maurepas,12489 Homeport Dr Ste C,7143522355,Tonya Bennett,Detail Only,Phone Call with Office Staff,"['Zemlora', 'Trivaxa', 'Neurexa', 'RxProgram']",Gwendolyn Klein,314181,0,0,1,2024-09-06
a04Qk000004AS8n,Field,MI,48331,Farmington Hills,37935 W 12 Mile Rd,7145366403,Christine Miller,Detail Only,Virtual Call with HCP,"['Zemlora', 'Neurexa', 'RxProgram', 'Trivaxa']",Tracy House,407419,0,0,1,2024-08-30
a04Qk000004LFGH,Field,MA,01720,Acton,289 Great Rd Ste G1,7149684956,Nancy Case,Detail Only,Office Visit (no prescriber contact),"['Neurexa', 'RxProgram', 'Zemlora']",Crystal Robinson,476417,0,0,0,2024-09-06
a04Qk000004HcMj,Field,NY,11710,Bellmore,2592 Merrick Rd Unit A,7151296844,Meagan Lane,Detail Only,HCP Meal,"['Neurexa', 'RxProgram', 'Zemlora', 'Trivaxa']",Daniel Murphy,500156,0,0,0,2024-09-06
a04Qk000004ESGf,Field,NC,27613,Raleigh,8304 Creedmoor Rd,7151853609,Jessica Petty,Detail Only,Office Visit (no prescriber contact),"['Zemlora', 'XR-ODT']",Brandy Chavez,299448,0,1,0,2024-09-02
a04Qk0000044TIr,Field,AZ,85207,Mesa,7165 E University Dr Ste 101,7159275786,Cory Morris,Detail Only,Office Visit (no prescriber contact),"['Neurexa', 'RxProgram', 'Zemlora', 'Trivaxa']",Amber Kidd,678856,0,0,0,2024-08-25
a04Qk000004FoqD,Field,FL,34655,New Port Richey,2137 Little Rd,7162434437,Heather Huerta,Detail Only,Face-to-Face with HCP,"['Neurexa', 'RxProgram', 'Zemlora', 'Trivaxa']",Kirk Carter,352572,0,0,1,2024-09-03
a04Qk0000046xES,Field,FL,32266,Neptune Beach,2050 King Cir S,7162631072,Scott Sparks,Detail Only,Office Visit (no prescriber contact),"['Neurexa', 'RxProgram', 'Zemlora']",Brittney Phillips,301629,1,0,1,2024-08-25
a04Qk000004Br57,Field,OH,43082,Westerville,400 Altair Pkwy Ste 3100,7165254039,Jennifer Evans,Detail Only,HCP Meal,"['Neurexa', 'RxProgram', 'Zemlora', 'Trivaxa']",Jesse Perry,102260,1,0,0,2024-08-30
a04Qk0000048G5J,Field,SC,29611,Greenville,117 Commons Way,7165372964,Larry Mckee,Detail Only,Office Visit (no prescriber contact),"['Zemlora', 'Neurexa', 'RxProgram']",James Brown,759176,0,0,1,2024-08-24
a04Qk000004DJc1,Field,NC,28287,Charlotte,6060 Piedmont Row Dr S Ste 500,7170454705,Amber Nielsen,Detail Only,Virtual Call with HCP,"['Zemlora', 'Neurexa', 'RxProgram']",Connie Brown,939482,1,0,0,2024-09-01
a04Qk0000047Tqz,Virtual,FL,33323,Sunrise,1613 Harrison Pkwy Ste 200,7173727216,Steven Valdez,Detail Only,Phone Call with Office Staff,['Lexcura/Cymbrin/Multi-Vi-Flor'],George Harper,350280,1,0,1,2024-08-25
a04Qk0000049diz,Field,TX,77024,Houston,8588 Katy Fwy Ste 350,7173904419,Tami Nichols,Detail Only,Face-to-Face with HCP,"['Neurexa', 'RxProgram', 'Zemlora', 'Trivaxa']",Tamara Davis,294851,0,0,1,2024-08-24
a04Qk000004MxVN,Field,TX,77024,Houston,8588 Katy Fwy Ste 350,7173904419,Tami Nichols,Detail Only,Face-to-Face with HCP,"['Neurexa', 'RxProgram', 'Zemlora', 'Trivaxa']",Richard Henson,864544,0,0,1,2024-09-06
a04Qk000004DdCe,Field,TX,75034,Frisco,5899 Preston Rd Suite 901 902,7173971011,Natalie Robinson,Detail Only,Face-to-Face with HCP,"['Zemlora', 'Trivaxa', 'Neurexa', 'RxProgram']",Daniel Wagner,877572,0,0,1,2024-09-01
a04Qk000004BvlR,Field,NY,12550,Newburgh,147 Lake St,7183145423,Jesse West,Detail Only,Office Visit (no prescriber contact),"['Neurexa', 'RxProgram', 'Zemlora']",Maria Jones,378517,0,0,1,2024-08-30
a04Qk000004EnmX,Field,OH,43147,Pickerington,905 Old Diley Rd,7183707274,Samantha Jordan,Detail Only,Office Visit (no prescriber contact),"['Zemlora', 'Trivaxa', 'Neurexa', 'RxProgram']",Craig Morrison,225710,0,0,1,2024-09-02
a04Qk000004AoAv,Field,SC,29464,Mount Pleasant,1041 Johnnie Dodds Blvd Ste 5A,7185110938,Edwin West,Detail Only,Office Visit (no prescriber contact),"['Zemlora', 'Neurexa', 'RxProgram']",Jessica Stephens,867460,1,1,0,2024-08-26
a04Qk0000048Qnp,Field,NC,27408,Greensboro,600 Green Valley Rd Ste 304,7187106623,Sara Carney,Detail Only,Office Visit (no prescriber contact),"['Zemlora', 'Neurexa', 'RxProgram']",Ethan Adams,731262,1,0,1,2024-08-26
a04Qk000004Amdm,Field,SC,29803,Aiken,934 Dougherty Rd,7187357537,David Williams,Detail Only,Office Visit (no prescriber contact),"['Zemlora', 'Neurexa', 'RxProgram']",Kathryn Snyder,658582,0,0,0,2024-08-29
a04Qk000004GzEv,Field,GA,30064,Marietta,3707 Largent Way NW,7190596657,Shane Adams,Detail Only,Office Visit (no prescriber contact),"['Neurexa', 'RxProgram', 'Trivaxa', 'Zemlora']",Vanessa Howard,585100,0,0,0,2024-09-06
a04Qk000004DNuA,Field,LA,70754,Livingston,13960 Florida Blvd,7194618086,Douglas Gardner,Detail Only,Virtual Call,"['Zemlora', 'XR-ODT']",Edward Burgess,544154,1,0,0,2024-09-01
a04Qk000004783N,Field,GA,31904,Columbus,3934 Woodruff Rd,7195813249,Kelly Graves,Detail Only,Virtual Call with HCP,"['Neurexa', 'RxProgram', 'Zemlora']",Christopher Parker,955662,0,0,1,2024-08-25
a04Qk0000049dcX,Field,TX,77024,Houston,8588 Katy Fwy Ste 350,7201262859,Rachael Perez,Detail Only,Face-to-Face with HCP,"['Neurexa', 'RxProgram', 'Zemlora', 'Trivaxa']",David Douglas Jr.,358607,1,0,1,2024-08-24
a04Qk000004MxQX,Field,TX,77024,Houston,8588 Katy Fwy Ste 350,7201262859,Rachael Perez,Detail Only,Face-to-Face with HCP,"['Neurexa', 'RxProgram', 'Zemlora', 'Trivaxa']",Jose Travis,665492,0,0,1,2024-09-06
a04Qk000004ErIH,Field,TX,75033,Frisco,11330 Legacy Dr Ste 301,7205097567,Tiffany Williams,Detail Only,Office Visit (no prescriber contact),"['Norexel', 'Neurexa', 'RxProgram']",Daniel Kennedy,787277,1,0,1,2024-09-02
a04Qk0000048NOX,Field,NY,11570,Rockville Centre,176 N Village Ave Ste 2G,7208324618,Kathy Reid,Detail Only,Face-to-Face with HCP,"['Neurexa', 'RxProgram', 'Zemlora']",Rebecca Jackson,623481,0,0,1,2024-08-26
a04Qk0000046JQg,Virtual,CO,80234,Northglenn,11154 Huron St Ste 212,7213174002,Kimberly Vega,Detail Only,Phone Call with Clinical Staff,"['Zemlora', 'Trivaxa', 'Neurexa', 'RxProgram']",Tanya Kim,310922,0,0,1,2024-08-24
a04Qk000004GveM,Field,GA,30046,Lawrenceville,595 Hurricane Shoals Rd NW Ste 300,7213741056,Timothy Tucker,Detail Only,Face-to-Face with HCP,"['Neurexa', 'RxProgram', 'Zemlora']",Nathan Maldonado,717889,1,0,1,2024-09-06
a04Qk000004C4f3,Field,SC,29223,Columbia,115 Atrium Way Ste 127,7216667103,Victoria Herrera,Detail Only,HCP Meal,"['Zemlora', 'Neurexa', 'RxProgram', 'Trivaxa']",Victor Brown,274389,1,1,1,2024-09-02
a04Qk000004DnIL,Field,AL,36532,Fairhope,19087B Greeno Rd,7220177455,Joseph Goodman,Detail Only,Office Visit (no prescriber contact),"['Zemlora', 'Neurexa', 'RxProgram', 'Trivaxa']",Sandra Aguilar,738720,1,1,1,2024-08-29
a04Qk000004AOWb,Field,FL,34116,Naples,6075 Bathey Ln,7224588100,Gregory King,Detail Only,Virtual Call,"['Neurexa', 'RxProgram', 'Zemlora', 'Trivaxa']",Joseph Knight,801474,0,0,1,2024-08-29
a04Qk000003DMgw,Field,IA,50265,West Des Moines,475 S 50th St Ste 600,7225291789,Susan Nichols,Detail Only,HCP Meal,"['Neurexa', 'RxProgram', 'Zemlora']",Alyssa Day,166613,0,0,1,2024-08-25
a04Qk000004CVIf,Field,TN,37909,Knoxville,1340 Dowell Spgs Blvd,7236351118,Cody Valenzuela,Detail Only,Office Visit (no prescriber contact),"['Zemlora', 'Neurexa', 'RxProgram']",Jessica Stephens,867460,0,0,1,2024-08-30
a04Qk000004Alxp,Field,NC,28659,N Wilkesboro,1925 W Park Dr,7238247225,Gabriel Herman,Detail Only,Office Visit (no prescriber contact),"['Trivaxa', 'Zemlora']",John Bishop,376183,0,1,0,2024-09-01
a04Qk000004AVHy,Field,NY,10022,New York,141 E 55th St Apt 3C,7239720979,Mercedes Reid,Detail Only,Face-to-Face with HCP,"['Neurexa', 'RxProgram', 'Zemlora']",Tracy Burke,830429,0,0,1,2024-08-29
a04Qk000004DnAH,Field,FL,32570,Milton,5942 Berryhill Rd,7242917061,Susan Stevenson,Detail Only,Office Visit (no prescriber contact),"['Zemlora', 'Neurexa', 'RxProgram']",Philip Cannon,325772,0,0,0,2024-09-01
a04Qk000004H825,Field,TX,77098,Houston,2211 Norfolk St Ste 375,7246652871,Timothy Castaneda,Detail Only,Face-to-Face with HCP,"['Neurexa', 'RxProgram', 'Zemlora']",Matthew Harrington,363626,0,0,1,2024-09-02
a04Qk000004Flyn,Field,VA,20147,Ashburn,21001 Sycolin Rd Ste 360,7248546449,Dawn Harding,Detail Only,Office Visit (no prescriber contact),"['Zemlora', 'XR-ODT']",Shannon James,340062,0,0,1,2024-09-03
a04Qk000004ESqA,Field,AZ,85374,Surprise,13945 W Grand Ave Ste 104,7249026202,Jamie Watson,Detail Only,HCP Meal,"['Neurexa', 'RxProgram', 'Zemlora']",Maria Henderson,176066,0,1,1,2024-09-02
a04Qk0000047HY5,Field,TN,37923,Knoxville,9220 Park West Blvd Ste 1,7249489211,Tina Rodriguez,Detail Only,Face-to-Face with HCP,"['Trivaxa', 'Zemlora', 'Neurexa', 'RxProgram']",Lisa Jackson,198246,0,1,0,2024-08-25
a04Qk000004Bu1O,Field,FL,32003,Fleming Island,1747 Baptist Clay Dr Ste 110,7250164242,Patricia Wood,Detail Only,Face-to-Face with HCP,"['Neurexa', 'RxProgram', 'Zemlora', 'Trivaxa']",Vanessa Howard,585100,0,1,0,2024-08-30
a04Qk0000048p6H,Field,GA,30012,Conyers,1359 Milstead Rd NE Ste 105,7257970370,Michael Robles,Detail Only,Virtual Call,"['Neurexa', 'RxProgram', 'Zemlora']",Kenneth Scott,961722,1,0,0,2024-08-26
a04Qk000004ESAD,Field,GA,30012,Conyers,1359 Milstead Rd NE Ste 105,7257970370,Michael Robles,Detail Only,Virtual Call,"['Neurexa', 'RxProgram', 'Zemlora']",Lauren Daniels,838797,0,0,1,2024-09-02
a04Qk000004DY4n,Field,AZ,85201,Mesa,560 W Brown Rd,7263486881,Courtney Perez,Detail Only,Office Visit (no prescriber contact),"['Neurexa', 'RxProgram', 'Zemlora']",Holly Wood,133326,1,1,0,2024-09-01
a04Qk000004EejF,Field,KY,41042,Florence,45 Cavalier Blvd,7265063162,Timothy Miller,Detail Only,HCP Meal,"['Neurexa', 'RxProgram', 'Zemlora', 'Trivaxa']",Lindsay Martinez,772097,0,0,1,2024-09-02
a04Qk000004Ej2z,Field,NE,68526,Lincoln,9100 Andermatt Dr Ste 1,7268328216,Ethan Harris,Detail Only,Office Visit (no prescriber contact),"['Neurexa', 'RxProgram', 'Zemlora']",Katie Suarez,642717,1,0,1,2024-09-02
a04Qk000004DKmb,Field,NY,10019,New York,1000 10th Ave,7272741415,Tiffany Richardson,Detail Only,Office Visit (no prescriber contact),"['Neurexa', 'RxProgram', 'Zemlora']",Hannah Luna,346629,1,0,0,2024-09-01
a04Qk000004Aupp,Field,TX,75093,Plano,5824 W Plano Pkwy Ste 104,7275198787,Raven Mckinney,Detail Only,Office Visit (no prescriber contact),"['Zemlora', 'Trivaxa', 'Neurexa', 'RxProgram']",Stephanie Williams,349565,0,0,1,2024-08-29
a04Qk000004AblZ,Field,FL,33180,Aventura,2801 NE 213th St Ste 1215,7281823428,Terry Taylor,Detail Only,HCP Meal,"['Neurexa', 'RxProgram', 'Zemlora']",Dr. Hannah Patterson,456699,0,0,1,2024-08-29
a04Qk000004HOrd,Field,FL,33180,Aventura,2801 NE 213th St Ste 1215,7281823428,Terry Taylor,Detail Only,Virtual Call,"['Zemlora', 'Neurexa', 'RxProgram']",Fred Smith,543143,0,0,0,2024-09-06
a04Qk000004DZby,Field,NE,68130,Omaha,18049 Oak St,7283960393,Michele Roberts,Detail Only,Face-to-Face with HCP,"['Neurexa', 'RxProgram', 'Zemlora']",Gina Moore,246316,0,0,1,2024-09-01
a04Qk0000045m89,Field,KY,40513,Lexington,1021 Majestic Dr Ste 180,7285693763,Veronica Hunt,Detail Only,Face-to-Face with HCP,"['Neurexa', 'RxProgram', 'Zemlora']",Jesse Brown,539589,0,0,1,2024-08-24
a04Qk000004HKb7,Field,MI,48314,Sterling Heights,41400 Dequindre Rd Ste 107,7285929816,Nathan Moody,Detail Only,Office Visit (no prescriber contact),"['Zemlora', 'Neurexa', 'RxProgram']",Cameron Fisher,321231,0,0,1,2024-09-06
a04Qk000004FXe5,Field,NC,28031,Cornelius,8301 Magnolia Estates Dr Ste 17,7286718551,Jody Henry,Detail Only,Office Visit (no prescriber contact),"['Zemlora', 'Neurexa', 'RxProgram']",Fred Smith,543143,1,0,1,2024-09-03
a04Qk00000473V8,Field,GA,30253,Mcdonough,543 Jonesboro Rd,7292923723,Chloe Morrison,Detail Only,Face-to-Face with HCP,"['Neurexa', 'RxProgram', 'Zemlora']",Holly Valentine,172132,1,0,1,2024-08-25
a04Qk0000048SmP,Field,MI,48307,Rochester Hills,441 S Livernois Rd Ste 100,7297951639,Katherine Griffin,Detail Only,Virtual Call with HCP,"['Neurexa', 'RxProgram']",Joseph Coleman,769987,0,0,1,2024-08-26
a04Qk0000048SmP,Field,MI,48307,Rochester Hills,441 S Livernois Rd Ste 100,7297951639,Katherine Griffin,Detail Only,Virtual Call with HCP,"['Neurexa', 'RxProgram']",Joseph Coleman,769987,0,0,1,2024-08-26
a04Qk000004Igxl,Field,MI,48307,Rochester Hills,441 S Livernois Rd Ste 100,7297951639,Katherine Griffin,Detail Only,Virtual Call with HCP,"['Neurexa', 'RxProgram', 'Zemlora']",Matthew Foster,688508,0,1,1,2024-09-06
a04Qk000004Igxl,Field,MI,48307,Rochester Hills,441 S Livernois Rd Ste 100,7297951639,Katherine Griffin,Detail Only,Virtual Call with HCP,"['Neurexa', 'RxProgram', 'Zemlora']",Matthew Foster,688508,0,1,1,2024-09-06
a04Qk0000048d1t,Field,NC,27614,Raleigh,10831 Forest Pines Dr Ste 104,7300159021,Mrs. Pamela Anderson MD,Detail Only,Office Visit (no prescriber contact),"['Zemlora', 'Neurexa', 'RxProgram']",Jeremy Turner,749468,1,1,0,2024-08-25
a04Qk000004Fvrh,Field,TX,77505,Pasadena,4949 Fairmont Pkwy Ste 200,7305563310,Madison Richardson,Detail Only,Office Visit (no prescriber contact),"['Trivaxa', 'Neurexa', 'RxProgram']",Noah Rhodes,216739,0,0,1,2024-09-03
a04Qk0000047KB0,Field,FL,34243,Sarasota,2415 University Pkwy Ste 219,7313737389,Aaron White,Detail Only,Face-to-Face with HCP,"['Neurexa', 'RxProgram', 'Zemlora', 'Trivaxa']",Crystal Johnson,330283,1,1,1,2024-08-25
a04Qk000004DJ8z,Field,OH,43026,Hilliard,3643 Ridge Mill Dr,7323017666,Samantha Kirk,Detail Only,Office Visit (no prescriber contact),"['Zemlora', 'Trivaxa', 'Neurexa', 'RxProgram']",Michael Mitchell,515011,0,0,1,2024-09-01
a04Qk000004H85J,Field,TX,77098,Houston,2211 Norfolk St Ste 375,7324751742,Alexander Garcia,Detail Only,Face-to-Face with HCP,"['Neurexa', 'RxProgram', 'Zemlora', 'Trivaxa']",Stephanie Williams,349565,0,0,1,2024-09-02
a04Qk000004H83h,Field,TX,77098,Houston,2211 Norfolk St Ste 460,7327612015,Trevor Fisher,Detail Only,Face-to-Face with HCP,"['Neurexa', 'RxProgram', 'Zemlora']",Daniel Kennedy,787277,0,0,1,2024-09-02
a04Qk000004G2Zp,Field,SC,29412,Charleston,776 Daniel Ellis Dr Ste 1-B,7327967572,Brenda Bell,Detail Only,Office Visit (no prescriber contact),"['Zemlora', 'Neurexa', 'RxProgram']",Lawrence Adkins,220116,0,1,0,2024-09-01
a04Qk000004DZqT,Field,TX,75034,Frisco,8072 Preston Rd Ste 204,7328030572,Ashley Jones,Detail Only,HCP Meal,"['Zemlora', 'Trivaxa', 'Neurexa', 'RxProgram']",Karen Graham,103402,0,1,1,2024-09-01
a04Qk000004AzMT,Field,FL,33073,Coconut Creek,6370 N State Road 7 Ste 100,7334036403,Kenneth Espinoza,Detail Only,Virtual Call with HCP,"['Zemlora', 'Neurexa', 'RxProgram', 'Trivaxa']",Sandra Drake,656926,1,0,0,2024-08-29
a04Qk0000045xtB,Field,GA,30009,Milton,850 Mayfield Rd Ste 203,7334807831,Michelle Mann,Detail Only,Office Visit (no prescriber contact),"['Neurexa', 'RxProgram', 'Zemlora']",Erin Edwards,520651,0,0,0,2024-08-24
a04Qk000004FVxF,Field,GA,30009,Milton,850 Mayfield Rd Ste 203,7334807831,Michelle Mann,Detail Only,Office Visit (no prescriber contact),"['Neurexa', 'RxProgram', 'Zemlora']",Ethan Adams,731262,1,0,1,2024-09-03
a04Qk000004FUEn,Virtual,LA,70808,Baton Rouge,7373 Perkins Rd,7338926978,Kristin Perez,Detail Only,Fax to HCP Office,"['Zemlora', 'Neurexa', 'RxProgram']",Rodney Morales,439902,0,0,1,2024-09-03
a04Qk00000470Lx,Field,GA,31210,Macon,6501 Peake Rd Ste 100,7339154081,Randall Morgan,Detail Only,Face-to-Face with HCP,"['Neurexa', 'RxProgram', 'Zemlora']",Shannon James,340062,0,1,0,2024-08-25
a04Qk000004AFoH,Field,NJ,07755,Oakhurst,1910 Route 35,7342349222,Judy Michael,Detail Only,Office Visit (no prescriber contact),"['Neurexa', 'RxProgram', 'Zemlora']",Cynthia Morris,976638,0,0,0,2024-08-24
a04Qk000004AwZt,Field,KS,67206,Wichita,7111 E 21st St N Ste A,7342626285,Katelyn Bullock,Detail Only,Office Visit (no prescriber contact),"['Neurexa', 'RxProgram', 'Zemlora', 'Trivaxa']",Trevor Johnson,542374,0,0,0,2024-08-29
a04Qk000004Fvq5,Field,TX,77505,Pasadena,4949 Fairmont Pkwy Ste 200,7344778030,Anthony Grant,Detail Only,Face-to-Face with HCP,"['Trivaxa', 'Neurexa', 'RxProgram']",Erica Alvarez,431737,0,0,1,2024-09-03
a04Qk000004EjZF,Field,MD,21204,Towson,7600 Osler Dr Ste 311,7344937246,Lisa Pierce,Detail Only,HCP Meal,"['Zemlora', 'Trivaxa']",Noah Rhodes,216739,0,0,1,2024-09-02
a04Qk000004FvtJ,Field,TX,77505,Pasadena,4949 Fairmont Pkwy Ste 200,7346153817,Alicia Jennings,Detail Only,Office Visit (no prescriber contact),"['Trivaxa', 'Neurexa', 'RxProgram']",Keith Jennings,946721,0,1,0,2024-09-03
a04Qk00000465U9,Virtual,TN,38104,Memphis,1407 Union Ave,7347614597,Valerie Floyd,Detail Only,Phone Call with Office Staff,"['Zemlora', 'Trivaxa', 'Neurexa', 'RxProgram']",Patrick Moore,570405,1,0,0,2024-08-24
a04Qk000004HXmr,Field,GA,30024,Suwanee,6918 McGinnis Ferry Rd,7347960458,Eric Guerra,Detail Only,Face-to-Face with HCP,"['Neurexa', 'RxProgram', 'Zemlora']",Megan Nelson,163918,0,0,0,2024-09-06
a04Qk000004Bva9,Field,NY,10901,Suffern,222 Route 59 Ste 303,7348988389,Monica Murillo,Detail Only,Office Visit (no prescriber contact),"['Neurexa', 'RxProgram', 'Zemlora', 'Trivaxa']",James Ferrell,331148,1,0,0,2024-08-30
a04Qk0000046My1,Field,KS,66044,Lawrence,1803 W 6th St,7352230240,Ashley Collins,Detail Only,Face-to-Face with HCP,"['Neurexa', 'RxProgram', 'Trivaxa', 'Zemlora']",Nancy Jennings,888387,0,1,1,2024-08-24
a04Qk000004Fw6D,Field,AL,35209,Birmingham,3401 Independence Dr Ste 111,7353093529,Megan Fernandez,Detail Only,HCP Meal,"['Zemlora', 'Neurexa', 'RxProgram', 'Trivaxa']",Nancy Jennings,888387,0,1,1,2024-09-03
a04Qk000004H7cH,Field,TX,77381,The Woodlands,8701 New Trails Dr Ste 150,7353923572,John Smith MD,Detail Only,Face-to-Face with HCP,"['Zemlora', 'Trivaxa', 'Neurexa', 'RxProgram']",Philip Cannon,325772,0,0,0,2024-09-02
a04Qk000004LMkn,Field,FL,32803,Orlando,615 E Princeton St Ste 300,7354964779,Melanie Smith,Detail Only,Face-to-Face with HCP,"['Zemlora', 'Trivaxa']",Thomas Atkins,159642,0,0,1,2024-09-06
a04Qk000004Ag0T,Field,TN,37919,Knoxville,1111 N Northshore Dr Ste S490,7355137867,Daniel Vincent,Detail Only,HCP Meal,"['Trivaxa', 'Zemlora', 'Neurexa', 'RxProgram']",Anna Henderson,379946,0,0,1,2024-08-29
a04Qk0000048Gq5,Field,KY,40222,Louisville,7906 New La Grange Rd,7355531088,Daniel Poole,Detail Only,Office Visit (no prescriber contact),"['Neurexa', 'RxProgram', 'Zemlora']",Antonio Garcia,373432,0,0,1,2024-08-26
a04Qk000004Ea69,Virtual,LA,70820,Baton Rouge,5712 Nottaway Dr,7355629554,Frank Boyd,Detail Only,Phone Call with Office Staff,"['Zemlora', 'Neurexa', 'RxProgram']",Mr. Andrew Foster,152578,0,0,0,2024-09-02
a04Qk0000048CrK,Field,KY,40222,Louisville,417 Benjamin Ln Ste 101,7356075010,Jennifer Walker,Detail Only,Office Visit (no prescriber contact),"['Neurexa', 'RxProgram', 'Zemlora', 'Trivaxa']",Cameron Parker,765822,0,0,0,2024-08-26
a04Qk000004AoE9,Field,SC,29464,Mt Pleasant,1400 Hospital Dr,7357915288,Paul Paul,Detail Only,Office Visit (no prescriber contact),"['Zemlora', 'Neurexa', 'RxProgram']",Kirk Carter,352572,0,0,0,2024-08-26
a04Qk000004AoE9,Field,SC,29464,Mt Pleasant,1400 Hospital Dr,7357915288,Paul Paul,Detail Only,Office Visit (no prescriber contact),"['Zemlora', 'Neurexa', 'RxProgram']",Kirk Carter,352572,0,0,0,2024-08-26
a04Qk000004CUUf,Field,TX,75035,Frisco,4461 Coit Rd Ste 405,7364205046,Rachel Mccoy,Detail Only,HCP Meal,"['Zemlora', 'Trivaxa', 'Neurexa', 'RxProgram']",Jessica Callahan,182627,0,0,1,2024-08-30
a04Qk0000046OgT,Field,NC,27410,Greensboro,2723 Horse Pen Creek Rd Ste 105,7370069473,Courtney Long,Detail Only,Face-to-Face with HCP,"['Zemlora', 'XR-ODT']",Alyssa Day,166613,1,0,1,2024-08-24
a04Qk000004HCYj,Field,FL,33578,Riverview,6332 US Highway 301 S,7371467381,Emily Norton,Detail Only,Face-to-Face with HCP,"['Neurexa', 'RxProgram', 'Zemlora']",Julie Alexander,100599,0,0,1,2024-09-06
a04Qk00000475v9,Field,GA,30253,Mcdonough,130 Enterprise Pkwy,7380632754,Monique Quinn,Detail Only,Face-to-Face with HCP,"['Neurexa', 'RxProgram', 'Zemlora']",Joshua Reed,167136,1,1,1,2024-08-25
a04Qk0000048ib3,Field,OH,45231,Cincinnati,740 W Galbraith Rd Ste 220,7383271940,Jodi Tucker,Detail Only,HCP Meal,"['Neurexa', 'RxProgram', 'Zemlora', 'Trivaxa']",Margaret Hawkins DDS,343962,0,0,1,2024-08-26
a04Qk000004Dkyn,Field,TX,77034,Houston,11550 Fuqua St Ste 560,7385238830,Gerald Phillips,Detail Only,Office Visit (no prescriber contact),"['Zemlora', 'Neurexa', 'RxProgram']",Jenna Larson,414569,0,0,1,2024-09-01
a04Qk000004FmTR,Field,NY,11598,Woodmere,999 Central Ave Ste 209,7385936011,Tiffany Miller,Detail Only,Office Visit (no prescriber contact),"['Neurexa', 'RxProgram', 'Zemlora', 'Trivaxa']",Brian Ramirez,542417,0,0,1,2024-09-03
a04Qk000004HlBV,Field,NY,11598,Woodmere,999 Central Ave Ste 209,7385936011,Tiffany Miller,Detail Only,Face-to-Face with HCP,"['Neurexa', 'RxProgram', 'Zemlora', 'Trivaxa']",Stephen Hoffman,455784,0,0,1,2024-09-06
a04Qk0000048k4z,Field,WI,53226,Wauwatosa,8651 W North Ave,7395424380,Lisa Adams,Detail Only,Virtual Call,"['Neurexa', 'RxProgram']",Jeffrey Chandler,158655,0,0,1,2024-08-26
a04Qk000004HgJt,Field,WI,53226,Wauwatosa,8651 W North Ave,7395424380,Lisa Adams,Detail Only,Office Visit (no prescriber contact),"['Neurexa', 'RxProgram', 'Zemlora', 'Trivaxa']",Tracy House,407419,0,0,1,2024-09-06
a04Qk0000046vNt,Field,IN,47150,New Albany,1919 State St Ste 248,7395630591,Carla Roy,Detail Only,HCP Meal,"['Neurexa', 'RxProgram', 'Zemlora']",Madison Poole,555884,0,0,1,2024-08-25
a04Qk000004JuLx,Field,TX,78731,Austin,1600 W 38th St Ste 210,7397622306,Charles Meyer,Detail Only,Office Visit (no prescriber contact),"['Zemlora', 'Neurexa', 'RxProgram']",Angelica Tucker,263032,0,0,1,2024-09-06
a04Qk0000049eOv,Field,TX,77433,Cypress,28606 Highway 290,7398368925,Jared Ramirez,Detail Only,Face-to-Face with HCP,"['Neurexa', 'RxProgram', 'Zemlora', 'Trivaxa']",John Whitehead,802729,0,0,1,2024-08-25
a04Qk000004CDwt,Field,NY,11201,Brooklyn,81 Willoughby St,7405210941,Lydia Mendoza,Detail Only,Office Visit (no prescriber contact),"['Neurexa', 'RxProgram', 'Zemlora']",Lisa Hensley,671858,0,0,1,2024-08-30
a04Qk0000047HeX,Field,RI,02904,Providence,1 Randall Sq Ste 404,7405410789,Bryan Ruiz,Detail Only,Office Visit (no prescriber contact),"['Neurexa', 'RxProgram', 'Zemlora', 'Trivaxa']",Abigail Shaffer,334053,1,0,1,2024-08-25
a04Qk000004ChlG,Field,RI,02904,Providence,1 Randall Sq Ste 404,7405410789,Bryan Ruiz,Detail Only,Office Visit (no prescriber contact),"['Neurexa', 'RxProgram', 'Zemlora', 'Trivaxa']",Karen Graham,103402,0,0,1,2024-09-01
a04Qk0000045rEH,Field,FL,32751,Maitland,235 S Maitland Ave Ste 101,7406951247,Juan Estes,Detail Only,Face-to-Face with HCP,"['Zemlora', 'XR-ODT']",Maria Parker,551989,0,0,0,2024-08-24
a04Qk000004DhXt,Field,FL,33759,Clearwater,2454 N McMullen Booth Rd Ste 502,7411015969,Michael Young,Detail Only,HCP Meal,"['Neurexa', 'RxProgram', 'Zemlora', 'Trivaxa']",Keith Jennings,946721,0,0,1,2024-09-01
a04Qk000004CIgP,Field,KS,66210,Overland Park,11725 W 112th St,7413845044,Barbara Morales,Detail Only,HCP Meal,"['Neurexa', 'RxProgram', 'Zemlora']",Chad Scott,599948,1,0,0,2024-08-30
a04Qk000004CTNJ,Field,SC,29492,Charleston,1004 Washitonia Way Unit C,7429730888,Brittany Ellison,Detail Only,Virtual Call with HCP,"['Zemlora', 'XR-ODT']",Jason Stein,892495,0,0,0,2024-08-30
a04Qk000004Hvvd,Field,KS,67037,Derby,1101 N Rock Rd,7433601296,Alexander Dawson,Detail Only,Face-to-Face with HCP,"['Neurexa', 'RxProgram', 'Zemlora']",Jordan Bates,179046,0,0,0,2024-09-06
a04Qk000004Hu1t,Field,FL,33511,Brandon,615 Oakfield Dr,7435185709,Maria Garrison,Detail Only,Face-to-Face with HCP,"['Neurexa', 'RxProgram', 'Zemlora']",Ariana Jennings,392075,0,0,1,2024-09-06
a04Qk000004CWxt,Field,OH,45209,Cincinnati,4000 Smith Rd Ste 175,7435907642,Laurie Stewart,Detail Only,Face-to-Face with HCP,"['Neurexa', 'RxProgram', 'Zemlora', 'Trivaxa']",Brian Lee,899550,0,0,1,2024-08-30
a04Qk000004FeMD,Field,AL,35216,Birmingham,1776 Independence Ct Ste 302,7436146552,Gina Green,Detail Only,Office Visit (no prescriber contact),"['Neurexa', 'RxProgram', 'Zemlora']",Katie Suarez,642717,1,0,1,2024-09-03
a04Qk000004B0nB,Field,KY,40213,Louisville,4011 Gardiner Point Dr Ste 101,7439745460,Jacob Morgan,Detail Only,Office Visit (no prescriber contact),"['Neurexa', 'RxProgram', 'Zemlora', 'Trivaxa']",Christopher Parker,955662,1,1,1,2024-08-29
a04Qk000004CztR,Field,FL,34677,Oldsmar,3919 Tampa Rd,7440098856,Jennifer Murphy,Detail Only,Face-to-Face with HCP,"['Neurexa', 'RxProgram', 'Zemlora']",Ralph Anderson,176819,1,0,1,2024-08-30
a04Qk000004AhKl,Field,NC,28659,North Wilkesboro,116 Wilkesboro Ave,7442888809,Taylor Smith,Detail with Sample,Face-to-Face with HCP,['Norexel'],Tracy Burke,830429,1,1,1,2024-09-01
a04Qk0000048b6X,Virtual,MO,64108,Kansas City,1000 E 24th St,7443006157,Joshua Mendez,Detail Only,Fax to HCP Office,"['Neurexa', 'RxProgram']",Diane Evans,359947,1,0,1,2024-08-26
a04Qk000004CVyb,Virtual,NH,03102,Manchester,148 Coolidge Ave,7443773116,Anthony Cox,Detail Only,Phone Call with Office Staff,"['Zemlora', 'Neurexa', 'RxProgram']",Amy Silva,172933,0,0,1,2024-08-30
a04Qk0000043iQP,Field,AZ,85284,Tempe,8675 S Priest Dr Ste 102,7446490960,Glenda Arellano,Detail Only,Office Visit (no prescriber contact),"['Neurexa', 'RxProgram', 'Zemlora', 'Trivaxa']",Richard Smith,203198,0,0,0,2024-08-25
a04Qk000004ERyv,Field,PA,19003,Ardmore,233 E Lancaster Ave Ste 303A,7451875732,Kelly Rodgers,Detail Only,Office Visit (no prescriber contact),"['Zemlora', 'Neurexa', 'RxProgram']",Julie Alexander,100599,0,0,1,2024-09-02
a04Qk000004AcPt,Field,IL,60187,Wheaton,311 S County Farm Rd Ste A,7454865204,Lacey Davis,Detail Only,Face-to-Face with HCP,"['Neurexa', 'RxProgram', 'Zemlora']",Michael Evans,344098,0,0,0,2024-08-29
a04Qk000004FeNp,Field,GA,30501,Gainesville,100 College Ave SE,7462093603,Robert Massey,Detail Only,Face-to-Face with HCP,"['Neurexa', 'RxProgram', 'Norexel']",Jordan Chambers,163556,0,0,0,2024-09-03
a04Qk000004Bvgb,Field,NY,10901,Suffern,222 Route 59 Ste 303,7464138827,Harold Contreras,Detail Only,Office Visit (no prescriber contact),"['Neurexa', 'RxProgram', 'Zemlora']",Erin Edwards,520651,1,0,1,2024-08-30
a04Qk00000473V7,Field,GA,31201,Macon,250 Martin Luther King Jr Blvd,7464209847,Kyle Flynn,Detail Only,Face-to-Face with HCP,"['Neurexa', 'RxProgram', 'Zemlora']",Parker Cain,923267,0,0,0,2024-08-25
a04Qk000004Cj2H,Field,MA,02476,Arlington,22 Mill St Ste 308,7467446353,Richard Allen,Detail Only,Office Visit (no prescriber contact),"['Neurexa', 'RxProgram', 'Zemlora']",Spencer Haynes,287330,0,1,0,2024-08-30
a04Qk0000045ol3,Virtual,CA,91607,Valley Village,12840 Riverside Dr Ste 208,7473930105,Antonio Pearson,Detail Only,Fax to HCP Office,"['Zemlora', 'Neurexa', 'RxProgram']",Charles Shah,360735,0,0,1,2024-08-24
a04Qk00000477vJ,Field,IA,50266,West Des Moines,6010 Mills Civic Pkwy Ste 200,7474131351,Robert Gutierrez,Detail Only,Face-to-Face with HCP,"['Neurexa', 'RxProgram', 'Zemlora']",Diana May,440035,0,0,1,2024-08-25
a04Qk000004Cza5,Field,FL,33548,Lutz,18958 N Dale Mabry Hwy Ste 102,7477018900,Richard Diaz,Detail Only,HCP Meal,"['Neurexa', 'RxProgram', 'Zemlora']",Dawn Summers,864491,1,0,0,2024-08-30
a04Qk000004APE9,Field,IL,60304,Oak Park,215 Harrison St,7482067487,Linda Sullivan,Detail Only,Office Visit (no prescriber contact),"['Neurexa', 'RxProgram', 'Zemlora']",Michael Evans,344098,1,0,1,2024-08-29
a04Qk000004EgdQ,Field,NC,28277,Charlotte,7940 Williams Pond Ln Ste 150,7485916645,Misty Foster,Detail Only,Office Visit (no prescriber contact),"['Neurexa', 'RxProgram', 'Zemlora']",Nancy Jennings,888387,1,1,1,2024-09-02
a04Qk000004HXen,Field,NC,28277,Charlotte,7940 Williams Pond Ln Ste 150,7485916645,Misty Foster,Detail Only,Face-to-Face with HCP,"['Zemlora', 'XR-ODT']",Robert Oconnell,814825,1,0,1,2024-09-06
a04Qk000004DImP,Field,MD,20874,Germantown,19703 Executive Park Cir,7491370756,Christine Butler,Detail Only,Office Visit (no prescriber contact),"['Zemlora', 'XR-ODT']",John Daniel,865179,1,0,0,2024-09-01
a04Qk00000461wn,Field,MA,02072,Stoughton,27 Glen Street Sage Psychiatric Services Llc #14,7493512045,Mary Carter,Detail Only,Office Visit (no prescriber contact),"['Neurexa', 'RxProgram', 'Zemlora']",Jordan Bates,179046,0,0,1,2024-08-24
a04Qk000004FY2H,Field,FL,32207,Jacksonville,3547 Hendricks Ave,7494052209,Timothy Smith,Detail Only,HCP Meal,"['Neurexa', 'RxProgram', 'Zemlora']",Megan Nelson,163918,1,0,1,2024-09-03
a04Qk000004FwRB,Field,TX,75068,Little Elm,2601 Little Elm Pkwy Ste 802,7496913907,Joseph Lee,Detail Only,Virtual Call,"['Zemlora', 'Neurexa', 'RxProgram']",Victor Baker,913694,0,1,1,2024-09-03
a04Qk000004DjLB,Field,TX,77027,Houston,19 Briar Hollow Ln Ste 102,7499224099,Thomas Davis,Detail Only,Face-to-Face with HCP,"['Neurexa', 'RxProgram', 'Zemlora', 'Trivaxa']",Jessica Stephens,867460,1,0,1,2024-08-30
a04Qk0000047Ad3,Field,TN,37919,Knoxville,310 N Forest Park Blvd,7501359294,Meredith Allen,Detail Only,Office Visit (no prescriber contact),"['Zemlora', 'Neurexa', 'RxProgram']",Colin Terry,122056,1,0,1,2024-08-25
a04Qk000004HQS1,Field,TN,37919,Knoxville,310 N Forest Park Blvd,7501359294,Meredith Allen,Detail Only,HCP Meal,"['Zemlora', 'Neurexa', 'RxProgram']",Jenna Larson,414569,0,0,1,2024-09-06
a04Qk000004CXNh,Virtual,LA,70006,Metairie,3939 Houma Blvd Ste 228,7505139323,Ashley Hoffman DVM,Detail Only,Phone Call with Office Staff,"['Zemlora', 'Trivaxa', 'Neurexa', 'RxProgram']",Marie Christian,161733,1,0,0,2024-08-30
a04Qk000004CrpR,Field,TX,75093,Plano,6404 International Pkwy Ste 1010,7505540352,Virginia Rodriguez DVM,Detail Only,Office Visit (no prescriber contact),"['Zemlora', 'Neurexa', 'RxProgram']",Angela Lopez,793384,0,0,1,2024-08-30
a04Qk000004MxNJ,Field,TX,77056,Houston,5151 San Felipe St Ste 1470,7506156302,Dr. Cathy Ellis,Detail Only,Face-to-Face with HCP,"['Neurexa', 'RxProgram', 'Zemlora', 'Trivaxa']",Erin Warner,632323,1,0,0,2024-09-06
a04Qk000004EYsL,Virtual,NJ,07621,Bergenfield,95 N Washington Avneue,7511519990,Nicole Holloway,Detail Only,Phone Call with Office Staff,['Lexcura/Cymbrin/Multi-Vi-Flor'],Brian Ramirez,542417,0,0,1,2024-09-02
a04Qk000004E97b,Field,FL,33156,Pinecrest,12651 S Dixie Hwy Ste 320,7511828845,Joseph Lopez,Detail Only,Virtual Call with HCP,"['Zemlora', 'Neurexa', 'RxProgram']",Denise Mccann,665579,0,1,1,2024-09-02
a04Qk0000048dwL,Field,AZ,85234,Gilbert,4001 E Baseline Rd Ste 107,7513035669,Patricia Harvey,Detail Only,Office Visit (no prescriber contact),"['Neurexa', 'RxProgram', 'Zemlora']",Melissa Brewer,755674,0,0,0,2024-08-30
a04Qk000004Fio1,Field,NE,68118,Omaha,515 N 162nd Ave Ste 102,7514971854,Jason Hudson,Detail Only,Virtual Call,"['Neurexa', 'RxProgram', 'Zemlora']",Matthew Moon,676510,1,0,1,2024-09-03
a04Qk000004HgLV,Field,WI,53226,Wauwatosa,8651 W North Ave,7520691303,Tina Berry,Detail Only,Office Visit (no prescriber contact),"['Neurexa', 'RxProgram', 'Zemlora', 'Trivaxa']",Dr. Paul Morgan,156802,0,0,0,2024-09-06
a04Qk000004DkVl,Field,IL,60123,Elgin,2050 Larkin Ave Ste 101,7524364197,Brenda Carroll,Detail Only,Office Visit (no prescriber contact),"['Neurexa', 'RxProgram']",Nichole Alvarez,197793,0,0,1,2024-09-01
a04Qk00000469Cn,Field,TX,75069,Mckinney,1575 Heritage Dr Ste 200,7526419767,Catherine Smith,Detail Only,HCP Meal,"['Zemlora', 'Trivaxa', 'Neurexa', 'RxProgram']",Angie Henderson,126225,0,0,0,2024-08-24
a04Qk000004FRQb,Field,NJ,08057,Moorestown,703 E Main St Ste 2,7529959452,David Wang,Detail Only,Office Visit (no prescriber contact),"['Zemlora', 'Neurexa', 'RxProgram']",Michael Wang,855731,0,0,1,2024-09-03
a04Qk0000046Bw9,Field,GA,30214,Fayetteville,115 Habersham Dr Ste C,7531095915,Debra George,Detail Only,Face-to-Face with HCP,"['Neurexa', 'RxProgram', 'Zemlora']",Jamie Arnold,876646,0,0,0,2024-08-24
a04Qk0000045mQS,Field,MA,02021,Canton,275 Turnpike St Ste 206,7534789499,Kevin White,Detail Only,Virtual Call,"['Neurexa', 'RxProgram', 'Zemlora']",Timothy Romero,226882,1,0,1,2024-08-24
a04Qk0000045xbR,Field,MA,02021,Canton,275 Turnpike St Ste 206,7534789499,Kevin White,Detail Only,HCP Meal,"['Neurexa', 'RxProgram', 'Zemlora']",Philip Cannon,325772,1,0,0,2024-08-24
a04Qk000004DF5N,Field,FL,32258,Jacksonville,13241 Bartram Park Blvd Unit 1901,7543978439,Jessica Peterson,Detail Only,Office Visit (no prescriber contact),"['Neurexa', 'RxProgram', 'Zemlora', 'Trivaxa']",Cristian Santos,388389,0,0,0,2024-09-01
a04Qk000004CDFJ,Field,FL,32073,Orange Park,1543 First Coast Psychiatric Servic,7544349461,Susan Wells,Detail Only,Office Visit (no prescriber contact),"['Neurexa', 'RxProgram', 'Zemlora']",Allen Rosales,624902,1,0,1,2024-08-30
a04Qk000004DnOn,Field,AL,36604,Mobile,1700 Center St,7544469835,David Walls,Detail Only,Office Visit (no prescriber contact),"['Trivaxa', 'Zemlora', 'Neurexa', 'RxProgram']",Jason Stein,892495,0,0,1,2024-08-29
a04Qk000004Fvuv,Field,TX,77504,Pasadena,3801 Vista Rd Ste 100,7546322007,Dana Kim,Detail Only,Office Visit (no prescriber contact),"['Zemlora', 'Neurexa', 'RxProgram']",Rodney Morales,439902,1,0,1,2024-09-03
a04Qk0000049eNK,Field,TX,77433,Cypress,27700 Northwest Fwy Ste 250,7551423902,Stephanie Fuller,Detail Only,Face-to-Face with HCP,"['Neurexa', 'RxProgram', 'Zemlora', 'Trivaxa']",Holly Wood,133326,0,0,1,2024-08-25
a04Qk000004Iztx,Field,NC,28173,Waxhaw,9929 Rea Rd Ste 201,7556047057,Jody Garza,Detail Only,Virtual Call,"['Neurexa', 'RxProgram', 'Zemlora']",Stephanie Salazar,712982,1,0,1,2024-09-06
a04Qk0000045ohp,Field,WV,26104,Parkersburg,225 College Pkwy,7559600597,Cassandra Ross,Detail Only,Office Visit (no prescriber contact),"['Neurexa', 'RxProgram', 'Zemlora', 'Trivaxa']",Desiree Tyler,573417,0,1,1,2024-08-24
a04Qk000003EcwZ,Field,IA,51101,Sioux City,600 4th St Ste 501,7560044863,Nicole Chambers,Detail Only,HCP Meal,"['Neurexa', 'RxProgram', 'Zemlora']",Patrick Thornton,680828,0,0,0,2024-08-24
a04Qk000004EVck,Virtual,NY,11518,East Rockaway,58 Main St,7560100587,Richard Smith,Detail Only,Phone Call with Office Staff,['Lexcura/Cymbrin/Multi-Vi-Flor'],Michael Evans,344098,0,0,0,2024-09-02
a04Qk000004DHDe,Field,SC,29607,Greenville,2094 Woodruff Rd,7560488114,Robert Carlson,Detail Only,Office Visit (no prescriber contact),"['Zemlora', 'Neurexa', 'RxProgram']",Amber Wright,665158,0,0,0,2024-09-01
a04Qk000004Alhi,Field,SC,29455,Johns Island,3227 Walter Dr Ste 1B,7568545579,Jordan Miller,Detail Only,HCP Meal,"['Zemlora', 'Neurexa', 'RxProgram']",Richard Henson,864544,1,0,0,2024-08-29
a04Qk000004EqpF,Field,SC,29455,Johns Island,3227 Walter Dr Ste 1B,7568545579,Jordan Miller,Detail Only,HCP Meal,"['Zemlora', 'Neurexa', 'RxProgram']",Judy Baker,308496,0,0,1,2024-09-01
a04Qk0000048rT3,Field,FL,32708,Winter Springs,1806 Town Plaza Ct,7569618577,Jason Hernandez,Detail Only,Face-to-Face with HCP,"['Zemlora', 'XR-ODT']",Pamela Boyd,479580,0,0,0,2024-08-24
a04Qk000004CVKH,Field,TN,37909,Knoxville,1340 Dowell Springs Blvd,7573329940,Charles Jones,Detail Only,Office Visit (no prescriber contact),"['Trivaxa', 'Zemlora', 'Neurexa', 'RxProgram']",Richard Aguirre,946335,0,0,0,2024-08-30
a04Qk000004H3vF,Field,NC,28621,Elkin,124 Samaritans Ridge Rd,7583813739,Aaron Edwards,Detail Only,Office Visit (no prescriber contact),"['Zemlora', 'Neurexa', 'RxProgram']",Amber Wright,665158,0,0,1,2024-09-06
a04Qk0000046FLS,Field,PA,19041,Haverford,385 Lancaster Ave Ste 203,7594681001,Tara Washington,Detail Only,Office Visit (no prescriber contact),"['Zemlora', 'Neurexa', 'RxProgram']",Dustin Jordan,429963,0,0,1,2024-08-24
a04Qk000004C8U9,Field,FL,32073,Orange Park,1555 Kingsley Ave Ste 101,7599164235,Nicole Burns,Detail Only,Office Visit (no prescriber contact),"['Neurexa', 'RxProgram', 'Zemlora']",Deborah Figueroa,816751,0,0,1,2024-08-30
a04Qk000004AcEc,Field,FL,34744,Kissimmee,825 E Oak St,7600783496,David Woods,Detail Only,Virtual Call,"['Zemlora', 'XR-ODT']",Jamie Walton,724834,1,0,1,2024-08-29
a04Qk000004BtA9,Field,KY,40204,Louisville,801 Barret Ave Ste 110,7601977024,Rachel Cole,Detail Only,HCP Meal,"['Neurexa', 'RxProgram', 'Zemlora']",Chad Scott,599948,1,0,0,2024-08-30
a04Qk000004EPU5,Field,NY,11235,Brooklyn,3044 Coney Island Ave Ste 201,7603297052,Maria Parrish,Detail Only,Office Visit (no prescriber contact),"['Neurexa', 'RxProgram', 'Zemlora']",Trevor Johnson,542374,0,1,0,2024-09-02
a04Qk000004AFpt,Field,NJ,08690,Hamilton Square,2133 State Highway 33,7605995297,Catherine Barnett,Detail Only,Face-to-Face with HCP,"['Neurexa', 'RxProgram', 'Zemlora', 'Trivaxa']",Maria Henderson,176066,1,0,1,2024-08-25
a04Qk0000047LIL,Field,FL,34232,Sarasota,2020 Cattlemen Rd Ste 600,7606533976,Barbara Williams,Detail Only,Face-to-Face with HCP,"['Neurexa', 'RxProgram', 'Zemlora', 'Trivaxa']",Jack White,109767,0,0,1,2024-08-25
a04Qk000004Alub,Field,NC,28602,Hickory,240 18th Street Cir SE,7608402085,Brittney Norris,Detail Only,Office Visit (no prescriber contact),"['Zemlora', 'Trivaxa']",Erin Warner,632323,0,1,1,2024-09-01
a04Qk000004HRpV,Virtual,CA,90248,Gardena,1225 W 190th St Ste 280,7612810128,Morgan Butler,Detail Only,Phone Call with Office Staff,"['Zemlora', 'Neurexa', 'RxProgram']",Elizabeth Oliver DDS,945964,0,0,1,2024-09-06
a04Qk000004CDX3,Field,FL,32073,Orange Park,1543 Kingsley Ave Ste 14,7615995075,Ronald Jenkins,Detail Only,Office Visit (no prescriber contact),"['Neurexa', 'RxProgram', 'Zemlora']",Andrew Avila,598369,0,1,0,2024-08-30
a04Qk000004DEIz,Field,PA,19102,Philadelphia,1528 Walnut St Ste 1415,7616414410,Kyle Smith,Detail Only,HCP Meal,"['Zemlora', 'Neurexa', 'RxProgram']",Michael Wang,855731,1,1,1,2024-09-01
a04Qk000004DGmE,Field,GA,30909,Augusta,3966 Barrett St,7617350513,Nicholas Castillo,Detail Only,Virtual Call,"['Zemlora', 'Neurexa', 'RxProgram', 'Trivaxa']",Brett Burns,246991,0,0,1,2024-09-01
a04Qk000004ApyF,Field,KS,67206,Wichita,7111 E 21st St N Ste A,7620212396,Paula Conner,Detail Only,Face-to-Face with HCP,"['Neurexa', 'RxProgram', 'Zemlora', 'Trivaxa']",Connie Lawrence,356787,0,1,1,2024-08-29
a04Qk000004HKsv,Field,TX,75069,Mckinney,4510 Medical Center Dr Ste 208,7620539284,Jonathan Morris,Detail Only,HCP Meal,"['Zemlora', 'Trivaxa', 'Neurexa', 'RxProgram']",Jessica Garcia,174299,0,0,0,2024-09-06
a04Qk0000048U6f,Field,MI,49546,Grand Rapids,5150 Cascade Rd SE Ste B,7621454094,Samuel White,Detail Only,Office Visit (no prescriber contact),"['Neurexa', 'RxProgram']",Bryan Herrera,308573,0,0,0,2024-08-26
a04Qk000004DZdZ,Field,IL,60076,Skokie,4711 Golf Rd Ste 500,7624601591,Andrea Wilson,Detail Only,Office Visit (no prescriber contact),"['Neurexa', 'RxProgram', 'Zemlora']",Daniel Kennedy,787277,0,0,1,2024-09-01
a04Qk0000046Edt,Field,FL,34689,Tarpon Springs,1787 S Pinellas Ave Ste 500,7626590063,Kristina Phillips,Detail Only,Face-to-Face with HCP,"['Neurexa', 'RxProgram', 'Zemlora', 'Trivaxa']",David Smith,238739,1,1,1,2024-08-24
a04Qk000004FoyH,Field,FL,34689,Tarpon Springs,1787 S Pinellas Ave Ste 500,7626590063,Kristina Phillips,Detail Only,Face-to-Face with HCP,"['Neurexa', 'RxProgram', 'Zemlora', 'Trivaxa']",Ashley Waller,905635,0,1,0,2024-09-03
a04Qk0000045xZp,Field,FL,32765,Oviedo,650 S Central Ave,7627258948,Eddie Phillips,Detail Only,Face-to-Face with HCP,"['Zemlora', 'XR-ODT']",James Brown,759176,0,0,0,2024-08-24
a04Qk000004AsJN,Field,FL,32765,Oviedo,650 S Central Ave,7627258948,Eddie Phillips,Detail Only,Face-to-Face with HCP,"['Zemlora', 'XR-ODT']",Patrick Thornton,680828,0,0,0,2024-08-29
a04Qk000004DKcv,Field,OH,45013,Hamilton,2449 Ross Millville Rd Ste 100,7627362001,Shane Sanchez,Detail Only,Virtual Call,"['Neurexa', 'RxProgram', 'Zemlora', 'Trivaxa']",William Herrera,983794,0,0,0,2024-09-01
a04Qk000004Bvez,Field,NY,10901,Suffern,222 Route 59,7629434374,Stephanie Guzman,Detail Only,Office Visit (no prescriber contact),"['Zemlora', 'Neurexa', 'RxProgram', 'Trivaxa']",Sherri Baker,106814,0,0,1,2024-08-30
a04Qk0000046P33,Field,FL,32563,Gulf Breeze,1368 Country Club Rd,7629728159,Daniel Perez,Detail Only,Office Visit (no prescriber contact),"['Zemlora', 'Neurexa', 'RxProgram']",Noah Rhodes,216739,0,1,1,2024-08-24
a04Qk000004DZ0r,Field,OH,45503,Springfield,1640 N Limestone St,7631341139,Jesse Alexander,Detail Only,Office Visit (no prescriber contact),"['Trivaxa', 'Zemlora', 'Neurexa', 'RxProgram']",Paula Bradley,871476,0,1,0,2024-09-01
a04Qk000004EzKf,Field,VA,23502,Norfolk,6353 Center Dr Ste 204,7636466329,Larry Chandler,Detail Only,Office Visit (no prescriber contact),"['Neurexa', 'RxProgram', 'Zemlora', 'Trivaxa']",Paula Bradley,871476,1,0,0,2024-09-02
a04Qk000004EHeb,Virtual,CA,90025,Los Angeles,1823 Sawtelle Blvd,7636574881,Mark Scott,Detail Only,Phone Call with Office Staff,"['Zemlora', 'Neurexa', 'RxProgram']",William Barrett,595948,0,0,1,2024-09-02
a04Qk000004CPmk,Virtual,CA,90505,Torrance,23700 Camino Del Sol,7642313455,David Cochran,Detail Only,Fax to HCP Office,"['Zemlora', 'Trivaxa', 'Neurexa', 'RxProgram']",Carla Gray,329258,0,0,0,2024-08-30
a04Qk000004Fq41,Virtual,CA,94563,Orinda,23 Orinda Way Ste 312,7646793562,Richard Compton,Detail Only,Phone Call with Office Staff,"['Zemlora', 'Trivaxa', 'Neurexa', 'RxProgram']",Aimee Turner,712554,0,0,0,2024-09-03
a04Qk000004FyMX,Field,KY,41017,Crestview Hills,2865 Chancellor Dr Ste 225,7649580941,Tiffany Fuller,Detail Only,Face-to-Face with HCP,"['Neurexa', 'RxProgram', 'Zemlora', 'Trivaxa']",Susan Serrano,609597,0,1,1,2024-09-03
a04Qk000004DJtl,Field,NY,10022,New York,30 E 60th St Rm 2403,7656817074,Jeremy Price,Detail Only,HCP Meal,"['Neurexa', 'RxProgram', 'Zemlora']",Aaron Wise,835911,1,0,1,2024-09-01
a04Qk000004HL7O,Field,NY,10022,New York,30 E 60th St Rm 2403,7656817074,Jeremy Price,Detail Only,Office Visit (no prescriber contact),"['Neurexa', 'RxProgram', 'Zemlora']",Jordan Henderson,479201,0,0,1,2024-09-06
a04Qk000004B4xF,Field,NC,28105,Matthews,1401 Matthews Township Pkwy Ste 320,7662781104,Valerie Murray,Detail Only,Virtual Call with HCP,"['Neurexa', 'RxProgram', 'Zemlora']",Michael Evans,344098,0,0,0,2024-08-29
a04Qk000004G4Wn,Field,IL,60453,Oak Lawn,10522 S Cicero Ave Ste 202,7666587386,Courtney Fox,Detail Only,HCP Meal,"['Neurexa', 'RxProgram', 'Zemlora']",Kimberly Gutierrez,891952,1,0,0,2024-09-02
a04Qk000004JdeT,Field,PA,19464,Pottstown,404 E High St,7666949600,Mary Fuentes,Detail Only,Office Visit (no prescriber contact),"['Neurexa', 'RxProgram', 'Zemlora']",Christina Walters,319684,0,1,0,2024-09-06
a04Qk000004HvxF,Field,KS,67037,Derby,1101 N Rock Rd,7669895385,Dylan Cooper,Detail Only,Face-to-Face with HCP,"['Neurexa', 'RxProgram', 'Zemlora']",Glen Wood,707314,0,0,1,2024-09-06
a04Qk000004Aq34,Field,NY,11747,Melville,275 Broadhollow Rd Ste 120,7674783395,Michael Newton,Detail Only,Office Visit (no prescriber contact),"['Neurexa', 'RxProgram', 'Zemlora']",Jeffrey Johnson,930555,0,1,0,2024-08-29
a04Qk000004FvZx,Field,KS,66047,Lawrence,4951 W 18th St,7682141114,Timothy Patterson,Detail Only,HCP Meal,"['Neurexa', 'RxProgram', 'Zemlora']",Allison Hickman,610311,0,0,1,2024-09-03
a04Qk0000048iZR,Field,MD,20850,Rockville,9715 Medical Center Dr Ste 528,7689095085,Daniel Dickerson,Detail Only,Office Visit (no prescriber contact),"['Zemlora', 'XR-ODT']",James Ferrell,331148,0,0,0,2024-08-26
a04Qk000004B58X,Virtual,CO,80215,Lakewood,255 Routt St Ste 250,7690804084,Lauren Smith,Detail Only,Phone Call with Office Staff,"['Zemlora', 'Neurexa', 'RxProgram']",Jordan Henderson,479201,0,0,0,2024-08-29
a04Qk000004Hj85,Field,GA,30082,Smyrna,400 Technology Ct SE Ste J,7700692261,Deborah Jones MD,Detail Only,Office Visit (no prescriber contact),"['Neurexa', 'RxProgram', 'Zemlora']",Derek Zuniga,131244,1,0,1,2024-09-06
a04Qk000004AS5Z,Field,KY,40241,Louisville,9720 Park Plaza Ave Unit 102,7701017393,Christopher Ayala,Detail Only,Virtual Call with HCP,"['Neurexa', 'RxProgram', 'Zemlora', 'Trivaxa']",Devon Flores,245051,1,0,0,2024-08-29
a04Qk000004FghN,Virtual,PA,15642,Irwin,27 N Thompson Ln Ste A,7708981909,Rebecca Mendoza,Detail Only,HCP Meal,"['Zemlora', 'Trivaxa', 'Neurexa', 'RxProgram']",Nicole Herring,680099,0,0,0,2024-09-03
a04Qk000004DGB7,Virtual,NJ,07083,Union,1308 Morris Ave Ste 201,7710156484,Janet Lopez,Detail Only,Phone Call with Office Staff,['Lexcura/Cymbrin/Multi-Vi-Flor'],Kenneth Scott,961722,0,1,0,2024-09-01
a04Qk000004Aa9a,Field,FL,33056,Opa Locka,3011 NW 174th St,7710431782,Emily Petty,Detail Only,Virtual Call,"['Zemlora', 'Neurexa', 'RxProgram']",Laura Mckinney,632496,0,0,0,2024-08-29
a04Qk0000042oXv,Field,NY,10036,New York,2 W 46th St Ste 705,7715411977,Bradley Phelps,Detail Only,Office Visit (no prescriber contact),"['Neurexa', 'RxProgram', 'Zemlora']",Gabrielle Davis,872246,0,0,1,2024-08-25
a04Qk000004AXRr,Field,NY,10036,New York,2 W 46th St Ste 705,7715411977,Bradley Phelps,Detail Only,Office Visit (no prescriber contact),"['Neurexa', 'RxProgram', 'Zemlora']",Garrett Lin,817870,0,0,1,2024-09-01
a04Qk000004DgC1,Field,NC,27518,Cary,530 New Waverly Pl Ste 314,7717790946,Shane Mcdonald,Detail Only,Face-to-Face with HCP,"['Zemlora', 'XR-ODT']",Angela Lopez,793384,0,1,1,2024-09-01
a04Qk00000466q1,Field,AZ,85234,Gilbert,3489 E Baseline Rd,7719559393,Bryan Ross,Detail Only,HCP Meal,"['Neurexa', 'RxProgram', 'Zemlora']",Paul Lewis,161324,0,0,1,2024-08-24
a04Qk000004L6xn,Field,MD,21035,Davidsonville,2772 Rutland Rd,7722642837,Deborah Santiago,Detail Only,Office Visit (no prescriber contact),['Trivaxa-ODT'],Ashley Wise,690341,0,0,1,2024-09-06
a04Qk0000045fcv,Field,SC,29615,Greenville,429 Roper Mountain Rd Ste 700,7723998292,Rita Bright,Detail Only,Office Visit (no prescriber contact),"['Zemlora', 'Neurexa', 'RxProgram', 'Trivaxa']",Tracy House,407419,1,0,1,2024-08-24
a04Qk000004Az4j,Virtual,CA,90048,Los Angeles,116 N Robertson Blvd Ste 806,7724957264,Jamie Campbell,Detail Only,Phone Call with Office Staff,"['Zemlora', 'Neurexa', 'RxProgram']",Joseph Coleman,769987,1,1,0,2024-08-29
a04Qk00000465Ni,Field,NY,11530,Garden City,623 Stewart Ave Ste 203,7726924512,Elizabeth Lester,Detail Only,HCP Meal,"['Neurexa', 'RxProgram', 'Zemlora', 'Trivaxa']",Shannon James,340062,0,0,0,2024-08-24
a04Qk000004766P,Virtual,TX,78229,San Antonio,2414 Babcock Rd Ste 109,7727744502,Craig Ritter,Detail Only,Phone Call with Office Staff,['Norexel'],Lori Guerrero,189814,0,1,0,2024-08-25
a04Qk000004BpJT,Field,SC,29170,West Columbia,3314 Platt Springs Rd,7729539851,Diane Floyd,Detail Only,Face-to-Face with HCP,"['Zemlora', 'Neurexa', 'RxProgram', 'Trivaxa']",Carlos Ryan,531071,0,0,1,2024-08-30
a04Qk0000047YfN,Field,OH,45342,Miamisburg,9049 Springboro Pike,7731285214,Joseph Weiss,Detail Only,Face-to-Face with HCP,"['Neurexa', 'RxProgram', 'Zemlora']",Brent Jordan,145561,0,1,0,2024-08-25
a04Qk000004HUoz,Field,KY,40243,Louisville,12204 Shelbyville Rd,7733294546,Michael Miller,Detail Only,Office Visit (no prescriber contact),"['Neurexa', 'RxProgram', 'Zemlora', 'Trivaxa']",Connie Brown,939482,0,0,0,2024-09-06
a04Qk0000048Sbr,Field,MI,48374,Novi,26850 Providence Pkwy Ste 300,7735003896,David Bond,Detail Only,Virtual Call with HCP,"['Neurexa', 'RxProgram']",Connie Brown,939482,0,0,1,2024-08-26
a04Qk000004DRzN,Field,KY,40291,Louisville,11300 Professional Park Dr,7737482321,Lisa Baldwin,Detail Only,HCP Meal,"['Neurexa', 'RxProgram', 'Zemlora', 'Trivaxa']",Kimberly Gibson,454508,1,0,1,2024-09-01
a04Qk000004BtN3,Field,SC,29070,Batesburg Leesville,608 E Columbia Ave,7738853203,Misty Wilson,Detail Only,Office Visit (no prescriber contact),"['Zemlora', 'Neurexa', 'RxProgram', 'Trivaxa']",Nancy Jennings,888387,0,0,0,2024-08-30
a04Qk000004AFgD,Field,NJ,07701,Red Bank,241 Maple Ave,7740471677,Luis Reyes,Detail Only,Office Visit (no prescriber contact),"['Neurexa', 'RxProgram', 'Zemlora']",Kayla Rodriguez,890170,0,0,0,2024-08-25
a04Qk000004EcEP,Field,RI,02886,Warwick,75 Lambert Lind Hwy,7742152140,Charles Farmer,Detail Only,HCP Meal,"['Zemlora', 'Neurexa', 'RxProgram', 'Trivaxa']",Eric Carney,197251,0,0,1,2024-09-01
a04Qk000004ElRO,Field,IL,60173,Schaumburg,1701 E Woodfield Rd Ste 1000,7743493871,Jose Yates,Detail Only,Office Visit (no prescriber contact),"['Neurexa', 'RxProgram']",Dr. Hannah Patterson,456699,1,0,0,2024-09-02
a04Qk0000047WaL,Field,MO,63304,Weldon Spring,4801 Weldon Spring Pkwy Ste 300,7744459281,Sierra Cummings,Detail Only,Face-to-Face with HCP,"['Neurexa', 'RxProgram', 'Trivaxa']",Carolyn Miller,608993,0,0,1,2024-08-24
a04Qk0000047LtR,Field,GA,30082,Smyrna,400 Technology Ct SE Ste J,7754649599,Johnny Lee,Detail Only,Face-to-Face with HCP,"['Neurexa', 'RxProgram', 'Zemlora']",Jeremy Turner,749468,0,0,0,2024-08-25
a04Qk000004HaUc,Field,GA,30082,Smyrna,400 Technology Ct SE Ste J,7754649599,Johnny Lee,Detail Only,Office Visit (no prescriber contact),"['Neurexa', 'RxProgram', 'Zemlora']",Jose Schultz,514850,0,1,0,2024-09-06
a04Qk000004JVtp,Field,SC,29407,Charleston,12 Farmfield Ave Ste F,7757309505,Kirk Scott,Detail Only,Office Visit (no prescriber contact),"['Zemlora', 'Neurexa', 'RxProgram']",Cristian Santos,388389,1,0,0,2024-09-06
a04Qk000004EYqk,Virtual,LA,70458,Slidell,113 Christian Ln,7757700096,April Flores,Detail Only,Phone Call with Office Staff,"['Zemlora', 'Trivaxa', 'Neurexa', 'RxProgram']",John Bishop,376183,0,0,1,2024-09-02
a04Qk000004EzSj,Field,VA,23606,Newport News,11818 Rock Landing Dr Ste 101,7758501227,Alexander Phillips,Detail Only,HCP Meal,"['Neurexa', 'RxProgram', 'Zemlora']",Holly Valentine,172132,0,1,0,2024-09-02
a04Qk000004CCeE,Virtual,LA,70810,Baton Rouge,10101 Park Rowe Ave Ste 200,7759770282,Benjamin Terrell,Detail Only,Phone Call with Clinical Staff,"['Zemlora', 'Neurexa', 'RxProgram']",Brett Burns,246991,1,1,1,2024-08-30
a04Qk000004Fa45,Field,IL,60521,Hinsdale,736 N York Rd,7760403340,Brent Mcdonald,Detail Only,Face-to-Face with HCP,"['Neurexa', 'RxProgram', 'Zemlora']",James Ferrell,331148,0,1,1,2024-09-03
a04Qk000004DNsX,Virtual,CA,91423,Sherman Oaks,13425 Ventura Blvd Ste 101,7763456914,Miguel Johnson,Detail Only,Phone Call with Office Staff,"['Zemlora', 'Neurexa', 'RxProgram']",Allison Hickman,610311,0,0,1,2024-09-01
a04Qk0000047ZbR,Field,VA,23226,Richmond,6714 Patterson Ave Ste 204,7763467658,Timothy Espinoza,Detail Only,HCP Meal,"['Zemlora', 'Neurexa', 'RxProgram']",Shelia Wallace,639131,0,0,1,2024-08-25
a04Qk000004AYCb,Field,NJ,08053,Marlton,733 Route 70 E Ste 201,7764791578,Tina Lynch,Detail Only,HCP Meal,"['Zemlora', 'Neurexa', 'RxProgram']",Joanna Pacheco,648177,1,0,1,2024-08-29
a04Qk000004DmsX,Field,FL,32570,Milton,5642 Jones St,7769038103,Mary Cooper,Detail Only,Office Visit (no prescriber contact),"['Zemlora', 'Neurexa', 'RxProgram']",Shannon James,340062,0,0,1,2024-09-01
a04Qk000004AlY1,Field,NC,27713,Durham,4220 Apex Hwy Ste 200,7777380049,April Schmidt,Detail Only,Office Visit (no prescriber contact),"['Zemlora', 'Neurexa', 'RxProgram']",Courtney Rodriguez,921414,0,0,0,2024-08-29
a04Qk000004CT8n,Field,MD,21208,Baltimore,19 Walker Ave Ste 202,7781335830,Jennifer Casey,Detail Only,Office Visit (no prescriber contact),"['Zemlora', 'XR-ODT']",Alexander Collins,663054,0,0,1,2024-08-30
a04Qk000004EjcT,Field,MD,21204,Towson,7600 Osler Dr Ste 311,7781335830,Jennifer Casey,Detail Only,HCP Meal,"['Zemlora', 'Trivaxa']",Angela Vaughn,379786,1,1,1,2024-09-02
a04Qk000004AhxR,Field,FL,34744,Kissimmee,1032 E Lake Shore Blvd,7781547502,Ryan Delacruz,Detail Only,Virtual Call,"['Zemlora', 'XR-ODT']",Amber Kidd,678856,0,0,1,2024-08-29
a04Qk000004Awej,Field,KS,67206,Wichita,7111 E 21st St N Ste A,7782466579,Dwayne Taylor,Detail Only,Face-to-Face with HCP,"['Neurexa', 'RxProgram', 'Zemlora', 'Trivaxa']",Joann Glass,707040,1,0,1,2024-08-29
a04Qk000004AOA1,Field,FL,32097,Yulee,851042 US Highway 17,7783881422,Lee White,Detail Only,Virtual Call,"['Neurexa', 'RxProgram', 'Zemlora']",John Pierce,900581,0,1,0,2024-08-29
a04Qk000004C0A1,Field,FL,32901,Melbourne,1755 W Hibiscus Blvd,7785502843,Kim Harris,Detail Only,Face-to-Face with HCP,"['Zemlora', 'Trivaxa']",Jeremy Turner,749468,0,1,1,2024-08-30
a04Qk000004BtgQ,Field,NY,11210,Brooklyn,818 E 22nd St,7791717264,Wesley Lewis,Detail Only,Office Visit (no prescriber contact),"['Neurexa', 'RxProgram', 'Zemlora']",Anthony Everett,728038,0,0,0,2024-08-30
a04Qk000004Au8I,Field,TX,75093,Plano,5824 W Plano Pkwy Ste 104,7801392434,Adrian Wagner,Detail Only,Office Visit (no prescriber contact),"['Zemlora', 'Neurexa', 'RxProgram']",William Herrera,983794,1,1,0,2024-08-29
a04Qk000004Hh1R,Field,MI,48314,Sterling Heights,43200 Dequindre Rd Ste 103,7807089452,Abigail Collins DDS,Detail Only,Office Visit (no prescriber contact),"['Trivaxa', 'Zemlora', 'Neurexa', 'RxProgram']",Ashley Hall,863587,1,0,1,2024-09-06
a04Qk000004ASFF,Field,MI,48083,Troy,1639 E Big Beaver Rd Ste 201,7808098056,Richard Ferrell,Detail Only,Office Visit (no prescriber contact),"['Zemlora', 'Trivaxa', 'Neurexa', 'RxProgram']",Michael Mitchell,515011,1,1,0,2024-08-29
a04Qk0000044X37,Field,NC,28803,Asheville,1075 Hendersonville Rd Ste 100,7808984014,Jennifer Woodward,Detail Only,Face-to-Face with HCP,"['Zemlora', 'Neurexa', 'RxProgram']",Jesse Perez,497382,0,0,1,2024-08-24
a04Qk000004DF8b,Field,FL,32259,St Johns,155 Bartram Market Dr Ste 120,7812408683,Maurice Smith,Detail Only,Office Visit (no prescriber contact),"['Neurexa', 'RxProgram', 'Trivaxa', 'Zemlora']",Devon Flores,245051,0,0,1,2024-09-01
a04Qk000004CPA3,Field,TX,75034,Frisco,1518 Legacy Dr Ste 110,7812565097,Diana Joyce,Detail Only,Office Visit (no prescriber contact),"['Zemlora', 'Trivaxa', 'Neurexa', 'RxProgram']",Brian Ramirez,542417,1,0,1,2024-08-30
a04Qk000004De3l,Field,MD,21045,Columbia,8840 Stanford Blvd Ste 1600,7814504682,Donna Franklin,Detail Only,Face-to-Face with HCP,"['Zemlora', 'XR-ODT']",Bailey Duran DDS,217301,0,0,0,2024-09-01
a04Qk000004Bzdl,Field,TX,78758,Austin,2217 Park Bend Dr Ste 300,7817063267,Linda Patrick,Detail Only,HCP Meal,"['Zemlora', 'Neurexa', 'RxProgram']",Brandon Bailey MD,377932,0,0,1,2024-08-29
a04Qk000004BrRi,Field,IN,47203,Columbus,4225 Vickers Dr,7819747999,Joseph Lyons,Detail Only,Virtual Call with HCP,"['Neurexa', 'RxProgram', 'Zemlora']",Anthony Harmon,115474,0,0,0,2024-08-30
a04Qk000004FVlx,Virtual,LA,71201,Monroe,1601 Louisville Ave,7820047403,Bradley Johnson,Detail Only,Phone Call with Clinical Staff,"['Zemlora', 'Neurexa', 'RxProgram']",Jeffrey Johnson,930555,0,0,0,2024-09-03
a04Qk000004DnLZ,Field,AL,36695,Mobile,610 Providence Park Dr E Ste 201,7826855391,Jenna White,Detail Only,Office Visit (no prescriber contact),"['Trivaxa', 'Neurexa', 'RxProgram']",Christopher Guerra,663750,0,0,1,2024-08-29
a04Qk000004EOBR,Field,OH,45209,Cincinnati,4101 Edwards Rd Fl Fi2,7827252695,Amy Banks,Detail Only,Virtual Call,"['Neurexa', 'RxProgram', 'Zemlora', 'Trivaxa']",Lindsay Martinez,772097,0,0,0,2024-09-02
a04Qk0000047GDq,Field,GA,30809,Evans,229 Addison Sq,7829104954,Victoria Torres,Detail Only,Face-to-Face with HCP,"['Trivaxa', 'Zemlora', 'Neurexa', 'RxProgram']",Alyssa Day,166613,0,0,1,2024-08-25
a04Qk000004AZS1,Field,NC,28546,Jacksonville,200 Tarpon Trl,7830182418,Brian Serrano,Detail Only,HCP Meal,"['Neurexa', 'RxProgram', 'Zemlora']",Theodore Jones Jr.,609231,1,1,1,2024-08-29
a04Qk000004B14v,Field,IL,60048,Libertyville,1860 W Winchester Rd Ste 106,7831392779,Brittany Mccarty,Detail Only,Office Visit (no prescriber contact),"['Neurexa', 'RxProgram', 'Zemlora', 'Trivaxa']",Ashley Waller,905635,0,0,1,2024-08-29
a04Qk0000045nU1,Virtual,KS,66210,Overland Park,11020 King St Ste 220,7834086591,Madison Adams,Detail Only,Phone Call with Office Staff,"['Zemlora', 'Neurexa', 'RxProgram']",Kimberly Nguyen,324130,1,1,1,2024-08-24
a04Qk000004DeF3,Field,MD,21205,Baltimore,707 N Broadway,7836510768,Michael Camacho,Detail Only,Virtual Call with HCP,"['Zemlora', 'Trivaxa']",Megan Orr,694731,0,0,1,2024-09-01
a04Qk000004HxNx,Virtual,CA,94102,San Francisco,490 Post St Ste 1554,7838101564,Lawrence Nichols,Detail Only,Phone Call with Office Staff,"['Zemlora', 'Neurexa', 'RxProgram']",Jordan Chambers,163556,0,0,1,2024-09-06
a04Qk000004Hxe5,Virtual,CA,94102,San Francisco,490 Post St Ste 1554,7838101564,Lawrence Nichols,Detail Only,Fax to HCP Office,"['Neurexa', 'RxProgram']",Melissa Brewer,755674,0,0,1,2024-09-06
a04Qk00000474pN,Field,NY,10065,New York,1275 York Ave,7838478000,Roger Gentry,Detail Only,Office Visit (no prescriber contact),"['Neurexa', 'RxProgram', 'Trivaxa', 'Zemlora']",Jeffrey Chavez,948749,0,0,1,2024-08-24
a04Qk000004DQFK,Field,NY,11703,North Babylon,1486A Deer Park Ave Ste 4,7840289357,Lori Myers,Detail Only,HCP Meal,"['Neurexa', 'RxProgram', 'Zemlora', 'Trivaxa']",Laurie Hoffman,577110,1,0,0,2024-09-01
a04Qk000004FvwX,Field,TX,77504,Pasadena,3801 Vista Rd Ste 100,7841501761,David Phillips,Detail Only,Office Visit (no prescriber contact),"['Zemlora', 'Neurexa', 'RxProgram']",Matthew Moon,676510,0,0,1,2024-09-03
a04Qk000004FyO9,Field,KY,41017,Crestview Hills,2865 Chancellor Dr Ste 225,7846057793,Diana Wright,Detail Only,Face-to-Face with HCP,"['Neurexa', 'RxProgram', 'Zemlora', 'Trivaxa']",Karla Ramos,884309,1,0,0,2024-09-03
a04Qk000004HRXn,Field,NC,28277,Charlotte,7940 Williams Pond Ln Ste 150,7852866173,Heather Richardson,Detail Only,Face-to-Face with HCP,"['Zemlora', 'XR-ODT']",Jesse Perry,102260,0,0,0,2024-09-06
a04Qk0000046DGP,Field,AL,35124,Pelham,333 Business Cir,7854980844,Samuel Banks,Detail Only,Face-to-Face with HCP,"['Neurexa', 'RxProgram', 'Zemlora', 'Trivaxa']",John Bishop,376183,0,1,1,2024-08-24
a04Qk000004FWTV,Field,AL,35124,Pelham,333 Business Cir,7854980844,Samuel Banks,Detail Only,Office Visit (no prescriber contact),"['Neurexa', 'RxProgram', 'Zemlora', 'Trivaxa']",Mary Escobar,237235,0,0,0,2024-09-03
a04Qk0000047TkX,Virtual,NJ,07044,Verona,799 Bloomfield Ave Ste 304,7857481562,Deanna Jones,Detail Only,Phone Call with Clinical Staff,['Lexcura/Cymbrin/Multi-Vi-Flor'],Michelle Brown,617488,0,0,0,2024-08-25
a04Qk0000049coX,Field,IL,60076,Skokie,4711 Golf Rd Ste 1200,7860237146,Jacob Hanson,Detail Only,HCP Meal,"['Neurexa', 'RxProgram', 'Zemlora']",Erica Alvarez,431737,0,0,1,2024-09-01
a04Qk000004ApJt,Field,SC,29455,Johns Island,3227 Walter Dr Ste 3B,7866843165,Daisy Myers,Detail Only,Office Visit (no prescriber contact),"['Zemlora', 'Neurexa', 'RxProgram']",Matthew Moore,842225,0,1,0,2024-08-29
a04Qk000004JW0H,Field,SC,29455,Johns Island,3227 Walter Dr,7866843165,Daisy Myers,Detail Only,Virtual Call with HCP,"['Zemlora', 'Neurexa', 'RxProgram']",Christian Leblanc,378085,1,0,0,2024-09-06
a04Qk000004EfQn,Field,PA,19301,Paoli,1676 E Lancaster Ave,7867074629,Connie James,Detail Only,Office Visit (no prescriber contact),"['Trivaxa', 'Zemlora', 'Neurexa', 'RxProgram']",Aimee Turner,712554,0,0,1,2024-09-02
a04Qk000004G4Oj,Field,NC,27617,Raleigh,7780 Brier Creek Pkwy Ste 306,7868283817,Jennifer Carlson,Detail Only,Office Visit (no prescriber contact),"['Zemlora', 'Neurexa', 'RxProgram']",Sharon Cochran,383060,0,1,1,2024-09-03
a04Qk0000045vmX,Virtual,LA,71105,Shreveport,1666 E Bert Kouns Ind Loop,7870675066,Adam Gray,Detail Only,Phone Call with Office Staff,['Norexel'],Maria Parker,551989,0,0,0,2024-08-24
a04Qk000004CTdR,Field,NJ,08753,Toms River,2446 Church Rd Ste 2D,7873821298,Kathryn Rogers,Detail Only,Face-to-Face with HCP,"['Zemlora', 'Neurexa', 'RxProgram']",Kayla Rodriguez,890170,0,1,1,2024-08-30
a04Qk0000049dfl,Field,TX,77024,Houston,8588 Katy Fwy Ste 350,7875199851,Carrie Pierce,Detail Only,Face-to-Face with HCP,"['Neurexa', 'RxProgram', 'Zemlora', 'Trivaxa']",Tracy Montoya,487477,0,0,0,2024-08-24
a04Qk000004MxQY,Field,TX,77024,Houston,8588 Katy Fwy Ste 350,7875199851,Carrie Pierce,Detail Only,Face-to-Face with HCP,"['Neurexa', 'RxProgram', 'Zemlora', 'Trivaxa']",Travis Tucker,580547,1,0,1,2024-09-06
a04Qk000004I1kv,Field,TX,75070,Mckinney,1720 N Central Expy Ste 150,7893491902,Mr. Michael Hart,Detail Only,Office Visit (no prescriber contact),"['Trivaxa', 'Neurexa', 'RxProgram']",Joshua Reed,167136,0,1,1,2024-09-06
a04Qk000004HInq,Field,AZ,85032,Phoenix,16620 N 40th St Ste E1,7894735155,Matthew Crawford,Detail Only,Office Visit (no prescriber contact),"['Neurexa', 'RxProgram', 'Zemlora']",Tammie Bright,446479,1,0,1,2024-09-06
a04Qk000004Bv3t,Field,LA,70518,Broussard,805 Albertson Pkwy Ste A,7900704662,Lindsey Monroe,Detail Only,Office Visit (no prescriber contact),"['Zemlora', 'XR-ODT']",Amanda Jones,132938,0,0,1,2024-08-30
a04Qk000004IywH,Field,MA,01545,Shrewsbury,415 Boston Turnpike Rd Ste 107,7903215977,Kristina Thomas,Detail Only,Office Visit (no prescriber contact),"['Neurexa', 'RxProgram', 'Zemlora']",Fred Smith,543143,1,0,1,2024-09-06
a04Qk0000048rkn,Field,FL,33618,Tampa,16554 N Dale Mabry Highway,7906460569,Madison Oneill,Detail Only,Face-to-Face with HCP,"['Neurexa', 'RxProgram', 'Zemlora', 'Trivaxa']",Scott Williams,265080,1,0,1,2024-08-26
a04Qk00000467vl,Virtual,IA,52302,Marion,1655 Blairs Ferry Rd,7908165158,Bradley Armstrong,Detail Only,Phone Call with Office Staff,"['Zemlora', 'Trivaxa', 'Neurexa', 'RxProgram']",Edward Burgess,544154,0,0,1,2024-08-24
a04Qk0000045hI9,Virtual,TN,38018,Cordova,8336 Macon Rd,7910077162,James Beasley,Detail Only,Phone Call with Office Staff,"['Zemlora', 'Neurexa', 'RxProgram']",Alexander Collins,663054,0,0,1,2024-08-24
a04Qk0000046Obd,Field,NC,27405,Greensboro,1150 Revolution Mill Dr Ste 11,7913295346,Dennis Porter,Detail Only,Face-to-Face with HCP,"['Zemlora', 'XR-ODT']",Cameron Parker,765822,0,0,1,2024-08-24
a04Qk0000048cIj,Field,NC,27405,Greensboro,1150 Revolution Mill Dr Ste 11,7913295346,Dennis Porter,Detail Only,Face-to-Face with HCP,"['Zemlora', 'Trivaxa']",Zachary Hicks,835392,1,0,1,2024-08-26
a04Qk0000047QI1,Field,LA,70508,Lafayette,302 La Rue France Ste 202,7913349441,Anthony Walsh,Detail Only,HCP Meal,"['Neurexa', 'RxProgram', 'Zemlora']",April Frost,133659,0,0,1,2024-08-25
a04Qk000004AGIv,Field,FL,32246,Jacksonville,9889 Gate Pkwy N Ste 305,7913856407,Stephanie Clark,Detail Only,Face-to-Face with HCP,"['Neurexa', 'RxProgram', 'Zemlora']",Heather Fields,198907,0,1,0,2024-08-29
a04Qk000004BxyY,Virtual,TN,38016,Cordova,8289 Cordova Rd Ste 106,7916380142,Morgan Torres,Detail Only,Fax to HCP Office,"['Zemlora', 'Trivaxa', 'Neurexa', 'RxProgram']",Shannon Jones,460663,0,0,1,2024-08-30
a04Qk000004Dj1q,Field,TX,77433,Cypress,9925 Barker Cypress Rd Ste 200,7917590699,Kimberly Stout,Detail Only,Face-to-Face with HCP,"['Neurexa', 'RxProgram', 'Zemlora', 'Trivaxa']",Brandy Chavez,299448,0,0,1,2024-08-30
a04Qk000004Abf8,Field,FL,33428,Boca Raton,21644 State Road 7,7919882222,Stephen Thomas,Detail Only,Virtual Call,"['Zemlora', 'Neurexa', 'RxProgram']",Robert Harrison,465962,0,0,0,2024-08-29
a04Qk0000047DKn,Field,NC,27526,Fuquay Varina,609 Attain St Ste 101,7935814690,Amanda Davis,Detail Only,Face-to-Face with HCP,"['Zemlora', 'Neurexa', 'RxProgram']",Barbara Dudley,847581,0,0,1,2024-08-25
a04Qk00000474ic,Virtual,PA,16001,Butler,901 E Brady St Ste 103,7937252996,Dana Smith,Detail Only,Phone Call with Office Staff,"['Zemlora', 'Neurexa', 'RxProgram']",Daniel Murphy,500156,0,1,0,2024-08-25
a04Qk000004EKUP,Field,OH,43701,Zanesville,751 Forest Ave.,7939451119,James Chan,Detail Only,HCP Meal,"['Neurexa', 'RxProgram', 'Zemlora', 'Trivaxa']",Patricia Rodriguez,881177,0,1,1,2024-09-02
a04Qk0000047VmL,Field,KS,67226,Wichita,9825 E Shannon Woods Cir,7942057151,Mary Elliott,Detail Only,HCP Meal,"['Neurexa', 'RxProgram', 'Zemlora', 'Trivaxa']",Shannon James,340062,1,0,1,2024-08-25
a04Qk0000046MTN,Field,KS,66047,Lawrence,2201 W 25th St Ste F-2,7942443158,Tanner Myers,Detail Only,Face-to-Face with HCP,"['Neurexa', 'RxProgram', 'Zemlora', 'Trivaxa']",Shannon Rivera,653306,0,0,1,2024-08-24
a04Qk000004FvlF,Field,KS,66047,Lawrence,2201 W 25th St Ste F-2,7942443158,Tanner Myers,Detail Only,Face-to-Face with HCP,"['Neurexa', 'RxProgram', 'Zemlora']",Donald Wright,496922,0,0,0,2024-09-03
a04Qk000004DZgn,Field,NE,68154,Omaha,11404 W Dodge Rd Ste 300,7943843616,Denise Perez,Detail Only,Office Visit (no prescriber contact),"['Neurexa', 'RxProgram', 'Zemlora']",Karla Ramos,884309,1,0,1,2024-09-01
a04Qk000004EXjN,Field,SC,29223,Columbia,115 Blarney Dr Ste 212,7949701603,Jose Pham,Detail Only,Virtual Call,"['Zemlora', 'Neurexa', 'RxProgram', 'Trivaxa']",Lisa Archer,974628,1,0,1,2024-09-02
a04Qk000004AKMX,Field,NC,27705,Durham,2741 Campus Walk Ave,7953416646,Jeffrey Ross,Detail Only,Office Visit (no prescriber contact),"['Zemlora', 'Neurexa', 'RxProgram']",Michael Lewis,733052,1,1,1,2024-08-29
a04Qk0000047TB3,Field,MD,21093,Lutherville,1447 York Rd,7955789238,Kenneth Brown,Detail Only,Office Visit (no prescriber contact),"['Zemlora', 'XR-ODT']",Christopher Smith,269396,0,0,1,2024-08-25
a04Qk000004B0wr,Field,NC,27455,Greensboro,3625 N Elm St Ste 110A,7960209546,Gina Ward,Detail Only,HCP Meal,"['Zemlora', 'Neurexa', 'RxProgram']",Anna Henderson,379946,0,1,1,2024-09-02
a04Qk000004Bv0f,Field,NY,10605,White Plains,311 North St Ste 201,7960432246,Danielle Klein,Detail Only,Office Visit (no prescriber contact),"['Neurexa', 'RxProgram', 'Zemlora', 'Trivaxa']",Judy Baker,308496,0,0,0,2024-08-30
a04Qk000004EKZF,Virtual,NJ,07041,Millburn,159 Millburn Ave Ste 1,7961654475,Teresa Ramirez,Detail Only,Phone Call with Clinical Staff,['Lexcura/Cymbrin/Multi-Vi-Flor'],Ryan Gonzalez,595631,0,0,0,2024-09-02
a04Qk000004FV7d,Field,SC,29072,Lexington,424 Old Cherokee Rd,7962275016,Matthew Harris,Detail Only,Office Visit (no prescriber contact),"['Trivaxa', 'Zemlora', 'Neurexa', 'RxProgram']",Kimberly Nguyen,324130,0,1,1,2024-09-03
a04Qk000004DeLV,Field,MD,21046,Columbia,9520 Berger Rd Ste 203,7967275872,Jessica Huff,Detail Only,Office Visit (no prescriber contact),"['Zemlora', 'XR-ODT']",Alyssa Day,166613,1,1,1,2024-09-01
a04Qk000004HBN9,Field,PA,19341,Exton,423 Exton Commons,7967547940,Angela Higgins,Detail Only,Office Visit (no prescriber contact),"['Zemlora', 'Neurexa', 'RxProgram']",Amanda Jones,132938,1,0,0,2024-09-06
a04Qk0000048teX,Field,FL,33143,Miami,7000 SW 62nd Ave Ste 300,7969140230,Jared Andrews,Detail Only,HCP Meal,"['Trivaxa', 'Neurexa', 'RxProgram', 'Zemlora']",Aimee Turner,712554,1,0,1,2024-08-26
a04Qk000004EMpa,Field,GA,30342,Atlanta,993 Johnson Ferry Rd Ste F210,7969894175,Abigail Moore,Detail Only,Face-to-Face with HCP,"['Neurexa', 'RxProgram', 'Zemlora']",Jesse Perez,497382,0,1,1,2024-09-02
a04Qk000004FZj7,Virtual,IN,46514,Elkhart,3301 County Road 6 E,7973556633,Russell White,Detail Only,Phone Call with Office Staff,"['Zemlora', 'Trivaxa', 'Neurexa', 'RxProgram']",Frank Cordova,322086,0,1,1,2024-09-03
a04Qk000004FZhV,Virtual,IN,46514,Elkhart,3301 County Road 6 E,7973556633,Russell White,Detail Only,Fax to HCP Office,"['Neurexa', 'RxProgram']",Deborah Figueroa,816751,0,0,1,2024-09-03
a04Qk000004ExSX,Field,FL,32607,Gainesville,529 NW 60th St,7974341088,Jeffery Hernandez,Detail Only,Face-to-Face with HCP,"['Zemlora', 'XR-ODT']",Ashley Hall,863587,0,1,1,2024-09-02
a04Qk000004DWCg,Field,GA,30076,Roswell,11755 Pointe Pl Ste A1,7976663066,Steven Henry,Detail Only,Face-to-Face with HCP,"['Neurexa', 'RxProgram', 'Zemlora']",Lisa Jackson,198246,1,0,1,2024-08-30
a04Qk000004DZ45,Field,OH,45503,Springfield,1640 N Limestone St,7982833667,Jennifer Moyer,Detail Only,Office Visit (no prescriber contact),"['Neurexa', 'RxProgram', 'Zemlora', 'Trivaxa']",Courtney Rodriguez,921414,0,0,0,2024-09-01
a04Qk000004Fm5F,Field,VA,22030,Fairfax,10521 Rosehaven St Ste 100,7983001124,Antonio Wright,Detail Only,Office Visit (no prescriber contact),"['Zemlora', 'XR-ODT']",Marc Moore,356702,0,0,1,2024-09-03
a04Qk000004APss,Field,NC,28546,Jacksonville,200 Tarpon Trl,7985380980,Lisa Price,Detail Only,HCP Meal,"['Neurexa', 'RxProgram', 'Zemlora', 'Trivaxa']",Gabrielle Davis,872246,0,0,0,2024-08-29
a04Qk0000045xzd,Field,GA,30005,Alpharetta,370 Prospect Pl,7987263409,Samuel Rodriguez,Detail Only,Office Visit (no prescriber contact),"['Neurexa', 'RxProgram', 'Zemlora']",Margaret Hawkins DDS,343962,0,1,1,2024-08-24
a04Qk000004DM8T,Field,GA,30005,Alpharetta,370 Prospect Pl,7987263409,Samuel Rodriguez,Detail Only,Face-to-Face with HCP,"['Neurexa', 'RxProgram', 'Zemlora']",John Pierce,900581,0,0,0,2024-09-01
a04Qk0000047HMn,Field,KY,40207,Louisville,6000 Brownsboro Park Blvd Ste A,7990675686,Jessica Carter,Detail Only,Office Visit (no prescriber contact),"['Neurexa', 'RxProgram', 'Zemlora']",Kathleen Webster,358175,0,0,0,2024-08-25
a04Qk0000045gU9,Field,SC,29662,Mauldin,211 E Butler Rd Ste C1,7994363770,Gabriel Jimenez,Detail Only,HCP Meal,"['Zemlora', 'Trivaxa', 'Neurexa', 'RxProgram']",Jesse Perry,102260,1,0,1,2024-08-24
a04Qk000004DL9B,Field,SC,29662,Mauldin,211 E Butler Rd Ste C1,7994363770,Gabriel Jimenez,Detail Only,Office Visit (no prescriber contact),"['Zemlora', 'Trivaxa', 'Neurexa', 'RxProgram']",Justin Torres,120422,0,1,1,2024-09-01
a04Qk000004EK6D,Virtual,NY,11576,Roslyn,1520 Old Northern Blvd,7995246010,Dana Henry,Detail Only,Phone Call with Office Staff,['Lexcura/Cymbrin/Multi-Vi-Flor'],Michelle Brown,617488,0,0,1,2024-09-02
a04Qk000004HwGb,Virtual,CA,94123,San Francisco,3059 Fillmore St,7998239554,Brandon James,Detail Only,Phone Call with Office Staff,"['Zemlora', 'Neurexa', 'RxProgram']",Susan Serrano,609597,1,0,1,2024-09-06
a04Qk000004FdMv,Field,AZ,85016,Phoenix,1919 E Thomas Rd,8000053929,Michael Bauer,Detail Only,Virtual Call,"['Neurexa', 'RxProgram', 'Zemlora', 'Trivaxa']",Susan Serrano,609597,0,0,1,2024-09-03
a04Qk0000047HwI,Field,TN,37923,Knoxville,9220 Park West Blvd Ste 1,8005492924,Sharon Kennedy,Detail Only,Office Visit (no prescriber contact),"['Trivaxa', 'Zemlora', 'Neurexa', 'RxProgram']",Victor Baker,913694,1,0,0,2024-08-25
a04Qk000004B5Ez,Virtual,CO,80215,Lakewood,255 Routt St Ste 250,8006004913,Aaron Carson,Detail Only,Phone Call with Office Staff,"['Zemlora', 'Neurexa', 'RxProgram']",Hannah Luna,346629,0,0,1,2024-08-29
a04Qk000004CaWr,Virtual,LA,70471,Mandeville,1445 W Causeway Approach,8007324520,David Best,Detail Only,Fax to HCP Office,"['Zemlora', 'Trivaxa', 'Neurexa', 'RxProgram']",Lauren Carson,522179,0,0,1,2024-08-30
a04Qk000004Ff8b,Field,AZ,85260,Scottsdale,14301 N 87th St Ste 212,8010105317,Jeffrey Waters,Detail Only,Virtual Call,"['Neurexa', 'RxProgram', 'Zemlora', 'Trivaxa']",Lawrence Adkins,220116,0,0,0,2024-09-03
a04Qk0000048d6j,Field,MA,01730,Bedford,41 North Rd Ste 200,8010710800,Felicia Stevens,Detail Only,Office Visit (no prescriber contact),"['Neurexa', 'RxProgram', 'Zemlora', 'Trivaxa']",Lindsay Martinez,772097,0,1,0,2024-08-26
a04Qk000004Fnqv,Virtual,CA,94301,Palo Alto,518 Hamilton Ave,8012441906,Larry Hudson,Detail Only,Phone Call with Office Staff,"['Zemlora', 'Trivaxa', 'Neurexa', 'RxProgram']",Colin Terry,122056,0,0,1,2024-09-03
a04Qk0000048rKz,Field,TX,75075,Plano,1524 Independence Pkwy Ste A1,8013922267,Laura Gould,Detail Only,Office Visit (no prescriber contact),"['Zemlora', 'Trivaxa', 'Neurexa', 'RxProgram']",Amy Silva,172933,1,0,0,2024-08-26
a04Qk0000046Kcr,Virtual,CO,80204,Denver,1405 Federal Blvd,8016768621,Angela Nunez,Detail Only,Phone Call with Office Staff,"['Zemlora', 'Trivaxa']",Angela Lin,789305,0,1,1,2024-08-24
a04Qk000004AtfF,Field,FL,32257,Jacksonville,10337 San Jose Blvd Ste 200,8020244503,Jonathan Bradford,Detail Only,Office Visit (no prescriber contact),"['Neurexa', 'RxProgram', 'Zemlora']",Stephanie Ross,781453,1,0,0,2024-08-29
a04Qk0000047LIM,Field,NC,28262,Charlotte,101 E W T Harris Blvd Ste 3111,8024708685,Rebecca Schneider,Detail Only,Virtual Call with HCP,"['Zemlora', 'XR-ODT']",Jose Travis,665492,0,0,1,2024-08-25
a04Qk0000048X9N,Field,TX,77058,Houston,17225 El Camino Real Ste 210,8028220483,Ashley Greene,Detail Only,Office Visit (no prescriber contact),"['Zemlora', 'Neurexa', 'RxProgram']",Laura Haney,922733,0,0,1,2024-08-26
a04Qk000004AbUA,Field,GA,30046,Lawrenceville,738 Old Norcross Rd Ste 100,8032185814,Tristan Beard,Detail Only,Face-to-Face with HCP,"['Neurexa', 'RxProgram', 'Zemlora']",Adam Vaughan,632342,0,1,1,2024-08-29
a04Qk000004AmnR,Field,SC,29803,Aiken,33 Varden Dr,8033613022,Catherine White,Detail Only,Office Visit (no prescriber contact),"['Zemlora', 'Neurexa', 'RxProgram']",Lisa Jackson,198246,1,0,1,2024-08-29
a04Qk0000047Gde,Field,RI,02904,Providence,1 Randall Sq Ste 409,8034425267,James Maldonado,Detail Only,HCP Meal,"['Zemlora', 'Neurexa', 'RxProgram']",Michael Wang,855731,0,0,1,2024-08-25
a04Qk000004DM5G,Field,RI,02904,Providence,1 Randall Sq Ste 409,8034425267,James Maldonado,Detail Only,Face-to-Face with HCP,"['Neurexa', 'RxProgram', 'Zemlora']",Sergio Knight,411120,1,1,1,2024-09-01
a04Qk0000047LF8,Virtual,LA,70791,Zachary,2335 Church St Ste E,8037148658,Katie Ramos,Detail Only,Fax to HCP Office,"['Zemlora', 'Trivaxa', 'Neurexa', 'RxProgram']",Victor Baker,913694,1,0,0,2024-08-25
a04Qk000004DM3e,Virtual,LA,70791,Zachary,2335 Church St Ste E,8037148658,Katie Ramos,Detail Only,Phone Call with Office Staff,"['Zemlora', 'Trivaxa', 'Neurexa', 'RxProgram']",Emily Bennett,579434,0,0,1,2024-09-01
a04Qk0000049eAP,Field,TX,77433,Cypress,13203 Fry Rd Ste 600,8043095656,Anthony Reid,Detail Only,Face-to-Face with HCP,"['Neurexa', 'RxProgram', 'Zemlora']",Sandra Drake,656926,0,1,0,2024-08-25
a04Qk000004H7af,Field,OH,43213,Whitehall,4653 E Main St,8046619622,Robert Hogan,Detail Only,Virtual Call,"['Zemlora', 'Neurexa', 'RxProgram', 'Trivaxa']",Yvonne Burns,335612,1,0,0,2024-09-06
a04Qk0000046LfN,Field,KS,66049,Lawrence,4930 Overland Dr,8053536923,Hannah Mckenzie,Detail Only,HCP Meal,"['Neurexa', 'RxProgram', 'Zemlora']",Cameron Parker,765822,0,0,1,2024-08-24
a04Qk0000048QW5,Field,AL,35173,Trussville,520 Simmons Dr Pediatrics E,8055354678,Katrina Mclaughlin,Detail Only,Face-to-Face with HCP,"['Neurexa', 'RxProgram', 'Zemlora', 'Trivaxa']",Daniel Wagner,877572,0,0,1,2024-08-26
a04Qk000004DhmP,Field,KS,67205,Wichita,6837 W 37th St N,8059448876,Patricia Ramirez,Detail Only,HCP Meal,"['Neurexa', 'RxProgram', 'Zemlora']",Jeffery Ortega,509386,0,0,0,2024-09-01
a04Qk0000047Hcv,Field,RI,02904,Providence,1 Randall Sq Ste 404,8060101977,Antonio Murillo,Detail Only,Office Visit (no prescriber contact),"['Neurexa', 'RxProgram', 'Zemlora', 'Trivaxa']",Deborah Figueroa,816751,0,1,0,2024-08-25
a04Qk000004749R,Field,OH,43065,Powell,55 Clairedan Dr,8064194107,Susan Sanchez,Detail Only,Office Visit (no prescriber contact),"['Neurexa', 'RxProgram', 'Zemlora', 'Trivaxa']",Jose Travis,665492,0,0,0,2024-08-25
a04Qk0000047Q57,Field,IA,50265,West Des Moines,939 Office Park Rd Ste 200,8065574445,Eric Leon,Detail Only,Office Visit (no prescriber contact),"['Neurexa', 'RxProgram', 'Zemlora']",Theresa Williams,989921,0,1,0,2024-08-25
a04Qk000004DNR7,Virtual,NJ,07090,Westfield,566 Westfield Ave,8067099594,Monica Wilson,Detail Only,Phone Call with Office Staff,['Lexcura/Cymbrin/Multi-Vi-Flor'],Fred Smith,543143,0,1,1,2024-09-01
a04Qk000004FvV7,Field,KS,66047,Lawrence,4951 W 18th St,8068311610,Barbara Cortez,Detail Only,HCP Meal,"['Neurexa', 'RxProgram', 'Zemlora']",Tina Sanders,887352,0,0,1,2024-09-03
a04Qk000004HYqz,Field,TX,75069,Mckinney,4510 Medical Center Dr Ste 208,8069795159,Jennifer Beard DVM,Detail Only,HCP Meal,"['Zemlora', 'Trivaxa', 'Neurexa', 'RxProgram']",Andrew Avila,598369,0,0,1,2024-09-06
a04Qk000004FXnl,Field,NC,27265,High Point,4012 Mendenhall Oaks Pkwy,8071287871,Bryan Krause,Detail with Sample,Face-to-Face with HCP,"['Norexel', 'Neurexa', 'RxProgram']",Elizabeth Kelley,852787,1,0,1,2024-09-03
a04Qk000004ATzJ,Field,MI,48381,Milford,1800 N Milford Rd,8071402666,Anne Jefferson,Detail Only,HCP Meal,"['Zemlora', 'Neurexa', 'RxProgram', 'Trivaxa']",Rodney Morales,439902,1,0,0,2024-09-01
a04Qk000004Atov,Virtual,NJ,08901,New Brunswick,1 Robert Wood Johnson Pl,8073171351,Deborah Rhodes,Detail Only,Phone Call with Office Staff,['Lexcura/Cymbrin/Multi-Vi-Flor'],Andrew Reynolds,903035,0,0,0,2024-08-29
a04Qk000004Gz21,Field,FL,32092,St Augustine,493 Prosperity Lake Dr Ste 201,8076646536,Misty Carter,Detail Only,Office Visit (no prescriber contact),"['Neurexa', 'RxProgram', 'Zemlora', 'Trivaxa']",David Alvarez,249811,0,0,0,2024-09-06
a04Qk000004BrrV,Virtual,OK,73750,Kingfisher,1100 Hospital Cir,8077095769,Kimberly Gomez,Detail Only,Phone Call with Clinical Staff,"['Zemlora', 'Trivaxa', 'Neurexa', 'RxProgram']",Carlos Ryan,531071,0,0,1,2024-08-30
a04Qk0000046F3h,Field,LA,70508,Lafayette,102 Asma Blvd Ste 112,8080080565,John Brown,Detail Only,Office Visit (no prescriber contact),"['Neurexa', 'RxProgram', 'Zemlora']",Christopher Guerra,663750,0,0,1,2024-08-24
a04Qk0000048rPp,Field,FL,32708,Winter Springs,1806 Town Plaza Ct,8082149061,Ryan Fisher,Detail Only,Face-to-Face with HCP,"['Zemlora', 'XR-ODT']",Patrick Thornton,680828,0,0,1,2024-08-24
a04Qk000004Dgwn,Field,OH,45342,Miamisburg,9049 Springboro Pike,8083467553,Kimberly Huffman,Detail Only,HCP Meal,"['Neurexa', 'RxProgram', 'Zemlora', 'Trivaxa']",Ellen Morgan,299122,0,1,1,2024-09-01
a04Qk000004Hhvu,Field,IA,50309,Des Moines,1206 Pleasant St Fl 1,8083813899,Christopher Reid,Detail Only,Office Visit (no prescriber contact),"['Neurexa', 'RxProgram', 'Trivaxa']",Timothy Duncan,377370,1,0,0,2024-09-06
a04Qk000004Hjfx,Virtual,NC,28210,Charlotte,10340 Park Rd,8084241454,Stephanie Tucker,Detail Only,Phone Call with Clinical Staff,['Norexel'],Ashley Waller,905635,0,0,1,2024-09-06
a04Qk000004AqSs,Field,FL,32257,Jacksonville,10337 San Jose Blvd Ste 200,8085649735,Melanie Serrano,Detail Only,Office Visit (no prescriber contact),"['Neurexa', 'RxProgram', 'Zemlora']",Holly Farmer,682765,0,0,1,2024-08-29
a04Qk000004Az9Z,Field,LA,70563,New Iberia,295 Indest St,8086987181,Heather Smith,Detail Only,Office Visit (no prescriber contact),"['Zemlora', 'Neurexa', 'RxProgram', 'Norexel']",Ashley Hicks,808011,0,0,1,2024-08-29
a04Qk0000048bo5,Field,OH,43110,Canal Winchester,7750 Diley Rd,8088600581,Bryan Krause,Detail Only,HCP Meal,"['Neurexa', 'RxProgram', 'Zemlora', 'Trivaxa']",Bailey Duran DDS,217301,0,0,0,2024-08-26
a04Qk0000048pCk,Field,TX,75082,Richardson,2150 Lakeside Blvd Ste 100,8089082678,Dawn Brown,Detail Only,Office Visit (no prescriber contact),"['Zemlora', 'Neurexa', 'RxProgram']",Mary Escobar,237235,0,0,1,2024-08-26
a04Qk000004FUDB,Field,LA,70584,Cankton,376 Main St,8089700073,Jason Marquez,Detail Only,Office Visit (no prescriber contact),['Norexel'],Garrett Lin,817870,1,0,1,2024-09-03
a04Qk00000474Cf,Field,NY,10010,New York,21 E 22nd St,8093109093,Rachael Wilson,Detail Only,Office Visit (no prescriber contact),"['Neurexa', 'RxProgram', 'Trivaxa', 'Zemlora']",Lauren Carson,522179,0,0,1,2024-08-24
a04Qk000003ZAPN,Field,AZ,85297,Gilbert,3530 S Val Vista Dr Ste B105,8093111127,Michele Herman,Detail Only,Virtual Call,"['Neurexa', 'RxProgram', 'Zemlora']",Julia Torres,684004,0,0,1,2024-08-29
a04Qk0000049eQX,Field,TX,77433,Cypress,28606 Northwest Fwy,8098930399,Mr. Herbert Taylor,Detail Only,Face-to-Face with HCP,"['Neurexa', 'RxProgram', 'Zemlora', 'Trivaxa']",Laura Roberts,172574,0,0,1,2024-08-25
a04Qk000004DfMQ,Field,NC,27514,Chapel Hill,101 Manning Dr,8103306794,Mark Crawford,Detail Only,Office Visit (no prescriber contact),"['Zemlora', 'XR-ODT']",Julie Alexander,100599,0,1,0,2024-09-01
a04Qk000004DjUr,Field,TX,77433,Cypress,9925 Barker Cypress Rd Ste 200,8105470351,Brooke Martinez,Detail Only,Face-to-Face with HCP,"['Neurexa', 'RxProgram', 'Zemlora', 'Trivaxa']",Shannon James,340062,1,0,1,2024-08-30
a04Qk0000045h0P,Field,OH,43215,Columbus,444 Butterfly Gardens Dr,8111892424,Diana Terry,Detail Only,Virtual Call,"['Neurexa', 'RxProgram', 'Zemlora', 'Trivaxa']",Jeffery Ortega,509386,1,0,0,2024-08-24
a04Qk000004AzRL,Field,IL,60048,Libertyville,1860 W Winchester Rd Ste 106,8112210116,Andrew Johnson,Detail Only,Office Visit (no prescriber contact),"['Neurexa', 'RxProgram', 'Zemlora', 'Trivaxa']",Kathleen Moran,781446,0,1,0,2024-08-29
a04Qk0000045gtx,Field,OH,43205,Columbus,700 Childrens Dr,8116701578,Mary Cruz,Detail Only,Virtual Call,"['Neurexa', 'RxProgram', 'Zemlora', 'Trivaxa']",Marie Christian,161733,0,0,0,2024-08-24
a04Qk0000047Plm,Field,NC,28147,Salisbury,1930 Jake Alexander Blvd W Ste 1020,8119914113,Jeremy King,Detail Only,Virtual Call with HCP,"['Zemlora', 'XR-ODT']",David Martinez,738551,1,0,1,2024-08-25
a04Qk000004Haft,Field,PA,19317,Chadds Ford,6 Dickinson Dr Ste 107,8129969869,Angela Collins,Detail Only,Office Visit (no prescriber contact),"['Zemlora', 'Neurexa', 'RxProgram']",Felicia Aguilar,804318,0,0,1,2024-09-06
a04Qk000004DjeX,Field,TX,77065,Houston,9601 Jones Rd Ste 238,8132349056,Kristen Castillo,Detail Only,Face-to-Face with HCP,"['Neurexa', 'RxProgram', 'Zemlora', 'Trivaxa']",Deborah Figueroa,816751,1,0,1,2024-08-30
a04Qk000004AQYP,Field,MI,48187,Canton,1051 N Canton Center Rd,8136074833,Teresa Rodriguez,Detail Only,Office Visit (no prescriber contact),"['Neurexa', 'RxProgram']",Marie Christian,161733,0,0,1,2024-08-30
a04Qk000004Gy4L,Field,OH,43055,Newark,1671 W Main St,8138639424,Jacob Kelley,Detail Only,HCP Meal,"['Neurexa', 'RxProgram', 'Zemlora', 'Trivaxa']",Michele Williams,191161,0,0,1,2024-09-06
a04Qk0000048rjB,Field,FL,32708,Winter Springs,1806 Town Plaza Ct,8139777341,John Gomez,Detail Only,Face-to-Face with HCP,"['Zemlora', 'XR-ODT']",Nathan Freeman,211579,0,0,0,2024-08-24
a04Qk000004FSrK,Field,NC,27103,Winston Salem,140 Kimel Park Dr Ste 101,8140788065,Laura Bates,Detail Only,Office Visit (no prescriber contact),"['Zemlora', 'Neurexa', 'RxProgram']",Carrie Wright,802258,0,1,0,2024-09-02
a04Qk000004AFjR,Field,NJ,07701,Red Bank,241 Maple Ave Ste 201,8142949128,David Sanchez,Detail Only,Face-to-Face with HCP,"['Neurexa', 'RxProgram', 'Zemlora', 'Trivaxa']",Andrew Avila,598369,1,0,1,2024-08-25
a04Qk000004HOEv,Field,FL,33434,Boca Raton,9858 Glades Rd Ste D-5,8144557803,Jillian Schroeder,Detail Only,HCP Meal,"['Trivaxa', 'Zemlora', 'Neurexa', 'RxProgram']",Erica Alvarez,431737,1,0,0,2024-09-06
a04Qk000004Dk5x,Field,TX,75002,Allen,22 Prestige Cir Ste 200,8145073559,Laurie Williamson,Detail Only,Virtual Call,"['Zemlora', 'Neurexa', 'RxProgram']",Vanessa Howard,585100,0,0,0,2024-09-01
a04Qk000004B0Yf,Field,NC,28078,Huntersville,14330 Oakhill Park Ln Ste 200B,8147082629,Steven Morgan,Detail Only,Virtual Call,"['Zemlora', 'Neurexa', 'RxProgram']",Garrett Lin,817870,1,0,1,2024-08-29
a04Qk000004AkC9,Field,TN,37922,Knoxville,10241 Kingston Pike Ste 1 & 2,8147333834,Andrew Price,Detail Only,Office Visit (no prescriber contact),"['Zemlora', 'Neurexa', 'RxProgram']",Jeffrey Chavez,948749,1,0,1,2024-08-29
a04Qk0000047UDZ,Field,LA,70508,Lafayette,3312 Kaliste Saloom Rd,8148119989,Edward Boone,Detail Only,Office Visit (no prescriber contact),"['Neurexa', 'RxProgram']",Johnathan Davis,300896,1,0,0,2024-08-25
a04Qk0000048rWH,Field,FL,32708,Winter Springs,1806 Town Plaza Ct,8153023826,Wesley Wood,Detail Only,Face-to-Face with HCP,"['Zemlora', 'XR-ODT']",Ellen Morgan,299122,0,1,1,2024-08-24
a04Qk000004CWbJ,Field,NY,11372,Jackson Heights,3540 82nd St Ste 1D,8154177049,Timothy Martinez,Detail with Sample,Face-to-Face with HCP,['Norexel'],Joseph Coleman,769987,0,0,1,2024-08-30
a04Qk00000465p7,Field,NY,11530,Garden City,623 Stewart Ave Ste 203,8155372814,David Robinson,Detail Only,HCP Meal,"['Neurexa', 'RxProgram', 'Zemlora', 'Trivaxa']",Carrie Wright,802258,0,1,1,2024-08-24
a04Qk000004Fven,Field,KS,66047,Lawrence,4951 W 18th St,8155552868,Jeffrey Morrison,Detail Only,HCP Meal,"['Neurexa', 'RxProgram', 'Zemlora']",William Herrera,983794,1,0,1,2024-09-03
a04Qk0000045hGX,Virtual,NJ,07302,Jersey City,115 Christopher Columbus Dr Ste 301,8156630791,Rachel Willis,Detail Only,Phone Call with Office Staff,['Norexel'],Robin Young,523389,0,0,0,2024-08-24
a04Qk000004Dg3x,Field,TN,37404,Chattanooga,721 Glenwood Dr Ste W552,8157085287,Alejandro Robertson,Detail Only,Office Visit (no prescriber contact),"['Zemlora', 'XR-ODT']",Carolyn Miller,608993,0,1,0,2024-09-01
a04Qk000004DFv0,Field,NC,28277,Charlotte,16139 Lancaster Highway Ste 110,8163311634,Stacey Schaefer,Detail Only,Virtual Call with HCP,"['Neurexa', 'RxProgram', 'Zemlora']",Kerry Chavez DDS,520521,0,0,0,2024-09-01
a04Qk000004HhHZ,Field,MI,48314,Sterling Heights,41400 Dequindre Rd,8165286828,Danielle Reed MD,Detail Only,Office Visit (no prescriber contact),"['Trivaxa', 'Zemlora', 'Neurexa', 'RxProgram']",Kathleen Moran,781446,0,0,1,2024-09-06
a04Qk0000046IrC,Field,NC,28443,Hampstead,14057 US Highway 17 Ste 200,8166937883,Karla Holloway,Detail Only,Office Visit (no prescriber contact),"['Neurexa', 'RxProgram', 'Zemlora', 'Trivaxa']",Holly Valentine,172132,1,0,1,2024-08-24
a04Qk000004HF6n,Field,FL,33328,Davie,10400 Griffin Rd Ste 101&102,8169091827,Lindsey Peters,Detail Only,HCP Meal,"['Zemlora', 'Neurexa', 'RxProgram', 'Trivaxa']",Bryan Gomez,399105,1,0,0,2024-09-06
a04Qk000004CpSg,Field,FL,34677,Oldsmar,3919 Tampa Rd,8169923735,Mercedes Reid,Detail Only,Face-to-Face with HCP,"['Neurexa', 'RxProgram', 'Zemlora']",Sherry Decker,456778,0,0,0,2024-08-30
a04Qk000004AdDt,Field,GA,30517,Braselton,1515 River Pl,8170970998,Nathan Harris,Detail Only,HCP Meal,"['Neurexa', 'RxProgram', 'Zemlora']",Gregory Ponce,776856,0,0,0,2024-08-29
a04Qk000004D0vx,Field,TX,78746,Austin,4407 Bee Caves Rd Ste 513,8176216396,Carol Stewart,Detail Only,Office Visit (no prescriber contact),"['Trivaxa', 'Zemlora', 'Neurexa', 'RxProgram']",Colton Martinez,361941,1,0,1,2024-08-30
a04Qk000004AODF,Virtual,LA,70775,Saint Francisville,5326 Oak St,8183488063,Charles Snyder,Detail Only,Fax to HCP Office,"['Zemlora', 'Trivaxa', 'Neurexa', 'RxProgram']",Elaine Brooks,392004,0,0,0,2024-08-29
a04Qk000004FUy0,Field,FL,32827,Orlando,6900 Tavistock Lake Blvd Ste 400,8183738201,Christopher Rosales,Detail Only,Office Visit (no prescriber contact),"['Zemlora', 'XR-ODT']",Shannon James,340062,0,0,0,2024-09-03
a04Qk000004EHgD,Virtual,AL,36003,Autaugaville,201 S Washington St,8184501746,Rhonda Crawford,Detail Only,Fax to HCP Office,"['Zemlora', 'Trivaxa', 'Neurexa', 'RxProgram']",Richard Rodriguez,771088,0,0,0,2024-09-02
a04Qk0000047QbN,Field,IA,50309,Des Moines,309 Court Ave Ste 846,8190448666,Michelle Washington,Detail Only,Virtual Call with HCP,"['Neurexa', 'RxProgram', 'Zemlora']",Daniel Kane,677057,0,0,0,2024-08-25
a04Qk0000047QbN,Field,IA,50309,Des Moines,309 Court Ave Ste 846,8190448666,Michelle Washington,Detail Only,Virtual Call with HCP,"['Neurexa', 'RxProgram', 'Zemlora']",Daniel Kane,677057,0,0,0,2024-08-25
a04Qk0000046Cqb,Field,IL,60563,Naperville,1952 McDowell Rd Ste 305,8191642192,Lori Gonzalez,Detail Only,HCP Meal,"['Neurexa', 'RxProgram', 'Zemlora', 'Trivaxa']",Brandon Bailey MD,377932,0,0,1,2024-08-24
a04Qk000004LZ3i,Field,IL,60563,Naperville,1952 McDowell Rd Ste 305,8191642192,Lori Gonzalez,Detail Only,Face-to-Face with HCP,"['Neurexa', 'RxProgram', 'Trivaxa', 'Zemlora']",Kathy Rivas,549245,0,0,1,2024-09-06
a04Qk0000045gVl,Field,SC,29662,Mauldin,211 E Butler Rd Ste C1,8199378407,Molly White,Detail Only,Office Visit (no prescriber contact),"['Zemlora', 'Trivaxa', 'Neurexa', 'RxProgram']",Colin Terry,122056,0,0,1,2024-08-24
a04Qk000004DL5x,Field,SC,29662,Mauldin,211 E Butler Rd Ste C1,8199378407,Molly White,Detail Only,Office Visit (no prescriber contact),"['Zemlora', 'Neurexa', 'RxProgram', 'Trivaxa']",Mark Perez,988662,0,0,0,2024-09-01
a04Qk000004DkCP,Field,TX,75287,Dallas,18220 Midway Rd,8200034346,Paul Santana,Detail Only,Virtual Call,"['Zemlora', 'Neurexa', 'RxProgram']",Jeffrey Chandler,158655,0,0,0,2024-09-01
a04Qk000004DQ2P,Field,MI,48316,Shelby Township,52915 Mound Rd,8201005867,Brenda Saunders,Detail Only,HCP Meal,"['Zemlora', 'Trivaxa', 'Neurexa', 'RxProgram']",John Anderson,542666,0,0,0,2024-09-06
a04Qk000004DGnp,Field,OH,43015,Delaware,6 Lexington Blvd,8205680457,Virginia Nielsen,Detail Only,Virtual Call,"['Neurexa', 'RxProgram', 'Zemlora', 'Trivaxa']",Courtney Mills,480612,0,1,0,2024-09-01
a04Qk000004EoCO,Field,WI,53186,Waukesha,20611 Watertown Rd Ste D,8206769647,Melissa Thompson,Detail Only,HCP Meal,"['Neurexa', 'RxProgram', 'Zemlora', 'Trivaxa']",Michael Elliott,813328,0,0,0,2024-09-03
a04Qk000004HBXp,Field,NC,27030,Mount Airy,100 N Pointe Blvd,8208271053,Jonathan Bishop,Detail Only,Office Visit (no prescriber contact),"['Zemlora', 'Trivaxa']",Holly Farmer,682765,1,0,1,2024-09-06
a04Qk000004AFI1,Virtual,MS,39564,Ocean Springs,22 Doctors Dr,8214899434,Carl Miller,Detail Only,Phone Call with Clinical Staff,"['Zemlora', 'Trivaxa', 'Neurexa', 'RxProgram']",Sandra Drake,656926,0,0,0,2024-08-29
a04Qk000004B5zl,Field,FL,33511,Brandon,1721 Brandon Main St Ste C,8215307665,Jason Pierce,Detail Only,Face-to-Face with HCP,"['Neurexa', 'RxProgram', 'Zemlora', 'Trivaxa']",James Parks,526156,0,0,1,2024-08-29
a04Qk0000046xPh,Virtual,NJ,07052,West Orange,101 Old Short Hills Rd Ste 105,8218391891,Jennifer Parrish,Detail Only,Phone Call with Office Staff,['Lexcura/Cymbrin/Multi-Vi-Flor'],Shannon Rivera,653306,1,0,1,2024-08-25
a04Qk0000046vPV,Field,IN,47150,New Albany,1919 State St Ste 248,8218414479,Taylor Hayes,Detail Only,HCP Meal,"['Neurexa', 'RxProgram', 'Zemlora']",Sophia Johnson,204837,1,0,1,2024-08-25
a04Qk0000048ciX,Field,MA,01730,Bedford,41 North Rd Ste 200,8224135094,Brittany Quinn,Detail Only,Office Visit (no prescriber contact),"['Neurexa', 'RxProgram', 'Zemlora']",Melissa Brewer,755674,1,0,0,2024-08-26
a04Qk000004DM21,Field,NC,28147,Salisbury,860 Jake Alexander Blvd W,8224844589,Dale Evans,Detail Only,Virtual Call,"['Zemlora', 'XR-ODT']",Shannon Ramsey,785197,1,0,1,2024-09-01
a04Qk0000048FkL,Field,SC,29169,West Columbia,3240 Sunset Blvd,8230640652,April Soto,Detail Only,Office Visit (no prescriber contact),"['Trivaxa', 'Zemlora', 'Neurexa', 'RxProgram']",Travis Tucker,580547,0,1,0,2024-08-26
a04Qk0000046FTV,Field,OH,45230,Cincinnati,7810 5 Mile Rd,8231099428,Kim Hansen,Detail Only,HCP Meal,"['Zemlora', 'Neurexa', 'RxProgram', 'Trivaxa']",Samantha Garcia,407757,0,0,0,2024-08-24
a04Qk000004HlLB,Field,OH,45230,Cincinnati,7810 5 Mile Rd,8231099428,Kim Hansen,Detail Only,Face-to-Face with HCP,"['Neurexa', 'RxProgram', 'Zemlora', 'Trivaxa']",Jake Campbell,429445,1,0,0,2024-09-06
a04Qk0000045hBh,Virtual,NJ,07410,Fair Lawn,20-20 Fair Lawn Ave,8234784643,Kristen Roberts,Detail Only,Phone Call with Office Staff,['Lexcura/Cymbrin/Multi-Vi-Flor'],Michael Elliott,813328,0,0,0,2024-08-24
a04Qk0000048rZV,Field,FL,33559,Lutz,1854 Oak Grove Blvd,8236117117,Diana Lewis,Detail Only,Face-to-Face with HCP,"['Neurexa', 'RxProgram', 'Zemlora', 'Trivaxa']",Jason Rhodes,630458,0,0,1,2024-08-26
a04Qk0000048zqP,Field,PA,19382,West Chester,1515 W Chester Pike Ste B4,8239768235,Jill Carr,Detail Only,Face-to-Face with HCP,"['Zemlora', 'Neurexa', 'RxProgram']",Joseph Knight,801474,0,1,1,2024-08-25
a04Qk000004Erwb,Field,PA,19382,West Chester,1515 W Chester Pike Ste B4,8239768235,Jill Carr,Detail Only,Office Visit (no prescriber contact),"['Zemlora', 'Neurexa', 'RxProgram']",Tanner Mitchell DDS,299659,0,0,0,2024-09-02
a04Qk0000045m4v,Field,KY,40513,Lexington,1021 Majestic Dr Ste 180,8249618296,Patrick Griffin DDS,Detail Only,Face-to-Face with HCP,"['Zemlora', 'Neurexa', 'RxProgram', 'Trivaxa']",Cristian Santos,388389,1,0,0,2024-08-24
a04Qk000004DER3,Virtual,TN,38133,Bartlett,2965 N Germantown Pkwy,8253296664,Jennifer Johns,Detail Only,Phone Call with Office Staff,"['Zemlora', 'Neurexa', 'RxProgram']",Keith Jennings,946721,0,0,1,2024-09-01
a04Qk0000048CrL,Virtual,NY,14202,Buffalo,387 Franklin St,8253796512,Lisa Douglas,Detail Only,Phone Call with Office Staff,"['Zemlora', 'Neurexa', 'RxProgram']",Connor West,230889,1,0,1,2024-08-26
a04Qk000004LZen,Field,IL,60563,Naperville,1460 Bond St Ste 130,8260562864,Deborah Wilson,Detail Only,Face-to-Face with HCP,"['Zemlora', 'Neurexa', 'RxProgram']",Dana Chapman,171849,0,0,1,2024-09-06
a04Qk0000048gkY,Field,MD,20852,Rockville,6280 Montrose Rd,8264897019,Victor Velez,Detail Only,Office Visit (no prescriber contact),"['Zemlora', 'XR-ODT']",Pamela Boyd,479580,0,0,0,2024-08-26
a04Qk000004DeTZ,Field,MD,20852,Rockville,6280 Montrose Rd,8264897019,Victor Velez,Detail Only,Office Visit (no prescriber contact),"['Zemlora', 'XR-ODT']",Devon Flores,245051,1,1,0,2024-09-01
a04Qk000004CS4f,Field,NC,28117,Mooresville,206 Joe Knox Ave Ste F,8266655678,Jason Smith,Detail Only,HCP Meal,"['Zemlora', 'Neurexa', 'RxProgram']",Derek Zuniga,131244,0,0,0,2024-08-30
a04Qk000004DlRq,Field,PA,19406,King Of Prussia,201 Mall Blvd # St 204,8268936232,Tina Lynch,Detail Only,Office Visit (no prescriber contact),"['Neurexa', 'RxProgram', 'Zemlora']",Mary Escobar,237235,0,0,1,2024-09-01
a04Qk000004JVx3,Field,SC,29414,Charleston,2067 Charlie Hall Blvd,8269452721,Terry Hernandez,Detail Only,Office Visit (no prescriber contact),"['Trivaxa', 'Neurexa', 'RxProgram']",Michael Warner,694916,0,0,0,2024-09-06
a04Qk000004DZvJ,Field,NC,27834,Greenville,707 W H Smith Blvd,8269864565,Sarah Blair,Detail Only,HCP Meal,"['Neurexa', 'RxProgram', 'Zemlora', 'Trivaxa']",Ashley Wise,690341,0,0,1,2024-09-01
a04Qk000004HUXF,Field,KY,40243,Louisville,400 Blankenbaker Pkwy Ste 200,8270749984,Robert Fields MD,Detail Only,HCP Meal,"['Neurexa', 'RxProgram', 'Zemlora', 'Trivaxa']",Joann Ferguson,238890,0,0,1,2024-09-06
a04Qk0000047a1F,Field,SC,29860,North Augusta,140 Allen Ct,8271751517,Debra Ramirez,Detail Only,Face-to-Face with HCP,"['Zemlora', 'Trivaxa', 'Neurexa', 'RxProgram']",Bryan Gomez,399105,1,0,1,2024-08-25
a04Qk000004Dman,Field,SC,29860,North Augusta,140 Allen Ct,8271751517,Debra Ramirez,Detail Only,Office Visit (no prescriber contact),"['Trivaxa', 'Zemlora', 'Neurexa', 'RxProgram']",Renee Bruce,794022,1,1,0,2024-08-29
a04Qk0000045uYj,Field,MD,21146,Severna Park,692A Ritchie Hwy,8276619773,Kevin Dickson,Detail Only,HCP Meal,"['Zemlora', 'Trivaxa']",Charles Shah,360735,1,0,1,2024-08-24
a04Qk000004DgyP,Field,OH,45069,West Chester,9117 Cincinnati Columbus Rd,8281209297,Gene Marsh,Detail Only,Face-to-Face with HCP,"['Neurexa', 'RxProgram', 'Zemlora']",Colin Terry,122056,0,0,1,2024-09-01
a04Qk0000045gfR,Field,SC,29611,Greenville,117 Commons Way,8285159519,Sandra Flowers,Detail Only,Office Visit (no prescriber contact),"['Zemlora', 'Neurexa', 'RxProgram']",Lori Guerrero,189814,1,0,1,2024-08-24
a04Qk0000047WAZ,Field,TX,77581,Pearland,2017 Broadway St Ste A,8288266803,Christine Jackson,Detail Only,Office Visit (no prescriber contact),"['Trivaxa', 'Neurexa', 'RxProgram']",Cynthia Rowe,716886,1,0,1,2024-08-25
a04Qk000004Demv,Field,TX,75034,Frisco,5899 Preston Rd Ste 1104,8289863161,Evan Howard,Detail Only,Office Visit (no prescriber contact),"['Zemlora', 'Neurexa', 'RxProgram']",Aimee Turner,712554,0,0,1,2024-09-01
a04Qk0000045hy5,Virtual,MS,39216,Jackson,1855 Lakeland Dr Apt R305,8290577842,Scott Duncan,Detail Only,Phone Call with Office Staff,"['Zemlora', 'Trivaxa', 'Neurexa', 'RxProgram']",Mike Allen,996865,0,0,1,2024-08-24
a04Qk000004Ezu9,Field,NC,28211,Charlotte,4525 Cameron Valley Pkwy Ste 4100 D,8291373087,Michael Lucas,Detail Only,Virtual Call with HCP,"['Neurexa', 'RxProgram', 'Zemlora', 'Trivaxa']",Melissa Gates,149405,1,0,1,2024-09-02
a04Qk000004Cm6b,Field,TX,75034,Frisco,8501 Wade Blvd Bldg X  Ste 1020,8292180247,Nicole Romero,Detail with Sample,Face-to-Face with HCP,"['Norexel', 'Neurexa', 'RxProgram']",Jordan Chambers,163556,0,0,1,2024-08-30
a04Qk000004BtV7,Field,SC,29072,Lexington,103 Thompson St Ste 100,8292323048,Richard Ingram,Detail Only,Office Visit (no prescriber contact),"['Zemlora', 'Trivaxa', 'Neurexa', 'RxProgram']",Elaine Brooks,392004,0,0,0,2024-08-30
a04Qk000004Eae1,Field,MO,63026,Fenton,774 Gravois Bluffs Blvd Ste B,8293106131,Gregory Kirk,Detail Only,Face-to-Face with HCP,"['Trivaxa', 'Neurexa', 'RxProgram']",Cassandra Gaines,895667,0,0,1,2024-09-02
a04Qk000004IwHm,Field,MA,01453,Leominster,1069 Central St,8294467774,Lauren Kaiser,Detail Only,Virtual Call,"['Neurexa', 'RxProgram', 'Zemlora']",Madison Weber,723398,0,0,0,2024-09-06
a04Qk000004Fsdh,Field,FL,32571,Pace,3874 Highway 90 Ste 101,8296120894,Ronald Escobar,Detail Only,Office Visit (no prescriber contact),"['Neurexa', 'RxProgram']",Stephen Hoffman,455784,0,1,0,2024-09-03
a04Qk0000044X4j,Field,NC,28803,Asheville,1075 Hendersonville Rd Ste 100,8296714027,Olivia Crawford,Detail Only,Office Visit (no prescriber contact),"['Zemlora', 'Trivaxa']",Ralph Anderson,176819,0,0,1,2024-08-24
a04Qk000004Ai8l,Field,SC,29455,Johns Island,3227 Walter Dr Ste 1B,8299363444,Christopher Walters MD,Detail Only,HCP Meal,"['Zemlora', 'Neurexa', 'RxProgram']",Andrea Hubbard,997546,0,0,1,2024-08-29
a04Qk000004Eqqr,Field,SC,29455,Johns Island,3227 Walter Dr Ste 1B,8299363444,Christopher Walters MD,Detail Only,HCP Meal,"['Zemlora', 'Neurexa', 'RxProgram']",Connie Lawrence,356787,1,0,1,2024-09-01
a04Qk0000049dRF,Field,TX,77379,Spring,8111 Cypresswood Dr Ste 104,8306758172,Cheryl Brennan,Detail Only,Face-to-Face with HCP,"['Neurexa', 'RxProgram', 'Zemlora', 'Trivaxa']",Dana Martinez,947272,0,0,1,2024-08-24
a04Qk000004AoxJ,Field,SC,29455,Johns Island,3227 Walter Dr Ste 1B,8312471722,Kevin Vasquez,Detail Only,HCP Meal,"['Zemlora', 'Neurexa', 'RxProgram']",Rebecca Valencia,279451,0,0,0,2024-08-29
a04Qk000004Eqvh,Field,SC,29455,Johns Island,3227 Walter Dr Ste 1B,8312471722,Kevin Vasquez,Detail Only,HCP Meal,"['Zemlora', 'Neurexa', 'RxProgram']",Shelly Alexander,107540,1,1,0,2024-09-01
a04Qk000004AtAb,Field,MI,49444,Muskegon,1455 Farr Rd,8312541416,Olivia Prince,Detail Only,HCP Meal,"['Trivaxa', 'Zemlora', 'Neurexa', 'RxProgram']",Antonio Garcia,373432,0,1,1,2024-09-02
a04Qk000004HMY6,Virtual,TN,38019,Covington,1997 Highway 51 S,8317063167,Caleb Walker,Detail Only,Fax to HCP Office,"['Zemlora', 'Trivaxa', 'Neurexa', 'RxProgram']",Ellen Morgan,299122,1,1,1,2024-09-06
a04Qk0000047Tiv,Virtual,NJ,07410,Fair Lawn,20-20 Fair Lawn Ave 20,8317779603,Peter Stewart,Detail Only,Phone Call with Clinical Staff,['Lexcura/Cymbrin/Multi-Vi-Flor'],Rebecca Henderson,539898,0,0,1,2024-08-25
a04Qk000004DH3x,Virtual,NJ,07974,New Providence,556 Central Ave,8322607026,Mercedes Burton,Detail Only,Phone Call with Office Staff,['Lexcura/Cymbrin/Multi-Vi-Flor'],Felicia Aguilar,804318,1,0,1,2024-09-01
a04Qk000004ChtJ,Field,OH,43214,Columbus,4885 Olentangy River Rd Ste 2-50,8324734133,Jenna Farmer,Detail Only,HCP Meal,"['Neurexa', 'RxProgram', 'Zemlora', 'Trivaxa']",Christine Wright,660086,0,0,1,2024-09-01
a04Qk000004DlGX,Field,PA,18901,Doylestown,601 New Britain Rd Ste 100,8325859675,Heather Liu,Detail Only,Office Visit (no prescriber contact),"['Neurexa', 'RxProgram', 'Zemlora']",Margaret Hawkins DDS,343962,0,1,0,2024-08-29
a04Qk000004JVvR,Field,SC,29902,Beaufort,964 Ribaut Rd Ste 1,8326689491,Scott Mitchell,Detail Only,Virtual Call,"['Zemlora', 'Neurexa', 'RxProgram']",Cheyenne Horton,246413,1,0,1,2024-09-06
a04Qk0000047aKb,Field,AL,35801,Huntsville,219 Longwood Dr SW,8326971989,Yolanda Stevens,Detail Only,HCP Meal,"['Neurexa', 'RxProgram', 'Zemlora']",Diana May,440035,1,0,0,2024-08-25
a04Qk0000046NhB,Field,VA,23452,Virginia Beach,4356 Bonney Rd Ste 2-101,8328567590,Andrew Jarvis,Detail Only,Office Visit (no prescriber contact),"['Neurexa', 'RxProgram', 'Trivaxa', 'Zemlora']",Shannon Rivera,653306,1,1,1,2024-08-24
a04Qk000004EeL3,Field,LA,70508,Lafayette,3312 Kaliste Saloom Rd Bldg 1,8330213119,Devin Kane,Detail Only,HCP Meal,"['Zemlora', 'Neurexa', 'RxProgram']",Olivia Harris,823378,0,0,1,2024-09-02
a04Qk000004FZeH,Field,IL,60523,Oak Brook,2803 Butterfield Rd Ste 200,8330323059,Kelsey Sherman,Detail Only,Face-to-Face with HCP,"['Zemlora', 'Neurexa', 'RxProgram', 'Trivaxa']",Joyce Solis,375504,1,0,1,2024-09-03
a04Qk0000045yqr,Field,IA,51106,Sioux City,3549 Southern Hills Dr,8332817232,Daniel Turner,Detail Only,HCP Meal,"['Neurexa', 'RxProgram', 'Trivaxa']",Stephanie Manning,711878,1,0,1,2024-08-24
a04Qk000004B8WD,Field,TX,77449,Katy,1830 Snake River Rd Ste E,8342396349,Patrick Vasquez,Detail Only,Face-to-Face with HCP,"['Neurexa', 'RxProgram', 'Zemlora', 'Trivaxa']",Daniel Kennedy,787277,0,0,0,2024-08-29
a04Qk000004GzI9,Field,GA,30096,Duluth,3855 Pleasant Hill Rd Ste 210,8345431467,Dr. Matthew Stafford PhD,Detail Only,Face-to-Face with HCP,"['Neurexa', 'RxProgram', 'Zemlora']",Laura Mckinney,632496,0,0,1,2024-09-06
a04Qk000004ES3l,Field,PA,19010,Bryn Mawr,950 E Haverford Rd Ste 302,8347658963,Sara Edwards,Detail Only,Office Visit (no prescriber contact),"['Zemlora', 'Neurexa', 'RxProgram']",Michael Powell,813536,1,0,1,2024-09-02
a04Qk000004EPHB,Field,SC,29201,Columbia,1911 Gadsden St Ste 101,8351025786,Steven Solis,Detail Only,Office Visit (no prescriber contact),"['Zemlora', 'Trivaxa', 'Neurexa', 'RxProgram']",Cynthia Morris,976638,0,0,1,2024-09-02
a04Qk000004Jjf3,Field,SC,29201,Columbia,1911 Gadsden St Ste 101,8351025786,Steven Solis,Detail Only,Office Visit (no prescriber contact),"['Zemlora', 'Trivaxa', 'Neurexa', 'RxProgram']",Anthony Moore,668532,0,1,0,2024-09-06
a04Qk000004AtaP,Field,MI,48302,Bloomfield Hills,43097 Woodward Ave Ste 204,8356905977,Michael Gross,Detail Only,Office Visit (no prescriber contact),"['Trivaxa', 'Zemlora', 'Neurexa', 'RxProgram']",Brent Jordan,145561,0,0,0,2024-08-30
a04Qk000004EwGL,Field,KY,41042,Florence,7370 Turfway Rd Ste 200,8362030850,Andrea Pierce,Detail Only,Face-to-Face with HCP,"['Neurexa', 'RxProgram', 'Zemlora', 'Trivaxa']",Darlene Miller,590785,1,0,1,2024-09-02
a04Qk000004EYAn,Virtual,NJ,07041,Millburn,225 Millburn Ave Bldg D Ste 301,8365055601,Valerie Ryan,Detail Only,Phone Call with Office Staff,['Lexcura/Cymbrin/Multi-Vi-Flor'],Heather Fields,198907,0,0,0,2024-09-02
a04Qk000004EKsb,Field,OH,43147,Pickerington,905 Old Diley Rd,8368337852,James Hall,Detail Only,Office Visit (no prescriber contact),"['Zemlora', 'Neurexa', 'RxProgram', 'Trivaxa']",Michele Williams,191161,1,1,1,2024-09-02
a04Qk000004HU2b,Virtual,LA,70560,New Iberia,2315 E Main St,8368402874,David Willis,Detail Only,Phone Call with Office Staff,['Norexel'],Kathy Rivas,549245,0,0,1,2024-09-06
a04Qk0000048cc5,Field,NY,11501,Mineola,173 Mineola Blvd Ste 101,8369540356,Lisa Allison,Detail Only,HCP Meal,"['Zemlora', 'Neurexa', 'RxProgram', 'Trivaxa']",Mark Brown,612340,0,0,1,2024-08-26
a04Qk0000046Jor,Virtual,CO,80234,Northglenn,11154 Huron St Ste 212,8372027561,Maria Gonzalez,Detail Only,Phone Call with Clinical Staff,"['Zemlora', 'Trivaxa', 'Neurexa', 'RxProgram']",Ashley Barton,905934,0,0,0,2024-08-24
a04Qk000004AmXL,Field,KS,67206,Wichita,7111 E 21st St N,8382375873,Brittany Wilson,Detail Only,Face-to-Face with HCP,"['Neurexa', 'RxProgram', 'Zemlora', 'Trivaxa']",Christine Wright,660086,0,0,0,2024-08-29
a04Qk000004HEAj,Virtual,LA,70806,Baton Rouge,3401 North Blvd Ste 100,8383712862,Stacie Carter,Detail Only,Phone Call with Office Staff,"['Zemlora', 'Neurexa', 'RxProgram']",Noah Rhodes,216739,0,0,1,2024-09-06
a04Qk000004AZVH,Field,MA,01904,Lynn,480 Lynnfield St,8383723827,John Elliott,Detail Only,Virtual Call,"['Neurexa', 'RxProgram', 'Zemlora']",Carlos Ryan,531071,1,0,1,2024-08-29
a04Qk0000047XwD,Field,OH,45432,Beavercreek,1911 N Fairfield Rd Ste 310,8384807302,John Schneider,Detail Only,HCP Meal,"['Neurexa', 'RxProgram', 'Zemlora']",Danny Morgan,201414,0,0,1,2024-08-25
a04Qk000004AjKx,Field,GA,30078,Snellville,2160 Fountain Dr Ste 100,8393958275,Zachary Best,Detail Only,Face-to-Face with HCP,"['Neurexa', 'RxProgram', 'Zemlora']",Patrick Moore,570405,0,0,0,2024-08-29
a04Qk000004JdrN,Field,PA,19464,Pottstown,404 E High St,8394604399,Linda Mitchell,Detail Only,Office Visit (no prescriber contact),"['Neurexa', 'RxProgram', 'Zemlora']",Alexander Collins,663054,0,0,0,2024-09-06
a04Qk000004DeRy,Field,TN,37918,Knoxville,103 Midlake Dr,8397814171,Nancy Murray,Detail Only,Virtual Call,"['Zemlora', 'XR-ODT']",Michael Wang,855731,0,0,0,2024-09-01
a04Qk0000048VYz,Field,NC,28403,Wilmington,1914 Glen Meade Rd,8399217184,Judith Stewart,Detail Only,Office Visit (no prescriber contact),"['Neurexa', 'RxProgram', 'Zemlora', 'Trivaxa']",Angie Henderson,126225,0,0,1,2024-08-26
a04Qk000004AZYT,Field,NC,28403,Wilmington,1914 Glen Meade Rd,8399217184,Judith Stewart,Detail Only,Face-to-Face with HCP,"['Neurexa', 'RxProgram', 'Zemlora', 'Trivaxa']",David Douglas Jr.,358607,0,0,1,2024-08-29
a04Qk0000047Lbh,Field,FL,34239,Sarasota,1528 S Tuttle Ave,8400606848,Marissa Kim,Detail Only,Face-to-Face with HCP,"['Neurexa', 'RxProgram', 'Zemlora', 'Trivaxa']",Katherine Salas,656116,1,1,0,2024-08-25
a04Qk000004Dld7,Field,GA,31602,Valdosta,2109 N Patterson St Ste B,8405206721,Theresa Booth,Detail Only,Office Visit (no prescriber contact),"['Neurexa', 'RxProgram', 'Zemlora', 'Trivaxa']",James Brown,759176,0,0,1,2024-09-02
a04Qk0000049eNJ,Field,TX,77429,Cypress,13611 Skinner Rd Ste 145,8405313934,Wayne Chambers,Detail Only,Face-to-Face with HCP,"['Neurexa', 'RxProgram', 'Zemlora', 'Trivaxa']",Brian Smith,184002,1,0,0,2024-08-25
a04Qk000004CLuP,Field,KS,66209,Overland Park,7011 W 121st St Ste 105,8409712471,William Sandoval,Detail Only,Office Visit (no prescriber contact),"['Neurexa', 'RxProgram', 'Zemlora']",Jason Stein,892495,0,0,1,2024-08-30
a04Qk000004D1dW,Field,TX,77479,Sugar Land,2819 Imperia Dr,8409940705,John Werner,Detail Only,HCP Meal,"['Trivaxa', 'Neurexa', 'RxProgram']",Aaron Wise,835911,0,0,1,2024-08-30
a04Qk0000046wJx,Field,OH,43085,Worthington,445 E Dublin Granville Rd,8411736618,Vickie Hull,Detail Only,Office Visit (no prescriber contact),"['Neurexa', 'RxProgram', 'Zemlora', 'Trivaxa']",Brian Ramirez,542417,0,1,1,2024-08-25
a04Qk000004Ffuz,Field,NC,28560,New Bern,2111 Neuse Blvd Ste J,8414123246,Douglas Quinn,Detail Only,Virtual Call with HCP,"['Zemlora', 'Neurexa', 'RxProgram']",Laura Haney,922733,0,0,1,2024-09-02
a04Qk000004CPd4,Field,DE,19806,Wilmington,2 Mill Rd Ste 106,8416933008,Edward Lee,Detail Only,Virtual Call with HCP,"['Neurexa', 'RxProgram', 'Zemlora']",Phillip Nelson,974244,1,0,0,2024-08-30
a04Qk0000047IcD,Field,OH,43220,Columbus,4100 Horizons Dr Ste 100,8417406743,Ashlee Steele,Detail Only,HCP Meal,"['Zemlora', 'Trivaxa', 'Neurexa', 'RxProgram']",Debra Morton,575763,1,0,1,2024-08-26
a04Qk0000047Zzd,Field,SC,29860,North Augusta,140 Allen Ct,8423383163,Stephanie Martin,Detail Only,Office Visit (no prescriber contact),"['Zemlora', 'Trivaxa', 'Neurexa', 'RxProgram']",Vanessa Howard,585100,0,0,1,2024-08-25
a04Qk000004Amdl,Field,SC,29860,North Augusta,140 Allen Ct,8423383163,Stephanie Martin,Detail Only,Office Visit (no prescriber contact),"['Zemlora', 'Trivaxa', 'Neurexa', 'RxProgram']",Elizabeth Fowler,944962,0,0,1,2024-08-29
a04Qk000004696L,Field,TX,75069,Mckinney,1575 Heritage Dr Ste 200,8431447254,Mark Williams,Detail Only,HCP Meal,"['Zemlora', 'Trivaxa', 'Neurexa', 'RxProgram']",Barbara Dudley,847581,1,1,1,2024-08-24
a04Qk000004BrUv,Field,OH,43082,Westerville,925 N State St Ste 250,8432950414,Connor Carr,Detail Only,Office Visit (no prescriber contact),"['Neurexa', 'RxProgram', 'Zemlora', 'Trivaxa']",Timothy Duncan,377370,0,1,0,2024-08-30
a04Qk000004AtDp,Field,MI,49444,Norton Shores,1455 Farr Rd,8434897039,Craig Rodriguez,Detail Only,HCP Meal,"['Trivaxa', 'Zemlora', 'Neurexa', 'RxProgram']",Brittany Farmer,267414,0,0,0,2024-09-02
a04Qk000004B0f7,Field,NC,27006,Advance,121 Medical Dr,8436672681,Judith Rhodes,Detail Only,Virtual Call,"['Zemlora', 'XR-ODT']",William Baker,748564,0,0,1,2024-08-29
a04Qk0000048jFN,Field,NC,27265,High Point,5826 Samet Dr Ste 101,8436847024,Andrew Erickson,Detail Only,Office Visit (no prescriber contact),"['Zemlora', 'Neurexa', 'RxProgram']",Allison Hickman,610311,0,1,0,2024-08-26
a04Qk0000049dW5,Field,TX,77095,Houston,15322 Copper Grove Blvd,8437291502,Julie Mcdonald,Detail Only,Face-to-Face with HCP,"['Neurexa', 'RxProgram', 'Zemlora', 'Trivaxa']",David Wright,518801,0,0,1,2024-08-24
a04Qk000004Djcv,Field,TX,77095,Houston,15322 Copper Grove Blvd,8437291502,Julie Mcdonald,Detail Only,Face-to-Face with HCP,"['Neurexa', 'RxProgram', 'Zemlora', 'Trivaxa']",Theresa Williams,989921,0,0,0,2024-08-30
a04Qk000004ADXx,Field,NJ,08043,Voorhees,221 Laurel Rd Ste 102,8445794487,Jennifer Dillon,Detail Only,Virtual Call with HCP,"['Zemlora', 'Neurexa', 'RxProgram']",Shannon Rivera,653306,1,1,1,2024-08-29
a04Qk000004EioT,Field,NE,68526,Lincoln,9100 Andermatt Dr Ste 1,8448071381,Joseph Young,Detail Only,Face-to-Face with HCP,"['Neurexa', 'RxProgram', 'Zemlora']",Cassandra Gaines,895667,0,0,0,2024-09-02
a04Qk000004HJFF,Field,MD,21401,Annapolis,716 Giddings Ave Ste 33,8450718006,Linda Fernandez,Detail Only,Office Visit (no prescriber contact),"['Zemlora', 'XR-ODT']",Kenneth Lewis,865990,0,0,1,2024-09-06
a04Qk000004Jtw9,Field,TX,77701,Beaumont,3127 College St,8452201623,David Moore,Detail Only,Office Visit (no prescriber contact),"['Trivaxa', 'Neurexa', 'RxProgram']",John Pierce,900581,1,1,0,2024-09-06
a04Qk000004Eyzh,Field,TN,37421,Chattanooga,7155 Lee Highway Ste 300,8462732372,Audrey Howell,Detail Only,HCP Meal,"['Neurexa', 'RxProgram', 'Zemlora']",Brenda Wright,398830,0,0,1,2024-09-02
a04Qk000004Dhfx,Field,KS,67205,Wichita,6837 W 37th St N,8465325004,Erin Bates,Detail Only,HCP Meal,"['Neurexa', 'RxProgram', 'Zemlora']",Kenneth Lewis,865990,0,0,0,2024-09-01
a04Qk000004Fqte,Field,MO,63122,Saint Louis,816 S Kirkwood Rd Ste 210,8468741066,Steven Hull,Detail Only,Face-to-Face with HCP,"['Trivaxa', 'Neurexa', 'RxProgram']",Connor West,230889,1,0,1,2024-09-02
a04Qk000004B8b3,Field,TX,77494,Katy,23211 Red River Dr,8469049854,Edward Cole,Detail Only,Face-to-Face with HCP,"['Neurexa', 'RxProgram', 'Zemlora', 'Trivaxa']",Madison Poole,555884,0,0,1,2024-08-29
a04Qk000004FYQU,Field,NC,27265,High Point,4515 Premier Dr Ste 203,8485264297,Amy Williams,Detail Only,Office Visit (no prescriber contact),"['Zemlora', 'Trivaxa']",Paul Wilson,428838,0,0,0,2024-09-03
a04Qk0000049de9,Field,TX,77024,Houston,8588 Katy Fwy Ste 350,8485292769,Rachel Simmons,Detail Only,Office Visit (no prescriber contact),"['Neurexa', 'RxProgram', 'Zemlora', 'Trivaxa']",Isaiah Avila,865388,0,1,0,2024-08-24
a04Qk000004MxS9,Field,TX,77024,Houston,8588 Katy Fwy Ste 350,8485292769,Rachel Simmons,Detail Only,Face-to-Face with HCP,"['Neurexa', 'RxProgram', 'Zemlora', 'Trivaxa']",Ashley Wise,690341,0,1,1,2024-09-06
a04Qk000004AXN0,Field,NY,10003,New York,10 Union Sq E Frnt 5G,8489374164,Melinda Bond,Detail Only,Office Visit (no prescriber contact),"['Neurexa', 'RxProgram', 'Trivaxa', 'Zemlora']",Brent Jordan,145561,1,0,0,2024-08-29
a04Qk000004G4TZ,Field,NC,27707,Durham,3604 Shannon Rd Ste 200,8493649455,Taylor Rodgers,Detail Only,Face-to-Face with HCP,"['Zemlora', 'XR-ODT']",Jamie Smith,214975,0,0,1,2024-09-01
a04Qk000004DV0T,Field,NC,27707,Durham,3604 Shannon Rd Ste 200,8493649455,Taylor Rodgers,Detail Only,Face-to-Face with HCP,"['Zemlora', 'XR-ODT']",Ricky Davis II,412942,0,0,0,2024-09-01
a04Qk0000048tTF,Field,FL,33143,Miami,7000 SW 62nd Ave Ste 300,8502907019,Deborah Owen,Detail Only,Office Visit (no prescriber contact),"['Zemlora', 'Neurexa', 'RxProgram']",Veronica Simpson,717024,0,0,1,2024-08-26
a04Qk0000048VXN,Field,NC,28403,Wilmington,1914 Glen Meade Rd,8503464368,Jeanette Curry,Detail Only,Face-to-Face with HCP,"['Neurexa', 'RxProgram', 'Zemlora', 'Trivaxa']",Michael Lyons,897549,1,0,1,2024-08-26
a04Qk000004AZWr,Field,NC,28403,Wilmington,1914 Glen Meade Rd,8503464368,Jeanette Curry,Detail Only,Face-to-Face with HCP,"['Neurexa', 'RxProgram', 'Zemlora', 'Trivaxa']",Debra Christian,857168,0,0,1,2024-08-29
a04Qk0000045oEo,Field,FL,32073,Orange Park,1555 Kingsley Ave Ste 601,8508377390,Karen Powell,Detail Only,Office Visit (no prescriber contact),"['Neurexa', 'RxProgram', 'Trivaxa']",Garrett Lin,817870,0,0,0,2024-08-24
a04Qk000004AG2n,Field,PA,19067,Yardley,105 Floral Vale Blvd,8509592833,Carrie Smith,Detail Only,Office Visit (no prescriber contact),"['Neurexa', 'RxProgram', 'Zemlora']",Jeffrey Chandler,158655,0,0,1,2024-08-26
a04Qk000004DmKf,Field,PA,19067,Yardley,105 Floral Vale Blvd,8509592833,Carrie Smith,Detail Only,Office Visit (no prescriber contact),"['Neurexa', 'RxProgram', 'Zemlora']",Denise Jacobs,472528,0,0,1,2024-09-01
a04Qk0000046JaL,Field,SC,29582,North Myrtle Beach,1016 2nd Ave N Ste 205,8510471816,Barry Powell,Detail Only,Virtual Call with HCP,"['Neurexa', 'RxProgram', 'Zemlora']",Maria Parker,551989,0,1,0,2024-08-24
a04Qk0000045gab,Field,SC,29601,Greenville,509 Pettigru St,8513252558,Benjamin White,Detail Only,Office Visit (no prescriber contact),"['Zemlora', 'Trivaxa', 'Neurexa', 'RxProgram']",Daniel Wagner,877572,0,0,1,2024-08-24
a04Qk000004DKzV,Field,SC,29609,Greenville,832 Wade Hampton Blvd Ste 202,8513252558,Benjamin White,Detail Only,Office Visit (no prescriber contact),"['Zemlora', 'Neurexa', 'RxProgram', 'Trivaxa']",Matthew Foster,688508,0,0,1,2024-09-01
a04Qk000004BoIY,Field,OH,43054,New Albany,55 N High St,8513579016,Christy Perry,Detail Only,Office Visit (no prescriber contact),"['Neurexa', 'RxProgram', 'Trivaxa', 'Zemlora']",Jeffrey Chandler,158655,0,1,1,2024-08-30
a04Qk000004IxaP,Field,AL,35223,Birmingham,3300 Cahaba Rd Ste 102,8515036362,Brent Orr,Detail Only,Office Visit (no prescriber contact),"['Neurexa', 'RxProgram', 'Zemlora', 'Trivaxa']",Trevor Johnson,542374,1,0,1,2024-09-06
a04Qk000004EiDO,Field,KY,41042,Florence,59 Cavalier Blvd Ste 330,8515352317,Sarah Shepherd,Detail Only,Office Visit (no prescriber contact),"['Neurexa', 'RxProgram', 'Zemlora', 'Trivaxa']",Amber Kidd,678856,0,0,0,2024-09-02
a04Qk0000048URd,Field,NC,28401,Wilmington,1907 S 17th St Ste 1,8516807779,Julie Lewis,Detail Only,Face-to-Face with HCP,"['Zemlora', 'Neurexa', 'RxProgram']",Joyce Bowen,174441,1,0,1,2024-08-25
a04Qk0000047JwT,Field,FL,33470,Loxahatchee,13475 Southern Blvd Ste 202,8522643848,Jorge Wilson,Detail Only,HCP Meal,"['Zemlora', 'Neurexa', 'RxProgram', 'Trivaxa']",Christine Wright,660086,1,0,1,2024-08-25
a04Qk000004DCdn,Field,KY,40223,Louisville,11405 Park Rd Ste 220,8524233514,Taylor Johnson,Detail Only,Virtual Call,"['Neurexa', 'RxProgram', 'Zemlora', 'Trivaxa']",Kathleen Webster,358175,1,0,1,2024-09-01
a04Qk000004CzdJ,Field,FL,33607,Tampa,4107 W Spruce St Ste 100,8524436365,Stephanie Fletcher,Detail Only,Face-to-Face with HCP,"['Neurexa', 'RxProgram', 'Zemlora', 'Trivaxa']",Dr. Hannah Patterson,456699,0,0,1,2024-08-30
a04Qk000004Ao2r,Field,SC,29464,Mt Pleasant,1041 Johnnie Dodds Blvd Ste 5A,8525732645,Calvin Perez,Detail Only,Office Visit (no prescriber contact),"['Neurexa', 'RxProgram', 'Trivaxa', 'Zemlora']",Shelly Spencer,265409,0,0,1,2024-08-26
a04Qk000004El1Z,Field,MD,21286,Towson,1045 Taylor Ave Ste 44A,8526178673,Randall Webb,Detail Only,Office Visit (no prescriber contact),"['Zemlora', 'XR-ODT']",Michael Evans,344098,1,0,1,2024-09-02
a04Qk000004EzsX,Field,NC,28001,Albemarle,1000 N 5th St,8526875888,Jeremy Maldonado,Detail Only,Virtual Call with HCP,"['Neurexa', 'RxProgram', 'Zemlora', 'Trivaxa']",Mark Perez,988662,0,1,0,2024-09-02
a04Qk000004Ecnt,Field,IL,60010,Barrington,100 Fox Glen,8530104969,Stephen Hendricks,Detail Only,Office Visit (no prescriber contact),"['Neurexa', 'RxProgram', 'Zemlora']",Lauren Daniels,838797,0,0,1,2024-09-02
a04Qk000004B3d0,Field,NC,28226,Charlotte,3129 Springbank Ln Ste 100,8531775050,Jennifer Mann,Detail Only,Virtual Call with HCP,"['Zemlora', 'Neurexa', 'RxProgram']",John Whitehead,802729,0,0,0,2024-08-29
a04Qk000004LZGc,Field,NC,28374,Pinehurst,289 Olmsted Blvd Ste 1,8532714013,Dustin Rodriguez,Detail Only,Office Visit (no prescriber contact),"['Zemlora', 'Trivaxa', 'Neurexa', 'RxProgram']",Kathleen Webster,358175,1,0,0,2024-09-06
a04Qk000004Asb7,Field,KS,66044,Lawrence,1312 W 6th St,8536556720,Brian Moore,Detail Only,Virtual Call,"['Neurexa', 'RxProgram', 'Zemlora', 'Trivaxa']",Megan Le,201639,0,0,1,2024-08-29
a04Qk000004EtLj,Field,KS,66214,Lenexa,8629 Bluejacket St Ste 100,8540742550,Pamela Cherry,Detail Only,Face-to-Face with HCP,"['Neurexa', 'RxProgram', 'Zemlora']",Melissa Brewer,755674,0,0,0,2024-09-02
a04Qk000004EHRh,Field,FL,33136,Miami,1150 NW 14th St Ste 609,8546518455,Debra Watson,Detail Only,HCP Meal,"['Zemlora', 'Neurexa', 'RxProgram']",Alyssa Long,725380,1,0,1,2024-09-02
a04Qk000004HENd,Field,MD,21401,Annapolis,2024 West St Ste 400,8548856721,Dwayne Levy,Detail Only,Office Visit (no prescriber contact),"['Zemlora', 'XR-ODT']",Kirk Carter,352572,1,0,1,2024-09-06
a04Qk000004AiWv,Field,GA,30120,Cartersville,17 Collins Dr,8552607388,Donna Castro,Detail Only,Face-to-Face with HCP,"['Neurexa', 'RxProgram', 'Zemlora']",Jordan Chambers,163556,0,0,0,2024-08-29
a04Qk000004Dl0P,Field,TX,77034,Houston,11550 Fuqua St Ste 560,8564311992,Michelle Rojas,Detail Only,Office Visit (no prescriber contact),"['Zemlora', 'Neurexa', 'RxProgram']",Sandra Aguilar,738720,1,0,0,2024-09-01
a04Qk000004DO5R,Field,LA,71301,Alexandria,1201 N Bolton Ave,8571171911,Angel Sanders,Detail Only,Virtual Call,"['Zemlora', 'XR-ODT']",Denise Jacobs,472528,1,0,1,2024-09-01
a04Qk000004Gz0P,Field,FL,32092,St Augustine,493 Prosperity Lake Dr,8577144881,Cheyenne Blake,Detail Only,Office Visit (no prescriber contact),"['Neurexa', 'RxProgram', 'Zemlora', 'Trivaxa']",Donna Landry,736059,1,1,1,2024-09-06
a04Qk000004DiXU,Field,TX,75013,Allen,1105 Central Expy N Ste 2120,8581464900,David Walsh,Detail Only,Virtual Call,"['Trivaxa', 'Neurexa', 'RxProgram']",Theodore Jones Jr.,609231,1,0,1,2024-09-01
a04Qk0000045qy9,Field,FL,32707,Casselberry,853 State Road 436 Ste 1061,8582250506,Samuel Brown,Detail Only,Face-to-Face with HCP,"['Zemlora', 'XR-ODT']",Cheyenne Horton,246413,0,0,1,2024-08-24
a04Qk000004Hw8X,Field,WI,54449,Marshfield,1000 N Oak Ave,8588352291,Erin Hill,Detail Only,Office Visit (no prescriber contact),"['Neurexa', 'RxProgram']",Susan Murray MD,804314,1,0,1,2024-09-06
a04Qk0000048QmD,Field,GA,30180,Villa Rica,514 W Bankhead Highway Ste 400,8588806056,Ryan Harrell,Detail Only,Virtual Call with HCP,"['Neurexa', 'RxProgram', 'Zemlora']",Shelia Wallace,639131,0,0,0,2024-08-26
a04Qk000004HgWn,Field,WI,53226,Wauwatosa,8651 W North Ave,8589944002,Deborah Williamson,Detail Only,Office Visit (no prescriber contact),"['Neurexa', 'RxProgram', 'Zemlora', 'Trivaxa']",Lisa Hunter,712024,0,0,1,2024-09-06
a04Qk000004AdAf,Field,FL,33176,Miami,11400 N Kendall Dr Ste A211,8592026713,Jose Young,Detail Only,Office Visit (no prescriber contact),"['Zemlora', 'Trivaxa', 'Neurexa', 'RxProgram']",Charles Schultz,328275,1,0,0,2024-08-29
a04Qk000004Aboo,Virtual,NY,11570,Rockville Centre,100 N Centre Ave Ste 300,8595789210,Stacy Johnson,Detail Only,Phone Call with Office Staff,['Lexcura/Cymbrin/Multi-Vi-Flor'],Nichole Alvarez,197793,0,0,0,2024-08-29
a04Qk0000047FHm,Field,TN,37923,Knoxville,9220 Park West Blvd Ste 1,8601410491,Daniel Sherman,Detail Only,Office Visit (no prescriber contact),"['Zemlora', 'Neurexa', 'RxProgram']",Donna Landry,736059,1,0,0,2024-08-25
a04Qk000004CtCv,Field,IA,51105,Sioux City,1125 Pierce St Ste 100,8603873156,Brenda Gibson,Detail Only,HCP Meal,"['Neurexa', 'RxProgram', 'Trivaxa']",Chad Jones,751332,0,0,0,2024-08-30
a04Qk000004G2Rl,Field,SC,29464,Mt Pleasant,1001 Anna Knapp Blvd,8604126560,Diane Quinn,Detail Only,Office Visit (no prescriber contact),"['Zemlora', 'Neurexa', 'RxProgram']",Anthony Everett,728038,1,0,1,2024-09-02
a04Qk000004B86P,Field,VA,23834,Colonial Heights,3611 Boulevard,8604855851,Matthew Norton,Detail Only,Face-to-Face with HCP,"['Neurexa', 'RxProgram', 'Zemlora']",Allison Hickman,610311,0,0,1,2024-08-29
a04Qk0000045i2v,Field,GA,30214,Fayetteville,1240 Highway 54 W Bldg 300 Ste 310,8606712692,Adam Wong,Detail with Sample,Face-to-Face with HCP,"['Neurexa', 'RxProgram', 'Norexel']",Ryan Munoz,207473,1,0,1,2024-08-24
a04Qk000004ERME,Virtual,NH,03878,Somersworth,7 Works Way,8612211256,Dawn Moore,Detail Only,Fax to HCP Office,"['Neurexa', 'RxProgram']",Joyce Solis,375504,1,0,1,2024-09-02
a04Qk0000047XPx,Field,TX,77584,Pearland,12234 Shadow Creek Pkwy Bldg 4,8615005851,Tina Rodriguez,Detail Only,HCP Meal,"['Trivaxa', 'Neurexa', 'RxProgram']",Nathan Freeman,211579,0,0,0,2024-08-25
a04Qk000004FvdB,Field,KS,66047,Lawrence,4951 W 18th St,8616120833,Robert Elliott,Detail Only,HCP Meal,"['Neurexa', 'RxProgram', 'Zemlora']",Joann Ferguson,238890,0,0,1,2024-09-03
a04Qk000004CEBN,Field,AZ,85234,Gilbert,4001 E Baseline Rd Ste 107,8621682147,Brian Howell,Detail Only,HCP Meal,"['Neurexa', 'RxProgram', 'Zemlora', 'Trivaxa']",Barbara Dudley,847581,1,1,0,2024-08-30
a04Qk0000047Zpx,Field,VA,23229,Richmond,2301 N Parham Rd Ste 5,8622652855,Isaiah Thomas,Detail Only,Office Visit (no prescriber contact),"['Neurexa', 'RxProgram', 'Zemlora', 'Trivaxa']",Paul Wilson,428838,1,0,1,2024-08-25
a04Qk000004Ezan,Field,VA,23434,Suffolk,1577 Wilroy Rd Ste 102,8623030699,Noah Barton,Detail Only,Office Visit (no prescriber contact),"['Neurexa', 'RxProgram', 'Zemlora', 'Trivaxa']",Olivia Harris,823378,0,0,1,2024-09-02
a04Qk000004DEE9,Field,PA,19139,Philadelphia,5501 Chestnut St,8627621186,Caroline Maynard,Detail Only,Face-to-Face with HCP,"['Neurexa', 'RxProgram', 'Zemlora', 'Trivaxa']",Matthew Moore,842225,0,0,1,2024-09-01
a04Qk000004H8tK,Field,OH,43055,Newark,200 Messimer Dr,8632176269,Michelle Brown,Detail Only,Office Visit (no prescriber contact),"['Neurexa', 'RxProgram', 'Zemlora']",Laura Roberts,172574,0,1,0,2024-09-06
a04Qk0000047aaj,Field,AL,35058,Cullman,1809 Kress St,8633214796,Dominique Cox,Detail Only,Face-to-Face with HCP,"['Neurexa', 'RxProgram', 'Zemlora', 'Trivaxa']",Joshua Reed,167136,0,0,1,2024-08-25
a04Qk000004Hrte,Field,FL,32501,Pensacola,1300 N Palafox St Ste 102D,8633906843,Paige Miller,Detail Only,Office Visit (no prescriber contact),"['Zemlora', 'Neurexa', 'RxProgram']",Yvonne Burns,335612,0,0,0,2024-09-06
a04Qk000004AjXr,Field,NC,28602,Hickory,240 18th Street Cir SE,8634085749,Christopher Turner,Detail Only,HCP Meal,"['Zemlora', 'Trivaxa']",Christopher Guerra,663750,0,0,0,2024-09-01
a04Qk000004C2qm,Field,SC,29464,Mount Pleasant,1101 Bowman Rd,8635404016,Travis Cochran,Detail Only,Office Visit (no prescriber contact),"['Zemlora', 'Neurexa', 'RxProgram']",Brian Ramirez,542417,0,0,0,2024-08-30
a04Qk000004G4QL,Field,NC,27502,Apex,1600 Olive Chapel Rd Ste 108,8637072920,Debra Brewer,Detail Only,Office Visit (no prescriber contact),"['Zemlora', 'XR-ODT']",Briana Murray,665427,0,1,1,2024-09-03
a04Qk000004DeYP,Field,NC,28602,Hickory,240 18th Street Cir SE,8639583377,Candice Walker,Detail Only,HCP Meal,"['Zemlora', 'Trivaxa']",Lisa Hunter,712024,0,0,1,2024-09-01
a04Qk000004Ft1t,Field,AL,36526,Daphne,28150 N Main St,8641090494,Christine Martin,Detail Only,Office Visit (no prescriber contact),"['Trivaxa', 'Neurexa', 'RxProgram', 'Zemlora']",Charles Lester,202664,0,1,1,2024-09-02
a04Qk000004H0e1,Field,FL,33330,Davie,12515 Orange Dr Ste 802,8643657566,Kimberly Brown,Detail Only,HCP Meal,"['Trivaxa', 'Zemlora', 'Neurexa', 'RxProgram']",Laurie Hoffman,577110,0,0,1,2024-09-06
a04Qk000004Adyf,Field,IN,47150,New Albany,3321 Ballard Ln,8647775052,Albert Walker,Detail Only,Office Visit (no prescriber contact),"['Neurexa', 'RxProgram', 'Zemlora', 'Trivaxa']",Sierra Johnson,584714,1,0,1,2024-08-29
a04Qk000004AxXa,Field,IL,60048,Libertyville,1860 W Winchester Rd Ste 106,8649656945,Jennifer Morgan,Detail Only,Office Visit (no prescriber contact),"['Neurexa', 'RxProgram', 'Zemlora']",Edward Burgess,544154,0,1,1,2024-08-29
a04Qk000004Alg5,Field,NC,28054,Gastonia,2907 Rousseau Ct,8651905994,Denise Cruz,Detail Only,Face-to-Face with HCP,"['Zemlora', 'XR-ODT']",Lisa Barnes,403445,1,0,0,2024-08-29
a04Qk000004CzgX,Field,FL,33607,Tampa,4107 W Spruce St Ste 100,8651965472,Misty Simpson,Detail Only,Face-to-Face with HCP,"['Neurexa', 'RxProgram', 'Zemlora', 'Trivaxa']",Ashley Hall,863587,1,1,1,2024-08-30
a04Qk0000047ZLK,Field,TX,75013,Allen,550 S Watters Rd Ste 140,8652012440,Ronald Frank,Detail Only,HCP Meal,"['Zemlora', 'Trivaxa', 'Neurexa', 'RxProgram']",Denise Davenport,491559,0,0,1,2024-08-25
a04Qk000004AHDN,Field,GA,30501,Gainesville,200 Wisteria Dr,8666658292,Jessica Wiggins,Detail Only,Virtual Call,"['Neurexa', 'RxProgram', 'Zemlora']",Dr. William Warren,492077,0,0,0,2024-08-29
a04Qk000004B8cf,Field,TX,77450,Katy,702 S Peek Rd Ste 1,8668996838,Tara Smith,Detail Only,Face-to-Face with HCP,"['Neurexa', 'RxProgram', 'Zemlora']",Jeremy Turner,749468,0,0,0,2024-08-29
a04Qk0000047IkH,Field,OH,43220,Columbus,4100 Horizons Dr Ste 100,8672799154,Stephen Anderson,Detail Only,HCP Meal,"['Neurexa', 'RxProgram', 'Zemlora', 'Trivaxa']",Cameron Fisher,321231,1,0,1,2024-08-26
a04Qk00000457hh,Field,PA,19083,Havertown,403 W Chester Pike,8677012111,Shawn Mcgrath,Detail Only,Virtual Call with HCP,"['Zemlora', 'Neurexa', 'RxProgram']",Michelle Evans,380746,0,0,1,2024-08-24
a04Qk0000047C3l,Virtual,TN,38018,Cordova,150 Timber Creek Dr Ste 6,8678218941,Timothy Welch,Detail Only,Fax to HCP Office,"['Zemlora', 'Trivaxa', 'Neurexa', 'RxProgram']",Lindsey Walker,267753,0,0,0,2024-08-25
a04Qk0000045xUz,Field,MA,02072,Stoughton,450 Pearl St Ste 3,8678477692,Cody Smith,Detail Only,Office Visit (no prescriber contact),"['Neurexa', 'RxProgram', 'Zemlora']",Shelia Wallace,639131,0,1,1,2024-08-24
a04Qk000004DHbs,Field,OH,45224,Cincinnati,5642 Hamilton Ave,8678735490,Robin Mckee,Detail Only,Virtual Call,"['Neurexa', 'RxProgram', 'Zemlora', 'Trivaxa']",Michael Farrell,161483,0,0,1,2024-09-01
a04Qk000004EhfV,Field,NE,68506,Lincoln,1620 S 70th St Ste 104,8682838675,Christopher Lambert,Detail Only,Face-to-Face with HCP,"['Neurexa', 'RxProgram', 'Zemlora']",Richard Henson,864544,0,0,1,2024-09-02
a04Qk0000047Li9,Field,GA,30082,Smyrna,400 Technology Ct SE Ste J,8683278615,Kathleen Richardson,Detail Only,Office Visit (no prescriber contact),"['Neurexa', 'RxProgram', 'Zemlora']",Michael Lyons,897549,0,0,0,2024-08-25
a04Qk000004Hiwn,Field,GA,30082,Smyrna,400 Technology Ct SE Ste J,8683278615,Kathleen Richardson,Detail Only,Office Visit (no prescriber contact),"['Neurexa', 'RxProgram', 'Zemlora']",Lindsay Martinez,772097,0,0,1,2024-09-06
a04Qk000004DlV3,Field,GA,31602,Valdosta,406 Northside Dr Ste M,8690908849,James Romero,Detail Only,Office Visit (no prescriber contact),"['Neurexa', 'RxProgram', 'Zemlora', 'Trivaxa']",Allison Hill,770487,0,0,1,2024-09-02
a04Qk000004Ekzx,Field,MD,21204,Towson,7600 Osler Dr Ste 304,8691352122,Abigail Edwards,Detail Only,Face-to-Face with HCP,"['Zemlora', 'XR-ODT']",Sandra Aguilar,738720,0,0,0,2024-09-02
a04Qk000004CR2A,Field,MD,21223,Baltimore,2000 W Baltimore St,8693117264,Gina Carroll,Detail Only,Office Visit (no prescriber contact),"['Zemlora', 'XR-ODT']",Tanner Mitchell DDS,299659,1,0,1,2024-08-30
a04Qk0000046AVR,Field,MO,63011,Ellisville,249 Clarkson Rd Ste 102,8696061762,Samantha Flores,Detail Only,Face-to-Face with HCP,"['Trivaxa', 'Neurexa', 'RxProgram']",Anthony Rodriguez,671412,0,0,1,2024-08-24
a04Qk000004D1VR,Field,MO,63011,Ellisville,249 Clarkson Rd Ste 102,8696061762,Samantha Flores,Detail Only,HCP Meal,"['Zemlora', 'Neurexa', 'RxProgram']",Daniel Baker,391476,1,0,0,2024-08-30
a04Qk0000048JMY,Field,LA,70517,Breaux Bridge,555 Lakes Blvd,8698339055,Sarah Williams,Detail Only,Office Visit (no prescriber contact),['Norexel'],Stephanie Byrd,858490,0,0,1,2024-08-26
a04Qk000004AGh8,Field,LA,70517,Breaux Bridge,555 Lakes Blvd,8698339055,Sarah Williams,Detail Only,Face-to-Face with HCP,['Norexel'],David Alvarez,249811,0,0,1,2024-08-29
a04Qk00000467Cb,Field,GA,30005,Alpharetta,3550 Old Milton Pkwy,8702271169,John Yates,Detail Only,Face-to-Face with HCP,"['Neurexa', 'RxProgram', 'Zemlora', 'Trivaxa']",Kristen Davis,518373,0,0,1,2024-08-24
a04Qk0000046DQ7,Field,MD,21401,Annapolis,2002 Medical Pkwy Ste 460,8712500921,Juan Navarro,Detail Only,Office Visit (no prescriber contact),"['Zemlora', 'XR-ODT']",Joshua Blair,207175,0,0,0,2024-08-24
a04Qk0000047XbF,Field,TX,77581,Pearland,2017 Broadway St A,8722573745,David Sanchez,Detail Only,Office Visit (no prescriber contact),"['Trivaxa', 'Neurexa', 'RxProgram']",Charles Schultz,328275,0,0,1,2024-08-25
a04Qk000004DMGX,Field,TX,77375,The Woodlands,8558 Creekside Forest Dr Ste B-100,8730239141,Jimmy Le,Detail Only,Virtual Call,"['Zemlora', 'XR-ODT']",Denise Jacobs,472528,0,0,0,2024-09-01
a04Qk000004Bti1,Field,KY,41017,Edgewood,830 Thomas More Pkwy Ste 200 A,8730914738,Becky Cox,Detail Only,Virtual Call with HCP,"['Neurexa', 'RxProgram', 'Zemlora']",Christopher Smith,269396,1,0,0,2024-08-30
a04Qk0000049cVB,Field,IL,60614,Chicago,1820 W Webster Ave Ste 304,8731551306,Tina Patel,Detail Only,Face-to-Face with HCP,"['Neurexa', 'RxProgram', 'Zemlora', 'Trivaxa']",Jordan Henderson,479201,0,0,1,2024-08-25
a04Qk000004Akth,Field,IL,60189,Wheaton,55 E Loop Rd,8742809495,Katherine Gray,Detail Only,Face-to-Face with HCP,"['Neurexa', 'RxProgram', 'Zemlora']",Yvonne Chambers,791798,0,0,0,2024-08-29
a04Qk000004AJa9,Field,MA,01845,North Andover,200 Sutton St Ste 140,8750199556,Ashley Rodriguez,Detail Only,HCP Meal,"['Neurexa', 'RxProgram', 'Zemlora']",Daniel Wagner,877572,0,1,0,2024-08-29
a04Qk000004EOEf,Field,MA,01845,North Andover,200 Sutton St Ste 140,8750199556,Ashley Rodriguez,Detail Only,Virtual Call,"['Neurexa', 'RxProgram', 'Zemlora']",Carolyn Miller,608993,0,0,1,2024-09-02
a04Qk000004DFBp,Field,FL,32259,Saint Johns,1310 County Road 210 W,8750510319,Mary Sullivan,Detail Only,Office Visit (no prescriber contact),"['Neurexa', 'RxProgram', 'Zemlora']",Chad Jones,751332,0,0,1,2024-09-01
a04Qk000003Txe6,Field,NY,10012,New York,155 Spring St Fl 4,8754828464,Bryan Perez,Detail Only,Office Visit (no prescriber contact),"['Zemlora', 'Neurexa', 'RxProgram', 'Trivaxa']",Diana May,440035,0,0,0,2024-08-25
a04Qk000004DEcL,Virtual,CA,92660,Newport Beach,3 Corporate Plaza Dr Ste 140,8758090825,Ms. Sierra Boyer,Detail Only,Fax to HCP Office,"['Zemlora', 'Neurexa', 'RxProgram']",Paul Jones,205907,0,0,1,2024-09-01
a04Qk000004AP9J,Field,IA,51632,Clarinda,220 Essie Davison Dr,8766827623,Angela Payne,Detail Only,Virtual Call,"['Neurexa', 'RxProgram', 'Zemlora']",Madison Poole,555884,0,1,1,2024-08-29
a04Qk000004Clle,Field,OH,45208,Cincinnati,3666 Paxton Ave,8766957109,Carolyn Taylor,Detail Only,Virtual Call with HCP,"['Neurexa', 'RxProgram']",Rodney Morales,439902,0,0,1,2024-08-30
a04Qk000004C1in,Field,AZ,85213,Mesa,2135 E University Dr Ste 116,8767626829,Joan Thompson,Detail Only,HCP Meal,"['Neurexa', 'RxProgram', 'Zemlora', 'Trivaxa']",John Pierce,900581,0,0,0,2024-09-01
a04Qk000004Cq3m,Field,FL,33548,Lutz,18958 N Dale Mabry Hwy Ste 102,8769771068,John Ross,Detail Only,HCP Meal,"['Neurexa', 'RxProgram', 'Zemlora', 'Trivaxa']",Dustin Jordan,429963,1,0,1,2024-08-30
a04Qk000004DlTR,Field,PA,19426,Collegeville,3774 Ridge Pike Ste 101,8770531759,Leslie Bryan,Detail Only,Office Visit (no prescriber contact),"['Neurexa', 'RxProgram', 'Zemlora', 'Trivaxa']",Daniel Baker,391476,1,0,1,2024-08-30
a04Qk000004Exlt,Field,FL,32601,Gainesville,1026 SW 2nd Ave Ste C,8776508583,Stephanie Porter,Detail Only,Face-to-Face with HCP,"['Zemlora', 'XR-ODT']",Matthew Mcmillan,270555,1,0,0,2024-09-02
a04Qk0000048tcv,Field,FL,33143,Miami,7000 SW 62nd Ave Ste 300,8782336736,Jeffrey Lowe,Detail Only,Office Visit (no prescriber contact),"['Zemlora', 'Neurexa', 'RxProgram']",Elizabeth Fowler,944962,1,0,1,2024-08-26
a04Qk000004DlA5,Field,PA,18902,Doylestown,3655 Route 202 Ste 125,8782378006,David Williamson,Detail Only,Office Visit (no prescriber contact),"['Neurexa', 'RxProgram', 'Zemlora']",Kerry Chavez DDS,520521,0,1,1,2024-08-29
a04Qk0000047YVh,Field,OH,45342,Miamisburg,9049 Springboro Pike,8785348004,Savannah Phillips,Detail Only,Face-to-Face with HCP,"['Neurexa', 'RxProgram', 'Zemlora', 'Trivaxa']",Charles Lester,202664,1,0,0,2024-08-25
a04Qk000004Dgoj,Field,OH,45342,Miamisburg,9049 Springboro Pike,8785348004,Savannah Phillips,Detail Only,HCP Meal,"['Neurexa', 'RxProgram', 'Zemlora', 'Trivaxa']",Robert Harrison,465962,0,0,1,2024-09-01
a04Qk000004FlCP,Field,IL,60585,Plainfield,24600 W 127th St Ste B 135,8790442196,Kyle Warren,Detail Only,Face-to-Face with HCP,"['Neurexa', 'RxProgram', 'Zemlora', 'Trivaxa']",Mr. Andrew Foster,152578,0,0,0,2024-09-03
a04Qk000004EYYz,Virtual,NJ,07981,Whippany,91 S Jefferson Rd Ste 200,8795069711,David Larson,Detail Only,Phone Call with Clinical Staff,['Lexcura/Cymbrin/Multi-Vi-Flor'],Helen Jones,430776,0,0,1,2024-09-02
a04Qk000004C6fG,Field,AZ,85202,Mesa,2204 S Dobson Rd Ste 102,8796452465,Clayton Rios,Detail Only,Office Visit (no prescriber contact),"['Neurexa', 'RxProgram', 'Zemlora']",Paul Jones,205907,1,0,1,2024-08-30
a04Qk0000045fxu,Field,GA,30277,Sharpsburg,105 Fischer Marketplace Ln Ste 200,8798933673,Manuel Sanchez,Detail Only,Face-to-Face with HCP,"['Neurexa', 'RxProgram', 'Zemlora']",Melissa Gates,149405,0,1,1,2024-08-24
a04Qk000004Fhgf,Field,PA,18034,Center Valley,5425 Lanark Rd Ste 200,8801873022,Pamela Ryan,Detail Only,Office Visit (no prescriber contact),"['Neurexa', 'RxProgram', 'Zemlora', 'Trivaxa']",Noah Rhodes,216739,0,0,1,2024-09-03
a04Qk000004DiTx,Field,AZ,85051,Phoenix,10000 N 31st Ave Ste D201,8808618181,Rodney Delgado,Detail Only,Face-to-Face with HCP,"['Neurexa', 'RxProgram', 'Zemlora']",Joshua Reed,167136,0,0,1,2024-09-01
a04Qk000004AEc6,Field,PA,19406,King Of Prussia,150 S Warner Rd Ste 130,8810558429,Christopher Castillo,Detail Only,Face-to-Face with HCP,"['Neurexa', 'RxProgram', 'Trivaxa', 'Zemlora']",Julia Torres,684004,0,0,1,2024-08-26
a04Qk000004DlI9,Field,PA,19333,Devon,400 W Lancaster Ave,8810558429,Christopher Castillo,Detail Only,HCP Meal,"['Neurexa', 'RxProgram', 'Zemlora', 'Trivaxa']",Tracy Ballard,777568,0,1,1,2024-08-30
a04Qk000004Laar,Field,PA,19406,King Of Prussia,150 S Warner Rd Ste 130,8810558429,Christopher Castillo,Detail Only,Face-to-Face with HCP,"['Neurexa', 'RxProgram', 'Zemlora', 'Trivaxa']",Lauren Carson,522179,0,0,0,2024-09-06
a04Qk000004CK2J,Field,AZ,85202,Mesa,2204 S Dobson Rd Ste 102,8811306375,Roy Rivera,Detail Only,Office Visit (no prescriber contact),"['Neurexa', 'RxProgram', 'Zemlora']",Mary Marshall,322955,1,0,1,2024-08-30
a04Qk0000047ZtB,Field,VA,23229,Richmond,2301 N Parham Rd Ste 5,8816005619,Kelly Nelson,Detail Only,Office Visit (no prescriber contact),"['Neurexa', 'RxProgram', 'Zemlora']",Debra Davidson,391704,0,0,0,2024-08-25
a04Qk000004Jgfa,Field,FL,32571,Pace,4453 Highway 90,8816993686,Timothy Delgado,Detail Only,Office Visit (no prescriber contact),"['Zemlora', 'Trivaxa', 'Neurexa', 'RxProgram']",Holly Farmer,682765,0,1,0,2024-09-06
a04Qk0000047WSH,Field,MO,63017,Chesterfield,224 S Woods Mill Rd Ste 550S,8818622816,Joshua Love,Detail Only,HCP Meal,"['Zemlora', 'Neurexa', 'RxProgram']",Mary Escobar,237235,0,1,0,2024-08-25
a04Qk000004EYqj,Virtual,NJ,07621,Bergenfield,95 N Washington Ave,8820369541,Lisa Ferguson,Detail Only,Phone Call with Office Staff,['Lexcura/Cymbrin/Multi-Vi-Flor'],Julia Torres,684004,0,1,1,2024-09-02
a04Qk0000048d8N,Field,OH,45231,Cincinnati,740 W Galbraith Rd Ste 220,8820486317,Jody Sanchez,Detail Only,HCP Meal,"['Neurexa', 'RxProgram', 'Zemlora', 'Trivaxa']",Stephanie Byrd,858490,1,0,1,2024-08-26
a04Qk000004CL4o,Field,GA,30075,Roswell,9755 Dogwood Rd Ste 340,8820658353,Kelly Miller,Detail Only,Office Visit (no prescriber contact),"['Neurexa', 'RxProgram', 'Zemlora']",Angela Lin,789305,0,1,0,2024-08-30
a04Qk000004DdXV,Field,MD,21045,Columbia,5500 Knoll North Dr Ste 290,8829228539,Brian Navarro,Detail Only,HCP Meal,"['Zemlora', 'XR-ODT']",Jeffrey Chandler,158655,0,1,1,2024-09-01
a04Qk000004CZHR,Virtual,NV,89128,Las Vegas,911 N Buffalo Dr Unit 206,8829773911,Chase Bryant,Detail Only,Phone Call with Clinical Staff,"['Zemlora', 'Trivaxa', 'Neurexa', 'RxProgram']",Kevin Oconnor,471507,0,0,0,2024-08-30
a04Qk000004AGKX,Field,FL,32246,Jacksonville,9889 Gate Pkwy N Ste 305,8829809947,Morgan Lewis,Detail Only,Face-to-Face with HCP,"['Neurexa', 'RxProgram', 'Zemlora']",Carrie Wright,802258,1,0,0,2024-08-29
a04Qk000004CdzP,Field,MA,02476,Arlington,22 Mill St Ste 308,8832298633,David Casey,Detail Only,Office Visit (no prescriber contact),"['Neurexa', 'RxProgram', 'Zemlora']",Debra Christian,857168,0,0,0,2024-08-30
a04Qk000004AxZB,Field,GA,30121,Cartersville,12 Medical Dr NE,8833724648,Timothy Moreno,Detail Only,Face-to-Face with HCP,"['Neurexa', 'RxProgram', 'Zemlora']",Debra Christian,857168,0,0,0,2024-08-29
a04Qk000004EwJZ,Field,KY,41042,Florence,7370 Turfway Rd Ste 200,8834232490,Teresa Deleon,Detail Only,Face-to-Face with HCP,"['Neurexa', 'RxProgram', 'Zemlora', 'Trivaxa']",Donna Landry,736059,0,0,1,2024-09-02
a04Qk000004DdSf,Field,MD,21045,Columbia,5500 Knoll North Dr Ste 290,8839213932,Patrick Landry,Detail Only,HCP Meal,"['Zemlora', 'XR-ODT']",Adam Vaughan,632342,0,0,1,2024-09-01
a04Qk0000048zK9,Field,AL,36305,Dothan,364 Honeysuckle Rd,8840129366,Aaron Macias,Detail Only,Virtual Call,"['Zemlora', 'Neurexa', 'RxProgram']",Melissa Gates,149405,1,0,0,2024-08-26
a04Qk000004Fiw5,Field,NE,68124,Omaha,7500 Mercy Rd,8846278735,Tiffany Cooper PhD,Detail Only,Office Visit (no prescriber contact),"['Neurexa', 'RxProgram', 'Zemlora']",Johnathan Davis,300896,0,0,0,2024-09-01
a04Qk0000048VNh,Field,FL,33156,Pinecrest,12651 S Dixie Hwy Ste 320,8846296787,Bradley Morris II,Detail Only,Virtual Call with HCP,"['Zemlora', 'Neurexa', 'RxProgram']",Monica Herrera,809570,1,1,1,2024-08-26
a04Qk000004EJN3,Field,FL,33156,Pinecrest,12651 S Dixie Hwy Ste 320,8846296787,Bradley Morris II,Detail Only,Virtual Call with HCP,"['Zemlora', 'Neurexa', 'RxProgram']",John Daniel,865179,0,0,0,2024-09-02
a04Qk000004Dg0j,Virtual,NY,11797,Woodbury,814 Woodbury Rd,8851581004,Raymond Grant,Detail Only,Phone Call with Clinical Staff,['Lexcura/Cymbrin/Multi-Vi-Flor'],Jeremy Turner,749468,0,1,1,2024-09-01
a04Qk000004Dfsf,Field,NC,27713,Durham,4220 Apex Hwy Ste 200,8860627281,Scott Lewis,Detail Only,Office Visit (no prescriber contact),"['Zemlora', 'Neurexa', 'RxProgram']",Victor Brown,274389,1,0,1,2024-08-29
a04Qk000004LbTi,Field,NC,27713,Durham,4220 Apex Hwy Ste 200,8860627281,Scott Lewis,Detail Only,Office Visit (no prescriber contact),"['Zemlora', 'XR-ODT']",Jamie Walton,724834,0,0,1,2024-09-06
a04Qk0000049eTl,Field,TX,77042,Houston,2901 Wilcrest Dr Ste 520,8869054636,Michael Delacruz,Detail Only,Face-to-Face with HCP,"['Neurexa', 'RxProgram', 'Zemlora']",Tanner Mitchell DDS,299659,0,0,0,2024-08-26
a04Qk000004H8Rt,Field,TX,77042,Houston,2901 Wilcrest Dr Ste 520,8869054636,Michael Delacruz,Detail Only,Face-to-Face with HCP,"['Neurexa', 'RxProgram', 'Zemlora']",Michael Mitchell,515011,1,0,1,2024-09-03
a04Qk000004D0uL,Field,TX,78757,Austin,1914 Justin Ln,8869842119,Leonard Brown,Detail Only,Face-to-Face with HCP,"['Trivaxa', 'Zemlora', 'Neurexa', 'RxProgram']",Jeremy Dalton,972064,0,1,1,2024-08-30
a04Qk000004DmSj,Field,PA,19406,King Of Prussia,201 Mall Blvd # St 204,8870368051,James Miller,Detail Only,Office Visit (no prescriber contact),"['Neurexa', 'RxProgram', 'Zemlora']",Brian Rodriguez,488162,1,0,1,2024-09-01
a04Qk0000046N1F,Field,KS,66044,Lawrence,1803 W 6th St,8870440436,Andrew Gilbert PhD,Detail Only,Face-to-Face with HCP,"['Neurexa', 'RxProgram', 'Trivaxa', 'Zemlora']",Kristen Davis,518373,0,0,1,2024-08-24
a04Qk000004FiWH,Field,OH,43026,Hilliard,3578 Fishinger Blvd,8873730970,Jacob Guerrero,Detail Only,Virtual Call,"['Neurexa', 'RxProgram', 'Zemlora']",Michelle Brown,617488,0,0,1,2024-09-03
a04Qk0000047LAH,Virtual,MO,64152,Kansas City,8201 NW Mace Rd,8874829196,Sarah Esparza MD,Detail Only,Phone Call with Clinical Staff,"['Zemlora', 'Trivaxa', 'Neurexa', 'RxProgram']",Jeffrey Johnson,930555,0,1,1,2024-08-25
a04Qk000004IxAb,Field,AL,35223,Birmingham,3300 Cahaba Rd Ste 102,8876604445,Michelle Hammond,Detail Only,Office Visit (no prescriber contact),"['Neurexa', 'RxProgram', 'Zemlora', 'Trivaxa']",Patrick Thornton,680828,0,0,1,2024-09-06
a04Qk0000046Ltt,Field,KS,66049,Lawrence,4930 Overland Dr,8877100121,Sandy Mcguire,Detail Only,HCP Meal,"['Neurexa', 'RxProgram', 'Zemlora']",Bryan Herrera,308573,0,0,0,2024-08-24
a04Qk000004DKkz,Field,NC,27502,Apex,2080 Energy Dr,8877816098,David Liu,Detail Only,Office Visit (no prescriber contact),"['Zemlora', 'XR-ODT']",Shannon Jones,460663,0,0,1,2024-09-01
a04Qk000004H6gE,Field,PA,19610,Wyomissing,2201 Ridgewood Rd Ste 400,8880540662,David Hood,Detail Only,Face-to-Face with HCP,"['Zemlora', 'Neurexa', 'RxProgram']",Cynthia Rowe,716886,1,0,1,2024-09-06
a04Qk0000048obd,Field,MO,63376,Saint Peters,1 Mid Rivers Mall Dr Ste 360,8881941269,Karen Thornton,Detail Only,HCP Meal,"['Neurexa', 'RxProgram', 'Zemlora']",Connie Lawrence,356787,0,0,1,2024-08-26
a04Qk000004FtoH,Field,MO,63128,Saint Louis,5000 Cedar Plz Pkwy Ste 350,8881941269,Karen Thornton,Detail Only,HCP Meal,"['Neurexa', 'RxProgram', 'Zemlora']",Susan Turner,214576,1,1,0,2024-09-02
a04Qk000004B6cT,Field,IL,60050,Mchenry,5404 W Elm St Ste Q,8892775414,David Sanchez,Detail Only,Office Visit (no prescriber contact),"['Neurexa', 'RxProgram', 'Zemlora', 'Trivaxa']",Justin Torres,120422,0,0,0,2024-08-29
a04Qk000004B6Cf,Field,FL,33510,Brandon,141 N Oakwood Ave,8895518334,Adam Wong,Detail Only,Face-to-Face with HCP,"['Neurexa', 'RxProgram', 'Zemlora', 'Trivaxa']",Victor Brown,274389,1,0,0,2024-08-29
a04Qk000004HCKD,Field,FL,33510,Brandon,141 N Oakwood Ave,8895518334,Adam Wong,Detail Only,Face-to-Face with HCP,"['Neurexa', 'RxProgram', 'Zemlora', 'Trivaxa']",Julie Alexander,100599,0,0,1,2024-09-06
a04Qk000004DYBG,Field,FL,33759,Clearwater,2454 N McMullen Booth Rd Ste 501 502 503 504,8898296089,Mrs. Penny Garcia DVM,Detail Only,HCP Meal,"['Zemlora', 'Neurexa', 'RxProgram']",Zachary Ferrell,498591,1,0,1,2024-09-01
a04Qk00000475dN,Virtual,CA,90292,Marina Del Rey,13160 Mindanao Way Ste 213,8898931655,Teresa Morris,Detail Only,Phone Call with Clinical Staff,"['Zemlora', 'Neurexa', 'RxProgram']",Timothy Duncan,377370,0,1,1,2024-08-25
a04Qk000004Dmm5,Field,TX,78759,Austin,"11673 Jollyville Rd Bldg B, Ste 202",8900557548,Victoria Drake,Detail Only,Face-to-Face with HCP,"['Zemlora', 'Neurexa', 'RxProgram']",Ethan Adams,731262,0,0,0,2024-09-01
a04Qk000004JuH7,Field,TX,78759,Austin,"11673 Jollyville Rd Bldg B, Ste 202",8900557548,Victoria Drake,Detail Only,Face-to-Face with HCP,"['Zemlora', 'Neurexa', 'RxProgram']",Anthony Harmon,115474,0,0,1,2024-09-06
a04Qk0000049eFF,Field,TX,77450,Katy,705 S Fry Rd Ste 120,8900698007,Jill Jones,Detail Only,Office Visit (no prescriber contact),"['Neurexa', 'RxProgram', 'Trivaxa', 'Zemlora']",Lisa Jackson,198246,0,0,0,2024-08-25
a04Qk000004CP1x,Field,NC,27607,Raleigh,2800 Blue Ridge Rd Ste 401,8901701567,Kayla Harris,Detail Only,Office Visit (no prescriber contact),"['Zemlora', 'XR-ODT']",Joann Glass,707040,0,0,1,2024-08-30
a04Qk0000047IQw,Field,OH,43220,Columbus,4100 Horizons Dr Ste 100,8904485816,Craig Lee,Detail Only,HCP Meal,"['Neurexa', 'RxProgram', 'Zemlora']",Samantha Garcia,407757,0,0,0,2024-08-26
a04Qk0000047WVV,Field,MO,63017,Town And Country,13001 N Outer 40 Rd Ste 320,8910885030,Tammy Sexton,Detail Only,Face-to-Face with HCP,"['Trivaxa', 'Neurexa', 'RxProgram']",Cathy Robinson,260263,1,0,1,2024-08-25
a04Qk000004EkOr,Field,WI,53142,Kenosha,6121 Green Bay Rd,8914919808,Jessica King,Detail Only,HCP Meal,"['Neurexa', 'RxProgram', 'Zemlora', 'Trivaxa']",Julie Alexander,100599,0,0,1,2024-09-03
a04Qk000004D2Ta,Field,AL,35244,Hoover,3000 Riverchase Galleria Ste 500,8918128480,Craig Logan,Detail Only,HCP Meal,"['Zemlora', 'Neurexa', 'RxProgram', 'Trivaxa']",Dana Chapman,171849,1,0,0,2024-08-29
a04Qk0000046Kuc,Field,NC,28052,Gastonia,409 S Oakland St,8919396325,Jon Hanson,Detail Only,Office Visit (no prescriber contact),"['Zemlora', 'Neurexa', 'RxProgram']",Brian Smith,184002,0,0,1,2024-08-29
a04Qk000004DKWT,Field,NY,10018,New York,246 W 38th St Ste 10R,8930660068,Helen Brown,Detail Only,Office Visit (no prescriber contact),"['Neurexa', 'RxProgram', 'Zemlora']",Angelica Tucker,263032,1,0,1,2024-09-01
a04Qk000004C1Fl,Field,NC,28401,Wilmington,1444 S 17th St,8934549412,Andrew Fischer,Detail Only,Office Visit (no prescriber contact),"['Neurexa', 'RxProgram', 'Zemlora', 'Trivaxa']",Philip Cannon,325772,0,0,1,2024-08-30
a04Qk000004EMfu,Field,GA,31602,Valdosta,3331 N Valdosta Rd,8936177611,Paige Warren,Detail Only,Face-to-Face with HCP,"['Neurexa', 'RxProgram', 'Zemlora', 'Trivaxa']",Shane Henderson,452944,1,0,1,2024-09-02
a04Qk0000047aSf,Field,AL,35758,Madison,8215 Madison Blvd Ste 130,8943293331,Dr. Sonya Jackson,Detail Only,Face-to-Face with HCP,"['Neurexa', 'RxProgram', 'Zemlora', 'Trivaxa']",Ashley Wise,690341,0,0,1,2024-08-25
a04Qk00000473Bm,Virtual,OK,73117,Oklahoma City,1200 NE 13th St,8946023094,Jamie Acosta,Detail Only,Phone Call with Clinical Staff,"['Zemlora', 'Trivaxa', 'Neurexa', 'RxProgram']",Johnathan Davis,300896,1,1,0,2024-08-25
a04Qk000004DIEX,Field,GA,30328,Atlanta,5887 Glenridge Dr Ste 140,8948055264,Elizabeth Simmons,Detail Only,Face-to-Face with HCP,"['Neurexa', 'RxProgram', 'Zemlora']",John Daniel,865179,0,0,1,2024-09-01
a04Qk000004HBZR,Field,NC,27030,Mount Airy,100 N Pointe Blvd,8952089752,Johnny Stephenson,Detail Only,Office Visit (no prescriber contact),"['Zemlora', 'XR-ODT']",Antonio Garcia,373432,0,0,0,2024-09-06
a04Qk000004FyKv,Field,OH,41011,Covington,924 Main St,8953184037,Samantha Thompson,Detail Only,HCP Meal,"['Neurexa', 'RxProgram', 'Zemlora', 'Trivaxa']",James Padilla,994141,0,0,1,2024-09-03
a04Qk0000048POk,Field,GA,30046,Lawrenceville,595 Hurricane Shoals Rd,8954952052,Jill Cox,Detail Only,Face-to-Face with HCP,"['Neurexa', 'RxProgram', 'Zemlora']",Daniel Kane,677057,0,1,0,2024-08-26
a04Qk000004Gz5F,Field,GA,30046,Lawrenceville,595 Hurricane Shoals Rd NW Ste 300,8954952052,Jill Cox,Detail Only,Face-to-Face with HCP,"['Neurexa', 'RxProgram', 'Zemlora']",Danny Morgan,201414,0,0,1,2024-09-06
a04Qk000004HuUv,Field,FL,33510,Brandon,407 N Parsons Ave,8955512436,Stephen Shaffer,Detail Only,Face-to-Face with HCP,"['Neurexa', 'RxProgram', 'Zemlora']",Nathan Maldonado,717889,0,0,0,2024-09-06
a04Qk0000048bhd,Virtual,MO,64108,Kansas City,1000 E 24th St,8959976555,Nancy Wheeler,Detail Only,Phone Call with Office Staff,"['Zemlora', 'Neurexa', 'RxProgram']",Justin Baker,850800,0,0,1,2024-08-26
a04Qk0000048bjF,Virtual,MO,64108,Kansas City,1000 E 24th St,8959976555,Nancy Wheeler,Detail Only,Fax to HCP Office,"['Neurexa', 'RxProgram']",Gabrielle Davis,872246,1,0,1,2024-08-26
a04Qk000004B81Z,Field,VA,23225,Richmond,1000 Boulders Pkwy Ste 202,8960428484,Heather Snyder,Detail Only,HCP Meal,"['Neurexa', 'RxProgram', 'Zemlora', 'Trivaxa']",Patrick Thornton,680828,0,0,1,2024-08-29
a04Qk000004GKGb,Field,VA,23112,Midlothian,5955 Harbour Park Dr,8965038691,Abigail Washington,Detail Only,Office Visit (no prescriber contact),"['Zemlora', 'Neurexa', 'RxProgram', 'Trivaxa']",Michelle Evans,380746,1,1,1,2024-09-03
a04Qk0000046AOz,Field,IA,51101,Sioux City,505 5th St Ste 201,8965729388,Shannon Farmer,Detail Only,Office Visit (no prescriber contact),"['Neurexa', 'RxProgram', 'Zemlora']",Gerald Hensley,662275,1,0,1,2024-08-24
a04Qk000004B0on,Field,AZ,85016,Phoenix,2355 E Camelback Rd Ste 625,8967598432,Jessica Barnes,Detail Only,Office Visit (no prescriber contact),"['Neurexa', 'RxProgram', 'Zemlora']",Ryan Rosales,559469,0,0,1,2024-08-29
a04Qk0000048LTB,Field,LA,70517,Breaux Bridge,555 Lakes Blvd,8969586435,Jessica Martin,Detail Only,Office Visit (no prescriber contact),['Norexel'],Mr. Andrew Foster,152578,0,0,0,2024-08-26
a04Qk000004AJbl,Field,LA,70517,Breaux Bridge,555 Lakes Blvd,8969586435,Jessica Martin,Detail with Sample,Face-to-Face with HCP,['Norexel'],Gerald Hensley,662275,1,0,0,2024-08-29
a04Qk0000047RE5,Field,MD,21204,Towson,658 Kenilworth Dr Ste 206,8972381126,Tammy Wright,Detail Only,HCP Meal,"['Zemlora', 'XR-ODT']",Christopher Smith,269396,0,0,1,2024-08-25
a04Qk000004Gxkz,Field,WI,53226,Milwaukee,9000 W Wisconsin Ave,8977943796,Wanda Freeman,Detail Only,Office Visit (no prescriber contact),"['Neurexa', 'RxProgram']",Yvonne Chambers,791798,0,0,0,2024-09-06
a04Qk000004DlBh,Field,PA,18901,Doylestown,800 W State St Ste 101,8978244011,Kelsey Donovan,Detail Only,Office Visit (no prescriber contact),"['Zemlora', 'Trivaxa', 'Neurexa', 'RxProgram']",Holly Valentine,172132,0,0,1,2024-08-29
a04Qk000004EaR7,Field,IL,60067,Palatine,1214 W Northwest Hwy Entrance 1,8981066999,Antonio Morton,Detail Only,Office Visit (no prescriber contact),"['Neurexa', 'RxProgram', 'Zemlora']",Carlos Ryan,531071,1,0,0,2024-09-02
a04Qk0000048d0H,Field,MA,01730,Bedford,41 North Rd Ste 200,8981910057,Roy Sims,Detail Only,Office Visit (no prescriber contact),"['Neurexa', 'RxProgram', 'Zemlora', 'Trivaxa']",Anna Henderson,379946,0,0,0,2024-08-26
a04Qk000004EwD7,Field,KY,41042,Florence,7370 Turfway Rd Ste 200,8990165527,David Phillips,Detail Only,Face-to-Face with HCP,"['Neurexa', 'RxProgram', 'Zemlora', 'Trivaxa']",Bryan Herrera,308573,0,0,0,2024-09-02
a04Qk0000044XG1,Field,NC,28655,Morganton,100 Medical Heights Dr,8994099618,Melanie Gentry,Detail Only,HCP Meal,"['Zemlora', 'Trivaxa']",Rodney Morales,439902,1,0,1,2024-08-24
a04Qk0000048TCD,Field,MI,48083,Troy,1639 E Big Beaver Rd Ste 201,9006416573,Marc Hamilton,Detail Only,Virtual Call with HCP,"['Neurexa', 'RxProgram']",Matthew Harrington,363626,1,0,1,2024-08-26
a04Qk000004ASDd,Field,MI,48083,Troy,1639 E Big Beaver Rd Ste 201,9006416573,Marc Hamilton,Detail Only,HCP Meal,"['Zemlora', 'Trivaxa', 'Neurexa', 'RxProgram']",Victor Brown,274389,0,0,0,2024-08-29
a04Qk000004DOoc,Field,OH,45503,Springfield,218 Northparke Dr Ste B,9018990934,Amanda Payne,Detail Only,Office Visit (no prescriber contact),"['Neurexa', 'RxProgram', 'Zemlora', 'Trivaxa']",Joann Ferguson,238890,0,0,0,2024-09-01
a04Qk000004DkxB,Field,TX,77573,League City,2360 Gulf Fwy S 100B,9023936714,Larry Sawyer,Detail Only,Office Visit (no prescriber contact),"['Zemlora', 'Neurexa', 'RxProgram']",Charles Schultz,328275,1,0,1,2024-09-01
a04Qk000004EPc9,Field,NE,68502,Lincoln,2130 S 17th St Ste 100,9025240844,Laura Hubbard,Detail Only,Face-to-Face with HCP,"['Neurexa', 'RxProgram', 'Zemlora']",Michelle Harmon,944151,0,1,0,2024-09-02
a04Qk000004DmhF,Field,TX,78628,Georgetown,1508 Leander Rd,9027987690,Dawn Olson,Detail Only,Office Visit (no prescriber contact),"['Zemlora', 'Neurexa', 'RxProgram']",Patricia Le,272634,0,0,0,2024-09-01
a04Qk0000048FnZ,Field,SC,29169,West Columbia,101 Sum Mor Dr,9029097020,Kimberly Martinez,Detail Only,Office Visit (no prescriber contact),"['Neurexa', 'RxProgram', 'Zemlora', 'Trivaxa']",Tamara Davis,294851,0,0,1,2024-08-26
a04Qk000004D0mH,Field,TX,78731,Austin,3501 Mills Ave,9029113705,Kaylee Lopez,Detail Only,Office Visit (no prescriber contact),"['Zemlora', 'Neurexa', 'RxProgram']",Julian Conner,692683,1,0,1,2024-08-29
a04Qk000004DKoD,Field,NC,27502,Apex,2080 Energy Dr,9035636505,Kimberly Cortez PhD,Detail Only,Face-to-Face with HCP,"['Zemlora', 'XR-ODT']",Dawn Summers,864491,1,0,1,2024-09-01
a04Qk0000047M37,Virtual,CA,90505,Torrance,3333 Skypark Dr Ste 220,9040698337,Tyler Brooks,Detail Only,Phone Call with Office Staff,"['Zemlora', 'Trivaxa', 'Neurexa', 'RxProgram']",Jesse Perry,102260,0,1,1,2024-08-25
a04Qk000004DK53,Field,SC,29607,Greenville,225 Adley Way,9041792870,Joe Dunn,Detail Only,Face-to-Face with HCP,"['Zemlora', 'Neurexa', 'RxProgram']",Crystal Robinson,476417,0,0,0,2024-09-01
a04Qk0000045ubx,Virtual,PA,18434,Jessup,1355 Veterans Memorial Dr,9048085186,Donna Drake,Detail Only,Phone Call with Office Staff,['Lexcura/Cymbrin/Multi-Vi-Flor'],Allison Smith,666847,0,0,1,2024-08-24
a04Qk0000047VG5,Field,FL,32607,Gainesville,2005 SW 75th St Ste 10,9058767926,Brittany Taylor,Detail Only,Face-to-Face with HCP,"['Trivaxa', 'Zemlora']",Jeffrey Chavez,948749,0,0,0,2024-08-25
a04Qk000004ExVl,Field,FL,32607,Gainesville,2005 SW 75th St Ste 10,9058767926,Brittany Taylor,Detail Only,Face-to-Face with HCP,"['Zemlora', 'Trivaxa']",Courtney Gonzalez,581141,1,0,0,2024-09-02
a04Qk0000049e8n,Field,TX,77433,Cypress,13203 Fry Rd Ste 600,9059843132,Kelli Harper,Detail Only,Face-to-Face with HCP,"['Neurexa', 'RxProgram', 'Zemlora', 'Trivaxa']",Jeffrey Johnson,930555,0,0,1,2024-08-25
a04Qk0000047HTF,Field,AZ,85258,Scottsdale,10200 N 92nd St Ste 150,9065623561,Molly Davis,Detail Only,Virtual Call,"['Trivaxa', 'Neurexa', 'RxProgram']",Madison Weber,723398,0,0,1,2024-08-29
a04Qk0000046Ojh,Field,NC,27410,Greensboro,3300 Battleground Ave Ste 100,9065659118,Laura Waller,Detail Only,Face-to-Face with HCP,"['Zemlora', 'XR-ODT']",Jessica Stephens,867460,0,0,1,2024-08-24
a04Qk000004G4N7,Field,NC,27410,Greensboro,3300 Battleground Ave Ste 100,9065659118,Laura Waller,Detail Only,Office Visit (no prescriber contact),"['Zemlora', 'Neurexa', 'RxProgram']",Kristen Davis,518373,1,1,1,2024-09-03
a04Qk0000047Ugb,Field,FL,34471,Ocala,2725 SE Maricamp Rd,9069672687,Jennifer Mitchell,Detail Only,Face-to-Face with HCP,"['Trivaxa', 'Zemlora']",Debra Davidson,391704,0,1,1,2024-08-25
a04Qk000004Hn5F,Field,OH,45040,Mason,8185 Corporate Way,9083813998,Stephen Neal,Detail Only,Face-to-Face with HCP,"['Neurexa', 'RxProgram', 'Zemlora', 'Trivaxa']",Megan Le,201639,0,0,0,2024-09-06
a04Qk0000048D94,Field,AL,36607,Mobile,2560 Old Shell Rd,9083902163,Isaac Mendez,Detail Only,Office Visit (no prescriber contact),"['Zemlora', 'Neurexa', 'RxProgram']",Daniel Salinas,898975,0,0,1,2024-08-25
a04Qk0000046Oer,Field,NC,27410,Greensboro,445 Dolley Madison Rd Ste 410,9084396817,Larry Allen,Detail Only,Face-to-Face with HCP,"['Zemlora', 'XR-ODT']",Jonathan Lawrence,330914,1,1,1,2024-08-24
a04Qk000004AoCX,Virtual,TN,38138,Germantown,1255 S Germantown Rd,9086109776,Lori Merritt,Detail Only,Phone Call with Office Staff,"['Zemlora', 'Trivaxa', 'Neurexa', 'RxProgram']",Sandra Aguilar,738720,0,0,1,2024-08-29
a04Qk000004EzZB,Field,VA,23435,Suffolk,"3897 Bridge Rd Building B, Suite 104",9097365120,Jennifer Miller,Detail Only,Office Visit (no prescriber contact),"['Zemlora', 'Neurexa', 'RxProgram']",Jesse Brown,539589,0,0,1,2024-09-02
a04Qk0000047a4T,Field,GA,30809,Evans,601 N Belair Sq Ste 15,9106255903,Amy Benson,Detail Only,HCP Meal,"['Zemlora', 'Trivaxa', 'Neurexa', 'RxProgram']",Jason Stein,892495,0,1,0,2024-08-25
a04Qk000004Amgz,Field,GA,30809,Evans,601 N Belair Sq Ste 15,9106255903,Amy Benson,Detail Only,Face-to-Face with HCP,"['Trivaxa', 'Zemlora', 'Neurexa', 'RxProgram']",Daniel Murphy,500156,0,0,1,2024-08-29
a04Qk000004Fn1J,Field,GA,30566,Oakwood,4222 Fairbanks Dr,9109159609,Jessica George,Detail Only,Face-to-Face with HCP,"['Neurexa', 'RxProgram', 'Zemlora']",Michele Williams,191161,1,0,0,2024-09-03
a04Qk000004ETZJ,Virtual,NY,10962,Orangeburg,30 Ramland Rd S Ste 200A,9114056900,Tamara Morrison,Detail Only,Phone Call with Clinical Staff,['Lexcura/Cymbrin/Multi-Vi-Flor'],Noah Rhodes,216739,0,0,1,2024-09-02
a04Qk000004BtF0,Field,GA,31901,Columbus,2000 16th Ave,9119120668,Michael Simpson,Detail Only,Face-to-Face with HCP,"['Neurexa', 'RxProgram', 'Zemlora']",Jose Travis,665492,0,0,0,2024-08-30
a04Qk0000046OoX,Field,NC,27401,Greensboro,1002 N Church St Ste 1,9121296332,Gary Rubio,Detail Only,Face-to-Face with HCP,"['Zemlora', 'XR-ODT']",Brian Lee,899550,0,0,1,2024-08-24
a04Qk0000048T7N,Field,NC,27401,Greensboro,1002 N Church St Ste 1,9121296332,Gary Rubio,Detail with Sample,Face-to-Face with HCP,"['Neurexa', 'RxProgram', 'Norexel']",Alyssa Day,166613,0,1,1,2024-08-26
a04Qk000004DZaL,Field,IL,60076,Skokie,4709 Golf Rd Fl 7,9124268471,William Burns,Detail Only,Office Visit (no prescriber contact),"['Neurexa', 'RxProgram', 'Zemlora']",Bryan Gomez,399105,0,0,0,2024-09-01
a04Qk0000049dXh,Field,TX,77027,Houston,1001 West Loop S Ste 215,9134263748,Gerald Phillips,Detail Only,Office Visit (no prescriber contact),"['Neurexa', 'RxProgram', 'Zemlora', 'Trivaxa']",Kathleen Moran,781446,0,0,0,2024-08-26
a04Qk000004H88X,Field,TX,77027,Houston,1001 West Loop S Ste 215,9134263748,Gerald Phillips,Detail Only,Face-to-Face with HCP,"['Zemlora', 'Trivaxa', 'Neurexa', 'RxProgram']",Crystal Johnson,330283,1,0,0,2024-09-03
a04Qk000004MxGr,Field,TX,77027,Houston,1001 West Loop S Ste 215,9134263748,Gerald Phillips,Detail Only,Face-to-Face with HCP,"['Neurexa', 'RxProgram', 'Zemlora', 'Trivaxa']",Monica Herrera,809570,0,0,1,2024-09-06
a04Qk000004EYXN,Virtual,IN,46514,Elkhart,3301 County Road 6 E,9135451454,Sandra Smith,Detail Only,Fax to HCP Office,"['Neurexa', 'RxProgram']",Joseph Knight,801474,0,0,1,2024-09-02
a04Qk000004Ax9N,Field,PA,19102,Philadelphia,1528 Walnut St Ste 950,9147866543,Joshua Miller,Detail Only,HCP Meal,"['Zemlora', 'Neurexa', 'RxProgram']",Dylan Miller,719176,1,1,0,2024-08-29
a04Qk000004HsPt,Field,TX,75078,Prosper,1000 N Preston Rd Ste 20,9149207643,Kimberly Graves,Detail Only,Office Visit (no prescriber contact),"['Trivaxa', 'Neurexa', 'RxProgram']",Amber Wright,665158,0,0,1,2024-09-06
a04Qk000004CGUv,Field,AZ,85053,Phoenix,15420 N 32nd Dr,9155836927,Jeremy Butler,Detail Only,Virtual Call,"['Neurexa', 'RxProgram', 'Trivaxa']",Tammie Bright,446479,1,0,0,2024-08-30
a04Qk000004AljK,Field,NC,28036,Davidson,903 Northeast Dr Ste 301,9158493084,Nathan Mack,Detail Only,Office Visit (no prescriber contact),"['Zemlora', 'Neurexa', 'RxProgram']",Fred Smith,543143,0,0,0,2024-08-30
a04Qk000004EoCN,Field,LA,70508,Lafayette,101 Rue Fontaine Bldg 2,9158822627,Keith Davis,Detail with Sample,Face-to-Face with HCP,"['Norexel', 'Neurexa', 'RxProgram']",Robert Oconnell,814825,0,0,1,2024-09-02
a04Qk0000046F0T,Field,AL,35244,Birmingham,3825 Lorna Rd Ste 240,9159352645,Erin Mills,Detail Only,Face-to-Face with HCP,"['Neurexa', 'RxProgram', 'Zemlora', 'Trivaxa']",Carolyn Miller,608993,0,1,1,2024-08-24
a04Qk000004CLuQ,Field,KS,66606,Topeka,901 SW Garfield Ave,9163054777,Peggy Costa,Detail Only,Office Visit (no prescriber contact),"['Neurexa', 'RxProgram', 'Zemlora']",Holly Farmer,682765,0,1,1,2024-08-30
a04Qk0000045jTd,Field,NY,10522,Dobbs Ferry,Echo Hl,9166556070,Sean Ross,Detail Only,Virtual Call,"['Neurexa', 'RxProgram', 'Zemlora', 'Trivaxa']",Michael Warner,694916,1,0,0,2024-08-24
a04Qk0000045xTN,Field,MA,02072,Stoughton,450 Pearl St Ste 3,9168512455,Christina Harrison,Detail Only,Office Visit (no prescriber contact),"['Neurexa', 'RxProgram', 'Zemlora']",Kathleen Moran,781446,0,0,1,2024-08-24
a04Qk000004Ft57,Field,AL,36526,Daphne,28150 N Main St,9168781003,Timothy Miller,Detail Only,Office Visit (no prescriber contact),"['Trivaxa', 'Neurexa', 'RxProgram', 'Zemlora']",Jessica Gross,265840,0,0,1,2024-09-02
a04Qk000004HcJV,Field,NY,11710,Bellmore,2592 Merrick Rd Unit A,9172666167,Richard Burns,Detail Only,HCP Meal,"['Neurexa', 'RxProgram', 'Zemlora', 'Trivaxa']",Angela Lopez,793384,0,0,0,2024-09-06
a04Qk000004CaNB,Field,KY,40222,Louisville,2327 Lime Kiln Ln,9172839358,Christopher Jones,Detail Only,HCP Meal,"['Neurexa', 'RxProgram', 'Zemlora', 'Trivaxa']",Aimee Turner,712554,0,1,0,2024-08-30
a04Qk0000048qaD,Field,FL,32746,Lake Mary,410 Waymont Ct,9173297977,Jonathan Holt,Detail Only,Face-to-Face with HCP,"['Zemlora', 'XR-ODT']",Cassandra Gaines,895667,0,0,1,2024-08-26
a04Qk000004He3a,Field,NY,11570,Rockville Centre,310 Merrick Rd,9178763802,Adam Blackburn,Detail with Sample,Face-to-Face with HCP,['Norexel'],Ralph Anderson,176819,0,0,0,2024-09-06
a04Qk0000047XWP,Field,TX,77581,Pearland,2017 Broadway St Ste A,9183740191,Leah Williams,Detail Only,Face-to-Face with HCP,"['Trivaxa', 'Neurexa', 'RxProgram']",Trevor Johnson,542374,0,0,0,2024-08-25
a04Qk000004BwzG,Field,NC,27518,Cary,530 New Waverly Pl Ste 115,9184685348,Edward Parker,Detail Only,Virtual Call with HCP,"['Neurexa', 'RxProgram', 'Zemlora', 'Trivaxa']",Jessica Smith,779514,0,0,0,2024-08-30
a04Qk0000046GUS,Virtual,CO,80234,Northglenn,11154 Huron St Ste 212,9185093889,Mrs. Erica Galvan MD,Detail Only,Phone Call with Clinical Staff,"['Zemlora', 'Trivaxa', 'Neurexa', 'RxProgram']",Krista Gibson,543692,0,0,0,2024-08-24
a04Qk000004EJ17,Field,NC,27455,Greensboro,3822 N Elm St Ste 101,9186575713,Melissa Allen,Detail Only,Office Visit (no prescriber contact),"['Zemlora', 'Neurexa', 'RxProgram']",Debra Christian,857168,0,0,1,2024-09-02
a04Qk000004Fw1N,Field,TX,77459,Missouri City,5819 Highway 6 Ste 300,9188755054,James Jimenez,Detail Only,Virtual Call,"['Trivaxa', 'Neurexa', 'RxProgram']",Holly Farmer,682765,0,0,1,2024-09-03
a04Qk0000046JyX,Field,GA,30068,Marietta,1121 Johnson Ferry Rd Ste 220,9188944500,Richard Valdez,Detail Only,Office Visit (no prescriber contact),"['Neurexa', 'RxProgram', 'Zemlora', 'Trivaxa']",Jose Travis,665492,1,0,0,2024-08-24
a04Qk000004BzAj,Field,GA,30068,Marietta,1121 Johnson Ferry Rd Ste 220,9188944500,Richard Valdez,Detail Only,Office Visit (no prescriber contact),"['Neurexa', 'RxProgram', 'Zemlora', 'Trivaxa']",Ashley Hall,863587,1,0,1,2024-08-30
a04Qk000004EpWb,Field,GA,30328,Atlanta,755 Mount Vernon Hwy NE,9189517245,Jessica Jones,Detail Only,Office Visit (no prescriber contact),"['Neurexa', 'RxProgram', 'Zemlora']",Jonathan Lawrence,330914,0,0,1,2024-09-02
a04Qk000004EoCM,Field,GA,30328,Atlanta,755 Mount Vernon Hwy NE,9189517245,Jessica Jones,Detail Only,Virtual Call,"['Neurexa', 'RxProgram', 'Zemlora']",Amber Obrien,526833,0,0,1,2024-09-02
a04Qk0000047XL7,Field,OH,45373,Troy,31 S Stanfield Rd Ste 301,9191239553,Michael Watson,Detail Only,HCP Meal,"['Neurexa', 'RxProgram', 'Zemlora']",Krista Gibson,543692,0,0,1,2024-08-25
a04Qk000004Fe9J,Field,AZ,85234,Gilbert,2550 E Guadalupe Rd Ste 115,9191686652,Brent Nichols,Detail Only,HCP Meal,"['Neurexa', 'RxProgram', 'Zemlora', 'Trivaxa']",Cristian Santos,388389,0,0,1,2024-09-03
a04Qk0000042uTd,Field,NY,10022,New York,575 Lexington Ave Fl 4,9193851422,Keith Estrada,Detail Only,Office Visit (no prescriber contact),"['Neurexa', 'RxProgram', 'Zemlora']",Lisa Allen,324643,0,0,0,2024-08-25
a04Qk000004ASKA,Field,NY,10022,New York,575 Lexington Ave Fl 4,9193851422,Keith Estrada,Detail Only,Office Visit (no prescriber contact),"['Neurexa', 'RxProgram', 'Zemlora']",Jesse Perez,497382,0,1,0,2024-08-29
a04Qk000004ENor,Field,IN,47006,Batesville,124 State Road 46 W,9197009041,Nathaniel Campbell,Detail Only,Virtual Call,"['Neurexa', 'RxProgram', 'Zemlora', 'Trivaxa']",Elizabeth Fowler,944962,0,0,1,2024-09-02
a04Qk000004H0cP,Field,FL,33313,Lauderhill,1835 NW 58th Ave,9200933271,Christopher Richardson,Detail Only,HCP Meal,"['Zemlora', 'Neurexa', 'RxProgram']",Angelica Tucker,263032,0,1,0,2024-09-06
a04Qk000004AkDl,Field,TN,37922,Knoxville,10241 Kingston Pike,9207429861,Christopher Young,Detail Only,Office Visit (no prescriber contact),"['Trivaxa', 'Zemlora', 'Neurexa', 'RxProgram']",Lori Hernandez,141672,0,0,1,2024-08-29
a04Qk0000048vOb,Field,KS,67156,Winfield,1305 E 19th Ave,9208217387,Susan Mcdonald,Detail Only,Virtual Call,"['Neurexa', 'RxProgram', 'Zemlora']",Shelia Wallace,639131,0,0,0,2024-08-26
a04Qk0000047G49,Field,SC,29466,Mount Pleasant,1200 Two Island Ct Unit E,9208516997,Crystal Campbell,Detail Only,Office Visit (no prescriber contact),"['Neurexa', 'RxProgram', 'Zemlora']",Denise Jones,329974,0,0,0,2024-08-24
a04Qk000004G2mj,Field,SC,29466,Mount Pleasant,1200 Two Island Ct Unit E,9208516997,Crystal Campbell,Detail Only,Office Visit (no prescriber contact),"['Zemlora', 'Neurexa', 'RxProgram']",Phillip Nelson,974244,0,0,1,2024-09-03
a04Qk0000046E4P,Field,FL,32539,Crestview,160 E Redstone Ave,9210236362,Robert Russell,Detail Only,HCP Meal,"['Zemlora', 'Neurexa', 'RxProgram']",Michael Elliott,813328,0,0,0,2024-08-24
a04Qk000004DmxN,Field,FL,32539,Crestview,160 E Redstone Ave,9210236362,Robert Russell,Detail Only,HCP Meal,"['Zemlora', 'Neurexa', 'RxProgram']",Kelly Donovan,183667,0,0,1,2024-08-30
a04Qk000004AYyz,Virtual,CA,90027,Los Angeles,2047 Laughlin Park Dr,9211193660,Christopher Cobb,Detail Only,Phone Call with Clinical Staff,"['Zemlora', 'Trivaxa', 'Neurexa', 'RxProgram']",Cathy Robinson,260263,0,0,1,2024-08-29
a04Qk000004AQiF,Field,MI,48083,Troy,1639 E Big Beaver Rd Ste 201,9217683306,John Abbott,Detail Only,Office Visit (no prescriber contact),"['Zemlora', 'Trivaxa', 'Neurexa', 'RxProgram']",Kathleen Moran,781446,0,0,0,2024-08-29
a04Qk0000048vRp,Field,MO,63367,Lake Saint Louis,101 Brevco Plz Ste 101,9218788520,Crystal Campbell,Detail Only,Face-to-Face with HCP,"['Neurexa', 'RxProgram', 'Trivaxa']",Donald Wright,496922,0,0,1,2024-08-26
a04Qk000004FtZl,Field,MO,63367,Lake Saint Louis,101 Brevco Plz Ste 101,9218788520,Crystal Campbell,Detail Only,HCP Meal,"['Trivaxa', 'Neurexa', 'RxProgram']",Rhonda Martin,323508,1,1,1,2024-09-03
a04Qk0000048Q33,Field,FL,32746,Lake Mary,385 Waymont Ct,9218990154,Danielle Vasquez,Detail Only,Face-to-Face with HCP,"['Zemlora', 'XR-ODT']",Amanda Jones,132938,0,0,1,2024-08-26
a04Qk000004B7yL,Field,VA,23225,Richmond,1000 Boulders Pkwy Ste 202,9225956216,Christopher Ayala,Detail Only,HCP Meal,"['Neurexa', 'RxProgram', 'Zemlora', 'Trivaxa']",Cynthia Moore,426858,0,0,0,2024-08-29
a04Qk000004Dlej,Field,GA,31602,Valdosta,3440 N Valdosta Rd,9226398920,Kathy Rivera,Detail Only,Office Visit (no prescriber contact),"['Neurexa', 'RxProgram', 'Zemlora', 'Trivaxa']",Stephanie Salazar,712982,0,0,0,2024-09-02
a04Qk000004ESdF,Field,NC,27613,Raleigh,8304 Creedmoor Rd,9228972671,Victor Smith,Detail Only,Office Visit (no prescriber contact),"['Zemlora', 'XR-ODT']",Joshua Reed,167136,1,0,1,2024-09-02
a04Qk0000045oEn,Field,FL,32073,Orange Park,1409 Kingsley Ave Ste 8,9231788147,Tammy Meyers,Detail Only,HCP Meal,"['Zemlora', 'Neurexa', 'RxProgram']",Bryan Herrera,308573,0,0,1,2024-08-24
a04Qk000004FdOX,Field,GA,30501,Gainesville,725 Jesse Jewell Pkwy SE Ste 300,9232995304,Albert Oconnell,Detail Only,Face-to-Face with HCP,"['Neurexa', 'RxProgram', 'Norexel']",Evelyn Galvan,497887,1,0,0,2024-09-03
a04Qk0000046xBC,Field,OH,43065,Powell,55 Clairedan Dr,9235213354,Michael Stephens,Detail Only,Office Visit (no prescriber contact),"['Neurexa', 'RxProgram', 'Zemlora', 'Trivaxa']",Shannon James,340062,0,0,0,2024-08-25
a04Qk000004C0oL,Field,NC,27023,Lewisville,6620 Shallowford Rd Ste 200,9236059022,Bryan Torres,Detail Only,Virtual Call,"['Zemlora', 'XR-ODT']",Kimberly Gutierrez,891952,0,1,0,2024-08-30
a04Qk000004AhuD,Virtual,NJ,07110,Nutley,228 N Franklin Ave,9238357263,Jessica Arnold,Detail Only,Phone Call with Office Staff,['Lexcura/Cymbrin/Multi-Vi-Flor'],Jamie Arnold,876646,0,0,0,2024-08-29
a04Qk000004EWAb,Field,AZ,85374,Surprise,13945 W Grand Ave Ste 104,9240347831,Rachel Fuller,Detail Only,Virtual Call,"['Zemlora', 'Neurexa', 'RxProgram']",Justin Torres,120422,1,0,1,2024-09-02
a04Qk000004B5uv,Field,FL,33578,Riverview,10141 Big Bend Rd Ste 103,9241189891,Jeremy Rodriguez,Detail Only,Face-to-Face with HCP,"['Neurexa', 'RxProgram', 'Zemlora', 'Trivaxa']",David Douglas Jr.,358607,0,0,1,2024-08-29
a04Qk000004CxK8,Field,FL,32931,Cocoa Beach,699 W Cocoa Beach Cswy Ste 401,9244490958,Zachary Rodriguez,Detail Only,Face-to-Face with HCP,"['Trivaxa', 'Zemlora']",David Wright,518801,0,0,1,2024-08-30
a04Qk0000048cPC,Field,GA,30046,Lawrenceville,738 Old Norcross Rd Ste 100,9245677469,Shawn Oconnor,Detail Only,Face-to-Face with HCP,"['Neurexa', 'RxProgram', 'Zemlora']",Judy Baker,308496,0,0,1,2024-08-26
a04Qk000004AYB0,Field,GA,30046,Lawrenceville,738 Old Norcross Rd Ste 100,9245677469,Shawn Oconnor,Detail Only,Face-to-Face with HCP,"['Neurexa', 'RxProgram', 'Zemlora']",Erin Edwards,520651,1,0,1,2024-08-29
a04Qk000004BvOs,Field,NC,27804,Rocky Mount,91 Enterprise Dr,9245719201,Kimberly Fleming,Detail with Sample,Face-to-Face with HCP,"['Norexel', 'Neurexa', 'RxProgram']",Jesse Brown,539589,0,0,1,2024-08-30
a04Qk000004B2oz,Virtual,CO,80012,Aurora,1450 S Havana St Ste 228,9246151373,Christopher Richards,Detail Only,Phone Call with Office Staff,"['Zemlora', 'Neurexa', 'RxProgram']",Victor Brown,274389,0,0,0,2024-08-29
a04Qk000004CXnY,Field,KY,40222,Louisville,2327 Lime Kiln Ln Ste A,9253218024,Alicia Stewart,Detail Only,HCP Meal,"['Neurexa', 'RxProgram', 'Zemlora', 'Trivaxa']",Darlene Miller,590785,1,1,0,2024-08-30
a04Qk0000047aXV,Field,AL,35758,Madison,190 Lime Quarry Rd,9255410629,Christine Parker,Detail Only,Face-to-Face with HCP,"['Zemlora', 'Neurexa', 'RxProgram', 'Trivaxa']",Jake Campbell,429445,0,0,0,2024-08-25
a04Qk000004C6SL,Field,MA,01890,Winchester,898 Main St,9255810485,James Perkins,Detail Only,Office Visit (no prescriber contact),"['Neurexa', 'RxProgram', 'Zemlora']",Kathryn Snyder,658582,0,0,0,2024-08-30
a04Qk000004CtG9,Field,IA,51105,Sioux City,1125 Pierce St Ste 100,9256049976,Matthew Love,Detail Only,HCP Meal,"['Neurexa', 'RxProgram', 'Trivaxa']",Susan Serrano,609597,0,0,1,2024-08-30
a04Qk000004C0LJ,Field,NC,28557,Morehead City,3510 John Platt Dr,9256066244,Allison Everett,Detail Only,Virtual Call with HCP,"['Neurexa', 'RxProgram', 'Zemlora', 'Trivaxa']",Holly Wood,133326,1,0,1,2024-08-30
a04Qk000004Aom1,Field,SC,29464,Mount Pleasant,1400 Hospital Dr,9256581195,Linda Romero,Detail Only,Office Visit (no prescriber contact),"['Zemlora', 'Neurexa', 'RxProgram']",Helen Jones,430776,0,1,1,2024-08-26
a04Qk0000047RPN,Field,MA,02021,Canton,275 Turnpike St Ste 206,9259734056,John Bradley,Detail Only,HCP Meal,"['Neurexa', 'RxProgram', 'Zemlora']",Daniel Wagner,877572,0,1,1,2024-08-24
a04Qk000004AapW,Field,NJ,08003,Cherry Hill,1930 Marlton Pike E Ste A9,9264189537,Brooke Cole,Detail Only,Office Visit (no prescriber contact),"['Zemlora', 'Neurexa', 'RxProgram', 'Trivaxa']",Gwendolyn Klein,314181,1,1,0,2024-08-29
a04Qk000004B83B,Field,VA,23225,North Chesterfield,1000 Boulders Pkwy Ste 202,9264358536,Janet Golden,Detail Only,HCP Meal,"['Neurexa', 'RxProgram', 'Zemlora']",Amy Silva,172933,1,0,1,2024-08-29
a04Qk000004EahF,Field,TX,75093,Plano,6404 International Pkwy Ste 1010,9264469620,Sarah Ware,Detail Only,HCP Meal,"['Zemlora', 'Trivaxa', 'Neurexa', 'RxProgram']",Chad Scott,599948,0,0,1,2024-09-02
a04Qk000004Hlpp,Field,OH,45040,Mason,7450 Mason Montgomery Rd Ste 206,9267211108,Matthew Howe,Detail Only,Face-to-Face with HCP,"['Neurexa', 'RxProgram', 'Zemlora', 'Trivaxa']",Paul Castaneda,260265,1,0,1,2024-09-06
a04Qk000004DHDd,Virtual,NJ,07974,New Providnce,556 Central Ave Ste 1,9276443389,Patricia Hill,Detail Only,Phone Call with Office Staff,['Lexcura/Cymbrin/Multi-Vi-Flor'],Jamie Walton,724834,1,0,0,2024-09-01
a04Qk000004EKuD,Field,OH,43147,Pickerington,905 Old Diley Rd,9281454786,April Waters,Detail Only,Office Visit (no prescriber contact),"['Neurexa', 'RxProgram', 'Zemlora', 'Trivaxa']",Nathan Maldonado,717889,0,1,0,2024-09-02
a04Qk0000046Fi1,Field,OH,45230,Cincinnati,7810 5 Mile Rd,9281467506,Alexis Johnson,Detail Only,HCP Meal,"['Neurexa', 'RxProgram', 'Zemlora', 'Trivaxa']",Krista Gibson,543692,0,1,1,2024-08-24
a04Qk000004Hemk,Field,OH,45230,Cincinnati,7810 5 Mile Rd,9281467506,Alexis Johnson,Detail Only,HCP Meal,"['Neurexa', 'RxProgram', 'Zemlora', 'Trivaxa']",Ashley Waller,905635,0,0,1,2024-09-06
a04Qk000004CYGX,Field,IL,60062,Northbrook,1450 Techny Rd,9282654457,Erika Rivera,Detail Only,Office Visit (no prescriber contact),"['Neurexa', 'RxProgram', 'Zemlora', 'Trivaxa']",Scott Thomas,153045,1,0,1,2024-08-30
a04Qk000004DNkU,Field,LA,71301,Alexandria,1201 N Bolton Ave Ste A,9283984656,Meredith Hunter,Detail Only,Virtual Call,"['Zemlora', 'XR-ODT']",Thomas Atkins,159642,0,0,1,2024-09-01
a04Qk0000048p4f,Field,IA,50266,West Des Moines,2900 Westown Pkwy Ste 130,9285485910,Jacob Adams,Detail Only,Virtual Call with HCP,"['Neurexa', 'RxProgram', 'Zemlora']",Lori Guerrero,189814,0,1,1,2024-08-26
a04Qk000002u83N,Field,IA,50266,West Des Moines,2900 Westown Pkwy Ste 130,9285485910,Jacob Adams,Detail Only,HCP Meal,"['Neurexa', 'RxProgram', 'Zemlora']",Sophia Johnson,204837,0,0,1,2024-08-29
a04Qk000004Dmvl,Field,FL,32570,Milton,5834 Berryhill Rd,9287443502,Carolyn Salazar,Detail Only,Office Visit (no prescriber contact),"['Zemlora', 'Neurexa', 'RxProgram']",Courtney Gonzalez,581141,0,0,1,2024-09-01
a04Qk000004FsH7,Field,FL,32570,Milton,5834 Berryhill Rd,9287443502,Carolyn Salazar,Detail Only,Office Visit (no prescriber contact),"['Zemlora', 'Neurexa', 'RxProgram']",Joann Ferguson,238890,1,1,1,2024-09-03
a04Qk000004Cdxn,Field,MA,02476,Arlington,22 Mill St Ste 108,9292391467,Andrew Anderson,Detail Only,Office Visit (no prescriber contact),"['Zemlora', 'Neurexa', 'RxProgram']",Elizabeth Oliver DDS,945964,0,0,0,2024-08-30
a04Qk0000048Puz,Field,FL,32746,Lake Mary,385 Waymont Ct,9293416286,Catherine Johnson,Detail Only,Face-to-Face with HCP,"['Zemlora', 'XR-ODT']",Tracy Montoya,487477,1,0,1,2024-08-26
a04Qk000004Fn6B,Field,FL,32746,Lake Mary,385 Waymont Ct,9293416286,Catherine Johnson,Detail Only,Face-to-Face with HCP,"['Zemlora', 'Trivaxa']",Adam Vaughan,632342,1,1,1,2024-09-03
a04Qk000004ENvJ,Virtual,LA,70737,Gonzales,2647 S St Elizabeth Blvd Ste 100,9293595835,Gary Johns,Detail Only,Phone Call with Office Staff,"['Zemlora', 'Trivaxa', 'Neurexa', 'RxProgram']",Julia Torres,684004,0,0,1,2024-09-02
a04Qk000004FjAb,Field,PA,18018,Bethlehem,834 Eaton Ave Ste 201,9294200341,Tara Lopez,Detail Only,Office Visit (no prescriber contact),"['Zemlora', 'Trivaxa', 'Neurexa', 'RxProgram']",Richard Rodriguez,771088,0,1,1,2024-09-03
a04Qk0000045pKY,Field,SC,29550,Hartsville,518 E Carolina Ave Ste B,9294295339,Kevin Richards,Detail Only,Virtual Call with HCP,"['Neurexa', 'RxProgram', 'Zemlora']",Abigail Shaffer,334053,1,0,1,2024-08-24
a04Qk000004EzXZ,Field,VA,23435,Suffolk,3897 Bridge Rd Ste 104,9295492382,Jason Tyler,Detail Only,Office Visit (no prescriber contact),"['Neurexa', 'RxProgram', 'Zemlora', 'Trivaxa']",Bryan Gomez,399105,0,0,1,2024-09-02
a04Qk0000042r4N,Field,NY,10001,New York,244 5th Ave Fl 9A,9297632347,Daniel Reyes,Detail Only,Office Visit (no prescriber contact),"['Neurexa', 'RxProgram', 'Zemlora', 'Trivaxa']",Tina Sanders,887352,0,1,1,2024-08-25
a04Qk000004EHl4,Field,OH,43147,Pickerington,641 Hill Rd N Ste A,9297905083,Amanda Rice,Detail Only,Office Visit (no prescriber contact),"['Neurexa', 'RxProgram', 'Zemlora', 'Trivaxa']",Frank Cordova,322086,0,0,1,2024-09-02
a04Qk000004Dlzh,Field,PA,19462,Plymouth Meeting,1000 Germantown Pike Ste H4,9300673877,Richard Freeman,Detail Only,Face-to-Face with HCP,"['Neurexa', 'RxProgram', 'Zemlora']",Allen Rosales,624902,0,0,0,2024-08-30
a04Qk000004Dl21,Field,TX,77034,Houston,11550 Fuqua St Ste 560,9301621506,Amanda White,Detail Only,Face-to-Face with HCP,"['Zemlora', 'Neurexa', 'RxProgram']",Sharon Cochran,383060,0,0,1,2024-09-01
a04Qk0000047RM9,Field,MD,21208,Baltimore,1314 Bedford Ave Ste 211,9301915066,Peter Burnett,Detail Only,Face-to-Face with HCP,"['Zemlora', 'XR-ODT']",David Wright,518801,0,1,1,2024-08-25
a04Qk000004CRBp,Field,MD,21208,Baltimore,1314 Bedford Ave Ste 211,9301915066,Peter Burnett,Detail Only,Office Visit (no prescriber contact),"['Zemlora', 'XR-ODT']",Angel Perry,377746,0,1,1,2024-08-30
a04Qk0000048Pi5,Field,LA,70501,Lafayette,117 Caillouett Pl Ste B,9302624342,Amber Wolf,Detail Only,Virtual Call,"['Zemlora', 'XR-ODT']",Paula Bradley,871476,1,0,1,2024-08-26
a04Qk000004FT10,Field,LA,70501,Lafayette,117 Caillouett Pl Ste B,9302624342,Amber Wolf,Detail Only,Office Visit (no prescriber contact),"['Zemlora', 'Neurexa', 'RxProgram']",Tricia Valencia,571029,0,0,1,2024-09-03
a04Qk0000046DRh,Field,AL,35244,Birmingham,2111 Parkway Office Cir Ste 150,9312924625,Samuel Johnson,Detail Only,Face-to-Face with HCP,"['Neurexa', 'RxProgram', 'Zemlora', 'Trivaxa']",Daniel Kennedy,787277,0,1,1,2024-08-24
a04Qk0000047Wbx,Field,MO,63304,Saint Charles,4801 Weldon Spring Pkwy Ste 300,9315936393,James Rose,Detail Only,Face-to-Face with HCP,"['Neurexa', 'RxProgram', 'Trivaxa']",Felicia Aguilar,804318,1,0,1,2024-08-24
a04Qk000004HgVB,Field,WI,53226,Wauwatosa,8651 W North Ave,9323155206,James Branch,Detail Only,Office Visit (no prescriber contact),"['Neurexa', 'RxProgram', 'Zemlora', 'Trivaxa']",Keith Jennings,946721,0,1,0,2024-09-06
a04Qk000004AOrZ,Virtual,NJ,07876,Succasunna,151 State Route 10 E Ste 105,9324296401,Nicole Whitaker,Detail Only,Phone Call with Clinical Staff,['Lexcura/Cymbrin/Multi-Vi-Flor'],Robin Santiago,431535,0,0,0,2024-08-29
a04Qk000004COqf,Virtual,NJ,07876,Succasunna,151 State Route 10 E Ste 105,9324296401,Nicole Whitaker,Detail Only,Clinical Staff Meal,['Lexcura/Cymbrin/Multi-Vi-Flor'],Christopher Bass,766563,0,1,1,2024-08-30
a04Qk000004HXbZ,Field,GA,30080,Smyrna,3188 Atlanta Rd SE,9326059159,Ricky Smith,Detail Only,Office Visit (no prescriber contact),"['Neurexa', 'RxProgram', 'Zemlora']",Shannon James,340062,1,0,1,2024-09-06
a04Qk000004ES8b,Field,PA,19355,Malvern,40 Lloyd Ave Ste 300,9326541719,Stephanie Fuller,Detail Only,Virtual Call,"['Neurexa', 'RxProgram', 'Zemlora']",Rebecca Jackson,623481,1,1,1,2024-09-02
a04Qk000004EYif,Field,AL,35801,Huntsville,2308 Pansy St SW,9331531029,Paul Patterson,Detail Only,Face-to-Face with HCP,"['Neurexa', 'RxProgram', 'Zemlora']",James Ferrell,331148,0,0,1,2024-09-02
a04Qk000004Feaj,Field,SC,29715,Fort Mill,1935 Holbrook Rd Ste 1200,9335020344,Gabriel Bradley,Detail Only,Virtual Call,"['Trivaxa', 'Zemlora', 'Neurexa', 'RxProgram']",Scott Thomas,153045,0,0,1,2024-09-03
a04Qk000004Izh3,Field,SC,29715,Fort Mill,1935 Holbrook Rd Ste 1200,9335020344,Gabriel Bradley,Detail Only,Virtual Call,"['Zemlora', 'Trivaxa', 'Neurexa', 'RxProgram']",Julian Conner,692683,0,1,1,2024-09-06
a04Qk000004BpzO,Field,SC,29170,West Columbia,3314 Platt Springs Rd,9337927232,Kristen Branch,Detail Only,Face-to-Face with HCP,"['Zemlora', 'Neurexa', 'RxProgram', 'Trivaxa']",Matthew Moore,842225,0,0,1,2024-08-30
a04Qk000004EdGv,Field,FL,33156,Coral Gables,6705 Red Rd Ste 611,9340241537,Donald Obrien,Detail Only,HCP Meal,"['Zemlora', 'Neurexa', 'RxProgram', 'Trivaxa']",Kevin Oconnor,471507,0,0,1,2024-09-02
a04Qk000004FXar,Field,NC,28031,Cornelius,8301 Magnolia Estates Dr Ste 16,9342822991,Todd Walker Jr.,Detail Only,Office Visit (no prescriber contact),"['Zemlora', 'Neurexa', 'RxProgram']",Monica Herrera,809570,0,0,0,2024-09-03
a04Qk000004H2eD,Field,NY,10032,New York,1051 Riverside Dr Unit 74 Fl 2,9344491112,Pamela Burns,Detail Only,Virtual Call,"['Neurexa', 'RxProgram', 'Trivaxa', 'Zemlora']",Brian Lee,899550,1,0,1,2024-09-03
a04Qk000004AsG9,Field,IA,50266,West Des Moines,1441 29th St Ste 305,9345688046,Michael Morrow,Detail Only,Office Visit (no prescriber contact),"['Neurexa', 'RxProgram', 'Zemlora']",David Thompson,783823,1,1,1,2024-08-29
a04Qk000004758j,Field,KY,40222,Louisville,2327 Lime Kiln Ln,9345962061,Douglas Ray,Detail Only,Virtual Call with HCP,"['Neurexa', 'RxProgram', 'Zemlora', 'Trivaxa']",Isaiah Avila,865388,0,0,1,2024-08-25
a04Qk000004HOmn,Field,NY,10017,New York,210 E 47th St Apt 1A,9346468866,Jacqueline Foster,Detail Only,Office Visit (no prescriber contact),"['Neurexa', 'RxProgram', 'Zemlora']",Cameron Parker,765822,0,1,0,2024-09-06
a04Qk000004HWqn,Field,FL,32714,Altamonte Springs,695 Douglas Ave,9346687767,Deborah Roy,Detail Only,Face-to-Face with HCP,"['Zemlora', 'XR-ODT']",Melissa Martinez,916449,1,0,0,2024-09-06
a04Qk000004738X,Field,FL,32250,Jacksonville Beach,1538 The Greens Way Ste 101,9349667104,Michael Bradshaw,Detail Only,Office Visit (no prescriber contact),"['Neurexa', 'RxProgram', 'Zemlora']",Jack White,109767,1,1,0,2024-08-25
a04Qk0000045gXN,Virtual,TN,38120,Memphis,6025 Walnut Grove Rd Ste 627,9350279680,Tammy Pearson,Detail Only,Fax to HCP Office,"['Zemlora', 'Neurexa', 'RxProgram']",Angela Vaughn,379786,0,0,0,2024-08-24
a04Qk000004EYE1,Field,LA,70508,Lafayette,200 Beaullieu Dr Ste 9-B1,9353464618,Taylor Mccoy,Detail Only,Office Visit (no prescriber contact),"['Zemlora', 'Neurexa', 'RxProgram']",Jesse Perez,497382,0,1,1,2024-09-02
a04Qk0000047Wdb,Field,TX,77581,Pearland,2017 Broadway St Ste A,9354699406,Mr. Michael Murray Jr.,Detail Only,Office Visit (no prescriber contact),"['Trivaxa', 'Neurexa', 'RxProgram']",Fred Smith,543143,0,0,1,2024-08-25
a04Qk000004FSHp,Field,WV,26101,Parkersburg,936 Market St,9356546180,David Montgomery,Detail Only,Office Visit (no prescriber contact),"['Neurexa', 'RxProgram', 'Zemlora', 'Trivaxa']",Monica Herrera,809570,1,0,1,2024-09-03
a04Qk000004EEGx,Field,OH,45013,Hamilton,2449 Ross Millville Rd Ste B50,9358808942,Natalie Lara,Detail Only,Virtual Call with HCP,"['Neurexa', 'RxProgram', 'Zemlora']",Aimee Turner,712554,1,0,1,2024-09-02
a04Qk000004C54r,Field,MA,01863,North Chelmsford,73 Princeton St Ste 203,9365162110,Melanie Jacobs,Detail Only,HCP Meal,"['Neurexa', 'RxProgram', 'Zemlora']",Angela Vaughn,379786,0,0,0,2024-08-30
a04Qk000004Awrd,Virtual,NJ,07083,Union,1303 Morris Ave Ste 201,9365399000,Daniel Gordon,Detail Only,Phone Call with Clinical Staff,['Lexcura/Cymbrin/Multi-Vi-Flor'],Kimberly Gutierrez,891952,1,0,1,2024-08-29
a04Qk00000487Rq,Field,PA,19102,Philadelphia,1528 Walnut St Ste 950,9376751564,Edward Preston,Detail Only,Virtual Call with HCP,"['Zemlora', 'Neurexa', 'RxProgram']",Gary Jackson,171262,0,0,1,2024-08-24
a04Qk000004AwWf,Field,PA,19102,Philadelphia,1528 Walnut St Ste 950,9376751564,Edward Preston,Detail Only,HCP Meal,"['Zemlora', 'Neurexa', 'RxProgram']",John Daniel,865179,1,0,0,2024-08-29
a04Qk0000047HWT,Field,TN,37923,Knoxville,9220 Park West Blvd Ste 1,9377424272,Mary Dunn,Detail Only,Office Visit (no prescriber contact),"['Zemlora', 'Neurexa', 'RxProgram']",Jeffrey Johnson,930555,0,0,1,2024-08-25
a04Qk00000476ny,Field,GA,30253,Mcdonough,130 Enterprise Pkwy,9377454332,Tina Hines,Detail Only,Face-to-Face with HCP,"['Neurexa', 'RxProgram', 'Zemlora']",Sierra Johnson,584714,0,0,1,2024-08-25
a04Qk0000048RyQ,Field,NC,28401,Wilmington,1907 S 17th St Ste 1,9377685901,Ruben Powell,Detail Only,Face-to-Face with HCP,"['Neurexa', 'RxProgram', 'Zemlora']",Laura Haney,922733,0,0,1,2024-08-25
a04Qk000004Bysz,Field,OH,45014,Fairfield,5502 Dixie Highway,9378641566,Adam Arnold,Detail Only,Virtual Call with HCP,"['Neurexa', 'RxProgram', 'Zemlora', 'Trivaxa']",Connie Lawrence,356787,1,0,1,2024-08-30
a04Qk000004ByzR,Field,OH,45014,Fairfield,5502 Dixie Highway,9378641566,Adam Arnold,Detail Only,Virtual Call with HCP,"['Neurexa', 'RxProgram', 'Zemlora', 'Trivaxa']",Bryan Gomez,399105,0,0,1,2024-08-30
a04Qk0000046NkP,Field,VA,23320,Chesapeake,1210 Progressive Dr Ste 101,9380483729,Lisa Harrington,Detail Only,Office Visit (no prescriber contact),"['Zemlora', 'Neurexa', 'RxProgram', 'Trivaxa']",Shelly Alexander,107540,1,0,1,2024-08-24
a04Qk0000048cll,Field,NC,27614,Raleigh,10831 Forest Pines Dr Ste 104,9381363282,Alexa Mack,Detail Only,Office Visit (no prescriber contact),"['Zemlora', 'XR-ODT']",Matthew Mcmillan,270555,1,0,1,2024-08-25
a04Qk000004AwGX,Field,TX,77054,Houston,7501 Fannin St Ste 850,9381977162,Charles Robinson,Detail Only,Office Visit (no prescriber contact),"['Trivaxa', 'Neurexa', 'RxProgram']",Anthony Harmon,115474,0,0,0,2024-08-29
a04Qk000004D2g1,Field,AL,35244,Hoover,3000 Riverchase Galleria Ste 500,9388869205,Tina Johnson,Detail Only,HCP Meal,"['Neurexa', 'RxProgram', 'Zemlora', 'Trivaxa']",James Brown,759176,0,0,1,2024-08-29
a04Qk000004Forp,Field,NJ,08053,Marlton,777 E Route 70 Ste G-101,9389623000,Allen Clements Jr.,Detail Only,HCP Meal,"['Zemlora', 'Neurexa', 'RxProgram']",Emily Bennett,579434,0,0,1,2024-09-03
a04Qk000004B4u1,Field,NC,28105,Matthews,1401 Matthews Township Pkwy Ste 100,9389777541,Joshua Jackson,Detail Only,Virtual Call with HCP,"['Zemlora', 'Neurexa', 'RxProgram']",Lisa Barnes,403445,0,0,1,2024-08-29
a04Qk000004FWLR,Field,GA,30009,Milton,850 Mayfield Rd Ste 203,9389976930,Ronald Williams Jr.,Detail Only,Office Visit (no prescriber contact),"['Neurexa', 'RxProgram', 'Zemlora']",Ashley Barton,905934,1,0,1,2024-09-03
a04Qk000004DLAn,Field,MO,63128,Saint Louis,13303 Tesson Ferry Rd Ste 150,9390386483,Alexander Jordan,Detail Only,HCP Meal,"['Zemlora', 'Neurexa', 'RxProgram']",Jordan Chambers,163556,1,0,0,2024-09-01
a04Qk0000046MI5,Field,KS,66049,Lawrence,1201 Wakarusa Dr Ste E1,9390403109,Gina Wilson,Detail Only,Face-to-Face with HCP,"['Neurexa', 'RxProgram', 'Zemlora', 'Trivaxa']",Matthew Foster,688508,0,0,1,2024-08-24
a04Qk000004Fvmr,Field,KS,66049,Lawrence,1201 Wakarusa Dr Ste E1,9390403109,Gina Wilson,Detail Only,Face-to-Face with HCP,"['Neurexa', 'RxProgram', 'Zemlora']",Alex Hernandez,112038,0,1,0,2024-09-03
a04Qk0000048vzh,Field,TX,75035,Frisco,4461 Coit Rd Bldg 2,9391580242,Alexis Carroll,Detail Only,Office Visit (no prescriber contact),"['Zemlora', 'Trivaxa', 'Neurexa', 'RxProgram']",Stephanie Salazar,712982,0,1,1,2024-08-26
a04Qk000004CQSg,Field,TX,75035,Frisco,4461 Coit Rd Ste 405,9391580242,Alexis Carroll,Detail Only,HCP Meal,"['Zemlora', 'Trivaxa', 'Neurexa', 'RxProgram']",Denise Mccann,665579,0,0,1,2024-08-30
a04Qk0000047R2n,Field,OH,43240,Columbus,1120 Polaris Pkwy Ste 200,9391928176,Erik Rodriguez,Detail Only,Office Visit (no prescriber contact),"['Neurexa', 'RxProgram', 'Zemlora', 'Trivaxa']",Kathy Rivas,549245,1,0,1,2024-08-25
a04Qk000003eDMc,Field,NE,68512,Lincoln,5539 S 27th St Ste 101,9392891256,Leslie Tucker,Detail Only,HCP Meal,"['Neurexa', 'RxProgram', 'Zemlora']",Jeremy Reed,698782,1,0,1,2024-09-02
a04Qk0000049dO2,Field,TX,77379,Spring,8111 Cypresswood Dr Ste 104,9396343128,Carl White,Detail Only,Office Visit (no prescriber contact),"['Neurexa', 'RxProgram', 'Zemlora', 'Trivaxa']",Sara Johnston,234628,1,0,0,2024-08-24
a04Qk0000048vGX,Field,KS,67052,Goddard,701 N Goddard Rd Ste A,9398804324,Andrew Taylor,Detail Only,Face-to-Face with HCP,"['Neurexa', 'RxProgram', 'Zemlora']",Michelle Harmon,944151,0,0,0,2024-08-26
a04Qk0000047En8,Field,GA,31401,Savannah,1601 Abercorn St,9400514787,Stephen White,Detail Only,Virtual Call,"['Zemlora', 'Neurexa', 'RxProgram']",Darlene Miller,590785,0,0,1,2024-08-24
a04Qk0000048jld,Field,NC,27529,Garner,1405 Timber Dr E,9401846327,Christina Villanueva,Detail Only,Office Visit (no prescriber contact),"['Zemlora', 'Neurexa', 'RxProgram', 'Trivaxa']",Justin Torres,120422,0,1,0,2024-08-26
a04Qk000004Bue5,Field,NY,10601,White Plains,34 S Broadway,9404736236,Allison Galvan,Detail Only,Office Visit (no prescriber contact),"['Neurexa', 'RxProgram', 'Zemlora', 'Trivaxa']",Lindsey Walker,267753,0,0,0,2024-08-30
a04Qk000004DL4L,Field,SC,29607,Greenville,225 Adley Way,9410095336,Wesley Wood,Detail Only,Office Visit (no prescriber contact),"['Zemlora', 'Neurexa', 'RxProgram']",Michael Farrell,161483,1,0,0,2024-09-01
a04Qk000004ENP3,Field,GA,30342,Atlanta,993 Johnson Ferry Rd NE Fl 210,9412313043,Christine Wilson,Detail Only,Office Visit (no prescriber contact),"['Neurexa', 'RxProgram', 'Zemlora']",Paul Jones,205907,0,0,1,2024-09-02
a04Qk000004EYQv,Virtual,LA,70810,Baton Rouge,11505 Perkins Rd Bldg 1,9413481688,Nicholas Bridges,Detail Only,Phone Call with Clinical Staff,"['Zemlora', 'Neurexa', 'RxProgram']",Lauren Daniels,838797,1,0,1,2024-09-02
a04Qk000004C6CE,Field,GA,31904,Columbus,500 Brookstone Centre Pkwy 100,9423646068,Jessica Crawford,Detail Only,Face-to-Face with HCP,"['Neurexa', 'RxProgram', 'Zemlora']",Patrick Moore,570405,1,0,0,2024-08-30
a04Qk000004AUPA,Field,IL,60187,Wheaton,2100 Manchester Rd Ste 1510,9429610332,Michael Pearson,Detail Only,Face-to-Face with HCP,"['Neurexa', 'RxProgram', 'Trivaxa']",Victoria Larson,883300,1,0,1,2024-08-29
a04Qk00000457pl,Field,PA,19083,Havertown,403 W Chester Pike,9431807667,Sandy Farrell,Detail Only,Virtual Call with HCP,"['Zemlora', 'Neurexa', 'RxProgram']",David Wright,518801,1,0,0,2024-08-24
a04Qk000004AYqv,Field,NC,28546,Jacksonville,200 Tarpon Trl,9434491650,Whitney Davis,Detail Only,HCP Meal,"['Neurexa', 'RxProgram', 'Zemlora', 'Trivaxa']",Phillip Nelson,974244,0,0,0,2024-08-29
a04Qk00000469pV,Virtual,LA,70810,Baton Rouge,12525 Perkins Rd Ste A,9436583559,Laura Walker,Detail Only,Phone Call with Office Staff,"['Zemlora', 'Trivaxa', 'Neurexa', 'RxProgram']",Dr. William Warren,492077,1,0,0,2024-08-24
a04Qk000004Ffmv,Field,NC,28405,Wilmington,4320 Henson Dr,9437721972,Justin Watkins,Detail Only,Office Visit (no prescriber contact),"['Neurexa', 'RxProgram', 'Zemlora', 'Trivaxa']",Tamara Davis,294851,0,0,1,2024-09-03
a04Qk0000048epD,Field,MD,20850,Rockville,9715 Medical Center Dr Ste 528,9438121643,David Lambert,Detail Only,Office Visit (no prescriber contact),"['Zemlora', 'XR-ODT']",Donald Wright,496922,0,0,0,2024-08-26
a04Qk000004CIjd,Field,KS,66210,Overland Park,11755 W 112th St,9443330536,Kenneth Farmer,Detail Only,HCP Meal,"['Neurexa', 'RxProgram', 'Zemlora']",Megan Orr,694731,1,0,1,2024-08-30
a04Qk000004DZX7,Field,NC,27858,Greenville,1150 E Arlington Blvd,9444634258,Sherri Wright DDS,Detail with Sample,Face-to-Face with HCP,"['Neurexa', 'RxProgram', 'Norexel']",Veronica Simpson,717024,1,0,1,2024-09-01
a04Qk000004DgIT,Field,GA,30005,Alpharetta,3255 North Point Pkwy,9446994501,Jonathan Ellis,Detail Only,Face-to-Face with HCP,"['Neurexa', 'RxProgram', 'Zemlora', 'Trivaxa']",Brittney Phillips,301629,0,0,0,2024-09-01
a04Qk000004Gzhx,Field,GA,30046,Lawrenceville,595 Hurricane Shoals Rd NW Ste 300,9454552900,Thomas Warren DVM,Detail Only,Face-to-Face with HCP,"['Neurexa', 'RxProgram', 'Zemlora']",Adam Vaughan,632342,0,1,0,2024-09-06
a04Qk0000047TNx,Field,MD,21204,Towson,222 Bosley Ave Ste B1,9454972229,Cathy Pham,Detail Only,Face-to-Face with HCP,"['Zemlora', 'XR-ODT']",Karen Graham,103402,1,0,1,2024-08-25
a04Qk000004CvEk,Field,MD,21204,Towson,222 Bosley Ave Ste B1,9454972229,Cathy Pham,Detail Only,Virtual Call with HCP,"['Zemlora', 'Neurexa', 'RxProgram']",Elizabeth Fowler,944962,1,0,0,2024-08-30
a04Qk000004EigR,Field,MD,21204,Towson,222 Bosley Ave Ste B1,9454972229,Cathy Pham,Detail Only,Face-to-Face with HCP,"['Neurexa', 'RxProgram']",Jesse Brown,539589,0,0,1,2024-09-02
a04Qk000004AFJh,Field,PA,19067,Yardley,105 Floral Vale Blvd,9455337042,Sarah Kelley,Detail Only,Office Visit (no prescriber contact),"['Neurexa', 'RxProgram', 'Zemlora']",Sherri Baker,106814,1,1,0,2024-08-26
a04Qk000004DmMH,Field,PA,19067,Yardley,105 Floral Vale Blvd,9455337042,Sarah Kelley,Detail Only,Face-to-Face with HCP,"['Neurexa', 'RxProgram', 'Zemlora']",Lisa Archer,974628,1,0,1,2024-09-01
a04Qk000004C0Jh,Field,SC,29572,Myrtle Beach,945 82nd Pkwy Ste 2,9459907126,Chris Lopez,Detail Only,Virtual Call with HCP,"['Neurexa', 'RxProgram', 'Zemlora', 'Trivaxa']",Denise Mccann,665579,0,0,1,2024-08-30
a04Qk000004Apa2,Field,KS,67206,Wichita,7111 E 21st St N Ste A,9462033551,Sandra Stanton,Detail Only,Face-to-Face with HCP,"['Neurexa', 'RxProgram', 'Zemlora']",Michael Evans,344098,0,0,0,2024-08-29
a04Qk000004EuZW,Field,KY,41042,Florence,7370 Turfway Rd Ste 200,9463199952,Daniel Flores,Detail Only,Office Visit (no prescriber contact),"['Neurexa', 'RxProgram']",Craig Morrison,225710,0,0,1,2024-09-02
a04Qk000004Dmir,Field,TX,78759,Austin,4131 Spicewood Springs Rd Ste G-5,9466662023,Jeremy Crawford,Detail Only,Face-to-Face with HCP,"['Zemlora', 'Neurexa', 'RxProgram']",Laura Mckinney,632496,0,0,0,2024-09-01
a04Qk0000046DDB,Field,AL,35243,Birmingham,3980 Colonnade Pkwy Ste 102,9472223003,Christina Garrison,Detail Only,Face-to-Face with HCP,"['Neurexa', 'RxProgram', 'Zemlora']",Rhonda Martin,323508,0,0,0,2024-08-24
a04Qk0000047aZ7,Field,AL,35058,Cullman,1809 Kress St,9476026845,Oscar Estrada,Detail Only,Face-to-Face with HCP,"['Neurexa', 'RxProgram', 'Zemlora']",John Daniel,865179,0,0,1,2024-08-25
a04Qk000004EqAv,Field,TX,77030,Houston,6621 Fannin St Ste W6104,9476323642,Cory Turner,Detail Only,Virtual Call,"['Trivaxa', 'Neurexa', 'RxProgram']",Michael Farrell,161483,0,0,1,2024-09-02
a04Qk000004G4jh,Field,TX,78731,Austin,6835 Austin Center Blvd,9482071611,Joseph Livingston,Detail Only,Office Visit (no prescriber contact),"['Zemlora', 'Neurexa', 'RxProgram']",Jeffery Ortega,509386,0,0,1,2024-09-02
a04Qk00000471TK,Field,GA,31201,Macon,250 Martin Luther King Jr Blvd,9487913907,Shaun Gonzalez,Detail Only,Face-to-Face with HCP,"['Neurexa', 'RxProgram', 'Zemlora']",Evelyn Galvan,497887,1,0,0,2024-08-25
a04Qk000004Fk53,Field,IL,60174,St Charles,1400 Lincoln Hwy Ste C,9488263757,Edwin West,Detail Only,Face-to-Face with HCP,"['Neurexa', 'RxProgram', 'Zemlora']",Derek Zuniga,131244,1,0,1,2024-09-03
a04Qk0000049P4v,Field,VA,23113,Midlothian,14400 Sommerville Court,9489895236,Hannah Nguyen,Detail Only,Office Visit (no prescriber contact),"['Zemlora', 'Neurexa', 'RxProgram', 'Trivaxa']",Victor Brown,274389,0,0,1,2024-08-26
a04Qk000004D2BN,Field,TX,77479,Sugar Land,2819 Imperia Dr,9489968518,Christine Sanders,Detail Only,HCP Meal,"['Trivaxa', 'Neurexa', 'RxProgram']",Lauren Carson,522179,0,0,1,2024-08-30
a04Qk00000478Y1,Field,NY,11758,Massapequa,5550 Merrick Rd,9491447976,Taylor Ruiz,Detail Only,HCP Meal,"['Neurexa', 'RxProgram', 'Zemlora', 'Trivaxa']",Justin Baker,850800,0,1,0,2024-08-25
a04Qk000004Bv77,Field,GA,31901,Columbus,2000 16th Ave,9494103342,Roberto Patrick,Detail Only,HCP Meal,"['Neurexa', 'RxProgram', 'Zemlora']",Patrick Thornton,680828,0,0,1,2024-08-30
a04Qk000004HvfV,Field,KS,67212,Wichita,8200 W Central Ave Ste 1,9495636981,Brenda Harris,Detail Only,HCP Meal,"['Neurexa', 'RxProgram', 'Zemlora']",Andrew Reynolds,903035,1,1,1,2024-09-06
a04Qk000004CQHO,Field,MD,21201,Baltimore,620 W Lexington St Ste 5110,9498670603,Jason Tyler,Detail Only,Office Visit (no prescriber contact),"['Zemlora', 'XR-ODT']",Cynthia Morris,976638,1,0,1,2024-08-30
a04Qk000004DOlN,Field,GA,30281,Stockbridge,1045 Southcrest Dr Ste 110,9498940216,Kevin Lynch,Detail with Sample,Face-to-Face with HCP,"['Neurexa', 'RxProgram', 'Norexel']",William Herrera,983794,0,0,1,2024-09-01
a04Qk000004EJ5L,Field,GA,31605,Valdosta,3301 N Oak Street Ext,9499206610,Anita Tran,Detail Only,Office Visit (no prescriber contact),"['Neurexa', 'RxProgram', 'Zemlora', 'Trivaxa']",Joshua Reed,167136,1,0,1,2024-09-02
a04Qk0000045uX7,Field,KY,40509,Lexington,120 Prosperous Pl Ste 150,9502167685,Cesar Smith,Detail Only,Face-to-Face with HCP,"['Neurexa', 'RxProgram', 'Zemlora', 'Trivaxa']",David Davis,231869,1,0,1,2024-08-24
a04Qk000003Eilr,Field,IA,51101,Sioux City,600 4th St Ste 501,9504031820,Aaron Parker,Detail Only,Office Visit (no prescriber contact),"['Neurexa', 'RxProgram', 'Zemlora']",Jeremy Sampson,292401,0,0,0,2024-08-24
a04Qk000004DIxh,Field,GA,30125,Cedartown,14 Cherokee Rd,9504160803,Kevin Young,Detail Only,Office Visit (no prescriber contact),"['Zemlora', 'Neurexa', 'RxProgram']",Thomas Atkins,159642,0,1,1,2024-09-01
a04Qk000004CGt7,Field,AZ,85260,Scottsdale,8753 E Bell Rd Ste 105,9508008098,Darren Perez,Detail Only,Virtual Call,"['Neurexa', 'RxProgram', 'Zemlora']",Kiara Mcintyre,589710,1,0,0,2024-08-30
a04Qk000004EXUt,Field,RI,02886,Warwick,75 Lambert Lind Hwy Ste 120,9510750290,Jessica Wright,Detail Only,HCP Meal,"['Neurexa', 'RxProgram', 'Zemlora']",Paul Castaneda,260265,0,1,0,2024-09-01
a04Qk0000047Pdh,Field,NC,28025,Concord,280 Executive Park Dr Ste 100,9511183101,Brandon Faulkner,Detail Only,Virtual Call,"['Neurexa', 'RxProgram', 'Zemlora']",Julie Alexander,100599,0,0,1,2024-08-25
a04Qk0000045hrd,Field,NY,10007,New York,150 Greenwich St Fl 29,9513840869,Larry Flores,Detail Only,Office Visit (no prescriber contact),"['Neurexa', 'RxProgram', 'Zemlora']",Stephanie Manning,711878,0,1,0,2024-08-24
a04Qk000004D289,Field,TX,77479,Sugar Land,2819 Imperia Dr,9518674630,William Robertson,Detail Only,HCP Meal,"['Trivaxa', 'Neurexa', 'RxProgram']",Connor West,230889,1,0,1,2024-08-30
a04Qk000004EeJR,Field,NY,11201,Brooklyn,50 Clark St,9519473069,Ashley Franklin,Detail Only,HCP Meal,"['Neurexa', 'RxProgram', 'Zemlora', 'Trivaxa']",Darlene Miller,590785,1,0,1,2024-09-02
a04Qk000004EeJR,Field,NY,11201,Brooklyn,50 Clark St,9519473069,Ashley Franklin,Detail Only,HCP Meal,"['Neurexa', 'RxProgram', 'Zemlora', 'Trivaxa']",Darlene Miller,590785,1,0,1,2024-09-02
a04Qk000004FvoT,Field,TX,77505,Pasadena,4949 Fairmont Pkwy Ste 200,9523515926,Ryan Smith,Detail Only,Office Visit (no prescriber contact),"['Trivaxa', 'Neurexa', 'RxProgram']",Michael Evans,344098,0,1,0,2024-09-03
a04Qk000004DOob,Virtual,CO,80111,Centennial,7180 E Orchard Rd Ste 201,9527880904,Elizabeth Salazar,Detail Only,Phone Call with HCP,"['Zemlora', 'Trivaxa', 'Neurexa', 'RxProgram']",Jesse Perry,102260,0,1,1,2024-09-01
a04Qk000004Dcd4,Field,NE,68022,Elkhorn,20324 Veterans Dr Ste 104,9531200950,Christopher Waters,Detail Only,Face-to-Face with HCP,"['Neurexa', 'RxProgram', 'Zemlora']",Theodore Jones Jr.,609231,1,0,1,2024-09-01
a04Qk000004B66D,Field,FL,33511,Brandon,336 E Bloomingdale Ave,9536244915,Valerie Chambers,Detail Only,Face-to-Face with HCP,"['Neurexa', 'RxProgram', 'Zemlora']",Dr. Hannah Patterson,456699,0,0,0,2024-08-29
a04Qk000004HUqb,Field,FL,33511,Brandon,336 E Bloomingdale Ave,9536244915,Valerie Chambers,Detail Only,HCP Meal,"['Neurexa', 'RxProgram', 'Zemlora']",Kathleen Moran,781446,0,0,1,2024-09-06
a04Qk0000048ov0,Field,NC,27511,Cary,1515 SW Cary Pkwy Ste 200,9540222466,Johnny Phillips,Detail Only,Office Visit (no prescriber contact),"['Zemlora', 'Neurexa', 'RxProgram']",Lauren Carson,522179,0,0,1,2024-08-26
a04Qk000004DI6U,Field,SC,29607,Greenville,246 Adley Way,9545352594,Latasha Ashley,Detail Only,Office Visit (no prescriber contact),"['Zemlora', 'Neurexa', 'RxProgram']",Sophia Johnson,204837,0,0,1,2024-09-01
a04Qk0000042pYo,Field,NY,10019,New York,200 W 57th St Ste 601,9550018316,Robert Gutierrez,Detail Only,Face-to-Face with HCP,"['Neurexa', 'RxProgram', 'Zemlora']",Anthony Everett,728038,0,0,0,2024-08-24
a04Qk000003k9eT,Field,NY,10019,New York,200 W 57th St Ste 601,9550018316,Robert Gutierrez,Detail Only,HCP Meal,"['Neurexa', 'RxProgram', 'Zemlora']",Chad Jones,751332,1,0,0,2024-09-01
a04Qk000004FlKT,Field,NY,10016,New York,222 E 31st St Fl B,9550018316,Robert Gutierrez,Detail Only,HCP Meal,"['Neurexa', 'RxProgram', 'Zemlora']",Douglas Gregory,159942,1,0,0,2024-09-03
a04Qk000004HNqj,Field,NY,10019,New York,200 W 57th St Ste 601,9550018316,Robert Gutierrez,Detail Only,Office Visit (no prescriber contact),"['Neurexa', 'RxProgram', 'Zemlora']",Megan Nelson,163918,0,0,1,2024-09-06
a04Qk000004FdbR,Virtual,CA,91301,Agoura Hills,28310 Roadside Dr Ste 202,9551749117,Dr. William Williams Jr.,Detail Only,Phone Call with Clinical Staff,"['Zemlora', 'Neurexa', 'RxProgram']",Brandy Chavez,299448,0,0,1,2024-09-03
a04Qk000004Hbbx,Virtual,CA,91301,Agoura Hills,28310 Roadside Dr Ste 202,9551749117,Dr. William Williams Jr.,Detail Only,Phone Call with Clinical Staff,"['Zemlora', 'Neurexa', 'RxProgram']",Eric Carney,197251,0,0,0,2024-09-06
a04Qk000004DREb,Field,NY,11703,North Babylon,1486A Deer Park Ave Ste 4,9552265767,John Rodriguez,Detail Only,HCP Meal,"['Neurexa', 'RxProgram', 'Zemlora', 'Trivaxa']",Laura Roberts,172574,1,1,1,2024-09-01
a04Qk0000047VeH,Field,KS,67226,Wichita,9825 E Shannon Woods Cir,9553428434,Jeffery Mckee,Detail Only,HCP Meal,"['Neurexa', 'RxProgram', 'Zemlora', 'Trivaxa']",John Daniel,865179,0,0,1,2024-08-25
a04Qk000004H9J7,Field,OH,43055,Newark,200 Messimer Dr,9564297119,Bridget Browning,Detail Only,Office Visit (no prescriber contact),"['Neurexa', 'RxProgram', 'Zemlora']",Kathleen Moran,781446,1,0,1,2024-09-06
a04Qk000004AlZd,Field,NC,27713,Durham,4220 Apex Hwy Ste 200,9565862969,Jeffrey Davis,Detail Only,Office Visit (no prescriber contact),"['Zemlora', 'Neurexa', 'RxProgram']",Nichole Alvarez,197793,1,0,0,2024-08-29
a04Qk000004Lbv7,Field,NC,27713,Durham,4220 Apex Hwy Ste 200,9565862969,Jeffrey Davis,Detail Only,Office Visit (no prescriber contact),"['Zemlora', 'XR-ODT']",Erin Edwards,520651,0,0,1,2024-09-06
a04Qk000004Bqbu,Field,NC,28078,Huntersville,15940C Northcross Dr,9567774476,Michelle Garcia,Detail Only,Face-to-Face with HCP,['Norexel'],Danny Morgan,201414,0,0,1,2024-08-30
a04Qk000004GycD,Field,GA,30046,Lawrenceville,595 Hurricane Shoals Rd NW Ste 300,9575577873,Phillip Sanders,Detail Only,Face-to-Face with HCP,"['Neurexa', 'RxProgram', 'Zemlora']",Michael Lewis,733052,1,0,1,2024-09-06
a04Qk0000047R4P,Field,FL,33410,Palm Beach Gardens,3365 Burns Rd Ste 203,9586408728,Courtney Mooney,Detail Only,Office Visit (no prescriber contact),"['Zemlora', 'Neurexa', 'RxProgram', 'Trivaxa']",Jessica Callahan,182627,0,0,0,2024-08-25
a04Qk000004Dgf3,Field,NC,27516,Chapel Hill,98 Chapelton Ct Ste 310,9587643633,Emma Green,Detail Only,Office Visit (no prescriber contact),"['Zemlora', 'XR-ODT']",James Parks,526156,0,0,1,2024-08-29
a04Qk000004CWMn,Field,AL,35768,Scottsboro,506 Harley St,9593285609,Nicole Norton,Detail Only,Face-to-Face with HCP,"['Neurexa', 'RxProgram', 'Zemlora', 'Trivaxa']",Debra Morton,575763,0,0,0,2024-08-30
a04Qk000004DWhJ,Virtual,CO,80246,Denver,4100 E Mississippi Ave Ste 600,9594061892,Angel House,Detail Only,Phone Call with HCP,"['Zemlora', 'Neurexa', 'RxProgram']",Stephen Mckee,174870,0,1,1,2024-09-01
a04Qk000004Dl8T,Field,PA,18902,Doylestown,3655 Rte 202,9597010690,Darlene Romero,Detail Only,Office Visit (no prescriber contact),"['Neurexa', 'RxProgram', 'Zemlora']",Matthew Moore,842225,0,0,0,2024-08-29
a04Qk000004DivN,Field,TX,77388,Spring,5039 FM 2920 Rd,9600729936,Matthew Reyes,Detail Only,Face-to-Face with HCP,"['Neurexa', 'RxProgram', 'Zemlora', 'Trivaxa']",Robin Young,523389,0,0,0,2024-09-01
a04Qk0000041svL,Field,IL,60093,Northfield,1622 Willow Rd Ste 200,9600872160,Anthony Bryant,Detail Only,Office Visit (no prescriber contact),"['Neurexa', 'RxProgram', 'Zemlora', 'Trivaxa']",Debra White,262316,0,0,1,2024-08-30
a04Qk000004LZjd,Field,IL,60563,Naperville,1555 Naperville Wheaton Rd Ste 109A,9605179975,Eric Knight,Detail Only,Face-to-Face with HCP,"['Zemlora', 'Neurexa', 'RxProgram']",Kirk Carter,352572,1,0,0,2024-09-06
a04Qk000004Ea2v,Field,AL,35801,Huntsville,101 Bob Wallace Ave SW,9608824941,Mary Smith,Detail Only,Face-to-Face with HCP,"['Neurexa', 'RxProgram', 'Zemlora', 'Trivaxa']",Briana Murray,665427,1,0,1,2024-09-02
a04Qk000003DOQz,Field,IA,50265,West Des Moines,475 S 50th St Ste 600,9611921137,John Robinson,Detail Only,Office Visit (no prescriber contact),"['Neurexa', 'RxProgram', 'Zemlora']",Glen Wood,707314,0,0,1,2024-08-25
a04Qk000004H41h,Field,NC,28621,Elkin,124 Samaritans Ridge Rd,9612974576,Elizabeth Gonzales,Detail Only,Office Visit (no prescriber contact),"['Neurexa', 'RxProgram', 'Zemlora']",James Parks,526156,0,0,1,2024-09-06
a04Qk000004HdU6,Field,TX,75069,Mckinney,4521 Medical Center Dr Ste 400,9613610578,Robert Griffith,Detail Only,Virtual Call,"['Norexel', 'Neurexa', 'RxProgram']",Robert Harrison,465962,1,0,1,2024-09-06
a04Qk000004DR89,Field,AZ,85298,Gilbert,3336 E Chandler Heights Rd Ste 113,9618669736,Jose Conner,Detail Only,Virtual Call,"['Neurexa', 'RxProgram', 'Zemlora', 'Trivaxa']",Vanessa Howard,585100,0,0,0,2024-09-01
a04Qk000004G2Wb,Field,GA,31405,Savannah,635 Stephenson Ave,9618922444,Sean Bell,Detail Only,Virtual Call,"['Zemlora', 'Neurexa', 'RxProgram']",Angelica Keith,854639,0,0,0,2024-09-01
a04Qk000004DJov,Field,NY,10022,New York,30 E 60th St Rm 2403,9619902972,Edward Ellis,Detail Only,Office Visit (no prescriber contact),"['Zemlora', 'Neurexa', 'RxProgram']",Paula Bradley,871476,1,0,0,2024-09-01
a04Qk000004HMmb,Field,NY,10022,New York,30 E 60th St Rm 2403,9619902972,Edward Ellis,Detail Only,Office Visit (no prescriber contact),"['Neurexa', 'RxProgram', 'Zemlora']",Denise Davenport,491559,0,0,1,2024-09-06
a04Qk0000045mCz,Field,LA,70508,Lafayette,218 Rue Beauregard Ste C,9621199340,Timothy Dawson,Detail Only,Face-to-Face with HCP,"['Zemlora', 'Neurexa', 'RxProgram']",Pamela Boyd,479580,1,0,1,2024-08-24
a04Qk0000048Qfl,Field,LA,70517,Breaux Bridge,209 Champagne Blvd,9621451641,Matthew Wise,Detail Only,Office Visit (no prescriber contact),['Norexel'],Elizabeth Perkins,982554,0,0,1,2024-08-26
a04Qk000004AIpO,Field,LA,70517,Breaux Bridge,209 Champagne Blvd,9621451641,Matthew Wise,Detail Only,Face-to-Face with HCP,['Norexel'],Rebecca Valencia,279451,0,0,1,2024-08-29
a04Qk000004CIlF,Field,KS,66210,Overland Park,11725 W 112th St,9624482110,Patrick Garcia,Detail Only,HCP Meal,"['Neurexa', 'RxProgram', 'Zemlora']",Angie Henderson,126225,0,0,0,2024-08-30
a04Qk000004DK3R,Field,OH,45255,Cincinnati,7495 State Rd Ste 335,9624750146,Sydney Roberts,Detail Only,Virtual Call with HCP,"['Neurexa', 'RxProgram', 'Zemlora', 'Trivaxa']",Sharon Cochran,383060,0,1,1,2024-09-01
a04Qk0000047Kyz,Field,FL,34236,Sarasota,1666 Mound St,9625445134,Cory Davis,Detail Only,Face-to-Face with HCP,"['Neurexa', 'RxProgram', 'Zemlora', 'Trivaxa']",Angie Henderson,126225,0,0,1,2024-08-25
a04Qk000004AlWP,Field,NC,27713,Durham,4220 Apex Hwy Ste 200,9631642192,Christina Smith,Detail Only,Office Visit (no prescriber contact),"['Zemlora', 'XR-ODT']",Isaiah Avila,865388,1,0,0,2024-08-29
a04Qk000004LbtV,Field,NC,27713,Durham,4220 Apex Highway Ste 200,9631642192,Christina Smith,Detail Only,Office Visit (no prescriber contact),"['Zemlora', 'XR-ODT']",Kimberly Gibson,454508,0,1,1,2024-09-06
a04Qk000004AU0v,Virtual,NY,10954,Nanuet,446 Route 304 Ste E,9633459579,Russell Villanueva,Detail Only,Phone Call with Clinical Staff,['Lexcura/Cymbrin/Multi-Vi-Flor'],Jeremy Dalton,972064,1,0,0,2024-08-29
a04Qk000004DFRx,Field,GA,31210,Macon,5300 Bowman Park,9636662720,Lauren Parker,Detail with Sample,HCP Meal,"['Neurexa', 'RxProgram', 'Norexel']",Kimberly Gibson,454508,0,1,0,2024-09-01
a04Qk000004B5lF,Field,TX,77008,Houston,1001 Studewood St Ste 200B,9637090996,Natasha Blackburn,Detail Only,Virtual Call,"['Zemlora', 'Neurexa', 'RxProgram']",Timothy Duncan,377370,0,0,0,2024-08-29
a04Qk000004D0UX,Field,VA,23233,Richmond,10410 Ridgefield Pkwy Ste 100,9638459358,Jean Simpson,Detail Only,Office Visit (no prescriber contact),"['Zemlora', 'Neurexa', 'RxProgram', 'Trivaxa']",Matthew Moon,676510,0,0,0,2024-08-30
a04Qk000004Ha81,Field,PA,19335,Downingtown,103 Garris Rd,9649297540,Emma Brewer,Detail Only,Office Visit (no prescriber contact),"['Neurexa', 'RxProgram', 'Zemlora']",Lindsay Martinez,772097,0,0,0,2024-09-06
a04Qk000004IoC9,Field,MA,01583,West Boylston,360 W Boylston St Rm 207,9655418160,Angel Anthony,Detail Only,Office Visit (no prescriber contact),"['Zemlora', 'Neurexa', 'RxProgram']",Joshua Reed,167136,0,0,1,2024-09-06
a04Qk000004DjZh,Field,TX,77433,Cypress,9925 Barker Cypress Rd Ste 200,9657132538,James Williams,Detail Only,Face-to-Face with HCP,"['Neurexa', 'RxProgram', 'Zemlora', 'Trivaxa']",Erin Edwards,520651,0,1,0,2024-08-30
a04Qk000004Bfrz,Field,OH,43138,Logan,1387 W Hunter St,9659462165,Dorothy Dennis,Detail Only,Virtual Call,"['Neurexa', 'RxProgram', 'Zemlora', 'Trivaxa']",Shannon Rivera,653306,0,1,1,2024-08-30
a04Qk0000048drV,Field,AZ,85234,Gilbert,4001 E Baseline Rd Ste 107,9661852744,Jeffrey Martin,Detail Only,HCP Meal,"['Neurexa', 'RxProgram', 'Zemlora']",Megan Nelson,163918,0,0,1,2024-08-30
a04Qk000004FY8j,Field,NC,27265,High Point,2754 NC Highway 68 S Ste 111,9662519864,Connie Burch,Detail Only,Office Visit (no prescriber contact),"['Norexel', 'Neurexa', 'RxProgram', 'Zemlora', 'Trivaxa']",Brenda Wright,398830,1,1,0,2024-09-03
a04Qk000004DlRp,Field,PA,19426,Collegeville,3774 Ridge Pike,9666832387,Kathleen Robbins,Detail Only,Face-to-Face with HCP,"['Neurexa', 'RxProgram', 'Zemlora', 'Trivaxa']",Richard Aguirre,946335,1,0,1,2024-08-30
a04Qk000004AaO6,Field,FL,32256,Jacksonville,9141 Cypress Green Dr Ste 1,9670886948,Virginia Webb,Detail Only,Office Visit (no prescriber contact),"['Neurexa', 'RxProgram', 'Zemlora']",Jennifer Adkins,757924,0,0,1,2024-08-29
a04Qk000004ETUT,Virtual,NY,10962,Orangeburg,30 Ramland Rd S Ste 200A,9680501456,Steven Lawrence,Detail Only,Phone Call with Clinical Staff,['Lexcura/Cymbrin/Multi-Vi-Flor'],Ethan Adams,731262,1,0,1,2024-09-02
a04Qk000004FwPZ,Field,TX,75010,Carrollton,4100 Fairway Dr Ste 200,9684436582,Debra Weber,Detail Only,Office Visit (no prescriber contact),"['Zemlora', 'Neurexa', 'RxProgram']",William Barrett,595948,0,0,1,2024-09-03
a04Qk000004Bzib,Field,TX,78758,Austin,2217 Park Bend Dr Ste 300,9687024321,Mary Johnson,Detail Only,Office Visit (no prescriber contact),"['Zemlora', 'Neurexa', 'RxProgram']",Cheyenne Horton,246413,0,0,1,2024-08-29
a04Qk0000048NA1,Field,NY,11570,Rockville Center,165 N.Village Ave,9687198408,Vanessa Nelson,Detail Only,Office Visit (no prescriber contact),"['Neurexa', 'RxProgram', 'Zemlora', 'Trivaxa']",Ashley Waller,905635,0,0,0,2024-08-26
a04Qk00000467e1,Field,FL,33016,Miami Lakes,8049 NW 155th St,9690947969,Mike Brown,Detail Only,HCP Meal,"['Zemlora', 'Neurexa', 'RxProgram']",Carlos Ryan,531071,0,1,0,2024-08-24
a04Qk0000047Hmb,Field,NY,11795,West Islip,400 Montauk Highway Ste 109,9691021566,Victoria Smith,Detail Only,Office Visit (no prescriber contact),"['Neurexa', 'RxProgram', 'Zemlora', 'Trivaxa']",Keith Jennings,946721,0,0,0,2024-08-25
a04Qk0000045n2c,Field,NY,11530,Garden City,500 Old Country Rd Ste 315,9699151090,Jordan Thomas,Detail Only,Face-to-Face with HCP,"['Neurexa', 'RxProgram', 'Zemlora']",Fred Smith,543143,0,0,0,2024-08-24
a04Qk000004CUCv,Field,NC,27540,Holly Springs,106 Hyannis Dr,9701543288,Heather Clark,Detail Only,Office Visit (no prescriber contact),"['Zemlora', 'Trivaxa']",Robert Potter,774079,1,0,0,2024-08-30
a04Qk0000046GcT,Virtual,CA,94104,San Francisco,456 Montgomery St Ste 1400,9704674732,Rebecca Thomas,Detail Only,Phone Call with Office Staff,"['Zemlora', 'Neurexa', 'RxProgram']",Gabrielle Davis,872246,0,1,0,2024-08-24
a04Qk0000046PB7,Field,FL,32504,Pensacola,4951 Grande Dr,9706308287,Michelle Jordan,Detail Only,Office Visit (no prescriber contact),"['Zemlora', 'Neurexa', 'RxProgram']",Susan Murray MD,804314,0,1,1,2024-08-24
a04Qk0000047HbJ,Field,RI,02904,Providence,1 Randall Sq Ste 404,9707597506,Joshua Hahn,Detail Only,Office Visit (no prescriber contact),"['Neurexa', 'RxProgram', 'Zemlora', 'Trivaxa']",Carol Tucker,969693,1,0,1,2024-08-25
a04Qk000004Hkow,Field,OH,45230,Cincinnati,7810 5 Mile Rd,9714940182,Katie Clark,Detail Only,Office Visit (no prescriber contact),"['Neurexa', 'RxProgram', 'Zemlora']",Stephanie Manning,711878,0,0,1,2024-09-06
a04Qk0000047IsL,Field,OH,43110,Canal Winchester,7750 Diley Rd Ste A,9717489202,Vanessa Wilcox,Detail Only,HCP Meal,"['Zemlora', 'Neurexa', 'RxProgram', 'Trivaxa']",Elizabeth Oliver DDS,945964,1,0,1,2024-08-26
a04Qk000004DLxB,Field,NC,27030,Mount Airy,910 Worth St,9718261970,Jermaine Ray,Detail Only,Virtual Call,"['Zemlora', 'XR-ODT']",Jeffrey Chavez,948749,0,0,0,2024-09-01
a04Qk000004H1Ws,Field,LA,70508,Lafayette,203 Energy Pkwy Unit 2,9719888864,Christine Watson,Detail Only,Office Visit (no prescriber contact),"['Zemlora', 'XR-ODT']",Ethan Adams,731262,1,0,1,2024-09-06
a04Qk000004DctB,Field,NE,68130,Omaha,18049 Oak St,9720284493,Jonathan Lutz,Detail Only,Face-to-Face with HCP,"['Neurexa', 'RxProgram', 'Zemlora']",Angelica Keith,854639,0,0,0,2024-09-01
a04Qk0000046EfV,Field,FL,34683,Palm Harbor,2843 Palm Harbor Blvd,9727447116,Frank Rodriguez,Detail Only,Face-to-Face with HCP,"['Neurexa', 'RxProgram', 'Zemlora']",Connor West,230889,0,1,1,2024-08-24
a04Qk000004Fp37,Field,FL,34683,Palm Harbor,2843 Alternate 19 S,9727447116,Frank Rodriguez,Detail Only,Face-to-Face with HCP,"['Neurexa', 'RxProgram', 'Zemlora']",Stephanie Byrd,858490,1,0,1,2024-09-03
a04Qk0000047FzJ,Field,SC,29466,Mt Pleasant,1208 Two Island Ct,9737786320,Paula Harper,Detail Only,Office Visit (no prescriber contact),"['Neurexa', 'RxProgram', 'Zemlora']",Gary Jackson,171262,1,0,0,2024-08-24
a04Qk000004G2oL,Field,SC,29466,Mt Pleasant,1208 Two Island Ct,9737786320,Paula Harper,Detail Only,Office Visit (no prescriber contact),"['Zemlora', 'Neurexa', 'RxProgram']",Jeffrey Mills,850981,0,0,0,2024-09-03
a04Qk000004AIPZ,Field,FL,33180,Miami,20824 W Dixie Hwy,9738415892,Nicole Rollins,Detail Only,HCP Meal,"['Zemlora', 'Neurexa', 'RxProgram', 'Trivaxa']",Jesse Brown,539589,1,0,0,2024-08-29
a04Qk000004FafC,Field,FL,33180,Miami,20824 W Dixie Hwy,9738415892,Nicole Rollins,Detail Only,HCP Meal,"['Trivaxa', 'Zemlora', 'Neurexa', 'RxProgram']",Robin Santiago,431535,0,0,0,2024-09-03
a04Qk000004CVNV,Field,NC,28372,Pembroke,812 Candy Park Rd,9739163978,Stephen Adams,Detail Only,Virtual Call with HCP,"['Neurexa', 'RxProgram', 'Norexel']",Robert Montgomery,992697,0,0,0,2024-08-30
a04Qk0000048PyD,Field,MA,02155,Medford,92 High St,9740348933,Sandra Melton,Detail Only,Office Visit (no prescriber contact),"['Neurexa', 'RxProgram', 'Zemlora']",Christopher Parker,955662,0,0,1,2024-08-26
a04Qk000004C4ju,Field,MA,02155,Medford,92 High St,9740348933,Sandra Melton,Detail Only,Face-to-Face with HCP,"['Neurexa', 'RxProgram', 'Zemlora']",Jasmin Alvarado,341292,0,0,0,2024-08-30
a04Qk000004EKFv,Field,MA,02155,Medford,92 High St,9740348933,Sandra Melton,Detail Only,Virtual Call,"['Neurexa', 'RxProgram', 'Zemlora']",Phillip Nelson,974244,0,0,0,2024-09-02
a04Qk000004B8hV,Field,TX,77450,Katy,633 E Fernhurst Dr Ste 304,9742096951,Emily Kane,Detail Only,Face-to-Face with HCP,"['Neurexa', 'RxProgram', 'Zemlora', 'Trivaxa']",David Martinez,738551,0,1,0,2024-08-29
a04Qk000004AFUv,Virtual,CA,90720,Los Alamitos,4281 Katella Ave Ste 228,9748198966,Cynthia Warner,Detail Only,Fax to HCP Office,"['Zemlora', 'Trivaxa', 'Neurexa', 'RxProgram']",John Pierce,900581,0,0,0,2024-08-29
a04Qk0000047Vft,Field,KS,67226,Wichita,9825 E Shannon Woods Cir,9753573909,Gregory Castaneda,Detail Only,HCP Meal,"['Neurexa', 'RxProgram', 'Zemlora', 'Trivaxa']",Cynthia Morris,976638,0,0,1,2024-08-25
a04Qk000004DnGj,Field,AL,36532,Fairhope,19087B Greeno Rd,9753743354,Patty Scott,Detail Only,Office Visit (no prescriber contact),"['Zemlora', 'Neurexa', 'RxProgram']",Colton Martinez,361941,0,1,0,2024-08-29
a04Qk0000047LO0,Field,IA,50265,West Des Moines,939 Office Park Rd Ste 200,9755001581,John Lynn,Detail Only,Office Visit (no prescriber contact),"['Neurexa', 'RxProgram', 'Zemlora']",Victoria Garcia,581741,1,0,1,2024-08-25
a04Qk000004H4Pu,Field,NC,28374,Pinehurst,14 Regional Dr,9758609861,Melissa Blair,Detail Only,Office Visit (no prescriber contact),"['Norexel', 'Neurexa', 'RxProgram']",Glen Wood,707314,0,0,1,2024-09-06
a04Qk000004CL81,Field,MI,48307,Rochester Hills,441 S Livernois Rd Ste 100,9759506804,Jennifer Hernandez,Detail Only,HCP Meal,"['Zemlora', 'Neurexa', 'RxProgram']",Tommy Walter,127824,0,0,1,2024-08-30
a04Qk0000046GUP,Virtual,CA,94104,San Francisco,456 Montgomery St Ste 1400,9765046048,John Curtis,Detail Only,Phone Call with Office Staff,"['Zemlora', 'Neurexa', 'RxProgram']",Carla Gray,329258,1,1,1,2024-08-24
a04Qk000004G4lJ,Field,TX,78746,Austin,2700 Bee Cave Rd Ste 203,9766021926,Seth Young,Detail Only,Office Visit (no prescriber contact),"['Zemlora', 'Neurexa', 'RxProgram']",Tanner Mitchell DDS,299659,0,0,1,2024-09-03
a04Qk000004AwQD,Field,NJ,08034,Cherry Hill,1401 Marlton Pike E Ste 27,9766050384,Bruce Levy,Detail Only,Face-to-Face with HCP,"['Trivaxa', 'Zemlora', 'Neurexa', 'RxProgram']",Shelly Alexander,107540,1,1,1,2024-08-29
a04Qk000004CDaI,Virtual,NV,89101,Las Vegas,1581 N Main St,9774041402,Hector Payne,Detail Only,Phone Call with HCP,"['Zemlora', 'Trivaxa', 'Neurexa', 'RxProgram']",Angel Perry,377746,0,0,0,2024-08-30
a04Qk000004G4er,Field,IL,60467,Orland Park,14315 108th Ave Ste 215,9783560411,Kathryn Chaney,Detail Only,Face-to-Face with HCP,"['Neurexa', 'RxProgram', 'Zemlora']",Cathy Robinson,260263,0,0,1,2024-09-02
a04Qk0000045waX,Field,NC,27262,High Point,400 N Elm St,9785403256,Christopher Hancock,Detail with Sample,Face-to-Face with HCP,"['Norexel', 'Neurexa', 'RxProgram']",Gina Moore,246316,1,0,1,2024-08-24
a04Qk000004AkSH,Field,NY,10155,New York,150 E 58th St Fl 25,9785448057,Donald Kramer,Detail Only,Office Visit (no prescriber contact),"['Neurexa', 'RxProgram', 'Zemlora', 'Trivaxa']",Carlos Ryan,531071,1,0,0,2024-08-29
a04Qk000004DknV,Field,TX,77598,Webster,300 E Medical Center Blvd,9787423116,Gregory Khan,Detail Only,Office Visit (no prescriber contact),"['Zemlora', 'Neurexa', 'RxProgram']",Laura Haney,922733,0,1,1,2024-09-01
a04Qk000004DkkH,Field,PA,18901,Doylestown,199 N Broad St,9787480842,Jeffery Escobar,Detail Only,Face-to-Face with HCP,"['Neurexa', 'RxProgram', 'Zemlora', 'Trivaxa']",Christine Wright,660086,0,0,1,2024-08-29
a04Qk000004Lvia,Field,PA,19406,King Of Prussia,150 S Warner Rd Ste 130,9787480842,Jeffery Escobar,Detail Only,Office Visit (no prescriber contact),"['Neurexa', 'RxProgram', 'Zemlora', 'Trivaxa']",Barbara Dudley,847581,0,0,0,2024-09-06
a04Qk000004H5Yt,Field,WI,53142,Kenosha,6525 Green Bay Rd,9789102961,Eric Clark,Detail Only,Office Visit (no prescriber contact),"['Neurexa', 'RxProgram', 'Zemlora', 'Trivaxa']",Tracy Montoya,487477,1,0,1,2024-09-06
a04Qk0000048zNN,Field,FL,32503,Pensacola,5190 Bayou Blvd Ste 6,9789640452,Heather Richards,Detail Only,Office Visit (no prescriber contact),"['Zemlora', 'Neurexa', 'RxProgram']",Lauren Carson,522179,1,0,1,2024-08-26
a04Qk000004FfJt,Field,GA,30188,Woodstock,2000 Prof Way Bldg 100 Suite B,9791152522,John Rodriguez,Detail Only,Office Visit (no prescriber contact),"['Neurexa', 'RxProgram', 'Zemlora', 'Trivaxa']",Connie Brown,939482,1,0,0,2024-09-03
a04Qk000004CNwE,Field,KY,40243,Louisville,12955 Shelbyville Rd Ste 02,9793204121,Jason Reyes,Detail Only,Virtual Call,"['Neurexa', 'RxProgram', 'Zemlora']",Parker Cain,923267,0,0,1,2024-09-01
a04Qk000004DlQE,Field,TX,78746,Austin,3001 Bee Caves Rd Ste 220,9794282154,Jennifer Kelley,Detail Only,Office Visit (no prescriber contact),"['Zemlora', 'Neurexa', 'RxProgram']",Michael Farrell,161483,0,0,1,2024-09-01
a04Qk000004G4wb,Field,TX,78746,Austin,3001 Bee Caves Rd Ste 220,9794282154,Jennifer Kelley,Detail Only,Office Visit (no prescriber contact),"['Zemlora', 'Neurexa', 'RxProgram']",Garrett Lin,817870,1,0,1,2024-09-02
a04Qk000004EigP,Field,KY,41042,Florence,59 Cavalier Blvd Ste 330,9794860628,Sarah Weber,Detail Only,Office Visit (no prescriber contact),"['Neurexa', 'RxProgram', 'Zemlora']",Karla Ramos,884309,0,0,1,2024-09-02
a04Qk000004Dm9N,Field,VA,23113,Midlothian,15521 Midlothian Tpke Ste 105,9795598048,Travis Thomas,Detail Only,Office Visit (no prescriber contact),"['Neurexa', 'RxProgram', 'Zemlora', 'Trivaxa']",Yvonne Burns,335612,1,0,0,2024-09-01
a04Qk000004DMJl,Field,IL,60544,Plainfield,15025 S Des Plaines St Ste 201,9799313991,Theresa Carter,Detail Only,Face-to-Face with HCP,"['Neurexa', 'RxProgram', 'Zemlora']",Jeffrey Chavez,948749,1,0,0,2024-09-01
a04Qk000004Fllt,Field,GA,30188,Woodstock,8910 Main St,9799328645,Jimmy Marquez,Detail Only,Office Visit (no prescriber contact),"['Neurexa', 'RxProgram', 'Zemlora', 'Trivaxa']",Madison Weber,723398,1,0,0,2024-09-03
a04Qk000004DeoX,Field,FL,32713,Debary,352 Englenook Dr,9801992878,Jake Gonzales,Detail Only,Face-to-Face with HCP,"['Zemlora', 'XR-ODT']",Kimberly Nguyen,324130,0,0,1,2024-09-01
a04Qk00000475AL,Field,KY,40517,Lexington,3499 Lansdowne Dr Ste 100,9804438965,Alexander Warner,Detail Only,Virtual Call,"['Neurexa', 'RxProgram', 'Zemlora', 'Trivaxa']",Lisa Hensley,671858,0,0,1,2024-08-25
a04Qk000004FXfh,Field,NC,28031,Cornelius,8301 Magnolia Ests Dr Ste 16,9812011501,Christine Patel,Detail Only,Office Visit (no prescriber contact),"['Zemlora', 'Neurexa', 'RxProgram']",Michael Lyons,897549,0,0,1,2024-09-03
a04Qk0000047WTt,Field,MO,63017,Chesterfield,13001 N Outer 40 Ste 1A,9815059473,Thomas Butler,Detail Only,Face-to-Face with HCP,"['Zemlora', 'Neurexa', 'RxProgram']",Kimberly Gibson,454508,0,0,1,2024-08-25
a04Qk0000047Vcf,Field,KS,67226,Wichita,9825 E Shannon Woods Cir,9816981777,Kendra Walker,Detail Only,HCP Meal,"['Neurexa', 'RxProgram', 'Zemlora', 'Trivaxa']",Shelly Alexander,107540,0,0,0,2024-08-25
a04Qk000004Io7J,Field,MA,01609,Worcester,55 Cedar St,9818806508,Heidi Adams,Detail Only,Office Visit (no prescriber contact),"['Neurexa', 'RxProgram', 'Zemlora']",Tracy Burke,830429,0,0,1,2024-09-06
a04Qk000004AoKb,Field,SC,29464,Mount Pleasant,1400 Hospital Dr,9823025746,Cheryl Wood,Detail Only,Office Visit (no prescriber contact),"['Zemlora', 'Neurexa', 'RxProgram']",Jessica Callahan,182627,0,0,1,2024-08-26
a04Qk000004Aovh,Field,SC,29455,Johns Island,3227 Walter Dr Ste 3b,9824861801,Teresa Ross MD,Detail Only,HCP Meal,"['Zemlora', 'Neurexa', 'RxProgram']",Justin Baker,850800,0,1,0,2024-08-29
a04Qk000004EqkP,Field,SC,29455,Johns Island,3227 Walter Dr Ste 3B,9824861801,Teresa Ross MD,Detail Only,HCP Meal,"['Neurexa', 'RxProgram', 'Zemlora']",Victor Baker,913694,0,0,1,2024-09-01
a04Qk000004EKPZ,Field,OH,43701,Zanesville,751 Forest Ave Ste 401,9827725372,Michelle Porter DDS,Detail Only,HCP Meal,"['Zemlora', 'Neurexa', 'RxProgram', 'Trivaxa']",John Daniel,865179,0,0,1,2024-09-02
a04Qk0000046yLl,Virtual,TN,38138,Germantown,1310 Wolf Park Dr,9828808583,Gary Mitchell,Detail Only,Phone Call with Office Staff,"['Zemlora', 'Neurexa', 'RxProgram']",Derek Zuniga,131244,0,0,1,2024-08-25
a04Qk000004AwtG,Field,TX,75013,Allen,1256 W Exchange Pkwy Ste 200,9831136086,Veronica Bullock,Detail Only,Office Visit (no prescriber contact),"['Zemlora', 'Trivaxa', 'Neurexa', 'RxProgram']",Lisa Barnes,403445,0,0,1,2024-08-29
a04Qk0000047LBt,Field,FL,34232,Sarasota,2020 Cattlemen Rd Ste 600,9846018047,Andrew Maddox,Detail Only,Face-to-Face with HCP,"['Neurexa', 'RxProgram', 'Zemlora', 'Trivaxa']",Jeremy Mitchell,378082,0,0,0,2024-08-25
a04Qk0000047Iif,Field,OH,43220,Columbus,4100 Horizons Dr Ste 100,9849313063,Michael Gamble,Detail Only,HCP Meal,"['Neurexa', 'RxProgram', 'Zemlora', 'Trivaxa']",Marc Moore,356702,0,0,0,2024-08-26
a04Qk000004EVw6,Field,RI,02886,Warwick,75 Lambert Lind Hwy Ste 125,9860488227,Marcus Williams,Detail Only,HCP Meal,"['Neurexa', 'RxProgram', 'Zemlora']",Rhonda Martin,323508,0,0,1,2024-09-01
a04Qk000004Ff3l,Field,FL,33133,Miami,3250 Mary St Ste 300,9866055147,Michael Ruiz,Detail Only,HCP Meal,"['Zemlora', 'Neurexa', 'RxProgram']",Zachary Hicks,835392,1,0,0,2024-09-03
a04Qk0000048vQD,Field,MO,63376,Saint Peters,4200 N Cloverleaf Dr Suite E/F,9869286855,James Shah,Detail Only,Face-to-Face with HCP,"['Trivaxa', 'Neurexa', 'RxProgram']",David Wright,518801,1,0,0,2024-08-26
a04Qk000004EmiP,Field,MD,21093,Timonium,1447 York Rd Ste 601,9869766684,Anna Rodriguez,Detail Only,Office Visit (no prescriber contact),"['Zemlora', 'XR-ODT']",Julia Torres,684004,0,1,1,2024-09-02
a04Qk0000046IeI,Field,GA,30068,Marietta,1121 Johnson Ferry Rd Ste 220,9874361383,Anna Lin,Detail Only,Office Visit (no prescriber contact),"['Neurexa', 'RxProgram', 'Zemlora', 'Trivaxa']",Victor Brown,274389,0,0,1,2024-08-24
a04Qk000004Bvn3,Field,GA,30068,Marietta,1121 Johnson Ferry Rd Ste 220,9874361383,Anna Lin,Detail Only,Office Visit (no prescriber contact),"['Neurexa', 'RxProgram', 'Zemlora', 'Trivaxa']",Mrs. Diane Reyes,356150,0,0,1,2024-08-30
a04Qk000004Chen,Field,OH,43214,Columbus,4885 Olentangy River Rd Ste 2-10,9875694245,Veronica Johnson,Detail Only,HCP Meal,"['Zemlora', 'Neurexa', 'RxProgram', 'Trivaxa']",Rhonda Martin,323508,0,0,1,2024-09-01
a04Qk0000048cvR,Field,MA,01730,Bedford,41 North Rd Ste 200,9881189423,Kaitlyn Jones,Detail Only,Office Visit (no prescriber contact),"['Zemlora', 'Neurexa', 'RxProgram', 'Trivaxa']",Christopher Rubio,688637,0,0,0,2024-08-26
a04Qk000004DFIH,Field,FL,32258,Jacksonville,13241 Bartram Park Blvd Unit 513,9884483351,Eric Smith,Detail Only,Office Visit (no prescriber contact),"['Neurexa', 'RxProgram', 'Zemlora']",Daniel Baker,391476,0,0,1,2024-09-01
a04Qk000004Dhw6,Field,TX,77433,Cypress,9925 Barker Cypress Rd Ste 200,9889590992,Heather Peterson,Detail Only,Office Visit (no prescriber contact),"['Neurexa', 'RxProgram', 'Zemlora', 'Trivaxa']",Joel Williams,503457,0,0,1,2024-08-30
a04Qk000004FtjR,Field,MO,63131,Des Peres,13354 Manchester Rd Ste 100,9895588266,Sheila Garcia DVM,Detail Only,HCP Meal,"['Zemlora', 'Neurexa', 'RxProgram']",David Smith,238739,0,0,0,2024-09-03
a04Qk0000046yVT,Field,GA,31201,Macon,1508 Hardeman Ave Ste B,9899889169,Thomas Baker,Detail Only,Face-to-Face with HCP,"['Neurexa', 'RxProgram', 'Zemlora']",Tracy Burke,830429,0,1,1,2024-08-25
a04Qk000004AwbV,Field,TX,77054,Houston,7501 Fannin St Ste 850,9901962106,Grant Mathis,Detail Only,Office Visit (no prescriber contact),"['Trivaxa', 'Neurexa', 'RxProgram']",Kathy Rivas,549245,1,0,1,2024-08-29
a04Qk000004DM3d,Field,IL,60061,Vernon Hills,300 Center Dr Ste 103,9904082590,Victoria Scott,Detail Only,Office Visit (no prescriber contact),"['Neurexa', 'RxProgram', 'Zemlora', 'Trivaxa']",Crystal Robinson,476417,0,0,1,2024-09-01
a04Qk000004EKFt,Virtual,NY,11354,Flushing,13626 37th Ave Fl 4,9908419277,Aaron Owens,Detail Only,Phone Call with Office Staff,['Norexel'],Joshua Cooke,654816,0,1,1,2024-09-02
a04Qk0000046Kpl,Field,PA,19010,Bryn Mawr,925 W Lancaster Ave Ste 210,9909991155,John Moon,Detail Only,Office Visit (no prescriber contact),"['Neurexa', 'RxProgram', 'Zemlora']",Lawrence Adkins,220116,0,1,1,2024-08-24
a04Qk000004H7vd,Field,TX,77380,The Woodlands,2219 Sawdust Rd Ste 1104,9910121939,Mark Young,Detail Only,Face-to-Face with HCP,"['Neurexa', 'RxProgram', 'Zemlora']",Scott Thomas,153045,0,1,0,2024-09-02
a04Qk000004H7vd,Field,TX,77380,The Woodlands,2219 Sawdust Rd Ste 1104,9910121939,Mark Young,Detail Only,Face-to-Face with HCP,"['Neurexa', 'RxProgram', 'Zemlora']",Scott Thomas,153045,0,1,0,2024-09-02
a04Qk000004Dn73,Field,FL,32578,Niceville,4586 E Highway 20 Ste B,9910970770,Gary Jackson,Detail Only,Face-to-Face with HCP,"['Zemlora', 'Neurexa', 'RxProgram']",Denise Jacobs,472528,0,0,1,2024-08-30
a04Qk000004EqxJ,Field,AZ,85085,Phoenix,34225 N 27th Dr Ste 140,9915552500,Elizabeth Holmes,Detail Only,Virtual Call,"['Neurexa', 'RxProgram', 'Zemlora']",Christopher Parker,955662,0,1,1,2024-09-02
a04Qk000004Aqiz,Field,IL,60189,Wheaton,1725 S Naperville Rd Ste 206,9923911763,Samuel Robinson,Detail Only,Face-to-Face with HCP,"['Zemlora', 'Neurexa', 'RxProgram']",Ricky Davis II,412942,0,0,0,2024-08-29
a04Qk0000048iUb,Field,MD,21043,Ellicott City,3691 Park Ave Ste 9,9932637177,Jennifer Wu,Detail Only,HCP Meal,"['Zemlora', 'XR-ODT']",Pamela Boyd,479580,0,0,0,2024-08-26
a04Qk000004Dme1,Field,TX,78731,Austin,6835 Austin Ctr Blvd,9945857932,Charles Harper,Detail Only,Face-to-Face with HCP,"['Trivaxa', 'Zemlora', 'Neurexa', 'RxProgram']",Shelia Wallace,639131,0,0,1,2024-09-01
a04Qk000004H6l4,Field,OH,43812,Coshocton,1501 Chestnut St,9950652543,Jennifer Brown,Detail Only,HCP Meal,"['Neurexa', 'RxProgram', 'Zemlora', 'Trivaxa']",Kenneth Scott,961722,0,0,1,2024-09-06
a04Qk000004Ci7p,Field,MA,02476,Arlington,22 Mill St Ste 108,9961056049,Sharon Coleman,Detail Only,Office Visit (no prescriber contact),"['Neurexa', 'RxProgram', 'Zemlora']",Jack White,109767,0,0,1,2024-08-30
a04Qk000004DNnh,Field,FL,33125,Miami,1321 NW 14th St Ste 306,9963250919,Lindsey Becker,Detail Only,HCP Meal,"['Zemlora', 'Neurexa', 'RxProgram']",Dr. Hannah Patterson,456699,0,1,1,2024-09-01
a04Qk0000048zjx,Field,AL,36532,Fairhope,21950 State Highway 181 Ste A1,9963887260,Benjamin Williams,Detail Only,Office Visit (no prescriber contact),"['Zemlora', 'Neurexa', 'RxProgram']",Dawn Summers,864491,0,0,1,2024-08-25
a04Qk000004Fpxa,Field,AL,36532,Fairhope,21950 State Highway 181 Ste A1,9963887260,Benjamin Williams,Detail Only,HCP Meal,"['Zemlora', 'Neurexa', 'RxProgram']",Jeremy Dalton,972064,1,1,0,2024-09-02
a04Qk000004DgLh,Field,TN,37821,Newport,1829 Crowe Ln,9964436584,Mrs. Carol Whitney,Detail Only,Virtual Call,"['Zemlora', 'XR-ODT']",Stephen Hoffman,455784,1,0,0,2024-09-01
a04Qk000004B2fJ,Field,NE,68516,Lincoln,3701 Union Dr Ste 100,9966253399,Renee Jones,Detail Only,Virtual Call,"['Neurexa', 'RxProgram', 'Zemlora']",Shelly Alexander,107540,1,0,1,2024-08-29
a04Qk000004C1R4,Field,IL,60061,Vernon Hills,977 Lakeview Pkwy Ste 170,9968750431,Gabriella Morris,Detail Only,Office Visit (no prescriber contact),"['Neurexa', 'RxProgram', 'Zemlora', 'Trivaxa']",Patricia Le,272634,0,0,1,2024-08-30
a04Qk000004CRuz,Field,NC,27518,Cary,100 Parkway Office Ct Ste 104,9970875825,Charlene Yates,Detail Only,Office Visit (no prescriber contact),"['Neurexa', 'RxProgram']",Jessica Holmes,498382,0,0,0,2024-08-30
a04Qk000004HgIH,Field,WI,53226,Wauwatosa,8651 W North Ave,9974023616,Michelle Brown,Detail Only,Office Visit (no prescriber contact),"['Neurexa', 'RxProgram', 'Zemlora', 'Trivaxa']",Anthony Rodriguez,671412,0,0,0,2024-09-06
a04Qk0000048iAQ,Field,MD,20852,Rockville,11921 Rockville Pike Ste 402,9984063060,Annette Williams,Detail Only,Office Visit (no prescriber contact),"['Zemlora', 'XR-ODT']",Stephen Hoffman,455784,0,0,1,2024-08-26
a04Qk0000047O4v,Field,SC,29732,Rock Hill,1626 Cranium Dr Ste 101,9988866779,Blake Mcmillan,Detail Only,Virtual Call with HCP,"['Zemlora', 'Neurexa', 'RxProgram']",Carlos Ryan,531071,1,0,0,2024-08-24
a04Qk0000046Nin,Field,VA,23320,Chesapeake,640 Independence Pkwy Ste 100,9994579010,Antonio Harrison,Detail Only,Office Visit (no prescriber contact),"['Zemlora', 'Neurexa', 'RxProgram']",Tanner Mitchell DDS,299659,1,0,1,2024-08-24
a04Qk000004FV1B,Field,SC,29063,Irmo,3543 Dreher Shoals Rd,9996512885,James Strong,Detail Only,Office Visit (no prescriber contact),"['Zemlora', 'Trivaxa', 'Neurexa', 'RxProgram']",Cassandra Gaines,895667,0,0,1,2024-09-03
